1.60189 0.280982 0.204036 -0.386082 -0.301391 -0.599206 0.601151 -0.109521 -0.284042 0.11818 -0.268977 -0.421186 -0.648177 -0.194519 0.504193 0.493823 0.173792 -0.264846 -0.620328 -0.161056 0.30557 -0.0465653 0.152816 0.0837246 0.243203 0.242134 0.0698619 -0.475453 0.660121 -0.0874003 -0.241903 0.218441 0.383953 0.163656 0.446866 0.0128553 0.203847 -0.151982 0.163179 0.213502 -0.754305 0.0706732 0.409657 -0.287519 -0.0166111 0.0781263 -0.185399 0.175987 0.086091 -0.195493 0.116994 0.0543508 0.0951766 0.156794 -0.0340791 0.568882 -0.0805045 0.620613 0.333917 0.747899 -0.169386 -0.114116 -0.0687122 -0.181115 -0.647858 0.155713 -0.304874 -0.303874 0.21161 0.170526 0.238524 0.431068 0.00671912 -0.222295 0.188316 -0.495085 -0.438689 -0.135651 -0.0825061 -0.0539088 0.438617 -0.028078 -0.0264951 -0.314899 0.19592 0.296581 -0.455651 -0.283894 0.403611 0.147498 0.281392 0.161191 -0.119852 0.27689 0.651595 0.147345 0.105991 -0.410914 -0.412925 0.311049 -0.409602 0.0739893 -0.206613 0.0979396 0.227621 -0.76374 -0.532437 0.0893196 0.530892 0.646432 -0.312409 -0.209501 0.769859 -0.0319073 -0.320895 0.464686 -0.243676 -0.640794 0.27764 -0.277124 0.000133244 -0.3375 -0.372519 -0.216568 -0.543237 0.554056 -0.678912 -0.184183 -0.157598 0.378124 0.487923 -0.188451 0.361091 -0.176412 -0.360696 0.350656 0.0606077 -0.0680577 0.143413 0.148127 -0.0903266 0.307387 0.444493 -0.00944796 
0.292097 1.39475 0.364351 -0.3906 -0.0514793 -0.00301098 0.396733 0.145944 -0.068138 -0.305913 0.171511 -0.0998938 0.531722 -0.223312 0.118161 -0.208783 0.424595 0.337481 -0.344214 -0.349914 0.0218522 -0.721 0.0922841 0.635776 0.295563 0.501473 0.345032 0.21684 0.555664 -0.0357541 -0.521371 -0.424095 0.0113742 -0.125027 0.20405 -0.083695 0.216585 0.0862441 0.0717278 0.125061 0.0727585 0.257047 -0.29381 0.0618756 0.351788 -0.26669 0.039008 -0.155095 -0.158507 0.26969 -0.0925822 -0.495011 -0.283556 0.271111 0.587695 0.135374 0.59575 0.132852 -0.208682 0.26841 -0.458613 -0.378494 0.497156 -0.0447175 0.22 0.0749923 -0.316692 -0.517288 -0.133142 0.169898 -0.00336148 0.061659 0.0747956 0.213083 -0.0218593 0.100666 -0.0265276 -0.277369 0.425896 -0.736864 0.089425 0.0114022 -0.729872 -0.0968455 -0.0215359 -0.153607 -0.0963462 0.0811253 -0.294969 0.158137 0.482995 -0.347108 0.22319 0.565929 0.336794 0.0724891 -0.126676 -0.040213 -0.154826 0.33728 0.0383554 -0.217876 0.185844 0.104626 -0.134895 0.168342 0.132592 0.408227 0.425095 -0.224831 0.0614884 -0.611223 -0.475699 0.0347947 0.0949034 0.121076 0.0143231 0.114908 0.660344 0.421115 -0.659772 -0.416998 -0.392487 -0.312694 -0.0990958 0.420892 -0.117571 -0.991658 -0.128735 -0.0620416 0.566939 0.212762 -0.00672145 -0.103036 0.366554 0.030254 0.620548 0.364497 -0.0409979 -0.184661 0.411336 0.0602569 -0.19176 -0.105293 
0.187555 0.336756 1.86813 0.171799 0.18232 -0.452051 0.221773 0.0115913 -0.180312 -0.184176 -0.192232 -0.0582198 0.00615849 0.140527 -0.298341 -0.480842 0.213536 0.326057 -0.276032 0.329632 0.265465 -0.373905 0.296664 0.0884656 -0.554454 0.159461 -0.359931 0.147728 0.639453 0.256704 0.0375879 0.860172 -0.312089 0.176887 -0.211001 0.0804093 0.367226 -0.116991 0.245359 0.0343075 0.17695 -0.613339 -0.138942 -0.446675 -0.11495 0.43596 -0.0882571 -0.375678 -0.231735 -0.0122169 -0.131337 0.470337 0.440247 0.510997 -0.394171 -0.356554 0.0822862 -0.0164185 0.637806 0.0779162 -0.616138 -0.413479 0.122805 -0.898286 0.483938 0.802321 -0.106483 -0.0593366 0.0680512 -0.0049472 -0.372761 0.403764 0.386351 0.390803 0.509266 -0.235737 -0.172683 -0.492409 0.0934208 -0.938309 -0.452399 -0.396135 -0.396075 -0.251167 0.217884 0.300521 -0.371924 -0.231456 0.624832 0.106769 0.293635 -0.0934428 0.44428 0.0387466 -0.880002 -0.0388861 -0.289608 -0.0980998 -0.0855723 0.594092 0.19737 -0.265355 0.228067 -0.0219583 0.262709 -0.163081 -0.638679 0.157357 -0.174748 -0.446262 -0.493027 -0.223979 0.360333 -0.0618012 0.162159 0.147454 0.230504 0.471466 0.183927 0.585805 -0.24295 -0.0755968 0.417189 0.0276556 -0.316725 0.165419 -0.171144 -0.583645 -0.410747 0.325624 -0.49578 -0.285205 0.0317087 -0.347014 0.506226 -0.244257 0.200486 -0.737578 0.31556 -0.503881 0.359384 -0.15408 -0.171171 0.891131 
-0.354808 -0.370441 0.219554 1.58641 0.666453 0.22342 -0.272125 -0.611629 -0.465414 -0.367131 -0.361373 0.386762 0.172156 0.058146 0.0776504 0.0904335 0.167422 -0.597812 -0.475153 -0.115811 -0.277387 -0.216327 0.360124 0.241438 -0.413093 -0.356593 -0.0605937 0.249941 -0.241258 0.873184 0.559348 -0.100845 -0.102356 -0.123236 -0.139296 0.357573 -0.305095 0.116273 0.174963 -0.419222 0.0724895 0.174424 -0.0467529 0.181594 -0.237252 0.197961 0.129164 -0.0430425 -0.340728 0.542972 -0.137198 -0.0838464 0.678919 0.591442 0.0663007 0.16801 -0.206586 -0.495765 0.0530601 0.262663 0.0881378 0.466492 0.199972 -0.0792913 -0.0523229 0.593878 0.591944 0.0914719 0.204037 -0.194557 -0.741614 0.135433 0.016177 0.354813 -0.0684824 -0.289147 0.207107 0.00848341 0.260388 0.190074 0.00292468 -0.146657 0.767786 0.327438 0.281996 0.0334484 0.260957 -0.0817526 -0.0944172 -0.614184 -0.17582 0.742208 0.238306 -0.188511 -0.00927944 -0.0927223 -0.00736802 -0.0231525 0.059406 -0.237896 0.00465688 -0.235151 0.090587 0.158337 0.0674531 0.445357 0.0100646 -0.40444 0.241158 -0.639337 -0.0986185 -0.16355 0.186118 0.102417 0.227354 -0.240462 0.0488069 0.401524 -0.569376 0.582428 0.762815 0.0262338 0.636933 0.554351 -0.14818 -0.462675 0.0559795 0.746551 0.220597 -0.0945379 0.225036 0.51155 -0.131065 -0.0486673 -0.357746 0.0645597 -0.410181 -0.32771 0.438929 -0.0514288 0.267484 -0.149833 0.0164804 0.426421 
-0.292048 -0.0532516 0.208143 0.644521 1.80218 -0.112394 -0.525413 0.594955 -0.0188307 0.189902 0.58569 0.144829 0.555763 -0.208515 -0.335874 -0.563438 0.437561 -0.551857 -0.663118 0.433024 -0.518853 -0.087542 -0.331846 0.885157 -0.153202 -0.753458 -0.0341251 0.222169 -0.425028 0.869441 0.0735165 0.0739857 0.179345 -0.283468 -0.641119 -0.0440908 -0.377466 0.278598 0.314265 -0.0667849 0.780776 0.157179 -0.304718 0.0567342 -0.381216 -0.226174 0.0787437 -0.756055 -0.0844378 0.663739 -0.045809 0.410239 0.758629 -0.144179 0.102527 -0.231001 -0.191196 0.275198 0.381536 0.324084 -0.383271 0.208133 0.588668 -0.366248 -0.417751 -0.311203 0.386267 -0.41793 -0.0321878 -0.16673 -0.253607 -0.250557 -0.02405 0.227153 0.120002 -0.424735 0.309871 0.204501 -0.0971265 0.0421709 -0.481723 0.566241 0.0772292 0.341732 0.222833 -0.18102 -0.103003 -0.255531 -0.215743 -0.128078 -0.0383094 0.413129 0.051816 0.207882 0.114777 -0.280419 -0.0991765 0.294759 0.171993 0.233714 0.569194 -0.366667 0.15736 0.0793899 0.283138 0.435548 0.248379 0.195791 -0.333187 -0.160515 -0.0625507 0.28139 0.415733 -0.451279 0.0418805 -0.377613 -0.423169 -0.226241 -0.622561 0.0226875 0.380319 0.393515 0.157767 -0.414262 0.0601702 0.427325 -0.808628 0.100289 0.0937358 -0.153288 -0.271678 0.356991 0.429806 -0.157477 -0.296621 -0.0539667 0.373757 0.34185 0.331262 -0.0522701 -0.187162 0.056549 0.0680243 0.403796 
-0.613561 -0.0284812 -0.449926 0.177791 -0.136092 1.97952 0.215896 -0.829294 -0.0358062 0.000589559 0.267622 -0.32311 0.166066 0.388289 -0.0622646 -0.304008 -0.172248 -0.560946 0.443946 -0.404437 -0.640684 0.308873 -0.190949 -0.0955402 0.383881 0.0826681 0.139336 0.335409 -0.176365 -0.263552 -0.862671 -0.00735758 -0.749359 0.0207339 -0.525455 0.297314 -0.0589566 -0.0624074 -0.432069 -0.674433 0.430456 0.157089 0.2943 -0.169325 0.345033 0.0538797 0.643156 -0.117477 -0.268047 0.255998 -0.458855 -0.137738 -0.644629 -0.118008 0.343418 0.322877 0.0576407 -0.0588246 0.232302 0.178359 -0.0558689 0.288073 0.442054 0.787089 0.236774 -0.558794 0.294529 0.394675 0.160535 0.401584 0.254713 -0.23529 -0.442453 0.181561 -0.670786 -0.17382 -0.211258 -0.269659 0.607744 0.187152 0.186198 0.399403 0.562684 0.128978 0.273846 -0.215072 -0.219359 0.327254 -0.283679 -0.0369454 -0.109716 -0.0437997 0.290714 -0.569045 -0.836688 0.662907 0.288397 -0.0996304 0.548505 -0.348527 0.398936 0.101597 -0.753848 -0.32927 -0.442523 0.572606 -0.0390232 0.15068 0.0397434 -0.107266 0.0970065 0.59616 -0.551378 0.113377 0.0884951 -0.464923 0.302489 0.20672 0.145794 1.05161 0.0802832 0.200629 0.0556033 0.302287 0.465533 0.451343 0.315884 -0.103917 -0.360776 -0.254324 0.00953121 -0.334487 -0.194394 -0.0606519 -0.237662 0.379591 -0.654855 0.190054 -0.250124 -0.240237 0.450769 -0.252436 -0.0689163 -0.675849 
0.585024 0.369491 0.222126 -0.319526 -0.550883 0.214124 1.65274 -0.378261 -0.228649 0.313113 -0.135696 -0.306888 -0.419287 0.347139 0.237587 -0.429044 -0.301627 0.36239 -0.0330305 -0.313194 0.136279 -0.0297916 -0.233641 0.240981 0.718848 0.445724 -0.0317215 -0.415349 0.182678 -0.248619 -0.44004 -0.0519338 0.14502 0.451958 -0.218562 -0.0146156 -0.0835441 0.415631 0.126432 -0.0837074 -0.759582 -0.456622 -0.142832 0.238567 -0.173294 -0.0668124 0.112172 -0.120402 -0.486195 -0.20487 -0.168876 -0.280023 -0.46372 0.370021 0.0652247 0.221903 0.0309168 -0.0804627 0.486013 0.38807 -0.660025 0.647414 -0.363637 -0.230531 -0.154677 -0.376286 0.306555 0.493717 0.216726 -0.0782777 0.115376 0.194688 0.856177 0.116998 -0.00984161 -0.0139357 -0.0985944 -0.603734 0.142265 0.0493533 0.604732 -0.696388 0.0414551 -0.495986 -0.373538 0.244776 -0.559976 -0.490042 0.163549 0.528717 0.546645 0.276384 -0.128179 0.415853 0.0838991 0.248962 0.0972523 -0.891722 -0.264465 -0.454067 -0.104975 -0.394558 -0.334475 0.389342 0.0181357 -0.0954973 -0.323527 0.426768 0.586045 0.534689 0.600356 -0.240026 -0.1265 -0.0358401 -0.038569 0.0144008 0.232925 -0.025025 0.517691 0.0638199 -0.328008 -0.108983 -0.121528 0.605445 0.0977806 0.439812 -0.043837 -0.419783 -0.237131 -0.00820176 -0.174333 -0.385506 -0.530441 -0.550959 0.162602 0.255917 -0.0677146 0.247544 0.353844 0.0330991 0.304698 -0.352355 -0.158406 0.0140299 
-0.111096 0.133254 0.0264969 -0.644477 0.584038 -0.816513 -0.363709 1.85662 1.09855 0.286915 0.571261 0.472543 0.102187 -0.125308 -0.217421 -0.597715 0.219497 0.356689 0.0949574 0.416946 0.391483 0.131614 0.21953 -0.0344209 -0.134544 0.0327691 -0.164602 -0.0646616 -0.141514 -0.243504 0.539203 0.237757 0.100747 -0.031766 0.00866994 -0.157327 0.0975341 0.0221506 0.0216563 0.266043 0.426598 -0.201627 -0.0889482 0.13473 -0.058765 -0.355723 -0.513193 -0.747351 0.162645 0.56232 0.430515 0.352757 -0.120064 -0.769464 -0.318095 -0.424173 0.182873 0.632372 0.20461 -0.546422 -0.438699 0.102395 0.18966 -0.57548 0.123054 -0.374437 0.0924926 -0.156327 -0.123944 -0.253182 0.290963 0.0981023 -0.253923 0.0455951 0.349489 0.646302 0.290054 0.143224 -0.261635 -0.212596 -0.193968 0.163516 -0.561757 -0.307563 -0.0312826 -0.289833 0.295947 0.0878143 -0.041808 0.420209 -0.204483 -0.106943 -0.41944 0.448215 0.558922 -0.596008 -0.391994 0.423551 0.000693935 -0.0399306 0.0341897 0.525827 0.567416 -0.0503603 -0.277314 -0.0355001 0.0189742 0.242428 -0.131806 -0.0526137 0.176798 0.24359 0.246641 -0.222653 0.113795 0.0242809 0.301451 -0.702834 -0.00576431 -0.954647 -0.167274 0.651866 -0.409258 -1.00241 -0.0378535 -0.280197 -0.476504 -0.3461 0.386241 0.273644 -0.314697 0.309138 0.0301476 -0.0988187 0.101605 0.15085 0.724833 0.721257 -0.0978395 0.00761463 -0.132163 0.216561 -0.131925 0.183084 
-0.276786 -0.0719972 -0.156576 -0.489432 -0.0209176 -0.0141952 -0.205266 1.10738 1.7846 0.0577708 -0.0442081 0.565209 0.472671 0.00695698 0.174414 -0.542465 -0.00758552 0.598305 0.695295 -0.180677 0.58734 0.8511 0.174545 -0.704267 -0.124883 0.0315462 -0.214897 -0.375599 -0.017996 -0.494581 -0.168607 0.262079 -0.410915 0.168865 -0.12882 -0.0149072 0.232053 0.18491 -0.310171 0.0246576 0.504805 0.0979743 0.245798 0.130442 -0.385114 -0.152959 -0.185576 -0.24558 -0.00867658 0.170686 0.187914 0.144651 -0.300136 -0.83686 -0.335094 -0.360751 0.079094 0.547859 -0.233126 -0.59373 -0.327868 0.127029 0.476035 -0.00897303 0.146464 -0.378402 -0.273249 0.35781 -0.557587 0.151122 0.679847 -0.188873 -0.651063 0.355155 0.291142 0.720039 0.00762066 0.0148943 0.462933 0.0463336 0.252698 -0.328407 -0.00431839 -0.0244019 0.357808 -0.390272 0.471708 0.193367 -0.157677 0.0292636 -0.442231 0.286146 -0.0253281 0.669865 0.48934 0.110542 -0.0594181 0.469537 0.215431 0.269428 -0.096353 0.391376 -0.0711009 0.24132 -0.177933 -0.0446681 0.0458162 -0.515337 0.19894 -0.0929963 0.199381 0.35962 0.0740526 0.126619 -0.296146 -0.0876107 0.304051 -0.598416 -0.290686 -0.363991 -0.373888 0.614639 -0.104424 -0.461656 -0.196059 -0.27996 -0.348537 -0.18437 0.170949 0.476673 -0.722391 -0.318455 0.0247925 0.343144 0.22855 0.389289 -0.0510654 0.142557 0.0849487 0.0403737 0.497203 -0.119083 -0.773084 0.221258 
0.0999513 -0.335257 -0.185924 -0.416633 0.162331 -0.00328352 0.311012 0.270261 0.0322867 1.88996 0.372324 -0.599651 -0.628599 0.354824 -0.117421 -0.21615 -0.581225 0.416852 0.250517 0.695032 0.0888543 0.570924 -0.509785 -0.100582 0.415729 -0.129167 -0.0801902 0.0303033 -0.336698 -0.0291785 -0.168194 0.0469736 -0.399299 0.302145 -0.165468 -0.0261509 0.203635 -0.387791 0.399524 0.262442 0.28212 0.236274 0.0105923 -0.301358 0.34397 0.0779954 -0.396192 0.0893583 -0.303901 0.204726 0.343152 0.203879 0.244763 -0.30426 -0.047296 -0.360833 -0.27269 0.372427 0.317228 -0.211811 -0.0190483 0.505967 -0.306441 0.648218 -0.210369 0.113961 0.0494739 -0.167695 0.209159 -0.060353 -0.373736 -0.121416 0.35695 -0.173723 -0.345128 0.31243 0.400162 0.193302 0.0120867 0.140706 -0.595066 -0.160589 0.43756 0.49859 -0.362814 -0.0548364 -0.28782 -0.27469 0.152503 0.38908 -0.383761 0.368499 0.194471 -0.159436 0.309273 -0.00268307 -0.906831 -0.564197 -0.279683 -0.596855 -0.399926 -0.526202 -0.636196 0.177085 0.0968437 -0.409246 0.128978 0.283002 -0.254045 0.714966 0.608978 0.483397 0.746653 -0.698347 -0.449877 0.00867235 -0.10773 0.425691 -0.292252 -0.316786 -0.0643346 0.726982 -0.591492 0.0464506 0.204289 0.616662 -0.108289 -0.223 0.256376 -0.387222 -0.169881 -0.800702 0.372639 -0.927315 0.542492 -0.185273 0.368356 0.257045 -0.390513 -0.108555 -0.324626 0.592909 0.118727 -0.331295 
-0.26643 0.162944 -0.173205 -0.3901 0.578895 0.284524 -0.117022 0.575383 -0.0489166 0.393099 1.51861 0.0643744 -0.0215018 0.213862 -0.309409 -0.416199 0.234627 0.146693 0.285435 0.515315 -0.186247 -0.585103 -0.449726 0.63831 0.283493 -0.248024 0.0944901 -0.0701047 -0.131159 0.0173387 -0.0761686 -0.0664539 0.291345 -0.305109 -0.616389 -0.544811 0.0617322 -0.0704619 0.148016 0.0676281 0.226194 -0.198217 -0.40864 -0.25009 -0.0881609 0.309104 0.195847 -0.146615 -0.101304 0.619183 0.383022 0.602308 -0.333369 0.0168738 0.0146285 0.320697 -0.0544425 0.286533 0.517329 -0.108017 0.210573 -0.016583 -0.162196 0.43245 0.201149 -0.64663 0.311253 -0.0331417 0.119259 0.643268 0.373406 -0.148141 -0.22705 -0.677903 0.293635 -0.247754 0.0452197 0.159281 -0.135346 0.171419 -0.0598642 0.33544 -0.544974 0.203189 0.205535 -0.532435 -0.52495 0.0627348 -0.365947 0.374439 0.0633565 -0.382569 -0.174276 -0.130164 -0.0853735 -0.398511 -0.241382 -0.0752322 0.239964 0.056509 0.257717 0.331371 0.255998 -0.264284 -0.291424 -0.0766382 0.202912 0.378683 -0.304199 -0.278067 0.126604 0.715272 -0.089985 -0.560942 0.410682 -0.423847 0.0127147 -0.038665 0.464401 0.104741 0.250054 0.342469 -0.0982511 -0.0664272 0.570916 0.204328 0.00902113 -0.594001 -0.291874 -0.50759 0.059149 0.346769 0.333742 -0.237237 0.10427 0.0343198 0.244988 0.840657 -0.612135 0.120114 -0.886147 0.30873 -0.165813 0.0171755 
-0.422131 -0.111953 -0.0426841 0.354543 0.134541 -0.3097 -0.291705 0.473173 0.557009 -0.582367 0.0608825 1.92006 0.113206 -0.145838 0.313542 0.0290354 0.380883 0.64547 -0.138077 -0.193466 -0.230907 -0.232257 0.217571 -0.435874 -0.642651 -0.1953 0.304962 -0.87479 -0.0120427 0.130954 0.189063 -0.0893817 0.42589 -0.22159 0.0732868 0.0587958 -0.20224 -0.584722 -0.126395 0.277967 -0.342441 -0.534444 -0.224861 0.307705 -0.696294 -0.0742943 -0.0808276 -0.139252 0.20751 0.0694656 -0.503568 0.0739923 -0.101973 0.656743 -0.124764 0.0705091 -0.379784 0.364425 -0.478625 -0.75583 0.177457 0.0157874 0.158217 -0.209597 0.442751 0.130661 0.341834 0.404428 -0.219825 0.00730798 0.245695 0.401409 0.00577157 0.137831 0.493915 0.423977 -0.282029 -0.358027 0.571195 -0.383627 0.193445 -0.340334 -0.125824 0.593812 0.276379 -0.371849 0.502097 -0.44099 -0.33922 0.552881 -0.69243 0.667268 -0.33262 0.308008 0.222283 -0.213789 0.455668 0.382455 0.0206568 0.0844366 -0.197822 0.156327 0.476968 0.176858 -0.306268 1.09112 -0.130299 0.0885019 -0.218015 -0.382835 0.395462 0.311639 -0.468859 -0.458041 -0.0582951 -0.20514 0.293838 0.0279697 -0.1594 -0.219404 0.100765 0.202614 0.00675183 0.0147411 0.213123 -0.992398 -0.191586 0.427177 -0.120073 -0.197051 0.0440395 0.451271 -0.292087 0.873989 -0.457088 -0.220873 -0.299507 0.429317 -0.134734 -0.372219 0.164917 0.160332 0.076654 0.83752 
-0.630275 0.538509 0.040541 0.158784 0.564323 0.198323 -0.385258 0.121664 0.483318 -0.592468 -0.00614694 0.132053 1.73272 -0.0893656 -0.196164 -0.198083 0.249007 0.202357 -0.00319227 -0.0857706 -0.413111 -0.23534 0.0858284 0.532453 0.371067 0.119296 -0.395888 0.207554 -0.115505 -0.0230155 -0.277195 -0.287869 -0.0571512 -0.574277 -0.565641 0.0116826 -0.273398 0.819322 -0.18089 -0.00154309 0.807183 0.424605 -0.345171 0.246526 -0.306502 -0.432236 0.353703 0.0310034 0.308529 0.0238922 0.230054 -0.0913676 0.0450864 -0.124022 0.373853 -0.136024 0.516078 -0.200714 -0.514308 -0.0826434 -0.0988858 -0.313517 0.64256 -0.141913 0.458769 -0.255286 -0.424348 0.195332 -0.307208 -0.113288 -0.0914319 -0.531221 0.051363 0.252847 0.223701 0.217063 0.275787 0.581901 0.369125 -0.209425 0.0411485 0.318633 0.0297751 0.138696 0.40758 -0.113563 0.314226 -0.251991 -0.435449 -0.253842 0.248253 -0.256494 0.244049 0.717951 -0.0912433 0.442715 0.580099 0.213116 -0.0586182 0.818128 0.53707 -0.285872 0.426413 0.261094 0.223298 0.247279 0.749698 -0.470126 -0.0976282 -0.538912 0.204303 0.00959221 -0.672702 0.312587 -0.0285868 -0.331586 -0.7274 0.214066 -0.318296 0.30818 -0.753249 -0.280044 0.061894 -0.479989 0.014235 0.0964083 -0.178346 0.121103 0.155889 0.35572 -0.20387 0.074227 0.145718 0.376042 0.596799 -0.120622 -0.0577047 -0.454454 0.485645 -0.0387061 0.311094 -0.159125 -0.409569 -0.175973 
-0.173287 -0.213194 0.17824 0.0481049 -0.196625 0.423877 0.384499 -0.1025 0.0209339 0.394285 0.232547 -0.123661 -0.086035 1.10281 -0.215006 -0.144105 0.129314 0.0550694 0.115411 -0.0485982 -0.157719 0.0686115 0.225162 -0.0400501 0.335273 0.852045 -0.310319 -0.0414801 -0.222232 0.0255075 0.0301763 0.543462 -0.285087 -0.172071 -0.393851 0.152107 -0.259017 -0.162037 0.29831 0.106783 0.215401 0.0516374 -0.0973777 -0.145676 0.0348816 0.173117 -0.136365 0.216618 0.135971 0.00395298 0.438062 -0.0544669 -0.00981959 0.153751 -0.22452 -0.0281808 -0.0691479 -0.465832 0.52641 -0.383114 -0.102891 0.488892 -0.551567 0.257161 0.0718288 -0.238781 0.0677889 0.174218 0.155207 -0.0304618 0.532221 0.599893 0.318326 0.0981893 0.211667 0.44662 0.176477 0.10262 0.0628417 0.199241 0.21853 -0.23564 -0.0021906 0.0977147 0.00230294 0.0530135 0.20413 -0.264921 0.194725 0.493723 0.245796 -0.195846 0.242513 -0.454711 -0.148931 0.305555 -0.130249 -0.558649 0.444515 0.125881 0.0350637 -0.169716 -0.0943884 -0.49569 -0.502984 -0.313575 -0.458404 0.0295088 0.0111191 0.0173267 0.137634 0.506716 -0.0991151 0.409637 -0.152419 -0.859267 0.209562 0.30967 -0.26955 0.125468 -0.0501219 0.213196 0.464101 0.53226 0.317385 0.062988 0.499474 0.0168191 0.151751 -0.0242345 -0.333545 -0.108057 -0.159723 -0.699236 0.399716 0.23359 -0.479041 -0.0688443 -0.130324 0.00969889 -0.131287 0.314009 0.0549773 0.0792153 
0.495552 0.098405 -0.290501 0.0377357 -0.353857 -0.0565502 0.245073 -0.224487 0.158517 -0.107834 -0.320597 0.305846 -0.222707 -0.244879 1.70895 0.0713299 0.0938469 -0.343543 -0.0414682 -0.192282 0.0604182 -0.10798 -0.00383091 -0.150588 0.0732487 0.373391 -0.455464 -0.13417 0.232884 0.376109 0.107652 -0.176956 -0.0417289 0.0513553 -0.203802 -0.08909 0.803579 0.112117 0.127426 0.840299 -0.752398 -0.198917 0.583686 0.41383 -0.100172 0.0928386 0.515432 0.275215 0.142903 -0.144986 -0.0576003 -0.0392821 -0.330678 0.0770872 0.316141 0.461423 0.0892602 0.783716 -0.00989783 0.417943 0.278476 -0.369891 0.200387 -0.35441 -0.182867 -0.171102 -0.61832 -0.0714937 -0.152784 -0.11007 -0.0529252 0.377202 -0.139124 0.210841 -0.319881 0.148877 -0.501032 -0.0542114 0.640473 0.381044 0.438294 -0.583792 0.812297 0.147646 -0.22261 -0.1608 0.286757 -0.170795 -0.704155 -0.678429 -0.141847 0.444109 0.327054 0.532039 0.374949 0.127124 -0.00127275 0.422704 -0.162656 -0.270896 -0.438809 -0.215755 -0.596075 0.425314 -0.437225 0.0547168 -0.623089 -0.691421 0.197626 0.35073 0.0363414 0.211931 0.0867516 -0.0932494 -0.0119032 0.111539 0.614467 0.0125625 -0.0672581 -0.506161 -0.139339 -0.180805 -0.282193 0.292423 -0.543835 -0.14364 -0.275912 -0.586288 -0.252972 -0.819915 0.432556 0.0499913 0.042751 0.612181 -0.268854 -0.735999 -0.329213 0.354233 0.0787138 0.525991 -0.0262401 -0.104531 0.321151 0.0841222 
0.502294 -0.211427 -0.455891 0.0676301 -0.564311 -0.281182 -0.404446 -0.587669 -0.541251 -0.189451 -0.410276 0.0384507 -0.207515 -0.156867 0.0884413 1.68001 -0.0705868 -0.126555 -0.0610835 -0.172261 0.00679299 -0.115885 0.312801 -0.0101482 -0.121349 -0.0695366 0.344136 -0.181472 0.419495 -0.207789 0.321538 -0.252909 0.392739 0.223405 0.869641 -0.136188 -0.23868 -0.309039 0.361537 -0.082444 -0.486147 0.569752 0.479854 0.0761929 0.59069 0.362854 0.159403 0.418458 0.737241 -0.763323 -0.0268231 -0.140382 0.319562 0.5674 0.520806 0.571772 -0.102555 -0.263753 -0.502 -0.387959 0.919203 -0.447149 0.0942286 0.478265 -0.2252 0.180778 -0.261921 -0.203342 0.207503 0.178711 -0.0153828 0.0888981 0.0733375 -0.238341 0.0156008 0.184394 -0.192606 0.230599 -0.197624 0.0824096 -0.320948 0.267913 0.0374554 0.385676 -0.381984 0.367663 -0.0965044 0.177887 0.211122 0.197992 -0.0551766 -0.13409 -0.318743 -0.318862 0.154652 0.393007 0.372328 -0.117765 -0.218191 0.421972 -0.497666 0.227038 0.308085 -0.126571 0.282013 -0.219872 0.207778 -0.192867 -0.380647 0.442732 -0.028576 0.0674198 -0.0128039 0.551456 0.212279 0.218815 -0.622454 0.0547355 -0.0945318 -0.121378 0.430182 -0.12931 -0.227654 -0.0936876 -0.535332 -0.404377 -0.135897 0.820592 0.181755 0.327614 0.657849 -0.160602 0.244894 0.377867 -0.259935 0.0958601 -0.518738 -0.604859 -0.555345 -0.130264 -0.288251 0.408208 0.530504 -0.356238 
0.198356 0.438044 0.254579 0.160711 0.452781 -0.13333 -0.260937 0.245635 0.00972181 -0.538433 0.256643 0.406391 0.255668 0.132645 0.127051 -0.0544942 1.66934 -0.370709 -0.636659 0.103762 -0.674217 -0.63607 0.168911 0.578465 -0.171686 0.506555 0.307208 0.237154 0.210541 0.694594 0.172169 -0.309272 -0.122372 -0.281477 0.0756038 -0.475546 -0.185456 -0.313566 0.0053746 -0.154485 0.484827 -0.241531 0.176554 -0.194061 -0.000231873 0.474297 -0.39753 0.431973 -0.0284347 -0.18752 0.464461 0.23402 0.0103136 0.00949505 0.0981874 -0.264638 -0.164811 0.369815 -0.15373 0.176038 -0.462439 -0.318598 -0.237526 -0.154866 -0.663243 -0.159714 -0.348393 -0.164315 -0.181127 -0.137655 0.819305 0.796747 0.093525 0.48407 0.247976 -0.104669 -0.377793 -0.243436 -0.21686 -0.115893 0.670432 0.617748 -0.368423 0.806725 0.268129 -0.21781 0.476261 0.289996 0.0190114 0.566994 0.207007 0.272429 -0.0728232 0.258179 0.0852177 -0.492533 0.379019 0.338975 -0.067727 0.678798 -0.0690913 -0.211171 0.0814569 -0.304845 -0.539546 0.00263581 -0.524627 -0.0233352 0.304882 -0.382244 -0.556334 -0.107706 -0.00385972 0.369983 0.139305 -0.278187 -0.0309856 -0.235157 -0.405005 0.406258 0.175325 -0.519285 0.00899287 -0.161464 0.26707 0.354625 0.0371149 -0.152675 -0.0524775 0.123772 -0.112635 0.548158 0.205895 0.461771 -0.0788205 -0.219983 0.189409 0.644808 -0.491679 0.0167286 0.480797 -0.096241 -0.105445 0.335069 
-0.26281 0.328402 0.344573 -0.627051 -0.559164 -0.544555 0.380553 0.360299 0.593085 0.437116 0.146181 0.64845 0.186491 0.0358724 -0.332866 -0.13299 -0.393236 2.08865 0.818928 0.0314948 0.513039 0.0852128 -0.195262 -0.553542 0.0623682 0.0500005 0.341523 -0.578029 0.505761 -0.354462 -0.426911 -0.317666 0.433932 0.107506 0.473787 -0.293469 0.141716 -0.0429673 0.0115378 0.229411 -0.0510137 -0.245871 -0.654888 0.0317298 -0.109256 0.116372 -0.184134 0.252198 -0.0758641 -0.31498 0.0983995 0.082869 -0.141936 0.504756 -0.419088 -0.611622 0.0703536 -0.230136 -0.617917 -0.744691 0.0462985 0.0898182 -0.0989056 0.307448 0.775691 0.334247 0.158569 0.451919 -0.450827 0.202863 0.188721 -0.244316 0.382653 -0.259416 0.55655 0.323824 -0.059115 0.0931965 0.416861 -0.374505 -0.366177 -0.76954 -0.77161 0.395204 0.079984 0.00439961 -0.198393 -0.358547 0.303983 0.698589 -0.423693 -0.0978331 -0.27589 0.523728 0.315173 -0.403882 -0.272477 -0.227724 -0.195881 0.356773 -0.221018 -0.324498 0.210812 0.843381 0.635446 0.118805 0.553226 0.151899 -0.18489 0.127799 0.383942 -0.287495 -0.383391 -0.744296 -0.440145 0.383902 0.120065 0.686341 0.23679 0.0897271 -0.844276 0.181259 0.104097 0.269196 0.260698 -0.413696 0.405547 -0.110791 -0.286119 -0.121385 -0.405453 -0.379337 0.0077758 -0.0521803 0.901533 -0.0236058 0.225895 0.0716019 -0.0373963 -0.00511178 0.0208143 0.217153 -0.577318 0.14544 
-0.623808 -0.358808 -0.263031 -0.509907 -0.67594 0.454822 -0.0203828 0.0930526 0.68456 0.265265 0.279408 -0.140612 -0.024574 0.0906986 -0.0363071 -0.0730338 -0.664701 0.813413 1.80942 0.269037 0.583691 0.614889 -0.205388 -0.727681 0.0694254 -0.190671 -0.0227496 0.172887 0.158402 -0.436593 0.308543 -0.195087 0.0732773 0.59349 0.109145 -0.723704 0.934632 0.591687 -0.211744 -0.266896 0.271667 0.0709646 0.316125 0.102235 0.0895185 0.178815 0.39154 0.415094 -0.381358 -0.137881 0.265024 0.188378 -0.785654 -0.27979 -0.180391 -0.493864 0.155152 0.0578795 -0.0312327 -0.556392 0.656384 0.0235051 -0.29911 0.391225 0.373895 -0.289496 0.0402059 0.343064 0.0435521 0.23264 0.271897 -0.5666 -0.199542 -0.238224 -0.0307779 0.207581 -0.103865 -0.057917 -0.132665 0.260915 -0.304722 -0.606092 -0.0408165 -0.0988911 -0.179369 -0.0767471 -0.189814 0.319852 0.0721817 -0.0911939 0.0265494 -0.225041 -0.111785 -0.0442041 -0.290992 -0.159741 -0.097867 0.264995 0.680736 -0.188831 0.237195 0.636353 -0.500593 0.220582 0.501584 -0.0847502 0.362216 -0.532475 -0.457964 0.0199064 0.134352 0.481067 -0.641455 -0.00645941 0.32332 0.149063 0.352954 0.263097 0.451456 0.325747 -0.146393 0.546146 0.403352 0.0922529 0.0498287 -0.458968 0.655426 -0.0967664 -0.375019 -0.065118 -0.487697 -0.498935 0.093975 0.201087 0.221344 -0.060279 -0.251694 -0.192221 -0.18597 0.362115 -0.205749 -0.214554 -0.67803 -0.411666 
-0.159084 -0.359056 0.348085 -0.145112 0.425654 -0.388109 -0.295095 0.420493 -0.18596 0.715232 0.51474 -0.190549 -0.1017 -0.0678587 -0.181669 -0.17876 0.0811716 0.0314314 0.274488 1.42613 -0.112339 -0.0278219 -0.285985 0.213851 0.0170416 -0.418298 -0.307462 0.405159 -0.343442 0.106934 0.723077 0.149192 -0.0315674 0.173984 -0.399873 -0.312683 0.53864 0.00564 -0.012338 0.25818 0.404033 -0.510227 0.16557 -0.250976 -0.14562 0.286463 -0.213011 0.511994 -0.168692 0.0375587 0.492838 0.850273 0.0653274 -0.295209 -0.085022 -0.415945 -0.103945 0.687583 0.342806 0.0482997 0.344069 -0.252764 -0.708487 -0.182289 0.182945 0.424453 -0.10281 0.230191 0.541975 -0.160892 -0.555476 -0.0998781 0.531664 -0.322961 -0.0157503 -0.0983344 0.242522 0.112146 -0.769878 -0.144611 -0.213874 0.405112 0.356693 0.212593 -0.0900184 -0.074854 -0.107249 -0.0748199 0.142238 0.171372 0.0199719 0.138644 0.0375354 -0.0406039 -0.656999 -0.308423 -0.0186493 0.122808 -0.461553 -0.311267 0.0963067 0.140745 0.0641873 -0.130982 0.178397 -0.19024 0.162541 0.0891136 -0.566549 -0.163378 0.233056 0.457786 0.423212 -0.431527 0.318673 0.352465 -0.359397 0.302108 0.107086 -0.202739 0.130222 0.0275079 -0.441189 -0.421288 0.463883 0.31733 0.117175 0.0502863 0.0447574 0.0795086 -0.304595 -0.230321 0.291316 0.205617 0.398764 -0.901454 0.609634 -0.0882311 -0.241107 -0.182621 -0.378652 -0.0092511 0.116625 0.147829 
0.311783 0.0169497 0.288158 -0.302449 -0.521983 -0.620117 0.158619 0.39927 0.586297 0.113295 -0.182582 -0.22375 -0.424801 -0.172739 0.0752715 0.0045349 -0.692567 0.517216 0.593383 -0.108099 1.64272 0.590003 0.0145962 -0.377609 -0.356871 -0.425019 0.134921 -0.182348 0.137402 -0.396948 0.125473 0.557402 0.0905278 0.699271 0.354111 0.160138 0.484533 0.173181 0.253129 0.350902 -0.431038 0.2388 -0.0175066 0.231283 -0.160353 0.205167 -0.0645494 -0.0524364 -0.155272 0.13113 -0.1233 -0.141727 0.323547 -0.251092 -0.180223 0.171604 0.17106 -0.23028 0.105561 -0.0668681 0.258318 -0.0483509 -0.0217196 0.122801 0.171203 0.456658 -0.0987422 -0.191331 -0.287202 0.70163 -0.011307 -0.371541 -0.432967 -0.235597 0.263437 0.242192 0.351146 -0.202207 -0.166855 0.130364 -0.0407984 -0.812711 -0.485267 -0.774848 -0.28766 -0.104352 -0.100685 0.599903 0.0325199 -0.675474 0.14431 -0.223665 0.227035 0.131811 0.464295 0.132177 -0.710637 0.164841 0.116754 -0.130794 -0.32255 0.496041 0.281152 0.0586399 0.231117 -0.592113 0.180953 -0.146641 0.361273 -0.0396481 0.0493339 -0.527101 0.571679 0.286073 0.0797577 0.445934 0.337523 -0.362062 0.609122 -0.482424 0.233908 0.190947 0.219608 0.407113 -0.458693 -0.306608 0.0729428 -0.516232 0.16797 0.273212 -0.204233 -0.166312 -0.143091 -0.0400692 0.322406 0.348309 0.44568 -0.371671 0.192891 0.160995 -0.218923 -0.248709 -0.716807 0.760064 
-0.0330089 -0.718558 -0.343869 -0.234045 -0.0833283 0.336784 -0.000107969 0.146746 0.857401 0.602709 -0.574093 -0.217756 -0.239686 0.0609351 -0.085783 -0.110799 -0.647076 0.0967335 0.631925 -0.0162378 0.597347 1.93266 -0.317382 -1.00515 -0.0739208 -0.43483 0.327166 -0.0415387 -0.45713 -0.242392 -0.479607 0.763138 -0.112884 0.687443 0.277385 0.651983 0.16439 0.0119388 -0.213719 0.220673 0.419718 0.377012 0.491814 0.212765 -0.20537 -0.456994 -0.0652818 0.100755 0.147822 -0.358133 -0.516789 -0.160785 0.336381 -0.854919 -0.30371 -0.638821 -0.183105 0.226659 -0.0269998 0.0832497 0.100336 0.482364 0.0332625 0.341387 -0.322763 0.0231081 0.0508268 0.0671288 -0.182674 0.00989154 0.502266 -0.365193 -0.242117 0.253468 -0.362647 0.134086 0.184721 -0.0868622 -0.200003 0.388018 -0.108713 0.0134881 0.35027 -0.23708 -0.116854 0.172007 0.349409 0.194168 0.365393 -0.168125 -0.306565 0.255036 0.17891 -0.27011 0.065297 0.570589 0.0586079 0.418886 0.582629 -0.267408 0.26312 0.0943647 -0.757203 -0.0708524 0.505775 0.217642 0.119675 0.145915 -0.143552 0.833994 0.107341 0.076192 0.448646 0.0660628 -0.855531 0.244479 0.0641229 -0.482908 -0.34938 -0.425327 -0.0570349 0.380674 0.244963 0.0768221 0.16622 0.414693 0.0572743 0.496643 0.138045 0.362983 -0.835814 -0.787416 -0.049757 0.26105 -0.215238 0.255623 0.0862562 -0.276936 0.498837 0.0398278 0.343649 -0.226319 0.00372912 0.124156 
0.181784 0.110137 0.342112 0.357818 -0.312221 -0.147626 -0.188546 0.250072 0.196257 -0.462589 -0.423305 0.247484 0.0968942 0.232897 0.0337778 0.333299 0.173316 -0.16833 -0.17294 -0.258989 0.0373516 -0.301971 1.15789 -0.357477 -0.134753 0.79828 -0.382092 0.165333 0.425675 -0.187313 0.680786 0.209276 -0.243357 -0.241065 0.441323 0.353301 0.0546141 -0.102471 -0.107312 -0.290734 0.00400342 0.115922 0.316536 -0.114927 0.396662 -0.0636158 -0.247793 -0.16536 0.199363 0.413668 0.4036 -0.102205 -0.133012 0.177088 -0.185732 0.179262 0.357796 -0.0926965 0.107729 -0.270728 -0.118545 0.110268 0.219553 -0.403655 0.457711 0.467118 0.104918 0.0860757 0.354937 -0.384828 -0.226089 0.632102 -0.233283 0.238333 0.140642 0.40059 -0.0572646 0.182657 0.268768 -0.383347 0.074629 -0.0261422 0.196841 -0.328113 0.405878 0.233241 0.375816 -0.0460303 0.330953 0.0427173 -0.0841512 -0.0982629 -0.100467 -0.111902 0.130975 -0.0505242 0.0246286 -0.124712 -0.0408628 0.10245 -0.205633 0.528114 0.396272 -0.155722 -0.314607 -0.155766 -0.386016 -0.315641 0.290777 -0.439376 -0.266202 -0.00646236 -0.0590066 0.453295 0.198792 0.00530156 0.352442 0.00319811 -0.0627105 0.107783 -0.0606458 0.0948928 0.0859 -0.488972 -0.477552 -0.692537 0.0555921 0.376483 0.328569 0.572993 0.501373 0.342753 -0.16453 -0.280283 -0.0602345 0.464247 -0.360439 -0.354725 0.13993 -0.136451 0.386248 0.332508 0.321609 -0.308385 
0.0797632 0.620699 0.100985 0.206203 0.871853 -0.0851464 0.253147 -0.0368075 -0.715485 -0.0863148 0.631801 -0.43889 0.51059 -0.0652442 -0.145908 -0.0225802 0.549941 -0.559539 -0.728163 0.207918 -0.387782 -1.02267 -0.390406 1.73658 0.404284 -0.234399 -0.0431597 0.292298 -0.131454 0.43036 0.0809148 -0.463452 0.125923 -0.0431562 -0.637745 -0.494048 -0.580002 0.549359 0.632169 -0.15625 0.0313676 0.0696368 -0.371781 0.270372 0.107813 0.327039 0.317526 -0.398795 -0.042457 0.0583255 0.194445 0.104807 0.346092 0.261338 0.828969 0.510513 0.11812 -0.285003 0.275664 0.328488 -0.313616 -0.193277 0.219653 -0.162395 -0.451474 -0.646555 -0.0540814 -0.247991 0.0522627 0.164938 -0.246217 -0.195915 0.568403 0.0623847 0.0933515 -0.115861 0.326802 -0.0166089 -0.317778 0.139937 0.0345622 0.416572 -0.270557 0.139901 -0.533825 -0.117217 -0.502867 0.13205 -0.474192 0.0655195 0.7513 -0.0816001 -0.0230767 0.431617 -0.0527821 0.0427481 0.00946765 -0.310907 -0.445439 0.241982 0.0961804 -0.489172 0.579589 -0.0101469 -0.165133 -0.163774 0.313677 0.229633 0.0525777 -0.166175 0.303683 -0.125247 0.0320524 0.355065 0.787877 -0.375496 -0.638429 -0.0484692 0.0725025 0.098954 0.371068 -0.225715 -0.316839 0.0659192 -0.0645217 0.55811 -0.534341 -0.475533 0.151982 -0.118019 0.118431 0.333288 0.0619896 -0.222799 0.282774 -0.150372 0.347683 0.307691 -0.252282 -0.0495356 -0.265615 -0.287199 -0.248021 0.185335 
0.267635 0.30888 -0.513541 -0.419935 -0.138113 0.422668 0.759407 -0.108537 -0.107707 0.458389 0.305378 -0.617275 0.377596 0.338472 0.106321 -0.105388 -0.171817 0.0847643 0.0973368 0.0395011 -0.338652 -0.0630454 -0.13929 0.432678 1.20231 0.592039 -0.311123 0.0637474 -0.0971652 -0.310424 -0.35254 -0.320659 0.15471 -0.245176 -0.343227 0.031565 -0.168744 0.628723 -0.070675 0.0777127 -0.0381373 0.112975 -0.0860022 0.139759 0.163475 -0.283188 0.240913 0.253314 0.134765 0.0047957 0.537853 -0.0419596 -0.463499 -0.164944 0.21162 0.25591 0.383931 0.00879575 0.167217 0.412192 -0.119745 0.418609 -0.16348 0.221585 0.0649349 -0.621888 0.018657 0.429569 0.260687 -0.14425 0.11578 -0.124694 0.42014 -0.288889 -0.186843 -0.0023527 0.120593 0.532702 0.0414216 0.427176 0.46753 0.251787 0.32093 -0.21271 0.0324886 0.12533 -0.252978 -0.38749 -0.105594 0.253466 0.335565 -0.276282 -0.152684 0.316511 0.205902 0.253165 0.285881 -0.610863 -0.301451 -0.143779 0.128621 -0.219363 -0.162721 0.272057 -0.00698636 -0.320064 0.313353 0.082938 0.28265 0.44975 0.462873 0.171638 -0.212027 -0.0501248 -0.160592 -0.0844477 -0.278458 0.0332141 0.140556 -0.12356 -0.586434 -0.192933 -0.347247 -0.0473432 0.315767 0.569276 0.0994578 -0.0194383 0.0818234 -0.0286702 0.150284 -0.140085 -0.020578 -0.414833 0.42384 0.171376 -0.0502752 0.306758 0.226225 0.377043 -0.14794 0.0727276 0.184297 -0.8937 
0.231123 0.479348 0.164931 -0.398878 -0.773811 0.0860127 0.450841 0.0233334 0.0132798 -0.121949 -0.261581 -0.205366 0.0903835 0.819802 0.371021 -0.0890178 0.470981 0.0369543 -0.198202 -0.431281 -0.442243 -0.459397 0.758302 -0.241448 0.556597 1.89498 -0.579809 0.254547 0.34929 -0.0884399 0.0799935 0.0897731 -0.350813 -0.586465 0.123971 0.142839 0.0741179 -0.1149 -0.0194458 0.332935 0.00658087 -0.0778119 0.101048 -0.118168 0.593691 -0.228623 -0.251627 0.236108 0.410051 -0.159749 0.70609 -0.395005 -0.604045 0.033291 -0.201788 -0.170077 0.487891 -0.203606 0.148512 -0.170361 -0.461303 0.0591376 -0.335128 -0.373975 0.224642 -0.208171 -0.448615 -0.047428 0.0664863 -0.713106 0.507589 1.06443 0.263985 0.345027 -0.0347297 0.60811 -0.241297 0.312399 0.343991 -0.152465 0.404355 -0.144113 -0.0859881 -0.148395 0.045156 0.286213 0.565452 -0.3568 0.191893 0.459696 0.294238 -0.597452 0.122056 -0.0826815 0.123101 -0.0177103 -0.0210337 -0.351938 0.132172 0.226477 -0.112782 -0.240077 -0.161326 -0.261197 -0.777788 -0.390745 -0.830073 -0.139398 0.306803 0.139472 -0.281906 0.0175876 -0.516406 0.483214 -0.274921 -0.467205 0.623018 0.32138 -0.169446 -0.0851095 -0.906342 -0.31027 0.0949093 -0.0669886 -0.0451811 -0.0548376 0.582425 -0.363624 0.108585 -0.133174 0.261255 0.192933 -0.235411 -0.610072 0.436422 0.00528283 -0.361403 0.198151 -0.00727052 0.300216 0.274963 0.418087 0.52626 -0.700961 
0.0779869 0.342042 -0.335325 -0.0837428 -0.0353429 0.161816 -0.00746934 -0.154902 -0.214028 -0.053837 0.100068 0.314031 -0.405665 -0.323427 -0.438698 0.343791 0.29077 0.347612 -0.011145 -0.301309 0.136834 0.321734 -0.402935 -0.0310734 -0.32743 -0.560673 1.50368 -0.075699 0.0911591 0.146065 -0.524054 -0.401473 0.461427 0.462356 0.96127 -0.0352571 -0.191131 -0.58786 -0.0197828 -0.267262 0.0526935 0.358076 -0.125707 0.0855594 0.187072 -0.0635484 -0.250474 0.192054 -0.251936 -0.154033 -0.718908 -0.51258 0.163031 0.251938 0.311192 -0.230551 -0.264023 -0.0765818 -0.548757 0.0542328 0.128259 0.110409 -0.0302921 0.797586 -0.467924 0.218043 0.394918 -0.49388 -0.162141 0.448338 0.532356 -0.119234 -0.081257 0.00822976 -0.17212 -0.268019 -0.0541392 -0.658922 -0.249695 -0.229988 -0.0532883 0.293838 -0.856562 0.42676 -0.221124 -0.134725 -0.0102707 0.537736 0.14325 0.508187 -0.0515647 0.163874 -0.228869 -0.27594 0.38898 -0.16899 0.0431044 0.241951 0.354272 -0.0572887 0.000422416 0.0440345 -0.135169 -0.172863 0.316555 0.680647 0.366947 0.883888 0.11036 0.229814 -0.0248483 -0.63328 -0.206934 -0.152063 -0.222533 0.307933 -0.0853507 -0.208872 0.386947 0.426694 0.372145 -0.162091 0.0231116 0.215633 0.468425 0.267491 0.267427 0.112285 -0.140589 -0.0303411 0.196154 0.122526 -0.0412777 0.371083 -0.489832 0.311025 0.56694 0.566309 -0.403059 -0.273954 0.27808 -0.0169308 -0.11809 0.241021 
-0.472715 0.208462 0.166946 0.221405 0.215564 0.352502 -0.396484 -0.0603491 -0.380117 0.0512692 -0.0699143 -0.871108 0.192389 -0.0599752 -0.122792 -0.187205 0.215328 -0.577327 0.179104 0.405925 -0.185823 -0.0523574 0.139103 0.298997 0.0420532 0.268295 -0.0810863 1.45256 -0.0604827 0.414168 0.48993 -0.213816 -0.537578 0.141281 0.200441 0.0146965 0.384927 0.331665 -0.0269952 -0.227277 0.772643 0.120682 0.30535 0.0852055 0.976055 0.0844163 0.10357 -0.00845063 -0.107459 0.137722 0.305597 -0.00976143 0.0389855 -0.50858 0.247659 -0.61437 0.540687 -0.241267 0.0784077 0.370641 -0.110203 -0.1868 0.100035 -0.199309 0.0609473 0.187679 -0.0625221 -0.340099 0.186426 -0.508251 -0.476588 -0.0418438 0.00966197 0.394189 -0.735148 -0.0292363 0.222314 0.205646 -0.432671 0.0630356 -0.442069 0.605415 0.172891 -0.101799 -0.396657 0.194707 0.252001 0.772394 0.0813519 -0.510632 0.226979 -0.467751 0.240716 -0.359257 -0.600395 -0.390077 -0.382373 0.495563 0.102383 -0.375335 0.317544 -0.0893737 -0.206917 -0.153047 -0.0671247 0.0376389 0.0812088 -0.00410583 -0.132741 -0.170684 -0.482668 -0.41528 -0.0597536 0.340519 0.451595 0.30138 0.397811 0.408005 -0.0589241 0.338316 -0.010917 -0.179348 0.0876422 -0.201915 0.0525845 0.282557 0.625507 -0.242254 0.169042 -0.204331 0.026394 0.201194 -0.0482244 -0.151082 0.317648 -0.412935 0.528675 0.117396 -0.0478061 0.209555 0.322485 -0.38577 0.112676 -0.643056 
0.65813 0.542558 0.653943 -0.274523 -0.436362 -0.164 0.196815 -0.14193 -0.0272426 -0.32046 -0.135697 -0.0130888 -0.135398 -0.245456 0.239534 0.409033 0.183987 0.501735 0.159891 -0.347406 0.129199 -0.472677 0.394717 -0.129484 -0.123588 0.358309 0.0810434 -0.0652112 1.3192 -0.0489702 -0.20623 -0.201271 0.118339 0.165742 0.671467 -0.441384 0.418919 0.00496286 0.0991424 -0.35608 -0.262211 -0.116607 0.298883 -0.284985 0.613463 0.506566 0.273968 -0.267233 0.0389351 -0.23675 0.0826913 0.264785 -0.241188 0.578294 -0.0746602 0.105352 0.230405 0.172589 0.000420272 0.0273279 -0.193215 -0.443263 0.650538 -0.265304 0.161634 0.0805156 -0.0973765 -0.0824922 -0.0917118 0.144151 0.154781 0.262661 -0.205806 0.0958282 0.250248 -0.311886 -0.789893 -0.127203 0.494312 -0.410037 -0.372101 -0.223678 -0.397068 0.085283 0.239509 0.338775 -0.619076 0.0452746 0.48143 0.248208 -0.0753755 -0.189541 -0.262062 0.27119 -0.0180909 -0.317862 -0.0782718 -0.0498242 -0.0926745 0.701491 -0.20883 0.0615919 -0.0870754 0.534601 0.414326 -0.246874 -0.360629 -0.191286 -0.00424965 0.186311 -0.654399 -0.159756 -0.041494 -0.137028 0.184333 0.492515 0.337704 0.15211 0.261958 0.605653 -0.29489 0.0299525 0.0742873 -0.238713 -0.738338 -0.161812 -0.311717 -0.351035 -0.609603 0.0819635 0.291834 -0.179488 0.341247 -0.0995569 0.0115624 0.310142 -0.303433 -0.103737 -0.169834 0.0869551 0.257791 0.14403 0.0147402 -0.359213 
-0.0711329 -0.0306018 0.289451 0.858177 0.876365 -0.232929 -0.216224 -0.225662 -0.48557 0.00531705 0.0310588 0.148166 -0.0246503 0.020542 0.401018 -0.199992 0.686298 -0.34023 -0.416846 0.12123 -0.386893 -0.239681 -0.200013 0.450589 -0.318588 -0.061162 0.154207 0.427697 -0.0307121 1.42724 0.356211 -0.256363 0.265428 -0.101779 -0.0197222 -0.308418 0.16954 0.113042 0.48938 0.228379 0.285602 0.0934908 -0.0699347 0.185333 -0.0915874 0.148552 0.0727582 0.121057 -0.250253 0.121127 0.071375 -0.00984126 0.618338 0.377792 0.0323194 -0.498634 -0.230437 -0.0560474 0.112267 0.447396 -0.061611 0.103186 -0.0664001 -0.292327 -0.681362 0.109013 0.107447 -0.63649 -0.146847 -0.406711 -0.0426647 0.380616 0.235436 0.442156 -0.0609348 -0.438495 -0.091936 -0.0236394 -0.0296483 0.266159 -0.241499 -0.158947 0.101844 0.685479 -0.129349 0.0333072 0.273149 -0.142721 -0.0960691 -0.328049 0.101096 0.483757 0.279855 0.0143569 0.290234 -0.61554 -0.289802 0.376144 0.422667 0.129015 0.19367 -0.730832 -0.422336 0.217533 0.219447 0.312021 -0.314185 -0.205889 -0.104118 0.011866 -0.492512 -0.211009 0.140482 -0.216885 -0.0673282 -0.270287 0.237693 0.370814 -0.648596 0.285029 0.341578 -0.0899102 0.719718 0.50737 -0.0632908 0.123374 0.0871093 -0.0555676 -0.167123 -0.775559 -0.0533049 0.492796 0.307569 -0.0321409 -0.284962 -0.527711 0.108338 0.369835 0.226903 0.458002 -0.0657353 -0.00967141 0.159265 0.445878 
-0.264488 -0.55507 0.0314841 0.50549 0.0415897 -0.8709 -0.446497 0.518194 -0.198447 -0.17255 -0.1013 0.167424 -0.317681 -0.0136406 0.0937087 0.290484 0.125022 -0.451531 0.289439 0.69852 0.0966767 -0.515748 0.629234 0.0622921 -0.399556 0.0684199 -0.554763 0.464608 -0.226824 0.317359 2.12703 -0.332208 0.189859 0.227805 0.162172 -0.721208 0.490975 0.426441 0.223389 -0.266066 -0.0922092 -0.16109 0.378864 0.24901 0.0393253 0.0572739 -0.361465 0.158196 -0.343357 0.280249 0.765667 0.125418 -0.196114 -0.0127703 -0.0423384 -0.294872 -0.0131499 0.0440399 0.267103 -0.529437 0.416521 0.0728288 -0.820047 -0.818881 -0.186765 0.250188 0.134709 -0.12869 0.707528 -0.87151 -0.723417 0.364461 0.435119 0.0901644 0.0984568 0.481454 0.306615 -0.0516595 -0.883801 0.00160808 -0.163261 -0.374317 0.36355 -0.21738 -0.53908 0.127926 0.409718 0.00122043 0.0875522 -0.1214 0.364089 0.30452 -0.33944 -0.0583302 0.0790914 -0.752772 -0.124409 0.116855 0.0130727 -0.601726 -0.151878 0.681271 0.386925 -0.212691 -0.0718303 -0.258938 -0.199465 -0.65183 -0.273151 -0.529552 0.0989366 0.217745 -0.184997 0.489172 1.01857 -0.0341095 0.117912 0.0371532 -0.051681 -0.403934 0.665775 0.321764 0.126398 -0.440762 -0.413104 -1.07045 0.222772 0.485781 0.495556 0.245582 0.208021 0.539726 -0.129403 -0.0446164 -0.301887 -0.482315 0.00195933 -0.261401 -0.119516 0.163708 -0.314524 0.0134281 0.0754736 -6.90171e-07 
0.221309 -0.432343 0.87952 -0.129252 0.0675103 0.00986488 -0.0329392 0.242199 0.25769 0.0680691 -0.0661339 -0.0855697 -0.302904 0.525096 -0.165448 -0.258512 -0.330968 -0.316834 -0.18874 0.150087 0.554056 0.752448 0.183175 -0.456624 -0.342224 0.103651 -0.406731 -0.213686 -0.196413 -0.269763 -0.306756 1.86845 -0.221168 0.0752243 -0.480866 0.992446 0.0366748 -0.451263 0.145809 0.755696 0.00546732 -0.288877 0.115529 -0.227719 -0.366897 -0.0218931 0.0743578 -0.388773 0.672668 -0.0306372 -0.43794 0.359482 0.579349 -0.215859 -0.514272 0.19777 -0.0408065 0.0459515 0.927171 0.0616974 -0.0331119 -0.114052 0.00954532 -0.380173 0.451722 0.274541 -0.102731 0.00271405 0.0621831 0.390352 0.333078 0.356027 -0.220676 -0.0415655 0.305247 0.0594912 0.111493 -0.0676957 -0.0834285 -0.160846 -0.112814 0.0391748 -0.105907 -0.775817 0.204361 0.153948 0.0422481 -0.108578 0.348849 -0.150006 0.0541299 -0.496592 0.537086 -0.663168 -0.757182 0.80318 -0.0704614 0.125842 0.451894 0.27925 0.344346 0.283554 0.187358 -0.802397 -0.251118 -0.169871 -0.688909 0.417728 -0.322255 0.141211 -0.253876 0.428788 0.710252 0.20892 -0.379994 -0.269332 0.276828 -0.300067 0.0686802 -0.501567 0.0257417 0.141025 0.40702 0.152168 0.0292954 0.270653 -0.141398 -0.180554 -0.0499238 0.322364 -0.587544 -0.342329 -0.148617 -0.127548 0.0638581 0.121658 -0.086657 -0.637668 0.401135 -0.341701 -0.26527 0.0654603 0.436725 0.937101 
0.397854 0.0141605 -0.281708 -0.119729 0.183904 -0.721102 0.175049 0.116223 -0.40427 -0.367169 0.302699 0.440736 -0.0611521 -0.292419 -0.0191868 0.398169 -0.133034 0.445797 0.0906582 -0.0196384 0.0982165 -0.112539 -0.258424 0.143786 0.144179 -0.325902 0.467204 -0.526414 0.134231 0.263062 0.226344 -0.210134 1.64884 -0.0763125 0.419386 -0.359679 0.0404786 0.471519 0.171201 0.422231 -0.579677 0.0289952 -0.370196 0.424008 -0.543082 -0.545527 0.259318 0.148453 0.288935 -0.174097 -0.155369 -0.109475 0.00151638 0.584772 -0.0825204 0.0441695 -0.0494993 -0.015032 -0.0185975 0.229278 0.587101 0.130884 -0.376835 -0.275778 -0.195012 -0.270091 0.441815 -0.257613 0.169402 -0.0579355 0.333276 -0.115446 0.36989 -0.613779 0.468096 -0.555988 -0.134238 0.132687 -0.505313 0.160271 -0.0513384 -0.170435 -0.663859 -0.29283 -0.0769815 0.242911 -0.270129 -0.642207 0.101982 0.241675 0.397487 -0.207735 -0.573989 0.146201 0.595739 -0.36704 0.52481 0.0541079 0.445943 0.230006 0.478193 0.241074 0.261817 0.236057 0.892213 0.323255 0.349752 0.332275 -0.344864 0.462271 0.0236006 -0.129079 -0.486381 -0.444852 -0.125463 0.140468 -0.336411 -0.285677 0.431928 -0.421775 -0.040281 -0.207043 0.510013 0.00109776 0.122548 -0.28023 -0.0278415 0.451264 -0.340139 -0.190738 0.269086 0.491528 0.141437 0.306626 -0.639484 0.00396323 0.11073 0.199058 0.510661 0.509592 -0.845041 0.22745 0.454421 0.143053 
0.18183 -0.117967 0.211542 -0.136335 -0.274637 0.0532634 0.48626 -0.0120169 0.179783 0.338547 -0.289482 -0.202471 -0.574004 -0.17513 0.0781704 0.233109 -0.287866 0.123644 0.615144 0.190186 0.711233 0.692061 -0.251858 -0.0210205 -0.251434 -0.557281 0.472406 0.156718 0.185907 -0.0998725 0.268564 0.0905313 -0.0720394 1.34377 0.410213 -0.305655 0.400555 0.21867 0.344261 -0.322539 -0.15316 -0.0308823 0.603651 0.389804 0.279293 0.39409 0.162379 -0.167678 -0.386778 -0.455229 -0.457191 -0.0101038 0.0704704 -0.051689 0.402362 -0.207077 -0.116372 0.174927 0.200126 -0.126109 0.0195774 0.0850193 0.0208628 -0.00963036 -0.421548 -0.0253327 0.130097 0.0119167 0.16056 0.169664 0.00274895 -0.191327 0.387845 0.422994 -0.242628 0.277259 0.0162728 -0.886319 -0.405927 -0.00527953 -0.258076 -0.368386 0.0018852 -0.124371 -0.915282 0.174026 -0.337888 0.577192 0.261342 0.182011 0.268144 0.454908 -0.0978068 0.0809402 -0.24259 0.206141 -0.136637 0.124107 0.0858786 -0.405569 -0.167475 0.17734 -0.309231 0.100023 0.379425 0.137502 -0.0345547 0.201857 -0.135488 0.488143 0.352789 -0.122968 0.208804 0.409829 0.502591 0.436039 0.164693 -0.206463 0.34733 0.0568013 0.520631 0.400697 -0.123375 0.203844 -0.319875 0.112182 -0.168471 -0.122152 -0.0579508 0.320601 -0.467218 -0.653949 -0.232542 0.229169 -0.110268 -0.0115224 0.222878 -0.135043 -0.224999 -0.259665 0.419597 -0.58902 -0.421134 0.372865 
0.44494 0.191009 -0.196446 -0.172496 -0.652388 -0.513026 -0.204361 0.00831861 -0.138002 -0.149166 -0.620863 0.0723054 -0.585469 -0.41701 -0.197088 0.859245 0.0491145 0.469826 0.110698 -0.403772 0.345972 0.261903 0.410429 -0.635709 -0.369585 0.133055 0.951219 0.195777 0.671531 -0.0379156 0.18283 -0.485659 0.403559 0.390113 1.71539 -0.0124805 0.0811231 -0.42862 -0.0609977 -0.329582 -0.16296 0.36962 0.278837 0.0483927 0.871296 -0.0704381 -0.437092 0.130852 0.113532 -0.358357 -0.148193 -0.481741 0.0794879 0.172336 -0.0710024 -0.457015 0.0947167 -0.219008 -0.698164 -0.141441 0.142631 0.00404168 0.0853472 0.20828 -0.245174 0.563132 0.222255 -0.47391 -0.0510127 -0.268799 0.164786 0.224041 -0.160316 0.0956604 -0.215255 -0.00915396 -0.266331 -0.114133 -0.241537 -0.2423 -0.400401 0.120501 -0.599449 0.0992322 -0.240071 0.428583 0.17033 0.493211 0.676746 0.325485 -0.284459 -0.12437 -0.532945 -0.255091 0.60644 -0.583193 -0.165936 0.239241 0.0596823 -0.0114235 -0.350858 0.231148 -0.0400754 0.19788 0.508387 0.128923 0.105312 0.310774 0.107628 0.46894 -0.506083 -0.883227 -0.0627108 0.0449618 -0.213652 0.828691 0.274586 -0.0819119 0.113367 0.0507617 0.022833 -0.114584 0.0373982 -0.248336 -0.287328 -0.390642 0.354362 0.480348 0.0752286 0.233214 0.496504 0.137782 0.00166822 0.0826038 -0.359602 0.400643 0.307171 0.151728 -0.209138 0.084379 0.384821 0.224257 0.315167 -0.514862 
0.0311531 -0.0765122 0.115188 0.344597 -0.0351356 0.329967 0.0198096 -0.137455 -0.00386512 0.0103752 -0.52906 0.0780384 0.0120784 0.149172 -0.0621514 -0.12636 -0.481811 -0.277206 -0.701927 -0.296357 0.172223 0.656724 0.342631 -0.471788 0.0254311 0.172147 -0.0250841 0.0302567 -0.421095 -0.306388 -0.680326 1.00788 -0.355282 -0.305531 0.00774345 1.76509 -0.521062 -0.573373 -0.281337 0.581977 -0.120115 -0.0505272 -0.160046 0.0888295 0.0504636 -0.450692 -0.0380213 -0.306659 0.678726 0.288043 -0.656943 -0.230552 0.609069 -0.168692 -0.206984 0.356882 0.253535 -0.296993 0.0528983 0.444705 -0.153847 0.31151 0.436857 0.0708193 0.784952 0.713586 0.295281 0.29992 -0.0104915 0.0918392 -0.33708 0.135853 -0.287051 -0.00357269 -0.36109 0.0732857 0.354624 0.339076 0.415406 -0.0486533 0.166618 0.479367 0.408881 -0.585858 0.376456 0.130834 0.430456 0.00880225 0.0449797 -0.420442 -0.537025 -0.278813 0.388613 -0.515632 -0.269731 0.706938 -0.0131433 0.0341229 -0.26489 -0.403616 0.026781 -0.103171 0.297759 -0.262601 -0.403642 0.430047 -0.0163895 0.65736 0.330275 0.0777409 0.0731085 -0.389189 0.579593 -0.115895 -0.735625 0.22939 0.319187 -0.00419763 -0.0815898 -0.464834 -0.224043 -0.298846 -0.108564 0.219955 0.348292 0.189859 0.160533 0.3463 0.390934 0.105813 0.179146 0.0711294 -0.547949 -0.0421108 0.127976 0.283321 0.166355 -0.165706 0.640511 -0.34632 0.318191 0.00909425 0.707972 0.202059 
0.199783 0.201405 0.379641 -0.340434 -0.390873 -0.0486663 -0.0714818 0.095044 0.220732 0.217799 0.0551201 -0.20536 -0.295365 -0.284314 0.808155 -0.251216 -0.214084 0.135616 0.934046 0.532603 0.474255 0.146768 0.0215813 -0.580105 -0.197241 0.0810636 -0.203321 0.378124 0.416845 0.149207 0.509494 0.0297427 0.0225124 0.378316 0.0789843 -0.543425 1.85198 0.185163 -0.149484 0.445447 0.0743715 0.087175 0.609801 -0.19213 -0.0810505 -0.199177 0.162682 0.619286 -0.64371 0.368052 0.137815 0.0346776 -0.690099 -0.122301 0.0212751 -0.363225 0.26245 1.09742 0.314088 0.245562 0.547857 -0.50619 -0.319068 -0.228576 0.151372 0.551624 -0.527739 -0.582246 0.398243 -0.0350559 -0.322388 0.0248049 -0.223837 -0.0546145 -0.222585 -0.136052 -0.298435 -0.41061 0.0403299 -0.498138 -0.220272 -0.700457 0.2311 -0.198391 0.0504541 -0.159661 0.0346844 -0.101351 -0.126759 -0.542748 0.294685 0.0974619 0.544979 0.124599 -0.0304038 -0.151035 -0.298224 0.510445 0.537582 -0.273062 0.169543 0.530277 -0.882798 -0.0154236 0.321962 -0.0756581 -0.353028 -0.491673 -0.232635 -0.150251 -0.195245 0.314321 -0.258658 -0.347512 0.137606 0.385725 0.444371 0.271956 0.727831 0.291586 -0.320144 0.111056 0.0314935 -0.38352 -0.310119 -0.00306989 0.2226 -0.840294 -0.520277 -0.339043 0.323299 -0.270467 0.446623 0.264521 -0.177467 -0.760483 0.284456 -0.218509 0.0848178 0.20739 -0.135882 0.170472 -0.0197173 -0.0431536 
-0.153609 0.0735022 -0.102137 0.0833722 0.267628 -0.0496792 0.430131 0.0220984 0.176027 -0.371189 -0.0746362 -0.585404 0.799793 -0.184897 0.11913 -0.319137 -0.339756 -0.0466299 0.59354 0.00204076 0.165342 -0.00324454 -0.133066 0.551694 0.602664 -0.105516 -0.597612 0.3273 0.00532668 0.0951474 0.447399 -0.455757 0.455991 0.198868 -0.428321 -0.593297 0.187601 1.73685 0.0385768 -0.328936 0.0756644 0.10663 -0.0136634 0.613452 -0.262106 -0.295919 0.641163 -0.199837 -0.250851 -0.0546875 0.423505 0.0130181 -0.299262 -0.250145 0.143821 -0.16605 0.465827 -0.290254 0.195326 0.38173 -0.116812 0.228008 0.126467 -0.69202 -0.163423 -0.784751 0.0719575 0.301253 0.0496445 -0.411113 -0.20353 -0.669777 0.357583 0.0939595 0.0742072 -0.195162 0.158176 0.304589 -0.307756 0.548084 0.0885903 -0.353514 0.239184 -0.678566 -0.253792 0.284131 -0.320471 -0.178214 -0.128671 -0.561908 0.765105 -0.11789 -0.223261 0.762434 0.0710531 -0.105154 0.336617 -0.0155628 0.151777 0.0490634 0.588821 0.0181119 -0.016871 0.670344 0.73365 -0.244343 0.493504 -0.689774 0.0536158 0.0589614 0.137027 -0.120893 -0.483186 0.368771 0.503691 0.0284216 -0.239606 -0.184524 0.0674591 -0.00680053 -0.269326 0.00824436 0.456543 -0.0817809 -0.401652 -0.0640757 -0.145771 0.0517771 -0.0637978 0.199702 -0.409435 0.0338097 -0.0448238 -0.0457931 0.131583 0.0520134 -0.140613 -0.29342 0.850215 0.720578 -0.0816327 -0.678583 -0.527528 -0.420433 
0.180059 0.0774928 0.278719 0.160569 0.321803 -0.400834 0.15944 0.0401111 -0.300547 0.434632 0.162349 -0.10857 -0.181912 0.293957 0.152947 0.369946 -0.00230857 0.0263821 -0.191385 0.00256972 0.263797 -0.210395 -0.1194 0.65301 -0.0782268 0.00844474 -0.0110277 -0.0128528 0.118013 0.489993 0.262853 0.159822 0.17418 0.342967 -0.0421916 -0.282754 -0.128539 0.0570837 1.03032 0.347661 -0.167836 0.338844 -0.0712641 0.31739 0.293149 0.359114 0.211213 -0.376889 0.25185 -0.185126 0.0198184 -0.0753611 0.666879 0.495899 0.424611 0.170572 -0.0812337 -0.371903 0.340454 -0.328503 0.10807 -0.0222561 0.174803 -0.0476568 -0.373908 -0.252569 -0.0773472 -0.576798 -0.0791215 0.0973127 -0.0187978 0.20549 0.429106 0.213554 0.187419 0.400538 0.21401 -0.0538477 -0.00639542 0.14956 -0.605244 -0.434412 -0.270898 0.268495 -0.79868 0.126591 -0.220546 -0.042872 -0.0941714 0.0988018 0.315786 0.0100464 0.161782 0.00371697 0.278135 0.145596 -0.550265 -0.201027 0.174045 0.259606 -0.211914 -0.478809 0.170067 0.00172494 0.0398329 -0.193879 -0.146279 0.0323187 -0.352932 0.408871 0.199909 0.124744 0.249283 0.302813 0.293299 -0.438608 -0.0400062 0.23218 -0.240576 -0.26364 0.361171 0.400223 0.191224 0.436952 -0.515404 -0.0276053 -0.349079 -0.316417 0.136971 -0.361425 -0.0414697 -0.0936414 0.136243 -0.46234 0.211953 -0.106196 -0.0570531 -0.0504211 -0.25386 0.0401366 -0.429284 0.228091 0.0394197 0.470181 
0.20139 0.101834 0.0386766 -0.462607 -0.0882388 -0.672189 -0.0796914 0.255507 0.00529052 0.268559 0.0529695 0.2668 -0.0315565 0.0734386 0.836829 -0.103026 -0.191159 0.215264 -0.275527 0.244096 0.332578 0.195006 -0.331813 -0.1644 0.0411696 0.331834 -0.287498 -0.242126 -0.366201 0.200001 -0.255593 0.740717 0.396218 -0.352825 -0.339768 0.551568 0.437401 -0.33942 0.31867 1.8837 -0.424374 -0.140082 -0.254309 0.327419 -0.413198 -0.431411 0.147526 0.375882 0.871153 -0.28094 -0.227638 -0.104396 0.366022 -0.0402557 0.000591642 0.0849171 0.154189 0.330608 0.0307296 0.16308 0.531686 -0.530866 -0.296005 -0.236341 0.344901 0.215707 -0.715129 -0.457627 -0.298583 0.0613131 0.118421 0.268221 0.165107 -0.297754 0.040531 0.311985 0.157409 0.3822 0.0965545 0.0646675 -0.00535968 -0.261699 -0.132867 -0.145804 -0.315563 -0.139246 0.539753 -0.455362 -0.548349 -0.423207 -0.00289304 -0.482713 0.617868 0.0207262 0.183341 0.393768 -0.19238 0.461703 0.0624689 0.0514562 0.014237 -0.410606 0.0522026 -0.217871 -0.310582 0.0776735 -0.234581 0.209643 -0.380163 0.459167 0.178578 0.0566736 0.188076 -0.346282 -0.666409 -0.0957228 0.192191 0.201165 0.0698205 -1.22798 -0.60889 -0.415435 -0.0888321 0.320398 0.195177 0.184824 0.140347 -0.635416 -0.00421328 -0.848167 0.0820491 0.0822684 0.0213504 0.416708 0.334888 -1.01867 0.429091 0.125328 0.27779 0.284498 -0.763635 0.327739 0.688047 0.697629 
-0.747333 0.0686152 0.200402 0.0481873 0.778405 0.451783 -0.736483 0.435145 0.504521 0.307319 0.230619 -0.334525 0.796253 0.201139 -0.736785 -0.487646 0.467236 -0.0460777 0.282119 0.409032 -0.430279 0.413133 -0.0179929 0.0423007 -0.0555974 0.0245631 0.0515402 0.776877 -0.253248 0.276307 -0.0626534 0.00957174 -0.586607 -0.164363 -0.154062 -0.131441 0.085408 0.0842631 -0.177745 -0.405291 1.58831 0.520936 0.0478591 -0.344969 0.221985 -0.212035 -0.304763 0.0618351 -0.216889 0.278985 0.371768 0.0932658 0.159581 -0.66994 -0.0411187 -1.00366 0.126037 0.10278 -0.10591 -0.207822 -0.308884 -0.00400535 0.201655 0.233396 -0.0976564 0.0212061 -0.177439 -0.345969 -0.0913572 -0.272219 0.17073 -0.21136 -0.195794 0.471079 -0.144379 0.108042 0.292971 0.211383 -0.140515 -0.307407 -0.467153 0.625668 -0.0950945 0.499789 0.329116 -0.126507 0.403367 0.245031 0.188031 0.133359 0.0020213 -0.0731785 0.32533 -0.123127 -0.264512 -0.0912096 -0.12029 0.381552 0.499562 0.42779 0.564809 -0.137488 -0.310247 -0.294644 0.174897 0.124755 0.299248 -0.0726621 -0.323321 -0.349949 -0.28491 0.216405 -0.147579 0.116729 -0.200344 -0.315833 -0.302078 0.188666 -0.556158 0.647348 -0.273479 0.276113 0.203244 -0.638889 0.321186 0.509831 0.182004 0.0426814 0.171161 0.31711 -0.552926 -0.194313 0.433398 -0.181737 0.354416 -0.0229655 0.33904 -0.107952 -0.0645198 -0.198712 0.452608 0.108462 -0.331115 -0.30269 
0.0726499 0.247908 -0.594882 0.145127 0.149813 0.173421 -0.438518 -0.198076 0.0926952 0.256479 -0.198788 -0.531522 0.40868 0.0323813 -0.188299 0.563259 -0.264117 -0.24593 0.076421 -0.510223 0.234564 0.365432 0.0889305 0.0755749 0.0905203 -0.0648247 0.351928 0.119921 -0.112639 0.0792001 -0.136529 -0.289767 0.0170706 -0.0470799 0.373522 -0.0668483 0.0932166 0.110234 0.323941 -0.125994 0.515941 1.70591 0.0443133 -0.0275561 0.184715 -0.643758 -0.136393 0.221325 -0.138961 0.389921 0.0565952 -0.980748 0.32353 -0.0988895 0.570645 0.0593275 0.117611 -0.254649 -0.35498 -0.174507 0.427833 0.0974481 0.323834 0.853159 -0.582129 0.0954559 -0.36943 -1.17098 -0.0313205 0.168503 -0.0269286 -0.394134 -0.46662 0.0826041 -0.158809 0.25629 0.479457 0.20596 0.178589 -0.111388 -0.422195 -0.183042 -0.126034 0.170978 -0.0370061 -0.100979 0.267903 0.0128374 -0.229118 -0.412201 0.359942 -0.0216534 0.478548 -0.110444 1.07818 0.5896 -0.336174 -0.126033 0.717215 0.33776 0.0492221 0.033392 -0.352282 -0.31266 0.371735 -0.247899 0.534777 -0.349748 0.10338 0.0544707 0.103233 -0.0371508 -0.234755 0.501286 -0.349344 -0.483547 -0.717608 -0.0858088 -0.170737 0.298165 0.0357207 0.289002 0.160938 -0.276633 -0.495273 0.156406 -0.179844 0.0820276 0.44702 0.208773 0.597294 -0.137663 0.542785 -0.478992 -0.200022 0.529445 -0.0465169 -0.540211 0.0345109 -0.0026522 -0.122016 0.702933 -0.150068 -0.382607 
0.430851 -0.283731 -0.101267 -0.0568323 -0.292867 0.329849 -0.10551 -0.0661789 0.259737 0.0500151 -0.389993 -0.202721 -0.341879 -0.097416 0.613521 0.492578 0.173185 -0.635729 0.340799 0.184792 -0.00252463 0.499452 0.308762 -0.346625 -0.0892395 0.133253 -0.112637 0.323807 0.322068 -0.0650076 0.422643 0.133857 -0.362903 0.606671 0.301957 -0.157149 0.635061 0.00915807 -0.0669496 -0.221003 0.0620819 0.063531 1.16162 -0.00890327 0.440582 0.266867 0.180386 0.182975 0.0589176 -0.305487 0.0634465 0.23127 -0.286916 -0.341059 0.250495 0.0263525 0.00388826 0.775765 0.20719 0.105478 0.195568 -0.220363 0.150392 -0.130084 -0.399465 -0.0771388 -0.328543 0.0182884 0.360929 -0.171254 0.136769 0.290181 -0.162244 0.387632 -0.401201 0.145256 -0.421671 -0.28882 -0.108796 0.078245 0.0596556 0.213819 0.70511 0.0626744 -0.179123 0.180626 0.0834332 0.350748 0.195333 -0.026382 -0.0198875 0.359692 -0.0190379 -0.0682382 -0.263695 0.254153 0.278541 0.345325 0.0740359 -0.11808 -0.171522 0.450316 -0.593193 -0.14059 -0.0566994 -0.0952027 -0.507862 -0.389597 -0.125423 0.379795 -0.195036 0.460791 0.229069 0.458414 0.277261 0.293709 0.182915 -0.324373 -0.0945171 0.0494273 0.288472 0.199447 -0.300594 -0.444148 -0.478162 0.095585 -0.262338 0.159309 -0.0651426 0.34598 0.0388778 -0.438253 0.165054 0.43886 -0.443276 -0.114229 -0.324241 -0.179078 -0.259272 -0.0291478 0.41449 -0.135683 0.286895 -0.358246 
-0.254704 0.0835758 -0.397379 0.183135 0.0802067 -0.122154 0.287509 0.16912 0.156001 -0.250315 -0.219822 0.341465 0.261439 -0.134093 0.455286 0.100538 -0.185809 0.0625093 0.13853 -0.220133 0.257885 0.232023 -0.11108 0.307149 0.148143 -0.0743423 0.11025 0.115283 -0.250179 0.20188 0.304409 -0.197771 0.442922 0.404445 0.083134 0.103347 -0.15525 0.647894 0.333326 0.372346 -0.319125 0.00328233 0.00271744 1.04362 0.0436197 -0.251136 0.485447 -0.323348 0.353804 -0.276558 -0.332576 -0.34656 0.122031 0.0497648 0.481744 0.021012 0.268883 -0.310053 -0.172518 -0.0478892 0.130641 0.214229 0.254213 -0.352589 -0.0270302 -0.488318 0.203628 0.109558 -0.153244 -0.260277 0.00272962 -0.142815 0.41657 0.319094 -0.199716 0.493542 0.247149 -0.0301865 -0.0737441 0.455365 0.0199837 -0.22998 0.054567 -0.239023 -0.836429 0.100287 0.277395 0.140571 -0.422917 -0.208491 0.192765 0.0500478 -0.188465 0.369313 0.227132 0.10652 0.157271 0.350775 0.0895185 -0.365281 0.0944446 -0.160915 0.246601 0.33807 0.0344448 0.597833 0.285578 0.0672271 -0.0820297 0.388507 0.515268 -0.286806 -0.356766 0.344274 0.290003 0.0187697 0.267465 -0.104286 -0.0195032 -0.640845 0.0482001 0.0263489 0.102199 0.337498 -0.118417 -0.349599 0.012034 0.114184 0.222798 -0.289188 -0.12642 0.248278 -0.528058 0.437952 -0.052187 -0.214362 0.095187 0.332377 0.332079 0.305087 0.0532281 -0.515799 0.0223088 0.192635 
-0.0375081 0.319776 -0.119366 -0.289423 -0.411456 0.338492 -0.178064 -0.0780872 -0.413267 0.341302 -0.111605 -0.716246 -0.345301 -0.00724817 -0.112429 0.561322 -0.0456921 -0.132189 0.0721011 -0.168489 -0.187463 -0.239823 0.346797 0.0908769 0.118146 0.583805 0.15805 0.95242 0.594557 -0.128752 0.0410124 -0.390661 -0.57788 0.240222 0.852325 0.0112687 -0.0978826 -0.281376 0.255372 -0.421984 0.194116 0.161841 0.398491 -0.0100925 1.82835 0.451443 0.149832 -0.584276 0.435154 -0.254187 0.160466 -0.0411477 -0.0509775 -0.0899218 0.347998 -0.12531 0.473527 -0.446716 -0.130228 -0.243567 -0.178137 -0.212833 0.691595 0.158126 0.160525 -0.168483 0.0530462 -0.280804 0.00687782 -0.301298 -0.208813 0.195236 -0.133821 0.291145 -0.7169 0.356324 -0.171563 0.285257 0.0935633 0.0391125 -0.878591 0.598069 -0.130506 0.153409 -0.673017 0.413948 -0.212332 0.846481 0.318148 0.188069 -0.312101 -0.681928 -0.285705 -0.499221 -0.338194 -0.339627 -0.635226 0.0609551 -0.229659 -0.196797 -0.341734 -0.160468 -0.0314557 0.0920569 -0.258697 -0.0979241 -0.0740703 0.283822 -0.256511 0.519007 -0.421637 -0.289107 0.0356351 0.253924 0.418704 0.418308 0.620931 0.416008 -0.102885 0.131569 -0.0440874 0.228986 -0.396931 -0.240705 -0.401387 -0.0269885 0.244885 -0.211752 0.125875 -0.303318 0.420908 -0.0965875 -0.059219 -0.529976 0.323968 0.165828 0.0618501 0.390888 -0.743704 0.0390428 0.277023 0.089698 0.459295 -1.20147 
0.0695719 -0.286359 0.443886 0.158133 -0.244071 0.0596804 -0.0592396 -0.362702 -0.168769 0.0876692 0.298002 -0.0819041 -0.458693 0.14333 0.0929249 0.345829 0.44118 0.105782 0.173741 0.275936 0.1904 -0.479105 -0.101138 0.322446 -0.316174 -0.226167 -0.0802277 0.0731242 0.500002 0.12373 0.0713036 -0.0333149 -0.567982 0.367362 -0.0770665 -0.477544 -0.203667 -0.302847 0.333679 -0.427854 -0.227561 -0.654289 0.237118 -0.292506 0.463786 1.75628 0.2082 0.127706 0.0131982 -0.521682 0.386035 0.976184 0.299641 0.28084 -0.10585 0.369495 -0.320684 -0.307104 0.0892461 -0.167226 0.0304464 -0.404342 0.0385185 0.329814 -0.006201 -0.0290244 -0.0722204 0.666356 -0.315682 0.701761 0.176072 0.158631 -0.11346 -0.0620536 0.234479 -0.15367 -0.413647 -0.0285869 0.0133988 0.531539 0.051808 0.0748019 0.0536858 0.681742 -0.0994943 -0.0707596 -0.549229 0.854149 0.183557 0.0467483 -0.389684 0.0800477 -0.1481 -0.0855887 -0.686736 -0.361573 -0.339448 -0.0717491 -0.656413 0.334678 -0.718419 -0.179154 0.262843 0.251949 -0.342713 -0.680762 -0.284929 -0.397218 0.031471 -0.201008 -0.428948 0.0918457 0.769969 0.206741 0.681467 0.211547 0.311748 0.309895 -0.229931 0.404214 0.75534 0.0106017 -0.0111293 0.781971 -0.174114 -0.106081 0.0922131 -0.19978 -0.250758 -0.123292 -0.440498 -0.182597 0.110194 0.144333 0.587291 -0.0544144 -0.363576 0.0741382 -0.939148 0.0520968 -0.018976 -0.452158 -0.598103 0.35727 
-0.178541 0.0347506 -0.0649191 0.104748 0.0762587 0.664368 0.135157 -0.50476 -0.185974 -0.371106 0.200157 -0.0730253 0.342658 -0.15074 0.53093 0.15779 -0.415235 -0.179312 0.401877 -0.208126 -0.0639043 -0.0719805 -0.269903 0.328345 0.223339 -0.233759 -0.251741 0.10769 0.282817 0.0633485 -0.332023 0.0783482 0.252274 0.151062 -0.428308 -0.0494615 0.173605 0.649647 0.201191 0.166495 -0.304877 -0.131512 0.166049 0.459489 0.177587 0.223612 1.24897 -0.457345 0.461766 -0.253064 -0.431169 0.272032 -0.12041 0.333077 0.410346 0.549336 0.293403 -0.125639 0.263367 0.257313 0.389179 -0.312111 0.776896 -0.168731 0.380207 -0.701579 0.0735337 0.255674 -0.0835389 0.339818 -0.0281593 -0.40168 -0.106874 -0.0735086 -0.165018 -0.266604 -0.341482 0.160908 0.410672 0.44193 -0.32064 -0.0276055 0.261561 -0.206123 -0.246449 0.12721 -0.554127 0.0577452 -0.403726 -0.512074 0.0821511 -0.372744 0.0316515 0.0539646 -0.642714 0.394222 0.283478 0.283641 0.265847 0.151381 0.394434 -0.042826 -0.0816315 0.354597 0.220044 0.384966 0.104337 -0.18623 -0.491521 0.308307 -0.0222574 0.37555 -0.351355 -0.00881211 0.436207 -0.0302352 0.237843 0.189641 0.206269 0.12068 -0.0120295 0.0797578 0.269327 0.347954 -0.307356 -0.063955 -0.219497 -0.219629 -0.552867 -0.561778 -0.00956985 -0.106171 -0.024516 0.38407 -0.105841 -0.166491 -0.560051 -0.0555878 0.184408 0.319556 -0.322694 -0.407524 0.154573 -0.175591 
0.193502 -0.148695 -0.341683 -0.0568013 -0.747882 -0.085607 -0.0867598 -0.728261 -0.23532 0.125102 -0.131647 -0.120792 0.0306164 0.2129 0.301371 0.427502 0.424925 0.267678 0.436088 0.527537 -0.0411338 0.104714 -0.176813 -0.377319 0.246397 0.264634 0.201444 0.00632687 -0.247727 0.122305 0.198295 -0.374125 0.152067 -0.168337 0.150293 -0.307442 0.640866 -0.180695 -0.376253 0.405508 0.0723785 0.236864 0.179296 -0.338648 -0.545863 0.153776 -0.446688 2.17169 -0.326334 -0.431428 0.646559 -0.132536 -0.261852 0.00785114 -0.0455542 -0.241817 -0.198475 0.295442 -0.583772 0.293747 0.898552 -0.261216 -1.47587 0.845877 -0.238365 0.819602 -0.727202 0.114306 0.211509 0.160724 0.244416 0.142297 0.287549 -0.453002 0.0345868 -0.221765 -0.00366767 0.126811 -0.470652 0.125254 0.944762 -0.0880926 0.309815 0.625936 0.390489 -0.211925 0.598244 -0.112613 -0.0115927 -0.0783951 0.280267 0.219928 0.426061 -0.0324269 0.203841 0.0986778 0.479483 -0.0585571 -0.111322 0.105271 -0.234119 0.0192234 -0.50052 -0.270429 0.110711 -0.515978 0.183254 -0.542092 0.310332 -0.315647 0.0170038 -0.0806153 -0.175243 0.122041 -0.463213 0.129535 -0.62048 0.425369 0.128086 0.341663 -0.176682 -0.928089 0.0455189 0.398165 0.695978 0.309495 1.04951 0.319114 0.00444062 0.107126 0.164798 -0.103036 0.346428 0.646937 0.32679 -0.719614 0.104399 -0.401254 -0.172659 0.242256 -0.128502 0.173871 -0.180848 0.0517048 
0.0830683 -0.172645 -0.218278 -0.375025 -0.0968032 -0.256715 -0.47309 0.161197 -0.0189551 -0.288696 -0.106874 0.205432 0.287604 0.111716 0.148521 0.725747 -0.0560206 -0.0809225 -0.380901 -0.173687 -0.164507 0.131243 0.167373 -0.0415183 0.107311 0.418038 -0.263084 -0.11322 0.0379031 -0.269543 -0.323796 0.666778 0.272011 -0.407975 0.112435 0.657406 -0.642668 -0.252247 0.231947 0.880241 -0.226884 -0.143961 0.0347004 0.317966 0.453028 0.0187299 0.451885 -0.346872 1.70807 -0.823506 -0.154423 0.26798 0.475392 -0.0334451 0.0219634 0.364653 0.251821 -0.34409 -0.166458 -0.251027 0.359559 -0.531737 0.526794 -0.231291 0.457551 -0.454925 -0.324257 0.143914 -0.346274 -0.00892501 0.470694 0.219405 -0.0699641 -0.180016 0.082314 0.352469 -0.141268 0.857691 0.0387761 0.367212 -0.322982 0.731691 -0.191805 -0.106809 -0.2466 0.354527 0.209265 0.0255121 -0.0105088 0.0799989 -0.347367 -0.952745 -0.206713 -0.305765 -0.376424 0.447125 0.363975 0.372828 -0.148649 0.620401 0.0410437 -0.145506 0.666326 -0.178394 -0.260754 0.0645419 -0.0506189 0.239594 -0.671727 0.698729 -0.223268 0.205281 0.127059 0.251503 -0.265537 -0.0363947 -0.00537074 -0.091137 -0.425686 -1.03913 -0.336861 -0.224287 -0.0870313 -0.0969914 -0.0993835 -0.146569 -0.135728 0.356577 0.120965 -0.15233 -0.0498398 0.0681339 -0.0837125 0.433526 0.214323 -0.146191 -0.314165 -0.0553352 -0.0582238 0.155651 -0.477829 0.175793 0.942523 -0.148289 
-0.191801 0.262267 0.00795545 0.51539 0.658089 0.274046 -0.18505 0.567587 0.167122 0.226647 0.620328 0.0741023 0.00968211 -0.0135878 -0.132654 -0.768102 -0.208391 -0.313323 -0.13071 0.0392784 0.12861 -0.367997 0.388392 0.0659789 -0.0159441 -0.145047 -0.158466 0.138676 -0.231068 0.108552 0.306525 -0.0298124 -0.184306 -0.469712 -0.352739 0.273437 0.375809 -0.0493685 -0.198314 -0.265137 0.275705 0.391636 -0.32299 -0.305681 -0.229598 -0.509435 -0.256229 -0.445252 -0.816791 1.8213 0.215261 -0.157236 -0.221006 -0.0858626 -0.141217 0.32966 0.194531 0.334576 0.511775 0.229354 -0.156805 0.573041 0.242132 0.139697 0.396439 0.423734 0.613655 -0.386282 0.428151 0.145191 -0.716871 -0.0870268 -0.737661 -0.259139 -0.0483449 -0.181852 0.430637 0.0462635 0.45291 -0.33941 -0.000291023 -0.187789 0.2055 -0.388998 0.780469 -0.529678 0.0045689 -0.178455 -0.377979 -0.502444 -0.126619 0.236654 0.273218 -0.0723272 0.625355 -0.324893 -0.673346 -0.185062 0.278313 -0.635048 0.136155 0.582579 0.0442011 -0.147061 -0.295751 0.0989737 0.121188 0.0142186 0.534229 -0.914779 0.1258 0.186704 0.109694 -0.582715 0.122831 -0.244162 0.327387 -0.0763932 0.40764 0.355919 0.237223 0.520092 -0.0148261 -0.413306 0.0358961 -0.225688 -0.136909 -0.367048 0.216598 -0.139758 0.776697 0.635531 0.12245 -0.780523 -0.316021 0.531344 0.315035 0.358023 0.276668 -0.0922793 -0.173303 0.522874 -0.118373 -0.082907 
0.117933 -0.102758 -0.113918 -0.167533 -0.0542127 -0.443561 -0.15181 0.433029 0.181597 0.362319 0.381413 -0.501684 0.213091 0.417768 -0.0480205 -0.0343547 0.440836 0.0973029 0.269442 0.491805 -0.128574 -0.529406 0.375571 0.199345 0.51436 0.718039 -0.726094 0.303798 0.0856211 0.0560467 0.78919 -0.439869 -0.168331 -0.474426 -0.145328 -0.674302 0.142819 0.426071 0.00387738 -0.214588 0.365735 0.0555575 0.043191 -0.364452 0.182302 0.395528 -0.437087 0.629983 -0.150462 0.212508 1.56527 0.458347 -0.29016 -0.372008 -0.395123 -0.206032 0.160344 -0.0118913 0.0964895 -0.11883 -0.0257929 0.113296 -0.653409 0.0101399 -0.137687 -0.148476 -0.293941 0.226298 0.144389 -0.34396 0.0761449 0.254397 0.0317617 -0.278883 0.309726 0.115524 0.0922183 0.808051 -0.326983 0.431767 0.338637 0.0477775 0.189671 0.216551 0.35994 -0.0169648 0.128664 -0.0562864 0.188081 0.0771344 0.141449 -0.167147 -0.198244 0.272533 0.430019 -0.681567 -0.242421 -0.371273 -0.343106 0.249212 -0.281738 0.100297 0.113853 0.149756 -0.167368 -1.18311 -0.00121759 -0.829425 0.286086 -0.320136 -0.251886 0.249254 0.203012 0.177963 0.190052 -0.150177 -0.145108 0.118057 -0.368617 -0.0492916 -0.156294 -0.0043615 -0.00547345 -0.283612 -0.0534565 -0.117969 0.32785 0.0608619 0.318815 0.205997 -0.0158652 0.2324 0.427234 -0.558552 0.64404 0.0351091 -0.0813339 0.0659555 -0.227553 0.61279 -0.33106 0.324079 -0.281372 -0.660676 
0.0405022 -0.519974 0.472969 -0.128969 0.387048 -0.137231 -0.277744 0.340483 0.123546 0.208259 0.585912 0.0610884 -0.123118 -0.0895482 -0.0444899 -0.162701 0.195608 0.0669847 0.178009 0.834452 -0.161788 -0.18819 -0.145021 0.0949194 -0.08024 -0.397843 -0.534554 -0.0263477 0.252927 -0.0399572 0.134154 0.342766 -0.137225 -0.0421267 -0.493663 -0.262699 0.0248939 0.000796504 -0.10609 -0.106133 0.0724455 -0.996573 0.196227 -0.393223 -0.0340993 0.97089 0.251326 -0.1639 0.257154 -0.174777 0.443559 1.45924 0.0737374 -0.156526 -0.529823 0.0830163 -0.201116 0.461014 0.441686 0.0925232 -0.0223311 -0.32638 0.0950119 -0.33061 0.350377 -0.183507 0.115637 0.860597 0.0157335 0.25296 0.000705209 -0.0386462 -0.10649 -0.370891 0.324164 -0.485564 -0.423686 0.381138 -0.171147 0.335234 -0.105556 0.522732 0.304882 0.223711 0.425531 0.0160241 -0.602565 0.122381 0.295592 0.13284 -0.529284 -0.0306524 -0.36665 0.0578496 -0.887134 -0.476132 0.0993693 0.148873 -0.609376 0.278787 -0.0501976 0.139132 0.267066 0.322546 0.0472016 -0.39208 -0.171815 -0.189927 -0.43119 -0.0518363 -0.383494 0.613727 0.758515 -0.529454 0.353659 0.38346 0.0936195 0.00122213 -0.211303 -0.0810274 0.241108 0.162283 -0.167 -0.155504 0.0970266 0.0620604 -0.305358 0.0832193 -0.38995 0.0286584 -0.587525 -0.172451 0.32175 0.264704 0.306096 -0.251277 -0.149311 0.113256 -0.293682 0.102338 -0.331453 -0.246444 -0.0107148 0.0817348 
0.105401 -0.284447 0.466951 0.657869 0.759511 -0.620049 -0.437369 -0.108265 -0.297167 0.273215 -0.325692 -0.0908045 0.0374084 -0.0208282 -0.311813 0.321316 -0.00402536 -0.133748 -0.77195 0.0735794 0.327559 0.333049 -0.151756 0.360278 -0.477706 -0.582811 0.16513 0.0464721 -0.228973 0.612295 -0.163306 0.586706 -0.00216068 0.0625203 0.0916382 0.600995 -0.67581 -0.287411 0.660223 0.388357 0.162834 0.331777 -0.297887 0.0994402 -0.0198563 0.318419 -0.117044 -0.269143 0.488639 -0.214474 -0.280875 0.0978102 1.56806 0.173601 -0.0184077 -0.0478404 -0.256842 -0.632677 -0.0628323 0.126283 -0.00275498 -0.0294825 0.37277 0.0623287 -0.263649 0.544238 0.0192652 -0.387568 -0.399395 0.188615 -0.28327 -0.0802728 0.0771046 0.16676 0.168362 -0.105334 0.433166 0.333972 -0.120854 0.211626 -0.57054 0.185797 -0.0843103 0.307126 -0.192636 0.201353 0.0796957 0.156087 0.190521 -0.399421 -0.237087 0.0926592 0.331959 -0.208482 0.111975 0.19428 -0.452927 0.10097 -0.205804 0.426558 -0.150768 -0.715393 0.426735 0.0368477 0.320241 -0.125197 0.191896 0.157614 -0.15921 0.198991 -0.221763 -0.465757 1.01974 0.0896105 -0.357402 0.00880545 -0.376038 0.128155 -0.757276 -0.330697 0.460048 -0.0260014 0.335412 0.4983 -0.232158 0.220023 -0.322535 0.354324 0.385923 0.0145839 -0.327203 -0.028604 0.171691 -0.153945 0.291538 -0.00259178 0.257803 -0.450905 0.231836 -0.126964 -0.148543 0.0321079 0.0988152 0.854987 
0.163295 0.266497 0.533979 0.56667 -0.14702 -0.0971512 0.39265 -0.761387 -0.837615 -0.27953 0.020828 0.664189 -0.135422 0.13902 0.0922294 0.565431 -0.00856667 0.509221 -0.269809 -0.29068 -0.250803 -0.861974 0.154621 0.271801 -0.182874 0.050803 0.250314 -0.504816 0.586786 0.368026 0.0163152 -0.212225 0.577372 -0.0633618 0.180763 -0.180488 -0.111734 -0.242017 0.48552 -0.021643 -0.67041 -0.0943648 -0.355752 0.0234511 -0.0625233 0.295896 0.332721 -0.00316258 -0.0239209 -0.0830532 -0.366446 -0.136176 0.169878 1.54141 0.237407 0.469315 -0.177627 -0.396206 0.0243968 -0.238336 0.313491 -0.0265689 0.0635263 0.00920716 0.319217 0.375794 0.378444 -0.040629 0.22919 0.177325 -0.324029 0.356047 0.553688 -0.0957621 0.40605 -0.1809 -0.301492 -0.31872 0.511367 -0.458354 -0.317969 -0.622095 -0.222433 0.421105 -0.0244196 0.19288 -0.461351 -0.651443 0.0723722 0.414412 0.0838478 0.213852 -0.0400283 -0.0642439 -0.0568817 0.048097 0.118277 -0.538691 0.0191406 0.315501 -0.146796 -0.326663 0.246082 0.258633 0.29511 0.432161 -0.13247 0.158216 -0.233076 -0.117661 0.160632 0.0191391 -0.455979 -0.282292 0.214376 -0.208372 -0.0647104 0.764012 0.237116 0.628069 0.134285 -0.0457799 0.363104 0.577852 -0.202682 -0.492047 -0.0395942 0.160119 -0.422877 -0.363521 0.5512 0.133758 -0.0197457 -0.152233 -0.139881 -0.0592863 -0.537221 -0.276307 -0.0697387 -0.283214 -0.20771 0.375317 0.268549 0.379351 
-0.0250367 0.585623 -0.368648 0.0440691 0.102227 0.366815 0.0903944 -0.307478 -0.333308 -0.0200254 0.0211236 -0.114777 0.364993 -0.23671 0.333825 0.521378 0.0826666 -0.412081 -0.167869 -0.0779519 -0.177393 -0.308224 -0.205658 0.841973 0.196231 -0.181735 0.31211 0.253963 -0.063627 0.0250944 -0.0107119 -0.508097 -0.0873793 0.39323 -0.0600339 -0.216239 0.0343824 0.15449 0.416773 0.0217453 -0.039048 0.577711 0.238343 0.457971 0.377937 -0.0882534 0.412531 -0.054027 0.0340285 -0.135866 -0.38702 -0.506932 -0.0195896 0.239948 1.24791 0.471151 0.20221 0.130379 -0.224745 -0.074643 0.272936 -0.360598 0.432526 0.295122 -0.259122 -0.265703 -0.356231 -0.466543 0.172391 0.165417 -0.32007 -0.238352 0.337885 0.309331 -0.420675 0.468674 0.222274 -0.387725 0.0938652 -0.23281 -0.152047 0.139957 0.10706 0.267437 -0.787237 -0.157815 -0.0496055 0.241065 -0.645242 -0.00386627 0.467584 0.150531 0.230523 0.248756 0.0387878 0.678991 0.151825 0.0274386 -0.114208 -0.112216 -0.102902 -0.157738 0.0252727 -0.160195 -0.1705 0.411951 0.345637 0.148283 -0.14626 0.104088 0.668446 0.0434069 -0.436068 0.517058 0.548842 -0.170744 -0.481555 0.0923832 0.280891 0.127001 0.182962 -0.0380857 -0.639545 -0.142351 -0.252772 0.27224 -0.38198 -0.320869 0.189062 -0.0953215 0.52415 -0.151537 -0.0432439 0.315377 -0.0489418 -0.321795 0.141074 0.00220287 -0.428434 -0.397285 0.159336 -0.0842886 -0.00249563 -0.0815301 
0.526622 0.0819992 -0.382334 0.0944767 -0.282604 0.294972 0.19577 -0.464858 -0.410266 -0.384865 0.27589 0.0291941 -0.196186 -0.0916734 0.427804 0.521042 -0.331461 -0.655918 -0.532644 -0.460177 0.123132 -0.694637 0.108035 0.472215 0.189219 -0.201326 -0.280935 -0.659368 0.0650831 -0.557162 -0.314548 0.152643 -0.0119915 -0.267511 -0.497349 0.296324 -0.40142 -0.206683 0.111432 0.0547686 -1.05289 0.015091 -0.0371018 -0.0540629 -0.146673 0.33579 0.500219 -0.301592 0.325416 0.283709 -0.249231 0.0546051 -0.100324 0.420554 0.419848 1.69529 -0.0328482 -0.0561445 0.265028 0.183087 0.357406 -0.245067 0.403304 0.32297 0.251986 -0.268668 -0.0397463 0.239474 0.133438 0.880146 -0.23604 -0.106061 -0.487091 -0.613651 0.133598 -0.122374 -0.089955 0.0743468 0.468701 0.242419 0.481369 0.0151932 0.276609 -0.394842 0.187799 -0.270886 -0.560061 0.0213149 -0.604456 -0.396298 -0.00562171 -0.155377 0.00854052 -0.0517563 0.0393987 0.695773 0.151474 -0.487436 -0.489305 -0.0530447 -0.458335 0.410258 0.551918 -0.209805 -0.633526 -0.350925 -0.0513733 -0.0867828 0.368188 -0.220944 0.293216 0.345376 0.266003 0.176981 0.43565 -0.206287 -0.211965 -0.360268 0.506235 -0.212824 0.521933 -0.110911 -0.511683 0.243201 -0.361632 -0.18508 -0.607791 -0.201031 0.00916149 -0.0402616 0.832557 0.193042 -0.106225 0.0232566 -0.276099 0.439379 -0.578796 -0.117765 -0.290007 -0.170077 -0.557796 0.129858 0.149987 0.0981345 
-0.0501576 0.614982 0.129113 -0.207513 -0.170192 0.102343 0.077391 0.214795 0.102185 -0.224114 -0.0266429 -0.348492 0.528523 -0.0600338 0.128248 -0.0806785 -0.159027 0.0986648 0.188979 -0.0755705 0.195194 -0.166315 0.359175 0.152429 0.389846 0.529248 -0.241801 0.568296 0.262743 -0.216358 0.0397811 -0.0133269 -0.0330537 -0.104199 0.12699 0.265584 0.296861 0.497801 -0.0677668 0.196647 0.149412 0.145981 0.0130407 0.266414 0.524771 -0.281783 0.316893 -0.185643 0.285191 0.221186 0.189752 -0.156921 -0.236719 -0.153781 0.223515 0.0397585 0.785642 -0.128265 0.016159 0.207338 -0.0450395 -0.165954 0.423762 -0.269908 0.620405 0.0132715 -0.104074 -0.0349731 0.0737884 -0.140348 -0.239971 -0.0912913 -0.0721914 0.0391877 -0.212201 0.206188 0.131997 0.360701 0.151136 -0.133101 -0.105944 0.1555 -0.101262 -0.559152 -0.0511011 0.139338 0.0728221 0.191375 -0.112943 -0.330484 0.242364 -0.668171 0.0951502 0.18111 -0.0830988 0.0743098 -0.0759936 0.168243 -0.0364016 -0.00837556 0.226903 0.153223 0.241431 0.128608 -0.0250794 0.00951579 0.224688 0.0164327 0.0950309 -0.0790435 -0.0455581 -0.303313 -0.313086 0.194057 0.189442 0.261966 0.283416 0.153432 0.38625 -0.0500462 -0.573836 -0.188533 -0.07892 -0.320729 -0.15327 -0.0162275 0.221806 -0.356853 0.0819465 0.0147663 0.304252 0.183829 -0.15725 -0.0846028 0.42405 0.0140867 0.274926 0.00799597 0.30702 0.196177 0.126186 -0.100275 0.119481 -0.513979 
0.606005 0.107129 -0.0145463 -0.541647 0.251247 -0.0590776 -0.0789436 0.619338 0.525995 0.376047 0.269378 0.350761 -0.233225 -0.501673 0.777748 -0.286832 0.330643 -0.24678 0.046751 0.671002 -0.2511 0.198495 -0.136273 -0.29565 -0.0302442 -0.207203 -0.0993148 -0.258613 0.159972 -0.0869228 0.0520159 0.0284761 -0.0435414 0.142145 -0.23169 -0.329899 1.08687 -0.303235 -0.403391 0.328111 0.0812006 -0.271234 0.739962 -0.357476 -0.440427 -0.313158 -0.147105 0.263319 -0.355675 0.316275 -0.0274384 0.460255 -0.65751 -0.417316 0.106729 -0.0284929 -0.17322 1.96545 0.252405 0.322369 0.0326368 -0.391727 -0.00925284 -0.274884 -0.25591 0.0829704 -0.468001 -0.165981 0.417326 -0.0639714 -0.00506769 0.175174 -0.183199 -0.00606807 -0.141954 -0.158685 -0.47966 -0.474736 0.116395 -0.571248 0.261446 0.174924 0.544255 0.212954 0.412208 -0.362528 -0.0124698 -0.421705 -0.203426 0.253183 -0.174295 0.737365 0.0838908 0.495111 0.116583 0.03448 0.335966 0.392767 -0.166618 -0.178719 -0.0239669 0.460421 -0.699158 -0.0393881 -0.0474912 0.200478 -0.440659 -0.0297427 -0.137792 0.145634 0.170709 0.783226 0.227641 -0.690967 -0.145849 0.358843 -0.113493 -0.487623 0.307637 -0.150577 -0.201125 0.174975 -0.930796 -1.08703 -0.0289751 0.496342 -0.787025 -0.435911 -0.359127 0.0817104 0.254824 -0.367707 0.536177 0.632168 -0.591694 -0.57962 0.319342 0.348035 -0.164203 -0.275536 0.139692 0.295381 0.339924 -0.00650124 
0.331533 -0.222182 0.651902 0.0194015 0.369809 0.244273 0.499756 0.2038 -0.242767 0.333072 0.512398 -0.480065 -0.534594 0.502793 -0.00364167 -0.512855 -0.180678 -0.622337 -0.0301376 0.338449 0.0969639 -0.0429408 0.0763761 0.277241 0.140401 0.157138 -0.559266 0.0732854 2.64403e-05 0.093615 0.287303 0.921919 -0.0348834 0.179567 -0.698623 0.0322158 0.315768 0.194568 0.321189 0.0404563 -0.115266 -0.359341 0.183611 -0.207718 -0.111716 0.0954159 0.254124 -0.603672 -0.16582 0.505698 0.0931659 0.45315 -0.0754411 0.0155108 -0.236172 0.304903 -0.0165725 0.264629 1.40774 0.313138 -0.267753 0.302369 -0.164691 -0.565129 -0.0203535 -0.342317 0.343642 -0.0685198 0.577282 0.0487806 -0.0141852 0.357405 0.112013 -0.0787997 0.132844 -0.255505 -0.0158232 -0.263125 -0.206406 0.0344546 -0.0987045 -0.16678 0.136881 -0.711279 -0.0125658 0.13058 -0.56461 -0.296859 0.221448 0.0426798 0.487106 -0.135729 0.152461 -0.379541 -0.500705 0.125711 -0.243114 -0.346069 0.437335 -0.223185 0.387401 0.324603 -0.158691 -0.438673 -0.168956 -0.309695 -0.739653 0.245837 -0.160739 0.0958126 -0.0941841 0.681043 0.383703 -0.0217991 0.368817 -0.402301 0.381664 -0.231377 0.325525 -0.0223982 0.327761 0.467131 0.294875 0.0214277 -0.128352 0.295107 -0.309233 -0.465301 -0.247844 -0.0337262 -0.189095 -0.0822898 -0.00325276 -0.744563 -0.248168 0.188486 -0.163291 -0.0295356 0.214599 0.00569743 -0.44915 0.0580819 0.303277 0.248732 
0.747441 0.256838 0.0939389 0.230931 0.314284 0.192257 0.40374 -0.545305 -0.601444 -0.19404 -0.111022 -0.755343 -0.101003 -0.404804 0.426126 -0.396887 0.151017 -0.747184 -0.55337 0.0458697 -0.0735383 0.0692357 -0.300153 0.331991 0.387303 -0.159808 0.0456502 0.367445 0.028861 0.430671 -0.50731 0.0583724 0.214919 -0.14474 -0.139973 0.42595 0.24917 0.3829 -0.345841 0.174734 -0.215251 -0.176941 0.0838258 -0.081162 -0.223128 -0.159129 0.249998 0.275775 -0.248462 0.225205 -0.120227 0.105914 0.115601 -0.245295 -0.0841431 0.224889 0.176534 0.33652 0.315065 1.65069 -0.249758 0.0383519 -0.0203922 -0.216392 -0.3366 0.218517 0.0512761 -0.039116 0.120253 0.0629535 -0.181249 -0.123098 -0.160352 -0.20653 -0.385755 -1.2162 -0.202546 0.106242 -0.175639 0.363496 0.630819 0.465337 0.39172 -0.500114 0.474862 0.127064 -0.267702 0.0321432 0.0112461 -0.784808 0.277622 0.00210683 0.232191 0.107072 -0.0211054 -0.0887994 0.215563 0.121067 -0.23967 -0.226901 0.332533 -0.195204 -0.46494 0.219992 0.285834 -0.153304 -0.0946922 0.159209 0.658221 0.153213 -0.557313 -0.617719 0.563158 -0.365517 -0.328498 0.596334 0.0214229 -0.323691 0.277014 0.165747 -0.0541169 -0.826169 0.0722552 0.193822 0.197773 0.947322 -0.0131107 -0.231759 -0.32608 -0.182325 0.25438 0.262173 0.120969 0.127632 -0.307558 -0.064849 0.440029 0.23458 0.766779 0.49796 0.0619331 -0.444218 0.303841 -0.118735 
-0.160097 -0.460438 -0.590368 0.066153 -0.383325 -0.0322245 -0.634609 -0.427835 -0.325835 0.00846921 0.217315 0.187691 -0.107499 -0.114835 0.296406 0.920022 -0.477713 0.053552 0.669153 0.351385 0.261395 0.0960685 -0.138224 -0.300365 -0.134887 -0.441003 0.129423 -0.103651 -0.181935 -0.0685891 0.448394 -0.0266899 0.582489 0.0106923 0.153846 -0.162856 0.561211 -0.105896 0.100479 0.553087 -0.306566 0.435146 0.183662 0.107115 -0.147951 0.04829 0.391611 0.890326 0.371871 -0.151208 -0.0174427 0.000806647 -0.00369 0.316279 0.273183 0.408955 -0.0660972 0.0565341 -0.256079 -0.240011 1.52928 -0.443394 -0.441119 0.653574 0.278078 0.332653 -0.226328 -0.204345 0.282151 0.461738 -0.179825 -0.30767 -0.189844 -0.74087 -0.00953027 -0.0222744 0.0722323 0.332276 -0.245404 0.242931 -0.228476 -0.110326 0.180841 0.186213 -0.116624 -0.140106 0.0985125 0.00673148 -0.343734 -0.455867 -0.0325779 -0.255729 0.156721 -0.455901 -0.0204611 0.296972 0.191087 0.283616 0.338557 -0.0511962 -0.0199912 0.537071 0.0288131 -0.293068 0.274936 0.020879 0.444611 -0.351243 -0.616401 -0.039661 0.17378 0.471302 -0.293596 -0.0355593 0.134664 0.0315137 -0.36231 0.327938 0.342785 -0.193447 0.329172 -0.0714517 0.128854 0.186412 0.0687702 -0.487557 0.435237 0.400398 -0.0659776 -0.325306 0.534352 0.034009 0.314091 0.632904 -0.20865 -0.504692 -0.252104 -0.47163 -0.278013 0.167573 -0.939383 0.388168 0.312401 0.0129499 
-0.0896506 -0.365144 -0.372534 0.459683 0.223255 0.326893 0.688007 0.128435 0.144238 0.54866 0.00533471 0.0411971 -0.306954 0.492124 -0.336785 -0.431154 -0.318696 0.112247 0.0514497 -0.230271 -0.0300983 0.493273 0.105765 -0.164851 0.418643 0.0946132 0.126749 -0.165073 -0.416807 0.111384 0.119878 -0.0924538 0.141447 0.09131 0.0304328 0.317677 -0.47766 0.2541 -0.0146711 -0.49429 0.013488 0.119936 -0.217092 0.205879 -0.167471 -0.371323 -0.294504 -0.254266 -0.50425 0.593814 0.136822 -0.288067 -0.0152417 -0.00860532 -0.345175 -0.178342 -0.171836 -0.352653 0.329219 0.0632746 -0.428218 1.38802 -0.27762 0.181445 -0.229626 -0.191582 1.01386 0.377517 0.284413 -0.36482 0.0205622 0.101192 0.246596 0.08941 -0.0865175 0.0356365 0.353077 -0.00502324 0.0332691 0.439816 0.282543 -0.290159 0.353059 -0.178631 0.113188 0.10575 0.0319098 -0.359999 0.273072 0.333823 -0.10341 0.554569 -0.324368 -0.0963175 0.612464 -0.228543 -0.158949 -0.631225 0.229813 -0.725535 0.0541742 -0.0584046 -0.244153 0.244442 0.0924015 0.179563 0.0830863 0.247148 0.511048 0.208815 0.442213 -0.0155811 0.0811847 -0.204979 -0.288456 -0.26618 0.265134 -0.13941 -0.255783 0.0272432 0.22324 0.497532 0.347577 0.359748 0.331458 -0.0986301 0.180331 0.61876 0.326957 0.0871023 -0.147107 0.13374 -0.367685 -0.818228 -0.241486 0.783778 -0.148134 0.423697 0.482434 0.178637 0.190349 0.0676463 -0.0383429 -0.230131 
-0.0913146 0.463438 0.116683 0.146096 0.556723 0.433807 -0.370112 0.168633 0.446176 -0.310815 -0.187346 0.13656 0.602056 -0.595402 0.186425 0.0631556 -0.284692 -0.123544 -0.318233 -0.733061 -0.0505345 -0.00289622 0.167982 0.201012 -0.210514 -0.34672 -0.0610194 0.0746953 0.629926 -0.10527 -0.820065 -0.0159243 -0.413339 -0.0199138 0.0646709 0.395957 -0.337606 0.105492 0.135321 -0.306496 0.172081 0.299255 0.106595 0.198795 0.68989 0.0244706 0.747436 -1.51599 0.507215 0.215837 -0.67695 0.0862581 0.339944 0.0344225 0.400881 0.422961 0.370813 -0.0172471 -0.184908 -0.0425369 -0.473011 -0.324687 2.08359 -0.211775 0.383092 -0.430278 0.0886398 -0.14397 -0.557734 0.237161 -0.298146 -0.46483 -0.798194 0.474658 -0.23262 0.0438275 -0.289493 0.220781 1.12629 -0.166001 -0.883302 0.30776 0.077011 0.0129655 0.1052 0.0633885 -0.439372 0.311795 -0.272436 -0.435533 -0.652623 -0.124013 -0.0408358 0.348683 -0.0712332 0.297083 -0.249413 0.402811 -0.132979 0.453731 0.0203304 -0.238002 0.179505 0.635874 0.107192 0.521072 0.197904 -0.0378235 -0.190818 0.218415 -0.24101 -0.024338 0.166624 -0.163362 0.105197 0.20133 0.264964 -0.119369 -0.324652 0.161877 -0.166805 0.536425 -0.27375 -0.47271 -0.907619 -0.0925407 -1.10163 -0.287281 -0.163143 -0.141008 0.19244 -0.161589 0.137032 0.0067178 -0.0982171 0.536582 -0.291915 0.0621502 0.0910402 -0.205597 0.46559 -0.0898571 0.0477287 -0.361346 
-0.181228 -0.0559453 -0.881918 -0.110678 -0.375703 0.801332 -0.214517 -0.574018 -0.0163416 0.666334 0.42979 -0.208765 -0.159928 0.235815 -0.345882 0.469682 -0.179542 0.3053 0.394592 -0.184375 0.116476 0.327718 -0.432736 -0.158546 0.19704 -0.363077 0.789348 -0.202159 -0.263426 -0.308707 -0.79641 -0.383153 -0.289793 -0.0279174 0.210093 0.0524087 -0.224624 -0.690506 -0.0646496 -0.224342 0.226311 0.85107 -0.151391 -0.385517 0.17891 0.338256 -0.175701 0.828249 -0.228381 0.135892 0.00908811 -0.316875 0.0519917 0.00259293 0.285967 0.365117 -0.300367 -0.260389 -0.562857 -0.216047 0.644172 0.156867 -0.189286 1.85328 -0.116325 0.192439 -0.0426093 -0.105996 -0.183382 0.999514 0.337782 -0.435553 -0.551271 -0.519464 -0.210464 -0.0069495 0.227216 0.13247 0.257984 0.29923 0.156896 0.185121 -0.0780434 0.78913 0.254764 -0.50356 -0.0408881 0.492718 -0.256451 0.0645234 -0.374874 0.0381394 0.257443 -0.467091 0.433416 0.396816 -0.287638 -0.326455 0.102618 -0.0340281 -0.428833 0.00696644 -0.319661 -0.27306 -0.150575 -0.212803 0.656288 0.0826748 0.264081 -0.0774518 0.286326 0.123269 0.0777018 -0.0849352 -0.398012 -0.200725 -0.436836 0.23938 0.0868232 0.562413 0.335085 0.0524866 -0.21749 0.539021 0.541533 0.333104 0.490188 0.096129 0.140106 -0.157467 0.344431 -0.287188 0.32278 -0.0981505 0.230387 0.437803 -0.064675 0.126181 -0.799784 -0.162824 -0.200925 0.449794 -0.440126 -0.253291 
-0.649575 0.207168 0.498701 -0.0853139 -0.42881 0.249412 -0.140266 0.122912 0.137491 -0.193857 0.196885 0.441978 0.43915 0.048879 -0.175943 -0.235388 -0.689523 0.771938 0.375657 0.179256 0.163274 -0.338036 0.427026 -0.44923 0.0387861 0.233936 -0.477766 0.0564926 0.161907 -0.699347 -0.165898 0.447138 -0.21063 -0.44144 -0.244965 0.764937 0.15372 -0.163513 -0.392505 0.355295 -0.106345 -0.585823 -0.422376 -0.0615624 0.179705 0.000636431 0.371633 -0.257597 0.458857 0.39103 -0.140343 0.362508 -0.27559 0.310999 -0.269881 0.292529 0.588341 -0.243019 -0.0196859 -0.337859 0.267072 -0.255808 0.403977 -0.117929 1.8649 0.606552 0.266514 0.780966 0.111152 0.247048 -0.695819 -0.175032 -0.174726 -0.44605 0.0758085 0.246632 0.0930957 0.464941 0.627027 -0.486339 -0.30962 0.0134273 0.043304 -0.467728 0.467936 -0.044109 -0.0858435 -0.1141 -0.105463 -0.185531 -0.546125 -0.748776 0.108255 -0.181767 -0.888217 0.154675 -0.064321 0.018766 -0.378767 -0.169708 0.105235 0.322705 0.720761 0.155988 -0.229269 0.389609 0.316869 0.209477 -0.287077 -0.609076 0.218888 0.103449 -0.32024 -0.517022 0.123401 0.332307 0.494241 0.773044 0.569631 0.023708 -0.650227 -0.0332823 -0.140676 -0.0725308 0.299209 -0.618989 0.473941 -0.1072 -0.128911 -0.14151 0.225997 0.0753598 -0.404592 0.0712173 0.743959 -0.165434 -0.0308549 -0.273695 0.168515 -0.330908 -0.0989823 0.0608282 0.192721 -0.132637 
0.141587 0.0497504 0.804674 0.548477 -0.334672 -0.558566 -0.374286 -0.386989 -0.399785 0.118062 -0.663304 0.117479 -0.287315 -0.27414 -0.176588 0.158181 -0.198404 0.318084 -0.300143 0.408354 0.436318 -0.00457513 0.424023 -0.65672 -0.660447 -0.211288 0.195791 0.170814 0.0683795 0.0786187 0.258645 0.257547 -0.298119 -0.0576338 0.550931 0.681161 0.541562 -0.797251 -0.283575 0.213692 0.000107519 0.0793523 -0.11246 -0.53526 -0.161713 -0.0345968 -0.722564 0.78796 -0.466029 0.405915 -0.163541 -0.183785 0.519887 0.355166 -0.288872 -0.240535 -0.0312023 0.0834517 -0.35406 0.204848 0.309237 -0.230174 -0.421802 0.178425 0.594142 2.05695 -0.105351 -0.227681 0.308599 0.0301419 -1.11488 0.13251 -0.0223368 -0.135454 -0.0528317 -0.210324 0.273687 -0.160547 0.0426976 -0.914722 -0.133785 -0.238186 0.225066 0.061652 0.534538 0.00741966 0.377154 -0.069526 0.36227 -0.451515 -0.329807 0.307287 0.612858 -0.310474 -0.0665823 -0.0303552 -0.381175 -0.0299851 -0.484151 -0.276016 -0.377209 0.0387706 0.0854994 -0.114924 0.252315 -0.0269352 0.0822593 0.048544 0.296838 -0.74132 -0.158134 -0.712563 0.497819 -0.391433 -0.405521 0.71888 -0.117283 0.686081 0.264857 0.407122 -0.0372503 -0.473949 -0.0891214 0.0112368 0.101177 -0.146786 0.492415 0.214438 0.206815 0.307758 0.531746 -0.0303005 0.0564949 0.032921 0.276341 -0.392177 0.579963 -0.842751 0.238115 -0.591719 0.339684 0.319011 0.103683 0.518509 
-0.285096 -0.308029 -0.0702246 0.580448 0.396702 0.328662 0.34246 0.113845 -0.260727 0.0874801 0.328483 0.362556 -0.422472 0.0663341 -0.589901 -0.250614 -0.353178 0.176311 0.0634634 -0.0850047 -0.0851768 0.0570484 0.0957276 -0.0303421 0.0140032 -0.417827 0.406571 -0.0454818 -0.0756079 0.110957 0.177071 -0.0858203 0.447691 0.1317 0.243959 0.296761 -0.503896 0.0933624 -0.0744493 -0.68324 -0.164633 -0.351629 -0.329959 0.190591 0.0937212 -0.0438881 0.0864539 -0.724939 -0.301457 0.629741 -0.275102 0.149263 0.0288189 0.39172 -0.345496 0.0222914 -0.114643 -0.433615 0.365804 0.0715117 -0.215839 1.00917 0.13102 -0.0227185 0.288009 -0.0714464 1.4554 0.498402 0.354827 -0.0924771 -0.234626 -0.0603685 0.0708751 -0.177398 -0.0325509 -0.393805 0.0893239 -0.08837 -0.0403812 0.225384 -0.190612 0.0884077 -0.0125818 -0.266634 0.148082 0.163103 -0.427448 -0.0592018 0.357039 0.33544 -0.348814 0.218391 -0.657868 -0.365898 -0.0422277 -0.586213 -0.0749682 -0.30131 0.15339 -0.690405 0.241815 0.257206 0.236448 0.308472 0.278798 0.646011 0.221317 0.640402 0.0758918 -0.00592654 0.133618 -0.0957381 -0.0111287 -0.570517 0.208749 0.147452 0.480984 -0.0151658 0.151518 0.244282 0.515812 0.476051 0.398539 0.259944 0.369577 -0.425948 0.15201 0.660317 -0.0579619 -0.086423 0.0378216 0.431763 -0.424597 -0.470807 -0.470376 0.718777 -0.0538134 0.556646 0.286965 0.00758265 -0.0146177 -0.109763 0.163365 -0.146947 
-0.323799 -0.548328 -0.0627812 0.040273 -0.447197 0.389105 0.48992 -0.174677 0.33063 -0.169391 -0.0556139 0.385448 0.157505 0.13306 -0.0827779 -0.231737 -0.208803 0.429958 0.326619 0.208294 -0.217468 0.0336475 0.0371828 -0.263955 0.385213 -0.0563424 -0.52193 -0.362761 -0.100426 -0.672682 -0.126031 -0.0200782 -0.291439 -0.0261825 -0.491909 0.261697 -0.598106 0.282955 -0.613603 -0.465441 -0.372866 -1.19288 -0.022831 0.0568177 -0.279832 0.654986 0.228891 0.0768659 0.127012 -0.409899 0.205434 0.854521 -0.417717 -0.0670553 -0.49551 0.261809 -0.0852449 -0.171298 -0.0860601 -0.0585832 -0.233559 0.333127 -0.141292 -0.125808 0.762758 -0.233479 0.458699 1.90071 -0.00303723 0.054999 -0.0493681 -0.168118 0.281252 -0.231511 0.147713 -0.0438391 -0.228478 0.263603 0.128532 0.531467 0.756252 0.212521 0.72576 -0.0812394 0.406169 0.079996 -0.27707 -0.0068744 0.18374 0.296337 -0.591538 0.203036 -0.591502 0.283435 -0.880203 -0.0523352 0.674739 -0.343727 -0.984799 -0.29806 -0.231984 0.0708907 0.405369 0.606487 -0.21654 -0.0177374 0.158174 -0.18974 0.232664 -0.173361 0.355406 0.204957 0.139604 -0.174586 0.208176 0.385965 0.160167 0.0903748 -0.117336 -0.0479196 -0.0753488 -0.158101 -0.25989 0.35732 0.502483 -0.311471 0.216066 0.689535 -0.0880861 0.371437 -0.666016 -0.218399 -0.582906 0.422604 0.501857 0.107956 -0.548339 0.0263103 0.0799327 -0.0184972 0.358636 -0.747275 -0.315225 -0.174866 
0.230288 -0.125579 0.10321 0.191441 -0.0228524 0.193568 0.251532 -0.103691 -0.546164 0.246065 0.135389 -0.200203 -0.306432 0.152653 -0.125465 0.21771 -0.187012 -0.434185 0.0657097 0.558681 -0.274736 -0.177553 0.344647 0.0749021 0.254934 0.0961748 -0.151588 0.202367 -0.071043 -0.144436 0.74879 0.0779939 0.174179 0.161063 -0.0304086 -0.0101114 0.420986 0.0699495 -0.0773235 -0.267794 -0.0796509 -0.0146192 0.358412 -0.167382 0.0464529 -0.288449 -0.0717185 0.212671 -0.324574 0.443137 0.162128 0.0482602 -0.390941 0.241367 0.182027 0.194376 0.0621196 0.450613 0.598345 0.139389 0.29154 0.278626 -0.516453 -0.164591 0.131547 0.341404 0.353727 0.0355657 1.08602 -0.318557 -0.602005 0.230818 0.462138 -0.20551 -0.171195 -0.0828722 0.123312 -0.243958 -0.406809 -0.406955 0.0136496 0.131569 0.492277 -0.350267 0.0235471 0.183036 -0.205796 -0.425736 0.250231 0.322761 0.395345 0.192679 -0.0856338 -0.331426 -0.300864 0.140394 0.29597 -0.440109 0.0109838 -0.572541 0.187641 0.583706 -0.0935716 -0.386868 0.108316 0.0832569 -0.11662 0.239728 -0.148183 -0.120487 0.362055 0.466032 -0.175178 -0.0365677 0.400471 0.05248 -0.236591 0.0885576 0.511969 0.228308 0.222724 0.126964 -0.255906 -0.503837 0.119241 0.0131086 0.0343508 0.373722 0.0680494 0.369095 0.532177 -0.0397414 -0.0296935 -0.276517 -0.387861 -0.0650247 -0.013856 -0.285594 0.0618394 -0.342834 -0.126516 0.299059 0.561253 -0.364948 
0.173136 0.161392 0.0141429 -0.223222 -0.173463 0.418549 -0.0595408 -0.248997 0.146476 -0.039515 0.64333 0.0108624 -0.128581 -0.0490849 -0.0988192 0.172851 -0.159609 0.203437 0.238729 -0.160255 0.698027 -0.0010551 -0.411186 0.171509 -0.166072 -0.699486 0.442823 -0.508379 0.148751 -0.420369 -0.846316 0.390095 -0.069227 0.154099 -0.264263 0.0761511 -0.0283813 -0.406877 0.0830424 0.076034 -0.276581 0.169136 -0.189839 -0.290483 -0.277791 0.712925 0.33557 0.145819 -0.00329257 0.144108 -0.342289 0.269418 0.181 0.173433 0.158984 0.925015 -0.168086 -0.0467535 0.0537749 0.0660209 0.455059 -0.386675 0.262373 1.00224 0.251375 0.0468785 -0.109645 0.0775336 -0.334626 1.54712 0.409426 -0.463558 -0.751669 -0.617697 0.335979 -0.316126 -0.0439319 -0.179439 0.288897 0.139676 0.239327 -0.0188749 -0.47656 0.0514373 0.352934 -0.535184 -0.565839 0.592206 -0.344394 -0.283875 -0.100087 -0.250737 0.294657 -0.141703 -0.0977784 0.525188 -0.183092 -0.0343468 0.0223655 0.398002 -0.231909 0.362148 0.271078 -0.255381 -0.166073 -0.325262 0.28147 0.118827 0.209368 -0.334361 0.00954867 0.144056 0.411026 -0.0292951 0.103969 -0.0342334 -0.172511 -0.210234 0.629273 0.337324 0.481067 -0.0305868 -0.0521567 0.56774 0.119823 0.23944 -0.118663 -0.556643 -0.30079 -0.00629644 0.0504721 -0.166269 0.213096 0.271328 0.187926 0.429432 -0.024515 -0.0693836 -0.515155 -0.212839 -0.423985 -0.0398628 -0.653053 0.680739 
0.232633 -0.0203677 -0.362172 -0.778779 -0.268841 0.263177 0.125612 0.286647 0.6667 -0.361399 0.364967 0.240749 -0.115225 0.505097 -0.0501757 -0.0297446 0.788851 0.180794 0.269486 -0.563339 -0.0234108 0.482818 -0.260948 -0.248147 0.085457 0.512709 0.51834 -0.485217 0.15088 -0.0648233 -0.706724 0.32432 0.313484 -0.0213166 0.160821 -0.361269 -0.324214 -0.207794 -0.041569 0.124641 0.157867 -0.0347965 0.109683 -0.0359768 -0.193807 0.178735 -0.0409082 0.221009 0.467826 -0.726454 0.0693146 0.00866257 -0.299386 -0.336422 -0.335004 -0.199671 -0.276209 0.00364922 -0.0176918 -0.186683 -0.195006 -0.00979401 -0.281435 0.332003 -0.699993 -1.10665 -0.260295 -0.0353344 -0.626574 0.400925 2.04051 0.437131 -0.340241 0.0715149 0.437809 0.00125616 -0.536309 -0.164017 -0.184434 0.506073 0.639302 0.201184 -0.956894 0.224508 0.104937 -0.112576 0.207223 0.284094 0.18089 0.742583 0.194 -0.387384 -0.287483 -0.102188 0.257047 0.00794723 0.445258 0.28784 0.85483 0.874241 0.218413 0.116207 -0.266323 -0.450331 -0.292572 -0.172146 -0.504241 0.167806 0.0527605 0.531996 -0.517009 0.255883 -0.257945 0.454247 -0.455459 -0.572188 0.222062 -0.787045 -0.183568 -0.109884 -0.0950105 -0.1012 0.542264 0.292782 0.360686 0.331331 0.199781 -0.188096 -0.369351 0.0509846 -0.723547 0.0244487 0.0907285 0.347726 -0.262563 0.501831 -0.326071 0.649055 -0.367991 0.430936 -0.0523849 -0.0517544 -0.214898 0.219927 
0.443392 0.0628679 0.432568 0.116483 -0.247576 -0.208611 0.223139 0.112001 -0.183805 -0.0908643 -0.138365 0.414678 -0.536799 0.590984 0.398167 0.0927514 0.784507 -0.234028 -0.550796 -0.0895266 -0.36543 -0.366426 0.615458 -0.179629 -0.136802 1.08776 -0.115035 -0.0322576 0.276976 0.376673 0.399369 0.365484 -0.117023 -0.197178 0.23829 0.129879 0.0411936 -0.655826 0.200934 0.292656 -0.206008 -0.383787 0.28131 -0.163306 0.228457 0.179509 -0.396214 0.137105 0.234752 -0.078395 0.265781 -0.0124738 -0.0781732 0.36187 -0.235071 -0.0514778 -0.109314 0.202106 0.372114 -0.110317 -0.304635 0.0890505 -0.429904 -0.423116 -0.160992 0.158961 -0.0678226 -0.135869 0.224463 -0.453844 0.455346 1.28789 0.285268 0.374489 0.13155 0.299183 -0.3574 -0.238277 0.0840159 -0.226653 0.340523 -0.0705339 -0.033653 0.217478 0.0242951 0.15935 0.459055 -0.262229 0.307031 0.624132 0.0318331 0.11752 0.0109758 -0.281309 0.0532575 -0.21592 -0.000310353 -0.124947 0.108855 0.0891375 -0.278421 -0.0899529 -0.0736299 -0.41553 -0.702965 -0.0255477 -1.09378 0.156803 0.144882 0.0825537 -0.325607 0.154477 0.0740394 0.213585 -0.102561 -0.33797 0.611222 0.0728892 -0.245208 -0.0984077 0.0045698 -0.121159 0.124307 0.090363 -0.00484724 -0.139511 0.202478 -0.0648671 0.0108388 -0.116485 0.193224 0.314662 -0.158408 -0.215075 -0.18246 -0.116223 -0.237578 0.34243 -0.229108 -0.0391286 0.207672 0.374774 0.646381 0.203519 
-0.0286136 0.0283479 0.367499 -0.0504296 -0.0687254 -0.46343 0.836971 -0.287681 -0.693652 0.339845 -0.26493 -0.0286165 -0.0018719 0.26176 -0.165816 0.0295342 0.0336291 0.345285 -0.231395 0.494359 -0.474513 -0.291006 -0.297584 0.537032 0.360376 0.239663 -0.124715 -0.0284084 -0.239148 0.183836 0.42237 -0.258876 0.320656 0.334338 -0.193723 -0.340682 -0.255105 0.323878 0.376893 0.141885 -0.238098 -0.50393 -0.218771 0.348422 -0.148256 -0.140238 -0.149065 0.234701 -0.102274 -0.776686 -0.00450999 -0.127974 0.0315477 0.511854 0.29351 -0.480164 -0.137871 -0.203924 0.079065 -0.195227 -0.234466 0.186798 -0.810925 -0.586491 -0.208342 -0.0435426 0.0157644 0.265844 0.408128 -0.789612 -0.369682 0.237611 1.67493 0.295336 0.0383417 0.337773 0.220509 -0.382774 -0.567568 -0.288827 -0.0499819 -0.279359 0.0616813 0.146794 -0.897247 0.443682 -0.0955988 -0.725934 0.256388 0.856849 0.619258 0.308223 -0.169993 0.268734 -0.406534 0.0735591 0.386572 -0.592721 -0.449795 -0.242466 0.0631947 -0.738894 0.0689497 0.150885 0.279375 0.227056 -0.0245592 0.413131 -0.373992 0.42171 0.756262 -0.113014 -0.411805 0.102926 0.178926 -0.0882031 -0.483161 0.532461 -0.0505857 -0.188881 -0.290378 -0.24519 -0.197503 0.199869 0.286286 0.224637 0.10465 0.247342 0.0900543 0.0577182 -0.389412 -0.355231 -0.385675 -0.138888 0.370649 -0.757602 0.168779 -0.212672 0.117913 -0.291981 0.118556 -0.217982 0.215928 0.169719 
-0.279522 0.144741 0.350057 0.266312 0.160584 0.13869 0.075898 -0.0100569 0.290672 -0.212721 -0.737677 0.0815491 0.177718 0.0197298 0.162255 -0.304039 0.40228 -0.318678 -0.291971 -0.38216 -0.299036 0.182685 0.152138 0.00911931 -0.370548 0.29881 -0.057122 0.334225 0.0405921 0.368662 0.0555218 -0.10166 -0.684907 0.347593 0.0403597 -0.0790974 -0.107776 0.0383596 0.139447 -0.34287 0.406881 0.0234006 0.309211 0.229052 0.254815 -0.110726 -0.137593 -0.527744 -0.23422 -0.320057 -0.337049 -0.414269 0.0993093 -0.15949 0.243062 -0.628618 -0.048386 -0.0486867 -0.133642 -0.263299 -0.807386 0.00771814 0.440033 -0.576578 -0.50156 -0.178554 -0.254403 -0.268813 -0.281415 -0.677534 0.0201794 0.304939 0.273442 1.17 -0.291977 0.523066 -0.0776344 -0.600038 0.245618 -0.328509 -0.209578 -0.225267 0.158461 0.256269 -0.50585 0.154617 0.42795 0.126342 0.0421938 0.122673 0.0941287 0.502515 0.202922 0.240448 -0.144835 0.0937778 -0.071089 0.248085 0.162245 0.0322467 -0.0085684 -0.555002 -0.38721 0.0444939 -0.215965 0.416574 -0.498129 -0.142715 0.0189263 0.0913169 -0.0610972 -0.225316 -0.201759 0.553667 0.064276 -0.259316 0.289818 0.0217041 -0.618716 0.225986 -0.0950806 0.194203 0.049862 -0.0918271 -0.432917 0.0516719 -0.287758 -0.180332 0.126615 0.099435 -0.46079 -0.251214 -0.267651 -0.0186846 -0.0932798 -0.157786 -0.105373 -0.0625179 0.0423915 -0.293766 1.00778 -0.390932 -0.201442 0.148361 
0.124834 -0.0964566 0.462264 -0.163239 0.0471771 -0.719913 -0.0571966 0.287581 0.220404 -0.390382 0.227606 0.431377 0.142317 0.126952 -0.374722 -0.056352 0.159931 0.491032 -0.0907805 -0.0812048 0.193743 -0.439685 0.0481916 0.0338307 -0.274757 -0.0872013 -0.243727 -0.801368 0.188756 -0.140684 0.0575588 0.238898 0.390713 -0.324284 -0.276811 -0.44287 -0.282003 0.0123519 0.107057 -0.0108399 -0.214833 -0.224268 -0.485878 -0.296014 -0.759485 0.179551 -0.235358 -0.0464106 0.0218545 -0.115519 0.245305 0.27453 0.0946557 0.336066 -0.493199 0.112375 -0.30603 -0.190828 0.0717462 -0.448779 -0.0823017 -0.174465 -0.2735 -0.273834 0.0140433 -0.102187 -0.115811 0.104155 -0.253356 0.269887 0.380218 0.0557437 0.0101922 -0.298232 0.976324 -0.0940361 -0.104359 0.0107153 -0.0617431 -0.196253 0.116961 -0.459426 -0.651635 -0.0431319 0.398183 -0.0721587 -0.225882 -0.459473 0.175465 0.311363 0.165483 -0.0827232 -0.176981 0.267096 0.176405 -0.142121 0.132645 -0.289664 0.0395046 0.803903 -0.0071594 0.120455 0.556638 -0.0252193 0.164438 -0.482324 -0.107086 -0.262228 -0.0573005 -0.369988 -0.136551 0.172754 -0.0204065 -0.00294953 -0.0129416 -0.368717 -0.381054 -0.203711 -0.018944 -0.0597903 -0.0236242 0.0369689 0.377432 0.0151524 -0.155858 -0.372357 -0.300367 0.00371272 -0.157694 0.358531 -0.347521 0.0914521 0.195474 -0.096524 0.0988169 0.240154 -0.282164 -0.39551 0.035555 -0.0362103 -0.422374 0.208472 -0.432031 0.660119 
-0.538577 0.0460593 -0.262749 -0.363913 -0.47757 -0.202956 -0.0413003 0.604385 0.669291 0.287166 -0.293794 0.38143 0.155669 0.381895 0.114025 0.132431 -0.172724 0.278297 0.167569 -0.143799 0.192488 0.0770376 0.32813 -0.155391 -0.0702764 0.575629 -0.319635 -0.0754659 -0.353387 -0.498254 0.460546 0.0131321 -0.613381 0.215593 -0.0507197 0.011496 -0.175479 -0.237027 0.340166 0.280604 0.0575785 0.210821 0.0805693 0.417235 0.33373 -0.188607 -0.316953 -0.282772 0.312 -0.229036 0.0710928 -0.515207 -0.15905 -0.230894 0.41614 -0.123606 0.132349 -0.187569 -0.296613 -1.25924 -0.0750555 -0.0323204 0.022938 -0.0503286 0.204857 -0.239689 -0.457075 -0.0674061 -0.145042 -0.362228 -0.0363445 0.243367 0.329614 0.536801 -0.0740457 1.61612 0.474512 -0.152106 0.200584 -0.274152 -0.207214 -0.460847 -0.0120688 0.105681 -0.878154 -0.154314 0.676239 0.0856382 -0.373374 0.408145 -0.0352608 0.014642 0.103742 0.155452 0.193186 0.449986 -0.320495 -0.0624701 -0.0949337 -0.252332 -0.497107 -0.0578149 0.339174 -0.297618 -0.793613 0.07942 -0.0732672 -0.117073 -0.210787 0.0305417 0.850184 0.273171 -0.395591 0.721092 0.234175 -0.525342 0.151787 0.141134 -0.252579 -0.712461 -0.218421 0.514759 -0.546731 -0.195943 -0.269229 -0.580216 -0.0259514 -0.19991 0.705699 0.117285 -0.134248 -0.273292 -0.474189 -0.117045 0.504325 -0.213953 -0.0788568 -0.0738724 -0.527493 -0.443765 0.270702 0.168549 -0.174643 0.0748704 
-0.493858 -0.0928118 -0.211372 0.120664 0.245359 -0.252073 -0.137636 0.23646 -0.0548044 0.363221 -0.0124968 -0.336254 0.202715 0.100075 -0.54756 -0.256246 -0.457525 -0.11632 -0.155555 0.185381 0.289765 0.115995 -0.141402 0.275595 0.040992 -0.285456 -0.117433 0.164407 -0.843072 -0.163373 0.27403 0.0534565 -0.203309 -0.0570707 -0.319574 0.281157 -0.349539 0.104634 0.141961 0.114351 0.23083 0.422311 -0.498034 0.159165 -0.205835 -0.460262 -0.403509 -0.076352 -0.193414 0.371776 0.0361101 -0.465007 0.367773 -0.363163 0.158062 -0.102864 0.0464809 -0.520222 -0.0686078 -0.257258 0.0077739 0.273442 -0.32206 0.17216 0.0396435 0.232645 0.0143767 -0.263722 0.0494651 -0.101711 -0.585587 -0.424893 0.200673 -0.0755768 -0.0960455 0.462834 0.933476 0.131979 -0.376252 -0.0388279 -0.139413 -0.101681 -0.0439284 -0.320898 -0.376496 -0.175378 0.298487 0.0383859 -0.273508 -0.298085 0.247131 -0.0915461 0.281852 -0.108681 0.22902 0.23446 -0.416008 -0.233212 -0.0901715 -0.475837 0.0201453 -0.083174 0.392272 -0.335317 -0.136792 -0.136324 0.549403 0.148884 0.0845553 -0.321848 0.590564 -0.251383 0.0592174 0.248649 0.0194055 -0.282373 -0.423213 0.0460875 -0.01027 -0.415557 0.106737 0.103902 -0.144965 0.0231444 0.201352 -0.00431817 0.146126 0.0254569 0.707568 0.159498 -0.0509319 0.0652204 -0.248799 -0.443457 0.366477 -0.0286245 0.498261 -0.280724 0.140047 -0.238091 -0.20408 0.0321526 -0.286944 0.217501 
-0.173342 -0.326175 -0.51362 -0.0604813 0.157468 -0.292995 -0.625297 0.107108 -0.0300522 0.17384 0.119043 -0.394773 0.526309 0.043696 -0.0832614 0.184438 -0.305689 0.0534701 -0.0921281 0.072483 -0.246111 -0.138109 0.115999 -0.0503383 0.47058 0.285719 -0.704738 0.165218 -0.162903 -0.0775975 -0.0667661 -0.108254 0.0810948 -0.942184 -0.149897 0.283087 -0.444235 0.268526 -0.108418 0.35662 0.16672 0.166293 -0.347705 -0.100692 0.268463 -0.0577232 0.11636 0.0716056 0.823023 0.00488074 0.769422 0.357296 0.286057 -0.362912 -0.434458 0.0789158 0.292664 -0.497819 -0.298431 0.0690093 0.285296 -0.067179 0.205692 0.094892 0.428967 -0.184111 -0.145839 0.245837 -0.300327 -0.219739 -0.195816 -0.288291 -0.385132 -0.580502 0.0365068 -0.146305 0.149458 1.52956 0.101314 0.715748 -0.234778 0.503766 0.28682 0.00829685 0.442903 0.16506 0.109371 -0.166265 -0.0502048 -0.535462 -0.507201 -0.738042 -0.154785 -0.0633176 0.202894 -0.279115 -0.14644 -0.0154803 -0.383474 0.313346 -0.00664169 -0.248671 0.366261 0.375654 0.073019 -0.618464 0.483561 -0.511611 -0.159882 0.130162 -0.365464 0.0577924 0.287175 -0.288946 -0.404177 0.0498726 -0.197707 0.237258 -0.656568 -0.598984 -0.454554 -0.147857 0.0671729 -0.136782 -0.0145492 -0.181719 0.172425 0.44999 0.282848 -0.287483 0.130766 0.280305 0.339557 -0.288669 0.546289 0.0307736 -0.221129 -0.0692335 0.242103 0.698902 -0.688037 0.36887 0.391507 -0.847268 
-0.138307 0.35898 0.0541002 0.173314 -0.16227 0.566299 0.102592 -0.315861 0.399877 -0.025486 -0.193694 0.516339 0.295422 -0.0141921 0.593313 -0.261896 -0.297224 0.359024 -0.184986 -0.827651 -0.228868 -0.26936 0.184 -0.369617 -0.0388111 0.299201 -0.31362 -0.49121 0.440502 -0.101717 -0.917018 -0.142097 -0.575015 -0.479902 -0.295411 0.341307 -0.0114062 -0.36193 -0.0790764 0.0528648 -0.203287 0.120811 -0.185792 -0.16236 0.0586594 -0.0338477 0.348013 -0.543968 -0.0140022 0.393417 -0.383722 -0.213099 -0.186879 0.449065 0.0290218 0.45516 0.064988 0.0752018 -0.259823 -0.230982 -0.310494 -0.0469969 1.09309 0.202296 0.572943 0.00102345 -0.11596 0.0926563 -0.481288 0.230486 -0.234343 0.0158911 -0.588037 0.247043 -0.0540619 0.188274 -0.376884 0.0832037 1.61039 -0.282263 -0.19448 -0.577198 0.385309 0.386463 0.536552 -0.247139 -0.084779 -0.410496 -0.466851 -0.262806 -0.733274 0.261943 0.364197 0.314793 0.238013 0.331301 -0.328263 -0.168339 -0.0972944 0.194469 -0.341282 -0.476508 -0.303687 0.56445 -0.353754 0.334754 -0.209637 -0.369838 0.213407 -0.136264 0.0745328 0.235605 -0.163144 -0.510828 -0.404002 -0.27112 0.460536 0.469691 -0.265614 0.405254 -0.518396 0.332961 -0.149711 0.179304 -0.459641 -0.282142 -0.457033 -0.472925 -0.287668 -0.578101 0.397538 -0.196389 0.0669011 -0.244536 0.107664 0.227696 -0.685524 0.0520162 0.0317382 -0.164915 0.360214 0.358698 -0.0635528 -0.176699 
-0.0930771 -0.787147 -0.960997 0.119632 -0.00634006 0.162339 0.0263122 -0.250189 -9.05532e-05 0.119766 0.129703 -0.42185 -0.266495 0.13884 0.350516 0.0347707 -0.179625 -0.415709 0.225227 -0.185751 0.0849827 0.335293 -0.451483 0.10473 0.363575 -0.180623 -0.277281 0.0211297 -0.447214 0.210724 -0.0149761 -0.202882 0.107202 -0.0626221 -0.279542 -0.106119 -0.533242 0.510543 0.0935115 0.0376104 -0.353547 -0.152533 0.0178822 0.383382 0.0208412 0.500925 0.395904 0.0685709 0.331066 -0.38227 0.39166 0.309915 0.162234 -0.504024 -0.281021 0.24551 -0.202616 -0.595808 -0.0023291 0.324785 0.194473 0.376183 -0.182567 0.260174 -0.523791 -0.939763 0.166438 0.512224 -0.464801 0.0978975 0.472796 -0.278145 -0.292662 -0.310451 -0.171939 -0.269829 -0.022827 0.714271 -0.265631 1.62289 0.406908 0.112358 0.432054 0.00383166 -0.24913 0.0214608 -0.0508559 0.446835 -0.234865 -0.610799 -0.250505 -0.132508 -0.336287 -0.0957076 0.207932 -0.326638 -0.093328 0.0927572 -0.0511173 -0.266458 -0.164095 -0.226913 -0.134937 0.359829 -0.163437 -0.535891 0.113789 -0.529313 0.195415 0.504148 -0.232326 0.0235447 0.45785 0.158059 0.00311357 -0.104767 0.282895 -0.328508 -0.606626 -0.639461 0.489225 -0.0225338 0.380457 0.875571 0.0706754 -0.0771521 0.257276 0.318065 0.101207 -0.554037 -0.442934 0.235407 -0.0834989 0.0394907 -0.0111274 0.164919 -0.447271 0.505453 0.0180979 1.03395 -0.564206 -0.491329 -0.154521 -0.294795 
0.416139 0.0558315 -0.458397 -0.0508277 -0.513545 0.178075 0.598381 -0.214872 0.222963 -0.599316 -0.08489 0.171911 0.000767814 0.174819 0.424456 -0.351897 0.623391 -0.390691 -0.323721 -0.238325 -0.0694894 -0.144747 0.0231826 0.016045 0.42062 0.392887 -0.0838917 -0.467285 -0.392589 -0.280245 -0.163156 -0.138159 -0.0877182 -0.298729 -0.420953 0.125842 -0.238686 0.0677388 -0.644602 -0.0157269 -0.496603 -0.44665 0.0159826 -0.03531 -0.880172 0.0378839 -0.349976 0.904768 -0.342438 -0.0264615 0.315219 -0.114186 -0.603243 -0.346949 -0.183568 0.50115 -0.158769 0.253575 -0.118798 0.608799 -0.260244 0.235599 -0.883178 0.13453 -0.330382 -0.142136 -0.232869 0.753698 -0.027507 0.214239 0.622715 0.30572 -0.0371277 -0.17483 0.157965 -0.186201 -0.106722 -0.219566 -0.161157 0.423598 1.85621 0.0400019 0.29371 -0.24395 0.555194 -0.382212 0.420775 0.0254764 -0.302363 -0.0225791 0.298621 0.357832 -0.0306086 0.404012 0.299861 0.143371 0.731037 -0.243334 -0.434744 -0.209596 -0.258484 0.25192 0.00672622 -0.223431 -0.745157 -0.384989 -0.273322 -0.237329 1.16926 -0.455298 0.147616 -0.221979 0.0228634 0.389837 -0.161458 -0.107104 -0.0811028 -0.670486 0.235602 -0.099622 0.0421561 -0.859328 -0.207834 0.380641 0.587762 0.254601 0.319361 0.0206671 0.117138 0.396327 -0.0253037 0.379631 -0.40786 0.522326 -0.110994 0.149913 -0.0779242 0.343852 0.14648 0.217727 0.32426 -0.480921 -0.40968 0.28988 
-0.046642 -0.0182769 -0.398219 -0.196495 0.538334 0.395194 -0.698824 0.146526 -0.354227 -0.160924 0.314328 -0.357953 0.282166 -0.275437 -0.593715 0.240879 0.57462 -0.79014 -0.621177 0.384576 -0.837488 -0.0186323 -0.0736742 0.401969 0.208791 -0.151666 0.267149 0.584113 -0.240252 -0.193779 -0.370297 0.0177435 -0.2029 -0.405124 0.103863 0.442505 -0.714956 -0.370451 -0.469856 -0.268152 0.600133 -0.203583 0.174061 -0.281359 0.600402 0.0647923 -0.0530272 -0.124172 0.716149 -0.210045 0.0282744 0.518016 0.157008 -0.647161 0.112351 0.038889 0.10659 0.170968 -0.18296 0.447231 -0.138179 -0.333188 0.311799 0.166669 -0.00341974 -0.242623 0.0500658 0.213882 0.0943267 -0.0400487 0.188512 -0.101422 -0.26259 -0.186604 -0.414508 -0.435919 -0.0650755 0.522892 -0.539961 0.132963 0.0439163 1.86569 0.00603134 0.13881 0.284545 0.0802462 0.00664735 0.579945 0.181174 0.280036 -0.319408 -0.539738 -0.390194 -0.448341 -0.709397 -0.0669873 0.55602 0.370233 -0.493386 0.142062 0.283849 0.130475 0.363194 -0.427113 -0.255186 0.166204 0.28819 0.659799 -0.220895 0.117989 -0.441685 -0.0148243 0.324409 -0.0181283 -0.0104081 0.365634 -0.423785 -0.394712 -0.229685 -0.0920044 0.0955095 -0.462814 -0.617631 -0.751673 0.608948 0.700543 -0.0551699 0.496248 0.156731 0.321577 0.0639329 0.222166 0.109807 0.420598 -0.0957927 0.0433899 0.390132 0.432074 -0.370296 -0.202798 0.111801 -0.131011 0.649121 -0.699918 
-0.0650196 -0.779512 -0.418119 0.697988 0.0293621 0.538515 0.0190579 -0.598707 -0.0500987 0.417264 -0.586045 -0.163404 -0.0266515 -0.0619479 0.782413 -0.00953966 -0.431511 -0.81217 -0.0758614 0.316197 -0.530004 0.298189 0.129349 -0.30512 0.257974 -0.113502 -0.903212 0.131629 -0.433602 0.0470523 0.34761 -0.147299 -0.716285 -0.0548136 -0.636048 0.352059 0.196641 0.202286 -0.326302 -0.15928 -0.140591 -0.166535 0.645391 -0.0167727 -0.148134 0.0237158 0.216179 0.253775 -0.227307 0.163284 0.150208 0.280206 -0.133059 -0.267459 0.0594932 0.280345 -0.170134 0.520338 0.100741 0.353653 0.133028 0.290069 0.0610889 -0.116455 0.00649658 0.200669 -0.0708842 0.70716 0.435075 -0.517694 -0.989528 -0.0845014 0.0584896 0.177163 -0.626677 -0.00710141 -0.0272836 0.285987 0.402586 0.432698 0.277664 -0.0139291 1.93182 0.188644 0.218797 0.0500165 0.153892 -0.387151 -0.25755 -0.642947 -0.517605 0.908358 0.230797 0.0983348 -0.311074 0.359462 0.232946 -0.181683 -0.640808 -0.808616 -0.313194 -0.179752 -0.638895 0.388364 -0.196979 -0.0137572 -0.155246 -0.812666 0.122926 0.0245612 0.373978 0.586912 0.429884 -0.165069 -0.0216593 0.121982 -0.0623231 0.261626 -0.633468 -0.0714904 0.168019 0.144909 -0.485509 -0.0348045 -0.208801 -0.0309333 -0.283395 0.618064 0.22182 -0.0738463 0.150043 -0.402164 -0.016853 0.115354 -0.171587 -0.429164 -0.656886 -0.396001 0.296997 0.0052167 0.302555 -0.150368 0.346225 -0.527228 
-0.34808 -0.141142 -0.267868 0.262983 0.299208 0.110152 -0.51304 -0.339169 -0.0648391 0.483637 0.16746 0.561575 0.0876126 0.0433005 0.123106 0.344024 0.74898 0.359987 -0.128593 0.17744 -0.814242 -0.283818 -0.390262 0.110681 -0.270323 -0.170566 0.385453 -0.137718 0.0540925 0.63603 -0.227977 -0.811866 -0.339912 -0.175727 0.067977 -0.637337 -0.227508 -0.71012 0.218433 -0.166874 0.459636 0.13582 0.00829852 -0.305019 0.141125 0.657115 -0.246162 0.57524 -0.136967 -0.425872 0.182431 0.204379 0.263721 0.381423 0.225213 -0.385764 -0.622681 0.194381 -0.742076 -0.532838 0.143743 -0.236278 0.00238654 0.756061 -0.499193 0.0425975 -0.319593 -0.0944958 -0.402127 0.0156462 0.197218 0.171973 0.148945 0.280314 -0.012831 0.115991 -0.29891 0.0128062 0.409083 0.00981862 -0.254653 0.124193 0.193987 1.78778 0.0283604 -0.298098 0.203197 -0.0384817 -0.161906 0.546757 -0.653892 0.753068 0.0500289 0.111206 0.166313 -0.309622 -0.0857469 0.0530378 -0.249323 0.437106 -0.514908 -0.837177 -0.415358 0.284492 -0.0937184 0.217473 0.0555148 -0.313276 -0.329364 0.0162055 0.0119226 0.335458 0.00517717 -0.359435 -0.232761 -0.294295 -0.349354 0.664047 -0.915932 0.543713 0.176742 0.118336 -0.230036 0.241575 0.188889 0.09474 -0.0334122 0.208238 -0.0993222 -0.521116 -0.0925754 -0.229812 0.549425 0.282611 0.181464 -0.528221 -0.266464 0.33112 -0.918276 -0.183681 0.193441 0.367137 -0.18624 0.0174349 
0.15902 -0.0695515 0.197464 0.213822 0.17659 0.251301 -0.394311 -0.0666084 0.313652 -0.381487 0.166087 0.240423 0.352777 -0.0558305 -0.25087 -0.427356 0.206666 0.0410477 -0.21279 -0.128891 -0.330773 -0.167311 0.34001 -0.566765 -0.0288438 0.0192659 -0.266149 -0.436295 0.204599 -0.182517 -0.553397 0.164593 -0.127783 -0.970357 -0.275046 0.321258 0.0176184 -0.289065 -0.85246 -0.340352 0.285244 -0.0758834 -0.237218 -0.906144 -0.689021 -0.12784 -0.290207 0.336073 -0.280478 0.739876 0.322101 0.402479 -0.239761 -0.0678217 -0.83318 0.193158 -0.118349 0.389916 -0.0470818 0.438419 -0.162814 0.0518223 0.0909016 0.217977 0.432752 0.511764 0.0914038 0.389193 -0.0320316 0.313424 0.0739281 -0.0249294 -0.898815 -0.485523 0.424764 -0.871562 -0.358227 0.443693 0.555452 -0.246863 0.540772 0.266209 0.22042 0.0246411 1.75011 -0.253023 -0.0397028 -0.456835 0.201882 -0.225583 -0.512289 0.0827475 0.0922083 0.0143288 0.104787 -0.177519 0.310816 -0.147698 -0.0693247 0.509116 0.168423 0.359978 -0.0751261 0.0670146 0.0790101 -0.282048 -0.0392316 -0.383598 0.510379 -0.781754 -0.631848 0.202234 0.219291 -0.679903 -0.647005 0.0409617 -0.19098 -0.136581 -0.0766859 0.677022 -0.311258 -0.245563 0.213477 -0.381989 0.26375 0.0511394 -0.0589417 0.285897 -0.308622 0.367716 0.225426 0.233352 0.470435 -0.0549109 -0.17481 0.547089 -0.330779 -0.233323 0.406966 0.00956221 0.0669725 0.413519 -0.0793532 -0.175477 
0.218931 -0.242372 0.239352 -0.0754753 -0.268013 -0.278366 0.183254 -0.365908 -0.475177 -0.114258 -0.612632 -0.448554 -0.209115 -0.045869 -0.229809 0.281542 -0.320023 -0.0752858 -0.150917 -0.154476 -0.188215 0.0808006 0.126623 -0.190905 0.0232483 0.219574 -0.220499 0.11432 0.263116 -0.0606099 0.0728602 0.0734315 0.15136 0.0782022 0.352859 0.0348861 -0.233246 0.208108 0.0320614 -0.204785 -0.211129 -0.180606 0.0817818 -0.0101779 0.357195 -0.139855 0.0427023 -0.30709 0.2799 -0.611019 -0.0955535 -0.047777 0.113479 0.108729 -0.244507 -0.306276 0.0313414 -0.42557 0.0553151 0.0498721 -0.227045 0.00363516 0.00834117 -0.581097 -0.120042 -0.0561032 0.0656753 0.0222712 0.0867086 -0.615443 -0.184334 0.0693759 0.401365 0.134194 -0.0863262 -0.188472 -0.197858 0.125101 -0.268988 -0.0170206 -0.437383 0.0211605 0.0108912 -0.342566 -0.293772 0.688812 -0.247745 -0.254184 0.609581 0.124844 0.11132 -0.279682 -0.289932 -0.208445 -0.347547 -0.0859785 0.145528 -0.204645 -0.0746445 0.0898177 0.14256 -0.254689 -0.0731903 0.18617 0.474607 -0.142883 -0.19763 0.0564822 -0.291239 0.547383 -0.340136 -0.266777 -0.0378904 0.112451 -0.0925521 0.257185 -0.0400739 0.0929792 -0.228524 -0.121629 -0.240157 -0.0949106 0.216507 -0.0937331 -0.336533 -0.0444606 -0.0381231 0.406075 -0.0917718 0.168322 -0.15888 -0.248412 -0.100368 -0.307764 -0.0975557 0.0390164 -0.257126 -0.459888 0.328427 0.099754 0.0637861 -0.0871873 0.460092 -0.457866 
-0.50273 -0.15454 -0.402522 0.182604 -0.159425 -0.252083 -0.590928 0.250443 0.417373 -0.316671 -0.574577 0.455963 0.249244 0.135818 0.248319 -0.152054 0.404618 -0.247508 -0.233413 -0.1563 -0.153976 0.288774 0.299769 -0.545984 -0.324489 0.529383 -0.0654748 0.202184 -0.664165 0.209803 0.385223 -0.00769838 -0.33111 -0.403142 0.125177 0.365079 -0.00832986 -0.365924 -0.284505 0.504785 0.349317 0.218847 0.0151596 0.1975 -0.238514 -0.587754 -0.608064 0.533649 0.165209 -0.0462023 0.0806456 -0.635795 0.0223924 -0.514932 -0.105727 -0.56488 -0.00460392 -0.0449409 -0.609304 -0.314324 0.0421441 -0.0396344 -0.463849 -0.0878544 -0.131206 0.344201 -0.494305 -0.304224 -0.271554 -0.615528 0.166035 0.399652 -0.107345 0.438097 -0.209479 0.672652 0.306577 0.0999826 -0.0760572 -0.0587667 0.396175 -0.0218678 0.145337 0.189299 -0.0498813 -0.217174 1.354 0.0540264 -0.31399 -0.250973 -0.131899 0.1121 0.349782 -0.0936776 0.379751 -0.0047603 0.0555719 0.538968 0.233049 -0.197611 -0.0816905 -0.0935765 -0.0609102 -0.463258 -0.623469 0.269028 -0.177667 -0.280348 0.176922 -0.322581 -0.0114999 -0.256394 -0.304946 0.429547 -0.462951 -0.327946 0.175213 -0.0146326 -0.542952 -0.497997 -0.241392 -0.320821 0.0766266 -0.0735051 0.262347 -0.33096 0.55736 0.212979 0.564979 -0.0557047 -0.0203638 0.397596 -0.277182 0.417827 -0.0397852 -0.469084 0.169222 0.0464623 0.100795 0.0382695 0.353737 0.0732755 0.117481 0.203658 
-0.329671 0.0242332 -0.260753 -0.158804 -0.310651 0.295832 -0.519692 0.043612 0.140334 -0.302239 0.0144104 -0.485822 -0.315671 -0.331931 -0.207931 0.123639 0.219656 -0.40636 0.277554 -0.122569 0.547913 0.134835 -0.120775 0.0902346 -0.457699 -0.391567 0.483834 0.723879 0.00148826 -0.204765 -0.0219725 -0.157222 -0.701885 0.51324 0.44936 -0.0552727 -0.143063 -0.222364 -0.105529 -0.489028 0.192282 -0.0349164 0.283776 0.0619787 0.821601 0.816927 0.00511047 -0.175905 -0.0172422 -0.227924 -0.103002 0.090453 0.100086 -0.703722 0.186245 0.0177976 0.115251 -0.452874 -0.340251 -0.0131762 -0.0483348 -0.430241 0.28862 0.447054 -0.15816 -0.101176 -0.124757 -0.0327266 -0.490192 0.543819 0.244208 -0.32033 -0.736379 0.137791 -0.441768 0.083353 0.047778 -0.174352 -0.400472 0.440226 0.00217785 0.552732 -0.394404 -0.0510775 -0.465711 -0.222311 0.0553284 1.68401 -0.10044 -0.498887 -0.189652 -0.439329 -0.0749213 -0.348775 -0.397412 -0.291207 -0.473114 0.647984 -0.1426 -0.22448 -0.333785 0.323988 0.230295 -0.2652 -0.498628 -0.254396 0.157586 0.0277481 0.26058 -0.246253 -0.514681 -0.621178 0.37512 0.652948 0.610638 0.450089 0.498689 -0.331095 0.151556 0.0742124 0.672518 -0.127382 -0.156271 0.259819 -0.0303393 -0.00341178 0.408844 -0.401562 0.17715 0.0380451 -0.219244 0.15412 -0.248723 0.379282 0.192186 0.191147 0.417277 0.370138 -0.771196 0.0619177 0.31522 -0.75844 -0.654229 -0.020631 
0.346395 -0.363299 0.584097 -0.182906 -0.282301 -0.326539 0.122461 -0.0974485 -0.222148 0.113516 -0.42571 -0.39549 -0.510566 0.116277 -0.752729 0.145436 -0.062767 0.244732 0.018446 0.0830502 -0.0309079 0.294622 0.24477 -0.527446 -0.187241 0.145689 0.0779102 0.021399 0.426205 -0.169552 0.0529211 0.288767 0.0308659 0.185952 0.621457 -0.0305334 -0.179909 -0.18426 -0.168267 -0.593453 0.123844 -0.28831 0.116923 -0.512947 0.28183 0.134896 -0.467799 -0.0863231 -0.0647013 -0.438887 0.129926 0.252225 0.123081 0.00865558 -0.711499 -0.619411 -0.200505 -0.246033 0.166617 -0.0455115 -0.410238 0.191391 -0.307049 -0.313554 -0.160961 0.319182 0.280046 0.14645 0.174338 -0.404219 0.129566 0.237492 0.234505 0.0422054 0.181732 -0.387097 -0.275554 -0.0697293 -0.468265 -0.252912 -0.3371 0.142523 -0.276241 -0.18594 0.181568 0.630016 -0.324126 -0.111878 1.14327 0.579207 -0.0539435 -0.129298 -0.407609 -0.396887 -0.360278 -0.382039 0.0435001 -0.326943 -0.0201526 0.248407 0.0791244 0.0337155 -0.118141 0.0194139 0.586871 -0.381826 -0.308864 0.232746 -0.131301 0.332049 -0.598089 -0.244225 0.290361 -0.0535291 -0.258768 0.400066 -0.0310561 -0.0329882 -0.17335 0.268115 -0.0877705 0.036242 0.320748 -0.224467 -0.0659358 0.0786966 0.122098 0.541411 -0.153643 0.625316 -0.420513 -0.365917 0.0719213 -0.484478 -0.0528873 0.409865 -0.0863615 -0.449957 0.128281 -0.110342 0.252381 0.0626481 0.198242 -0.294289 
0.116315 0.115838 0.0920654 -0.676642 -0.168604 -0.0537738 0.513661 0.3906 -0.00917589 0.376125 0.340708 0.522642 -0.302927 0.441307 -0.700972 0.158337 0.511247 0.665369 -0.118898 0.138216 -0.71287 -0.212865 -0.0174344 0.0382972 0.19785 0.439523 0.468878 -0.544553 0.219015 -0.3755 -0.13 -0.184057 0.19659 0.132653 0.296227 -0.469923 -0.569867 -0.591465 0.0507382 -0.44228 0.0952033 -0.445361 -0.0787602 -0.27249 0.177783 0.0241191 -0.550115 -0.127094 0.051838 -0.537319 0.0450117 0.115505 -0.440829 0.376727 -0.0440923 -0.385222 -0.392014 0.236608 0.0138808 -0.815534 -0.49634 0.278175 -0.444114 0.0334525 -0.214998 -0.468572 0.284479 0.285078 0.272899 -0.317668 0.717291 0.580624 0.860998 0.148716 0.343662 0.420453 -0.2741 -0.528955 -0.238188 -0.602815 -0.0312842 0.267417 -0.635606 0.548755 -0.219866 0.17131 -0.235078 -0.484294 0.605238 1.93059 0.0229307 0.193923 -0.719945 -0.0348943 -0.148542 -0.147347 0.452797 -0.62246 -0.123004 0.24892 -0.0869914 -0.0977945 0.109743 -0.219104 -0.0977633 0.291165 -0.274563 0.856883 -0.370377 0.454687 0.440092 0.44284 -0.455892 -0.131214 -0.0498846 -0.280177 -0.289214 -0.0398247 -0.0118861 0.130865 -0.216084 0.287615 -0.452834 -0.443561 0.48558 0.156284 -0.149264 0.303982 -0.102469 0.423166 -0.29819 -0.360713 -0.111256 -0.254302 -0.0338964 0.20666 -0.0754336 0.448076 -0.704979 -0.63842 0.274725 0.399172 0.236845 -0.189068 
0.220627 0.411115 0.24935 -0.267859 -0.108417 -0.156126 0.502007 -0.263673 -0.510252 -0.426297 4.41458e-05 -0.75225 0.169586 0.163798 -0.193972 -0.124412 0.121678 -0.486494 -0.030736 -0.0427655 0.0773328 -0.380887 -0.173884 0.694496 0.250369 0.244483 -0.120455 0.163476 -0.13415 0.0240637 0.325908 -0.00950249 0.32282 0.189205 -0.343298 -0.616088 0.237985 0.705967 0.238141 -0.0515469 -0.0657155 0.2972 -0.101847 0.0991843 -0.351969 -0.441895 0.0145283 0.201987 -0.40511 -0.191076 0.0797452 -0.576201 -0.308076 0.0165813 0.397777 -0.024127 0.151252 -0.220452 0.428725 0.217315 -0.102632 -0.18864 -0.690786 -0.435526 -0.605173 -0.376445 -0.429357 -0.632378 0.315901 -0.163462 0.139126 -0.0412558 0.593826 0.0905904 0.1682 -0.052534 0.241535 -0.530276 -0.738238 -0.272102 0.260334 -0.361609 -0.539845 -0.681475 -0.536153 0.128205 -0.145585 -0.20464 -0.0574934 -0.00665069 1.44174 -0.343804 0.253554 0.1014 -0.0467041 0.345209 0.26721 -0.303 0.508539 0.182764 0.509903 0.10664 -0.0530577 -0.591866 0.158281 -0.395458 -0.138342 0.0112836 0.0595316 -0.122215 0.0970193 -0.164957 -0.642246 0.811669 0.425782 -0.488146 -0.537349 -0.268853 0.590533 0.165 -0.0757244 -0.370829 0.291932 -0.052332 -0.133098 0.402198 0.0443071 -0.524104 -0.0394966 0.3292 -0.0462704 0.0102733 -0.0685359 -0.264662 -0.124636 -0.133581 0.175918 -0.488118 0.24159 0.0308611 -0.213907 -0.213665 -0.268579 0.189902 
0.11795 -0.401463 -0.120203 0.667693 0.360545 -0.0726852 0.249271 -0.148609 0.23565 0.343487 -0.428357 0.624972 -0.317637 -0.260319 0.409509 -0.185801 0.204625 -0.143109 -0.264802 0.0934313 -0.273118 0.198239 -0.170472 -0.120879 -0.343954 -0.629682 0.112508 -0.513729 -0.230791 0.424249 0.283864 -0.5427 -0.264876 0.393493 -0.165684 -0.340351 0.0582862 -0.159504 -0.0500743 -0.513843 -0.123391 -0.0668707 0.295257 -0.0260081 -0.704271 0.0453615 -0.422843 0.159172 -0.992963 0.189721 -0.211327 -0.0600445 0.0391943 0.16411 0.0982478 -0.156357 -0.741759 0.708733 -0.176585 -0.0406761 -0.308259 0.486864 -0.144651 -0.00498849 -0.7903 0.278173 0.155373 0.17972 0.130761 -0.296587 -0.424734 0.0619555 0.300315 0.516501 -0.0624816 0.0148932 -0.0796175 -0.743592 0.274503 -0.13658 0.33707 -0.564415 0.903642 0.743009 0.0764075 -0.245273 0.115938 -0.436793 -0.115324 0.181866 -0.326279 1.7014 -0.00523159 0.549086 0.5103 -0.0892243 0.104493 -0.221743 -0.355462 -0.485055 -0.479745 -0.304968 -0.603896 0.440384 0.102623 0.332136 -0.189997 -0.392981 0.358983 -0.108401 0.537551 0.194835 0.30468 -0.304889 -0.0785857 -0.0299388 -0.264997 -0.10782 -0.514898 0.283571 0.529133 0.367172 -0.341982 0.0422322 -0.171453 -0.0543731 -0.645283 0.399943 0.0969986 0.149189 -0.107338 -0.306397 0.0688646 0.185879 -0.563389 -0.153448 -0.198681 0.0266646 0.00296251 -0.375521 0.644519 -0.088677 -0.380699 0.467426 
-0.190791 0.141136 0.389822 0.136094 -0.0284649 0.234131 -0.18299 -0.488804 -0.103522 0.141761 -0.247761 -0.402614 0.155209 0.150342 0.264757 -0.398152 -0.168325 -0.348864 -0.179243 -0.0353751 0.149885 0.094415 -0.200373 -0.0900535 -0.248054 0.0621287 -0.307932 0.16704 -0.33101 0.192649 -0.387794 0.463281 -0.658829 -0.186919 -0.601957 0.299377 0.478106 -0.292573 0.0739634 0.559041 0.24742 0.405633 -0.111171 -0.292218 -0.335746 -0.210483 -0.0461443 0.337607 -0.274629 0.198588 -0.270121 -0.42374 0.250797 -0.117468 0.150543 -0.0201379 -0.00613489 0.0275608 0.0839079 0.161711 0.0764938 -0.419771 -0.0891716 0.186617 0.0390341 0.556047 -0.748585 -0.642516 -0.17525 0.221109 -0.35253 -0.0722863 -0.205598 0.18921 -0.184437 0.0762957 0.266083 -0.188032 0.34906 -0.368057 -0.0790683 -0.442568 0.198384 0.0122721 0.0581708 -0.28322 0.325923 -0.100082 -0.421332 -0.7597 0.243381 -0.0329291 1.11484 -0.188654 -0.181641 0.65824 -0.427893 0.0874581 0.293914 0.0574089 0.0649607 -0.388217 -0.458305 -0.467186 -0.285106 -0.16176 -0.237197 -0.266462 0.0477224 -0.388826 -0.0391802 0.000191754 0.0783864 0.139548 -0.350606 -0.418704 -0.0933422 0.408154 -0.0078172 0.241619 -0.225547 -0.201606 0.114049 0.314605 -0.0715403 0.42414 0.11762 -0.75147 0.00469793 -0.316498 0.0297373 -0.295787 0.161199 -0.144011 0.281146 -0.517411 0.0995802 -0.62045 0.136115 -0.244882 0.00496091 0.127999 -0.180849 0.517649 
0.238571 0.516495 0.0169077 -0.258105 0.16022 -0.593009 0.39366 0.411471 0.62429 -0.179527 -0.171031 0.270633 0.661729 -0.514263 0.50236 -0.365652 0.195296 0.483373 -0.0790438 -0.0808956 0.0872791 -0.321985 -0.179189 0.397259 0.25376 -0.10999 -0.322384 -0.400314 0.234862 -0.0402297 -0.0740654 -0.704354 0.0939801 0.0244466 -0.291485 -0.572249 0.0903448 0.725742 -0.0514823 -0.0054819 -0.168418 -0.15074 -0.127752 0.298178 -0.516644 -0.115354 0.0087876 -0.0882614 -0.341061 -0.114339 0.233275 0.0333789 -0.257025 -0.109065 0.201394 -0.0478158 0.112444 0.4714 -0.415475 0.0692108 -0.503509 -0.159102 0.332966 -0.505297 -0.21837 -0.334667 -0.423995 0.265041 -0.388423 -0.182632 -0.134616 -0.331952 0.265748 0.259355 0.292259 0.160625 -0.0918309 -0.0639462 0.332275 -0.0948586 0.388171 -0.468096 0.09854 0.106068 0.0129101 -0.169115 -0.0849178 -0.341317 -0.377991 -0.0420299 0.123846 0.554007 -0.156036 1.3661 0.618482 -0.139072 0.196324 -0.0251144 -0.667708 0.272981 -0.230684 -0.360096 0.0891727 0.8832 0.227788 -0.147081 0.266578 -0.544323 0.399758 -0.0561074 0.404463 -0.240081 -0.0943462 -0.116346 0.0649459 0.220525 -0.34213 -0.242555 -0.0831469 -0.203093 -0.509158 -0.102526 -0.48315 -0.331562 -0.421818 0.0278134 -0.723876 -0.373866 -0.0128343 0.183109 -0.192608 -0.119026 0.0954707 0.322897 0.301973 -0.197881 0.173237 0.116451 0.291774 0.155867 0.379401 -0.337739 -0.684852 0.11487 
0.632426 0.30651 -0.882691 -0.0597227 0.0862654 -0.841502 0.080857 0.541328 0.462915 0.308332 -0.10709 0.204058 -0.128315 -0.189334 0.364421 0.127012 0.0414852 0.293968 -0.306682 -0.67814 0.438913 0.0325713 0.0828379 -0.0679901 0.162301 0.114942 0.361685 -0.622302 -0.0352695 0.254797 0.0825061 -0.779219 0.562669 -0.279934 0.589197 -0.307198 -0.0455083 0.0535106 0.242086 0.176283 -0.290653 1.05703 -0.304059 0.175147 -0.336467 -0.697351 -0.668741 0.167157 -0.392571 0.602494 0.409911 -0.892455 0.0825809 -0.0825525 0.0105761 0.0624892 -0.132615 0.112022 -0.51749 -0.0398171 -0.0489197 0.568829 -0.0678002 0.41436 -0.905669 -0.0716248 -0.081175 -0.879447 -0.338711 -0.119557 0.243768 0.0217643 -0.390371 -0.106777 0.220718 0.217509 0.26502 0.221415 0.274644 0.227931 0.30317 -0.710002 -0.291719 0.180325 0.122519 -0.289067 0.407661 -0.370804 -0.322232 -0.136528 -0.00510833 0.534371 -0.129873 0.637632 2.24489 -0.387869 -0.528068 -0.259894 0.166257 -0.0085104 -0.520048 -0.090682 -0.17864 0.380737 0.143509 -0.42087 0.260555 -0.382311 0.814164 0.222304 0.20792 -0.42811 0.106282 -0.159183 -0.634616 -0.205823 -0.220548 -0.56622 -0.247245 -0.52101 -0.0402324 0.223325 -0.0542908 -0.125285 -0.459271 -0.250813 -0.384647 -0.0412692 0.497174 -0.116633 0.687719 0.453805 0.369311 -0.500068 -0.392099 0.620194 0.227499 0.508046 0.197572 0.546576 -0.231485 0.747376 -0.243758 -0.108418 
0.121804 0.0358329 -0.0479469 -0.149537 -0.315302 0.651721 0.239549 -0.619975 0.0777451 -0.00999594 -0.426599 -0.238386 0.399271 0.258781 0.110223 0.358995 -0.542637 -0.431459 -0.181802 -0.335936 0.100423 0.531492 -0.105033 0.0211683 0.203192 -0.0322408 -0.202656 -0.418356 -0.341413 -0.657349 -0.755729 0.774772 -0.406483 0.162426 -0.606808 0.663099 -0.172511 -0.129068 0.103175 0.380338 -0.123722 0.562082 0.207417 0.0481636 -0.344271 -0.37856 0.361823 0.0556215 0.424607 -0.354126 -0.708047 -0.487825 0.158514 0.0160545 0.644408 0.712491 0.0184218 0.023547 0.102554 -0.113883 0.262142 -0.278549 0.294144 0.371388 0.130851 -0.0417694 -0.631532 -0.0579514 0.096175 0.497038 -0.0117027 -0.253785 0.0833507 0.125463 -0.10418 0.467937 0.264088 -0.266965 0.36156 -0.313011 0.140309 -0.0739644 0.372445 -0.301982 -0.166159 -0.0338699 0.0167777 -0.270971 -0.350365 -0.141704 0.380433 -0.0715248 0.703637 -0.126294 -0.39424 1.72873 0.469335 -0.303105 0.113972 0.242372 0.0871515 -0.039571 -0.092491 -0.617976 -0.212428 0.0614482 0.025054 0.0788045 -0.130609 0.186605 0.670851 0.461692 -0.113718 0.675525 -0.260647 -0.508113 -0.72166 -0.11015 0.159868 -0.0658542 -0.185667 -0.066385 -0.346889 0.0484463 -0.160043 0.491768 -0.459767 -0.0661182 0.160423 0.464697 0.00331287 -0.803781 -0.131521 0.182744 0.0711956 0.0433836 -0.441518 -1.00494 0.124031 -0.704589 0.119619 0.0656581 0.110212 0.325002 
0.0647659 -0.179016 -0.314352 -0.0798669 -0.149744 0.261527 0.0721546 -0.431644 -0.107899 -0.929827 -0.285155 0.415388 0.520972 -0.192707 -0.033857 0.322632 0.313231 -0.315738 -0.135612 -0.0618466 -0.758074 0.00382654 -0.0455644 -0.027796 0.220224 -0.0512481 -0.00624552 -0.426335 -0.117506 -0.347294 -0.143049 -0.114554 0.469684 -0.196036 -0.205235 -0.0726661 -0.335384 0.297019 -0.60837 -0.221494 -0.168487 -0.379376 0.216121 0.083231 -0.655554 -0.372118 0.235396 0.420743 0.325773 -0.718263 -0.284585 0.0719929 -0.504376 0.0705509 0.101557 0.152508 -0.147566 0.309349 -0.281954 0.174796 0.140573 -0.224639 -0.268036 -0.32875 -0.103829 -0.408274 -0.135971 0.653439 0.236067 -0.226927 0.409924 -0.0538592 0.38068 -0.0550872 0.154902 -0.318228 -0.402063 -0.149974 -0.313687 -0.0953847 0.71229 0.533359 0.230246 -0.0937905 0.306491 0.181953 0.0614261 -0.468562 0.0594903 0.442756 0.286751 0.106509 -0.398179 0.193419 -0.550124 0.453652 1.52389 0.0505953 -0.0947725 0.353139 0.456702 0.2696 0.0761362 -0.158662 0.205388 0.440807 0.0522786 -0.000957486 -0.1758 0.0358353 0.119312 0.274875 -0.693279 0.258748 -0.0311423 -0.0141801 -0.730857 -0.416765 0.0572849 0.0847901 -0.218548 -0.609984 -0.104484 -0.40416 0.351932 0.0958726 -0.153795 0.813339 -0.263056 0.620487 -0.150095 -0.0592911 -0.157365 0.978775 -0.555634 -0.151284 -0.487679 -0.350932 0.278853 -0.18845 0.234439 -0.346093 0.300769 -0.147035 
-0.468164 -0.108578 -0.13887 -0.111677 0.228166 -0.142525 -0.932845 0.367876 0.405031 -0.603219 -0.13503 0.32615 0.137963 -0.637132 0.374095 -0.183486 0.257162 -0.28701 0.211224 0.0635857 0.101378 0.348079 -0.21093 -0.364196 -0.692545 -0.398178 0.176576 0.435575 -0.105084 0.302627 0.0821888 0.0657246 -0.0170436 0.0486826 0.183917 -0.0414252 0.45726 -0.0711861 -0.275158 0.416564 0.31733 -0.18526 0.266881 0.260709 0.0246018 -0.120445 0.219533 -0.133323 0.3186 -0.246004 -0.429462 0.105471 0.0334953 -0.602443 -0.0388541 -0.502426 0.080646 0.350125 -0.400935 0.0642744 0.217076 -0.71294 0.368164 -0.383593 -0.0367672 -0.0731085 -0.378338 -0.381052 -0.516037 -0.0942068 0.236481 -0.194521 -0.614638 0.248062 -0.283432 -0.0762285 -0.235293 -0.0350399 -0.169788 0.0746752 -0.278106 0.331547 -0.200409 0.0289689 -0.168048 -0.184246 0.528797 0.636511 -0.326978 -0.648527 -0.299485 -0.235753 0.101146 -0.0440454 -0.297975 -0.334814 0.03457 1.32011 0.392306 0.0568564 0.307272 0.183757 -0.11711 -0.0986178 -0.0471118 0.534545 -0.0554643 -0.14525 -0.436796 -0.0522795 -0.596365 -0.188081 -0.118393 -0.0288567 0.0271517 0.320804 0.457825 -0.263104 -0.132745 -0.358409 0.00638281 -0.154361 0.149979 -0.263796 -0.0422944 -0.18272 0.0931396 -0.265342 -0.206994 -0.405364 -0.260951 0.286332 0.0502207 1.01911 -0.362121 -0.634418 0.356161 0.286855 -0.0211317 0.246801 0.0664769 -0.439321 0.0396426 0.252495 
-0.457741 -0.210757 -0.113908 -0.0166841 0.117834 0.518044 -0.293154 -0.0425475 0.163359 -0.306271 0.1926 -0.0232147 -0.121337 0.378466 -0.198832 -0.271478 -0.137106 -0.242733 0.6394 -0.508341 0.0657248 0.524257 -0.114647 -0.486294 -0.370699 0.0983663 0.30133 0.0548291 -0.1355 0.361583 -0.00915939 0.404211 0.387225 0.0228881 0.0167922 -0.328004 0.496831 0.108588 0.112349 0.029764 0.447774 0.670422 0.00802519 0.0118871 -0.253578 -0.692675 0.214173 -0.173654 -0.190443 0.229805 -0.388862 -0.640344 -0.260845 -0.032177 -0.168066 -0.491861 -0.111565 -0.196826 0.394903 -0.284028 0.284452 0.160531 -0.155193 0.0579144 -0.421866 -0.51484 0.088796 -1.00969 -0.0525104 -0.0250604 0.815905 0.0517154 -0.459278 0.174656 0.0581707 -0.096258 -0.0798185 -0.3906 -0.0863096 -0.0567651 -0.457082 -0.519638 -0.647099 -0.260957 -0.0772402 -0.041811 0.235312 -0.141639 -0.00775359 -0.136636 0.524488 -0.357037 0.320036 -0.674205 0.14061 0.0946965 -0.0983637 0.40474 1.87911 0.236727 0.871786 0.38008 -0.703549 -0.714893 0.248974 0.393087 -0.362469 -0.0178319 -0.500515 0.0752629 -0.447039 0.429302 -0.87004 0.245416 -0.202622 -0.887519 0.347352 -0.186127 0.104133 0.375943 0.0637871 0.48144 1.19752 0.116789 -0.0385781 -0.169163 0.338472 -0.24167 -0.396424 -0.365173 -0.187286 0.12335 0.178149 -0.248805 -0.83628 0.258227 -0.369429 -0.101538 0.222338 0.273424 -0.384633 0.305645 0.0272534 0.133567 
0.277409 0.292524 0.576932 -0.30281 0.19073 -0.367812 -0.471581 -0.0719965 0.228532 -0.612267 0.020321 0.0517406 0.766585 0.0710071 -0.295896 0.379861 0.620594 0.321096 -0.218992 -0.34688 -0.170647 -0.314605 0.0398411 0.212303 -0.201852 0.203847 -0.0990543 -0.411713 0.669841 0.079107 -0.612783 0.242742 0.182464 -0.457384 -0.0431381 -0.455554 -0.302638 0.0170497 0.209086 0.0299268 0.387177 0.302143 -0.172915 -0.431737 -0.209541 0.309592 0.110883 0.054115 0.589783 -0.672381 0.214632 0.258995 0.382693 0.275359 -0.154899 -0.0444256 -0.0723631 -0.197752 -0.254441 -0.260084 -0.0941261 -0.783641 0.442692 -0.067556 -0.201631 -0.295529 -0.743823 -0.311776 -0.62486 0.361752 0.846492 0.043173 -0.240774 0.0558329 0.833744 -0.242481 -0.454308 0.317397 0.216629 -0.260931 -0.220758 0.126985 -0.803732 0.436647 0.512376 0.133827 -0.184172 -0.212343 0.271981 0.246463 0.209888 -0.475455 0.0947064 0.277659 -0.0229817 0.234273 0.360723 0.080466 0.247902 1.78368 0.204198 -0.299203 0.266219 -0.0332512 0.394298 -0.519484 -0.101416 -0.42834 -0.32903 -0.0350189 -0.740822 0.136264 -0.0911234 0.335679 -0.302502 -0.395125 -0.682072 -0.0841325 -0.445728 0.384306 -0.420386 -0.238259 0.47385 -0.221205 -0.441869 0.201127 -0.470216 -0.0982478 -0.377769 0.394951 -0.393497 -0.200283 0.689802 0.160452 0.275669 0.205716 -0.456192 -0.648903 -0.0801987 0.0250119 -0.122262 0.286769 -0.257616 0.271951 
-0.476698 -0.0398551 0.146754 -0.0937126 0.492756 0.346196 -0.155943 -0.031331 -0.170704 -0.448793 0.188074 -0.263973 0.452073 -0.0532646 -0.497264 -0.573233 -0.16075 -0.290149 0.173579 0.0272389 -0.395858 0.182468 -0.301697 0.0330463 0.0370935 -0.168867 -0.074798 0.247711 -0.273935 0.110307 -0.19639 0.274383 0.397196 -0.252745 -0.416028 -0.0586124 0.106512 0.523353 -0.295889 -0.0407473 0.490742 -0.0198501 -0.259812 -0.00546612 -0.387932 -0.77696 0.320481 -0.31873 -0.0230291 0.065367 -0.349773 -0.103444 -0.228088 -0.220393 -0.17904 -0.483171 0.12946 -0.0764543 0.322691 0.265895 -0.0963759 -0.0373863 -0.0241627 -0.495816 0.0398563 -0.430177 0.154941 -0.279154 0.101867 -0.301615 0.157209 -0.35784 0.0314319 -0.0184371 -0.0107727 -0.52071 0.00821904 -0.0360464 -0.352577 -0.192023 -0.303101 0.235317 -0.341765 -0.548822 0.138228 0.153114 -0.101707 -0.355103 0.0692442 -0.122903 0.503573 -0.5036 0.0688034 -0.25946 -0.567974 0.0455971 0.430831 0.297427 0.849507 0.170743 1.11831 0.123015 -0.212748 -0.317263 0.480497 0.467422 0.0906117 0.273663 -0.522583 -0.0349877 -0.28776 0.147858 -0.694162 -0.125789 -0.0986368 -0.29515 -0.167796 -0.126652 0.183478 0.234116 -0.35744 -0.0668846 0.616368 -0.331177 0.311655 0.279114 0.0946083 -0.0157906 -0.391794 -0.0430871 -0.355657 0.0903801 0.0316559 0.00996536 -0.411301 -0.0978203 0.0509304 -0.197142 0.622433 0.0951302 -0.214308 -0.170861 0.185714 -0.128713 
0.0446558 -0.258325 -0.278208 -0.295758 -0.405343 0.0866186 -0.407764 0.498068 0.354786 -0.537308 0.29949 0.127939 -0.333108 -0.220282 -0.236448 0.189233 -0.265067 -0.355868 0.610499 0.109439 0.460495 0.0514749 0.469813 -0.514545 -0.273128 -0.2584 0.00657603 -0.121445 0.0342492 -0.776433 0.674522 0.251353 0.197839 0.129832 0.203741 -0.150803 0.505009 -0.00959466 -0.525023 -0.427828 -0.173794 0.00208173 0.399788 -0.223063 -0.168904 -0.199933 -0.0790172 -0.0276253 -0.171817 0.549554 0.0700242 0.123647 -0.754951 -0.362498 -0.196114 0.423185 0.0935428 0.445695 0.297654 -0.22408 0.498448 -0.112203 -0.244733 -0.0222543 0.295089 0.023564 0.208095 0.0614821 0.535694 0.330204 0.0927644 -0.13161 -0.732895 -0.527109 0.154604 -0.0436566 -0.0573384 -0.240314 -0.450041 -0.217079 0.245065 0.119705 -0.170561 -0.833329 0.367546 -0.206372 -0.0758308 0.340432 0.0615972 -0.0959443 0.138072 -0.291061 -0.346612 -0.35111 -0.100846 -0.0433635 0.281491 0.211674 0.395563 -0.294895 0.160777 1.56189 0.299176 -0.631711 -0.125465 -0.150197 -0.0136366 -0.0843516 0.0110615 -0.539301 -0.0988183 0.424822 -0.252354 0.234647 0.562309 0.169613 0.0965017 -0.743213 0.860873 -0.055983 0.439565 0.254463 -0.0856722 -0.743515 -0.0712489 -0.607419 0.0373549 0.160612 -0.00804802 0.663617 0.390112 0.267231 -0.0552224 0.283098 -0.696837 0.491839 -0.0769671 -0.184687 -0.173624 -0.136763 -0.305134 0.0839029 -0.046772 -0.169253 
-0.25454 0.126802 0.19662 0.0113862 0.100091 -0.787419 -0.366275 0.521064 -0.126284 -0.665895 0.205524 0.429985 0.360584 -0.163548 -0.635361 0.251687 0.00896691 0.160849 -0.54504 0.0142882 0.227012 -0.818687 0.319377 0.535624 -0.23508 -0.198242 -0.191221 -0.257581 -0.133011 -0.48653 0.361582 0.136564 0.199989 -0.375332 -0.0860762 0.231534 -0.92666 -0.0631709 0.10526 0.016387 -0.365146 -0.402185 -0.662315 0.165859 -0.0584855 0.22347 -0.136416 -0.565962 0.621422 -0.00741778 0.0649866 0.232988 0.368584 0.191654 -0.0316966 0.546251 0.163158 -0.732477 -0.204233 -0.512409 -0.0284029 -0.316545 0.154181 -0.367475 0.674551 0.0516994 0.168743 0.377367 -0.160177 0.220542 -0.308358 -0.133881 0.0563556 -0.37791 0.572194 0.334739 0.399514 0.356025 -0.295813 -0.143696 -0.0187221 0.333831 -0.648297 -0.430103 -0.0861523 -0.0434674 -0.0617578 0.228145 -0.108852 0.0929999 -0.0402194 -0.608582 -0.435294 0.0795651 -0.207397 -0.114877 0.0694343 -0.107786 -0.70666 0.251933 -0.193579 0.280583 1.59042 -0.146099 -0.352386 -0.152067 0.425814 0.257891 -0.0371948 -0.605238 0.174584 -0.346379 0.0691193 0.295688 0.566225 0.0357756 -0.288823 -0.1674 0.184766 -0.612306 0.201582 -0.208545 -0.242085 -0.160205 -0.0129006 -0.675414 -0.154039 0.216231 0.452559 0.431316 0.0736097 0.589649 -0.420094 0.102183 0.421403 0.194953 0.207577 -0.152562 -0.162771 -0.311672 -0.355283 -0.128384 -0.130598 0.437944 
0.0489195 0.0444905 -0.054498 0.0780434 0.0210271 -0.363935 0.356449 -0.0978056 0.185044 0.146293 -0.315852 0.128782 0.194172 -0.565942 0.384935 -0.184062 -0.378428 0.792325 0.175042 -0.181975 0.00340737 -0.133429 -0.23371 -0.0552056 0.198605 -0.299206 -0.230008 -0.204804 0.487572 0.152246 -0.239127 -0.854284 0.173135 0.0328283 0.150786 -0.329919 -0.0603788 0.622951 -0.0641751 -0.25478 -0.350636 -0.363656 -0.210804 0.256234 0.0639339 0.211484 0.298719 -0.336964 -0.224391 -0.199773 0.0997968 0.287374 -0.0223966 0.203112 -0.218258 -0.216566 0.0492408 -0.0738001 -0.485308 0.171429 -0.351378 0.170957 0.609456 -0.321967 0.108685 -0.149817 0.239674 0.577392 -0.454566 -0.307011 -0.49346 -0.476874 0.137198 0.0527007 -0.0107571 -0.303146 -0.329168 0.364325 0.571231 0.349977 -0.249972 -0.457569 0.377869 0.268654 0.0548952 0.2148 -0.465199 -0.268443 0.0276091 -0.23694 -0.58012 0.434605 -0.445268 0.872499 0.350886 -0.641455 -0.166457 -0.0903875 -0.719097 -0.0486306 -0.299187 -0.651398 -0.147192 1.47898 0.66927 0.0152297 0.388305 -0.492011 0.153137 0.345227 0.0201624 -0.422158 0.131196 -0.743633 -0.109944 0.666972 0.179391 0.322731 -0.368072 -0.00819257 -0.409124 0.108008 -0.0932136 0.171414 -0.42704 -0.278119 -0.355317 0.103736 -0.270866 -0.377396 -0.159071 -0.164475 0.0829115 -0.0159597 0.29144 -0.0439181 -0.144339 0.222805 0.386655 0.492841 0.23374 -0.326755 -0.333216 -0.440922 
0.191282 -0.182349 0.242851 -0.000159867 0.237456 -0.464506 -0.00207604 -0.312078 -0.221528 0.078733 -0.33031 -0.341662 0.169057 -0.560555 -0.464923 0.237203 -0.600448 0.597072 0.468725 0.140086 0.188566 0.455879 -0.379914 -0.197511 -0.0677572 -0.803117 0.272091 -0.106201 0.379977 0.166841 -0.0855852 -0.290325 0.841973 0.324912 0.473975 -0.458279 0.289688 0.698938 -0.0133861 -0.33481 0.131586 0.33342 -0.114233 -0.0347094 -0.274139 -0.370498 0.176847 0.056857 -0.29407 -0.335782 -0.204646 0.0247112 0.273678 0.252269 -0.215881 -0.627605 -0.0917653 -0.0692221 -0.202911 0.249953 0.229308 0.0315974 0.0934553 -0.186801 -0.263891 0.230102 0.222681 -0.232954 0.0532986 -0.205022 -0.32302 -0.751628 0.278369 -0.195077 0.191581 -0.78646 -0.117962 0.0743707 -0.334292 -0.160608 -0.759017 -0.272961 -0.194793 -0.0968761 0.0795718 0.515917 -0.612729 -0.48919 0.607747 -0.102919 0.182707 0.109524 -0.250507 0.229768 0.12634 -0.223226 0.210274 -0.0262005 0.257451 0.3916 0.511253 -0.13247 -0.340798 0.681951 1.6569 0.0268053 0.616087 -0.124374 -0.467053 0.447738 -0.226795 -0.302186 -0.134482 -0.497275 -0.296849 0.570907 -0.681915 0.108272 0.0287791 0.367239 -0.24714 0.0796121 0.512448 -0.249453 -0.310359 0.105016 -0.251964 0.549126 -0.418477 0.281263 -0.253926 -0.456978 0.50785 -0.0266649 -0.24132 0.0644044 0.0709436 -0.731899 0.695445 0.202413 -0.16561 -0.00245862 -0.0938989 -0.222588 
-0.777189 0.143779 -0.160049 0.400635 0.412757 0.573513 -0.0928183 -0.0473735 -0.0653721 -0.404466 -0.0926337 1.07861 0.215929 -0.348256 0.0499094 -0.241791 -0.0353756 0.103321 -0.0947188 -0.205661 -0.611773 0.190638 -0.198182 -0.173261 -0.357944 -0.393183 0.659074 0.021453 -0.258331 0.282305 -0.249802 -0.186186 0.295906 0.105879 0.117401 0.398301 -0.0850414 -0.256165 -0.224207 0.0763365 0.104335 -0.263324 -0.129845 0.55157 -0.0904753 -0.685656 0.36466 -0.546942 0.0541165 0.0818335 -1.19749 -0.391679 -0.148869 0.412212 0.38946 -0.322114 -0.0342793 0.201638 -0.320759 -0.166295 -0.0018584 0.14165 0.530226 -0.226138 0.377878 -0.0262566 0.612785 -0.0112607 0.0511306 -0.341319 -0.179703 -0.0513198 0.248941 0.460352 -0.43229 0.109464 -0.0946033 -0.594222 0.377107 -0.510171 -0.375959 0.17132 0.0113191 0.237206 -0.258596 -0.0786819 0.302659 -0.222067 -0.338059 0.308901 -0.348142 0.361929 -0.10427 -0.12221 -0.415149 0.0735412 0.468583 0.578347 0.424455 -0.499291 0.521069 -0.134312 -0.117588 0.0508016 0.0496961 1.81997 0.148482 0.781159 -0.526107 0.0560201 0.426765 -0.00116945 -0.877729 -0.504463 -0.0435189 -0.0107133 0.348235 0.250463 0.0996541 0.179645 -0.0938303 0.127921 0.00327562 -0.0886666 0.465925 -0.256713 0.0107606 0.271786 -0.263089 -0.504012 0.104568 0.216042 -0.497165 0.694347 -0.686429 -0.394478 0.106858 0.511372 0.193286 -0.493301 0.485514 -0.209667 0.478857 0.191197 
-0.569135 0.0847794 -0.658896 -0.0579073 0.202339 -0.0613659 -0.344098 -0.0161489 0.00186243 0.110508 0.163667 -0.166052 0.695098 -0.516334 -0.651146 0.16261 -0.585888 0.514493 0.328998 0.123871 0.138043 0.0694209 -0.451682 0.28094 0.252224 -0.85576 0.322125 0.0417732 -0.395336 -0.367151 -0.213579 -0.728474 0.299153 -0.0894269 0.0705406 -0.0713852 -0.385661 0.458433 -0.199857 -0.259168 0.255579 0.496102 -0.565754 0.216065 -0.0898711 -0.313073 0.0607811 0.129041 -0.0842941 0.0807985 -0.0388545 -0.194664 0.144974 -0.175669 0.299897 -0.0458114 0.157644 -0.462748 -0.773966 -0.130932 0.398624 0.0219234 0.183809 0.619703 0.281888 0.0596883 0.164841 0.141401 -0.171996 0.242163 -0.535047 -1.1428 -0.0259244 -0.477601 -0.0803018 -0.0664732 0.567874 0.484554 -0.190534 0.11626 -0.287542 0.270056 -0.15342 0.0519983 -0.0390289 -0.156678 -0.167285 0.166665 -0.288347 -0.280078 -0.114275 -0.183454 -0.202957 0.2682 0.243026 0.0138973 0.0568056 -0.0349119 -0.354351 -0.104473 0.121009 -0.0210009 0.437043 0.400627 0.615728 0.125233 1.38564 0.0266288 -0.088818 -0.198933 0.513736 -0.388119 -0.284425 -0.235516 0.0130678 0.327015 -0.821229 0.146663 0.150524 -0.000303247 -0.118852 -0.0715689 -0.274054 -0.1677 0.282067 -0.0526796 0.0906275 0.413666 0.299347 0.154271 0.0898625 -0.0159279 0.0728965 0.169411 0.373654 0.0876056 0.41906 -0.181337 0.0835092 -0.0296355 -0.2212 -0.108539 -0.49216 -0.377398 
0.0451544 0.352947 0.129672 -0.479879 0.142283 0.12087 0.398731 0.199837 -0.566758 0.257065 0.33197 0.0452814 -0.532194 -0.0358892 -0.726945 -0.245503 -0.0920636 0.105698 -0.57316 0.0429761 -0.197019 0.0881934 -0.388774 0.189429 0.014341 -0.172553 0.831598 -0.0510087 -0.233461 -0.266321 -0.673411 0.370696 0.274209 0.139518 0.268534 0.594897 -0.531773 -0.732312 -0.0287265 0.177589 -0.123799 -0.39589 -0.454957 -0.00975325 0.260554 -0.432828 -0.237253 -0.603772 0.198452 -0.0336386 -0.874529 -0.220244 0.103224 0.107549 0.0950753 -0.0886882 -0.0580794 -0.0592997 0.204057 0.115501 -0.404698 0.178518 -0.0593863 0.0386223 0.167029 0.0185057 0.576459 -0.21398 0.176885 0.0720524 0.129532 0.100313 0.404299 -0.129654 -0.242911 -0.117746 0.159888 -0.518086 -0.358202 -0.53431 -0.259015 0.634198 -0.818307 -0.32426 -0.390863 0.0899667 -0.277434 0.02936 0.245796 0.843902 0.0278835 -0.393906 -0.239689 -0.550169 -0.407306 0.0601804 -0.00389771 -0.132165 -0.0171809 -0.438864 0.296594 -0.0991832 0.261652 -0.487156 -0.132201 0.750442 0.0191615 1.66642 -0.218087 0.441493 0.2614 -0.356396 -0.045455 -0.458789 -0.221954 0.186432 0.0899688 -0.152714 0.58942 -0.223276 -0.0682432 -0.121064 -0.396252 -0.0867405 0.764201 0.575909 0.0573128 -0.196322 -0.0745273 -0.115524 0.0577189 0.0360666 -0.460302 -0.198241 -0.204697 0.101656 0.782615 0.646544 -0.162613 -0.617588 0.0164008 0.037865 0.59722 0.165819 
0.486678 0.369766 -0.202481 0.16567 -0.386743 0.00988487 0.557958 -0.174445 0.147471 -0.280031 -0.35096 -0.261284 -0.159744 -0.0543274 0.162053 -0.433331 0.236105 -0.23114 -0.498698 -0.612735 0.310846 -0.201322 0.217595 0.0123253 0.214005 0.2736 0.058021 -0.179692 -0.0464726 -0.1646 -0.294781 -0.369336 -0.402979 -0.197876 0.0653405 0.267764 -0.272784 0.011029 -0.414026 -0.412265 -0.374506 0.0571895 -0.190831 -0.159059 -0.279827 -0.00418826 -0.542592 0.248603 -0.712918 0.486324 0.240933 -0.461555 -0.213647 -0.283791 -0.199516 0.366234 0.0204703 -0.167397 -0.202568 0.614465 -0.669904 0.44237 -0.212429 0.21998 -0.329574 0.266751 0.0119002 0.208376 -0.211075 0.162545 0.014438 0.0883441 -0.382873 0.0319394 -0.0380319 -0.211508 0.0955108 -0.166405 0.224994 0.190369 1.14753 -0.246544 0.117236 -0.340396 0.503066 -0.257803 0.179787 0.262143 -0.118299 -0.383407 0.076083 0.358009 0.0744469 0.393864 0.789119 -0.149281 -0.178788 -0.423759 -0.499912 -0.339603 -0.499701 -0.00381865 -0.0334817 0.157943 -0.474928 -0.556873 -0.0963338 -0.218136 1.44948 -0.47593 -0.0815456 -0.821342 0.36487 0.212367 -0.219792 0.156501 0.167316 -0.467154 0.154696 0.181215 0.0575487 -0.490523 -0.168139 0.335336 0.0177527 0.164491 0.114362 -0.254475 0.297507 0.31537 0.295847 0.361802 -0.298904 -0.304842 0.0337739 0.655333 0.180562 0.278702 0.246861 0.178908 0.563621 -0.279932 -0.614166 0.0175417 
0.583438 -0.298939 -0.492775 -0.733604 -0.232851 -0.155904 0.487822 -0.114033 -0.163246 0.6702 -0.343608 -0.444884 -0.619807 -0.0668999 0.296377 0.371268 -0.469801 0.0627692 -0.0396077 -0.228344 -0.108854 0.757444 -0.531338 -0.225208 0.362324 0.0874888 0.158696 -0.236415 0.125308 -0.0673951 -0.569962 0.0753503 0.385376 0.406975 0.407873 -0.00355076 -0.20918 -0.00240546 0.328997 0.408285 -0.419915 -0.0104997 0.295607 0.292698 0.47691 -0.255447 0.238456 -0.396156 0.638758 -0.981465 -0.384069 -0.100982 0.125773 -0.187156 0.0320519 -0.241677 -0.172384 0.0972482 0.0352034 0.0906769 -0.111944 0.121357 0.178024 -0.140333 -0.670353 -0.790187 -0.0886982 -0.21643 -0.202158 -0.399965 0.474893 0.00723612 0.394048 0.08555 -0.3695 0.0110398 -0.329672 0.104859 -0.143457 0.480322 -0.495814 0.0735597 9.19449e-05 -0.0136069 -0.807847 0.562039 -0.338496 -0.263469 0.32627 0.422877 -0.124444 -0.128154 -0.380881 -0.0807819 0.17848 0.149152 0.0140665 -0.058023 0.0570853 -0.064372 -0.030886 -0.572961 -0.620305 0.331253 0.421083 0.00647457 -0.225229 0.422665 -0.49471 1.65138 0.0239193 0.0675045 0.221292 -0.213889 -0.56011 0.22552 0.0452362 -0.266953 -0.363219 -0.821685 -0.307399 0.211429 -0.212038 0.0499532 -0.249297 0.480733 -0.411528 0.0963288 -0.185474 -0.393335 -0.283111 -0.647254 0.071094 -0.157268 -0.27772 -0.0532531 -0.132352 0.303968 0.0321075 0.346002 -0.216594 0.0802592 0.738537 -0.543088 
-0.339284 0.0234986 -0.503422 -0.156767 -0.0987681 0.0844869 0.589609 0.151498 0.16525 0.600331 0.0971815 0.369532 0.159526 0.0895262 0.0181074 -0.0639214 -0.607772 0.355031 0.110957 0.204209 0.0162466 0.0669097 -0.322045 0.280769 0.411566 -0.29777 -0.0598481 -0.51228 -0.679283 -0.535654 0.094646 -0.283618 -0.0171755 0.307739 -0.531032 0.0279359 -0.218055 0.111779 0.156154 0.163814 -0.318756 0.0743814 -0.243105 0.455578 -0.427615 -0.447268 -0.0559899 -0.0273862 -0.24712 0.0952336 -0.2797 -0.39652 -0.258862 0.127256 0.632529 0.308601 -0.10278 0.158442 -0.118674 -0.583731 0.137616 0.390873 -0.245282 0.259564 0.193731 -0.170882 0.0869652 0.348456 0.316502 -0.0199358 -0.537993 -0.364806 0.76472 -0.0307452 -0.0999432 0.866801 0.618859 -0.354648 0.103459 -0.220032 0.14322 -0.449996 0.385628 0.0182291 -0.621822 -0.289361 0.00870447 -0.495779 -0.567748 0.444401 0.13091 0.553917 0.0048832 0.415907 0.200214 0.669518 0.133662 -0.56599 -0.429097 -0.734057 -0.24754 -0.0963596 0.195636 0.0423076 -0.21733 0.413339 0.523559 0.27869 -0.0642067 0.0600383 1.54437 0.373181 -0.384351 -0.0279818 0.179323 -0.297573 -0.519623 0.131061 0.282545 -0.450618 -0.0588882 0.356777 -0.815274 -0.0123774 0.258187 -0.088816 -0.286729 0.0615237 0.45044 0.0865723 0.0642275 -0.408314 -0.438236 -0.0163693 0.230479 -0.24613 0.105405 -0.022001 -0.125396 -0.587922 -0.0093288 0.0421552 -0.207585 0.177974 
-0.261028 -0.673865 -0.259025 -0.246351 0.22052 0.558989 -0.275426 0.193638 0.300837 0.450099 0.661198 0.261057 -0.0598368 0.433957 0.169045 0.00742232 -0.183797 -0.341058 0.433019 0.404287 -0.58484 0.0111088 -0.0869573 -0.172812 0.0956789 -0.0229288 -0.692931 -0.469545 -0.209292 -0.278803 0.188803 0.374394 -0.194507 -0.192669 -0.932828 -0.459014 0.266859 -0.170793 0.0563369 0.017258 0.157906 -0.0906544 0.388069 -0.371148 -0.319737 0.0488733 0.317166 -0.149657 0.156777 0.131485 0.196788 0.576049 -0.527509 -0.0388892 -0.0171624 0.336109 -0.385187 0.746307 0.6319 -0.668789 0.410486 -0.0915731 -0.0532625 0.0718547 0.0536396 -0.749963 -0.167043 0.173355 0.395827 0.0899195 0.210247 0.0906264 -0.129208 -0.219616 0.184709 0.265136 -0.24774 0.0439562 0.239879 0.0111861 -0.251028 -0.0477872 0.573909 0.317113 0.187607 -0.240654 -0.260841 -0.626927 -0.238537 0.422497 -0.155719 0.186549 0.019603 -0.253288 -0.460468 0.435706 0.264573 -0.182358 0.422591 0.118378 0.163427 0.402629 -0.349979 -0.424665 -0.317374 -0.0392482 -0.402948 -0.363758 -0.828655 0.0789714 0.348528 1.71206 -0.210725 -0.187018 0.205501 -0.823102 -0.219291 -0.0263195 -0.20984 -0.0579352 0.153069 0.828412 -0.204384 -0.456162 -0.0563613 -0.128302 -0.54011 0.0486457 -0.252041 -0.129906 -0.135824 -0.475878 0.417997 -0.0769108 -0.351936 -0.177518 -0.887184 -0.170631 -0.48987 -0.234065 -0.617991 0.564027 0.30144 -0.195326 
0.747472 -0.509201 0.354425 0.132457 0.384002 -0.559411 -0.13276 0.225828 0.0444092 0.742493 -0.11492 -0.490302 -0.712992 -0.142735 0.0730048 -0.043662 -0.0508105 -0.407814 -0.660363 0.398852 0.543079 0.412703 -0.110362 0.0136262 -0.258846 -0.527783 -0.237446 -0.0848788 -0.0618908 0.101828 -0.1848 0.684997 -0.52267 0.168242 -0.0831723 0.538907 -0.276981 -0.503946 0.210015 0.1778 -0.176938 -0.25912 0.185487 -0.411968 0.0341446 0.756136 -0.380601 -0.215146 0.107694 0.0836149 0.179685 0.749976 0.987128 -0.484868 -0.467498 0.285875 -0.36582 0.219862 0.3637 0.541228 -0.325272 0.0343321 0.166838 0.055427 -0.340911 0.489558 -0.0532942 0.137141 -0.216244 0.386029 -0.274441 0.039328 -0.39886 -0.16692 0.0206881 -0.374487 0.091999 0.302479 -0.129731 0.474631 0.0229543 0.320586 0.446021 0.0159709 0.233804 0.0173717 -0.280255 0.398509 0.325189 -0.447096 -0.603868 0.325533 0.126937 -0.0784145 0.103064 -0.110564 -0.674442 -0.0835307 -0.847612 -0.0798704 -0.649454 -0.245408 0.0946586 0.157829 -0.12053 -0.886668 -0.270115 -0.0236774 0.386696 0.261898 -0.379864 -0.181586 1.84871 -0.27063 -0.302391 0.524795 0.0238709 -0.393875 -0.501403 -0.565398 0.58971 0.0828849 -0.36633 0.207974 -0.267004 0.500275 -0.572097 -0.0322737 0.283749 0.178031 -0.293189 -0.259481 0.279879 -0.300268 0.258425 0.194299 0.326422 -0.0317218 -0.053852 0.0199973 -0.108039 -0.0571764 0.0092138 0.493313 
-0.0758712 -0.0202842 -0.0892848 0.0271788 -0.504586 0.0837683 -0.0636768 -0.265042 0.0753991 -0.724083 -0.607454 -0.50106 0.250721 0.34444 -0.128573 0.499022 0.301456 -0.790295 -0.0469437 -0.477463 0.235897 0.00854256 0.380363 0.315062 -0.118521 0.45026 -0.204152 0.293817 -0.179002 -0.277116 0.467792 0.162089 -0.502718 0.347691 0.00292396 -0.178157 -0.387412 0.326434 0.241969 -0.378135 0.0657934 0.455345 0.393255 0.267495 0.230857 0.171331 -0.0596337 0.0605619 0.210562 -0.630371 0.13306 -0.559569 0.0354224 -0.332758 0.464052 0.175277 0.119746 -0.720323 -0.0633785 -0.409023 -0.0888125 -0.273408 -0.184723 -0.128786 -0.559269 -0.42127 -0.634259 -0.198625 -0.0992096 -0.0758687 0.416174 0.157297 0.0942947 0.56693 0.0165688 0.72062 0.259854 -0.295219 -0.498991 0.153263 0.368352 -0.0435282 -0.170508 -0.370217 -0.686967 0.146136 0.432662 0.654761 -0.0402778 -0.143994 0.82847 -0.305612 0.166523 -0.121991 -0.183977 0.657102 0.256009 -0.0155704 0.246269 0.325356 -0.102657 0.220017 0.299651 -0.738577 -0.504899 -0.534978 -0.242782 -0.458588 0.212617 -0.19486 -0.045071 -0.179455 -0.292207 1.73005 0.575453 -0.55121 -0.271425 -0.433997 -0.152203 -0.0605603 0.354275 -0.206182 0.178598 0.101748 -0.488667 -0.141539 0.104123 0.0351924 0.519733 0.755784 -0.281071 -0.0663939 -0.378028 0.0832166 0.0769109 0.244767 -0.374319 -0.700849 -0.249608 -0.124877 0.362342 -0.463233 -0.447085 0.143336 
-0.389053 0.01563 0.110481 0.127922 -0.0356206 0.0346918 -0.0906002 0.0472112 -0.37156 -0.499808 0.339976 -0.125509 -0.114647 -0.24181 -0.0714209 0.13565 0.0465833 -0.510339 0.258641 0.248542 0.00538672 -0.937245 0.101666 0.72368 -0.253182 -0.332069 -0.298816 0.380699 0.118166 -0.151754 0.972996 -0.45102 -0.207523 0.416258 -0.279885 -0.822081 0.0735127 0.43716 0.20826 -0.722457 -0.275474 -0.419479 0.187908 0.189029 0.371442 0.621863 0.361191 -0.548887 -0.330673 0.0509806 0.120955 0.299349 -0.435785 0.139716 0.471641 0.409751 0.0909366 -0.199399 0.303043 -0.396199 0.057216 -0.381079 0.0596414 -0.466058 0.0569591 -0.459552 0.120813 0.159942 0.313634 0.033201 -0.517726 -0.183044 0.146101 0.0533444 -0.0176178 0.209508 0.00641629 -0.434645 -0.416359 -0.0258765 -0.207138 -0.0600025 -0.0512933 -0.267738 -0.678263 -0.0830608 -0.48403 0.588256 -0.269711 -0.0868593 0.418388 -0.103504 -0.347827 0.0351068 -0.683605 -0.303264 -0.0580758 0.0162436 -0.225964 -0.33702 -0.0996998 0.523484 0.545993 -0.129082 -0.328668 -0.0982291 -0.0183927 -0.245948 -0.243737 -0.565275 0.138039 0.18887 -0.348162 0.551258 1.50088 -0.0381048 0.126299 -0.0258797 0.47176 0.187191 0.72261 0.250846 -0.23385 -0.150151 -0.417015 -0.584094 -0.164517 -0.311502 -0.0139976 0.067533 0.101327 0.238886 -0.280912 0.0782814 -0.0943308 -0.170956 -0.132196 -0.0209765 -0.621181 -0.1712 -0.14175 -0.543232 -0.435435 -0.0421277 
0.413696 0.0589708 0.112943 -0.322726 -0.437946 -0.501559 -0.0204626 -0.025135 -0.145857 -0.02409 -0.477385 -0.255186 -0.400479 -0.93149 0.0691889 0.159354 -0.353741 0.330876 0.101552 0.299502 0.388731 0.179932 -0.0746571 -0.422525 -0.15987 -0.507185 0.248817 0.247652 0.443515 -0.337545 -0.062516 -0.32319 0.0755766 0.366874 0.779626 0.160101 0.3388 -0.0209421 -0.506479 -0.134602 -0.373796 -0.536514 0.221524 -0.0650361 0.388215 0.16911 -0.0880835 0.0610294 -0.0843626 -0.298845 -0.202106 0.346318 -0.0524094 -0.265864 -0.230777 -0.215018 0.180628 0.32246 -0.450907 0.545801 -0.0287662 -0.341636 0.172941 -0.251603 0.283033 0.682017 0.0766832 0.354899 -0.0171887 -0.0878338 -0.617288 -0.401285 -0.103861 -0.253079 -0.356225 -0.532841 -0.278194 0.0365727 -0.266309 -0.116589 -0.135616 0.333207 0.109516 -0.312104 0.0268717 0.283844 -0.331858 0.444876 0.406291 -0.299984 -0.478372 -0.0376888 -0.398756 0.207854 -0.237644 -0.533563 -0.0239458 0.327063 -0.893694 -0.412475 -0.279045 0.147956 0.0327118 0.665002 0.556256 -0.0482557 0.312722 0.179607 0.149724 0.237524 -0.321689 -0.822566 0.496192 -0.558237 -0.020937 1.46612 0.16026 -0.0580424 0.396828 -0.178279 -0.173541 -0.41787 -0.554772 -0.332404 -0.0904428 0.0453221 0.0296526 0.114014 -0.174438 0.178101 0.145333 -0.162455 -0.0502749 0.478406 0.0644571 -0.211484 0.629744 0.0265261 0.134177 0.0590566 0.321204 -0.453665 0.0962891 -0.384668 
-0.287952 -0.0410676 0.202708 -0.0267428 -0.476787 0.272568 0.204776 0.25875 0.252519 -0.133777 -0.0341083 0.250507 -0.789577 0.144053 0.578832 -0.675201 -0.0998245 0.0737539 0.312158 -0.405645 0.287035 0.00629088 0.279198 -0.678744 -0.347166 0.589753 -0.137751 0.350797 0.295419 0.17715 0.0962204 0.229685 -0.394588 0.102243 0.232236 0.256613 0.40416 -0.282254 -0.101162 0.160027 -0.353326 -0.76386 0.117444 0.190374 0.597553 0.276027 0.18671 -0.682271 -0.0466237 0.279419 -0.190323 0.0631924 -0.430538 -0.115488 -0.534873 -0.213981 0.208794 -0.14316 0.339773 -0.0223951 -0.415875 0.196394 0.243291 -0.480999 0.451682 -0.147432 0.416931 0.135816 -0.299545 -0.219397 0.183677 0.554622 -0.492104 0.302769 -0.361848 0.151003 -0.412319 -0.204292 0.472062 0.277788 -0.1029 -0.449496 -0.0680744 -0.360448 -0.198355 -0.00669993 0.178017 0.50019 -0.0181166 -0.302306 -0.52086 -0.266032 -0.0666797 -0.348086 -0.245655 -0.740395 -0.733908 0.470799 0.347892 -0.692707 -0.144976 0.0815595 -0.285172 0.184135 -0.689851 0.317407 -0.828807 0.0898583 0.167254 0.0639543 -0.537024 -0.21204 0.00198278 -0.271737 0.150181 0.166974 1.80379 0.152939 0.110075 -0.181308 -0.0200738 0.28562 0.389998 0.53598 -0.0859563 -0.591604 0.554101 -0.696751 -0.319583 -0.907502 -0.0760101 0.409604 -0.556498 -0.210869 -0.116218 -0.00206945 -0.0835717 0.895741 -0.0570739 0.455149 0.205412 -0.323079 0.136386 -0.0604304 
-0.699492 0.0450954 0.429249 0.311553 -0.294281 0.162377 -0.0675954 -0.759957 -0.664369 0.385221 -0.09991 -0.0297833 0.137466 0.22974 -0.0374944 -0.0124328 -0.318418 0.625608 0.207879 0.241438 -0.426972 -0.555162 -0.0844676 -0.103206 -0.0499154 0.273693 -0.275695 0.346569 0.0954028 0.295849 0.00103963 -0.361632 -0.358276 -0.283335 -0.138684 -0.0811932 0.217323 -0.241595 0.156602 0.154578 0.122996 -0.146483 -0.404265 -0.195799 0.378207 0.259752 0.124085 0.349156 -0.146812 -0.138783 0.0584198 -0.043627 0.0592328 0.698813 0.0246431 -0.376706 0.0643876 -0.531713 -0.28769 -0.381931 0.259951 -0.222573 -0.155464 0.180795 0.716063 0.64151 -0.0936414 0.051602 0.0111819 -0.271542 -0.839852 0.00186761 0.509096 0.0202332 -0.198927 0.125929 0.042559 0.216251 0.466795 -0.348038 -0.706705 -0.434845 0.241453 0.63853 -0.158378 0.111931 -0.0262511 -0.344016 -0.0344707 -0.0673388 -0.266786 -0.123277 0.420394 -0.262933 -0.605748 -0.143306 -0.434238 -0.264552 -0.200009 -0.10919 -0.118255 -0.772577 -0.178171 0.313053 0.0859136 0.205213 0.124663 -0.167247 -0.481638 -0.262657 0.0992384 -0.0334903 -0.430185 -0.448731 -0.016419 -0.0657494 0.138517 1.48226 -0.17248 0.581273 -0.439962 -0.0733029 0.149003 0.51796 0.154019 -0.248281 0.67157 -0.127544 -0.188926 -0.757943 0.140394 -0.223389 0.0209406 -0.34905 0.742273 -0.782352 -0.18286 -0.372394 -0.192296 -0.153158 -0.0593657 0.237923 0.0850128 -0.234487 
0.221969 0.593559 0.144737 -0.65632 -0.687573 0.104479 0.478148 -0.0598596 -0.353612 -0.329694 0.406184 -0.214125 -0.391869 -0.346452 -0.114287 -0.158673 -0.485238 0.179085 0.399266 0.0494438 0.54724 -0.418607 -0.147349 0.0207937 0.0604545 -0.214106 0.323152 -0.117332 0.208278 -0.720533 -0.084767 0.0101428 0.362356 0.273485 0.0596232 -0.155558 0.676225 0.0134159 -0.313126 0.0262616 -0.6188 -0.228384 -0.171382 -0.107989 -0.137658 -0.277047 0.143741 0.0549008 -0.478334 0.348277 -0.425226 -0.253125 -0.82317 0.174945 0.216179 0.492825 0.300233 0.266575 0.27224 0.221802 0.277826 -0.335919 -0.35772 0.0312658 0.515678 0.223314 0.0760696 -0.153081 0.437621 0.570993 -0.233347 -0.313202 -0.0709231 -0.617159 -0.0111319 -0.264757 -0.0107709 -0.674548 -0.265483 -0.623128 0.20241 -0.266791 -0.650613 -0.938421 -0.0954554 -0.206545 -0.551543 0.141663 -0.171804 -0.0363726 0.595628 -0.527327 0.00745084 -0.100498 -0.283746 0.129739 0.0428398 -0.131165 0.0932792 -0.467757 0.194903 0.834536 0.177022 -0.374722 0.00944798 0.0574322 0.131552 0.577915 0.143239 -0.355896 0.253749 -0.213983 -0.534686 -0.163909 0.484249 0.392149 0.0986809 -0.169452 1.59159 0.191622 -0.0947797 -0.275121 -0.319292 -0.16843 0.20479 0.0203918 0.233129 -0.791363 -0.392083 0.0648313 0.571102 0.0721448 -0.268083 0.098084 -0.193038 0.00777682 0.504802 0.0049852 -0.0967892 -0.277542 -0.309791 -0.120581 -0.155423 0.0635047 
-0.301951 0.385174 0.577458 0.526327 -0.011482 1.04114 0.0551203 -0.977899 -0.396074 -0.323384 0.0773674 -0.243286 0.265451 0.0794089 -0.522347 -0.154676 0.356868 0.0628646 0.3044 -0.229538 -0.513464 -0.46371 0.0539886 0.0780886 -0.172819 -0.0989258 0.393743 0.310752 0.582817 0.243935 -0.406176 -0.529261 -0.460503 0.0138002 0.027861 -0.507959 0.270824 -0.0300004 -0.305347 -1.24069 0.61555 0.271362 0.00340603 -0.698487 0.12764 0.387942 0.0889951 0.299321 -1.06094 0.3274 -0.0750574 -0.0920056 -0.365748 0.59674 0.0931316 -0.195391 -0.10522 -0.160796 -0.0448404 0.141378 -0.227563 -0.0220487 0.159652 0.537699 0.000598218 0.396422 0.199678 -0.0528215 0.184803 0.309888 -0.128819 -0.135558 -0.178375 0.258386 -0.0211349 -0.693796 -0.385214 -0.58612 0.436228 -0.62512 -0.10197 -0.0982672 -0.0577927 0.552067 0.689095 -0.0688062 -0.475745 0.0951627 0.300504 0.137221 0.200938 0.301985 0.28773 -0.189601 -0.526668 -0.0651399 0.101188 -0.325986 0.395932 0.39312 0.276385 -0.0514763 -0.589206 0.0160007 0.378752 0.168266 0.0115679 -0.203938 0.200602 -0.783518 -0.44857 -0.0312351 -0.567838 -0.0414232 0.230523 -0.152115 -0.161859 0.615144 0.222465 2.00544 0.0899644 -0.0480931 0.472959 0.130187 0.074671 0.256982 0.290498 -0.105379 -0.601007 0.191108 0.126588 -0.215555 0.322034 -0.285389 -0.0872368 0.349783 -0.39008 -0.41854 -0.206466 -0.398847 0.668018 -0.0411815 -0.638257 -0.278258 
-0.05522 -0.72624 -0.281823 0.676188 0.315623 0.0392851 -0.367234 -0.221053 -0.436497 -0.10146 0.192153 0.0463559 -0.826504 -0.126708 -0.186052 0.366358 0.0954086 -0.901665 -0.198267 0.0728962 0.172342 -0.125944 -0.144967 0.319676 -0.666219 -0.950684 0.308667 -0.0690079 -0.348253 0.269957 0.633006 -0.0324788 -0.109536 0.447104 -0.0305942 -0.297694 -0.371433 -0.323053 0.288937 -0.652132 -0.335804 -0.0216093 0.211925 -0.0399684 -0.0785436 0.708541 -0.0742404 -0.24955 -0.389192 0.178177 -0.212586 0.199604 0.39447 0.0724307 0.118566 0.50884 -0.659536 -0.24187 0.274792 -0.109012 0.26453 0.143422 -0.199556 0.279845 -0.703863 -0.0784767 0.44068 -0.110777 0.148693 0.423104 -0.144473 -0.0631073 -0.310399 -0.0932071 -0.0154952 -0.230282 0.106553 -0.472217 -0.517948 0.473041 0.00928134 0.0587202 0.151191 0.15457 -0.329711 -0.217861 -0.249667 0.662942 -0.0859086 -0.240254 -0.0703126 0.517021 -0.209962 -0.526192 -0.0764164 -0.21548 -0.232676 0.00827984 0.05325 -0.442098 -0.345697 0.413545 0.194155 -0.415458 -0.266155 -0.135735 -0.137508 -0.0794313 0.0464091 -0.299759 -0.0873667 0.149243 0.556744 0.342885 0.735415 -0.177904 -0.0311514 -0.436618 -0.0944629 0.0594379 1.5319 0.349003 0.111974 0.431017 -0.172604 -0.346855 -0.226602 0.330252 0.182118 0.0404841 0.0346302 0.277241 -0.0620103 0.0457364 -0.716808 0.271906 -0.212463 0.0577993 -0.59085 -0.156599 -0.304682 -0.254478 -0.2725 0.555027 
-0.408097 -0.49871 -0.129714 -0.0756371 0.313575 0.144387 -0.163453 0.582843 0.536786 0.674613 0.269325 0.132962 -0.368543 0.121367 -0.242762 -0.208378 -0.614445 0.108626 0.479028 -0.0450614 0.114137 0.296521 -0.00467217 -0.292351 -0.287962 -0.369856 -0.240813 -0.252682 -0.0386538 -0.176775 0.273751 0.0675607 -0.291541 0.311925 -0.183255 -0.387741 0.0445234 -0.0607257 0.312746 -0.47392 0.198544 0.216428 0.107656 -0.0770633 0.179286 -0.0514409 0.00230312 -1.0162 -0.291861 0.445803 -0.0758975 0.105534 -0.106823 -0.122878 -0.117725 -0.139248 -0.289477 0.118986 0.398919 -0.896308 -0.151338 0.40247 0.488431 -0.0179976 -0.102162 -0.53042 0.385676 -0.208773 0.0376891 -0.103793 -0.165906 -0.20408 -0.280454 0.180833 0.0298541 0.487654 0.0884739 -0.180763 0.318165 -0.0539625 -0.907446 -0.514847 0.112836 0.0809202 -0.279259 -0.0878579 -0.344339 -0.152202 0.0228603 0.248202 -0.380661 0.339816 -0.201265 -0.134804 0.171898 -0.111441 -0.639356 -0.167708 0.455659 -0.275216 -0.0703862 0.213199 -0.231215 0.0864315 0.045354 0.0707721 -0.105468 -0.147496 -0.516906 0.203825 0.313055 0.809342 0.0346755 -0.232815 0.248407 -0.437477 0.259299 -0.0852022 -0.290048 -0.0938633 0.333759 1.3346 -0.0199185 -0.332858 -0.518894 -0.491567 -0.624859 -0.0594019 0.0569711 -0.112048 -0.234315 -0.404231 0.15172 -0.705174 -0.296726 0.417728 -0.411059 0.0391464 -0.317212 -0.212186 -0.194923 0.377869 -0.185006 -0.172165 
-0.401362 -0.432445 0.404827 0.576816 0.119582 0.0411155 -0.134243 -0.436526 -0.140523 -0.602107 -0.129641 -0.0211465 0.0151489 0.414025 -0.302395 -0.264968 -0.0444133 0.0732182 0.377988 -0.472004 0.184553 0.202563 0.028089 -0.341721 -0.400522 0.0770769 -0.0138563 0.0560615 0.047435 0.674608 0.120139 0.37531 0.467269 -0.170392 0.0104813 -0.155705 0.00671536 0.429327 0.145501 -0.105564 0.167429 0.130119 -0.350631 0.0405408 -0.404877 -0.0314178 0.233627 -0.000839285 -0.112852 -0.0473612 -0.0352555 -0.181994 0.296345 0.32776 -0.677431 -0.498266 -0.13811 -0.945031 0.268417 0.0438699 0.0907214 0.294269 -0.279991 -0.246221 -0.167802 -0.103837 0.349918 -0.268808 -0.303427 -0.0836094 0.519313 0.0831405 -0.191013 0.0782458 0.412071 -0.532082 -0.118639 0.0760207 -0.122753 0.390783 -0.214198 -0.62791 -0.475828 -0.225698 0.221534 0.265314 0.0948628 -0.139337 0.34912 -0.450493 0.323854 -0.327584 0.156145 -0.473673 -0.0639644 -0.350191 -0.0921021 0.178387 1.21349 0.478648 0.654621 -0.0851817 -0.223001 -0.0730365 0.519944 -0.0121192 -0.266199 -0.38093 -0.152769 -0.177887 -0.817242 -0.1817 -0.372785 0.193719 -0.194534 -0.532624 0.405431 0.178858 -0.292464 0.468943 0.138484 0.0218355 1.68153 0.81793 -0.0569107 -0.425114 0.62318 0.218758 -0.390293 -0.28669 -0.539985 0.36793 0.020941 -0.296681 -0.288541 0.286373 -0.531916 -0.389775 0.646911 0.625962 -0.318537 -0.132631 -0.228633 0.415957 
-0.269042 -0.376282 -0.00833744 0.470603 -0.476078 0.264169 0.569099 -1.05331 -0.521386 0.0122054 -0.121448 -0.0367876 -0.550365 0.458553 0.24859 -0.154632 -0.238501 0.214687 0.0432591 -0.475733 0.348427 0.0107923 -0.570413 0.0174071 -0.124248 -0.108451 0.155034 -0.257126 -0.289196 0.43863 -0.470652 0.0968277 -0.0652769 0.133196 -0.298883 0.149183 -0.431929 -0.132627 0.367598 0.280036 -0.698334 -0.331083 -0.517815 0.252209 -0.272281 0.738052 0.288623 0.328176 -0.146442 -0.469471 -0.337025 -0.194129 0.435602 0.518878 -0.203867 0.232988 -0.403549 -1.12489 -0.0286611 0.141806 0.12465 0.282809 -0.502581 0.48666 -0.123287 -0.0271097 0.187693 0.324772 -0.574988 0.512657 0.2462 0.0255657 0.182728 -0.0870737 0.0261612 -0.204925 0.0258402 -0.151564 0.182631 0.862266 0.350646 -0.785582 -0.0487535 0.222283 -0.397562 -0.0685568 -0.0788993 0.253123 -0.219725 -0.46485 -0.0440403 0.0329995 0.33307 -0.345716 -0.158589 0.021514 -0.415408 -0.259019 0.109132 -0.240038 -0.316555 -0.766655 -0.164752 0.167961 -0.265587 -0.127692 -0.183476 -0.0950487 0.327077 0.0604735 -0.037976 -0.457109 0.177888 0.093239 -0.134466 -0.333886 0.527782 0.524184 -0.165233 0.10254 0.433897 -0.314734 0.7943 1.90551 0.29883 -0.107655 0.758537 -0.220444 -0.207415 -0.879277 -0.442845 0.0679921 -0.455412 -0.124617 0.329995 -0.120828 -0.391452 0.102317 -0.0251021 0.417059 -0.267763 -0.513633 -0.476908 0.770811 
-0.589129 -0.156103 -0.346137 -0.225346 0.00493501 0.433996 0.0680153 -0.0821713 -0.249208 0.176624 0.522476 0.168175 -0.0495597 0.25026 -0.581087 -0.589695 0.196615 0.21277 0.00741576 0.416018 -0.510798 0.106771 -0.552413 -0.106453 0.245443 -0.0800631 0.414408 0.00395434 -0.78224 -0.125451 -0.436412 -0.0194644 0.0627546 -0.383942 -0.331295 0.284102 -0.351946 -0.445917 -0.578177 0.161396 0.268322 -0.543142 -0.545249 -0.197125 -0.426383 -0.211452 -0.360106 0.63257 -0.142253 -0.0136885 -0.100288 0.0649827 -0.288275 -0.255076 -0.307706 -0.365265 -0.229509 -0.0602596 -0.17186 0.152338 0.0135884 0.2611 -0.93091 0.495754 0.255033 0.0694115 0.303907 0.476515 0.05467 0.0713203 0.320684 -0.0630636 0.275727 -0.421583 -0.138268 -0.271629 0.210628 -0.022751 -0.449733 0.0639511 0.564348 0.58162 -0.216169 0.176178 0.254758 -0.304776 0.263533 -0.0304548 -0.0546131 0.470871 -0.118226 -0.174105 -0.0464947 -0.429391 -0.485994 -0.180394 0.347264 -0.0309366 -0.0396545 -0.454121 0.332858 -0.0878079 -0.0108663 -0.423913 -0.319912 0.433481 0.272873 0.762474 0.0160739 -0.232196 0.239169 -0.0507269 -0.290509 -0.490596 -0.394749 -0.0853447 -0.0875732 0.166824 0.214568 0.0536052 -0.163143 -0.49419 -0.0739603 0.305411 1.42992 0.443324 0.875921 0.16503 -0.0516866 -0.235552 -0.305729 0.205829 -0.316658 0.245784 0.16232 -0.327158 0.470371 0.582288 -0.136468 -0.14021 -0.101 -0.145126 0.0453527 0.0733301 
0.510184 0.365905 0.138028 -0.53782 0.374111 0.421826 0.412068 -0.322493 -0.331088 0.591019 0.157909 -1.03532 0.0346347 -0.0021163 -0.178871 -0.456719 0.28619 -0.459603 -0.49936 0.271486 -0.356692 0.357265 -0.765376 0.5182 0.500973 -0.0876986 0.215495 0.235948 -0.203693 0.0632352 -1.09174 0.223914 -0.338003 0.0501364 -0.432588 0.12769 -0.0428765 -0.10632 -0.0883568 0.153063 0.458988 0.110557 0.030519 -0.426286 -0.049963 -0.141398 -0.114684 0.248108 -0.187418 -0.273251 -0.16278 0.0320374 0.165927 -0.54242 0.219326 -0.186692 -0.090446 0.467078 0.25362 0.903908 -0.540717 -0.166967 -0.11381 0.289345 -0.661144 -0.17653 -0.489598 -0.335418 -0.0494409 0.192959 0.293351 -0.195707 0.216098 0.0650271 -0.352746 -0.580596 0.00697951 -0.1879 -0.270213 -0.0818553 0.233208 0.675235 -0.0362804 0.0840498 0.0441685 -0.0106824 -0.327752 -0.00150622 0.0920403 0.143597 0.419092 -0.055004 0.451207 0.0222612 -0.275516 0.473437 0.093226 -0.169341 -0.168219 0.190896 0.302338 -0.621957 -0.671359 -0.27297 0.0974838 -0.287136 -0.0598532 0.576202 0.164834 0.499856 -0.105813 -0.120646 0.478791 -0.141446 -0.559807 0.0524412 -0.591199 -0.233455 0.0321903 0.237938 -0.335373 -0.464842 -0.440142 -0.0990535 0.445345 1.66046 -0.266944 -0.596495 -0.195354 0.0595594 -0.323519 -0.592321 0.349792 -0.176119 0.200954 -0.17733 0.591042 0.118942 0.0293133 -0.164358 0.198747 -0.136013 0.0508174 -0.0859966 
-0.717466 -0.16724 -0.193218 -0.0138487 -0.856525 0.291685 -0.066264 -0.513484 -0.394347 -0.128615 -0.0320804 -0.229195 -0.234803 0.439687 -0.305825 -0.182922 -0.0260026 0.364957 0.620352 0.0766486 0.028176 0.00516367 -0.0119302 -0.568934 0.0364717 0.554881 0.220748 0.584215 -0.34828 0.0322877 0.206802 -0.18282 -0.080297 -0.2252 0.317734 0.103681 0.188111 -0.182698 -0.404513 0.113904 0.136478 -0.220375 -0.322087 -0.0593354 0.227228 0.0622133 -0.264909 0.993441 -0.17126 -0.179156 0.288357 -0.330064 -0.371313 -0.0846499 -0.429577 -0.604086 0.152904 -0.810971 -0.345403 -0.0512073 0.387393 0.117312 -1.11758 0.451746 0.437104 0.467988 0.0936782 0.197437 -0.0228815 -0.159827 0.167118 0.1516 0.101428 -0.269085 -0.275439 -0.0210138 0.162741 0.171561 -0.439786 0.25789 0.303286 -0.0751601 -0.283424 -0.0387851 -0.0605954 0.000972311 0.565885 0.416067 0.140759 -0.156635 0.0665179 -0.640597 0.150004 -0.724111 -0.404032 -0.47278 -0.151124 0.111836 0.344734 -0.47513 0.12315 0.0281342 -0.144667 -0.344851 -0.254179 -0.0143454 0.0887711 0.0629237 0.120021 -0.387089 -0.298409 -0.527138 -0.588263 0.109533 -0.134913 0.042089 0.559822 0.691713 0.250245 0.276771 -0.209803 -0.592817 0.613469 0.772456 0.883259 -0.261626 1.7193 0.0733146 -0.000299234 -0.437455 -0.082135 0.374082 -0.42511 0.000601835 0.434757 -0.356533 0.179276 0.130324 -0.108301 0.38151 -0.0854443 -0.194511 -0.103762 -0.256425 
-0.192165 -1.01075 -0.575146 0.707295 0.0829647 -0.0975435 -0.411638 -0.352507 -0.199608 -0.212754 -0.604531 0.42014 0.0952193 -0.0123956 -0.585629 0.80414 -0.18522 -0.120809 -0.101269 0.040332 -0.530427 0.475105 0.339533 -0.479554 -0.051852 -0.360595 0.096178 -0.252974 -0.357026 -0.0798169 0.500383 -0.191403 0.429381 -0.148308 0.474293 0.32002 -0.844211 0.0454221 -0.341279 -0.631286 0.0277277 0.0720689 0.130133 0.0733873 -0.198837 -0.199208 -0.234469 0.293616 0.351618 -0.378722 0.0519409 0.089086 0.336118 0.145636 -0.337893 -0.166753 -0.395182 -0.429285 -0.470898 -0.239284 0.383127 0.586313 -0.27266 0.0882599 -0.113464 0.220582 0.632557 0.701477 0.347062 -0.567235 -0.190186 -0.0851729 0.274693 -0.131087 0.059213 -0.1644 0.0726442 0.479699 -0.425106 0.349251 0.0351636 0.50683 0.648606 0.233437 0.314816 0.475743 0.252076 -0.363767 0.590644 0.327184 -0.47132 0.435201 -0.688514 -0.343528 -0.0300818 -0.048559 0.846582 -0.216074 -0.204836 -0.0725891 0.0433229 0.181964 0.256176 0.144774 0.577484 0.277253 0.442382 -0.160139 -0.218243 0.151341 0.0804166 0.0921907 -0.017868 0.0711744 -0.251326 0.157022 -0.660457 -0.0768281 -0.743675 -0.0885342 0.377623 0.00321314 0.239619 -0.175953 0.202941 -0.560605 0.103887 1.96108 0.388516 0.70835 -0.0812107 0.0501482 -0.107735 0.271314 -0.504187 0.361926 -0.619946 -0.552104 0.334291 -0.0770816 0.107054 0.0820578 0.484684 -0.427247 
-0.215973 -0.198224 -0.45264 0.130949 0.026019 -0.404795 -0.279377 0.329441 0.105319 0.21623 -0.352796 -0.177503 0.079613 0.0721441 -0.302705 0.114911 -0.135415 -0.346529 -0.429914 -0.0155891 0.103383 0.0661144 0.241227 0.0975689 -0.000982528 0.0612215 -0.207088 0.107931 -0.665986 -0.241764 0.459766 -0.111165 -0.412414 -0.134499 0.0187806 0.314262 -0.574586 -0.120545 0.0617172 -0.0504762 0.105815 0.386669 -0.144711 0.131609 0.0883983 -0.300578 -0.618099 -0.0714487 0.0656139 0.154532 0.259502 -0.434476 0.317324 -0.487752 0.121646 -0.00695291 -0.00677455 -0.402893 -0.303834 -0.383996 -0.133641 0.244117 -0.198915 0.0818447 -0.185569 0.162567 -0.136114 -0.126535 -0.00900281 -0.361774 -0.421834 -0.0598593 0.0670129 0.125467 -0.152586 0.690816 0.704363 0.262165 -0.290241 0.0820012 0.0812427 0.116921 0.20197 -0.124515 -0.330095 -0.0724963 0.553684 0.164553 -0.154802 -0.12966 -0.0371057 0.081865 0.0172619 -0.0328891 0.457969 0.12759 -0.280205 -0.208118 -0.409982 -0.402503 -0.383073 -0.0370887 0.442112 -0.28022 -0.440512 -0.308015 0.277671 -0.0887363 0.283346 -0.180855 0.418941 -0.258888 0.247762 0.505323 -0.00421334 -0.181822 -0.333681 -0.188602 -0.394787 -0.634555 0.179097 0.069194 -0.419825 -0.213316 -0.0641683 -0.209857 -0.0201191 0.338124 0.920104 0.378348 0.104187 0.136234 -0.267697 -0.320993 0.224688 0.122862 0.242052 -0.166145 -0.0808075 -0.199298 0.0870498 0.107676 -0.0764173 -0.0756015 
0.35664 -0.0946399 0.320621 -0.147295 -0.184114 -0.261453 -0.0135578 0.253736 0.447934 -0.390477 -0.531621 -0.21759 0.316334 -0.0669506 -0.832758 0.29766 0.0777259 -0.144904 -0.0831217 0.056053 0.245516 0.327943 0.522542 -0.135541 -0.0745853 -0.143646 -0.0599493 -0.228552 0.0624709 -0.81331 0.246682 0.298014 -0.226122 0.280944 0.213657 0.0660323 -0.356462 0.179846 -0.399789 -0.857539 0.288655 0.185313 0.303302 -0.343487 -0.303904 -0.136221 -0.590119 0.0681272 -0.17079 -0.164933 0.183574 0.0210237 -0.0171236 -0.391506 -0.125847 -0.0194851 -0.0370639 0.0748352 -0.0528249 -0.203351 -0.356079 0.041154 -0.139889 -0.178838 -0.161276 0.300402 -0.127684 0.369878 0.328934 -0.0303895 0.0353925 -0.150292 0.0715676 0.135178 0.40053 0.139294 0.193184 -0.271276 -0.543784 -0.536352 0.397322 0.318658 -0.0568052 -0.509418 0.383133 0.224489 -0.0301088 0.0623389 0.661048 0.432866 0.368482 0.170946 -0.267043 0.199945 -0.118947 0.468755 0.640229 -0.369597 -0.34184 0.407108 0.00252508 0.671467 0.45776 -0.34986 0.296119 -0.512047 0.169486 -0.0928419 0.3381 -0.351824 0.0919638 -0.099862 0.178935 0.778264 0.114208 0.207608 -0.88471 -0.720728 0.0990181 0.194451 0.0743541 -0.0629345 -0.27933 -0.848287 -0.211143 0.0819476 -0.420384 0.694849 0.415239 1.7285 -0.318139 -0.412268 -0.0553502 0.0460515 -0.0173915 0.719223 -0.0132034 -0.985319 0.173369 -0.645925 0.635439 -0.15745 -0.421504 0.0338197 
0.42885 0.496751 -0.538373 0.134689 -0.340094 -0.0351869 -0.217279 -0.372195 -0.78872 -0.210726 -0.0024716 -0.0140891 -0.280845 -0.413851 0.382124 0.590306 -0.196271 -0.466562 -0.543291 -0.365641 -0.269519 -0.908444 0.413332 0.0633188 0.0667785 0.213192 0.128955 -0.035417 0.234751 -0.128645 0.171532 -0.649485 0.196112 -0.544465 0.439357 0.101775 0.268291 -0.466882 -0.117423 0.0350871 -0.618971 0.536244 -0.04139 -0.218309 0.382732 -0.491017 -0.0755008 0.0882094 -0.10589 0.713932 -0.0758775 -0.63275 -0.396501 0.485625 0.456034 0.815743 0.214832 0.210359 -0.245784 0.195764 0.46599 -0.230646 0.155969 0.28547 0.168641 0.4868 -0.0410297 -0.705164 0.454426 -0.0112109 -0.776729 0.121827 -0.413153 -0.462637 -0.343112 -0.149829 -0.0548359 0.109383 0.394266 -0.462839 -0.0618985 0.0234236 0.129495 -0.118467 0.203254 -0.140303 -0.032358 -0.23254 -0.422371 -0.32608 -0.0445786 -0.12317 0.0416022 -0.213362 0.647815 -0.0302193 -0.167944 -0.262774 -0.201543 -0.41893 -0.347635 0.360372 0.0624632 -0.169124 -0.27666 0.0589427 0.0674871 0.0428108 0.280987 -0.279191 0.032029 -0.14337 -0.329874 -0.296181 0.110413 0.13725 -0.0908077 0.140018 0.567699 0.0923411 0.0309102 -0.222791 -0.570216 -0.449445 -0.31891 -0.338721 -0.102654 -0.132302 0.103488 -0.355729 1.6704 0.543718 0.157381 -0.241406 -0.576763 0.0635996 0.000273914 0.106347 -0.223497 -0.106397 -0.345729 0.771604 0.68713 -0.70271 
-0.237767 0.152331 -0.31804 0.430959 0.298332 -0.369448 -0.418695 0.261396 -0.375027 -0.83179 0.294905 0.4029 0.00700858 -0.178606 0.00931578 -0.218389 0.474278 -0.430689 -0.544771 -0.281609 -0.221841 -0.850288 0.264469 0.287933 -0.213833 0.154627 0.0650848 0.149141 -0.226814 0.427213 0.512994 -0.394512 0.428311 -0.721439 0.0903917 0.00351525 -0.315719 -0.0138796 -0.159838 0.0450634 -0.250601 -0.188956 -0.508764 0.166147 -0.125007 -0.223359 -0.162345 -0.169867 0.0218404 0.582523 0.182145 -0.207918 -0.0881444 0.0779404 -0.209895 0.185986 0.104166 -0.402415 -0.129221 0.213315 -0.0245965 0.0599583 -0.188303 -0.336391 0.0277606 -0.0654899 0.362669 -0.24779 -0.107736 -0.218195 -0.0189763 0.253022 -0.369215 -0.243303 0.105618 -0.279117 0.0710733 0.26868 -0.189904 0.225259 0.352794 0.191414 -0.412956 -0.245947 0.220936 -0.220078 0.395359 0.15058 -0.358019 -0.378845 0.0217222 -0.312473 -0.274165 -0.130023 0.423658 -0.827556 -0.0673824 0.294266 0.118849 -0.215959 0.108159 0.247249 0.58826 -0.164771 -0.469955 0.180173 -0.0285463 0.0309155 0.356699 -0.633577 -0.430756 -0.473667 -0.28641 -0.0717462 0.257728 -0.16078 0.404563 -0.214008 0.0784987 -0.240044 0.283278 -0.38295 0.347457 0.0711493 0.202405 -0.597766 0.36332 0.0088139 0.145292 -0.440101 0.553475 1.29194 -0.242027 0.0445059 -0.435564 0.0601202 0.204458 0.687568 0.10999 0.44978 -0.367338 -0.00286774 0.169848 0.0512984 
0.289833 -0.0890936 -0.0230681 -0.233596 0.349206 -0.251296 -0.585571 -0.0395347 -0.0537205 0.31961 0.259938 -0.362399 0.056559 -0.252213 -0.0198654 0.165166 0.110075 -0.065517 0.0261975 0.218086 -0.22056 -0.13457 -0.264755 -0.00530621 -0.116267 -0.295657 -0.12066 -0.122219 0.271981 0.220045 -0.178076 -0.222741 0.0562783 -0.321973 -0.0676628 -0.637504 0.379431 -0.114454 0.048106 -0.0377955 0.35517 0.469552 0.0726023 -0.63213 -0.109579 0.0474909 -0.102631 0.257656 -0.151947 0.0475006 0.355038 0.264341 0.0902092 -0.0975043 -0.123543 -0.135222 -0.258854 0.479528 -0.0721253 0.0501692 0.233545 -0.463407 0.0883772 0.251636 -0.474132 -0.000635358 -0.515633 -0.634238 -0.119629 0.139229 0.0253626 -0.241989 -0.4216 -0.281681 0.187699 -0.501954 -0.264887 0.305991 0.0514449 -0.115588 -0.456638 0.0571144 -0.0495856 0.511349 0.436078 -0.093975 -0.30136 -0.274203 0.0578794 -0.151329 -0.079028 0.0408481 0.16088 0.0625329 0.317223 -0.177237 -0.187397 0.0362139 0.151708 0.652185 0.0274943 -0.097146 -0.443424 0.0606744 0.472932 -0.554974 0.0383373 -0.487394 -0.325948 0.0628306 -0.482619 0.398267 0.23101 -0.405321 -0.284011 -0.0705414 -0.58348 0.00838118 -0.28367 0.275604 -0.0779141 0.15106 -0.0214731 -0.474196 -0.342023 0.322407 -0.457813 -0.17101 -0.28058 -0.105124 0.145198 -0.263968 0.964995 -0.162985 -0.139482 -0.115713 -0.0969068 -0.282534 -0.222284 0.155233 -0.464536 0.585318 -0.0195074 -0.273968 
-0.204587 -0.142326 -0.358708 -0.108116 -0.194994 -0.0744715 -0.563007 -0.125419 0.307713 -0.937262 -0.267959 0.846759 0.329965 -0.748644 0.592647 0.341222 0.409033 -0.0823908 0.176392 0.17547 -0.0744566 0.219319 -0.337426 -0.247012 -0.46744 -0.627236 0.334783 -0.181995 -0.125741 -0.0765831 -0.050207 -0.15859 0.26455 0.18282 0.0563551 -0.0885835 0.240411 -0.072341 -0.507395 0.400645 -0.216883 -0.509144 0.389491 0.376962 -0.537253 0.124712 0.349038 0.601247 0.408374 -0.812389 -0.587666 0.250378 -0.192344 -0.186909 0.27816 0.0373415 -0.143125 0.618601 -0.770354 0.0999144 0.59544 -0.870868 0.00114537 -0.126213 0.0447595 0.018873 -0.51876 0.414354 -0.32337 0.240544 0.325443 -0.255573 -0.13173 0.0103674 -0.0612166 -0.101728 -0.416462 -0.279153 -0.21691 0.0504842 0.51663 0.410987 0.125703 0.287618 -0.0461851 -0.258289 0.436731 0.396884 -0.455438 -0.251293 -0.232071 0.200945 -0.101247 0.333042 -0.509074 0.180111 0.991826 1.04819 -0.232163 0.165918 0.048886 0.284256 0.121935 0.00488553 -0.0185008 0.67962 0.177935 -0.18225 -0.288803 -0.122449 -0.0176693 -0.0535587 -0.306056 0.0990057 0.118265 0.501222 -0.194768 -0.318527 0.125579 -0.288737 0.0729148 -0.662752 -0.296013 -0.100318 0.263502 -0.160422 0.0109813 0.251121 -0.290793 0.03936 -0.210508 0.0656473 -0.119902 1.86546 -0.364665 -0.839369 0.0737615 0.0184864 -0.143857 -0.075573 0.224094 -0.690078 -0.0558294 0.527275 
-0.369067 0.347069 0.514336 -0.397391 -0.314334 -0.231677 0.170359 0.0948097 0.212924 0.55235 0.0933525 -0.464514 0.570527 0.370113 -0.268584 -0.276776 -0.111754 0.891127 0.216453 0.388421 0.307823 -0.237165 -0.0975729 0.278365 0.391037 0.439062 -0.506328 0.30654 0.00518278 -0.3096 -0.287673 0.0526205 -0.661756 -0.136813 -0.366046 0.101307 -0.181773 0.12484 0.186703 0.338629 0.339074 -0.210369 -0.472841 -0.0933725 0.336494 0.587475 -0.121069 0.300904 0.208976 -0.328083 0.634731 0.311574 0.272943 -0.154753 -0.0663545 -0.242209 0.385333 -0.585456 -0.254154 -0.315471 -0.22631 -0.274321 -0.0839851 0.222129 0.737306 0.282097 -0.498524 0.513411 -0.414909 0.176946 -0.265043 -0.203154 0.397612 -0.0444233 0.153929 0.539446 0.413276 0.575609 0.155095 0.0196705 -0.0968862 -0.085599 -0.141433 0.206275 -0.14628 -0.0282763 -0.00107639 0.229593 -0.00404248 -0.0110831 -0.0722408 -0.528519 0.343714 0.331922 -0.3813 0.0883664 -0.522779 -0.313241 -0.799835 0.30094 -0.352576 -0.675873 0.460959 0.33209 -0.213351 -0.681351 0.401981 -0.168902 0.0696172 -0.223097 0.248984 -0.30878 0.272442 0.112504 -0.0345428 0.107077 -0.0803129 0.792601 -0.145738 -0.0707804 -0.669825 -0.2345 -0.268068 0.374098 0.199842 0.236456 0.464941 -0.504575 0.274692 -0.00427854 -0.52606 -0.394618 -0.0765951 -0.34486 1.67058 -0.354944 0.347148 -0.264385 -0.208251 -0.0293951 0.081626 -0.165527 -0.612547 0.0197441 
0.326831 -0.00468626 -0.251602 0.00946047 -0.0871347 0.370121 0.248219 0.128599 0.358208 -0.19087 0.00794724 -0.243753 -0.162349 0.188532 -0.751184 0.0635642 -0.268372 -0.0494667 -0.0806247 -0.927252 0.318271 0.218242 0.411454 -0.170236 0.123119 -0.00753189 0.279075 -0.439498 0.288307 -0.567804 -0.483556 0.0949656 -0.0337633 -0.053522 0.378743 0.241198 -0.780243 0.0298151 -0.146902 -1.03039 -0.0537625 0.503643 -0.159249 -0.271002 0.1629 -0.0696852 -0.197174 -0.760955 -0.166994 0.503827 0.0103448 -0.261254 -0.0366413 -0.089613 -0.354662 0.457813 -0.0400855 -0.588837 0.167045 -0.0882166 -0.537806 0.735488 0.535359 0.414091 -0.187542 -0.401875 0.675173 0.104056 -0.107528 0.402997 0.483897 -0.152372 -0.746095 -0.124385 0.279811 -0.194287 0.0027194 0.044639 0.259672 0.180263 0.148566 0.0381286 -0.414465 -0.518865 0.560164 0.0928409 -0.44583 0.213099 0.443255 0.214018 -0.0966412 -0.134033 -0.470298 -0.183387 0.615538 0.0450994 -0.133884 -0.600993 0.279218 0.215532 -0.05455 0.497347 0.219054 -0.0187233 0.0769181 -0.404855 0.100478 0.121996 0.675721 -0.0140846 -0.24308 -0.149816 0.192862 0.264906 -0.126623 -0.184318 0.018381 -0.747479 0.0396217 0.350784 0.303434 0.464499 0.291391 -0.0921795 -0.305091 -0.157284 -0.341804 0.346083 0.157411 0.716881 0.0988476 0.0856112 -0.0682808 -0.835019 -0.370399 1.69988 -0.43931 0.00186831 0.118216 -0.0126203 0.188027 0.184153 -0.356831 -0.406021 
0.0183429 0.567168 0.174702 -0.48372 0.322149 -0.682765 -0.0938521 0.684143 -0.100586 0.34432 0.200176 -0.340827 -0.117872 -0.542539 -0.362837 -0.569474 0.122581 0.181595 -0.29048 0.565397 0.397203 0.0304351 -0.431672 0.30938 -0.116972 -0.392657 0.516551 0.483672 -0.343707 0.0498059 -0.0177213 -0.131789 0.0545641 0.162438 0.266832 0.105792 0.246256 -0.18125 -0.116198 0.398937 0.289804 -0.0907583 -0.3877 0.020107 0.0404824 -0.397287 -0.609173 0.0446189 -0.353407 0.269079 -0.124538 -0.177727 0.205314 -0.585987 0.0897665 -0.5788 0.202314 0.291686 -0.203172 0.398222 -0.303658 -0.214864 -0.311578 -0.106827 -0.0714026 0.551825 -0.115856 -0.570679 -0.0747988 -0.0693895 -0.362444 -0.292167 0.161847 -0.0904111 -0.260947 -0.0776297 0.511165 -0.225703 -0.671988 -0.450367 -0.0977105 0.366431 -0.660626 -0.275547 -0.336143 -0.221741 0.174036 0.420789 -0.071411 -0.0865147 0.194418 -0.197705 0.128254 0.169292 0.204404 -0.458242 -0.488718 0.371147 -0.366878 -0.464816 0.0757611 -0.0898983 0.213239 -0.137584 0.0650178 0.0780418 0.413494 0.784515 0.182511 -0.111623 0.0900149 -0.877922 0.306544 -0.37262 -0.106302 0.63847 -0.0815607 -0.166427 0.518207 -0.407518 -0.199375 -0.382727 -0.545338 -0.381243 0.473999 0.592649 0.175565 -0.654229 0.258161 -0.0339849 0.0170825 0.21151 -0.0679144 0.0596715 0.313254 -0.457749 1.54585 0.503203 0.00820669 -0.164388 0.0634108 -0.19003 -0.159519 0.299788 
-0.0911595 0.33028 -0.744199 -0.382086 0.309405 0.181307 0.24057 0.69973 0.1122 0.252171 0.815008 0.40716 -0.495458 -0.113179 0.339772 -0.636432 0.597143 0.0464644 -0.211844 -0.113305 -0.400986 -0.313594 -0.406795 0.28855 0.259225 0.18606 0.535082 0.0915565 -0.124849 0.330465 -0.261918 -0.663637 0.162055 -0.176319 0.130552 -0.207106 -0.237546 -0.314895 -0.090403 0.114337 -0.138025 -0.56529 -0.223375 0.27646 0.388683 0.0595908 -0.0855473 -0.441871 -0.0754143 0.331229 0.0419146 0.104003 -0.484231 -0.30591 -0.0299413 -0.0986075 -0.0454528 0.339541 -0.0502528 0.211936 -0.504021 0.37613 0.0616507 0.103192 -0.295079 -0.851726 0.513766 0.0231333 -0.327374 -0.0950952 0.631844 0.307004 -0.200442 -0.0283929 -0.355129 -0.0534824 -0.248657 -0.0546446 0.0847154 0.521519 0.343228 0.427536 -0.380578 0.341199 -0.219525 -0.405341 0.0704397 0.392813 -0.415844 0.456158 -0.450455 0.0468034 -0.572614 0.131668 0.504113 -1.00251 -0.332809 0.321004 -0.0798233 -0.638364 -0.153148 -0.178455 -0.127737 0.248723 -0.718661 0.501718 -0.167741 0.667608 0.299814 0.34386 -0.018228 -0.142206 -0.032436 -0.679987 0.0240801 0.0544149 0.916915 -0.336798 0.0375535 -0.416815 0.0900507 0.0866416 -0.384034 0.131689 0.605079 0.139711 0.145776 -0.567224 -0.130873 -0.986937 0.142318 0.713782 -0.234379 0.0235594 -0.279117 0.00259175 0.522365 1.97004 -0.515707 0.482361 -0.0517186 -0.116381 0.147889 -0.313907 
0.11255 -0.0829766 0.301177 0.376791 0.291056 -0.266632 0.339108 -0.127128 0.0468292 -0.403149 -0.645546 -0.164653 0.436879 -0.18242 0.0564909 -0.594679 -0.547106 -0.0702957 -0.213354 -0.273943 0.155815 0.454417 0.0800987 -0.279184 0.170929 -0.0271237 -0.442048 -0.0814074 -0.198707 0.179772 -0.127795 0.367404 0.465896 -0.274037 -0.238076 0.59135 0.058019 0.820978 -0.301604 0.259038 -0.102355 0.00167047 -0.31133 0.268401 -0.753671 -0.961458 0.146687 -0.221038 -0.0860647 0.242112 -0.259355 -0.310697 0.190748 -0.107104 -0.46834 -0.278611 0.24581 -0.180458 0.18612 0.736373 -0.318165 0.427105 0.0827789 -0.830535 0.139368 0.221378 0.236324 0.0689939 0.0122977 -0.548628 -0.392963 -0.272296 0.122382 0.0687546 0.0681735 -0.514864 0.164352 0.24893 0.0566754 0.0264026 0.138094 -0.382596 0.304658 -0.915959 0.413003 0.375213 0.117011 -0.756283 0.154633 -0.704659 0.271492 0.0153395 0.17619 0.299229 0.185878 0.118709 0.289214 0.00525493 0.23629 -0.0774217 0.658664 -0.175154 -0.145708 0.404811 0.70092 0.175871 0.0893434 -0.149312 0.260211 0.0642375 -0.129384 -0.469207 -0.0623281 -0.236508 -0.583886 0.154304 -0.0436619 -0.164462 -0.0719828 -0.212503 -0.566361 -0.277479 0.64489 -0.00349241 -0.121439 0.0423212 -0.100611 0.311409 -0.0532971 0.163989 -0.195287 0.128443 -0.18189 -0.146546 -0.230745 0.111178 0.0196077 -0.523468 1.50932 0.369205 0.098601 -0.252353 0.187996 0.0989997 
0.091771 -0.252132 -0.543757 -0.139059 -0.117969 -0.282238 -0.00712967 -0.0471666 -0.0232382 -0.146683 0.0612111 -0.42763 -0.112964 -0.0678899 0.478276 -0.19509 -0.0641906 -0.0635035 0.309238 -0.240949 0.0984264 -0.0300846 -0.221775 -0.10193 0.296255 0.254871 -0.338435 0.150462 0.0325899 0.385378 0.129937 -0.400925 0.439335 -0.334196 0.0299491 -0.420974 0.155099 0.665849 -0.0330995 0.240254 -0.26204 -0.060985 -0.106698 0.215915 0.0035838 0.00429523 0.256342 0.168385 0.102318 -0.152327 0.555495 0.0598309 -0.193544 -0.346071 -0.462683 -0.184174 0.109474 -0.317284 -0.048274 0.442061 0.101928 0.0978163 -0.239351 -0.219068 -0.385547 -0.633948 -0.0685513 -0.0549283 -0.417868 -0.271805 0.380471 -0.107809 -0.313004 -0.292895 -0.0290841 -0.456629 -0.239278 0.680237 -0.16547 1.01677 0.18385 -0.24059 -0.0126149 -0.206855 -0.00989321 0.121048 0.0289926 0.0513387 -0.109483 -0.663592 0.0352702 -0.388637 -0.2303 0.13783 0.509389 -0.735404 -0.203581 0.247695 0.261884 0.00229648 0.10587 -0.163785 -0.320101 0.485505 0.182396 -0.536209 -0.0492936 -0.629778 0.166766 0.352639 -0.617404 -0.238894 -0.0139712 -0.137269 -0.159397 0.0536912 0.443068 -0.150816 -0.278228 -0.430376 -0.157602 -0.197945 0.598449 0.413177 -0.150674 -0.176842 0.363708 -0.125456 -0.197279 -0.680798 -0.10368 0.44274 0.170134 -0.103754 -0.0773808 -0.045151 -0.178479 0.449107 0.343713 1.22508 -0.575977 -0.174469 -0.0274881 -0.491399 
-0.122739 0.367808 0.343452 0.203798 -0.228917 0.432712 0.288413 -0.163001 0.457535 -0.33881 -0.921107 0.133449 0.26078 -0.184932 -0.0500118 -0.329134 0.423821 -0.0136339 -0.234682 -0.413036 -0.257548 0.29768 0.324867 -0.294066 -0.204784 0.253561 0.237542 0.287335 0.227369 -0.114415 -0.324353 -0.30055 -0.891354 0.369011 0.354335 0.267481 -0.16423 -0.112418 -0.478577 -0.783936 0.413224 -0.156406 0.360883 -0.0119995 0.265507 -0.0428341 -0.361964 -0.178429 -0.507219 -0.209408 -0.364411 -0.350016 -0.19118 -0.246623 0.117882 -0.547949 0.0634269 0.121888 -0.479177 0.0299783 -0.981085 0.133471 0.45578 -0.233225 -0.129678 0.321399 -0.0668081 0.346148 -0.177606 -0.459007 -0.0789061 0.162935 0.121476 1.0326 -0.391304 0.281782 -0.181324 -0.682759 0.383602 -0.55745 0.314326 0.0979522 0.308667 0.19421 0.0714607 0.109023 0.368404 0.328584 0.277183 0.273496 -0.185555 0.655348 0.0434866 0.385308 -0.244728 0.112748 0.243252 0.0913148 -0.37223 -0.121034 -0.179625 -0.308213 -0.339768 0.250347 -0.161683 0.46655 -0.216914 0.0281535 0.575423 -0.186013 -0.0148665 -0.598876 -0.118064 0.373894 -0.106004 0.339782 0.217275 -0.0330804 -0.286534 0.660433 -0.281742 -0.156738 -0.322106 -0.247702 -0.0875199 0.210206 -0.0793025 0.0826233 0.113012 0.62451 -0.319069 -0.350434 -0.425691 0.219856 0.0575839 0.17944 0.0732631 -0.0610292 0.0970523 -0.552034 1.60771 -0.588505 -0.413985 -0.118599 
0.237858 -0.0203869 -0.207129 -0.250635 -0.0223224 -0.30761 -0.405757 0.148607 -0.195867 0.541608 0.236654 0.0917474 -0.246556 0.223248 -0.165419 0.330208 -0.190333 0.145588 -0.280603 -0.0807522 -0.32445 -0.309404 0.234012 -0.352767 -0.021233 0.359569 -0.0945845 -0.458036 0.0764919 -0.0954675 -0.0335166 -0.00693578 0.14402 -0.676724 0.156654 -0.0787324 0.105008 -0.746485 0.141682 0.270321 0.0319616 0.631427 -0.226407 -0.618143 0.0410663 -0.513132 -0.483911 0.0868275 0.109287 0.449653 0.253611 -0.302124 -0.0476451 0.299287 -0.16286 0.102589 -0.20015 0.24046 -0.00906227 -0.513289 0.30935 -0.0263475 -0.136783 0.380378 -0.00698359 0.26361 -0.19907 -0.796879 0.210853 -0.112001 -0.115392 0.292922 -0.252178 -0.403234 0.202425 0.142513 0.017793 0.337032 0.344971 -0.52169 -0.527971 -0.181975 -0.181372 0.33079 0.380891 -0.0790663 0.0508259 -0.782192 0.0503345 0.360827 -0.222429 -0.114965 0.129408 -0.368949 0.697016 0.0216704 -0.374397 -0.4516 0.280932 0.250881 -0.173294 0.0437077 -0.149986 -0.347263 -0.0356484 -0.265748 -0.14137 0.0125014 -0.305247 0.0737242 -0.000498826 0.546026 -0.104318 -0.488797 -0.544603 -0.472203 -0.348332 0.227092 -0.134439 -0.0858835 -0.268654 0.378938 -0.173317 -0.530688 -0.168763 -0.16167 -0.225486 0.020511 0.0965219 -0.205496 0.761149 -0.0230803 0.587046 -0.731432 -0.226685 0.138449 -0.217294 -0.162808 -0.291018 -0.187641 -0.625621 1.32375 0.607148 -0.400837 
0.396305 -0.251063 -0.202878 -0.0629814 0.0104938 -0.102749 -0.190467 -0.178538 -0.828527 0.0887669 -0.216548 0.0294108 -0.475659 -0.0144433 0.281603 0.473845 -0.178196 -0.627542 -0.722738 0.066465 -0.771207 -0.0580151 0.244453 -0.292247 0.111678 0.489083 -0.174403 0.0617508 -0.0314569 0.0948102 0.0498698 0.38567 0.392332 -0.487496 0.268906 0.641486 -0.0638403 -0.574089 -0.0256482 0.651971 -0.386274 -0.200233 0.217513 -0.0586943 0.432004 -0.637737 0.0995273 -0.246551 0.897358 -0.170253 -0.330499 -0.0450541 0.0404031 0.213859 -0.0597259 0.144059 0.0409458 0.306345 0.257474 0.256111 0.254924 -0.110996 0.0221432 -0.488201 0.14625 0.0696217 0.0953994 -0.343488 0.494387 -0.70385 -0.257195 0.58587 0.203073 -0.192403 -0.416736 -0.179339 -0.279963 0.38101 -0.0559397 -0.16354 -0.435389 0.619497 0.336561 -0.201247 -0.0906405 0.489554 0.116372 -0.65664 0.20727 0.219841 -0.256002 -0.385647 -0.158098 -0.69472 -0.272776 0.0875648 0.293806 0.048705 0.0238817 -0.272163 0.204622 -0.0656263 -0.130859 -0.332383 -0.105748 0.444117 -0.50365 0.593198 -0.61814 0.753343 -0.228898 0.304779 -0.0165865 -0.451309 -0.415464 0.0990919 0.132474 0.0955227 -0.147941 -0.661619 -0.265335 -0.162597 -0.247977 -0.472622 0.0430573 0.046501 -0.113396 0.444478 -0.066231 -0.448209 0.698015 0.170977 0.00356186 -0.0758425 -0.652364 -0.381194 -0.165442 0.122803 0.170672 -0.0193199 -0.42976 0.628489 1.71277 -0.616959 
-0.0392522 -0.146213 0.877807 0.365343 0.364649 -0.691298 0.00035293 0.154854 0.184198 -0.342871 -0.015176 0.80866 -0.22368 0.0281782 0.0629587 -0.394513 0.280702 0.1136 -0.43799 0.116053 0.724047 0.0807956 -0.367157 0.159493 -0.947936 -0.719755 0.203092 -0.675598 -0.387026 0.399806 -0.00722081 0.90443 0.0993478 0.324887 -0.54274 0.153957 -0.068893 -0.44861 0.423497 0.679936 -0.339466 -0.414388 -0.409244 0.130015 -1.21038 0.33602 -0.212253 0.00438537 -0.17507 -0.116403 -0.691419 0.0657791 0.814959 0.343045 -0.120377 0.11059 -0.57413 -0.0216974 0.221313 -0.148081 -0.0261436 -0.2844 -0.368548 -0.282982 -0.160725 0.502832 -0.196529 -0.184745 -0.41343 0.648325 0.196014 0.161391 0.175248 0.175784 0.693797 0.088558 0.242866 -0.839381 -0.150703 -0.285431 0.282554 -0.711159 -0.518508 0.020812 -0.16838 -0.410021 0.220933 -0.00465817 -0.266878 -0.187689 0.220863 0.480863 0.558782 0.123385 -0.119053 0.320739 -0.135614 0.279941 0.148579 0.275787 -0.0914214 -0.169724 0.456067 -0.421706 -0.216053 0.174841 -0.370505 0.18018 0.0319511 -0.509899 0.175044 -0.173604 0.485896 0.157496 -0.00377358 -0.363482 -0.0459589 -0.205593 0.0893705 -0.283236 0.580576 -0.131372 0.414996 0.79348 0.0894184 -0.0719293 -0.247675 -0.449069 -0.0470315 0.0254988 -0.673441 0.0708104 -0.232515 0.525646 -0.00168979 -0.412 0.312248 -0.32061 0.100059 -0.464847 -0.115991 -0.361113 -0.598576 2.14799 
