0.5 0.5 0.5 0.5 0.5 0.5 0.5 0.5 0.5 0.5 0.5 0.5 0.5 0.5 0.5 0.5 0.5 0.5 0.5 0.5 0.5 0.5 0.5 0.5 0.5 0.5 0.5 0.5 0.5 0.5 0.5 0.5 0.5 0.5 0.5 0.5 0.5 0.5 0.5 0.5 0.5 0.5 0.5 0.5 0.5 0.5 0.5 0.5 0.5 0.5 0.5 0.5 0.5 0.5 0.5 0.5 0.5 0.5 0.5 0.5 0.5 0.5 0.5 0.5 0.5 0.5 0.5 0.5 0.5 0.5 0.5 0.5 0.5 0.5 0.5 0.5 0.5 0.5 0.5 0.5 0.5 0.5 0.5 0.5 0.5 0.5 0.5 0.5 0.5 0.5 0.5 0.5 0.5 0.5 0.5 0.5 0.5 0.5 0.5 0.5
0.502515 0.503084 0.495166 0.503903 0.498286 0.505877 0.503634 0.508903 0.496315 0.500684 0.502548 0.503064 0.505234 0.507288 0.500329 0.504734 0.50418 0.509939 0.500142 0.506977 0.503564 0.502307 0.502257 0.504204 0.501872 0.503276 0.509061 0.497697 0.509959 0.505089 0.508823 0.508812 0.501773 0.497793 0.499618 0.502687 0.506998 0.500844 0.498483 0.503974 0.503856 0.501099 0.501692 0.503964 0.511105 0.499527 0.497749 0.506403 0.501824 0.498603 0.49519 0.491295 0.498302 0.497867 0.489743 0.496047 0.49044 0.495393 0.498735 0.497845 0.500132 0.500771 0.499956 0.487952 0.50374 0.494794 0.494276 0.497377 0.50081 0.496107 0.49413 0.506437 0.50106 0.497938 0.493078 0.495117 0.498189 0.495267 0.487908 0.49465 0.490055 0.493819 0.492094 0.493416 0.498289 0.490141 0.500235 0.495738 0.490075 0.495648 0.491009 0.496386 0.49913 0.49872 0.494925 0.494916 0.494818 0.496411 0.495322 0.501127
0.505037 0.506137 0.490349 0.507806 0.496577 0.51172 0.507208 0.517695 0.49267 0.50143 0.50512 0.506094 0.510469 0.514562 0.500665 0.509439 0.508288 0.519806 0.500285 0.513855 0.507157 0.504652 0.504478 0.50837 0.503768 0.506574 0.517999 0.495438 0.519842 0.510134 0.517621 0.517571 0.503584 0.495648 0.499237 0.50539 0.513886 0.501695 0.496994 0.507892 0.507721 0.502205 0.503333 0.507913 0.522101 0.499046 0.495508 0.512799 0.50365 0.497231 0.490364 0.482609 0.496631 0.495742 0.479614 0.492095 0.480969 0.490824 0.497489 0.495669 0.500348 0.501572 0.499977 0.475946 0.507502 0.489676 0.488622 0.494733 0.50161 0.492338 0.488333 0.512878 0.502152 0.495867 0.48617 0.490266 0.496444 0.490557 0.475923 0.489335 0.480181 0.487653 0.484174 0.486913 0.496654 0.480379 0.500514 0.491487 0.480253 0.491283 0.482057 0.492775 0.498281 0.49743 0.489884 0.489888 0.489655 0.492803 0.490648 0.50224
0.507502 0.509171 0.485535 0.511598 0.494865 0.517472 0.510796 0.526445 0.489067 0.502104 0.507676 0.509128 0.515688 0.521774 0.50101 0.514065 0.512339 0.529593 0.500408 0.520714 0.510734 0.506952 0.506674 0.512456 0.505642 0.509819 0.526878 0.493197 0.529648 0.515159 0.526355 0.526286 0.505287 0.493499 0.498883 0.508065 0.520705 0.502529 0.495428 0.511755 0.511522 0.503298 0.504915 0.511857 0.532948 0.498526 0.493324 0.519184 0.50544 0.495875 0.485611 0.473972 0.494952 0.493608 0.469505 0.488186 0.471576 0.486239 0.496275 0.493509 0.500485 0.50233 0.499971 0.46405 0.511186 0.484587 0.482993 0.492091 0.502389 0.488534 0.48254 0.519227 0.503198 0.49382 0.479307 0.485436 0.494626 0.485891 0.464012 0.48407 0.47041 0.481556 0.476295 0.480481 0.495037 0.470637 0.500793 0.487256 0.470504 0.486945 0.473175 0.489187 0.49741 0.496243 0.484933 0.484881 0.484578 0.489277 0.48606 0.503351
0.510023 0.512174 0.480752 0.515431 0.493185 0.523164 0.514304 0.535078 0.48545 0.502804 0.510185 0.512047 0.520854 0.52894 0.501346 0.518676 0.516408 0.539277 0.500538 0.527465 0.514252 0.509239 0.508812 0.516502 0.507478 0.513056 0.535689 0.490962 0.53936 0.520206 0.53499 0.534974 0.507039 0.491382 0.498472 0.510734 0.527536 0.503382 0.493926 0.515594 0.515282 0.504379 0.506481 0.515837 0.543702 0.49804 0.491088 0.525539 0.507161 0.49448 0.480873 0.465464 0.493327 0.491487 0.459488 0.484319 0.462238 0.481695 0.495099 0.491382 0.50065 0.503108 0.500003 0.452287 0.514818 0.479596 0.477403 0.489485 0.503167 0.484764 0.476817 0.525548 0.504238 0.491805 0.472549 0.480648 0.49282 0.48124 0.452215 0.478861 0.460659 0.475523 0.468458 0.474046 0.493421 0.461047 0.501079 0.483043 0.460817 0.482635 0.464336 0.48566 0.496536 0.495038 0.479924 0.479903 0.479519 0.485717 0.48148 0.504447
0.512483 0.515153 0.476033 0.519185 0.491554 0.528844 0.51775 0.543626 0.481842 0.503516 0.512684 0.515012 0.525961 0.53599 0.501664 0.523323 0.520402 0.548862 0.50068 0.534143 0.517747 0.511502 0.511001 0.52052 0.509299 0.516247 0.544385 0.488747 0.548967 0.525152 0.543534 0.543543 0.508782 0.489282 0.498099 0.513409 0.534246 0.504204 0.492341 0.519381 0.518982 0.505438 0.508077 0.51968 0.554352 0.497576 0.488882 0.531826 0.508911 0.493118 0.476144 0.456997 0.491713 0.489397 0.44956 0.480437 0.453007 0.477172 0.493924 0.489261 0.500823 0.503855 0.500075 0.440633 0.518464 0.474578 0.471845 0.486893 0.503931 0.481066 0.471116 0.531782 0.505275 0.489813 0.465767 0.475961 0.49106 0.476664 0.44055 0.47368 0.451026 0.469564 0.460723 0.467666 0.491804 0.451522 0.501388 0.478926 0.451282 0.478362 0.455645 0.48217 0.495656 0.493845 0.474993 0.47493 0.47448 0.482237 0.476932 0.505562
0.514891 0.518118 0.471286 0.522869 0.489859 0.53445 0.521218 0.552094 0.478268 0.504195 0.515169 0.517963 0.531071 0.543021 0.501997 0.527835 0.524339 0.558374 0.500801 0.540721 0.521228 0.513758 0.513152 0.524509 0.511113 0.519428 0.55307 0.486506 0.558497 0.530098 0.552011 0.552062 0.5105 0.487137 0.497702 0.516045 0.540862 0.505036 0.490852 0.523129 0.522678 0.506498 0.509688 0.523552 0.564851 0.497076 0.486726 0.538058 0.510604 0.491819 0.471504 0.448605 0.490112 0.487385 0.439756 0.476595 0.443845 0.472754 0.49269 0.48718 0.500934 0.50459 0.500043 0.429131 0.522043 0.469618 0.466343 0.484319 0.504708 0.477319 0.465474 0.537988 0.506242 0.487829 0.459057 0.471263 0.489307 0.472103 0.429053 0.468507 0.441496 0.463623 0.453115 0.461376 0.490258 0.442149 0.50172 0.474837 0.44179 0.474117 0.447021 0.478696 0.494807 0.492686 0.47013 0.470063 0.469556 0.478788 0.472436 0.506673
0.517321 0.521107 0.466544 0.526523 0.488188 0.539968 0.524653 0.560523 0.474713 0.504883 0.517604 0.520855 0.536138 0.549972 0.502326 0.532343 0.528208 0.567829 0.500867 0.547299 0.524661 0.516016 0.515294 0.52844 0.512916 0.522564 0.561629 0.484281 0.567883 0.535072 0.56038 0.56051 0.51222 0.485076 0.497272 0.518703 0.547408 0.505901 0.48933 0.526809 0.52635 0.507575 0.511232 0.52739 0.575208 0.496551 0.48457 0.544255 0.512277 0.490535 0.466874 0.440294 0.488554 0.485376 0.430043 0.472792 0.43477 0.468426 0.491528 0.485139 0.501053 0.505319 0.500048 0.417749 0.525558 0.464697 0.460874 0.481788 0.505525 0.473677 0.459864 0.54416 0.507238 0.485885 0.452389 0.46665 0.487553 0.467576 0.417661 0.463398 0.432064 0.457737 0.445572 0.455117 0.488678 0.432837 0.502077 0.470709 0.432428 0.469952 0.438521 0.475231 0.493957 0.491522 0.465309 0.46518 0.464628 0.475333 0.467953 0.507752
0.519774 0.524007 0.461874 0.53014 0.486569 0.545452 0.528034 0.568799 0.471216 0.505548 0.520012 0.523756 0.541175 0.556893 0.502634 0.536827 0.532125 0.577109 0.501003 0.553784 0.52808 0.518275 0.517393 0.532326 0.514733 0.5257 0.570087 0.482126 0.577192 0.539916 0.56866 0.568809 0.51391 0.48295 0.49683 0.521324 0.553943 0.506732 0.487833 0.530456 0.529938 0.508618 0.51282 0.53121 0.585454 0.496099 0.482399 0.550367 0.513909 0.489263 0.462321 0.432061 0.48703 0.483358 0.42047 0.469006 0.425834 0.464064 0.490417 0.483082 0.501232 0.506098 0.500082 0.406606 0.529073 0.459867 0.455433 0.479245 0.506282 0.470057 0.454288 0.55027 0.50821 0.483926 0.445779 0.462047 0.485822 0.463124 0.406474 0.458337 0.422694 0.451945 0.438128 0.448923 0.487134 0.423644 0.502386 0.466668 0.423123 0.465787 0.43004 0.471849 0.493148 0.490447 0.460488 0.460393 0.459735 0.471971 0.463552 0.508899
0.522216 0.526895 0.457237 0.53377 0.484929 0.550869 0.531442 0.576937 0.467729 0.506211 0.522389 0.526539 0.546244 0.56374 0.502976 0.541287 0.535945 0.586294 0.501136 0.560144 0.531502 0.520502 0.519464 0.536244 0.516534 0.528796 0.578398 0.480009 0.586395 0.544775 0.576865 0.577025 0.515581 0.48086 0.496407 0.523919 0.56034 0.507515 0.486342 0.534094 0.533518 0.509738 0.514398 0.535038 0.595496 0.495606 0.480221 0.556432 0.515513 0.487996 0.457761 0.423935 0.485512 0.481329 0.410991 0.465316 0.416996 0.459772 0.489258 0.481055 0.501368 0.506872 0.50013 0.395594 0.532552 0.455038 0.450067 0.476713 0.507055 0.46645 0.448769 0.556321 0.509175 0.481999 0.439226 0.457506 0.484106 0.45869 0.395438 0.453323 0.413458 0.446167 0.430734 0.442778 0.48563 0.414552 0.502788 0.462602 0.413947 0.461666 0.421676 0.468489 0.492289 0.489333 0.455763 0.455646 0.454907 0.468573 0.459132 0.510044
0.524541 0.52975 0.452613 0.53734 0.483323 0.556251 0.534775 0.584996 0.464218 0.506853 0.524742 0.529318 0.551244 0.570488 0.503337 0.545709 0.539723 0.595339 0.501261 0.566483 0.534945 0.522708 0.521512 0.540076 0.518283 0.531877 0.586622 0.477897 0.595416 0.549616 0.585038 0.585156 0.517242 0.478799 0.495963 0.526493 0.566657 0.508318 0.484871 0.537645 0.537036 0.510823 0.515963 0.538801 0.605423 0.495161 0.478127 0.56244 0.517099 0.486724 0.45325 0.415915 0.484036 0.479367 0.401633 0.461571 0.408218 0.455493 0.488202 0.479056 0.501527 0.507635 0.500086 0.384737 0.536026 0.450259 0.444751 0.474213 0.507782 0.462881 0.443332 0.562339 0.510096 0.480088 0.432758 0.453008 0.482418 0.454311 0.384569 0.448329 0.404381 0.440442 0.423425 0.436735 0.484148 0.40557 0.503182 0.458635 0.404879 0.45763 0.413413 0.465145 0.491483 0.488222 0.451082 0.45093 0.450149 0.465264 0.454785 0.511181
0.52691 0.5326 0.448049 0.54087 0.481721 0.561572 0.538055 0.592878 0.460759 0.507473 0.527079 0.532037 0.556146 0.577169 0.503688 0.550099 0.543476 0.604295 0.501395 0.572727 0.538282 0.524893 0.523547 0.543873 0.520026 0.534865 0.594735 0.475813 0.604327 0.55441 0.59305 0.593228 0.51887 0.476716 0.49553 0.529081 0.572945 0.509125 0.483405 0.541185 0.540549 0.51185 0.517496 0.542591 0.615163 0.494687 0.476084 0.568449 0.518691 0.485493 0.448759 0.407979 0.482549 0.477413 0.392442 0.457859 0.399583 0.451242 0.487157 0.477064 0.501693 0.508413 0.500119 0.374086 0.539411 0.44551 0.439478 0.471754 0.508542 0.459364 0.437914 0.568259 0.51103 0.478193 0.426364 0.448547 0.480728 0.450018 0.373887 0.443352 0.395385 0.434795 0.4162 0.430764 0.48268 0.396711 0.503582 0.454702 0.395976 0.45355 0.405313 0.461831 0.490678 0.487145 0.446391 0.446274 0.44548 0.461976 0.45047 0.512324
0.529193 0.535371 0.443521 0.54436 0.480061 0.566795 0.54132 0.600769 0.457372 0.508055 0.529435 0.534785 0.561085 0.583805 0.504072 0.554397 0.547152 0.613062 0.501536 0.578915 0.541576 0.52706 0.525524 0.547562 0.52175 0.53787 0.60273 0.47375 0.613142 0.559146 0.600986 0.601173 0.520513 0.474685 0.495038 0.531653 0.579126 0.509992 0.481962 0.544669 0.544031 0.512935 0.519049 0.546322 0.624736 0.494231 0.474049 0.574377 0.520244 0.484278 0.444331 0.400186 0.481116 0.475456 0.383379 0.454217 0.391012 0.447071 0.486146 0.475073 0.501903 0.509177 0.50012 0.363603 0.542771 0.440835 0.434296 0.469274 0.509305 0.455973 0.432501 0.57412 0.511955 0.476348 0.419962 0.444133 0.479062 0.445716 0.363414 0.438453 0.386485 0.429181 0.409078 0.424799 0.48127 0.387988 0.503964 0.450769 0.387189 0.449493 0.397303 0.458546 0.48986 0.486119 0.44178 0.441645 0.440837 0.458764 0.446179 0.513519
0.531511 0.538175 0.439043 0.547848 0.478476 0.571942 0.544571 0.608473 0.453959 0.508693 0.531696 0.537509 0.565977 0.590342 0.5045 0.558705 0.550808 0.621759 0.501687 0.585003 0.544841 0.529238 0.527445 0.55124 0.523477 0.540849 0.610608 0.471657 0.621819 0.563865 0.608803 0.609012 0.52215 0.472685 0.494596 0.534268 0.585266 0.510862 0.480498 0.548144 0.5475 0.514022 0.520601 0.550017 0.634112 0.493769 0.472004 0.580279 0.521768 0.483077 0.439967 0.392432 0.479673 0.473538 0.37441 0.450644 0.382628 0.442915 0.48509 0.473039 0.502093 0.509988 0.500114 0.353284 0.546084 0.436196 0.429086 0.466829 0.510066 0.452562 0.427159 0.579936 0.512849 0.474484 0.413706 0.439741 0.477383 0.441512 0.353103 0.43363 0.377756 0.4236 0.402042 0.4189 0.479827 0.379345 0.504365 0.446921 0.378562 0.445451 0.389356 0.455311 0.489039 0.485147 0.437211 0.437044 0.436248 0.455609 0.441975 0.514604
0.533807 0.540921 0.434562 0.551268 0.47688 0.577056 0.547781 0.616116 0.450588 0.509325 0.533926 0.54016 0.570859 0.596792 0.504857 0.562971 0.554445 0.630263 0.501826 0.591038 0.548096 0.531371 0.529356 0.554877 0.525221 0.543827 0.61837 0.469593 0.630353 0.56853 0.61653 0.616748 0.523751 0.470659 0.494123 0.536828 0.591284 0.511715 0.479034 0.551464 0.550922 0.515094 0.522094 0.553677 0.643381 0.493291 0.46995 0.58604 0.523278 0.481884 0.435613 0.384806 0.478295 0.471607 0.365623 0.447078 0.374379 0.438811 0.484079 0.471067 0.502264 0.510771 0.500184 0.343162 0.549357 0.431651 0.423998 0.464423 0.510847 0.449201 0.421869 0.5857 0.513691 0.472655 0.40753 0.435392 0.475743 0.437334 0.34299 0.428857 0.369167 0.418071 0.395104 0.413015 0.478433 0.370838 0.504786 0.443072 0.370053 0.441437 0.381547 0.452153 0.488215 0.484127 0.432689 0.432503 0.431678 0.452449 0.437749 0.515715
0.536054 0.543677 0.4301 0.554653 0.475314 0.582117 0.550924 0.623593 0.447188 0.509842 0.536168 0.5428 0.575658 0.603213 0.505155 0.567224 0.558037 0.638676 0.501906 0.597019 0.551286 0.533483 0.531273 0.558472 0.526896 0.546797 0.626077 0.467581 0.638748 0.573143 0.624115 0.624427 0.525327 0.468678 0.493648 0.539363 0.597247 0.512516 0.477594 0.554849 0.554259 0.516141 0.523607 0.557367 0.652458 0.49279 0.467996 0.591788 0.524765 0.480725 0.431356 0.377254 0.476917 0.469774 0.356968 0.443477 0.36621 0.434734 0.48311 0.469105 0.502465 0.511523 0.500175 0.333291 0.552656 0.427141 0.418916 0.462013 0.511632 0.44584 0.416627 0.591432 0.514561 0.470836 0.401376 0.431123 0.474109 0.433207 0.333096 0.424105 0.36076 0.412613 0.388216 0.407279 0.477057 0.362485 0.505243 0.439256 0.36168 0.437466 0.373814 0.448964 0.487445 0.483158 0.428173 0.428001 0.427162 0.449292 0.433608 0.516883
0.538308 0.546412 0.425616 0.557973 0.473744 0.587177 0.554051 0.630985 0.443876 0.510411 0.538405 0.545395 0.580455 0.609546 0.505535 0.571413 0.561569 0.64695 0.501984 0.60286 0.554435 0.535548 0.53313 0.56204 0.528532 0.549731 0.633617 0.465585 0.647006 0.577714 0.631621 0.631954 0.526887 0.466665 0.493179 0.541951 0.603165 0.513317 0.476164 0.558183 0.557626 0.517198 0.525037 0.561047 0.661344 0.492335 0.466002 0.597463 0.526223 0.479578 0.427143 0.369873 0.475539 0.467935 0.348447 0.439981 0.358167 0.430745 0.482152 0.467157 0.502641 0.512314 0.500136 0.323588 0.555859 0.422675 0.413906 0.459715 0.512379 0.442533 0.411439 0.59711 0.515422 0.469029 0.395276 0.426864 0.472495 0.429155 0.323417 0.419453 0.352432 0.407211 0.381454 0.401571 0.475738 0.354296 0.505655 0.435484 0.353385 0.433526 0.366228 0.44582 0.486652 0.482229 0.42375 0.423593 0.422688 0.4462 0.429478 0.518049
0.540537 0.549106 0.421216 0.561302 0.472179 0.592096 0.557187 0.63824 0.440562 0.510988 0.540582 0.547943 0.585218 0.61584 0.505915 0.575602 0.565053 0.655085 0.502099 0.608636 0.557617 0.53764 0.534978 0.565596 0.5302 0.552581 0.641032 0.463547 0.655124 0.582288 0.639042 0.639377 0.528469 0.464659 0.492684 0.544467 0.608952 0.51409 0.474777 0.561511 0.560975 0.518272 0.526524 0.564693 0.670035 0.49188 0.464019 0.603125 0.527666 0.478419 0.42297 0.362566 0.474248 0.466101 0.340079 0.436493 0.350265 0.426759 0.481234 0.465323 0.502809 0.513094 0.500118 0.314123 0.559006 0.418261 0.408903 0.457349 0.513131 0.439263 0.406271 0.602719 0.516245 0.467201 0.389231 0.422663 0.470891 0.425092 0.313957 0.414786 0.344279 0.40188 0.37476 0.395959 0.4744 0.346219 0.506129 0.431792 0.345308 0.429592 0.358706 0.442721 0.485848 0.481245 0.419332 0.419187 0.418261 0.443124 0.425403 0.519192
0.542756 0.551753 0.416827 0.564546 0.470614 0.596944 0.560269 0.645372 0.437288 0.511609 0.542766 0.550481 0.589914 0.622042 0.50628 0.579727 0.568436 0.663073 0.502226 0.614339 0.560768 0.539708 0.53682 0.569072 0.531803 0.555446 0.648306 0.461586 0.663072 0.586812 0.646331 0.646653 0.530013 0.462688 0.492239 0.546946 0.614702 0.514873 0.47333 0.564837 0.56424 0.519317 0.527954 0.568324 0.678544 0.491434 0.462087 0.608755 0.529093 0.477273 0.418803 0.355364 0.472961 0.464292 0.331859 0.433058 0.342491 0.42289 0.48032 0.463441 0.502986 0.513809 0.500067 0.304872 0.562129 0.413882 0.404015 0.454998 0.513906 0.436035 0.401216 0.608268 0.517098 0.465456 0.38323 0.418521 0.469278 0.421098 0.304706 0.410238 0.336232 0.396611 0.368151 0.390455 0.473043 0.33825 0.506581 0.428076 0.337344 0.425669 0.351379 0.439666 0.485076 0.480322 0.415003 0.414824 0.413875 0.440109 0.421383 0.52036
0.544914 0.554453 0.412493 0.567752 0.469034 0.6017 0.563346 0.652353 0.434059 0.512206 0.544944 0.552994 0.594613 0.628155 0.506718 0.583814 0.571847 0.67089 0.502295 0.619997 0.563936 0.541774 0.538623 0.572515 0.533429 0.558286 0.655438 0.459629 0.670904 0.59128 0.653486 0.653888 0.53157 0.460765 0.491785 0.549462 0.620374 0.515658 0.471913 0.568071 0.567501 0.520384 0.529367 0.571881 0.686867 0.490977 0.460144 0.614253 0.530496 0.476148 0.414626 0.348266 0.471673 0.462515 0.323814 0.429627 0.334867 0.418994 0.479418 0.461576 0.503136 0.514585 0.500045 0.295831 0.56516 0.409565 0.399153 0.452693 0.514639 0.432858 0.396189 0.613749 0.517905 0.463729 0.377321 0.414363 0.467673 0.417153 0.295619 0.405754 0.328383 0.391393 0.36167 0.385012 0.471732 0.330436 0.507064 0.424354 0.329532 0.421828 0.344173 0.436688 0.48433 0.479442 0.410682 0.410514 0.409557 0.437122 0.417394 0.521527
0.547065 0.557047 0.408139 0.570925 0.467474 0.606476 0.566358 0.659264 0.430826 0.51276 0.547074 0.555505 0.599226 0.634182 0.507069 0.587843 0.57523 0.678525 0.502414 0.625568 0.567028 0.543862 0.540379 0.57594 0.535042 0.561099 0.662505 0.45769 0.678605 0.595696 0.660515 0.660956 0.533012 0.458827 0.491295 0.551927 0.625937 0.516446 0.470523 0.571228 0.570741 0.521473 0.530788 0.575403 0.695011 0.490523 0.458228 0.619748 0.531856 0.475014 0.410534 0.341327 0.470417 0.460705 0.315904 0.426244 0.327354 0.415106 0.478521 0.459763 0.503331 0.515334 0.500033 0.287001 0.568214 0.405297 0.394319 0.450432 0.515372 0.429669 0.391213 0.619197 0.518712 0.461995 0.371473 0.410306 0.466106 0.413237 0.28679 0.401294 0.320606 0.386216 0.355308 0.37962 0.470482 0.32275 0.507566 0.420667 0.321861 0.417978 0.337064 0.433665 0.483548 0.478526 0.406419 0.406282 0.405279 0.434172 0.41345 0.522706
0.549143 0.559646 0.403835 0.57403 0.465951 0.611145 0.569317 0.666037 0.427613 0.51328 0.54916 0.557912 0.603858 0.640147 0.507459 0.591845 0.578568 0.686079 0.502512 0.631069 0.570082 0.545925 0.542112 0.579333 0.536658 0.56388 0.669451 0.455751 0.686166 0.600079 0.667427 0.667937 0.53447 0.456899 0.490803 0.554422 0.631414 0.517207 0.469076 0.574338 0.57391 0.522571 0.532204 0.578909 0.70298 0.489987 0.45635 0.625153 0.533221 0.473909 0.406489 0.33446 0.469172 0.458966 0.308159 0.422847 0.32 0.411305 0.477699 0.457902 0.503512 0.51607 0.50001 0.278354 0.571202 0.401082 0.389532 0.44818 0.516105 0.426521 0.386316 0.624553 0.519527 0.460266 0.365697 0.406311 0.464511 0.409335 0.278204 0.39686 0.313022 0.381166 0.34901 0.374233 0.469222 0.315238 0.508106 0.417132 0.314368 0.414173 0.330064 0.430687 0.482784 0.477661 0.40221 0.402071 0.401034 0.43117 0.409558 0.523896
0.551287 0.562229 0.399615 0.577074 0.464433 0.615711 0.572338 0.672645 0.424426 0.513827 0.55126 0.560345 0.608371 0.646012 0.507853 0.595799 0.581882 0.693425 0.502598 0.636428 0.573125 0.547976 0.543867 0.582673 0.538249 0.56659 0.676269 0.453833 0.693557 0.604449 0.67425 0.674764 0.535948 0.454974 0.490246 0.556876 0.636803 0.518024 0.467716 0.577419 0.577016 0.523645 0.533586 0.582376 0.710789 0.489482 0.454466 0.630498 0.534585 0.472823 0.402502 0.327738 0.467962 0.457245 0.300595 0.419527 0.312758 0.407529 0.476816 0.456061 0.503706 0.516871 0.49999 0.269957 0.574139 0.396918 0.384833 0.44596 0.516802 0.423418 0.381455 0.629824 0.520323 0.458563 0.360012 0.402358 0.462984 0.405524 0.269812 0.392515 0.305561 0.376134 0.342833 0.369 0.46804 0.307859 0.508641 0.413594 0.306952 0.410393 0.323188 0.427765 0.482074 0.476771 0.398067 0.397897 0.396886 0.428271 0.405721 0.525095
0.553382 0.564778 0.395383 0.580092 0.462937 0.620246 0.575257 0.679139 0.421245 0.514334 0.553319 0.562725 0.612898 0.651816 0.508247 0.599692 0.585144 0.700648 0.502662 0.641732 0.576118 0.549998 0.545569 0.585947 0.53982 0.569301 0.682952 0.451966 0.700798 0.608771 0.680952 0.681447 0.537403 0.453045 0.489707 0.559334 0.64214 0.518798 0.466363 0.580517 0.580075 0.524715 0.534991 0.585814 0.718411 0.488992 0.452604 0.635783 0.53588 0.47176 0.39853 0.321092 0.466814 0.455485 0.293176 0.416203 0.305675 0.403774 0.476016 0.454292 0.503884 0.517613 0.499976 0.261779 0.577124 0.39277 0.380194 0.443752 0.517495 0.420368 0.376628 0.63504 0.521122 0.456895 0.354372 0.398457 0.461405 0.401758 0.261622 0.388223 0.298248 0.371185 0.336767 0.363848 0.466873 0.30063 0.509193 0.41009 0.299736 0.406642 0.316415 0.424848 0.481358 0.47594 0.393911 0.393797 0.392748 0.425414 0.401905 0.526241
0.555501 0.567289 0.391197 0.583137 0.461417 0.624728 0.578169 0.685556 0.418077 0.514848 0.555333 0.565062 0.617378 0.657528 0.508645 0.603605 0.588357 0.707771 0.502737 0.646953 0.579078 0.551998 0.547266 0.589217 0.541445 0.572014 0.689501 0.450069 0.707885 0.613038 0.687519 0.688031 0.538834 0.451136 0.489184 0.561761 0.647411 0.519559 0.464984 0.583544 0.583147 0.525802 0.53638 0.589252 0.72583 0.488512 0.450743 0.641001 0.537188 0.470721 0.394596 0.314559 0.465626 0.453778 0.285871 0.412915 0.29869 0.400118 0.475207 0.452512 0.504054 0.518414 0.499974 0.253783 0.580018 0.38865 0.375614 0.441536 0.518198 0.41731 0.37186 0.640276 0.521895 0.45518 0.3488 0.394564 0.459868 0.398045 0.253693 0.383977 0.291056 0.366276 0.330741 0.358761 0.465744 0.293543 0.50971 0.406563 0.292678 0.40299 0.309845 0.421973 0.48062 0.475075 0.389827 0.389733 0.388735 0.422605 0.39811 0.527443
0.557544 0.569806 0.387037 0.58612 0.459927 0.629144 0.58099 0.691834 0.414933 0.515382 0.557346 0.567421 0.621829 0.663169 0.509053 0.607479 0.591554 0.714709 0.502806 0.652094 0.582049 0.553974 0.548921 0.592413 0.543032 0.574712 0.695914 0.448204 0.714866 0.617287 0.694019 0.694466 0.54026 0.449206 0.48866 0.564221 0.652546 0.520329 0.463571 0.586522 0.586157 0.526888 0.537755 0.592669 0.733104 0.488062 0.448875 0.646177 0.538471 0.469695 0.390725 0.308153 0.464457 0.452101 0.278768 0.409652 0.291825 0.396495 0.474389 0.450758 0.504205 0.519195 0.499878 0.245993 0.582854 0.384633 0.371079 0.439361 0.518943 0.414326 0.367151 0.64536 0.52269 0.453558 0.343307 0.390757 0.458365 0.394366 0.245922 0.379809 0.284028 0.361418 0.324871 0.353682 0.464596 0.286581 0.510281 0.403096 0.285759 0.399294 0.303389 0.419156 0.479891 0.474279 0.385786 0.38575 0.384694 0.41984 0.394359 0.528644
0.559557 0.572328 0.382943 0.589059 0.45843 0.633497 0.583832 0.697975 0.411864 0.515827 0.559352 0.569712 0.626202 0.668724 0.509466 0.611304 0.594696 0.721482 0.502896 0.657132 0.584995 0.555991 0.55055 0.595566 0.544632 0.577379 0.702238 0.446342 0.721668 0.621437 0.700415 0.700839 0.541683 0.447315 0.488153 0.566655 0.65762 0.521113 0.46219 0.589471 0.589131 0.527935 0.539098 0.595995 0.740163 0.487593 0.447097 0.65125 0.539689 0.468688 0.386935 0.301859 0.46333 0.450443 0.271815 0.406434 0.285135 0.392905 0.473654 0.449024 0.504408 0.519977 0.499873 0.238466 0.585691 0.380663 0.3666 0.437249 0.51964 0.411377 0.362513 0.65038 0.523336 0.451916 0.337893 0.387004 0.456838 0.390735 0.238395 0.375664 0.277171 0.356625 0.319073 0.348701 0.463469 0.279745 0.510823 0.399727 0.278987 0.395665 0.297031 0.416385 0.479185 0.473486 0.381797 0.381796 0.38068 0.417056 0.390671 0.529795
0.561561 0.574796 0.378867 0.591939 0.456931 0.637775 0.586574 0.703999 0.408803 0.516345 0.561305 0.571957 0.63056 0.67419 0.509886 0.615096 0.597744 0.728133 0.502982 0.662134 0.587881 0.557919 0.552167 0.598719 0.546193 0.580011 0.708432 0.444498 0.728332 0.625616 0.706671 0.707077 0.543118 0.445384 0.487634 0.569042 0.662602 0.521874 0.460857 0.592391 0.592113 0.528986 0.540494 0.599312 0.747061 0.487089 0.445302 0.656299 0.540903 0.46768 0.383138 0.295697 0.462225 0.448846 0.265015 0.403278 0.278581 0.389316 0.47288 0.447269 0.504626 0.520697 0.499804 0.231146 0.588458 0.376707 0.362125 0.435085 0.520395 0.408514 0.357904 0.655368 0.524069 0.450313 0.332557 0.38326 0.455287 0.387158 0.231041 0.371587 0.270502 0.351905 0.313348 0.343828 0.462342 0.273051 0.511422 0.396343 0.272369 0.392028 0.290781 0.413631 0.478501 0.472719 0.377842 0.377865 0.376748 0.414303 0.387043 0.530961
0.563584 0.577228 0.374854 0.59483 0.455456 0.641972 0.589284 0.709913 0.405809 0.516864 0.563245 0.574198 0.634862 0.67958 0.510292 0.618757 0.600854 0.73461 0.503088 0.667036 0.590764 0.559854 0.553766 0.601833 0.547723 0.582655 0.714528 0.442701 0.73483 0.629703 0.712807 0.713161 0.544487 0.443522 0.487115 0.571435 0.667487 0.522618 0.459498 0.595273 0.595042 0.530042 0.541842 0.602636 0.753757 0.486644 0.44348 0.66128 0.542118 0.466664 0.379383 0.2896 0.461143 0.447231 0.258355 0.400137 0.272207 0.385786 0.47217 0.445516 0.504803 0.521434 0.499777 0.22403 0.591167 0.372793 0.357773 0.432984 0.521062 0.405633 0.353344 0.660274 0.524783 0.448725 0.327323 0.379592 0.453776 0.383687 0.223919 0.367539 0.263915 0.347243 0.307729 0.339025 0.461245 0.266517 0.512049 0.393021 0.265907 0.388435 0.284643 0.410889 0.477791 0.47192 0.373948 0.374014 0.372861 0.411603 0.383406 0.532128
0.565534 0.579637 0.370883 0.597726 0.454 0.646149 0.59198 0.715709 0.40278 0.517402 0.565148 0.576417 0.639107 0.684891 0.510736 0.622482 0.603861 0.740986 0.503197 0.671911 0.593554 0.561745 0.555323 0.60489 0.549243 0.585282 0.720479 0.4409 0.741192 0.633731 0.71884 0.71916 0.545852 0.441687 0.486585 0.573824 0.672307 0.523402 0.458168 0.598165 0.597941 0.531075 0.543154 0.605886 0.76027 0.486189 0.441726 0.666177 0.54328 0.465674 0.375655 0.283642 0.460051 0.445624 0.251833 0.397053 0.265938 0.382314 0.47143 0.443814 0.505001 0.522203 0.499779 0.217132 0.593854 0.368946 0.353453 0.430887 0.521751 0.402772 0.348869 0.665142 0.525495 0.447149 0.322135 0.375948 0.452311 0.380186 0.216981 0.363564 0.257486 0.342675 0.302216 0.334259 0.460151 0.260171 0.512623 0.389731 0.259559 0.384877 0.278647 0.408187 0.477108 0.471186 0.37008 0.37016 0.369053 0.408921 0.379816 0.533299
0.567469 0.582045 0.366881 0.600538 0.452538 0.650254 0.594702 0.72139 0.399804 0.517883 0.567045 0.578641 0.643308 0.690092 0.511095 0.626132 0.606838 0.747206 0.503252 0.676713 0.596373 0.563698 0.556872 0.607893 0.550712 0.587821 0.726304 0.439106 0.747433 0.637766 0.724733 0.725049 0.547264 0.439854 0.486051 0.576186 0.677087 0.524153 0.456845 0.600964 0.600746 0.532113 0.544474 0.60916 0.766637 0.485711 0.439922 0.671046 0.544486 0.464722 0.371979 0.277802 0.458985 0.44405 0.245489 0.39396 0.259793 0.378905 0.47066 0.44211 0.505205 0.522954 0.49972 0.210393 0.596517 0.365161 0.349212 0.428845 0.522456 0.399998 0.344408 0.669898 0.526171 0.445614 0.317058 0.37239 0.450837 0.376723 0.210262 0.359605 0.251216 0.338125 0.29679 0.32957 0.459105 0.253931 0.513245 0.386466 0.253394 0.381419 0.272788 0.405488 0.476415 0.470488 0.36625 0.366382 0.365287 0.406255 0.37628 0.53447
0.569403 0.584427 0.362962 0.603314 0.451098 0.654298 0.597334 0.726915 0.396831 0.518389 0.568891 0.58078 0.647479 0.695204 0.511495 0.62972 0.609761 0.753292 0.503303 0.681378 0.599155 0.565613 0.558409 0.610911 0.552195 0.590329 0.732017 0.437305 0.75352 0.641749 0.730484 0.730808 0.548582 0.437983 0.485492 0.578559 0.681782 0.524918 0.455519 0.603767 0.603574 0.533152 0.54575 0.612401 0.772826 0.485245 0.438184 0.675806 0.545632 0.463786 0.368368 0.272059 0.457958 0.44247 0.239275 0.390941 0.25377 0.375491 0.469984 0.440458 0.505373 0.523666 0.499672 0.203864 0.599176 0.361439 0.344974 0.426812 0.523172 0.397215 0.340031 0.674646 0.526899 0.444051 0.311967 0.368849 0.449377 0.373312 0.203751 0.355741 0.245089 0.333631 0.291486 0.32498 0.458089 0.247847 0.513854 0.383202 0.247337 0.377962 0.267009 0.402819 0.47576 0.469763 0.362481 0.362603 0.361532 0.403638 0.372775 0.535672
0.571341 0.586757 0.359098 0.606059 0.449677 0.658293 0.599975 0.73235 0.393908 0.518829 0.570764 0.582922 0.65156 0.700246 0.511928 0.633315 0.612593 0.759228 0.50338 0.685994 0.601907 0.567509 0.559909 0.613898 0.553651 0.592826 0.737607 0.435525 0.759458 0.645681 0.736149 0.736444 0.549907 0.436146 0.484979 0.580928 0.686376 0.52569 0.454207 0.60653 0.606347 0.534179 0.54705 0.615612 0.778876 0.48475 0.436496 0.680514 0.546781 0.462826 0.364783 0.266428 0.456962 0.440947 0.233225 0.387912 0.247886 0.372183 0.469253 0.438836 0.505582 0.524449 0.499642 0.197543 0.601756 0.357745 0.340787 0.424804 0.523824 0.394446 0.335712 0.679281 0.527613 0.442531 0.306955 0.365368 0.447928 0.369889 0.197426 0.351894 0.239099 0.329244 0.286244 0.320426 0.457074 0.241863 0.514459 0.380001 0.241416 0.374525 0.261332 0.40018 0.475116 0.469099 0.358754 0.358944 0.357856 0.401095 0.369349 0.536808
0.573229 0.5891 0.355282 0.608776 0.448238 0.662207 0.60252 0.737656 0.391016 0.519281 0.572596 0.58499 0.655651 0.70519 0.512286 0.636865 0.615469 0.765041 0.50347 0.690478 0.604629 0.569399 0.561382 0.616755 0.555111 0.595344 0.743061 0.433756 0.765261 0.649558 0.741698 0.742004 0.551239 0.434397 0.484391 0.583228 0.690897 0.526409 0.452874 0.60921 0.609101 0.53524 0.548329 0.61878 0.784756 0.484284 0.434822 0.685207 0.547912 0.4619 0.36125 0.260926 0.45599 0.439436 0.227296 0.384941 0.242122 0.368867 0.468593 0.437198 0.505763 0.525203 0.499569 0.191434 0.60431 0.354088 0.336688 0.422762 0.524504 0.39175 0.331448 0.683887 0.528323 0.441044 0.302017 0.361949 0.446524 0.366573 0.191293 0.348119 0.23326 0.324917 0.281144 0.315986 0.456097 0.236024 0.515108 0.376814 0.235632 0.371176 0.255821 0.397548 0.474463 0.468416 0.355089 0.355293 0.354241 0.398569 0.365906 0.537944
0.575116 0.591438 0.351465 0.611447 0.446795 0.666075 0.605095 0.742829 0.38817 0.519731 0.574413 0.58707 0.65968 0.710079 0.512672 0.640363 0.618274 0.770699 0.503578 0.694971 0.607338 0.571263 0.562852 0.619578 0.556515 0.597824 0.748432 0.432012 0.770906 0.653423 0.747131 0.747418 0.552534 0.432588 0.48388 0.585572 0.695395 0.527136 0.451605 0.611894 0.611802 0.536347 0.549575 0.621919 0.790492 0.483827 0.433146 0.689763 0.549087 0.460972 0.35778 0.255521 0.455015 0.437922 0.221551 0.381941 0.236507 0.365613 0.46793 0.435569 0.505956 0.525927 0.499522 0.18549 0.606837 0.350485 0.332635 0.420798 0.525196 0.389084 0.327228 0.68836 0.528957 0.439518 0.297216 0.358512 0.445073 0.363306 0.18536 0.344368 0.227599 0.320614 0.276092 0.31163 0.455118 0.230352 0.515717 0.373651 0.230002 0.367768 0.250423 0.394975 0.473742 0.467753 0.351469 0.351696 0.350638 0.396048 0.362579 0.539129
0.576984 0.593736 0.347673 0.614075 0.445348 0.669883 0.607607 0.747905 0.385304 0.520196 0.576174 0.58912 0.663696 0.714937 0.513056 0.643809 0.621 0.776207 0.503661 0.699339 0.610002 0.573097 0.56429 0.622398 0.557908 0.600269 0.753665 0.430272 0.776416 0.657226 0.752457 0.752762 0.55382 0.430801 0.483344 0.587862 0.699748 0.527847 0.450297 0.614541 0.614495 0.537406 0.550813 0.625029 0.796071 0.483404 0.431467 0.694287 0.550178 0.460059 0.354309 0.250244 0.454083 0.436407 0.215929 0.378979 0.231001 0.362341 0.467298 0.434008 0.506158 0.526642 0.499519 0.179722 0.609341 0.346946 0.328669 0.418859 0.525856 0.386414 0.323102 0.692812 0.529604 0.438052 0.29246 0.35514 0.443633 0.360103 0.179578 0.340676 0.222051 0.316321 0.271136 0.307287 0.454157 0.224792 0.516383 0.370546 0.224532 0.364492 0.245148 0.392475 0.473006 0.467067 0.347858 0.348124 0.347098 0.393563 0.359262 0.54031
0.57881 0.596007 0.34391 0.616669 0.443925 0.673636 0.610143 0.752835 0.382483 0.520603 0.577944 0.591148 0.667654 0.719658 0.513454 0.647245 0.623743 0.781591 0.503801 0.70367 0.612648 0.57493 0.565716 0.625217 0.55932 0.602674 0.758745 0.42856 0.781809 0.661021 0.757655 0.757973 0.555111 0.429066 0.482751 0.590105 0.704046 0.528551 0.44902 0.617143 0.617109 0.538475 0.552075 0.628095 0.801461 0.483015 0.429843 0.698769 0.551272 0.459183 0.350916 0.245067 0.453161 0.434942 0.21044 0.37614 0.225638 0.359192 0.466643 0.432395 0.506335 0.527355 0.499461 0.174143 0.611793 0.343412 0.324748 0.416922 0.526483 0.383803 0.319018 0.697204 0.530284 0.436586 0.287772 0.351816 0.44216 0.356904 0.173998 0.337031 0.216637 0.312136 0.266304 0.303055 0.45324 0.219381 0.517025 0.367513 0.219211 0.361241 0.239987 0.389949 0.472411 0.466416 0.34434 0.344613 0.343598 0.391112 0.35598 0.54145
0.580605 0.598185 0.340153 0.619249 0.44252 0.67732 0.612605 0.757705 0.379721 0.521 0.579657 0.593117 0.671543 0.724343 0.513836 0.650632 0.626442 0.78684 0.503843 0.707879 0.615242 0.576744 0.567104 0.627998 0.560763 0.605076 0.763745 0.426867 0.787041 0.664728 0.762751 0.763064 0.556375 0.427258 0.482224 0.59236 0.70827 0.529305 0.447764 0.619722 0.619761 0.53956 0.553333 0.631101 0.8067 0.482569 0.428232 0.703164 0.552341 0.458286 0.347528 0.240014 0.452263 0.433475 0.205121 0.373267 0.220402 0.35605 0.46597 0.430843 0.506554 0.52808 0.499375 0.168749 0.614226 0.339954 0.320882 0.415003 0.527136 0.381213 0.315037 0.701568 0.530903 0.435108 0.283185 0.348528 0.440716 0.353768 0.168601 0.333426 0.211346 0.308057 0.26158 0.298892 0.452344 0.214091 0.517707 0.364535 0.213985 0.357958 0.234904 0.387432 0.471787 0.465771 0.340828 0.341147 0.340148 0.388691 0.352692 0.542628
0.582423 0.600345 0.3365 0.621808 0.44112 0.680965 0.615002 0.762506 0.376934 0.521454 0.581337 0.595041 0.675441 0.728855 0.514241 0.653997 0.629104 0.791951 0.503882 0.712037 0.617823 0.578621 0.568504 0.630686 0.562145 0.607445 0.768648 0.425185 0.792177 0.668437 0.767719 0.768039 0.55759 0.4255 0.481725 0.594604 0.712409 0.530011 0.44654 0.622284 0.622393 0.540598 0.554573 0.634108 0.811804 0.482103 0.426612 0.70752 0.553404 0.457417 0.344177 0.235057 0.45138 0.432041 0.199958 0.370432 0.215318 0.352953 0.465321 0.429303 0.506769 0.528809 0.499342 0.163512 0.61662 0.336548 0.317052 0.413076 0.527781 0.378642 0.311099 0.705837 0.53149 0.43364 0.278673 0.345292 0.439293 0.350659 0.16335 0.329847 0.206173 0.304001 0.256901 0.294763 0.451471 0.208918 0.518394 0.36153 0.208883 0.35477 0.229951 0.384956 0.471167 0.46512 0.337381 0.337732 0.336739 0.386321 0.349519 0.543805
0.58422 0.602535 0.33287 0.624333 0.43969 0.684508 0.617408 0.767161 0.374162 0.521921 0.583057 0.597008 0.67922 0.733354 0.514616 0.657294 0.631763 0.796936 0.503959 0.716126 0.620423 0.580443 0.56984 0.633375 0.563555 0.609776 0.773428 0.423491 0.797198 0.672096 0.77264 0.772913 0.558858 0.423782 0.481166 0.596812 0.716486 0.530649 0.445331 0.624776 0.624912 0.541653 0.555731 0.637081 0.816759 0.481679 0.425035 0.711804 0.554431 0.456597 0.340886 0.230253 0.450543 0.430581 0.194906 0.367627 0.210353 0.349882 0.464676 0.427794 0.506959 0.529538 0.499278 0.158457 0.619004 0.333204 0.313288 0.411208 0.528452 0.376149 0.307213 0.710088 0.532069 0.432199 0.274232 0.342101 0.437847 0.347609 0.158269 0.326384 0.201128 0.300035 0.252313 0.290717 0.450613 0.203894 0.519087 0.358604 0.203941 0.351567 0.225093 0.382573 0.470555 0.4645 0.333948 0.334328 0.333372 0.383924 0.346388 0.544944
0.585993 0.604714 0.329298 0.626809 0.438301 0.687996 0.619818 0.771724 0.371437 0.522363 0.584713 0.598919 0.683 0.737798 0.515038 0.660526 0.63439 0.801799 0.504026 0.720146 0.622964 0.582231 0.571211 0.636072 0.564971 0.612151 0.778145 0.421853 0.802083 0.675673 0.777382 0.777674 0.560076 0.422038 0.480653 0.599101 0.720486 0.531339 0.444102 0.627264 0.627419 0.542708 0.556877 0.640044 0.82159 0.481235 0.423501 0.716008 0.555514 0.455771 0.337645 0.225528 0.449719 0.429146 0.19 0.36483 0.205501 0.34682 0.464057 0.426274 0.50715 0.530273 0.499233 0.153562 0.621292 0.329869 0.309564 0.409358 0.5291 0.373715 0.303367 0.714222 0.532682 0.430778 0.269861 0.338982 0.436456 0.344593 0.153376 0.322928 0.196231 0.296132 0.247864 0.286735 0.449811 0.199007 0.519759 0.355726 0.199134 0.348424 0.220337 0.380138 0.469923 0.463876 0.330559 0.330978 0.330053 0.381576 0.343243 0.546097
0.587735 0.606865 0.325776 0.629252 0.436946 0.69147 0.62219 0.776185 0.368782 0.522806 0.586399 0.600801 0.686761 0.742154 0.515469 0.663752 0.636944 0.806544 0.504109 0.724123 0.625508 0.584017 0.572569 0.638706 0.566324 0.614455 0.78274 0.420228 0.806835 0.679217 0.782041 0.782317 0.561226 0.420341 0.480094 0.601297 0.724435 0.532036 0.44287 0.629687 0.629884 0.543711 0.558101 0.642955 0.826282 0.48081 0.42192 0.72016 0.556513 0.454955 0.334403 0.220878 0.448928 0.427736 0.185222 0.362107 0.200756 0.343814 0.463422 0.424776 0.507376 0.530961 0.499172 0.148831 0.62354 0.326566 0.305932 0.407525 0.529763 0.371287 0.299558 0.718294 0.533297 0.429356 0.265549 0.335833 0.435086 0.341622 0.148624 0.31951 0.191434 0.292277 0.243434 0.282793 0.448964 0.19426 0.520444 0.352822 0.194439 0.34534 0.215714 0.377757 0.469294 0.463279 0.327227 0.327714 0.326795 0.379237 0.340159 0.547221
0.589486 0.609035 0.322276 0.631671 0.435628 0.694865 0.624552 0.780546 0.36607 0.523252 0.588082 0.602665 0.690469 0.746403 0.515875 0.666904 0.639458 0.811167 0.504186 0.728008 0.628017 0.585777 0.573881 0.641308 0.567679 0.616722 0.787208 0.418592 0.811457 0.682732 0.786612 0.786862 0.562423 0.418632 0.479562 0.603508 0.728269 0.532666 0.441661 0.632109 0.632293 0.544762 0.559266 0.645843 0.83084 0.48039 0.420413 0.724227 0.557506 0.454129 0.331243 0.216334 0.448134 0.426345 0.180554 0.359437 0.196141 0.340841 0.462822 0.42328 0.507587 0.531632 0.499137 0.144226 0.625802 0.32334 0.30233 0.405686 0.530371 0.368867 0.295828 0.722313 0.533941 0.427986 0.261312 0.332717 0.433696 0.338723 0.144038 0.31611 0.186798 0.288447 0.239135 0.278949 0.44819 0.189626 0.521122 0.349933 0.189845 0.342309 0.211198 0.37536 0.468654 0.462712 0.323987 0.324477 0.323536 0.376928 0.337155 0.548359
0.591214 0.611183 0.318833 0.634055 0.434229 0.69821 0.626812 0.784777 0.36347 0.523704 0.58974 0.604488 0.694121 0.750567 0.516278 0.670059 0.64193 0.815694 0.504243 0.731818 0.630473 0.587572 0.575196 0.643838 0.569025 0.618981 0.791575 0.416952 0.815977 0.686172 0.791074 0.7913 0.563609 0.41695 0.479033 0.605718 0.732111 0.533359 0.440401 0.634481 0.634726 0.545775 0.560393 0.648678 0.835246 0.479999 0.418899 0.728217 0.558505 0.453291 0.328132 0.211883 0.447354 0.424937 0.176019 0.356716 0.191637 0.337936 0.462255 0.421817 0.507806 0.532287 0.499104 0.139799 0.628019 0.320121 0.298759 0.403927 0.53103 0.366477 0.292196 0.726252 0.534485 0.426622 0.25712 0.329697 0.432277 0.335865 0.139599 0.312762 0.18227 0.284704 0.234909 0.275165 0.447416 0.185064 0.521781 0.347071 0.185351 0.339265 0.206782 0.373041 0.468095 0.462139 0.320759 0.321249 0.320345 0.37466 0.334172 0.549528
0.592842 0.613348 0.315398 0.636406 0.432893 0.701517 0.629129 0.788932 0.360874 0.524106 0.591339 0.606327 0.697701 0.754691 0.516597 0.673191 0.644386 0.820078 0.504262 0.735571 0.632911 0.589341 0.576445 0.646339 0.570358 0.621223 0.795843 0.415327 0.820359 0.68957 0.795428 0.795684 0.564807 0.415274 0.478496 0.607873 0.73588 0.534015 0.439228 0.636793 0.637064 0.546842 0.561545 0.651516 0.839554 0.479558 0.417329 0.732175 0.559478 0.452491 0.325028 0.207521 0.446588 0.423569 0.171603 0.354052 0.187206 0.33505 0.461689 0.420369 0.508048 0.532935 0.498985 0.135508 0.630168 0.316941 0.295244 0.402089 0.531644 0.364088 0.288571 0.730144 0.535063 0.425262 0.253031 0.326705 0.430897 0.33304 0.135309 0.309502 0.177839 0.280995 0.23076 0.271443 0.446629 0.180654 0.522461 0.344239 0.181016 0.33626 0.202467 0.370716 0.467496 0.461559 0.317523 0.318086 0.317198 0.372427 0.331202 0.550678
0.594499 0.615436 0.312041 0.63874 0.431552 0.704772 0.631398 0.792953 0.358312 0.524522 0.592913 0.608096 0.701268 0.758751 0.516961 0.676253 0.646805 0.824372 0.504362 0.739236 0.635316 0.591115 0.577728 0.648854 0.5717 0.623476 0.800045 0.413706 0.824653 0.692927 0.799694 0.799935 0.565952 0.413593 0.477968 0.610039 0.73952 0.534674 0.438105 0.639123 0.639438 0.547841 0.562644 0.65431 0.843729 0.479115 0.415794 0.736073 0.560418 0.451737 0.321982 0.203271 0.445873 0.422236 0.167283 0.351409 0.182908 0.332226 0.461199 0.418918 0.508306 0.533631 0.498939 0.131362 0.63232 0.313859 0.291782 0.400305 0.532256 0.361726 0.285045 0.734022 0.535667 0.423934 0.249043 0.323768 0.429493 0.330251 0.13114 0.306279 0.173524 0.277355 0.226693 0.267787 0.445898 0.176366 0.523176 0.341457 0.17678 0.333296 0.198257 0.368441 0.466908 0.460969 0.314372 0.314968 0.314116 0.370223 0.328303 0.551802
0.596142 0.617478 0.308701 0.641044 0.430228 0.707946 0.63361 0.796929 0.355775 0.524917 0.594455 0.609884 0.70478 0.762706 0.517355 0.67927 0.649181 0.828538 0.50437 0.742858 0.637742 0.592838 0.578938 0.651334 0.573033 0.625664 0.804119 0.41212 0.828825 0.696252 0.803845 0.804094 0.567099 0.411911 0.477456 0.612141 0.743133 0.535301 0.436935 0.641455 0.641782 0.548848 0.563751 0.657036 0.847769 0.478662 0.414307 0.739921 0.561343 0.450959 0.318943 0.199108 0.445182 0.42091 0.163103 0.348809 0.1787 0.329442 0.460648 0.417453 0.508496 0.534312 0.498841 0.127339 0.634447 0.310799 0.288374 0.398608 0.5329 0.359445 0.281549 0.73777 0.536217 0.422626 0.245131 0.320838 0.428116 0.327466 0.127135 0.303087 0.169338 0.273756 0.222721 0.2642 0.445187 0.172176 0.52388 0.338705 0.172628 0.330365 0.194157 0.36614 0.466327 0.46042 0.311287 0.311891 0.31105 0.368041 0.32542 0.552936
0.597782 0.619535 0.305433 0.64329 0.428914 0.711039 0.635818 0.800829 0.353257 0.525331 0.595989 0.611625 0.708233 0.766624 0.51769 0.682296 0.651502 0.832605 0.504402 0.746437 0.640096 0.594567 0.58019 0.653743 0.574365 0.627857 0.808128 0.410539 0.832889 0.699493 0.807894 0.808137 0.568226 0.410262 0.476938 0.614256 0.746673 0.535955 0.435806 0.643719 0.64407 0.549915 0.564852 0.659793 0.851697 0.478298 0.412804 0.743674 0.562311 0.450146 0.315975 0.195008 0.44443 0.419589 0.159043 0.346245 0.174606 0.326679 0.460099 0.416019 0.508697 0.534931 0.498777 0.123451 0.636588 0.30778 0.285023 0.396867 0.533517 0.357162 0.278095 0.741474 0.536778 0.421306 0.241235 0.317991 0.426725 0.32473 0.123262 0.299934 0.165234 0.270261 0.218823 0.26068 0.444431 0.168094 0.524589 0.335956 0.168592 0.327482 0.190142 0.363889 0.465738 0.459901 0.308236 0.308851 0.308036 0.365916 0.322573 0.55411
0.599381 0.621504 0.302198 0.645486 0.427623 0.71409 0.637982 0.804615 0.350786 0.525709 0.597534 0.613396 0.711658 0.770436 0.518057 0.685255 0.653824 0.836538 0.504469 0.749887 0.64245 0.596314 0.581375 0.656148 0.575739 0.630041 0.812024 0.408978 0.836864 0.702711 0.811826 0.812082 0.569322 0.408631 0.47646 0.616346 0.75018 0.53661 0.43468 0.645944 0.646345 0.550887 0.565864 0.662523 0.85549 0.477884 0.411324 0.74741 0.563231 0.449378 0.313014 0.191053 0.44371 0.418272 0.155069 0.3437 0.170634 0.323998 0.45955 0.414568 0.508934 0.53561 0.498683 0.119704 0.638666 0.304798 0.281737 0.395191 0.534133 0.354922 0.274694 0.745176 0.537349 0.419983 0.237445 0.315171 0.425351 0.322084 0.119523 0.29681 0.161268 0.266775 0.214989 0.257244 0.443707 0.164131 0.525245 0.333241 0.164664 0.324589 0.186222 0.361626 0.46521 0.459344 0.305213 0.305852 0.305043 0.363781 0.319724 0.555246
0.600945 0.623502 0.298968 0.647687 0.426277 0.717115 0.640142 0.80833 0.348299 0.526083 0.598999 0.615132 0.715039 0.774179 0.518378 0.688201 0.656084 0.840394 0.504528 0.753324 0.644763 0.598018 0.582536 0.658555 0.577082 0.632204 0.815848 0.407385 0.84072 0.705889 0.815713 0.815921 0.570448 0.407021 0.4759 0.618397 0.753604 0.537231 0.433589 0.648179 0.648565 0.551892 0.566915 0.665233 0.859188 0.477463 0.409841 0.751071 0.564152 0.448608 0.310098 0.187161 0.443039 0.417003 0.151217 0.341159 0.166747 0.321302 0.459003 0.413169 0.509149 0.53621 0.498599 0.116074 0.640729 0.301876 0.278494 0.393544 0.534749 0.352716 0.271363 0.748773 0.537927 0.418729 0.233698 0.312418 0.423985 0.319425 0.11591 0.293752 0.157406 0.263322 0.211208 0.253829 0.443019 0.160265 0.525938 0.330587 0.16084 0.321732 0.182399 0.359406 0.464651 0.458789 0.302255 0.302871 0.302078 0.36168 0.316952 0.556331
0.602521 0.625489 0.295822 0.649861 0.424998 0.72009 0.642286 0.811928 0.345811 0.526546 0.600498 0.616835 0.718357 0.777858 0.518734 0.691061 0.658313 0.844143 0.504599 0.756709 0.647077 0.59975 0.583741 0.660932 0.57842 0.634329 0.819532 0.405853 0.844456 0.709091 0.819486 0.819665 0.571505 0.40538 0.475398 0.620453 0.756955 0.537874 0.432466 0.65033 0.650706 0.552871 0.567958 0.667906 0.862794 0.477077 0.408374 0.754667 0.565064 0.447854 0.307221 0.183339 0.442364 0.415685 0.147487 0.338668 0.162938 0.318639 0.458434 0.411777 0.509356 0.536835 0.498554 0.112567 0.642739 0.298971 0.275276 0.391896 0.535313 0.350529 0.268079 0.752302 0.538433 0.417468 0.230029 0.309695 0.422609 0.316825 0.112396 0.290738 0.153645 0.259982 0.207516 0.250478 0.442378 0.156518 0.526634 0.327935 0.157152 0.318911 0.178674 0.357251 0.464089 0.45829 0.299321 0.299945 0.299152 0.359604 0.314225 0.557498
0.604057 0.627487 0.292732 0.65197 0.423677 0.72303 0.644375 0.815447 0.343362 0.526976 0.601944 0.618478 0.721577 0.781446 0.519067 0.693859 0.660524 0.847787 0.504666 0.760035 0.649364 0.601441 0.584879 0.663265 0.579762 0.636454 0.823147 0.404292 0.848107 0.712224 0.823159 0.823344 0.572587 0.403775 0.474901 0.622519 0.760225 0.538482 0.431355 0.652459 0.652874 0.553853 0.568956 0.670525 0.866279 0.476626 0.406938 0.758197 0.565984 0.447082 0.304412 0.17961 0.441748 0.414436 0.143856 0.336157 0.159255 0.316018 0.457868 0.410457 0.509589 0.537464 0.498496 0.109171 0.644735 0.296118 0.272128 0.390272 0.535912 0.348399 0.264844 0.755818 0.538952 0.41622 0.226443 0.306995 0.421229 0.314216 0.109026 0.287749 0.149976 0.256651 0.203921 0.247213 0.441685 0.152848 0.527352 0.325309 0.153545 0.31617 0.175009 0.355111 0.463555 0.457768 0.296405 0.297062 0.296302 0.357535 0.311507 0.55866
0.605563 0.629488 0.289642 0.654095 0.422372 0.72589 0.646445 0.818901 0.340981 0.527378 0.603389 0.620139 0.724798 0.784974 0.519417 0.696634 0.662721 0.851344 0.504695 0.76328 0.651655 0.603122 0.585982 0.665531 0.581047 0.638529 0.826687 0.402745 0.851656 0.715308 0.826757 0.826946 0.573652 0.402134 0.474419 0.624526 0.763475 0.539139 0.430272 0.654563 0.654998 0.554837 0.569998 0.673103 0.869663 0.476199 0.405513 0.761661 0.566849 0.446299 0.301602 0.176002 0.441052 0.41319 0.140325 0.333737 0.155685 0.313411 0.457342 0.409097 0.509842 0.538099 0.498395 0.105905 0.646722 0.293296 0.269 0.38868 0.536438 0.346251 0.261663 0.75927 0.53947 0.414963 0.222918 0.304345 0.419844 0.311677 0.105777 0.284772 0.146418 0.253372 0.200434 0.243976 0.441064 0.149283 0.528045 0.322705 0.150016 0.31347 0.171456 0.352948 0.463019 0.457269 0.29356 0.294205 0.293472 0.355503 0.308851 0.559768
0.607109 0.631427 0.286592 0.656203 0.42107 0.728686 0.648447 0.822255 0.338574 0.527774 0.604788 0.621786 0.72799 0.788438 0.519739 0.699398 0.664924 0.854798 0.504718 0.766455 0.653918 0.604812 0.587069 0.667771 0.58239 0.640608 0.830153 0.401237 0.855133 0.7183 0.83026 0.830439 0.57474 0.400534 0.473908 0.626547 0.766663 0.539798 0.429208 0.656651 0.657044 0.555828 0.571 0.675653 0.872965 0.475837 0.404144 0.76509 0.567733 0.445554 0.298888 0.172454 0.440428 0.411928 0.136883 0.331318 0.152207 0.310885 0.45683 0.407769 0.510054 0.538701 0.498246 0.102752 0.648693 0.290492 0.265927 0.387014 0.537008 0.344161 0.258543 0.76269 0.539981 0.413736 0.219461 0.301718 0.418479 0.30918 0.102615 0.281862 0.142941 0.25013 0.196995 0.240834 0.440461 0.145808 0.528754 0.320125 0.146614 0.310763 0.167988 0.350849 0.462477 0.456773 0.290699 0.291411 0.290657 0.353515 0.306235 0.560914
0.608571 0.633314 0.283561 0.658256 0.41979 0.731438 0.650462 0.825536 0.336256 0.528185 0.606213 0.623392 0.731151 0.791842 0.520074 0.702109 0.667077 0.858167 0.504777 0.769588 0.656185 0.606462 0.58823 0.670025 0.583676 0.642667 0.833533 0.399691 0.858475 0.721291 0.833678 0.833853 0.575805 0.398923 0.473405 0.628549 0.769784 0.540411 0.42818 0.65868 0.659122 0.556874 0.571981 0.678173 0.876171 0.475416 0.402703 0.768435 0.568624 0.444834 0.296166 0.168989 0.439855 0.410672 0.133544 0.328955 0.148807 0.308331 0.45631 0.406446 0.510271 0.539311 0.49814 0.0997055 0.650586 0.287751 0.262935 0.38547 0.537585 0.342101 0.255477 0.76603 0.540499 0.412548 0.216093 0.299137 0.417134 0.306732 0.0995633 0.279001 0.139577 0.246937 0.193637 0.237744 0.439887 0.142452 0.529482 0.317585 0.14328 0.308085 0.164582 0.348752 0.461913 0.456252 0.2879 0.288623 0.287907 0.351488 0.303614 0.562025
0.610064 0.635242 0.280621 0.660278 0.418522 0.734178 0.652397 0.82874 0.333897 0.528585 0.607597 0.624985 0.734249 0.795173 0.520438 0.704761 0.66915 0.861427 0.504786 0.772665 0.658375 0.608162 0.589334 0.672225 0.584933 0.644722 0.836838 0.39814 0.861748 0.724236 0.837006 0.837204 0.576835 0.397351 0.472948 0.630532 0.77284 0.54105 0.42713 0.660685 0.66117 0.557835 0.572978 0.6807 0.879261 0.474993 0.401302 0.771747 0.569459 0.444142 0.293479 0.165595 0.439243 0.409475 0.130296 0.326603 0.145502 0.305835 0.455795 0.40512 0.510531 0.539936 0.498073 0.0967576 0.652457 0.285021 0.259973 0.383908 0.538134 0.340081 0.25247 0.769305 0.540981 0.411333 0.212755 0.296539 0.415761 0.304345 0.0966108 0.276203 0.136287 0.24381 0.19034 0.234693 0.439281 0.13917 0.530168 0.315081 0.14003 0.30542 0.161291 0.346696 0.461367 0.455689 0.285172 0.285877 0.28519 0.34955 0.30106 0.563099
0.611514 0.637134 0.2777 0.662295 0.417266 0.736855 0.654333 0.831868 0.331609 0.52895 0.608935 0.626545 0.737272 0.798461 0.520778 0.707373 0.671206 0.864594 0.504812 0.775687 0.660561 0.609825 0.590451 0.674408 0.58621 0.64675 0.840058 0.396661 0.864934 0.727151 0.840281 0.840443 0.577848 0.395735 0.472469 0.632496 0.77586 0.541657 0.426057 0.662691 0.663221 0.558822 0.573935 0.683142 0.882249 0.47462 0.399978 0.775034 0.570316 0.443431 0.290811 0.162279 0.438654 0.408244 0.127151 0.324328 0.142295 0.303389 0.455286 0.403783 0.510847 0.540483 0.498005 0.0938996 0.654268 0.282346 0.257025 0.382366 0.538719 0.338064 0.24954 0.772521 0.541464 0.410185 0.209483 0.294047 0.414384 0.301964 0.093767 0.273392 0.133077 0.240779 0.1871 0.231679 0.438718 0.135969 0.530929 0.312599 0.136887 0.302842 0.158035 0.344628 0.460821 0.455145 0.282459 0.283181 0.282504 0.347602 0.298525 0.564222
0.612967 0.63899 0.274853 0.66428 0.416051 0.739485 0.656237 0.834927 0.329321 0.529304 0.610234 0.628097 0.740295 0.801683 0.521121 0.70997 0.673215 0.867696 0.504836 0.778629 0.662784 0.611486 0.591553 0.676556 0.587519 0.64875 0.843202 0.395201 0.868038 0.729988 0.843483 0.843647 0.578893 0.39417 0.472011 0.634457 0.778802 0.542208 0.424988 0.66465 0.665203 0.559792 0.574861 0.685578 0.885178 0.474247 0.398644 0.778256 0.571151 0.442747 0.288195 0.159046 0.438093 0.407052 0.124084 0.322042 0.139178 0.300992 0.454782 0.40254 0.511118 0.541079 0.497926 0.091154 0.656092 0.2797 0.254177 0.380854 0.539277 0.336061 0.246659 0.775702 0.54195 0.408999 0.206286 0.291597 0.412988 0.29961 0.0910151 0.270637 0.129987 0.237764 0.183911 0.228777 0.438166 0.13287 0.531621 0.310112 0.133828 0.30027 0.154907 0.342573 0.460232 0.454606 0.279783 0.280496 0.279839 0.345654 0.296051 0.565301
0.614405 0.640824 0.272042 0.666221 0.414819 0.74205 0.658151 0.837895 0.327058 0.529642 0.611567 0.629633 0.74323 0.80481 0.52146 0.712486 0.675201 0.870715 0.504846 0.781527 0.664915 0.613134 0.592619 0.678666 0.588773 0.650739 0.846252 0.393682 0.871045 0.732856 0.846606 0.84676 0.579932 0.392618 0.471544 0.636388 0.781714 0.54282 0.423984 0.666591 0.667144 0.560763 0.575771 0.687971 0.887997 0.473834 0.397266 0.781411 0.571917 0.442051 0.285653 0.155889 0.437531 0.40587 0.121108 0.319774 0.136137 0.298633 0.454309 0.401236 0.511364 0.54162 0.49788 0.0884895 0.65788 0.27711 0.25138 0.379334 0.539779 0.334077 0.24382 0.778843 0.54243 0.407815 0.203163 0.289122 0.411695 0.297328 0.0883607 0.267925 0.126953 0.234796 0.180795 0.225904 0.437562 0.129873 0.532349 0.307661 0.130851 0.297749 0.151847 0.34055 0.459703 0.454099 0.277177 0.277806 0.277218 0.343759 0.293587 0.566399
0.615847 0.642651 0.269266 0.668171 0.413616 0.744582 0.659985 0.8408 0.32482 0.529993 0.612888 0.631137 0.746143 0.807904 0.521733 0.71504 0.677188 0.873655 0.504864 0.784386 0.66705 0.614784 0.593685 0.680772 0.590032 0.652733 0.849237 0.392178 0.873973 0.735624 0.849629 0.849772 0.580903 0.391087 0.471037 0.638282 0.784545 0.543431 0.423014 0.668512 0.669093 0.561768 0.576661 0.690333 0.89074 0.473466 0.395914 0.784511 0.57279 0.441377 0.283076 0.152816 0.436996 0.404681 0.118191 0.317524 0.133171 0.296295 0.453819 0.39999 0.511539 0.542175 0.497749 0.0859188 0.659689 0.274555 0.248572 0.377872 0.540321 0.332116 0.241041 0.781937 0.542923 0.406702 0.200077 0.286672 0.410369 0.295026 0.0858129 0.265235 0.124037 0.231848 0.177759 0.223063 0.437048 0.126947 0.533075 0.305243 0.127949 0.2953 0.148861 0.33853 0.459141 0.453598 0.2746 0.275184 0.274638 0.341895 0.291154 0.567507
0.617265 0.644501 0.266509 0.670095 0.412397 0.747067 0.66184 0.843632 0.322641 0.53037 0.614174 0.632635 0.749002 0.810949 0.522041 0.717542 0.679126 0.876525 0.504895 0.787187 0.669139 0.61641 0.594748 0.682835 0.59128 0.65467 0.852183 0.390653 0.876838 0.738333 0.852599 0.852726 0.581922 0.389555 0.470593 0.640197 0.787352 0.54401 0.421995 0.670415 0.670997 0.56275 0.577592 0.692676 0.893414 0.473116 0.394595 0.787595 0.573643 0.440733 0.280528 0.149784 0.436501 0.403532 0.1154 0.315297 0.130271 0.293971 0.453287 0.39873 0.511797 0.54275 0.497616 0.0834519 0.661442 0.272005 0.24585 0.376425 0.54082 0.33022 0.238278 0.784963 0.543476 0.405593 0.197097 0.284279 0.409034 0.292794 0.0833344 0.262598 0.121183 0.228981 0.174796 0.220288 0.436554 0.124094 0.533806 0.302902 0.12513 0.292816 0.145921 0.336571 0.458648 0.45307 0.272028 0.272628 0.272112 0.340018 0.288748 0.568566
0.618672 0.646297 0.263763 0.671947 0.411199 0.749495 0.663684 0.846428 0.320484 0.530749 0.615464 0.634095 0.751847 0.813936 0.522326 0.720013 0.681019 0.879295 0.504924 0.789971 0.671219 0.618023 0.595777 0.684806 0.592588 0.656597 0.855023 0.389176 0.879611 0.741022 0.855486 0.855608 0.582923 0.388041 0.470216 0.642078 0.790122 0.544574 0.421062 0.672298 0.672863 0.563691 0.578477 0.694978 0.895999 0.472741 0.393293 0.790619 0.574446 0.440073 0.278046 0.146832 0.435971 0.402411 0.112672 0.313105 0.127469 0.291701 0.452807 0.397492 0.512066 0.543289 0.497503 0.0810582 0.663137 0.269515 0.243142 0.374986 0.541342 0.328307 0.235579 0.78794 0.54392 0.404455 0.194149 0.281928 0.407653 0.290576 0.0809496 0.259964 0.11842 0.226115 0.171878 0.217563 0.436106 0.121317 0.534563 0.300529 0.122397 0.290371 0.143056 0.334609 0.458139 0.452603 0.269504 0.270072 0.269656 0.338143 0.286367 0.569672
0.620048 0.648127 0.261093 0.673832 0.410018 0.751902 0.665452 0.849151 0.318317 0.531141 0.61676 0.635578 0.754623 0.816857 0.522638 0.722427 0.682895 0.882004 0.504944 0.79268 0.673343 0.619654 0.596786 0.686804 0.593861 0.65851 0.857827 0.387714 0.882328 0.743706 0.858294 0.858423 0.583961 0.386512 0.469795 0.643939 0.792824 0.545127 0.42011 0.674136 0.674714 0.564683 0.57936 0.697239 0.898507 0.47241 0.391974 0.793574 0.575222 0.439429 0.275549 0.143951 0.435494 0.401255 0.110029 0.310953 0.124719 0.289476 0.452272 0.396275 0.512323 0.543845 0.497429 0.0787403 0.664827 0.267051 0.240489 0.373498 0.54186 0.326432 0.232948 0.790877 0.544406 0.403337 0.191255 0.279584 0.406401 0.288407 0.0786328 0.257456 0.115718 0.223304 0.169028 0.214883 0.435615 0.118643 0.535281 0.298198 0.11976 0.288001 0.140279 0.33265 0.457618 0.452091 0.267047 0.267573 0.267195 0.336321 0.284053 0.570769
0.621408 0.649864 0.258465 0.675627 0.408849 0.754237 0.667243 0.851777 0.316161 0.531466 0.618026 0.637017 0.757359 0.819722 0.522889 0.724835 0.684763 0.884633 0.505012 0.795337 0.675424 0.621269 0.597793 0.688762 0.595111 0.660398 0.860549 0.386244 0.884963 0.746329 0.861055 0.861168 0.584961 0.385015 0.469379 0.645747 0.79548 0.545658 0.419138 0.675968 0.676515 0.565607 0.580214 0.69947 0.900941 0.472094 0.390666 0.796435 0.576019 0.438779 0.273116 0.141154 0.435026 0.400103 0.107442 0.308819 0.122053 0.287274 0.451793 0.395007 0.512546 0.54434 0.497349 0.0765088 0.66647 0.26464 0.237909 0.372101 0.542384 0.324599 0.230372 0.793762 0.544884 0.402255 0.188399 0.277289 0.405089 0.286251 0.0763941 0.254956 0.113107 0.220556 0.166234 0.212218 0.43516 0.116026 0.535975 0.295927 0.117176 0.285642 0.137568 0.330691 0.457116 0.451594 0.264639 0.265083 0.264724 0.33456 0.281744 0.571833
0.622751 0.651596 0.255886 0.677468 0.407689 0.756577 0.669006 0.854331 0.31406 0.531824 0.619251 0.638428 0.760046 0.822499 0.523144 0.727187 0.68662 0.887184 0.50508 0.797952 0.677485 0.62287 0.598751 0.690728 0.596369 0.662333 0.863193 0.384826 0.887521 0.748953 0.863729 0.863855 0.585903 0.383499 0.46897 0.647598 0.798065 0.54619 0.418209 0.677789 0.678311 0.566557 0.581067 0.701704 0.903301 0.471778 0.389372 0.799305 0.576771 0.438119 0.270717 0.138424 0.434581 0.398976 0.104941 0.306692 0.119474 0.285107 0.451307 0.393787 0.51282 0.544827 0.497202 0.0743379 0.668112 0.262231 0.23534 0.370682 0.542888 0.322758 0.227821 0.796578 0.545339 0.401172 0.1856 0.275008 0.40375 0.284091 0.0742267 0.252462 0.110551 0.21786 0.163497 0.209634 0.434722 0.113467 0.536679 0.293625 0.114655 0.283295 0.134913 0.328775 0.456588 0.451085 0.262197 0.262627 0.262323 0.332771 0.27949 0.572885
0.624078 0.653313 0.253329 0.679255 0.406514 0.758885 0.67074 0.856845 0.311985 0.532253 0.62045 0.639879 0.7627 0.825237 0.523403 0.729506 0.688432 0.889679 0.505131 0.800525 0.679502 0.624462 0.599716 0.692674 0.597609 0.664228 0.865793 0.383416 0.890018 0.751523 0.866343 0.866472 0.586864 0.382026 0.468588 0.649432 0.800629 0.5467 0.417262 0.679569 0.680149 0.567499 0.58187 0.703873 0.90559 0.471422 0.388063 0.802102 0.57748 0.437454 0.268337 0.135741 0.434133 0.397823 0.102507 0.304606 0.116954 0.28293 0.450831 0.392563 0.513107 0.545353 0.497059 0.0722491 0.66971 0.259861 0.232786 0.369315 0.543359 0.320965 0.225306 0.799386 0.545796 0.400106 0.182894 0.272795 0.402423 0.281982 0.0721374 0.249981 0.108069 0.215225 0.160791 0.207104 0.434246 0.111019 0.53736 0.291337 0.112182 0.280945 0.132308 0.326888 0.456111 0.450611 0.259835 0.260233 0.259937 0.330961 0.277254 0.573966
0.62539 0.654986 0.250822 0.68102 0.405345 0.76112 0.672485 0.859297 0.309927 0.532624 0.62164 0.641253 0.765315 0.827892 0.5237 0.731828 0.690237 0.892102 0.505144 0.80304 0.681495 0.626045 0.600621 0.694574 0.598867 0.666094 0.868327 0.382004 0.892425 0.754003 0.868896 0.869008 0.587797 0.380564 0.468203 0.651253 0.803128 0.547177 0.416335 0.681323 0.681879 0.568472 0.582684 0.706035 0.907808 0.471043 0.386812 0.804825 0.57823 0.436827 0.266006 0.133134 0.433708 0.39673 0.100155 0.302563 0.114496 0.280787 0.450338 0.391372 0.513377 0.54587 0.496956 0.0702239 0.671316 0.257479 0.230318 0.367923 0.543882 0.319149 0.22283 0.802126 0.546229 0.399067 0.180234 0.270587 0.401098 0.279909 0.0701247 0.247534 0.105666 0.212623 0.158152 0.204622 0.433823 0.108617 0.538088 0.289099 0.109793 0.278657 0.129804 0.324974 0.455607 0.450138 0.257483 0.257816 0.257593 0.329247 0.27505 0.575055
0.62668 0.656718 0.248326 0.682757 0.404214 0.763334 0.674204 0.861695 0.307885 0.53302 0.622823 0.642617 0.767898 0.830518 0.523965 0.734127 0.692006 0.894475 0.505226 0.805516 0.683467 0.627632 0.601554 0.6965 0.600118 0.66792 0.870809 0.380554 0.89479 0.756473 0.87137 0.87149 0.588706 0.379133 0.467834 0.652974 0.805598 0.547715 0.41544 0.683058 0.683595 0.569417 0.583479 0.708171 0.90997 0.470725 0.385567 0.807503 0.579005 0.436236 0.263714 0.130571 0.433218 0.395605 0.0978619 0.30051 0.112094 0.278705 0.449809 0.390209 0.51369 0.546332 0.496807 0.0682733 0.67288 0.255176 0.227895 0.366585 0.544373 0.317383 0.220446 0.804827 0.546653 0.398018 0.177633 0.268421 0.39977 0.277848 0.0681657 0.245132 0.103311 0.210039 0.155598 0.20222 0.433423 0.106274 0.538768 0.286851 0.107465 0.276406 0.127354 0.323116 0.455095 0.449649 0.255207 0.255446 0.255301 0.327553 0.272883 0.576125
0.627976 0.65838 0.245865 0.68447 0.403083 0.76547 0.675848 0.864058 0.30586 0.533375 0.623944 0.643978 0.770456 0.833074 0.524197 0.736351 0.693737 0.896789 0.505208 0.807963 0.685412 0.629246 0.602506 0.698342 0.601345 0.669734 0.873207 0.379125 0.897082 0.758894 0.873778 0.873908 0.589608 0.377706 0.467441 0.654736 0.808019 0.548221 0.414585 0.684771 0.685273 0.570378 0.584248 0.710292 0.912064 0.470421 0.384334 0.810173 0.579752 0.435662 0.26144 0.128063 0.432796 0.3945 0.095636 0.298509 0.109784 0.276653 0.449356 0.389063 0.513944 0.546768 0.496692 0.0664 0.67445 0.252914 0.225479 0.365242 0.544863 0.315661 0.218086 0.807494 0.54708 0.396948 0.175059 0.266302 0.398462 0.275837 0.0662927 0.242788 0.101037 0.207526 0.153091 0.19986 0.432995 0.104008 0.539458 0.284678 0.105212 0.2742 0.124934 0.321263 0.454595 0.449171 0.252941 0.253133 0.253038 0.325847 0.270775 0.577199
0.629258 0.660047 0.243433 0.686164 0.401968 0.767593 0.677489 0.866326 0.303886 0.533781 0.625069 0.645314 0.772894 0.835612 0.524438 0.738515 0.695424 0.899029 0.505244 0.810355 0.687335 0.630849 0.603418 0.700202 0.602607 0.671536 0.875544 0.3777 0.89932 0.761289 0.876132 0.876278 0.590498 0.376257 0.467045 0.656545 0.810406 0.548742 0.413704 0.686435 0.686936 0.571313 0.585057 0.712379 0.914102 0.470063 0.383082 0.812764 0.580504 0.435056 0.259211 0.125638 0.432381 0.393358 0.0934669 0.29653 0.107513 0.27462 0.448884 0.387901 0.51422 0.547205 0.496583 0.064572 0.675949 0.250699 0.223148 0.363975 0.545368 0.313956 0.215755 0.810139 0.547558 0.395931 0.172511 0.264183 0.397118 0.273859 0.0644698 0.240418 0.0988338 0.205053 0.150633 0.197531 0.432628 0.101786 0.540188 0.282516 0.102997 0.27204 0.122599 0.319405 0.454109 0.448635 0.250675 0.250833 0.250776 0.324189 0.268659 0.578221
0.630481 0.661659 0.241083 0.687867 0.400847 0.769661 0.679119 0.868562 0.301934 0.534186 0.626175 0.646662 0.77533 0.838085 0.524661 0.740696 0.697095 0.901202 0.505228 0.812688 0.689266 0.632373 0.604354 0.702046 0.603856 0.67333 0.877844 0.376267 0.901485 0.763626 0.878441 0.878566 0.591406 0.374829 0.466667 0.658282 0.812763 0.549226 0.412845 0.68808 0.688593 0.572218 0.585804 0.714414 0.916095 0.469727 0.381881 0.815329 0.58117 0.43447 0.256974 0.123264 0.432008 0.392297 0.0913576 0.294552 0.105318 0.272596 0.448405 0.386761 0.514495 0.547665 0.496454 0.0628062 0.677472 0.248488 0.220825 0.362691 0.545867 0.312298 0.213463 0.812713 0.547958 0.394916 0.17004 0.262108 0.3958 0.271892 0.0627131 0.238158 0.0966671 0.202603 0.14819 0.195231 0.432264 0.0996074 0.540964 0.280351 0.10086 0.269874 0.120319 0.317563 0.453593 0.448125 0.248466 0.248564 0.248551 0.322503 0.266558 0.579244
0.631753 0.663325 0.238735 0.689516 0.399785 0.771698 0.680765 0.870724 0.300003 0.534567 0.627307 0.647973 0.777733 0.840513 0.52494 0.742845 0.69871 0.90333 0.505274 0.814972 0.691174 0.63396 0.605319 0.703859 0.605115 0.675122 0.880086 0.374857 0.903589 0.765949 0.880693 0.88081 0.592247 0.373365 0.466297 0.660005 0.815062 0.549713 0.412003 0.6897 0.690215 0.573099 0.58654 0.716488 0.918019 0.469378 0.380645 0.817858 0.581904 0.433853 0.254763 0.12096 0.431611 0.391238 0.0892983 0.292647 0.103184 0.270623 0.44784 0.385617 0.514821 0.548068 0.496341 0.0611037 0.678903 0.246293 0.218589 0.361428 0.546312 0.310649 0.211226 0.815257 0.548411 0.393901 0.167639 0.26002 0.394431 0.269978 0.0610103 0.235908 0.0945812 0.200208 0.145829 0.19297 0.431872 0.097506 0.541644 0.278238 0.0987942 0.267779 0.118102 0.315717 0.453115 0.447599 0.246297 0.246335 0.246379 0.320786 0.264481 0.580289
0.632951 0.664935 0.236406 0.691143 0.398677 0.773701 0.682369 0.872858 0.298103 0.534924 0.62837 0.649215 0.780089 0.84287 0.52515 0.744949 0.70033 0.905393 0.505316 0.817237 0.693082 0.635488 0.606227 0.705653 0.606383 0.676935 0.882276 0.373458 0.905651 0.768257 0.882877 0.883006 0.593126 0.371948 0.465956 0.661658 0.817332 0.550205 0.411203 0.691367 0.691764 0.574003 0.587271 0.718478 0.919879 0.469064 0.379429 0.820349 0.582599 0.433273 0.252573 0.118688 0.431247 0.390187 0.087322 0.290768 0.101113 0.268689 0.447333 0.384519 0.515113 0.548474 0.496193 0.059457 0.680338 0.244124 0.216318 0.360216 0.546747 0.309019 0.20901 0.817735 0.54886 0.3929 0.165272 0.257989 0.393073 0.268153 0.0593693 0.233649 0.0925365 0.19786 0.143518 0.190771 0.431524 0.0954621 0.542326 0.276116 0.0967706 0.265684 0.115939 0.313907 0.452668 0.447115 0.244158 0.244102 0.244223 0.319171 0.262461 0.581343
0.634164 0.666584 0.23413 0.692746 0.397614 0.775694 0.683952 0.874942 0.296214 0.535325 0.629447 0.650477 0.782416 0.845198 0.525342 0.747013 0.701947 0.907392 0.505371 0.819455 0.694964 0.637094 0.607124 0.707442 0.607632 0.678711 0.88442 0.372038 0.907658 0.770497 0.885015 0.885144 0.594011 0.370515 0.465629 0.663342 0.819563 0.550707 0.410414 0.692951 0.693367 0.574948 0.588001 0.720437 0.921682 0.468762 0.378233 0.822789 0.5833 0.432721 0.250434 0.116473 0.430924 0.38917 0.0853929 0.288879 0.0990815 0.266729 0.446804 0.383399 0.515343 0.548896 0.496081 0.0578571 0.681764 0.241967 0.214115 0.359034 0.547253 0.307402 0.206884 0.820171 0.549316 0.391954 0.162924 0.25599 0.391757 0.266296 0.0577818 0.231431 0.0905549 0.195516 0.141275 0.188601 0.431147 0.0934809 0.543016 0.274032 0.0947997 0.263641 0.113823 0.312104 0.452214 0.446637 0.242071 0.241956 0.2421 0.31755 0.260463 0.58234
0.635359 0.668185 0.231899 0.694322 0.396564 0.777651 0.685535 0.876963 0.294352 0.535726 0.63049 0.65174 0.784695 0.847486 0.525544 0.749015 0.703502 0.909346 0.505403 0.821647 0.69682 0.638636 0.608026 0.709191 0.608839 0.680495 0.886499 0.370644 0.9096 0.772726 0.887103 0.887219 0.594861 0.369139 0.465318 0.66501 0.821711 0.551197 0.409645 0.694539 0.694891 0.575885 0.58873 0.72238 0.923441 0.468438 0.377085 0.825175 0.583945 0.432145 0.248299 0.11429 0.430592 0.388132 0.0835089 0.287031 0.0970996 0.264821 0.446291 0.382297 0.515622 0.549289 0.495945 0.0563241 0.683157 0.239864 0.211927 0.35783 0.547727 0.305841 0.204767 0.822587 0.549741 0.390995 0.160638 0.254047 0.390461 0.264477 0.0562403 0.229274 0.088625 0.193247 0.139051 0.186488 0.430829 0.0915498 0.543681 0.27198 0.092894 0.261601 0.111751 0.310298 0.451758 0.446112 0.239976 0.239806 0.240038 0.315927 0.25853 0.583347
0.63652 0.669804 0.229714 0.695882 0.395493 0.779542 0.687095 0.878945 0.292507 0.536094 0.631525 0.652967 0.786958 0.849728 0.525725 0.750986 0.705074 0.911263 0.505443 0.823801 0.698663 0.640219 0.6089 0.710893 0.610067 0.682211 0.888535 0.369282 0.911501 0.774909 0.889148 0.88926 0.595675 0.367736 0.464975 0.66667 0.823875 0.551668 0.408859 0.696117 0.696432 0.576811 0.589409 0.724325 0.925148 0.468129 0.375941 0.827512 0.584639 0.431529 0.246229 0.112188 0.430303 0.387081 0.0816872 0.28519 0.0951876 0.262918 0.445772 0.38121 0.515885 0.549662 0.495854 0.0548377 0.684545 0.237819 0.209803 0.356598 0.548215 0.304291 0.20269 0.824941 0.550175 0.390045 0.158426 0.252082 0.389143 0.262695 0.0547634 0.227106 0.0867586 0.191031 0.136882 0.18441 0.430529 0.0896633 0.544371 0.269959 0.0910265 0.259605 0.109748 0.308499 0.451307 0.445584 0.237919 0.237677 0.237952 0.314427 0.256605 0.584381
0.637645 0.671382 0.227573 0.697414 0.394417 0.781418 0.688624 0.880877 0.290717 0.536448 0.632544 0.654185 0.78918 0.851926 0.525901 0.752988 0.706595 0.91311 0.505487 0.825893 0.7005 0.641763 0.609747 0.712614 0.611327 0.683891 0.890531 0.36788 0.913349 0.777058 0.891141 0.891227 0.59652 0.366385 0.46467 0.66828 0.82595 0.552086 0.408082 0.697643 0.697939 0.57768 0.590082 0.726237 0.926809 0.467843 0.374799 0.829812 0.585322 0.430927 0.24417 0.110123 0.430008 0.386083 0.0799137 0.283391 0.093322 0.261032 0.44523 0.38014 0.516159 0.550057 0.495671 0.0534 0.685893 0.235793 0.20773 0.355443 0.548629 0.302735 0.200685 0.82729 0.550588 0.389072 0.156225 0.250189 0.387825 0.260934 0.053327 0.224945 0.084937 0.188844 0.134757 0.182369 0.430175 0.0878349 0.545052 0.26794 0.0892149 0.257607 0.107787 0.306738 0.450854 0.445056 0.235907 0.235572 0.235921 0.312842 0.254661 0.585391
0.638796 0.672973 0.225458 0.698952 0.393346 0.783288 0.690131 0.882755 0.288936 0.536859 0.633536 0.655405 0.79137 0.854092 0.526086 0.754926 0.708072 0.91492 0.505457 0.827953 0.702328 0.643331 0.610626 0.714314 0.612543 0.685607 0.892458 0.366557 0.915148 0.779193 0.893046 0.89313 0.597308 0.364983 0.464367 0.669851 0.828034 0.552497 0.40729 0.699165 0.699398 0.578598 0.590762 0.728137 0.928421 0.467565 0.373673 0.832083 0.58601 0.430373 0.242118 0.108099 0.42969 0.38506 0.0781922 0.281575 0.0915009 0.259213 0.444698 0.37902 0.516422 0.550412 0.495531 0.0520042 0.687228 0.233775 0.205659 0.354255 0.549047 0.301189 0.198707 0.829585 0.551031 0.388149 0.154089 0.248292 0.386476 0.259166 0.0519352 0.22287 0.0831547 0.186644 0.132663 0.180373 0.429861 0.0860527 0.54575 0.265944 0.0874559 0.255668 0.105867 0.305024 0.450372 0.444544 0.23394 0.233522 0.233915 0.31126 0.252757 0.586401
0.63995 0.674506 0.223364 0.700439 0.392325 0.785105 0.691592 0.884599 0.287162 0.537183 0.63453 0.656561 0.793522 0.856209 0.526218 0.756857 0.709548 0.916682 0.505455 0.829985 0.704154 0.644884 0.611528 0.715956 0.613779 0.687296 0.894347 0.36514 0.916898 0.781266 0.894913 0.895026 0.598168 0.363626 0.464142 0.671452 0.830083 0.552924 0.406545 0.700689 0.700848 0.57949 0.591431 0.729987 0.929987 0.467312 0.372496 0.834312 0.586703 0.429843 0.240133 0.106137 0.429408 0.384028 0.076509 0.279769 0.0897511 0.257408 0.444145 0.377997 0.516724 0.550771 0.495386 0.0506552 0.688552 0.231779 0.203624 0.353123 0.549481 0.299628 0.196741 0.831865 0.551491 0.387246 0.152012 0.246429 0.385173 0.257478 0.0505929 0.220806 0.0814208 0.18449 0.130626 0.178385 0.429611 0.084347 0.546437 0.263961 0.0857534 0.253759 0.103997 0.303329 0.449933 0.444092 0.232006 0.231467 0.231964 0.309722 0.250903 0.587371
0.641055 0.676041 0.221333 0.701944 0.391247 0.786884 0.693046 0.886407 0.285439 0.537532 0.635557 0.65774 0.795664 0.858271 0.526396 0.758752 0.711021 0.918386 0.505467 0.831971 0.705964 0.646417 0.61236 0.717589 0.615018 0.688949 0.896198 0.363768 0.918613 0.783319 0.896747 0.896863 0.599006 0.362306 0.463841 0.673034 0.832086 0.553329 0.405833 0.702187 0.702285 0.580382 0.592067 0.731828 0.931496 0.467037 0.371341 0.83651 0.587374 0.429289 0.238148 0.104199 0.429119 0.382979 0.0748829 0.27802 0.0880219 0.255598 0.443652 0.376902 0.51703 0.551103 0.495265 0.0493551 0.689862 0.22983 0.201601 0.351987 0.549949 0.298142 0.194842 0.834099 0.551922 0.386337 0.149982 0.244579 0.383831 0.255777 0.0492912 0.218754 0.079744 0.182393 0.128642 0.17648 0.429388 0.0826762 0.547113 0.261988 0.0840913 0.251876 0.102173 0.30162 0.449518 0.443549 0.230098 0.229486 0.23003 0.308231 0.249067 0.588416
0.642241 0.677589 0.219298 0.703408 0.390213 0.788611 0.694498 0.888176 0.283713 0.537945 0.63652 0.658946 0.797773 0.860293 0.526578 0.760647 0.712442 0.920054 0.505484 0.833928 0.707711 0.647921 0.613223 0.719231 0.616217 0.690625 0.898007 0.362393 0.920276 0.785338 0.898551 0.898655 0.599793 0.360939 0.463538 0.674584 0.834058 0.553741 0.405161 0.703677 0.703707 0.5813 0.592722 0.733623 0.932981 0.466791 0.370195 0.838654 0.588035 0.428787 0.236179 0.102314 0.428864 0.382003 0.0733022 0.276282 0.0863404 0.25385 0.443124 0.375856 0.517361 0.551379 0.49514 0.048088 0.691143 0.227877 0.199649 0.350868 0.550349 0.296694 0.192986 0.836266 0.55237 0.385383 0.147968 0.242765 0.382505 0.254128 0.0480339 0.216729 0.0781078 0.180339 0.126694 0.174601 0.429133 0.0810442 0.547762 0.260045 0.0824724 0.249989 0.100388 0.299867 0.449095 0.442996 0.228221 0.227502 0.228115 0.306716 0.247265 0.589412
0.643269 0.679082 0.217312 0.704888 0.389188 0.790299 0.695907 0.889901 0.28201 0.538326 0.637521 0.660076 0.799833 0.862284 0.5267 0.7625 0.713899 0.921675 0.505545 0.835839 0.709446 0.649468 0.614056 0.720811 0.617424 0.692309 0.899784 0.36101 0.921896 0.787339 0.900312 0.900402 0.600559 0.35958 0.463279 0.676103 0.836002 0.554144 0.40446 0.70516 0.705108 0.582193 0.593328 0.735418 0.934406 0.466542 0.36908 0.840772 0.588655 0.428259 0.234254 0.100458 0.428659 0.38102 0.0717659 0.274579 0.0846998 0.252094 0.442616 0.374833 0.517657 0.551667 0.494983 0.0468632 0.692406 0.225943 0.197728 0.349762 0.5508 0.295247 0.19115 0.838419 0.55283 0.384494 0.145999 0.240955 0.381172 0.25248 0.0468108 0.214729 0.0765289 0.178308 0.124788 0.172788 0.42886 0.0794574 0.548419 0.258098 0.0808853 0.248151 0.0986409 0.298159 0.448616 0.442455 0.226346 0.225536 0.226193 0.305236 0.245447 0.590445
0.644368 0.680595 0.215331 0.706313 0.38815 0.791953 0.697336 0.89158 0.280313 0.538675 0.638466 0.6612 0.80185 0.864226 0.52679 0.764283 0.715296 0.923247 0.505562 0.837746 0.71117 0.651047 0.614864 0.722373 0.618683 0.693976 0.901506 0.359597 0.923491 0.789318 0.90202 0.902098 0.601356 0.358282 0.463015 0.67759 0.837897 0.554536 0.403816 0.70663 0.706475 0.583107 0.593918 0.737144 0.935796 0.466245 0.367929 0.842843 0.589273 0.427683 0.232332 0.0986634 0.428425 0.379986 0.0702699 0.272872 0.0831127 0.250407 0.442084 0.373798 0.51802 0.551998 0.494804 0.0456786 0.693636 0.224056 0.195826 0.3487 0.551187 0.293853 0.189341 0.840552 0.553271 0.383634 0.144082 0.239183 0.379845 0.250855 0.0456256 0.212768 0.0749818 0.176301 0.122904 0.170962 0.42867 0.0779248 0.549055 0.256221 0.0793463 0.246374 0.0969531 0.296472 0.448194 0.441919 0.224498 0.223594 0.224318 0.303731 0.243673 0.591411
0.645442 0.682074 0.213404 0.70771 0.387175 0.793572 0.698734 0.893215 0.278665 0.539075 0.639439 0.662361 0.803807 0.866141 0.526904 0.766045 0.716661 0.924785 0.505583 0.839619 0.712883 0.652575 0.615638 0.723977 0.619895 0.695631 0.903197 0.358277 0.925032 0.791219 0.903692 0.903777 0.60214 0.356916 0.462759 0.679118 0.839779 0.554899 0.403202 0.708053 0.707827 0.583987 0.594519 0.738898 0.937154 0.466039 0.366779 0.844877 0.589945 0.427181 0.230456 0.0969114 0.428181 0.379023 0.0688129 0.271191 0.0815621 0.248691 0.441542 0.372773 0.518326 0.552279 0.494647 0.0445409 0.694846 0.222208 0.193962 0.347652 0.551559 0.292452 0.187588 0.842631 0.553708 0.382767 0.142196 0.237456 0.378541 0.249247 0.0444765 0.210837 0.0734816 0.174309 0.121056 0.169213 0.428485 0.0764178 0.549734 0.25432 0.0778397 0.244563 0.0952955 0.294827 0.447737 0.441383 0.222678 0.221666 0.222482 0.302306 0.241901 0.592366
0.646529 0.683542 0.211489 0.709111 0.386196 0.795157 0.700092 0.894811 0.277021 0.539467 0.640336 0.663516 0.80574 0.868004 0.527059 0.767823 0.718049 0.926278 0.505552 0.841454 0.714605 0.654069 0.616431 0.725557 0.621111 0.697253 0.904859 0.356941 0.926524 0.793155 0.905324 0.905411 0.602935 0.355565 0.462538 0.680641 0.841585 0.55528 0.402619 0.709466 0.709164 0.584883 0.595093 0.740615 0.938463 0.465851 0.365689 0.846869 0.590609 0.426627 0.228581 0.095206 0.427966 0.378071 0.0673916 0.269557 0.080058 0.247032 0.441013 0.371719 0.51862 0.552566 0.494506 0.0434347 0.696047 0.220372 0.192133 0.346623 0.551962 0.291047 0.185849 0.84468 0.554145 0.381926 0.140345 0.235706 0.37722 0.24769 0.0433717 0.208929 0.0720122 0.172359 0.119253 0.167475 0.428202 0.0749584 0.550368 0.252452 0.0763946 0.24282 0.0936851 0.293159 0.447287 0.44084 0.220886 0.219754 0.220636 0.300857 0.240195 0.593323
0.647535 0.684993 0.209638 0.710471 0.385205 0.79675 0.701423 0.896371 0.275391 0.53988 0.641225 0.664634 0.807658 0.869836 0.527181 0.769547 0.719373 0.92773 0.50558 0.843234 0.716281 0.655622 0.617264 0.727111 0.622326 0.698841 0.906478 0.355558 0.927976 0.795036 0.906916 0.906995 0.60371 0.354247 0.462314 0.682115 0.843361 0.555632 0.402034 0.710866 0.71049 0.585761 0.595655 0.74231 0.939741 0.465615 0.364589 0.848842 0.591286 0.426085 0.226734 0.0935297 0.427746 0.377075 0.0660078 0.267943 0.0785901 0.245375 0.440422 0.370701 0.518927 0.552801 0.494335 0.0423586 0.697192 0.21859 0.19034 0.345597 0.55236 0.289677 0.184158 0.846697 0.554622 0.381041 0.138564 0.234006 0.375912 0.246151 0.042299 0.207029 0.0705765 0.170453 0.117486 0.165766 0.427978 0.0735367 0.551035 0.250628 0.0749749 0.241136 0.0921072 0.291497 0.446883 0.440249 0.219151 0.217891 0.218802 0.299449 0.238469 0.594267
0.648565 0.686432 0.207784 0.71182 0.384237 0.798299 0.702766 0.897899 0.273822 0.540293 0.642137 0.665754 0.809515 0.871649 0.527267 0.77123 0.720672 0.929146 0.505568 0.844981 0.717935 0.657189 0.618063 0.72863 0.623541 0.700472 0.908041 0.354194 0.9294 0.796862 0.908461 0.908526 0.604441 0.352911 0.462067 0.683573 0.845132 0.556037 0.401427 0.71221 0.711776 0.58665 0.596241 0.743965 0.940982 0.46538 0.363528 0.850754 0.591953 0.425617 0.224894 0.0918921 0.427503 0.376132 0.0646737 0.266334 0.0771731 0.243732 0.439871 0.369707 0.519229 0.553056 0.494197 0.0413281 0.698359 0.216797 0.188572 0.344605 0.552756 0.288358 0.182493 0.848699 0.555052 0.380208 0.136798 0.232323 0.374614 0.244654 0.0412617 0.205147 0.0691758 0.168579 0.115749 0.164093 0.427805 0.0721468 0.551718 0.248803 0.0735921 0.239459 0.0905623 0.289819 0.446523 0.439694 0.217408 0.216016 0.217027 0.29805 0.236795 0.595272
0.649592 0.687846 0.205984 0.713167 0.383288 0.799804 0.704099 0.899399 0.272226 0.540655 0.643062 0.666826 0.811363 0.873424 0.527315 0.772937 0.721979 0.930541 0.505545 0.846712 0.719562 0.65872 0.618894 0.730126 0.624731 0.702086 0.909582 0.352786 0.930787 0.798669 0.909963 0.910028 0.605207 0.351613 0.461861 0.684976 0.846865 0.55642 0.400891 0.713547 0.713049 0.587503 0.596809 0.745596 0.942196 0.465152 0.362424 0.852675 0.59257 0.425104 0.223115 0.0902955 0.427331 0.375167 0.06337 0.26477 0.0757836 0.242118 0.439316 0.368702 0.519526 0.553302 0.494015 0.040328 0.699475 0.215028 0.186831 0.343631 0.553157 0.286997 0.180885 0.850648 0.555474 0.379412 0.135077 0.230645 0.373334 0.243181 0.0402593 0.203293 0.0678165 0.166706 0.114061 0.162466 0.427699 0.0708035 0.552351 0.246992 0.0722461 0.237781 0.0890721 0.288194 0.44608 0.439127 0.215729 0.214223 0.215263 0.296667 0.235171 0.596215
0.650589 0.68924 0.204189 0.714518 0.382351 0.801311 0.705418 0.900836 0.270679 0.541027 0.643909 0.667938 0.813206 0.87514 0.52738 0.774591 0.723228 0.931893 0.505616 0.848427 0.721228 0.660242 0.619676 0.731614 0.625938 0.70364 0.911093 0.351431 0.932131 0.800442 0.911433 0.911497 0.605902 0.350302 0.461682 0.686419 0.848581 0.556758 0.400353 0.714855 0.714271 0.588366 0.597358 0.747213 0.943371 0.464935 0.361334 0.85453 0.593202 0.424604 0.221349 0.0887363 0.427161 0.374205 0.0621076 0.263228 0.0744253 0.240564 0.438724 0.367734 0.519847 0.553551 0.493845 0.0393563 0.700619 0.213262 0.185139 0.342733 0.553531 0.285674 0.179311 0.852581 0.555924 0.37855 0.133372 0.229004 0.372005 0.241726 0.039296 0.20146 0.0665062 0.164899 0.11239 0.160868 0.427483 0.0694918 0.552968 0.245201 0.0709422 0.236109 0.0875991 0.286568 0.445657 0.438543 0.214025 0.212445 0.213499 0.295259 0.233532 0.597193
0.651595 0.69071 0.202441 0.715816 0.381384 0.8028 0.706735 0.902253 0.269152 0.541441 0.644764 0.669032 0.814985 0.87682 0.527442 0.776237 0.724483 0.933214 0.505606 0.850091 0.722838 0.661765 0.620458 0.733111 0.62716 0.70524 0.912566 0.350051 0.933432 0.802189 0.912867 0.912928 0.606616 0.34899 0.461487 0.687806 0.850243 0.557104 0.399791 0.716148 0.715512 0.589237 0.597874 0.748809 0.944515 0.464722 0.360285 0.856359 0.593809 0.424117 0.219625 0.0872087 0.427021 0.373282 0.0608791 0.261678 0.0731027 0.239 0.438142 0.366735 0.520177 0.553781 0.493643 0.0384169 0.701747 0.211551 0.183439 0.341761 0.553904 0.284355 0.17778 0.854464 0.556367 0.377768 0.131702 0.227397 0.370673 0.240272 0.0383527 0.199657 0.0652335 0.16311 0.11077 0.1593 0.427283 0.0682216 0.553582 0.243419 0.0696663 0.234487 0.0861644 0.284935 0.445218 0.437969 0.212386 0.210642 0.21177 0.293879 0.231926 0.598122
0.65258 0.692119 0.200707 0.717113 0.380419 0.804245 0.708018 0.903653 0.267649 0.54185 0.645612 0.670111 0.816751 0.878471 0.527464 0.777839 0.725678 0.934489 0.50561 0.851729 0.724469 0.663288 0.621213 0.734614 0.628374 0.706791 0.914003 0.348684 0.934705 0.803872 0.914259 0.914313 0.607323 0.347717 0.461285 0.689188 0.851859 0.557419 0.399238 0.717443 0.716727 0.590115 0.598334 0.750363 0.945629 0.464539 0.35921 0.858157 0.594403 0.423626 0.217882 0.0857141 0.426893 0.372321 0.0596721 0.260144 0.0718167 0.237439 0.437534 0.365765 0.520466 0.554012 0.493516 0.0375075 0.702851 0.209858 0.18177 0.340816 0.554246 0.283062 0.176261 0.856343 0.556811 0.376926 0.130085 0.225801 0.369373 0.238859 0.0374405 0.197856 0.0639868 0.161364 0.109161 0.157755 0.427125 0.066975 0.554166 0.241643 0.068427 0.232886 0.0847774 0.283281 0.444805 0.437338 0.210741 0.208866 0.210058 0.292524 0.230338 0.599053
0.653532 0.693528 0.198999 0.718396 0.379516 0.80568 0.709303 0.904998 0.266139 0.542245 0.64645 0.671185 0.818471 0.880093 0.527529 0.779413 0.726905 0.935739 0.505652 0.853358 0.726104 0.664807 0.621988 0.736071 0.629559 0.708345 0.915402 0.347352 0.935941 0.805571 0.915621 0.91567 0.608022 0.346426 0.461107 0.690593 0.853472 0.557812 0.398723 0.718725 0.717915 0.59091 0.59884 0.75189 0.946713 0.464331 0.358171 0.859911 0.595034 0.42315 0.216232 0.0842478 0.426764 0.371412 0.058511 0.258632 0.0705674 0.235931 0.436935 0.364785 0.520786 0.554185 0.4933 0.0366197 0.703937 0.208181 0.180145 0.339867 0.554567 0.281798 0.174775 0.858181 0.557258 0.376123 0.128481 0.224236 0.368075 0.237457 0.0365505 0.196095 0.0627774 0.159661 0.107613 0.156227 0.427036 0.0657638 0.554799 0.239927 0.0672276 0.231305 0.0834245 0.281703 0.44442 0.436741 0.209087 0.207136 0.208373 0.291186 0.228786 0.599991
0.65447 0.694889 0.197309 0.719638 0.378594 0.807085 0.710559 0.906325 0.264644 0.542683 0.647231 0.672222 0.820168 0.881665 0.52757 0.780945 0.72812 0.936952 0.505661 0.854965 0.727692 0.666292 0.622779 0.737512 0.630742 0.709887 0.916776 0.346016 0.937149 0.807228 0.916949 0.916997 0.60874 0.345153 0.460962 0.691947 0.855061 0.558105 0.398194 0.719993 0.719075 0.591731 0.599322 0.753397 0.947759 0.464145 0.357161 0.861646 0.595638 0.422653 0.21456 0.0828301 0.426655 0.370485 0.05738 0.257133 0.069334 0.234443 0.43635 0.363838 0.521099 0.554362 0.493156 0.0357648 0.704989 0.206528 0.178557 0.338947 0.55491 0.280567 0.173329 0.859972 0.557716 0.37533 0.126915 0.222716 0.366719 0.236075 0.0356927 0.194359 0.0615931 0.157958 0.106078 0.15473 0.426907 0.06458 0.555368 0.238204 0.0660557 0.229731 0.0821026 0.280052 0.444011 0.436158 0.207487 0.205395 0.20671 0.28986 0.227253 0.600872
0.655417 0.696241 0.195659 0.720914 0.377685 0.808413 0.711772 0.907633 0.26322 0.543104 0.648041 0.673233 0.821807 0.883229 0.527614 0.782467 0.729303 0.938126 0.505634 0.856529 0.729257 0.667834 0.623532 0.738906 0.631941 0.711395 0.918121 0.344652 0.938324 0.808857 0.918241 0.918303 0.609429 0.343874 0.460856 0.693282 0.856605 0.558463 0.397671 0.721236 0.720269 0.592586 0.599796 0.754891 0.948784 0.463933 0.356126 0.863355 0.596232 0.422178 0.212908 0.081429 0.426538 0.369509 0.0562631 0.255619 0.0681453 0.232955 0.435764 0.362899 0.521373 0.554525 0.492934 0.034932 0.706023 0.2049 0.17699 0.338065 0.555226 0.279319 0.171913 0.861759 0.558163 0.374528 0.125386 0.221176 0.365393 0.234728 0.0348582 0.192655 0.0604415 0.156301 0.104587 0.153283 0.42679 0.0634267 0.555974 0.236478 0.0648964 0.228167 0.0808032 0.278426 0.443588 0.435551 0.205922 0.203696 0.205067 0.288523 0.225722 0.601774
0.65638 0.697645 0.194039 0.72215 0.376773 0.809748 0.712973 0.908889 0.261787 0.543489 0.648848 0.674216 0.823436 0.884775 0.527624 0.783961 0.730418 0.93927 0.505706 0.858069 0.730848 0.669348 0.624285 0.740271 0.633144 0.712935 0.919435 0.343319 0.939479 0.810473 0.919491 0.919563 0.610138 0.342615 0.460717 0.694609 0.858126 0.558797 0.397168 0.722449 0.721401 0.593438 0.600241 0.756377 0.949785 0.463736 0.355075 0.865038 0.596849 0.421715 0.211262 0.080063 0.426456 0.368602 0.0551865 0.25415 0.0669961 0.231457 0.435184 0.361943 0.521735 0.554699 0.492714 0.034129 0.707062 0.203295 0.175441 0.33722 0.555571 0.278079 0.17051 0.863511 0.5586 0.373764 0.123894 0.219707 0.364074 0.233388 0.0340531 0.190958 0.0593264 0.154633 0.103125 0.151852 0.426687 0.062317 0.55656 0.234774 0.0637828 0.226644 0.0795483 0.276833 0.443193 0.43494 0.204396 0.202003 0.203468 0.287224 0.2242 0.602672
0.657276 0.699015 0.19245 0.723329 0.375885 0.81107 0.714172 0.910128 0.260381 0.543907 0.649629 0.675252 0.82501 0.886278 0.527625 0.785406 0.731547 0.940397 0.505699 0.859592 0.732402 0.670843 0.625031 0.74164 0.634332 0.71443 0.920717 0.341961 0.9406 0.812052 0.920715 0.920791 0.610805 0.341341 0.460593 0.695899 0.859634 0.559065 0.396649 0.723685 0.722508 0.594237 0.600683 0.757827 0.950762 0.46354 0.354046 0.86667 0.597488 0.421283 0.209668 0.0787214 0.426362 0.367696 0.0541266 0.252725 0.06585 0.230015 0.434568 0.361 0.522087 0.554821 0.492542 0.0333411 0.708074 0.201719 0.173928 0.336381 0.555922 0.276881 0.169158 0.86523 0.559036 0.373032 0.122439 0.218241 0.362775 0.23208 0.0332742 0.189278 0.0582395 0.153017 0.101687 0.15044 0.426609 0.0612317 0.557171 0.233066 0.0626911 0.225164 0.0783154 0.275227 0.442797 0.434299 0.202903 0.200319 0.201858 0.285891 0.222729 0.60356
0.658183 0.700365 0.190893 0.724549 0.374992 0.812371 0.715343 0.911353 0.25895 0.544285 0.65046 0.676274 0.826591 0.887756 0.527585 0.786865 0.732675 0.941503 0.505691 0.861081 0.733914 0.672349 0.625759 0.743001 0.635546 0.715941 0.921978 0.34067 0.941685 0.813611 0.921933 0.921999 0.611487 0.340086 0.460584 0.69721 0.861131 0.559369 0.396192 0.724884 0.723596 0.59504 0.601122 0.759253 0.951707 0.463375 0.353072 0.868268 0.59812 0.42082 0.208088 0.0774133 0.426277 0.36677 0.0531018 0.251261 0.0647532 0.228579 0.433922 0.360074 0.522393 0.554905 0.492336 0.0325801 0.709035 0.200125 0.172413 0.335537 0.556302 0.27568 0.167828 0.866916 0.559425 0.372261 0.121033 0.216778 0.361446 0.230811 0.0325203 0.187622 0.0571933 0.151423 0.100271 0.149068 0.426547 0.0601797 0.557731 0.231401 0.0616309 0.223676 0.0771018 0.273655 0.442398 0.433652 0.201425 0.198678 0.200301 0.28459 0.221253 0.604468
0.659059 0.701656 0.189367 0.725752 0.374069 0.813606 0.716501 0.912534 0.257569 0.54472 0.651205 0.677284 0.828149 0.889216 0.527559 0.788295 0.733774 0.942572 0.505727 0.862536 0.735423 0.673871 0.626495 0.744345 0.636786 0.717423 0.923201 0.339351 0.942745 0.815149 0.923108 0.923172 0.612174 0.338861 0.460454 0.698496 0.862599 0.559661 0.395767 0.726093 0.724695 0.595848 0.601602 0.760672 0.952625 0.463238 0.352091 0.869833 0.598717 0.420367 0.206532 0.0761463 0.426163 0.365873 0.0521036 0.249847 0.0636935 0.227189 0.433291 0.359171 0.52274 0.55505 0.492174 0.0318461 0.709976 0.198603 0.170948 0.334712 0.556659 0.274517 0.166524 0.868606 0.559845 0.371511 0.119621 0.215335 0.360097 0.229555 0.031789 0.185987 0.0561621 0.149835 0.0989033 0.147724 0.426425 0.0591476 0.558267 0.229715 0.060602 0.222201 0.0759178 0.272097 0.442014 0.433024 0.199951 0.197048 0.198755 0.283306 0.219794 0.605348
0.65996 0.702955 0.187879 0.726921 0.373177 0.814874 0.717653 0.913695 0.256239 0.545188 0.651977 0.678291 0.829684 0.890635 0.527529 0.789696 0.734897 0.943613 0.505775 0.863971 0.736953 0.675377 0.627246 0.745701 0.637964 0.718887 0.924391 0.338038 0.943781 0.816663 0.924258 0.924317 0.612787 0.337651 0.460355 0.699773 0.86404 0.559914 0.395356 0.727266 0.725771 0.596663 0.602021 0.762062 0.953528 0.463119 0.351084 0.871377 0.599345 0.419902 0.204966 0.0749001 0.42613 0.364958 0.0511322 0.248477 0.0626541 0.225819 0.432618 0.358297 0.523063 0.555244 0.491945 0.031136 0.71092 0.197081 0.169511 0.3339 0.557001 0.273363 0.165246 0.870265 0.560262 0.370791 0.118253 0.213899 0.358731 0.228297 0.0310796 0.184384 0.0551582 0.148291 0.0975455 0.146423 0.42639 0.0581393 0.558846 0.228093 0.0595924 0.220734 0.0747727 0.270518 0.441635 0.432377 0.198487 0.195431 0.197212 0.282067 0.218373 0.606208
0.66081 0.704293 0.186435 0.728081 0.372319 0.816084 0.718773 0.914811 0.254875 0.545621 0.652716 0.679251 0.83118 0.892021 0.527568 0.791094 0.735942 0.944622 0.505834 0.865369 0.738475 0.676862 0.627951 0.747055 0.63919 0.720375 0.925561 0.336682 0.944793 0.818157 0.925372 0.925445 0.613425 0.336414 0.460295 0.701026 0.865437 0.560203 0.394949 0.72842 0.726828 0.597513 0.602438 0.763453 0.954402 0.462998 0.350055 0.872899 0.600004 0.419434 0.203422 0.0736775 0.426103 0.364067 0.0501811 0.247134 0.0616362 0.224415 0.431991 0.357395 0.523453 0.555314 0.491757 0.0304425 0.711871 0.195551 0.168075 0.333093 0.557287 0.272212 0.163977 0.871875 0.560752 0.370065 0.116912 0.2125 0.357433 0.227059 0.0303871 0.182783 0.0541695 0.14675 0.0962246 0.145156 0.42635 0.0571643 0.55944 0.226468 0.058606 0.219324 0.0736399 0.269039 0.441254 0.431707 0.197038 0.193838 0.195696 0.28087 0.21698 0.607067
0.661677 0.705552 0.184979 0.729256 0.37148 0.817268 0.719889 0.915928 0.253529 0.546034 0.653437 0.680228 0.832676 0.893386 0.527561 0.792474 0.737003 0.94561 0.505888 0.866765 0.740008 0.678395 0.628622 0.748374 0.640413 0.721822 0.926713 0.335366 0.945772 0.819586 0.926457 0.926544 0.614048 0.33518 0.460231 0.702324 0.866834 0.560513 0.394567 0.729553 0.727875 0.598371 0.602878 0.764836 0.955251 0.462846 0.349096 0.874404 0.600585 0.418951 0.2019 0.072481 0.426032 0.363192 0.0492691 0.245794 0.0606532 0.22308 0.431347 0.356461 0.523825 0.555445 0.491554 0.0297743 0.712822 0.194062 0.166671 0.332234 0.557643 0.271085 0.162753 0.873466 0.561157 0.369357 0.115596 0.211099 0.356081 0.225851 0.0297153 0.181196 0.0532135 0.145266 0.0949315 0.143897 0.426332 0.0562207 0.560024 0.224852 0.0576415 0.217923 0.0725352 0.267515 0.440905 0.431052 0.195611 0.192279 0.194166 0.27962 0.215625 0.607946
0.662514 0.706806 0.183574 0.730391 0.37062 0.818444 0.720977 0.917028 0.252216 0.546452 0.654181 0.681191 0.8341 0.894717 0.527509 0.793803 0.738016 0.946573 0.505908 0.868115 0.741501 0.679907 0.629308 0.749663 0.641656 0.723286 0.927828 0.334021 0.94673 0.821036 0.927527 0.927605 0.614641 0.333946 0.460144 0.703556 0.868182 0.560754 0.394238 0.73068 0.728869 0.599229 0.603288 0.76616 0.956075 0.462678 0.34809 0.875875 0.601172 0.41853 0.200429 0.0713134 0.425962 0.362268 0.0483745 0.24447 0.0596743 0.221767 0.430715 0.355548 0.524188 0.555505 0.491367 0.0291195 0.71373 0.192572 0.165292 0.331479 0.55797 0.269962 0.161554 0.875054 0.56161 0.368647 0.114311 0.209723 0.354722 0.224667 0.0290649 0.179642 0.0522978 0.143802 0.0936642 0.14267 0.426302 0.0552979 0.560572 0.223214 0.0567038 0.21655 0.0714586 0.265965 0.440523 0.430381 0.194201 0.19071 0.192661 0.27838 0.214296 0.608813
0.663343 0.708122 0.182183 0.731524 0.369763 0.819608 0.722072 0.918093 0.250914 0.546899 0.654884 0.682127 0.835522 0.896028 0.527474 0.79513 0.739026 0.947515 0.505952 0.869446 0.743007 0.681431 0.630001 0.750918 0.642853 0.724698 0.928933 0.332715 0.947666 0.822436 0.928568 0.928648 0.61525 0.332727 0.460097 0.704777 0.869511 0.561018 0.393861 0.731812 0.729827 0.600053 0.603609 0.767474 0.956878 0.462564 0.347116 0.87732 0.601753 0.418046 0.198964 0.0701785 0.425915 0.361393 0.0475022 0.243179 0.0587307 0.220465 0.430072 0.354694 0.524506 0.555557 0.491153 0.0284847 0.714621 0.191109 0.163928 0.330695 0.558287 0.268892 0.160394 0.876604 0.562083 0.367979 0.113056 0.208373 0.353371 0.223509 0.0284284 0.178107 0.051388 0.142372 0.0923968 0.141455 0.426297 0.0543872 0.561172 0.221608 0.0557942 0.21523 0.0704003 0.264441 0.440174 0.429691 0.192873 0.189141 0.191233 0.277184 0.212972 0.609725
0.664192 0.709367 0.18076 0.732653 0.368911 0.820702 0.72314 0.919119 0.249602 0.547327 0.655532 0.683077 0.836912 0.897329 0.527419 0.796428 0.740027 0.948432 0.505979 0.870767 0.744482 0.682932 0.630695 0.752189 0.644072 0.726125 0.929984 0.33142 0.948581 0.823812 0.929588 0.929661 0.615893 0.331541 0.460054 0.705989 0.870843 0.561251 0.393531 0.732914 0.730803 0.60087 0.603983 0.768761 0.957663 0.462405 0.346153 0.878755 0.602352 0.417579 0.197494 0.0690562 0.425892 0.360491 0.0466625 0.241847 0.0578104 0.219159 0.429389 0.353782 0.524868 0.555628 0.490951 0.0278746 0.715527 0.189705 0.162598 0.329954 0.558518 0.267833 0.159285 0.878105 0.562561 0.367297 0.111829 0.207044 0.352037 0.222332 0.0278168 0.176581 0.0504997 0.140955 0.09117 0.140275 0.426284 0.053509 0.561758 0.220031 0.0549021 0.213901 0.0693791 0.262937 0.439812 0.428981 0.191519 0.187624 0.189795 0.275948 0.211657 0.610594
0.665006 0.710616 0.179397 0.733769 0.368126 0.821803 0.724262 0.920127 0.248324 0.54774 0.656213 0.683995 0.838298 0.898599 0.527398 0.797725 0.741016 0.949324 0.506005 0.872068 0.745948 0.684432 0.631432 0.75343 0.645306 0.727557 0.931031 0.330078 0.949469 0.825185 0.930582 0.930661 0.616475 0.330322 0.46001 0.707198 0.872146 0.561494 0.393211 0.734022 0.73177 0.60165 0.604323 0.770037 0.95842 0.462266 0.345181 0.880153 0.602986 0.41711 0.196049 0.0679667 0.425907 0.359587 0.0458415 0.240544 0.0569172 0.217866 0.428701 0.352902 0.525203 0.555666 0.490773 0.0272764 0.716369 0.188286 0.161299 0.329217 0.558836 0.266751 0.158167 0.879608 0.563014 0.366626 0.110637 0.20575 0.350692 0.221188 0.0272299 0.175081 0.049641 0.139555 0.0899569 0.13911 0.426282 0.0526579 0.562286 0.218461 0.0540345 0.212605 0.068367 0.261424 0.439409 0.428325 0.19019 0.186128 0.188341 0.274747 0.210329 0.611441
0.665799 0.711864 0.178079 0.734844 0.367321 0.822886 0.725316 0.921114 0.247071 0.548169 0.656858 0.684878 0.839654 0.89984 0.527315 0.799017 0.741947 0.950193 0.506067 0.873367 0.747386 0.685925 0.632114 0.75467 0.646521 0.728993 0.932064 0.328745 0.95034 0.826532 0.931552 0.931626 0.617128 0.32915 0.460013 0.708353 0.87345 0.561721 0.392909 0.735111 0.732705 0.602434 0.604652 0.771272 0.959166 0.462171 0.344246 0.881544 0.603562 0.416665 0.194617 0.0669047 0.425894 0.358685 0.0450423 0.239261 0.0560521 0.216598 0.427999 0.352023 0.525577 0.555714 0.49056 0.0266964 0.717244 0.186886 0.159997 0.328499 0.559137 0.265689 0.157073 0.881086 0.563497 0.365963 0.109454 0.204461 0.349357 0.220085 0.0266517 0.173568 0.0487989 0.138186 0.0887658 0.137957 0.426271 0.0518218 0.562803 0.216896 0.0531871 0.211346 0.0673908 0.259908 0.439007 0.427618 0.188879 0.184643 0.186928 0.273582 0.209022 0.612238
0.666566 0.713123 0.176762 0.735916 0.366516 0.823952 0.726353 0.922072 0.245844 0.548589 0.657529 0.685812 0.840998 0.901055 0.527275 0.800273 0.74289 0.951052 0.506096 0.874631 0.74884 0.687428 0.632809 0.755903 0.64771 0.730392 0.933075 0.327401 0.951187 0.827829 0.932503 0.932561 0.617698 0.327946 0.460056 0.709489 0.874698 0.561943 0.392606 0.736201 0.733643 0.603218 0.604962 0.772532 0.959886 0.462043 0.343299 0.882909 0.604202 0.416192 0.19323 0.0658626 0.425925 0.357867 0.0442608 0.237997 0.055211 0.215354 0.42728 0.351198 0.525918 0.555684 0.490364 0.0261348 0.718035 0.185504 0.15874 0.327782 0.559462 0.264643 0.155996 0.882553 0.563904 0.365316 0.10828 0.203168 0.348045 0.218995 0.0260883 0.172106 0.0479771 0.136829 0.0876137 0.13683 0.426282 0.0510036 0.563318 0.215345 0.0523676 0.210086 0.0664248 0.258417 0.438636 0.426853 0.187609 0.183165 0.185533 0.272413 0.207745 0.613056
0.667355 0.714383 0.175471 0.736968 0.365776 0.824985 0.72737 0.923023 0.24464 0.549012 0.658222 0.686737 0.842295 0.902236 0.527196 0.801527 0.743831 0.951887 0.506088 0.875876 0.75028 0.688897 0.633487 0.757135 0.648943 0.731797 0.934059 0.326117 0.952006 0.829107 0.933436 0.933484 0.61833 0.326756 0.460051 0.710645 0.87594 0.562133 0.392324 0.737296 0.734531 0.603993 0.605251 0.77379 0.960593 0.461951 0.342355 0.884239 0.604789 0.415712 0.19183 0.0648356 0.425929 0.357006 0.0434964 0.236733 0.0543823 0.214127 0.426589 0.350328 0.526213 0.555674 0.490201 0.0255886 0.718863 0.184106 0.157495 0.327094 0.559752 0.263608 0.154954 0.883991 0.56436 0.364641 0.107146 0.201898 0.346689 0.217941 0.0255433 0.170658 0.0471862 0.135507 0.086479 0.135736 0.426303 0.0502094 0.563849 0.213882 0.0515626 0.20885 0.0654854 0.256952 0.438257 0.426109 0.186349 0.181715 0.184148 0.271274 0.206507 0.613933
0.668176 0.715621 0.174209 0.737993 0.364956 0.826001 0.728413 0.923953 0.243442 0.549508 0.658875 0.68766 0.843585 0.903395 0.527072 0.802712 0.74477 0.9527 0.506143 0.877098 0.75173 0.69041 0.63414 0.758354 0.65021 0.733177 0.935022 0.324794 0.952807 0.830405 0.934342 0.934401 0.618929 0.325592 0.460097 0.711762 0.877166 0.562318 0.39209 0.738337 0.735449 0.60478 0.605503 0.775031 0.961284 0.461868 0.341403 0.88553 0.605356 0.415281 0.190451 0.0638434 0.425923 0.356118 0.0427541 0.235522 0.0535783 0.212947 0.425853 0.34948 0.526589 0.555651 0.489987 0.0250566 0.719659 0.18277 0.156298 0.326431 0.560035 0.262576 0.153929 0.885407 0.564845 0.363949 0.10604 0.200633 0.345369 0.21687 0.0250138 0.169216 0.0464078 0.134192 0.0853677 0.134677 0.426329 0.0494335 0.564357 0.212409 0.0507792 0.207629 0.064574 0.255504 0.437913 0.425384 0.185111 0.180267 0.182784 0.270125 0.205257 0.614817
0.668929 0.716816 0.172944 0.739027 0.364129 0.826979 0.729453 0.924862 0.24227 0.549982 0.659518 0.688527 0.844843 0.904535 0.526992 0.80393 0.745678 0.95349 0.506212 0.878277 0.753132 0.691919 0.634838 0.759542 0.651403 0.734564 0.935963 0.323484 0.953597 0.831658 0.935221 0.935289 0.619493 0.324413 0.46013 0.712914 0.878389 0.562504 0.391864 0.739362 0.736284 0.605599 0.605773 0.77624 0.961956 0.46179 0.340445 0.886819 0.605956 0.414819 0.189067 0.0628595 0.425964 0.355313 0.042028 0.234287 0.0527917 0.211748 0.425077 0.348607 0.526999 0.555634 0.489809 0.0245438 0.720448 0.181408 0.155113 0.325752 0.560335 0.261579 0.152936 0.88679 0.565309 0.363282 0.10495 0.199388 0.344054 0.215845 0.0244984 0.1678 0.0456586 0.132909 0.0842735 0.133615 0.42636 0.0486802 0.564851 0.210907 0.0500291 0.206438 0.0636771 0.254023 0.437523 0.424626 0.183884 0.178836 0.181408 0.26898 0.204012 0.615606
0.669694 0.718019 0.171713 0.740036 0.363389 0.827956 0.730428 0.92575 0.241106 0.550424 0.660157 0.689401 0.846062 0.905665 0.526843 0.805085 0.746585 0.954257 0.506283 0.879456 0.75452 0.693461 0.635521 0.760698 0.652653 0.735963 0.936874 0.322195 0.954372 0.832898 0.93608 0.936143 0.620103 0.323247 0.460166 0.714015 0.879581 0.56268 0.391624 0.740396 0.737121 0.60637 0.606085 0.777394 0.962609 0.461694 0.339479 0.888084 0.606568 0.414367 0.18775 0.0618929 0.425988 0.354428 0.0413229 0.233052 0.0520156 0.210566 0.424323 0.347767 0.527413 0.555578 0.489615 0.0240444 0.721217 0.180054 0.15392 0.325098 0.560587 0.260601 0.15195 0.888152 0.565739 0.362616 0.103868 0.198196 0.342711 0.214822 0.0239965 0.16638 0.0449254 0.131645 0.0832015 0.132587 0.426446 0.0479474 0.565331 0.209458 0.0492864 0.205271 0.0627928 0.252591 0.437155 0.423839 0.18267 0.177443 0.180102 0.267826 0.202807 0.616414
0.670378 0.719216 0.170528 0.741032 0.362648 0.828888 0.731393 0.92661 0.239977 0.550892 0.660795 0.690282 0.847287 0.906759 0.5267 0.80624 0.74743 0.95501 0.506354 0.880616 0.755919 0.694971 0.636236 0.761869 0.653899 0.737338 0.937771 0.320868 0.955123 0.834108 0.936911 0.936988 0.620677 0.322135 0.460237 0.715091 0.880745 0.562853 0.391403 0.74141 0.737948 0.607157 0.606381 0.778571 0.963252 0.461571 0.338522 0.889321 0.607212 0.413901 0.186419 0.0609531 0.426055 0.353492 0.0406362 0.231893 0.0512716 0.209401 0.423612 0.346886 0.527786 0.555498 0.489403 0.0235593 0.721971 0.17876 0.152751 0.324455 0.560817 0.259654 0.150999 0.889481 0.566208 0.361989 0.102841 0.196986 0.341351 0.213786 0.0235137 0.164981 0.0442064 0.130399 0.0821609 0.1316 0.42648 0.0472285 0.565811 0.208 0.0485669 0.204121 0.0619313 0.251143 0.436803 0.423072 0.181488 0.176045 0.178815 0.266702 0.2016 0.617193
0.671118 0.720377 0.169324 0.742038 0.361931 0.829814 0.73237 0.927448 0.238835 0.551333 0.661362 0.691125 0.848478 0.907838 0.526526 0.807385 0.748295 0.955745 0.506446 0.881767 0.757301 0.696461 0.636913 0.763052 0.655159 0.738718 0.93866 0.319499 0.955854 0.835319 0.937739 0.937799 0.621245 0.320994 0.460275 0.716194 0.881886 0.562997 0.391217 0.742401 0.738775 0.607914 0.606646 0.77974 0.963872 0.461493 0.337607 0.890535 0.607762 0.413497 0.185118 0.0600295 0.426115 0.352671 0.0399661 0.230698 0.0505423 0.208225 0.422812 0.346055 0.528137 0.555451 0.489167 0.0230878 0.722747 0.17746 0.151609 0.323785 0.561082 0.25868 0.150076 0.890803 0.566633 0.361392 0.10182 0.195785 0.339991 0.212771 0.0230428 0.163591 0.0435025 0.129162 0.0811282 0.130616 0.42655 0.0465238 0.566331 0.206534 0.047852 0.202966 0.061088 0.249699 0.436482 0.422291 0.180319 0.174657 0.177513 0.265591 0.200457 0.618024
0.671847 0.721522 0.168173 0.742997 0.361166 0.830703 0.733326 0.92827 0.2377 0.551801 0.661969 0.691954 0.849627 0.908906 0.52635 0.808502 0.749143 0.956463 0.506496 0.882879 0.758678 0.697975 0.63755 0.764211 0.656406 0.74009 0.939523 0.318175 0.956563 0.836472 0.938546 0.938603 0.621759 0.31985 0.460409 0.717268 0.88301 0.56316 0.391024 0.743352 0.739578 0.608725 0.606867 0.78085 0.964479 0.461428 0.336707 0.891735 0.608387 0.413078 0.183832 0.0591264 0.426224 0.351812 0.0393154 0.229561 0.049829 0.20708 0.421983 0.345232 0.52852 0.555388 0.488909 0.0226282 0.723464 0.176171 0.150514 0.323174 0.561326 0.257735 0.149173 0.89211 0.567102 0.360749 0.100795 0.194593 0.338677 0.211788 0.0225812 0.162209 0.0428223 0.127956 0.0801113 0.129648 0.426639 0.0458386 0.566825 0.205091 0.0471662 0.201857 0.060269 0.248238 0.436172 0.421537 0.179143 0.173276 0.176242 0.264451 0.199287 0.618844
0.672582 0.722704 0.167044 0.743926 0.360424 0.831599 0.734222 0.929087 0.236584 0.552292 0.662585 0.692813 0.850769 0.909953 0.526182 0.809616 0.749972 0.957159 0.506536 0.883986 0.760063 0.699475 0.638238 0.765362 0.657632 0.74146 0.940366 0.316852 0.957266 0.837641 0.939342 0.939382 0.622298 0.318705 0.460494 0.718307 0.884127 0.563316 0.39088 0.744333 0.74039 0.609504 0.607087 0.781989 0.965069 0.461415 0.335816 0.892902 0.608995 0.412656 0.182553 0.0582432 0.426295 0.351 0.0386738 0.228437 0.0491425 0.205962 0.421202 0.344369 0.528934 0.555269 0.488719 0.0221788 0.724175 0.17491 0.149399 0.322602 0.561582 0.256793 0.148295 0.893399 0.567605 0.360186 0.0998145 0.193433 0.337299 0.210807 0.0221382 0.160858 0.042153 0.12678 0.079107 0.128712 0.426709 0.0451687 0.567241 0.203665 0.0464979 0.20073 0.0594679 0.246762 0.435851 0.420783 0.177996 0.171918 0.174993 0.263349 0.198141 0.619637
0.673229 0.723863 0.165926 0.744881 0.359743 0.83247 0.735167 0.92988 0.235468 0.552818 0.663153 0.693621 0.8519 0.910977 0.526037 0.810703 0.750772 0.957844 0.506547 0.885075 0.76143 0.700975 0.638907 0.766489 0.658871 0.742851 0.941192 0.315557 0.957946 0.838772 0.940113 0.940146 0.622853 0.317561 0.460678 0.719351 0.885218 0.563425 0.390769 0.745313 0.741136 0.610309 0.607287 0.783089 0.965644 0.461353 0.334911 0.894048 0.609571 0.412233 0.181287 0.0573775 0.426379 0.350145 0.0380484 0.227326 0.0484577 0.204854 0.42042 0.343523 0.529271 0.555206 0.488472 0.0217443 0.724907 0.173658 0.148326 0.322022 0.561855 0.25585 0.147453 0.894666 0.568066 0.359599 0.0988532 0.192294 0.335989 0.20985 0.0217073 0.159517 0.0415012 0.12558 0.0781322 0.127784 0.426773 0.044521 0.567739 0.202262 0.0458375 0.199652 0.0587023 0.245336 0.435537 0.419992 0.17687 0.170592 0.173766 0.26225 0.197026 0.620426
0.673917 0.725023 0.164813 0.74584 0.359033 0.833364 0.736103 0.930663 0.234381 0.553286 0.663694 0.694438 0.853002 0.911979 0.525851 0.81176 0.751552 0.958514 0.506599 0.886158 0.762793 0.702455 0.639512 0.767629 0.66013 0.744216 0.942001 0.314196 0.958617 0.839907 0.940861 0.940897 0.623391 0.316454 0.460784 0.720395 0.886314 0.5636 0.390659 0.74625 0.741896 0.611079 0.60749 0.784172 0.966208 0.461339 0.333985 0.89518 0.610147 0.411822 0.180037 0.0565328 0.426497 0.349302 0.0374472 0.226226 0.0478022 0.203774 0.41962 0.34269 0.52969 0.555099 0.488288 0.0213252 0.725601 0.172417 0.147266 0.321469 0.562116 0.254918 0.146643 0.89594 0.568506 0.358979 0.0979256 0.191171 0.334617 0.2089 0.021289 0.158202 0.0408633 0.124436 0.0771728 0.126882 0.426906 0.043894 0.568189 0.200807 0.045194 0.198586 0.0579278 0.243887 0.435169 0.419184 0.175788 0.169264 0.172543 0.261188 0.195928 0.621221
0.674582 0.726185 0.163739 0.746804 0.358322 0.834211 0.737029 0.931428 0.233316 0.553798 0.6643 0.695263 0.85408 0.912966 0.525677 0.812807 0.752336 0.959167 0.506688 0.887205 0.764138 0.703948 0.640166 0.768759 0.661361 0.745544 0.942794 0.312828 0.959264 0.841009 0.941592 0.941615 0.623903 0.31528 0.46095 0.721426 0.887377 0.563721 0.390574 0.747208 0.742655 0.611849 0.607691 0.785268 0.966752 0.461276 0.333125 0.896283 0.610732 0.411407 0.178802 0.0557027 0.426595 0.348457 0.0368509 0.225138 0.0471651 0.20266 0.418809 0.341854 0.530096 0.554973 0.488104 0.0209099 0.726309 0.171202 0.1462 0.32093 0.5624 0.254016 0.145844 0.897195 0.568979 0.358358 0.0970146 0.190062 0.333257 0.207961 0.0208781 0.156867 0.0402425 0.123301 0.0762352 0.126001 0.427051 0.0432773 0.568652 0.199392 0.0445617 0.19752 0.0571841 0.242475 0.434801 0.418388 0.174699 0.167943 0.171323 0.260098 0.194844 0.621952
0.675256 0.72734 0.162677 0.747723 0.357625 0.835041 0.737914 0.932174 0.232265 0.554304 0.664827 0.696069 0.85513 0.913936 0.525442 0.813841 0.753099 0.959805 0.506706 0.88824 0.76551 0.705445 0.640806 0.76986 0.662582 0.746874 0.943575 0.311506 0.9599 0.842091 0.942293 0.942331 0.624416 0.314143 0.461089 0.722435 0.888391 0.563856 0.390537 0.74813 0.743387 0.612623 0.607899 0.7863 0.967287 0.461235 0.332232 0.897382 0.611355 0.410976 0.177589 0.0548824 0.426733 0.347573 0.0362719 0.224079 0.0465285 0.20158 0.417976 0.341059 0.530475 0.55483 0.487848 0.0205102 0.726983 0.170013 0.14516 0.320357 0.562679 0.253113 0.145068 0.898415 0.569468 0.357804 0.0961175 0.188964 0.331908 0.207057 0.02048 0.155566 0.0396412 0.122172 0.0753093 0.125162 0.427202 0.0426774 0.569118 0.197998 0.0439489 0.196487 0.0564545 0.241042 0.434445 0.417596 0.173629 0.166637 0.170139 0.259081 0.193758 0.622712
0.675938 0.72847 0.161641 0.748634 0.356964 0.835833 0.738805 0.932916 0.231226 0.554796 0.665374 0.696854 0.856172 0.914883 0.525222 0.814885 0.753848 0.960433 0.506774 0.889267 0.766813 0.706967 0.641489 0.77092 0.663829 0.748233 0.944343 0.310165 0.960526 0.843156 0.942989 0.943023 0.624982 0.312983 0.461241 0.723458 0.889423 0.563964 0.390507 0.749055 0.744116 0.613372 0.608099 0.787322 0.967812 0.461216 0.331303 0.898473 0.611935 0.410555 0.176368 0.0540939 0.426857 0.346718 0.0357091 0.22301 0.0459107 0.200522 0.417143 0.340243 0.530861 0.554702 0.487618 0.0201219 0.727599 0.168846 0.144152 0.319811 0.562937 0.252264 0.144295 0.89962 0.569977 0.357224 0.0952395 0.18789 0.330528 0.206167 0.0200943 0.154278 0.0390435 0.121072 0.0743952 0.124313 0.427344 0.0420888 0.569556 0.196631 0.0433509 0.195443 0.0557333 0.239622 0.434087 0.416707 0.172545 0.165343 0.16897 0.258016 0.192667 0.623463
0.676565 0.729613 0.160647 0.749555 0.356245 0.83663 0.739691 0.933632 0.230231 0.555251 0.665892 0.697653 0.857195 0.91582 0.524984 0.815881 0.754574 0.961045 0.506815 0.890277 0.768122 0.708465 0.642195 0.771991 0.665078 0.749572 0.945085 0.308856 0.961135 0.844211 0.943667 0.943692 0.625484 0.311888 0.46139 0.724464 0.890429 0.564093 0.390448 0.749966 0.744834 0.614125 0.608245 0.788356 0.968327 0.461212 0.330426 0.89954 0.612527 0.41013 0.175165 0.0533148 0.426994 0.345874 0.0351582 0.221944 0.045311 0.199471 0.416263 0.339411 0.531281 0.554539 0.487367 0.0197403 0.728287 0.167653 0.143153 0.319329 0.563172 0.251392 0.143543 0.900815 0.57052 0.356631 0.0943885 0.186814 0.329166 0.205315 0.0197165 0.153012 0.0384632 0.120005 0.0735036 0.12348 0.427506 0.0415189 0.569972 0.195249 0.0427695 0.194457 0.0550249 0.238213 0.433745 0.41584 0.171494 0.16408 0.16776 0.256981 0.191605 0.624215
0.677222 0.730738 0.159661 0.750451 0.355594 0.837426 0.740573 0.934327 0.229205 0.555755 0.666445 0.698426 0.858182 0.916736 0.524724 0.816882 0.75528 0.961636 0.506853 0.891267 0.769414 0.709938 0.642846 0.773041 0.666321 0.750881 0.94581 0.307556 0.961718 0.845239 0.944337 0.944354 0.626015 0.310758 0.461575 0.72545 0.891428 0.564212 0.390437 0.750863 0.745513 0.614847 0.608412 0.78937 0.968822 0.461237 0.329561 0.90058 0.613121 0.409723 0.173997 0.0525474 0.42712 0.345062 0.0346193 0.220895 0.0447295 0.198458 0.415435 0.338578 0.531644 0.554323 0.487186 0.0193738 0.728951 0.166476 0.142159 0.31878 0.563423 0.250566 0.142815 0.901988 0.570994 0.356043 0.0935398 0.185753 0.32782 0.204455 0.0193509 0.151777 0.0378979 0.118952 0.072633 0.122664 0.427631 0.0409548 0.570417 0.193846 0.0422046 0.19346 0.0543477 0.236835 0.433423 0.414988 0.170442 0.162818 0.166604 0.25592 0.190537 0.624989
0.677903 0.731842 0.158675 0.751344 0.354936 0.838169 0.741444 0.935004 0.228206 0.556277 0.666962 0.699222 0.859195 0.917637 0.524514 0.817833 0.755986 0.962213 0.506911 0.892229 0.770718 0.71137 0.643503 0.774113 0.667549 0.752218 0.946528 0.306262 0.962303 0.846245 0.944993 0.945006 0.626487 0.309611 0.461757 0.726428 0.892384 0.564277 0.390372 0.751775 0.746193 0.615611 0.608545 0.79034 0.969315 0.461194 0.328663 0.901591 0.613739 0.409346 0.172837 0.0517982 0.427323 0.344243 0.0340959 0.219877 0.0441618 0.19744 0.414604 0.337795 0.532091 0.554175 0.486964 0.0190167 0.729584 0.165326 0.141176 0.318275 0.563667 0.249716 0.142118 0.903142 0.571459 0.35545 0.0927257 0.184703 0.326484 0.203614 0.0189896 0.150543 0.0373554 0.117902 0.0717674 0.121854 0.427749 0.0404088 0.570861 0.192467 0.0416484 0.192457 0.0536737 0.23544 0.433105 0.41413 0.169432 0.161575 0.165439 0.254901 0.189528 0.625762
0.678516 0.732979 0.157718 0.752234 0.354271 0.838921 0.742328 0.935664 0.227245 0.556749 0.667438 0.700006 0.860167 0.918513 0.524243 0.818799 0.756661 0.962787 0.50694 0.893206 0.771985 0.712895 0.644143 0.775182 0.668786 0.753496 0.947226 0.304961 0.962865 0.847209 0.94562 0.945647 0.627009 0.308461 0.461956 0.727412 0.893325 0.564362 0.390341 0.752644 0.746876 0.616352 0.608641 0.791327 0.969791 0.461224 0.327791 0.902601 0.614335 0.408952 0.17169 0.0510638 0.427507 0.343447 0.0335831 0.218858 0.0435983 0.19645 0.413761 0.33698 0.532524 0.553952 0.486735 0.0186659 0.730184 0.164178 0.140228 0.317776 0.563899 0.248887 0.141423 0.904282 0.57194 0.35492 0.0919203 0.183671 0.325147 0.202799 0.0186429 0.149318 0.0368265 0.116872 0.0709211 0.121066 0.42791 0.0398709 0.571275 0.191111 0.0411004 0.191471 0.0530208 0.234054 0.432729 0.413233 0.168445 0.160349 0.1643 0.253883 0.188514 0.626513
0.679113 0.734077 0.156749 0.7531 0.353607 0.839654 0.743182 0.936322 0.226271 0.557224 0.667937 0.700768 0.861092 0.919387 0.523959 0.819723 0.757335 0.963341 0.507007 0.894156 0.773267 0.714398 0.644826 0.7762 0.670018 0.754794 0.947915 0.303646 0.963422 0.84818 0.946237 0.94628 0.627507 0.307363 0.462146 0.728368 0.894263 0.564448 0.390315 0.75351 0.747514 0.617104 0.608777 0.792273 0.970253 0.461223 0.326929 0.903584 0.614915 0.408517 0.170567 0.050334 0.427675 0.342611 0.0330906 0.217855 0.0430566 0.195497 0.412857 0.336165 0.532929 0.553718 0.486523 0.0183262 0.730799 0.163027 0.1393 0.317322 0.56414 0.24808 0.140761 0.905395 0.572407 0.354361 0.0911444 0.182644 0.323793 0.20198 0.0183042 0.148087 0.0363064 0.115869 0.0700851 0.120304 0.428094 0.0393474 0.571727 0.189769 0.0405684 0.190526 0.0523784 0.232657 0.432389 0.412342 0.167468 0.15913 0.163153 0.252864 0.18752 0.627251
0.679685 0.735192 0.155814 0.753982 0.352946 0.840368 0.744003 0.936959 0.225298 0.557678 0.668385 0.701535 0.862038 0.920229 0.523693 0.820622 0.758033 0.963887 0.507035 0.895092 0.774545 0.715898 0.645475 0.77726 0.671248 0.756101 0.948599 0.30232 0.96396 0.849113 0.946846 0.946886 0.627956 0.306264 0.462339 0.729282 0.895193 0.564542 0.390366 0.754429 0.748136 0.617871 0.608882 0.79322 0.9707 0.461225 0.326002 0.90456 0.615496 0.408106 0.169451 0.0496238 0.427876 0.341777 0.0326041 0.216869 0.0425244 0.194512 0.411924 0.335375 0.533402 0.553526 0.486278 0.0179973 0.731375 0.161949 0.138375 0.316853 0.56432 0.247279 0.140111 0.906509 0.572912 0.353815 0.0903814 0.181657 0.322388 0.201173 0.0179765 0.146883 0.0357955 0.114868 0.0692845 0.119557 0.428309 0.0388354 0.572128 0.188443 0.0400578 0.18959 0.0517574 0.231272 0.432069 0.411452 0.166518 0.157926 0.162042 0.251874 0.186551 0.628
0.680306 0.736269 0.154885 0.754821 0.352273 0.841057 0.744856 0.937589 0.224345 0.55819 0.668849 0.702304 0.862968 0.921061 0.523383 0.821542 0.758698 0.964422 0.507048 0.895999 0.775825 0.717373 0.646075 0.778297 0.672463 0.757368 0.949255 0.300963 0.964489 0.85004 0.947438 0.94748 0.628422 0.305134 0.462555 0.730203 0.896116 0.564594 0.390397 0.755265 0.748774 0.618608 0.608911 0.79414 0.971143 0.46121 0.325182 0.905512 0.61611 0.407725 0.168329 0.0489373 0.428071 0.340935 0.0321377 0.215895 0.0420041 0.19355 0.411024 0.334616 0.53385 0.553274 0.486066 0.0176756 0.731954 0.160847 0.137472 0.316431 0.564561 0.24648 0.13949 0.907588 0.573415 0.353254 0.0896298 0.180674 0.320973 0.200371 0.0176555 0.145705 0.0352945 0.113894 0.068491 0.118837 0.428507 0.0383398 0.572537 0.187127 0.0395459 0.18866 0.0511402 0.229895 0.431715 0.410508 0.165556 0.156727 0.160932 0.250868 0.185584 0.628768
0.68088 0.737343 0.15399 0.755678 0.351591 0.841746 0.745686 0.938208 0.223384 0.558728 0.669332 0.70305 0.863852 0.921885 0.523074 0.822443 0.759313 0.964942 0.507117 0.896917 0.7771 0.71889 0.646689 0.779308 0.67373 0.758616 0.949893 0.299645 0.965004 0.850952 0.948017 0.948067 0.628913 0.304012 0.462798 0.731099 0.897007 0.564682 0.390452 0.756093 0.749375 0.619364 0.609021 0.795044 0.971575 0.461218 0.324348 0.906456 0.616711 0.407314 0.167211 0.0482626 0.4283 0.340097 0.0316756 0.214922 0.041505 0.192605 0.4101 0.333831 0.534289 0.553069 0.485763 0.0173629 0.732524 0.159762 0.136594 0.315994 0.564744 0.245706 0.138863 0.908655 0.573911 0.352709 0.0888948 0.17968 0.319612 0.1996 0.0173423 0.144515 0.0348068 0.112942 0.0677085 0.118134 0.428735 0.0378604 0.572926 0.185808 0.0390528 0.187758 0.0505414 0.228526 0.431376 0.409577 0.164605 0.155548 0.159841 0.249904 0.184629 0.629554
0.681426 0.738372 0.15311 0.756536 0.350939 0.842404 0.746496 0.938814 0.222428 0.55927 0.669807 0.70378 0.864751 0.922703 0.522772 0.823316 0.759905 0.965448 0.507165 0.897808 0.778374 0.720384 0.647331 0.780313 0.674974 0.759885 0.950519 0.298328 0.965514 0.851887 0.948581 0.948634 0.62942 0.302943 0.463062 0.732028 0.89789 0.564707 0.390505 0.756953 0.749987 0.620132 0.609104 0.795955 0.972 0.461296 0.323519 0.907405 0.617284 0.406882 0.166139 0.0475967 0.428502 0.339268 0.0312188 0.213961 0.0410108 0.191668 0.409159 0.333079 0.534728 0.552814 0.485524 0.0170566 0.733066 0.158685 0.135741 0.315569 0.564937 0.24493 0.13827 0.909713 0.574431 0.352168 0.0881599 0.178733 0.318196 0.198825 0.017037 0.143346 0.0343311 0.111974 0.0669374 0.117424 0.428946 0.0373921 0.573292 0.184512 0.0385745 0.18687 0.0499585 0.227171 0.431021 0.408637 0.163684 0.154391 0.158765 0.248937 0.183704 0.630291
0.681973 0.739445 0.152256 0.757392 0.350278 0.84306 0.74734 0.939408 0.221541 0.55975 0.670237 0.704492 0.865612 0.923497 0.522456 0.824176 0.760515 0.965948 0.507227 0.898676 0.779629 0.72185 0.647947 0.781308 0.676229 0.761128 0.951142 0.297002 0.96601 0.852761 0.949135 0.949179 0.629854 0.301836 0.463337 0.732917 0.898788 0.564776 0.390591 0.757768 0.750561 0.620916 0.609193 0.796844 0.972412 0.461339 0.322738 0.908313 0.617852 0.406465 0.165071 0.0469418 0.428734 0.33848 0.030774 0.213028 0.0405319 0.190729 0.408243 0.3323 0.535189 0.55257 0.485272 0.0167576 0.733627 0.157625 0.134881 0.315166 0.56514 0.244156 0.137687 0.910745 0.574969 0.351645 0.087449 0.177775 0.316821 0.198081 0.0167412 0.142164 0.0338637 0.111044 0.0661829 0.116743 0.429182 0.0369298 0.573648 0.183212 0.0381056 0.185981 0.0493783 0.22582 0.430711 0.407706 0.162797 0.153195 0.157741 0.247961 0.182779 0.631033
0.682504 0.740534 0.151398 0.75818 0.349683 0.84369 0.748099 0.93999 0.220682 0.560235 0.67068 0.705234 0.866458 0.924283 0.522116 0.825006 0.761135 0.966429 0.5073 0.899544 0.780873 0.723377 0.648575 0.782332 0.6775 0.762388 0.951758 0.295729 0.966494 0.853634 0.949679 0.94973 0.63038 0.300754 0.463635 0.733817 0.899679 0.564819 0.390667 0.758563 0.751141 0.621643 0.609296 0.797738 0.972814 0.461384 0.321885 0.909209 0.618446 0.406061 0.164017 0.046296 0.428965 0.337623 0.0303367 0.212073 0.0400641 0.18983 0.407244 0.33151 0.535599 0.552293 0.485036 0.0164678 0.734178 0.156592 0.13403 0.314799 0.565373 0.243395 0.137118 0.911776 0.575503 0.351132 0.0867609 0.17683 0.315445 0.197334 0.0164507 0.141012 0.0334097 0.110119 0.0654393 0.116061 0.429395 0.0364806 0.574001 0.181927 0.0376433 0.185154 0.0488118 0.224482 0.430392 0.406739 0.161887 0.152054 0.156677 0.246994 0.181877 0.631773
0.683086 0.741611 0.15058 0.758974 0.349046 0.844306 0.748843 0.940556 0.219796 0.560734 0.671135 0.705951 0.867308 0.925043 0.521785 0.825833 0.761705 0.966905 0.507365 0.900386 0.782091 0.724885 0.649174 0.783337 0.678793 0.763658 0.952351 0.294409 0.966966 0.8545 0.950216 0.950252 0.630869 0.299633 0.463949 0.734692 0.90053 0.56478 0.390743 0.759378 0.751692 0.622374 0.609347 0.798623 0.973204 0.461413 0.321019 0.910083 0.619101 0.405632 0.162946 0.045665 0.429156 0.336818 0.0299135 0.211162 0.0396016 0.188912 0.406271 0.33076 0.536097 0.551962 0.484816 0.0161847 0.734712 0.155561 0.133187 0.314378 0.565586 0.24263 0.136576 0.912794 0.576019 0.350626 0.0860881 0.175912 0.314084 0.196615 0.01617 0.13985 0.0329665 0.109211 0.0647029 0.11541 0.429622 0.0360449 0.574363 0.180652 0.0371983 0.184261 0.0482585 0.223128 0.430085 0.405837 0.160989 0.150906 0.155643 0.24606 0.180981 0.632496
0.68362 0.742664 0.149766 0.759775 0.348408 0.844932 0.749639 0.941104 0.218923 0.561262 0.671535 0.70668 0.868128 0.925801 0.521429 0.826631 0.762266 0.967366 0.50742 0.901243 0.783326 0.726372 0.649822 0.784324 0.680054 0.7649 0.95294 0.29306 0.967424 0.85534 0.950737 0.950769 0.631302 0.298567 0.464255 0.735511 0.901369 0.564808 0.390858 0.760201 0.752238 0.623142 0.60939 0.799471 0.97359 0.461465 0.320173 0.910942 0.619708 0.40526 0.16193 0.0450481 0.429325 0.336012 0.0295006 0.210228 0.0391512 0.188036 0.405286 0.329984 0.536557 0.551652 0.484593 0.0159109 0.735204 0.154535 0.132393 0.314003 0.565805 0.24191 0.136036 0.913785 0.576554 0.350125 0.0854306 0.174956 0.31269 0.195906 0.0158973 0.138724 0.0325339 0.108322 0.0639824 0.114785 0.429909 0.0356132 0.574723 0.179413 0.0367611 0.183432 0.0477161 0.22182 0.429768 0.404888 0.160115 0.149778 0.154614 0.245113 0.180096 0.633247
0.684157 0.743716 0.148958 0.760544 0.347761 0.845507 0.750425 0.941645 0.218053 0.561808 0.671945 0.707361 0.86893 0.926543 0.521078 0.827438 0.762853 0.967822 0.507502 0.902077 0.784545 0.727881 0.650448 0.785311 0.681318 0.766136 0.953509 0.291732 0.967878 0.856175 0.951248 0.951278 0.63172 0.297471 0.464612 0.736361 0.902175 0.564824 0.391022 0.760981 0.752784 0.623894 0.609408 0.800312 0.973964 0.461523 0.319357 0.911797 0.62031 0.404855 0.160893 0.0444388 0.429574 0.33524 0.0290997 0.209327 0.0387191 0.187182 0.404361 0.329221 0.537077 0.551366 0.484348 0.0156451 0.735702 0.1535 0.1316 0.313605 0.565977 0.24119 0.135519 0.914758 0.577099 0.349621 0.0847829 0.174027 0.311274 0.195212 0.0156307 0.137596 0.0321106 0.107437 0.0632826 0.11417 0.430158 0.0352007 0.575107 0.178187 0.0363272 0.182596 0.0471901 0.220445 0.429453 0.403949 0.159221 0.148666 0.153587 0.244168 0.179202 0.633952
0.684701 0.744761 0.148179 0.761327 0.347172 0.846078 0.751186 0.942158 0.217178 0.562352 0.672359 0.708081 0.869704 0.927265 0.520692 0.828235 0.763434 0.96827 0.507596 0.902892 0.785761 0.729376 0.651097 0.786266 0.682566 0.767383 0.954075 0.290378 0.968321 0.856995 0.951742 0.951778 0.63218 0.296395 0.464911 0.737189 0.902995 0.564823 0.391171 0.761725 0.753313 0.624645 0.609384 0.801113 0.974334 0.461542 0.318558 0.912621 0.620911 0.404467 0.159897 0.0438478 0.429839 0.33444 0.0287059 0.208417 0.0382908 0.186314 0.403358 0.328478 0.537581 0.551043 0.484137 0.0153833 0.736158 0.152494 0.130819 0.313268 0.566167 0.240486 0.135008 0.915719 0.577626 0.349117 0.0841502 0.173139 0.309901 0.194549 0.0153714 0.13648 0.0316986 0.10659 0.0625882 0.11356 0.430408 0.0347857 0.575461 0.176963 0.0359009 0.181778 0.0466731 0.219093 0.429161 0.40295 0.158373 0.147554 0.152565 0.243235 0.178353 0.634692
0.685213 0.745805 0.147432 0.762075 0.346615 0.846626 0.751956 0.942664 0.216331 0.5629 0.672786 0.708777 0.870497 0.927983 0.520322 0.829002 0.764006 0.968708 0.507683 0.903699 0.786951 0.730845 0.651737 0.787191 0.683866 0.768614 0.954624 0.289064 0.968755 0.857795 0.952226 0.952257 0.632641 0.295337 0.465258 0.738016 0.903809 0.564814 0.391332 0.762495 0.75383 0.625405 0.609418 0.801957 0.974695 0.461593 0.317759 0.913458 0.621528 0.404108 0.158886 0.0432667 0.430157 0.333661 0.0283207 0.207532 0.0378747 0.185447 0.402378 0.327707 0.538067 0.5507 0.483888 0.0151284 0.736628 0.151482 0.130035 0.312936 0.566366 0.23977 0.134516 0.916677 0.578166 0.348614 0.0835321 0.17224 0.308465 0.193873 0.0151177 0.135375 0.0312923 0.105717 0.0619098 0.112975 0.430667 0.0343831 0.575827 0.17574 0.0354823 0.180969 0.0461655 0.217751 0.428846 0.401943 0.157548 0.146436 0.151558 0.242295 0.177501 0.63547
0.685709 0.746815 0.146656 0.762822 0.346021 0.847196 0.752697 0.943175 0.215483 0.563466 0.673212 0.709483 0.871248 0.928687 0.519909 0.829766 0.76454 0.969133 0.507722 0.904495 0.788148 0.732345 0.652407 0.788126 0.685141 0.769842 0.955162 0.287727 0.969184 0.858575 0.9527 0.952733 0.633044 0.294269 0.465606 0.738825 0.904609 0.564776 0.391546 0.76323 0.7543 0.62614 0.60937 0.802771 0.975043 0.461698 0.316965 0.914267 0.622131 0.403711 0.157873 0.0427044 0.43047 0.332835 0.0279445 0.206633 0.0374725 0.184583 0.401361 0.326944 0.538541 0.550286 0.483675 0.0148806 0.737103 0.150503 0.129268 0.312604 0.566573 0.239051 0.134055 0.917629 0.578715 0.348132 0.0829188 0.171327 0.307087 0.193185 0.0148699 0.13428 0.0308959 0.104883 0.061249 0.112404 0.430917 0.0339951 0.5762 0.17449 0.0350889 0.180161 0.0456681 0.216401 0.42847 0.400928 0.15674 0.145329 0.150576 0.241403 0.176655 0.636175
0.68618 0.747873 0.145925 0.763602 0.34541 0.847734 0.753429 0.943676 0.214658 0.564027 0.673572 0.710175 0.871982 0.929377 0.519487 0.83052 0.765018 0.969547 0.507778 0.905284 0.789341 0.733811 0.653023 0.789039 0.686402 0.771093 0.95569 0.286361 0.969599 0.859346 0.953157 0.953197 0.633468 0.293191 0.465922 0.739636 0.9054 0.564736 0.391718 0.763992 0.754776 0.626844 0.60933 0.80357 0.975386 0.461813 0.316184 0.915061 0.622746 0.403333 0.156892 0.0421499 0.430787 0.332018 0.0275808 0.205781 0.0370729 0.183769 0.400408 0.326253 0.539039 0.549915 0.483397 0.0146386 0.737564 0.149507 0.128525 0.312302 0.566752 0.238408 0.133594 0.918571 0.579282 0.347624 0.0823347 0.170468 0.305664 0.192539 0.0146271 0.133202 0.0305083 0.104048 0.0606025 0.11184 0.431171 0.0336132 0.576529 0.173244 0.0346966 0.179391 0.0451862 0.215091 0.428185 0.39993 0.155921 0.144234 0.149599 0.240517 0.175828 0.636881
0.686677 0.748887 0.145217 0.764349 0.344875 0.848263 0.754149 0.944149 0.213822 0.5646 0.673931 0.710871 0.872725 0.930052 0.519043 0.831285 0.765527 0.96996 0.507807 0.906073 0.790554 0.735324 0.653632 0.789985 0.687671 0.772321 0.956207 0.285025 0.970003 0.860096 0.953616 0.953649 0.633891 0.292099 0.466293 0.740444 0.906163 0.564689 0.391911 0.764725 0.755229 0.627576 0.609296 0.804376 0.975722 0.461888 0.31536 0.915836 0.623346 0.402918 0.155934 0.0415995 0.431078 0.331192 0.0272206 0.20495 0.0366813 0.182943 0.399362 0.325486 0.539536 0.549551 0.483216 0.0144014 0.738042 0.148548 0.127793 0.312011 0.56694 0.237744 0.133145 0.91949 0.579807 0.347147 0.0817488 0.169627 0.304265 0.191895 0.0143934 0.132135 0.0301262 0.103244 0.0599512 0.111271 0.43141 0.0332395 0.576813 0.172067 0.0343079 0.178611 0.0447221 0.21377 0.427835 0.398904 0.15512 0.143165 0.148622 0.239617 0.17498 0.637602
0.687165 0.749924 0.144511 0.765078 0.344328 0.84879 0.754866 0.944626 0.213029 0.565235 0.674323 0.711535 0.873447 0.93072 0.518609 0.832036 0.766035 0.970355 0.507863 0.906845 0.791715 0.736791 0.65428 0.790911 0.688967 0.773549 0.956725 0.283683 0.970401 0.860849 0.954056 0.954094 0.634275 0.291039 0.466689 0.741225 0.906927 0.564628 0.392097 0.765465 0.755703 0.628312 0.609243 0.805116 0.976052 0.461966 0.31453 0.916621 0.623956 0.402503 0.154986 0.0410561 0.431394 0.330403 0.0268639 0.204128 0.0363048 0.182151 0.398333 0.324721 0.540025 0.549148 0.483009 0.0141721 0.738491 0.147596 0.127081 0.311709 0.567161 0.237091 0.132745 0.920391 0.580346 0.346719 0.0811809 0.168766 0.302841 0.191252 0.0141614 0.131065 0.0297544 0.102432 0.0593173 0.110727 0.431751 0.0328722 0.577162 0.170882 0.0339307 0.177855 0.044248 0.212467 0.427505 0.397859 0.154322 0.142101 0.147643 0.238719 0.174176 0.638312
0.687637 0.750947 0.143826 0.765783 0.34377 0.849293 0.755546 0.945095 0.212235 0.565809 0.674681 0.712177 0.874163 0.931384 0.518194 0.832779 0.766524 0.970745 0.507955 0.907599 0.792903 0.73828 0.65492 0.791822 0.690273 0.774792 0.957225 0.282337 0.970789 0.861575 0.954491 0.954533 0.634633 0.289986 0.467076 0.742014 0.907683 0.564567 0.392378 0.766192 0.756169 0.629025 0.609175 0.805899 0.976374 0.462057 0.313727 0.91737 0.624539 0.402116 0.154015 0.0405247 0.431683 0.329581 0.0265152 0.203294 0.035935 0.181346 0.397307 0.323939 0.540506 0.548734 0.482779 0.0139467 0.738933 0.146646 0.126369 0.311392 0.56734 0.236436 0.132352 0.921291 0.58094 0.346279 0.0806233 0.167945 0.301459 0.190628 0.01394 0.130017 0.0293932 0.10166 0.0586992 0.110197 0.432125 0.0325138 0.577437 0.169657 0.0335619 0.177122 0.0437992 0.211136 0.427228 0.396768 0.153532 0.141028 0.14669 0.237821 0.173405 0.639
0.688129 0.751954 0.143133 0.766506 0.343201 0.84979 0.756251 0.945543 0.211449 0.566368 0.674999 0.712827 0.874858 0.932035 0.517729 0.833507 0.76699 0.971127 0.50799 0.908352 0.794054 0.73977 0.655543 0.792722 0.691517 0.776 0.957721 0.281006 0.971168 0.862283 0.954914 0.95496 0.635028 0.288938 0.467463 0.742729 0.908446 0.564494 0.392668 0.766902 0.756586 0.62979 0.60912 0.806646 0.976688 0.462195 0.312945 0.918126 0.625158 0.401745 0.153076 0.0400063 0.43203 0.328759 0.0261798 0.202487 0.0355729 0.180527 0.396273 0.323193 0.541046 0.548331 0.482562 0.0137279 0.739352 0.145718 0.125661 0.311124 0.567554 0.235817 0.131961 0.922171 0.581512 0.345783 0.0800844 0.167129 0.300044 0.190019 0.0137217 0.128995 0.0290435 0.100873 0.0580811 0.109687 0.43246 0.0321668 0.577716 0.16847 0.0332085 0.176389 0.0433502 0.209829 0.42694 0.395707 0.152755 0.14001 0.145753 0.236941 0.172598 0.639706
0.68854 0.75296 0.142471 0.767202 0.342658 0.850261 0.756932 0.94599 0.210694 0.56696 0.675335 0.713497 0.875559 0.932675 0.517284 0.834209 0.767463 0.971505 0.508088 0.909081 0.795242 0.741262 0.656143 0.79361 0.692801 0.777202 0.958201 0.279679 0.971538 0.862985 0.955329 0.955375 0.635453 0.287894 0.467863 0.743507 0.909175 0.564443 0.392942 0.767591 0.757014 0.630517 0.609027 0.807378 0.976994 0.462355 0.312169 0.918863 0.625808 0.401346 0.15212 0.039496 0.432345 0.327971 0.0258482 0.201706 0.0352144 0.179742 0.395242 0.322436 0.541541 0.547864 0.482335 0.0135142 0.739765 0.144816 0.124944 0.310832 0.567738 0.235194 0.131579 0.923041 0.582094 0.345296 0.079548 0.166307 0.298602 0.189456 0.0135085 0.12795 0.0286974 0.100118 0.0574759 0.109196 0.432784 0.0318277 0.578009 0.167283 0.0328525 0.175672 0.0429061 0.208522 0.426622 0.394659 0.151983 0.13898 0.144803 0.236057 0.171826 0.640415
0.68899 0.753968 0.141808 0.767938 0.342124 0.850715 0.757607 0.946419 0.209916 0.567546 0.675667 0.714156 0.876226 0.933308 0.516812 0.834898 0.767888 0.971866 0.508164 0.909793 0.796393 0.742738 0.656768 0.794489 0.694085 0.778416 0.958679 0.278348 0.971903 0.863694 0.955739 0.95578 0.635837 0.286851 0.468257 0.744278 0.909903 0.564394 0.39322 0.768345 0.757398 0.631228 0.608953 0.808105 0.977293 0.462495 0.311388 0.91959 0.626384 0.400955 0.151183 0.0389991 0.432682 0.327137 0.0255225 0.200892 0.034867 0.178941 0.394175 0.321713 0.542048 0.547418 0.482116 0.0133077 0.740172 0.143885 0.12429 0.310568 0.567926 0.23456 0.131221 0.923906 0.582662 0.344807 0.0790301 0.165491 0.297161 0.188871 0.013301 0.126923 0.0283586 0.0993602 0.0568803 0.10869 0.433125 0.0314946 0.578299 0.166096 0.0325067 0.17495 0.0424837 0.207215 0.426236 0.393567 0.151206 0.137955 0.143876 0.235168 0.171067 0.641104
0.689437 0.754933 0.141173 0.768675 0.341585 0.851161 0.758255 0.946843 0.209164 0.568148 0.676009 0.714806 0.876868 0.933936 0.516355 0.835585 0.768341 0.972227 0.508249 0.91051 0.797544 0.744223 0.657402 0.79537 0.695377 0.779623 0.959151 0.276973 0.972265 0.864405 0.956139 0.956171 0.636233 0.285776 0.468672 0.745015 0.910606 0.564309 0.393514 0.769011 0.757799 0.631992 0.608842 0.808805 0.97759 0.462625 0.310609 0.920295 0.627012 0.400584 0.150274 0.0385022 0.433025 0.326333 0.0252082 0.200068 0.0345271 0.178191 0.393048 0.320961 0.542562 0.546933 0.481853 0.0131024 0.740575 0.142969 0.123614 0.310322 0.568115 0.233947 0.130889 0.924745 0.583203 0.344356 0.0785255 0.16468 0.295709 0.188315 0.0130969 0.125884 0.0280289 0.0986072 0.0562947 0.108225 0.433444 0.0311642 0.578574 0.164908 0.0321755 0.174239 0.0420622 0.205936 0.425953 0.392443 0.150471 0.13694 0.142939 0.234318 0.170298 0.641785
0.689859 0.755867 0.140541 0.769366 0.341023 0.851573 0.758909 0.94727 0.20844 0.568789 0.676353 0.715457 0.877503 0.93455 0.515887 0.836237 0.768752 0.97258 0.508309 0.911223 0.798714 0.745688 0.658018 0.79625 0.696666 0.780847 0.959599 0.275636 0.972617 0.86508 0.956523 0.956561 0.63664 0.284741 0.469145 0.745775 0.911309 0.564234 0.393794 0.769722 0.758183 0.632722 0.608726 0.809527 0.977877 0.462796 0.309849 0.920982 0.627625 0.400156 0.149393 0.0380183 0.433367 0.3255 0.0249019 0.199266 0.0341979 0.177414 0.391991 0.320212 0.543093 0.546483 0.481601 0.0129046 0.740982 0.142073 0.122967 0.310104 0.568286 0.233348 0.130555 0.925589 0.583787 0.343876 0.0780367 0.163898 0.294325 0.187753 0.0128981 0.124886 0.0277063 0.0978601 0.0557126 0.107766 0.433751 0.0308454 0.578883 0.163794 0.0318463 0.173561 0.041647 0.204649 0.425616 0.391319 0.149737 0.135921 0.142024 0.233464 0.169578 0.642435
0.69031 0.756818 0.139917 0.770035 0.340464 0.852006 0.759556 0.94768 0.207708 0.569375 0.676658 0.716114 0.878138 0.935138 0.515363 0.836887 0.76915 0.972923 0.508381 0.911916 0.799856 0.747167 0.658635 0.797121 0.697967 0.782055 0.960045 0.274282 0.97296 0.865753 0.956903 0.956939 0.63701 0.283734 0.469631 0.746532 0.912014 0.564109 0.39409 0.770384 0.758562 0.633447 0.608631 0.810227 0.978158 0.462935 0.309095 0.921661 0.628274 0.399741 0.148494 0.0375442 0.433734 0.324688 0.0246061 0.198488 0.0338771 0.176654 0.390898 0.319488 0.543603 0.546019 0.481389 0.0127106 0.741365 0.141172 0.122328 0.309908 0.568483 0.232761 0.130247 0.926407 0.584349 0.343433 0.0775586 0.163127 0.292892 0.187215 0.0127051 0.123893 0.0273897 0.0971468 0.0551508 0.10731 0.434166 0.0305379 0.579139 0.16265 0.0315201 0.172876 0.0412411 0.203374 0.4253 0.390152 0.149027 0.134908 0.141157 0.232595 0.168831 0.643116
0.690733 0.757782 0.139281 0.770747 0.33992 0.852405 0.760234 0.948087 0.206964 0.56999 0.676955 0.716712 0.878743 0.93572 0.514872 0.837534 0.769556 0.973263 0.508458 0.912604 0.800997 0.748651 0.659304 0.797983 0.699263 0.783268 0.960479 0.272923 0.973296 0.866416 0.957276 0.957311 0.637343 0.282674 0.470098 0.747222 0.912716 0.564004 0.394441 0.771028 0.758913 0.634179 0.608491 0.810927 0.978435 0.463081 0.308325 0.922344 0.628872 0.399361 0.147622 0.0370809 0.434103 0.323904 0.0243111 0.197723 0.0335602 0.175912 0.389777 0.318794 0.544107 0.545507 0.481114 0.012521 0.741728 0.140271 0.121699 0.309721 0.568666 0.232177 0.129938 0.927229 0.584978 0.343006 0.0770873 0.162332 0.291453 0.186676 0.0125162 0.122915 0.0270801 0.0964346 0.0545865 0.106856 0.434557 0.0302386 0.579429 0.161523 0.0312114 0.1722 0.0408395 0.202063 0.424976 0.389018 0.148308 0.133901 0.14027 0.231749 0.168077 0.643805
0.691183 0.758715 0.138681 0.771402 0.339432 0.852805 0.760869 0.948483 0.206252 0.570621 0.677255 0.717348 0.879364 0.936304 0.514344 0.838179 0.769937 0.973591 0.508544 0.913295 0.802141 0.750142 0.659921 0.79886 0.700592 0.784474 0.960908 0.271563 0.973623 0.867061 0.957635 0.95768 0.637727 0.281647 0.470622 0.747923 0.913402 0.563886 0.394839 0.771715 0.759273 0.634925 0.608339 0.811615 0.978705 0.463268 0.30755 0.923007 0.629497 0.398954 0.146759 0.0366232 0.434476 0.323098 0.0240264 0.196964 0.0332552 0.175172 0.388673 0.3181 0.54463 0.544991 0.480846 0.0123347 0.7421 0.139393 0.121078 0.309526 0.568874 0.231618 0.129671 0.928036 0.58552 0.342535 0.0766232 0.161588 0.290024 0.186152 0.012331 0.121931 0.0267802 0.0957356 0.0540355 0.106421 0.434928 0.0299439 0.57971 0.160397 0.0309107 0.171541 0.0404488 0.200774 0.424638 0.387881 0.147605 0.132906 0.139396 0.230896 0.167391 0.644504
0.691605 0.759646 0.138104 0.772051 0.338955 0.853202 0.761505 0.948865 0.205553 0.571234 0.677563 0.717982 0.879978 0.936876 0.513855 0.838819 0.770348 0.973908 0.508624 0.913969 0.803273 0.751648 0.660518 0.799703 0.701864 0.785663 0.961335 0.270202 0.97395 0.867688 0.957993 0.958029 0.638051 0.280582 0.471133 0.748618 0.914067 0.563727 0.395237 0.772398 0.759614 0.635652 0.608205 0.812268 0.978968 0.463439 0.306805 0.923676 0.630132 0.398561 0.14591 0.036173 0.434894 0.322296 0.0237433 0.196192 0.0329587 0.174449 0.387558 0.317399 0.545161 0.544466 0.480597 0.0121552 0.742392 0.138538 0.120468 0.309317 0.56905 0.231037 0.129396 0.928826 0.586131 0.342074 0.0761721 0.160842 0.288596 0.185633 0.0121519 0.120951 0.0264839 0.0950509 0.0534892 0.106014 0.435288 0.0296532 0.579957 0.159278 0.0306098 0.170903 0.0400646 0.199493 0.424305 0.386732 0.146912 0.131938 0.138537 0.230046 0.166691 0.645224
0.691946 0.760587 0.137525 0.772699 0.338434 0.853591 0.762125 0.949236 0.204871 0.571853 0.677868 0.718594 0.880546 0.937441 0.513407 0.839431 0.77072 0.974223 0.508704 0.91464 0.804429 0.753139 0.661163 0.800528 0.703197 0.786853 0.961747 0.268869 0.974265 0.868308 0.958349 0.958383 0.638436 0.279521 0.471663 0.749307 0.914713 0.563593 0.395647 0.773065 0.759906 0.636339 0.608058 0.812928 0.979226 0.463615 0.30609 0.924324 0.630821 0.398221 0.145059 0.0357327 0.435309 0.321497 0.0234733 0.195474 0.0326659 0.173736 0.386435 0.316672 0.545682 0.543955 0.48035 0.0119781 0.742717 0.137682 0.11988 0.309111 0.569178 0.230457 0.129145 0.929611 0.586755 0.34164 0.0757335 0.160106 0.287164 0.185125 0.0119769 0.119987 0.0261937 0.094363 0.0529587 0.105614 0.435692 0.0293751 0.580216 0.158168 0.0303136 0.170279 0.0396942 0.198195 0.423946 0.385568 0.146243 0.130979 0.137677 0.229193 0.165987 0.645925
0.692329 0.761584 0.13698 0.773342 0.337942 0.853917 0.762723 0.949604 0.204161 0.572467 0.678179 0.719233 0.881118 0.937998 0.512875 0.840063 0.771081 0.974534 0.508793 0.915284 0.805521 0.754621 0.661758 0.801365 0.704542 0.788029 0.962155 0.267533 0.974576 0.868885 0.958694 0.958728 0.638803 0.278484 0.472173 0.749964 0.915371 0.563459 0.396044 0.773738 0.760228 0.637104 0.607944 0.813571 0.979481 0.463767 0.305336 0.924976 0.631435 0.397831 0.144207 0.0353021 0.435731 0.320685 0.0232087 0.194767 0.0323851 0.173046 0.385309 0.31594 0.546262 0.543423 0.480123 0.0118071 0.743049 0.136819 0.11929 0.308915 0.569334 0.229899 0.128895 0.930391 0.587409 0.341204 0.0753042 0.159389 0.285729 0.184611 0.0118059 0.119042 0.0259113 0.0936865 0.0524282 0.10523 0.436143 0.0291002 0.580462 0.157052 0.0300291 0.169675 0.0393263 0.196897 0.423617 0.384371 0.145559 0.130017 0.136854 0.228378 0.165289 0.646595
0.692725 0.762531 0.136418 0.773995 0.33746 0.854277 0.76336 0.949963 0.203488 0.573058 0.678473 0.719853 0.881661 0.938548 0.512336 0.840671 0.771397 0.974836 0.508929 0.91594 0.806643 0.756124 0.662381 0.802231 0.705873 0.789188 0.962558 0.266229 0.97488 0.869479 0.95902 0.95906 0.639111 0.27742 0.472734 0.750655 0.916022 0.563301 0.396438 0.774406 0.760511 0.637872 0.607787 0.814192 0.979729 0.463969 0.304608 0.925609 0.632082 0.397495 0.143378 0.0348727 0.436137 0.319893 0.022945 0.194048 0.0321073 0.172338 0.384129 0.315251 0.546822 0.542859 0.479846 0.0116403 0.743391 0.135975 0.118692 0.308748 0.569483 0.229324 0.12866 0.931166 0.588022 0.340772 0.0748909 0.158663 0.284297 0.184115 0.0116366 0.118077 0.0256322 0.0930151 0.0519169 0.104847 0.436533 0.0288245 0.580682 0.155948 0.0297524 0.169068 0.0389699 0.195629 0.423301 0.38319 0.144899 0.129051 0.136001 0.227552 0.164601 0.647277
0.693074 0.763503 0.135885 0.774669 0.336989 0.854594 0.763979 0.950318 0.202826 0.573682 0.678766 0.720418 0.882201 0.939092 0.511753 0.841281 0.771712 0.975132 0.509039 0.916576 0.807764 0.757613 0.663009 0.803044 0.707164 0.79037 0.962958 0.264914 0.975174 0.870069 0.959347 0.959384 0.639454 0.276376 0.473336 0.751343 0.916653 0.563199 0.396859 0.775033 0.760805 0.638578 0.607579 0.814827 0.979974 0.464198 0.303867 0.926222 0.632697 0.397097 0.142558 0.0344504 0.436512 0.319058 0.0226852 0.193322 0.0318313 0.17164 0.382917 0.314517 0.547388 0.542355 0.479612 0.0114763 0.7437 0.135146 0.118114 0.308574 0.5697 0.228805 0.128452 0.931932 0.588643 0.340366 0.0744774 0.157923 0.282877 0.183635 0.0114719 0.117129 0.0253606 0.0923747 0.0514132 0.104479 0.436966 0.0285574 0.580886 0.154861 0.0294816 0.168449 0.0386224 0.194382 0.422973 0.382034 0.144251 0.12813 0.135164 0.22676 0.163909 0.647994
0.693449 0.764387 0.135353 0.775289 0.336536 0.854908 0.764597 0.950663 0.20214 0.574325 0.679074 0.721011 0.882722 0.939617 0.51116 0.84189 0.772068 0.975426 0.509144 0.917205 0.808882 0.759096 0.663653 0.803859 0.70848 0.791535 0.963345 0.263562 0.975464 0.870625 0.959662 0.959702 0.639786 0.275354 0.473922 0.752008 0.917276 0.563021 0.397352 0.775691 0.76109 0.639291 0.607392 0.815422 0.980215 0.464396 0.303149 0.926851 0.633319 0.396676 0.141747 0.0340321 0.436982 0.318268 0.0224343 0.192634 0.0315653 0.170946 0.381727 0.313787 0.547917 0.541761 0.47937 0.0113153 0.743992 0.134332 0.117539 0.308421 0.569869 0.22823 0.128243 0.93268 0.589273 0.339968 0.0740707 0.15723 0.281469 0.183167 0.011311 0.116208 0.0250939 0.0917355 0.0509131 0.104117 0.437398 0.0283064 0.581091 0.15375 0.0292128 0.16784 0.0382799 0.1931 0.422628 0.380819 0.143598 0.127189 0.134329 0.225928 0.163264 0.64869
0.69381 0.765311 0.134822 0.775889 0.336078 0.855221 0.765212 0.950997 0.201507 0.574937 0.679349 0.72158 0.883257 0.94015 0.510603 0.842457 0.772369 0.975708 0.509256 0.917823 0.809995 0.76058 0.66426 0.804677 0.709787 0.79268 0.963719 0.262215 0.975748 0.871182 0.959969 0.960019 0.640127 0.274319 0.474515 0.752674 0.917899 0.562848 0.397842 0.776336 0.761365 0.640015 0.607199 0.816031 0.980449 0.464621 0.302376 0.927451 0.63392 0.396279 0.140942 0.0336297 0.437452 0.317475 0.0221914 0.19194 0.0313022 0.170283 0.380508 0.313099 0.548506 0.541138 0.479112 0.0111601 0.744294 0.133504 0.116982 0.308301 0.570039 0.227719 0.128047 0.93343 0.589861 0.33955 0.0736847 0.156537 0.280021 0.182723 0.011152 0.115276 0.0248348 0.091111 0.0504211 0.103754 0.437891 0.0280489 0.581327 0.152649 0.0289549 0.167267 0.0379462 0.191843 0.422299 0.379611 0.142924 0.126246 0.133505 0.225102 0.162616 0.649397
0.694147 0.766208 0.134309 0.776543 0.335623 0.855508 0.765792 0.951327 0.200855 0.5756 0.679629 0.722197 0.883776 0.940667 0.510012 0.843041 0.772663 0.975991 0.509362 0.918436 0.811076 0.762074 0.664887 0.805485 0.711123 0.793842 0.964089 0.260836 0.976028 0.871726 0.960274 0.960324 0.640434 0.273316 0.475131 0.753317 0.918502 0.56265 0.398351 0.776963 0.761628 0.640717 0.607009 0.816649 0.980675 0.464823 0.301637 0.928049 0.634531 0.395868 0.140134 0.0332353 0.437894 0.316691 0.0219458 0.191248 0.0310475 0.169618 0.379307 0.312392 0.549074 0.54052 0.478902 0.011007 0.744613 0.13267 0.116442 0.308199 0.570218 0.227178 0.127875 0.934156 0.590456 0.339169 0.0733032 0.155827 0.27854 0.182273 0.0109988 0.114362 0.0245786 0.0904891 0.0499336 0.103404 0.438328 0.0278007 0.581481 0.151559 0.0286931 0.166709 0.0376139 0.190572 0.421963 0.378369 0.142303 0.125333 0.132685 0.224297 0.161996 0.65004
0.694517 0.767168 0.133819 0.777169 0.335177 0.855792 0.766373 0.951651 0.200211 0.576275 0.679899 0.722744 0.884275 0.94117 0.509431 0.843599 0.772954 0.976266 0.509447 0.91904 0.812173 0.763564 0.665476 0.806304 0.712468 0.794996 0.964457 0.259483 0.976304 0.872261 0.960566 0.960621 0.640792 0.272262 0.475721 0.753944 0.919108 0.562443 0.398868 0.777567 0.761884 0.641436 0.606761 0.817236 0.9809 0.465046 0.300912 0.928619 0.635189 0.395467 0.139362 0.0328452 0.438319 0.31592 0.0217096 0.190536 0.0308 0.168959 0.378048 0.311706 0.549624 0.539913 0.478629 0.0108567 0.744872 0.131884 0.115905 0.308068 0.570415 0.226703 0.127722 0.93488 0.591048 0.338789 0.0729368 0.155131 0.277104 0.181813 0.0108485 0.113462 0.0243291 0.0898791 0.0494577 0.10307 0.438785 0.0275564 0.581708 0.150475 0.0284377 0.166134 0.0372903 0.189312 0.421606 0.377148 0.14169 0.124405 0.131891 0.223515 0.161367 0.650749
0.69486 0.768104 0.133326 0.777795 0.334717 0.856053 0.766955 0.951974 0.199579 0.576906 0.680131 0.723328 0.884761 0.94167 0.508797 0.844144 0.773278 0.976535 0.509594 0.919635 0.813267 0.765036 0.666081 0.807095 0.713809 0.796125 0.964818 0.258114 0.97657 0.872774 0.960854 0.960911 0.641143 0.271246 0.476311 0.75458 0.9197 0.562225 0.399421 0.778174 0.762115 0.642158 0.60654 0.817805 0.981118 0.465224 0.300204 0.929196 0.635833 0.395052 0.138562 0.0324633 0.438803 0.315165 0.021478 0.189882 0.0305565 0.1683 0.376773 0.310988 0.550204 0.53929 0.478378 0.0107105 0.745145 0.131114 0.115362 0.307964 0.570562 0.226162 0.12756 0.935593 0.591616 0.338382 0.0725643 0.154421 0.275649 0.181375 0.0107015 0.112559 0.0240874 0.0892656 0.0489914 0.102742 0.439264 0.027318 0.581914 0.149409 0.0281943 0.165595 0.0369707 0.188052 0.421269 0.37587 0.141057 0.123494 0.131107 0.222709 0.160747 0.651362
0.695207 0.769015 0.132894 0.778416 0.334275 0.856318 0.767472 0.952289 0.198971 0.577584 0.680399 0.723897 0.885223 0.942156 0.508211 0.844682 0.773581 0.9768 0.50971 0.920217 0.814375 0.766496 0.66667 0.807864 0.715195 0.797293 0.965171 0.256767 0.976832 0.87329 0.961139 0.961194 0.641418 0.270204 0.476944 0.755186 0.920275 0.562023 0.399918 0.778749 0.762324 0.642906 0.606286 0.818396 0.981332 0.465448 0.299488 0.929772 0.63649 0.394669 0.137768 0.0320894 0.439299 0.3144 0.0212525 0.189197 0.030313 0.167654 0.375515 0.310247 0.550807 0.538673 0.4781 0.0105655 0.745383 0.130332 0.11484 0.307859 0.570711 0.225663 0.127432 0.93629 0.592238 0.337978 0.0721943 0.153736 0.274203 0.180955 0.0105597 0.111657 0.0238435 0.0886664 0.048536 0.102428 0.439731 0.0270929 0.582087 0.148355 0.0279574 0.165029 0.0366633 0.186783 0.420967 0.374641 0.140455 0.122596 0.130339 0.221914 0.160123 0.652014
0.695522 0.769922 0.13244 0.779006 0.333816 0.856577 0.76804 0.952593 0.198373 0.578285 0.680592 0.724443 0.885689 0.942634 0.507599 0.845219 0.77386 0.977058 0.509745 0.920803 0.815453 0.767996 0.667298 0.808628 0.716543 0.798423 0.965522 0.255405 0.977089 0.873786 0.961421 0.961471 0.641729 0.269147 0.477601 0.755786 0.920854 0.561816 0.40051 0.779343 0.762527 0.643635 0.606059 0.818998 0.981543 0.465687 0.298777 0.930335 0.637154 0.394273 0.136999 0.0317175 0.439769 0.313581 0.0210305 0.188552 0.0300778 0.167037 0.374226 0.309547 0.551367 0.538014 0.477837 0.0104243 0.745636 0.129541 0.114344 0.307769 0.570881 0.225157 0.127314 0.936986 0.592864 0.33757 0.0718545 0.15307 0.272737 0.180525 0.0104187 0.110771 0.0236077 0.0880757 0.0480745 0.102125 0.440206 0.0268644 0.582269 0.147303 0.0277208 0.164465 0.0363615 0.185538 0.420644 0.373388 0.139884 0.121702 0.129544 0.221174 0.159525 0.6527
0.695851 0.770817 0.13199 0.779595 0.333355 0.856819 0.768607 0.952896 0.197752 0.578954 0.680792 0.724988 0.886143 0.943103 0.506957 0.845762 0.77411 0.977312 0.509835 0.921381 0.816527 0.769473 0.667916 0.809419 0.717892 0.799597 0.965865 0.254031 0.977344 0.874276 0.961697 0.96174 0.642023 0.268088 0.478264 0.756352 0.921426 0.561594 0.401116 0.779917 0.762738 0.644365 0.605821 0.819538 0.981749 0.465898 0.298046 0.930883 0.63781 0.393866 0.13624 0.0313526 0.440281 0.312796 0.0208131 0.187889 0.0298514 0.166412 0.372911 0.308845 0.551953 0.537344 0.477633 0.0102875 0.745848 0.128771 0.113827 0.30764 0.57104 0.224649 0.127205 0.937677 0.593495 0.337174 0.0715099 0.152414 0.271246 0.180098 0.0102812 0.109872 0.0233777 0.0875143 0.0476306 0.101845 0.440706 0.0266459 0.582411 0.146249 0.0274884 0.163959 0.0360605 0.184304 0.420257 0.372072 0.139298 0.1208 0.128782 0.220408 0.158934 0.653361
0.696141 0.771731 0.13158 0.780207 0.33293 0.857046 0.769146 0.953181 0.197165 0.579625 0.68103 0.725558 0.886598 0.943577 0.506368 0.846251 0.774373 0.977558 0.509942 0.921947 0.81763 0.770951 0.668545 0.810189 0.719236 0.800749 0.966197 0.25271 0.977591 0.874729 0.961967 0.962015 0.642337 0.26708 0.478899 0.756933 0.922011 0.561346 0.401728 0.780496 0.762958 0.64506 0.605544 0.82011 0.981952 0.466152 0.297364 0.93142 0.638486 0.393499 0.135499 0.0309909 0.440794 0.312007 0.0206011 0.187221 0.0296272 0.16582 0.371599 0.308172 0.552515 0.536624 0.477383 0.0101554 0.746084 0.127999 0.113333 0.307553 0.571177 0.224163 0.127097 0.93836 0.594133 0.336743 0.0711861 0.151773 0.269813 0.179672 0.0101471 0.108987 0.0231511 0.0869361 0.0471857 0.101545 0.441209 0.0264329 0.582546 0.14519 0.0272653 0.163426 0.0357641 0.183035 0.419875 0.370741 0.138724 0.119915 0.12801 0.219608 0.158348 0.654056
0.696433 0.772628 0.131161 0.780786 0.332508 0.857253 0.769682 0.953464 0.196559 0.580316 0.681279 0.726136 0.887026 0.944037 0.505732 0.846748 0.77461 0.9778 0.51002 0.922509 0.818705 0.772425 0.669204 0.810969 0.72057 0.801872 0.966523 0.251337 0.977833 0.875199 0.962226 0.962271 0.642648 0.266039 0.479533 0.757504 0.922582 0.561166 0.402323 0.781064 0.763187 0.645785 0.605249 0.82067 0.982151 0.466449 0.296695 0.93194 0.639124 0.393121 0.134748 0.0306366 0.441243 0.311212 0.0203932 0.186576 0.0294074 0.165208 0.370251 0.307444 0.553099 0.535926 0.477122 0.0100242 0.746291 0.127215 0.112827 0.3075 0.571332 0.223677 0.127007 0.939027 0.594763 0.336385 0.0708672 0.151146 0.268366 0.179281 0.0100168 0.108107 0.0229314 0.0863637 0.0467484 0.10125 0.441739 0.0262219 0.582711 0.144147 0.0270441 0.162915 0.035474 0.181794 0.419518 0.369407 0.138154 0.119057 0.127246 0.218847 0.157757 0.654726
0.69675 0.773477 0.130742 0.781345 0.332103 0.857485 0.770201 0.953742 0.195984 0.580977 0.681491 0.72671 0.887459 0.9445 0.505032 0.847251 0.774827 0.97804 0.510117 0.923065 0.819776 0.773881 0.669827 0.811742 0.721937 0.803013 0.966843 0.249988 0.978074 0.875663 0.962483 0.962522 0.642935 0.265003 0.480217 0.758097 0.923124 0.56093 0.402942 0.781636 0.763341 0.646555 0.604943 0.821169 0.982345 0.466682 0.295982 0.932452 0.639812 0.392787 0.134007 0.0302884 0.441799 0.310436 0.0201906 0.185953 0.0291928 0.164615 0.368945 0.306733 0.55371 0.535256 0.476888 0.00989492 0.746477 0.126459 0.112339 0.307433 0.57147 0.22323 0.126918 0.939688 0.595441 0.335976 0.0705614 0.150516 0.266922 0.17888 0.00988879 0.107257 0.0227151 0.0858176 0.0463102 0.100991 0.442282 0.0260155 0.582867 0.14312 0.0268286 0.162402 0.0351876 0.180538 0.41917 0.368109 0.137602 0.118174 0.126483 0.218123 0.157177 0.655402
0.697058 0.774341 0.130332 0.781904 0.331686 0.857687 0.770726 0.954018 0.195424 0.581647 0.681707 0.727274 0.887867 0.944946 0.504313 0.847743 0.775043 0.97827 0.510205 0.923602 0.820847 0.775377 0.670428 0.812528 0.723296 0.80414 0.967168 0.248656 0.978307 0.876122 0.962732 0.962771 0.643263 0.263954 0.48092 0.758689 0.923678 0.560673 0.403632 0.782194 0.763493 0.647267 0.60465 0.821709 0.982534 0.466996 0.295299 0.93296 0.640466 0.392424 0.13326 0.0299441 0.442346 0.309647 0.0199922 0.185318 0.0289837 0.164017 0.367655 0.306005 0.554325 0.534553 0.476677 0.00976726 0.746681 0.125731 0.111877 0.307386 0.571568 0.222773 0.126856 0.940332 0.59612 0.335586 0.0702682 0.149866 0.265495 0.178489 0.0097639 0.106389 0.022508 0.0852619 0.0458917 0.100738 0.442792 0.0258147 0.58298 0.142101 0.0266158 0.161935 0.0349121 0.17931 0.418797 0.366778 0.137063 0.11729 0.125725 0.217388 0.156614 0.656066
0.697317 0.775226 0.129954 0.78248 0.331271 0.857878 0.771267 0.95429 0.194838 0.582339 0.681943 0.727812 0.88829 0.945383 0.503674 0.848238 0.775239 0.978504 0.510311 0.924148 0.8219 0.776854 0.671047 0.813306 0.724641 0.805275 0.967485 0.247306 0.978534 0.87657 0.962976 0.963019 0.64355 0.262946 0.481635 0.759256 0.924228 0.56043 0.404261 0.78276 0.763645 0.648055 0.604372 0.822236 0.98272 0.467249 0.294632 0.933463 0.641148 0.392041 0.132548 0.0296039 0.44288 0.308861 0.0197931 0.184704 0.0287798 0.163417 0.366369 0.305286 0.554891 0.533834 0.476449 0.009645 0.746892 0.125016 0.111408 0.307376 0.57166 0.222311 0.126804 0.940977 0.596791 0.335206 0.069973 0.14923 0.264032 0.178128 0.00964036 0.105537 0.0223005 0.0847243 0.0454754 0.100502 0.443396 0.0256176 0.583164 0.141072 0.026409 0.161429 0.0346389 0.17807 0.41841 0.365435 0.136538 0.116407 0.124984 0.216653 0.15606 0.656734
0.697607 0.776078 0.129566 0.783019 0.330846 0.858051 0.771781 0.954546 0.194284 0.58302 0.682137 0.728372 0.888698 0.945804 0.502972 0.84872 0.775436 0.978731 0.510411 0.924687 0.822944 0.778346 0.671702 0.814057 0.725996 0.806423 0.967798 0.245962 0.97876 0.877006 0.963219 0.963265 0.64383 0.261942 0.48236 0.759789 0.924762 0.560175 0.404923 0.783332 0.763753 0.648845 0.604012 0.822772 0.982903 0.467525 0.293939 0.933969 0.641797 0.391689 0.131833 0.0292706 0.443405 0.308046 0.0196015 0.18409 0.0285817 0.16282 0.36503 0.304618 0.55552 0.533104 0.476205 0.00952464 0.747091 0.124298 0.11095 0.307345 0.571839 0.221845 0.126771 0.941623 0.597475 0.334846 0.0696837 0.148603 0.262568 0.177792 0.00952057 0.104699 0.0221026 0.0842025 0.0450659 0.100277 0.443942 0.0254273 0.583295 0.140048 0.0262054 0.160949 0.034372 0.17685 0.418028 0.364068 0.136023 0.115547 0.124253 0.215942 0.155537 0.657381
0.697847 0.776934 0.129194 0.783582 0.330444 0.858237 0.77231 0.954806 0.193747 0.583694 0.682307 0.728923 0.889086 0.946229 0.50229 0.84917 0.775617 0.978954 0.51054 0.925228 0.823979 0.779796 0.67229 0.814823 0.727363 0.807527 0.968103 0.244616 0.97898 0.877437 0.963451 0.963501 0.644093 0.260915 0.48309 0.760335 0.925286 0.559911 0.405583 0.783891 0.76387 0.649635 0.603684 0.823287 0.983084 0.467838 0.293265 0.934462 0.642463 0.391297 0.131122 0.0289441 0.443953 0.307256 0.0194155 0.183458 0.028386 0.16225 0.363692 0.30392 0.556119 0.532378 0.475925 0.00940657 0.747272 0.123594 0.110503 0.307352 0.571992 0.221395 0.126753 0.94226 0.598144 0.334467 0.0694006 0.147998 0.261118 0.17745 0.00940395 0.103862 0.0219057 0.0836873 0.0446514 0.100059 0.444484 0.0252418 0.583441 0.139038 0.0260091 0.160477 0.0341173 0.175626 0.417643 0.36268 0.135494 0.114707 0.123537 0.215209 0.154995 0.658044
0.698101 0.77781 0.128842 0.784126 0.33 0.858414 0.772816 0.955056 0.19321 0.584395 0.682499 0.729459 0.889464 0.946658 0.501622 0.849638 0.775805 0.97917 0.51068 0.925746 0.825021 0.781273 0.672949 0.815551 0.728722 0.808663 0.968406 0.24327 0.979196 0.87784 0.963683 0.963725 0.644403 0.2599 0.483864 0.760852 0.92581 0.559602 0.406295 0.784426 0.763969 0.650372 0.603376 0.823752 0.983263 0.468136 0.292591 0.934946 0.643119 0.3909 0.130416 0.0286215 0.444519 0.306443 0.0192303 0.182851 0.0281953 0.161684 0.362322 0.303201 0.556725 0.531615 0.475635 0.00929063 0.747464 0.122882 0.110062 0.307313 0.572133 0.220954 0.126734 0.942894 0.598821 0.334088 0.0691315 0.147391 0.25966 0.177148 0.00928957 0.103028 0.0217089 0.0831602 0.0442545 0.0998506 0.445042 0.0250595 0.583549 0.13801 0.0258098 0.160017 0.033859 0.174401 0.417274 0.361326 0.134963 0.113852 0.122822 0.214475 0.154469 0.658736
0.698399 0.778679 0.128484 0.784644 0.329603 0.85855 0.773299 0.955303 0.192703 0.585126 0.682678 0.729981 0.88985 0.947076 0.500927 0.850094 0.775955 0.979388 0.510788 0.926271 0.82605 0.782763 0.673605 0.816282 0.73006 0.809788 0.968697 0.241905 0.979411 0.878246 0.963908 0.963949 0.644682 0.258879 0.484608 0.761409 0.926319 0.559257 0.406976 0.78496 0.764066 0.651118 0.603031 0.824241 0.983434 0.468447 0.291897 0.935417 0.643808 0.390479 0.129727 0.0283052 0.445104 0.305638 0.0190446 0.182249 0.0280117 0.161106 0.360949 0.302524 0.557404 0.530854 0.475394 0.0091781 0.747675 0.122188 0.109638 0.307291 0.572305 0.220512 0.126745 0.943505 0.599448 0.333737 0.0688605 0.146792 0.258202 0.176806 0.00917707 0.102201 0.0215191 0.0826506 0.0438592 0.0996239 0.44564 0.0248804 0.58366 0.137031 0.0256212 0.159577 0.0336105 0.173183 0.41691 0.35993 0.134436 0.113011 0.122111 0.213748 0.153933 0.659388
0.698658 0.779528 0.128152 0.78518 0.329193 0.858685 0.773779 0.955539 0.192152 0.585872 0.682882 0.73051 0.890221 0.947489 0.50023 0.850538 0.776116 0.979596 0.510893 0.926779 0.827084 0.78422 0.674272 0.817015 0.731413 0.81091 0.968986 0.240535 0.97962 0.878638 0.964125 0.964168 0.644945 0.257852 0.485386 0.761919 0.926825 0.558969 0.40769 0.785488 0.764174 0.651831 0.602632 0.824742 0.983603 0.468732 0.291197 0.935881 0.644475 0.390115 0.129037 0.0279911 0.445695 0.304835 0.0188657 0.181649 0.0278339 0.160552 0.359528 0.301829 0.558043 0.530139 0.47514 0.00906831 0.747828 0.121467 0.109201 0.3073 0.572479 0.220092 0.126767 0.944113 0.600131 0.333326 0.0685994 0.146206 0.25674 0.176485 0.00906703 0.101382 0.0213291 0.082148 0.0434671 0.099429 0.446192 0.0247051 0.583789 0.136009 0.0254376 0.159132 0.0333639 0.171975 0.416528 0.358538 0.133914 0.112185 0.121401 0.213041 0.153417 0.660044
0.698877 0.780372 0.127789 0.785708 0.328833 0.858804 0.77425 0.955768 0.191647 0.58659 0.683043 0.730993 0.890573 0.94789 0.499483 0.850974 0.776256 0.979803 0.51103 0.927282 0.828116 0.785705 0.674894 0.817762 0.7328 0.811989 0.969272 0.239213 0.979828 0.879038 0.964343 0.964383 0.64519 0.25683 0.486152 0.762456 0.927323 0.558687 0.408415 0.786037 0.764265 0.652572 0.602233 0.825209 0.983769 0.469009 0.290541 0.93634 0.645127 0.389725 0.128369 0.0276841 0.446309 0.304065 0.0186928 0.18106 0.0276551 0.160019 0.358094 0.301092 0.558713 0.529325 0.474916 0.00896009 0.747984 0.120749 0.108789 0.307319 0.572623 0.219681 0.126802 0.944723 0.600822 0.332948 0.0683485 0.14561 0.255307 0.176136 0.00895778 0.100569 0.0211498 0.0816507 0.0430834 0.0992523 0.44683 0.0245296 0.583883 0.135028 0.0252562 0.158709 0.0331229 0.17078 0.416182 0.357102 0.133414 0.111361 0.120726 0.212335 0.152888 0.660684
0.699135 0.78123 0.127461 0.78624 0.32843 0.858927 0.774742 0.955999 0.19115 0.587326 0.683217 0.731504 0.890924 0.948284 0.498763 0.851408 0.77639 0.980008 0.511153 0.927784 0.829177 0.787199 0.675525 0.818517 0.734176 0.813094 0.969554 0.237874 0.98003 0.879422 0.964552 0.964593 0.645497 0.255817 0.48696 0.76297 0.927819 0.558356 0.409186 0.786532 0.764345 0.653344 0.601853 0.825682 0.983929 0.469371 0.289874 0.936798 0.645822 0.389325 0.127715 0.0273825 0.446931 0.303288 0.0185231 0.180483 0.027475 0.159482 0.356697 0.300379 0.559386 0.528535 0.474708 0.00885474 0.7481 0.120051 0.108384 0.307333 0.572744 0.219258 0.126842 0.945324 0.601534 0.33255 0.0681063 0.145039 0.253878 0.175832 0.00885214 0.0997537 0.020973 0.0811698 0.0427076 0.0990914 0.447434 0.0243628 0.584003 0.134042 0.0250836 0.158259 0.0328837 0.169591 0.415795 0.355671 0.132907 0.110545 0.120028 0.21165 0.152391 0.661342
0.699371 0.782042 0.127151 0.786782 0.328021 0.859051 0.775234 0.956223 0.190665 0.588063 0.68336 0.731999 0.891263 0.948673 0.498011 0.851813 0.776521 0.980205 0.511273 0.928272 0.830225 0.788647 0.676175 0.819253 0.735605 0.814175 0.96983 0.236527 0.980228 0.879789 0.964756 0.964793 0.645756 0.254803 0.487795 0.763486 0.928331 0.55801 0.409966 0.787058 0.764434 0.654109 0.601453 0.826138 0.984088 0.469727 0.289201 0.93725 0.646519 0.388913 0.127059 0.0270867 0.44752 0.30253 0.0183602 0.179905 0.0273088 0.158944 0.355262 0.299701 0.560029 0.527744 0.474474 0.00875159 0.748209 0.119363 0.107992 0.307344 0.572871 0.218834 0.126889 0.945909 0.602203 0.332194 0.0678732 0.144453 0.252427 0.175518 0.00874901 0.0989367 0.0207973 0.0806921 0.0423345 0.0989328 0.448053 0.0241989 0.584119 0.133061 0.0249134 0.157832 0.032651 0.168395 0.415435 0.354241 0.132443 0.109729 0.119327 0.210954 0.15188 0.662016
0.699605 0.782866 0.126832 0.787333 0.327631 0.859147 0.775698 0.956442 0.190173 0.588771 0.683539 0.732495 0.891589 0.949063 0.497254 0.852225 0.776652 0.980402 0.511394 0.928755 0.831272 0.7901 0.67681 0.819992 0.736984 0.81527 0.970103 0.23515 0.980422 0.880141 0.964955 0.964995 0.64598 0.253779 0.488635 0.763972 0.928828 0.557682 0.410761 0.787576 0.764449 0.65485 0.601039 0.826603 0.984245 0.470006 0.288553 0.937687 0.647216 0.388521 0.1264 0.0267941 0.448117 0.301739 0.0181966 0.179336 0.0271406 0.158386 0.353809 0.299048 0.560686 0.52694 0.474244 0.00864994 0.748315 0.118688 0.107567 0.307398 0.573019 0.218418 0.126945 0.946485 0.602932 0.33183 0.0676422 0.14387 0.251006 0.175192 0.00864624 0.0981425 0.0206289 0.0802248 0.0419706 0.0987585 0.44868 0.0240362 0.58418 0.132079 0.0247467 0.157407 0.032426 0.16721 0.415087 0.3528 0.131952 0.10892 0.118649 0.210266 0.151385 0.662673
0.699824 0.783716 0.126526 0.787837 0.327275 0.859226 0.776178 0.956648 0.18969 0.58951 0.683721 0.733025 0.891906 0.949448 0.496441 0.852635 0.776762 0.980594 0.511531 0.929233 0.832317 0.791562 0.67744 0.820732 0.738371 0.816387 0.970369 0.233791 0.980617 0.880491 0.965149 0.965194 0.646239 0.252709 0.489442 0.76448 0.929314 0.557321 0.411562 0.788092 0.764478 0.655591 0.60062 0.827038 0.9844 0.470302 0.287858 0.938126 0.647938 0.388157 0.125736 0.0265061 0.448743 0.300957 0.0180347 0.178757 0.026976 0.157839 0.352317 0.298345 0.561363 0.526099 0.473992 0.00855074 0.748416 0.118012 0.10716 0.307461 0.573163 0.218022 0.127031 0.94706 0.603629 0.331431 0.0674218 0.143312 0.249537 0.174905 0.00854547 0.0973525 0.0204577 0.079759 0.0416057 0.0985882 0.449341 0.0238787 0.584256 0.131114 0.0245836 0.156993 0.0321995 0.166003 0.414726 0.351354 0.131472 0.108092 0.11796 0.209579 0.1509 0.663378
0.70002 0.784535 0.126237 0.78833 0.326891 0.859333 0.776645 0.956857 0.189171 0.590259 0.683898 0.733495 0.892225 0.949822 0.495622 0.853044 0.776904 0.980784 0.511621 0.929729 0.833338 0.793003 0.678106 0.821432 0.739789 0.817456 0.970629 0.232454 0.980809 0.880848 0.96534 0.965386 0.646485 0.251716 0.490289 0.764929 0.929772 0.556969 0.41241 0.788595 0.764507 0.656337 0.600215 0.827497 0.984549 0.470624 0.287202 0.938545 0.648639 0.387743 0.125067 0.02622 0.4494 0.300166 0.0178774 0.178206 0.0268227 0.157307 0.350832 0.297661 0.56207 0.52523 0.473758 0.00845306 0.748532 0.117337 0.106755 0.307498 0.573301 0.217656 0.127129 0.947627 0.604356 0.331044 0.0672015 0.142783 0.248082 0.174637 0.00844895 0.0965752 0.0202926 0.0793037 0.0412483 0.0984513 0.449966 0.0237273 0.584303 0.130169 0.0244241 0.15659 0.0319794 0.164794 0.414384 0.349863 0.130997 0.107298 0.117285 0.208941 0.150418 0.664034
0.700209 0.785352 0.12595 0.788832 0.326527 0.859399 0.777109 0.957067 0.188714 0.59098 0.684024 0.733973 0.892526 0.950198 0.494785 0.853445 0.777022 0.980969 0.511711 0.930192 0.834364 0.794474 0.67876 0.822141 0.741195 0.81856 0.970882 0.231111 0.980994 0.881196 0.965523 0.965575 0.646721 0.250716 0.491127 0.765424 0.930248 0.556604 0.413274 0.789103 0.764508 0.657114 0.599762 0.827955 0.984699 0.470994 0.286584 0.938963 0.649346 0.387374 0.124393 0.0259408 0.450034 0.299372 0.0177265 0.177659 0.0266676 0.156791 0.349329 0.297006 0.562744 0.524371 0.473496 0.00835772 0.74865 0.116668 0.106381 0.30756 0.573411 0.217277 0.127222 0.948192 0.60506 0.330702 0.0669905 0.142244 0.246605 0.174383 0.00835436 0.0957921 0.0201302 0.0788597 0.0408903 0.0983152 0.450589 0.0235751 0.584338 0.129212 0.0242678 0.156195 0.0317638 0.1636 0.413993 0.3484 0.130533 0.106491 0.116612 0.208285 0.149944 0.664698
0.700439 0.786195 0.125671 0.78936 0.326143 0.859461 0.77758 0.95727 0.188254 0.59174 0.68415 0.734437 0.892829 0.950559 0.493959 0.853823 0.777084 0.981148 0.511916 0.930654 0.835389 0.795922 0.679342 0.822855 0.742593 0.819669 0.971132 0.229762 0.981176 0.881519 0.965708 0.965757 0.646946 0.249692 0.491986 0.765881 0.93071 0.556251 0.414108 0.789604 0.764524 0.657875 0.599336 0.828396 0.984843 0.471394 0.285945 0.939375 0.650075 0.38698 0.12375 0.0256622 0.45069 0.298589 0.0175721 0.177113 0.026517 0.156259 0.347868 0.29633 0.563449 0.523524 0.473222 0.008264 0.748743 0.116012 0.106005 0.307591 0.573591 0.216905 0.127349 0.948748 0.60582 0.330372 0.0667879 0.141689 0.245156 0.174116 0.00826048 0.095005 0.0199719 0.0784123 0.0405413 0.0981912 0.451244 0.0234277 0.584383 0.128263 0.024113 0.155834 0.0315583 0.162388 0.413592 0.346883 0.130085 0.105693 0.115954 0.207621 0.149482 0.665364
0.700649 0.787008 0.125409 0.789883 0.325781 0.859507 0.778029 0.957463 0.187795 0.592496 0.684309 0.734884 0.89311 0.950917 0.493152 0.854227 0.777132 0.981329 0.512038 0.93112 0.83642 0.797397 0.679954 0.823529 0.744003 0.820776 0.971384 0.228406 0.981352 0.881853 0.965886 0.965936 0.647194 0.248711 0.492892 0.766352 0.931174 0.555894 0.415027 0.790103 0.764527 0.65859 0.598911 0.828834 0.984986 0.471772 0.285353 0.939787 0.650782 0.386586 0.123127 0.0253859 0.451375 0.297807 0.0174247 0.176556 0.0263774 0.155758 0.34635 0.295651 0.564105 0.522608 0.47296 0.00817234 0.748851 0.115352 0.105632 0.307653 0.57371 0.21654 0.127484 0.949292 0.606555 0.329949 0.0665988 0.141142 0.243662 0.173838 0.00816924 0.0942294 0.0198218 0.077979 0.0401872 0.0980697 0.451912 0.0232846 0.584454 0.127314 0.0239676 0.155454 0.0313507 0.161206 0.413202 0.345352 0.129635 0.104894 0.115289 0.206965 0.149023 0.666029
0.700819 0.787847 0.125145 0.790382 0.325414 0.85955 0.778529 0.957653 0.187359 0.593216 0.684422 0.735408 0.893388 0.951265 0.49235 0.854603 0.777179 0.981506 0.512189 0.931576 0.837432 0.798833 0.680622 0.824207 0.745381 0.821856 0.971633 0.227061 0.981527 0.882159 0.966065 0.966112 0.647406 0.247685 0.49379 0.766838 0.931632 0.555501 0.415938 0.790587 0.764495 0.659368 0.598474 0.829268 0.985124 0.472168 0.284714 0.940182 0.651519 0.386156 0.122483 0.025119 0.45205 0.297057 0.0172799 0.176002 0.0262377 0.155256 0.344859 0.294979 0.564833 0.521687 0.472697 0.00808349 0.748972 0.114696 0.105251 0.307717 0.573833 0.216133 0.127623 0.949834 0.607287 0.329561 0.0664147 0.140611 0.242168 0.173605 0.00807807 0.0934488 0.0196694 0.077542 0.0398378 0.0979576 0.452601 0.0231473 0.58447 0.126358 0.0238219 0.155097 0.0311449 0.16001 0.412819 0.34382 0.129185 0.104104 0.114651 0.206311 0.148587 0.666701
0.701007 0.788663 0.124886 0.790898 0.325059 0.859594 0.778997 0.957839 0.186905 0.594002 0.684544 0.735863 0.893658 0.951619 0.491504 0.854956 0.777218 0.981675 0.512302 0.93203 0.838458 0.800318 0.681258 0.824909 0.746773 0.822937 0.971874 0.225685 0.981699 0.88245 0.966231 0.966278 0.647646 0.246658 0.494664 0.767286 0.932083 0.555108 0.416844 0.791068 0.764468 0.660155 0.598024 0.829688 0.985261 0.472529 0.284077 0.940578 0.652245 0.385716 0.121862 0.0248514 0.452762 0.296274 0.0171369 0.175453 0.0260992 0.154765 0.343341 0.294295 0.56553 0.520788 0.472466 0.00799415 0.74908 0.11406 0.104891 0.307844 0.573987 0.21575 0.127781 0.950369 0.608003 0.329219 0.0662165 0.140072 0.240669 0.173356 0.00798901 0.0926873 0.0195197 0.0771193 0.0394977 0.0978487 0.453251 0.0230104 0.584484 0.1254 0.0236783 0.154729 0.0309488 0.158813 0.412435 0.342272 0.128741 0.103328 0.114022 0.205664 0.148153 0.667351
0.70115 0.789463 0.124646 0.791387 0.324693 0.859608 0.77944 0.958015 0.186438 0.594772 0.6846 0.736342 0.893937 0.951965 0.490649 0.855314 0.777248 0.981842 0.51249 0.932468 0.83947 0.801803 0.681906 0.825602 0.748183 0.824027 0.972108 0.224322 0.981869 0.882733 0.966399 0.966446 0.647886 0.245637 0.49556 0.767731 0.932531 0.554716 0.417737 0.791553 0.764439 0.660924 0.597558 0.830097 0.985395 0.472943 0.283437 0.940974 0.653019 0.385293 0.121259 0.0245885 0.453457 0.295496 0.0169997 0.174925 0.0259651 0.154252 0.34178 0.293647 0.5663 0.519878 0.472202 0.00790721 0.749148 0.11341 0.104551 0.307886 0.574099 0.215385 0.127922 0.950903 0.608776 0.328887 0.0660445 0.139539 0.239196 0.17312 0.00790297 0.0919314 0.0193729 0.0766942 0.0391649 0.0977657 0.453998 0.0228788 0.584497 0.124481 0.0235386 0.154366 0.0307485 0.157628 0.412074 0.340772 0.128292 0.102547 0.113381 0.204996 0.147695 0.668018
0.701314 0.790244 0.124431 0.791897 0.324341 0.859617 0.779851 0.958191 0.185981 0.595534 0.684723 0.73686 0.894172 0.952305 0.489815 0.855678 0.777313 0.98201 0.51261 0.932911 0.840475 0.803268 0.682555 0.826272 0.749585 0.825117 0.972347 0.222952 0.982035 0.883032 0.966563 0.96661 0.648162 0.244645 0.496451 0.768141 0.932973 0.554318 0.418703 0.792068 0.764418 0.661669 0.597067 0.830477 0.985525 0.47333 0.282819 0.941372 0.653734 0.384938 0.120671 0.0243358 0.454141 0.294708 0.0168651 0.174402 0.0258344 0.153778 0.340224 0.292985 0.567027 0.518924 0.471949 0.00782342 0.749191 0.112764 0.104199 0.308 0.574223 0.215065 0.128112 0.951421 0.609553 0.32855 0.0658752 0.139008 0.237718 0.172908 0.00781789 0.09118 0.0192287 0.0762712 0.0388339 0.0976804 0.454685 0.022744 0.584513 0.123549 0.0234033 0.154004 0.030554 0.156467 0.411688 0.339234 0.127863 0.101773 0.112755 0.204344 0.147269 0.668646
0.701469 0.79101 0.124204 0.792361 0.323975 0.859629 0.780307 0.958358 0.185557 0.596307 0.684854 0.737349 0.89442 0.952649 0.488982 0.856042 0.777375 0.982171 0.512768 0.933331 0.841495 0.804697 0.68322 0.82695 0.751006 0.826196 0.972578 0.221594 0.982195 0.883299 0.966723 0.966765 0.648384 0.243635 0.497391 0.768613 0.933415 0.5539 0.419614 0.792546 0.764382 0.66243 0.596581 0.830863 0.985657 0.473733 0.282215 0.941751 0.654484 0.384538 0.120076 0.0240849 0.454852 0.293902 0.016732 0.173902 0.0257039 0.153309 0.338646 0.292301 0.567787 0.518001 0.471682 0.00774106 0.749272 0.112119 0.10385 0.308144 0.574339 0.214714 0.128306 0.951941 0.610322 0.328165 0.0656992 0.138492 0.236223 0.17269 0.00773462 0.0904307 0.0190888 0.0758669 0.0385168 0.0976086 0.455399 0.0226183 0.584561 0.122624 0.0232714 0.153626 0.0303627 0.155262 0.411232 0.337661 0.127452 0.101004 0.112105 0.203674 0.146859 0.669292
0.701612 0.791811 0.123994 0.792818 0.323626 0.859637 0.780736 0.958533 0.18512 0.597073 0.684995 0.737793 0.894662 0.95299 0.488141 0.856401 0.77742 0.982332 0.512896 0.933762 0.842491 0.806146 0.683878 0.827631 0.752378 0.82726 0.972806 0.220242 0.982357 0.883587 0.966875 0.966921 0.64858 0.242624 0.498328 0.76902 0.933848 0.553458 0.4206 0.793 0.764336 0.663223 0.596026 0.83126 0.985785 0.474176 0.281582 0.942122 0.655226 0.384139 0.119467 0.0238391 0.455585 0.29313 0.0166048 0.173372 0.025575 0.152839 0.337068 0.291634 0.568499 0.517042 0.471479 0.00766054 0.749333 0.111496 0.103503 0.308258 0.574479 0.214382 0.128506 0.95246 0.611094 0.327823 0.0655296 0.137979 0.234773 0.172483 0.00765366 0.0896877 0.0189511 0.0754664 0.0381974 0.0975423 0.456108 0.0224926 0.584532 0.121698 0.0231428 0.153267 0.0301763 0.154101 0.410814 0.336093 0.127035 0.100246 0.11149 0.203051 0.146438 0.669945
0.701726 0.792617 0.123801 0.793302 0.32329 0.859654 0.78117 0.958688 0.184704 0.597842 0.685119 0.738236 0.894894 0.953322 0.487234 0.856735 0.777411 0.982487 0.51302 0.934201 0.843476 0.807599 0.684527 0.828342 0.753786 0.828341 0.973029 0.218868 0.982516 0.883849 0.96703 0.967067 0.648828 0.241636 0.499305 0.769453 0.934279 0.553018 0.421586 0.793495 0.76425 0.664013 0.595517 0.831649 0.985911 0.474569 0.280988 0.942484 0.655988 0.383714 0.118887 0.0235924 0.45631 0.292335 0.0164725 0.172858 0.0254547 0.152367 0.335457 0.290942 0.569217 0.516054 0.471201 0.00757832 0.749389 0.110884 0.103172 0.308383 0.574552 0.214072 0.128707 0.95297 0.611884 0.327473 0.0653691 0.137482 0.233311 0.172283 0.00757446 0.0889465 0.0188173 0.0750754 0.0378841 0.0974958 0.456809 0.022368 0.584522 0.120794 0.0230151 0.152939 0.0299938 0.152934 0.410408 0.334525 0.126614 0.0995009 0.110863 0.202391 0.146018 0.670593
0.701857 0.793435 0.123595 0.793761 0.322954 0.859644 0.781592 0.958845 0.184304 0.598619 0.685207 0.738705 0.895114 0.95365 0.486351 0.857055 0.777381 0.982641 0.513191 0.934629 0.844458 0.809064 0.685184 0.829016 0.755188 0.829408 0.973249 0.217501 0.982671 0.884119 0.967175 0.967216 0.649044 0.240617 0.500324 0.769883 0.934713 0.552601 0.422595 0.79395 0.764174 0.664757 0.594983 0.83202 0.986037 0.475037 0.280379 0.942852 0.656764 0.383322 0.118304 0.0233469 0.457053 0.291566 0.0163448 0.172327 0.0253333 0.151889 0.333831 0.290272 0.569997 0.515096 0.47096 0.00749858 0.749422 0.110268 0.102838 0.308499 0.574699 0.213732 0.128915 0.953469 0.612654 0.327129 0.0652179 0.13697 0.231824 0.17209 0.00749785 0.0882277 0.0186849 0.0746871 0.0375707 0.0974398 0.457534 0.0222451 0.584487 0.119876 0.0228896 0.152596 0.0298134 0.151786 0.410009 0.332989 0.126217 0.0987563 0.110248 0.201724 0.145617 0.671271
0.701969 0.794221 0.12343 0.794248 0.322612 0.859634 0.782001 0.958999 0.183869 0.59942 0.685266 0.739178 0.895333 0.953969 0.485485 0.857369 0.777405 0.982794 0.51336 0.935055 0.845444 0.810528 0.685803 0.829698 0.756615 0.830484 0.973468 0.216163 0.982823 0.884372 0.967322 0.96736 0.649261 0.239624 0.501333 0.770295 0.935137 0.552104 0.423607 0.794424 0.764081 0.665517 0.594438 0.832368 0.986158 0.475485 0.27985 0.943207 0.657531 0.382891 0.11772 0.0231085 0.457802 0.29077 0.0162191 0.171816 0.0252151 0.151424 0.332199 0.2896 0.570731 0.514105 0.470699 0.00742193 0.749453 0.109652 0.102513 0.308627 0.574856 0.213386 0.12914 0.953951 0.613436 0.326773 0.065083 0.136465 0.230384 0.171919 0.0074222 0.0875181 0.0185559 0.0742907 0.0372688 0.0974029 0.458265 0.022126 0.584472 0.118977 0.0227685 0.152247 0.0296363 0.150637 0.409632 0.331336 0.125826 0.098006 0.109635 0.201088 0.145214 0.671947
0.702083 0.795021 0.123242 0.794709 0.32228 0.85958 0.782437 0.959146 0.183455 0.600189 0.685361 0.739634 0.895549 0.954287 0.484594 0.857729 0.777352 0.982944 0.513527 0.935463 0.846446 0.81196 0.686465 0.830373 0.758016 0.831546 0.973679 0.214842 0.98297 0.884625 0.967465 0.967496 0.649471 0.238661 0.502388 0.770682 0.935562 0.551632 0.424636 0.794863 0.763961 0.666282 0.593842 0.832739 0.986278 0.475996 0.279238 0.943562 0.658276 0.382509 0.117146 0.0228748 0.45854 0.289987 0.0160973 0.171303 0.025103 0.150971 0.330594 0.288938 0.571514 0.513094 0.470456 0.00734875 0.74951 0.109037 0.102201 0.308817 0.574959 0.213079 0.129392 0.954443 0.614233 0.326447 0.064945 0.135974 0.228944 0.17174 0.00734598 0.0868017 0.0184316 0.073918 0.0369709 0.0973835 0.45903 0.0220159 0.584478 0.11807 0.0226508 0.151907 0.0294635 0.149503 0.40925 0.329727 0.125413 0.0972664 0.10902 0.200452 0.144834 0.672604
0.702185 0.795842 0.12304 0.795167 0.321974 0.859549 0.782832 0.959295 0.183088 0.600996 0.68546 0.740057 0.89575 0.954601 0.483633 0.858033 0.777284 0.983089 0.513678 0.935886 0.847448 0.813402 0.687085 0.831047 0.759407 0.832626 0.973889 0.213493 0.983115 0.884856 0.9676 0.967634 0.649641 0.237679 0.503386 0.77107 0.935978 0.551176 0.425726 0.79534 0.763821 0.667021 0.593311 0.83309 0.986397 0.476465 0.278645 0.943913 0.659051 0.382106 0.116554 0.0226419 0.459312 0.2892 0.0159805 0.170818 0.0249914 0.150522 0.328941 0.288257 0.572268 0.512073 0.470192 0.00727641 0.749548 0.10845 0.101897 0.308962 0.575089 0.212742 0.129631 0.95492 0.614994 0.326144 0.0648051 0.135472 0.227498 0.171561 0.00727196 0.0860795 0.0183052 0.0735335 0.0366681 0.097345 0.459793 0.0219068 0.584422 0.11717 0.0225371 0.151592 0.0292946 0.148334 0.408833 0.328119 0.125011 0.0965409 0.108417 0.19981 0.144463 0.673284
0.702288 0.79662 0.12288 0.79564 0.321663 0.85951 0.783251 0.959441 0.182685 0.601798 0.685553 0.740442 0.895959 0.954915 0.482679 0.858357 0.77726 0.983232 0.51388 0.936296 0.848443 0.814798 0.687729 0.831709 0.76083 0.833686 0.974096 0.212121 0.983258 0.885091 0.967734 0.967763 0.649825 0.236704 0.504396 0.771466 0.936381 0.550712 0.426824 0.795824 0.763699 0.667793 0.592742 0.833461 0.986511 0.476922 0.278079 0.944264 0.659797 0.381695 0.11599 0.0224125 0.460079 0.288428 0.0158622 0.170327 0.0248813 0.150081 0.327325 0.287555 0.573034 0.511035 0.469973 0.00720358 0.749539 0.107844 0.101597 0.309116 0.575184 0.21247 0.129905 0.955393 0.615826 0.325835 0.0646788 0.134997 0.226054 0.1714 0.0071997 0.0853688 0.0181853 0.073179 0.0363757 0.0973229 0.460536 0.021797 0.584362 0.11628 0.0224258 0.151274 0.0291293 0.147163 0.408412 0.326456 0.12462 0.0958121 0.107844 0.199183 0.144063 0.673992
0.7024 0.79737 0.122722 0.796087 0.321341 0.859437 0.783647 0.959585 0.1823 0.602608 0.685596 0.740853 0.896148 0.955213 0.481732 0.858686 0.777194 0.983373 0.514015 0.936702 0.8494 0.816211 0.688368 0.832363 0.762232 0.834722 0.9743 0.21076 0.983399 0.885324 0.967863 0.967892 0.650005 0.235704 0.505411 0.771883 0.936784 0.550226 0.427905 0.796271 0.763563 0.668562 0.592199 0.83381 0.986623 0.477363 0.277524 0.944601 0.660531 0.381307 0.115427 0.0221881 0.460874 0.287626 0.0157464 0.169828 0.0247761 0.149641 0.325683 0.286897 0.573844 0.509944 0.469729 0.00713369 0.749544 0.107255 0.101296 0.309294 0.575252 0.212179 0.130186 0.955861 0.616649 0.325479 0.0645536 0.134513 0.22458 0.17123 0.00712842 0.0846533 0.0180651 0.0728116 0.0360862 0.097303 0.461292 0.0216929 0.584299 0.115381 0.022315 0.150963 0.0289669 0.146025 0.407986 0.324805 0.124251 0.0950837 0.107244 0.198559 0.143666 0.674698
0.702477 0.798188 0.122551 0.796553 0.321024 0.859367 0.78401 0.959719 0.181926 0.603411 0.685673 0.741292 0.896329 0.955518 0.480778 0.858994 0.777124 0.983514 0.51419 0.937102 0.85038 0.817635 0.688994 0.833001 0.763635 0.835767 0.974499 0.20942 0.983536 0.885558 0.967985 0.968019 0.650164 0.23476 0.506456 0.772245 0.937179 0.549726 0.429011 0.796714 0.763411 0.66937 0.591617 0.83416 0.986734 0.477847 0.276953 0.944939 0.661319 0.380903 0.114883 0.0219639 0.461674 0.286834 0.0156318 0.169355 0.0246729 0.149205 0.324037 0.286219 0.574607 0.508903 0.469475 0.00706485 0.749534 0.10667 0.101 0.309466 0.575359 0.211864 0.130497 0.956323 0.61742 0.325185 0.064438 0.134019 0.223097 0.171086 0.00705934 0.0839435 0.0179491 0.0724458 0.0357951 0.0973035 0.4621 0.0215895 0.584254 0.114484 0.0222125 0.150669 0.0288035 0.144872 0.407588 0.323119 0.123886 0.0943511 0.10663 0.197945 0.143314 0.675409
0.702587 0.798961 0.122421 0.796978 0.320722 0.85928 0.784381 0.959841 0.181565 0.604274 0.685748 0.741742 0.896508 0.955818 0.47977 0.859294 0.777074 0.983651 0.514373 0.937494 0.851338 0.819046 0.68969 0.83367 0.765043 0.83682 0.974695 0.208062 0.98367 0.885756 0.968105 0.96814 0.650332 0.233712 0.507473 0.772642 0.937589 0.549228 0.430157 0.797151 0.763259 0.67019 0.591016 0.834511 0.986845 0.478359 0.276367 0.945277 0.662087 0.380499 0.114318 0.0217424 0.462448 0.286019 0.0155188 0.16889 0.0245753 0.148762 0.322367 0.285573 0.575422 0.507824 0.469147 0.00699587 0.749528 0.106072 0.100709 0.309619 0.575489 0.211588 0.130795 0.956792 0.618232 0.32486 0.0643263 0.133565 0.221622 0.170943 0.0069914 0.0832443 0.0178306 0.0720855 0.0355106 0.0973316 0.462882 0.0214894 0.584218 0.113605 0.0221091 0.150356 0.0286497 0.143712 0.407148 0.321478 0.123535 0.0936313 0.106043 0.197332 0.142962 0.676087
0.702681 0.799723 0.122275 0.797413 0.32042 0.859189 0.784773 0.95997 0.181191 0.605169 0.685833 0.74216 0.896694 0.956117 0.478798 0.859599 0.777001 0.983783 0.514493 0.937893 0.852304 0.820439 0.69035 0.834307 0.766441 0.837878 0.97489 0.206711 0.983802 0.885957 0.968226 0.968256 0.65048 0.232683 0.50852 0.773006 0.937981 0.548709 0.431312 0.797572 0.763082 0.670969 0.590437 0.834843 0.986952 0.47883 0.275817 0.945603 0.662862 0.380097 0.113771 0.0215264 0.46327 0.285252 0.0154118 0.168419 0.0244795 0.148333 0.32069 0.284899 0.576236 0.506716 0.468899 0.00692868 0.749495 0.105479 0.100417 0.309818 0.575672 0.211289 0.131124 0.957251 0.619031 0.324515 0.0642325 0.133095 0.22017 0.17082 0.00692328 0.082528 0.0177177 0.0717342 0.0352353 0.0973429 0.463676 0.0213906 0.58413 0.112744 0.0220044 0.150056 0.0285009 0.14257 0.406697 0.319785 0.123187 0.0929007 0.105467 0.196716 0.142605 0.676769
0.702774 0.800523 0.122143 0.797856 0.320109 0.859097 0.785145 0.960096 0.180835 0.606031 0.685896 0.742575 0.896869 0.956419 0.477856 0.859918 0.77691 0.983915 0.514624 0.938285 0.853276 0.821868 0.691002 0.83495 0.767867 0.838882 0.975083 0.2054 0.983933 0.886154 0.968343 0.968371 0.650632 0.231694 0.509615 0.773367 0.938374 0.54825 0.432448 0.797998 0.762908 0.671764 0.58985 0.835187 0.987057 0.479296 0.275234 0.945923 0.663636 0.379677 0.113239 0.0213087 0.46408 0.284493 0.0153048 0.167974 0.0243891 0.147916 0.318973 0.28423 0.577043 0.505536 0.46861 0.00686296 0.749508 0.104898 0.100138 0.310013 0.575767 0.211009 0.131448 0.957699 0.619871 0.324203 0.0641341 0.132643 0.218713 0.170678 0.00685764 0.0818374 0.0176069 0.0713896 0.0349519 0.0973708 0.46449 0.0212947 0.584034 0.111873 0.0219101 0.149751 0.0283512 0.141422 0.406227 0.31811 0.12281 0.0921732 0.104888 0.196125 0.142285 0.677427
0.70289 0.801282 0.121997 0.798288 0.319786 0.858972 0.785528 0.960218 0.180461 0.606863 0.685935 0.743001 0.897033 0.956711 0.476818 0.860206 0.776769 0.984045 0.51478 0.938679 0.85424 0.82329 0.691639 0.835599 0.769308 0.839913 0.975273 0.204041 0.984065 0.886345 0.96846 0.968483 0.650812 0.230704 0.510738 0.773725 0.938766 0.547707 0.433633 0.79843 0.762744 0.67255 0.589256 0.835517 0.987158 0.479829 0.274681 0.946231 0.664384 0.379277 0.112712 0.0210974 0.464862 0.28371 0.0152021 0.167522 0.0242974 0.1475 0.317268 0.28356 0.577889 0.504456 0.468375 0.00679897 0.749474 0.104328 0.0998617 0.310182 0.575878 0.210719 0.131786 0.958156 0.6207 0.323827 0.0640407 0.132184 0.217262 0.170573 0.0067931 0.0811447 0.0175003 0.0710329 0.0346775 0.0973925 0.465325 0.0212035 0.583943 0.111004 0.0218115 0.149481 0.0282024 0.140303 0.405752 0.316439 0.122452 0.0914705 0.104308 0.195534 0.14194 0.678105
0.702994 0.802044 0.121875 0.798731 0.3195 0.85886 0.785913 0.960338 0.180125 0.607755 0.686036 0.743397 0.897223 0.956997 0.475802 0.860488 0.776678 0.984177 0.514905 0.939058 0.855214 0.824705 0.69231 0.836224 0.770741 0.840962 0.975461 0.202706 0.984191 0.88653 0.968572 0.968593 0.651007 0.229694 0.511832 0.774083 0.939142 0.547139 0.434839 0.798859 0.762532 0.673308 0.588629 0.835829 0.987261 0.48036 0.274148 0.946544 0.665164 0.378859 0.112184 0.0208894 0.465701 0.28294 0.0151001 0.167056 0.0242092 0.147094 0.315591 0.282907 0.578708 0.503318 0.468121 0.00673592 0.749456 0.103746 0.0995863 0.310383 0.576018 0.210448 0.13214 0.958602 0.621531 0.323482 0.0639456 0.131736 0.215804 0.170453 0.00672912 0.0804509 0.0173933 0.0706832 0.0344026 0.0974426 0.466166 0.0211121 0.583871 0.110129 0.0217236 0.149182 0.028055 0.139163 0.405311 0.31475 0.1221 0.0907644 0.10373 0.194941 0.141625 0.678785
0.703023 0.802768 0.12178 0.799172 0.319196 0.858721 0.78631 0.960449 0.179789 0.608633 0.686095 0.743775 0.897387 0.957276 0.474826 0.86079 0.776568 0.984301 0.515075 0.939428 0.856161 0.826108 0.692937 0.836842 0.772154 0.841986 0.975645 0.201363 0.984317 0.886704 0.968681 0.968705 0.651155 0.2287 0.512939 0.774429 0.939522 0.546604 0.436043 0.799278 0.762293 0.674097 0.587964 0.836156 0.987362 0.480909 0.273605 0.94685 0.665926 0.378452 0.111669 0.0206824 0.466547 0.282125 0.014998 0.166569 0.0241213 0.146702 0.313862 0.282231 0.579578 0.502193 0.467897 0.00667361 0.74941 0.103171 0.0993202 0.310598 0.57613 0.210173 0.132505 0.959038 0.622345 0.323114 0.0638687 0.131284 0.21435 0.170333 0.00666646 0.0797688 0.0172857 0.0703574 0.034136 0.097491 0.467026 0.0210201 0.583779 0.109262 0.0216308 0.148933 0.0279129 0.138026 0.404894 0.313044 0.121769 0.0900744 0.10317 0.194339 0.141272 0.67946
0.703017 0.803537 0.121669 0.799662 0.318908 0.858592 0.786648 0.960558 0.179434 0.609541 0.686221 0.74417 0.897537 0.957544 0.473798 0.861058 0.776426 0.984425 0.515253 0.939798 0.857107 0.827505 0.693571 0.83748 0.773567 0.843021 0.975827 0.200011 0.984441 0.886854 0.968785 0.968812 0.651308 0.227731 0.514115 0.774805 0.93991 0.54607 0.437285 0.79969 0.76209 0.674888 0.587292 0.836449 0.987461 0.481461 0.273041 0.947157 0.666695 0.378038 0.111152 0.0204798 0.467369 0.281411 0.0148998 0.166089 0.024037 0.146311 0.312139 0.281577 0.580475 0.501033 0.467636 0.00661311 0.749369 0.102598 0.0990466 0.310801 0.576246 0.209897 0.132886 0.959471 0.623211 0.322756 0.0637906 0.130823 0.212912 0.170223 0.00660505 0.0790959 0.0171864 0.0700355 0.033873 0.0975372 0.467818 0.0209353 0.583657 0.1084 0.0215423 0.148662 0.0277747 0.136909 0.404474 0.311339 0.121421 0.089372 0.102611 0.193783 0.140936 0.680173
0.703086 0.804289 0.12156 0.800078 0.318596 0.858441 0.787005 0.960662 0.179101 0.610445 0.686254 0.744583 0.897687 0.957818 0.472753 0.861314 0.776265 0.984546 0.515457 0.940163 0.858073 0.828907 0.6942 0.838128 0.774973 0.844077 0.976007 0.198666 0.984563 0.887025 0.968892 0.968912 0.651451 0.226788 0.515289 0.775118 0.940281 0.545535 0.438487 0.800144 0.761827 0.67566 0.586625 0.83676 0.987557 0.482001 0.272513 0.947453 0.667498 0.377633 0.110648 0.0202802 0.468218 0.280614 0.0148037 0.165646 0.0239547 0.145885 0.310406 0.28091 0.581327 0.499867 0.467413 0.00655301 0.749304 0.102044 0.0987914 0.310993 0.576374 0.20962 0.133264 0.959898 0.624085 0.322441 0.0637183 0.130389 0.211459 0.170113 0.00654392 0.0784311 0.017085 0.0697151 0.0336103 0.0976174 0.468674 0.0208516 0.583524 0.10755 0.0214571 0.148388 0.0276422 0.135797 0.403994 0.309617 0.121063 0.0886629 0.102047 0.193197 0.140616 0.680841
0.703126 0.805056 0.121467 0.800497 0.318328 0.858289 0.787366 0.960774 0.17876 0.611299 0.686323 0.744957 0.897826 0.958089 0.471653 0.861595 0.77613 0.984667 0.515656 0.940528 0.85902 0.830286 0.694834 0.838759 0.776354 0.845136 0.976184 0.197314 0.984682 0.887181 0.968994 0.969008 0.651612 0.22577 0.516409 0.775486 0.940657 0.54495 0.439766 0.800574 0.761568 0.67644 0.585921 0.837084 0.98765 0.482531 0.271942 0.947746 0.668339 0.377181 0.110147 0.0200848 0.469056 0.279823 0.0147085 0.165213 0.0238753 0.14548 0.308622 0.280229 0.582227 0.498743 0.467157 0.00649389 0.749253 0.101494 0.0985375 0.311195 0.576534 0.20936 0.133693 0.960317 0.624953 0.322129 0.063651 0.129964 0.20999 0.170024 0.0064842 0.0777696 0.0169865 0.0693954 0.0333526 0.0976805 0.469538 0.0207689 0.583363 0.106699 0.0213751 0.148133 0.0275064 0.134699 0.403544 0.307866 0.120718 0.0879701 0.101505 0.192625 0.140309 0.681552
0.703179 0.805808 0.121376 0.800911 0.318028 0.858127 0.787725 0.960875 0.178419 0.612145 0.686351 0.74537 0.897956 0.958362 0.470593 0.861857 0.775985 0.984784 0.515797 0.940898 0.859952 0.831663 0.695467 0.839379 0.777761 0.846173 0.976361 0.195974 0.984801 0.887325 0.969093 0.96911 0.651797 0.22475 0.517584 0.775848 0.941021 0.544361 0.441042 0.801012 0.76132 0.677249 0.585229 0.837394 0.987747 0.483086 0.27139 0.948027 0.669178 0.376757 0.109637 0.0198866 0.46991 0.27903 0.0146158 0.164771 0.0238001 0.145103 0.306837 0.279586 0.583102 0.497581 0.466897 0.00643532 0.749202 0.100936 0.0982897 0.311422 0.576626 0.209094 0.134088 0.960738 0.625805 0.321795 0.0635891 0.129528 0.208501 0.169937 0.00642679 0.0771115 0.0168898 0.0690729 0.0330986 0.0977534 0.470422 0.0206899 0.583199 0.105867 0.021296 0.147894 0.027376 0.133577 0.403088 0.306118 0.120382 0.0872925 0.100953 0.192055 0.140004 0.682251
0.703198 0.806527 0.121309 0.801341 0.31775 0.85795 0.788112 0.960972 0.178091 0.613027 0.686392 0.745757 0.898068 0.958633 0.469562 0.862109 0.775787 0.984896 0.515962 0.941262 0.860912 0.83306 0.696107 0.840003 0.779196 0.847209 0.976532 0.194641 0.984916 0.887474 0.969191 0.969202 0.651948 0.223753 0.518744 0.776221 0.941391 0.543758 0.442331 0.801433 0.761056 0.678082 0.584531 0.83769 0.987841 0.483617 0.270878 0.948314 0.669984 0.376377 0.10913 0.0196912 0.470823 0.278236 0.014524 0.164342 0.0237208 0.144719 0.305084 0.278939 0.583979 0.496398 0.466618 0.00637846 0.749105 0.100392 0.0980274 0.311656 0.576759 0.208843 0.134511 0.961155 0.626675 0.321489 0.0635263 0.129106 0.207028 0.169846 0.00637121 0.0764569 0.0167948 0.0687559 0.0328486 0.0978381 0.471301 0.0206103 0.58303 0.105024 0.0212162 0.147635 0.0272488 0.132477 0.402613 0.304371 0.120064 0.0866127 0.100413 0.191488 0.139723 0.682971
0.703218 0.807274 0.12124 0.801734 0.317412 0.857767 0.788438 0.961063 0.177746 0.613951 0.686422 0.746117 0.898185 0.958891 0.4685 0.862349 0.775595 0.985009 0.516116 0.941624 0.861841 0.834425 0.696781 0.840631 0.78062 0.84823 0.976701 0.193319 0.985031 0.887625 0.969286 0.969294 0.652113 0.222771 0.519902 0.776571 0.941749 0.54313 0.443682 0.801848 0.76077 0.678893 0.58386 0.837996 0.987932 0.484161 0.270371 0.948599 0.67083 0.375944 0.108644 0.0195009 0.471695 0.277448 0.0144339 0.163898 0.0236526 0.144319 0.303357 0.278244 0.584858 0.495228 0.466381 0.00632328 0.749017 0.0998596 0.097792 0.311875 0.576904 0.2086 0.134948 0.961565 0.627566 0.321182 0.0634691 0.128673 0.205579 0.169782 0.00631488 0.0758011 0.0167014 0.0684473 0.0325999 0.0979329 0.472156 0.0205323 0.582926 0.104183 0.0211351 0.147383 0.0271223 0.131362 0.402107 0.302626 0.119719 0.0859348 0.0998717 0.190957 0.139434 0.683654
0.703196 0.808018 0.121165 0.802145 0.317095 0.857576 0.788815 0.961156 0.177411 0.614866 0.686479 0.746506 0.898311 0.959157 0.467429 0.862611 0.775369 0.985123 0.516324 0.941973 0.862788 0.835812 0.697442 0.841239 0.782024 0.849258 0.976864 0.19196 0.985141 0.887767 0.969381 0.969384 0.652261 0.221759 0.521116 0.776903 0.9421 0.542501 0.444997 0.802279 0.760501 0.679695 0.583147 0.838276 0.98802 0.484712 0.269824 0.948877 0.671688 0.375544 0.108164 0.0193119 0.472582 0.276659 0.0143469 0.16344 0.02358 0.143938 0.301573 0.277613 0.585791 0.494049 0.466126 0.00626807 0.748935 0.0993308 0.0975373 0.312104 0.57699 0.208353 0.135401 0.961969 0.628432 0.320837 0.0634162 0.128237 0.204139 0.169709 0.0062596 0.0751576 0.0166094 0.068131 0.0323505 0.0980075 0.473064 0.0204576 0.582772 0.103347 0.0210654 0.147157 0.0270003 0.130276 0.401634 0.300823 0.119405 0.0852553 0.0993242 0.190391 0.139146 0.68435
0.703188 0.808757 0.121121 0.802549 0.316823 0.857382 0.789187 0.961235 0.177121 0.615762 0.686511 0.746885 0.898407 0.959413 0.466391 0.862861 0.775161 0.985233 0.516523 0.942327 0.863735 0.837191 0.698129 0.841863 0.783416 0.850268 0.977026 0.190643 0.985252 0.887906 0.969467 0.969477 0.652409 0.220795 0.522299 0.777249 0.942443 0.541888 0.446378 0.802702 0.760231 0.680488 0.582378 0.838555 0.988109 0.485284 0.269295 0.949145 0.672517 0.375127 0.107681 0.0191297 0.473452 0.275893 0.0142587 0.162998 0.0235128 0.143563 0.29977 0.276962 0.586685 0.492784 0.465903 0.00621382 0.748882 0.0987922 0.0972796 0.312348 0.577098 0.208102 0.135846 0.962372 0.629347 0.320525 0.0633751 0.127814 0.202694 0.169641 0.00620684 0.0745015 0.0165201 0.067839 0.0321104 0.0981077 0.473969 0.0203827 0.582608 0.102504 0.0209922 0.146932 0.0268777 0.129172 0.401089 0.299001 0.119086 0.0845761 0.0987836 0.189854 0.138854 0.685052
0.70321 0.809479 0.121072 0.802938 0.316586 0.857145 0.789526 0.961309 0.176829 0.616683 0.686556 0.747271 0.898506 0.959669 0.465317 0.863093 0.774956 0.985342 0.516653 0.94269 0.86468 0.838565 0.698769 0.842481 0.784854 0.851298 0.977187 0.189305 0.985362 0.888041 0.969554 0.969563 0.652564 0.219783 0.523532 0.777583 0.942794 0.541233 0.447811 0.803126 0.759944 0.681325 0.581636 0.838841 0.988194 0.485861 0.268787 0.949417 0.673342 0.374728 0.107201 0.0189467 0.474317 0.275115 0.0141711 0.162573 0.0234485 0.143186 0.297999 0.276289 0.587582 0.49156 0.465699 0.00616159 0.748783 0.0982739 0.0970502 0.312623 0.577208 0.207863 0.136324 0.962765 0.630264 0.320156 0.0633406 0.127391 0.201234 0.169551 0.0061539 0.0738587 0.0164348 0.0675535 0.0318708 0.0982115 0.474899 0.020313 0.582455 0.101695 0.0209171 0.146703 0.0267601 0.12809 0.400598 0.297221 0.118763 0.083907 0.0982637 0.189311 0.138571 0.68573
0.703184 0.810182 0.121029 0.803334 0.316289 0.856921 0.789899 0.961385 0.176536 0.617586 0.686595 0.747631 0.898602 0.959922 0.46427 0.863334 0.774728 0.985447 0.516843 0.943034 0.865631 0.839936 0.699446 0.843095 0.786279 0.852308 0.977344 0.18796 0.985466 0.888157 0.969637 0.969643 0.652686 0.218763 0.524747 0.777881 0.943133 0.540577 0.449202 0.803525 0.759621 0.682103 0.580893 0.839121 0.988279 0.486416 0.268267 0.949677 0.67418 0.374281 0.10672 0.0187674 0.475241 0.274329 0.0140885 0.162137 0.0233833 0.142813 0.296215 0.275633 0.588499 0.490295 0.465499 0.00610902 0.748676 0.0977419 0.0968114 0.312868 0.577318 0.207589 0.136807 0.963159 0.631175 0.319819 0.0633128 0.126981 0.199784 0.169512 0.00610179 0.0732164 0.0163478 0.067269 0.0316317 0.0983412 0.475845 0.0202483 0.582268 0.100877 0.0208482 0.146473 0.0266412 0.126992 0.400152 0.295419 0.118457 0.0832522 0.0977403 0.188772 0.138298 0.686439
0.703168 0.810913 0.120988 0.803735 0.316041 0.856684 0.790239 0.961459 0.176262 0.618502 0.686634 0.748048 0.898685 0.960175 0.463172 0.863569 0.774493 0.98555 0.517036 0.943371 0.866572 0.841283 0.700127 0.843687 0.787697 0.853304 0.977503 0.186634 0.985571 0.888267 0.969717 0.969724 0.652825 0.217777 0.525936 0.778176 0.943479 0.539966 0.450617 0.803919 0.759308 0.682969 0.580159 0.839429 0.988363 0.486996 0.267749 0.949942 0.674988 0.373873 0.106263 0.0185923 0.47618 0.273566 0.0140054 0.161713 0.0233191 0.142443 0.294411 0.274985 0.589386 0.489087 0.465259 0.00605874 0.748576 0.0972372 0.0965679 0.313114 0.577457 0.207323 0.137301 0.963545 0.632111 0.319503 0.0632824 0.12658 0.19836 0.169477 0.00605241 0.0725826 0.0162639 0.0669891 0.0313946 0.0984706 0.476799 0.0201828 0.582053 0.100066 0.020783 0.146263 0.0265245 0.12588 0.399648 0.293601 0.118158 0.0825793 0.0972116 0.188257 0.13802 0.68715
0.703146 0.811651 0.120944 0.80413 0.315781 0.856442 0.790588 0.961526 0.175957 0.61943 0.686653 0.748403 0.898768 0.960424 0.462047 0.863811 0.77423 0.985652 0.517207 0.943712 0.867493 0.842665 0.700779 0.844319 0.789102 0.854319 0.977659 0.185307 0.98567 0.888383 0.96979 0.969802 0.652967 0.216774 0.527204 0.778514 0.943816 0.539308 0.452069 0.804366 0.75898 0.68378 0.579345 0.8397 0.988445 0.487614 0.267262 0.950201 0.675798 0.373425 0.105807 0.0184143 0.477106 0.272772 0.0139272 0.161313 0.0232619 0.142062 0.292597 0.274336 0.590321 0.487853 0.465001 0.00600833 0.748456 0.0967223 0.0963335 0.313381 0.577569 0.207104 0.137818 0.963935 0.632988 0.31923 0.0632505 0.126164 0.196939 0.169451 0.00600281 0.0719464 0.0161809 0.0667014 0.0311591 0.0986093 0.477719 0.0201147 0.581852 0.0992401 0.0207221 0.146042 0.0264151 0.124793 0.399144 0.291791 0.117855 0.0819242 0.0967002 0.187722 0.137765 0.687879
0.703109 0.812377 0.120934 0.804528 0.315502 0.856198 0.790933 0.961586 0.175657 0.620365 0.686698 0.74876 0.898863 0.960676 0.460941 0.864028 0.773967 0.985754 0.517414 0.944049 0.868419 0.844018 0.701431 0.844937 0.790534 0.855323 0.97781 0.183979 0.985772 0.888482 0.969861 0.969878 0.653106 0.215797 0.528455 0.778756 0.944161 0.538679 0.453506 0.804736 0.758639 0.68464 0.578589 0.839967 0.988525 0.48823 0.26678 0.950454 0.676626 0.373 0.105337 0.0182396 0.478081 0.271991 0.0138476 0.160915 0.0232025 0.141703 0.290785 0.273672 0.591238 0.486569 0.464753 0.00595884 0.74833 0.0962049 0.0961141 0.313659 0.5777 0.206868 0.138341 0.964314 0.633906 0.318934 0.0632338 0.125787 0.19551 0.169447 0.00595426 0.0713183 0.0161012 0.0664215 0.0309219 0.0987576 0.478688 0.0200512 0.581639 0.0984465 0.0206577 0.145803 0.0263079 0.123724 0.398627 0.28994 0.117556 0.0812693 0.0961674 0.187167 0.137506 0.688576
0.703103 0.813095 0.120931 0.804921 0.315243 0.855971 0.791271 0.961656 0.175398 0.621325 0.686694 0.749102 0.898931 0.960919 0.459816 0.864262 0.77371 0.985855 0.517577 0.944388 0.869338 0.845369 0.702109 0.84553 0.79194 0.856323 0.977957 0.182642 0.985871 0.88858 0.969934 0.969946 0.653208 0.214825 0.529704 0.779037 0.944493 0.538061 0.455014 0.805125 0.758269 0.685488 0.577812 0.840217 0.988605 0.488875 0.266286 0.95071 0.677514 0.372596 0.104871 0.0180681 0.479037 0.271216 0.0137694 0.160512 0.0231447 0.141358 0.288975 0.273029 0.592153 0.485326 0.464466 0.00590993 0.748203 0.0956822 0.0958863 0.313903 0.577789 0.206623 0.13886 0.964691 0.634843 0.318642 0.0632044 0.125392 0.194057 0.16942 0.00590645 0.0706942 0.0160239 0.0661526 0.0306967 0.0989205 0.47966 0.0199908 0.581463 0.0976432 0.0205968 0.145577 0.0262002 0.122657 0.398145 0.288114 0.117243 0.080609 0.0956365 0.186641 0.137251 0.689302
0.703085 0.813795 0.120924 0.805312 0.314946 0.855722 0.791622 0.961719 0.175127 0.622283 0.686697 0.749429 0.899005 0.961158 0.458677 0.864505 0.77345 0.985953 0.517737 0.944731 0.870257 0.846729 0.702805 0.846138 0.793334 0.857329 0.978107 0.181332 0.98597 0.888663 0.970002 0.970012 0.653348 0.213844 0.530983 0.779313 0.944829 0.537347 0.456478 0.805535 0.757888 0.686314 0.577071 0.840503 0.988682 0.489492 0.265796 0.95096 0.678368 0.372181 0.104419 0.0178981 0.479984 0.270417 0.0136926 0.160122 0.0230924 0.140995 0.287145 0.272372 0.593108 0.484014 0.464235 0.00586198 0.748074 0.0951788 0.0956607 0.314156 0.577848 0.20641 0.139423 0.965058 0.635721 0.318303 0.0631801 0.125003 0.19261 0.1694 0.00585904 0.0700879 0.0159477 0.0659018 0.03047 0.0990661 0.48057 0.0199282 0.581257 0.0968179 0.0205377 0.145388 0.026099 0.121584 0.397618 0.286251 0.116965 0.0799641 0.0951233 0.186134 0.136991 0.690028
0.703036 0.8145 0.120918 0.805721 0.314677 0.855438 0.791941 0.96178 0.174851 0.623235 0.686681 0.749772 0.899069 0.961393 0.457543 0.864712 0.773194 0.986049 0.517921 0.945056 0.871188 0.848058 0.703473 0.846736 0.794784 0.858321 0.978253 0.180016 0.986064 0.888741 0.97007 0.97008 0.653433 0.212854 0.532267 0.779589 0.945151 0.536609 0.457931 0.805939 0.757476 0.687166 0.57624 0.840782 0.988759 0.490118 0.265306 0.951206 0.679242 0.371791 0.103958 0.0177294 0.480922 0.269658 0.0136179 0.159725 0.0230403 0.14064 0.28529 0.271734 0.594057 0.482752 0.463991 0.00581568 0.747929 0.0946739 0.0954306 0.314442 0.577939 0.206175 0.139975 0.965421 0.636634 0.317986 0.0631643 0.124606 0.191199 0.169409 0.00581185 0.0694797 0.0158685 0.0656349 0.0302388 0.0992281 0.481581 0.019869 0.581014 0.0960133 0.0204807 0.145168 0.0260005 0.12052 0.397104 0.284407 0.116671 0.0793216 0.0946304 0.185628 0.136757 0.690743
0.702972 0.815226 0.120937 0.806104 0.314375 0.855139 0.792301 0.961839 0.174558 0.624198 0.68673 0.750077 0.899132 0.961632 0.456411 0.864948 0.772894 0.986143 0.5181 0.945393 0.872105 0.849391 0.704121 0.847336 0.796207 0.859321 0.978398 0.178697 0.986156 0.888821 0.970141 0.970144 0.653558 0.211861 0.533557 0.779878 0.945481 0.535944 0.459415 0.806366 0.757065 0.687962 0.575427 0.84105 0.988835 0.490751 0.264819 0.95145 0.680135 0.371363 0.103539 0.0175646 0.481937 0.268867 0.0135473 0.159342 0.0229927 0.140291 0.283441 0.27111 0.594984 0.481445 0.463743 0.00576909 0.747787 0.0941602 0.0952198 0.314688 0.578093 0.205985 0.140537 0.965784 0.637556 0.317637 0.0631508 0.124206 0.189783 0.169394 0.00576676 0.0688674 0.0157914 0.0653688 0.0300191 0.0993966 0.48255 0.0198163 0.58083 0.0952055 0.0204242 0.144964 0.0258978 0.119457 0.396593 0.282505 0.116383 0.078687 0.0941448 0.185127 0.136512 0.691431
0.702926 0.815948 0.120951 0.806479 0.314101 0.854845 0.792642 0.961887 0.174283 0.625133 0.686742 0.750409 0.899194 0.961868 0.455256 0.865181 0.77257 0.986237 0.518316 0.94572 0.873034 0.850736 0.704725 0.84794 0.797606 0.860324 0.97854 0.17739 0.98625 0.888878 0.970201 0.970207 0.653689 0.210856 0.534878 0.780124 0.945806 0.535232 0.460964 0.806756 0.75661 0.688808 0.574593 0.84131 0.988907 0.491429 0.264347 0.951693 0.681008 0.37099 0.103119 0.0174037 0.482941 0.268098 0.0134763 0.158934 0.0229443 0.13992 0.281587 0.270424 0.595979 0.480085 0.463467 0.00572379 0.747604 0.0936564 0.0950112 0.315031 0.578209 0.205784 0.141153 0.966147 0.63849 0.317311 0.0631472 0.123819 0.188353 0.169385 0.00572253 0.0682535 0.0157158 0.0651073 0.02979 0.0995698 0.483493 0.01976 0.580542 0.0944126 0.0203719 0.144783 0.0258024 0.118418 0.396038 0.280666 0.116092 0.0780523 0.0936405 0.184635 0.136293 0.692167
0.702844 0.816661 0.120966 0.806881 0.313827 0.854519 0.792974 0.96194 0.174001 0.626095 0.686786 0.75073 0.899228 0.962095 0.454067 0.865401 0.772263 0.98633 0.518475 0.946046 0.873942 0.852085 0.705358 0.848522 0.799033 0.861303 0.97868 0.176073 0.986342 0.888922 0.970261 0.970272 0.653797 0.209841 0.536181 0.78038 0.946122 0.534551 0.462503 0.807145 0.75618 0.689635 0.573777 0.841586 0.988981 0.492044 0.263901 0.951937 0.681856 0.370594 0.102686 0.0172427 0.483946 0.267353 0.0134039 0.158538 0.0229007 0.139576 0.279742 0.26977 0.596941 0.478774 0.463242 0.00567942 0.747443 0.093171 0.0947981 0.315289 0.578299 0.205588 0.141762 0.966503 0.639411 0.31698 0.0631525 0.123421 0.186903 0.169381 0.00567879 0.0676562 0.0156453 0.0648517 0.0295715 0.0997601 0.484489 0.0197048 0.580261 0.0936447 0.0203193 0.144591 0.0257075 0.117364 0.395513 0.278822 0.115819 0.0774186 0.0931357 0.184139 0.136056 0.692876
0.702799 0.817366 0.121009 0.807259 0.313561 0.854216 0.793293 0.961991 0.173764 0.627035 0.686774 0.751055 0.899252 0.962317 0.452869 0.86563 0.77194 0.98642 0.518621 0.946368 0.874853 0.853404 0.706062 0.849127 0.80044 0.862286 0.978819 0.174747 0.986435 0.888974 0.970317 0.970329 0.653935 0.208854 0.537481 0.780669 0.946434 0.533829 0.464065 0.807516 0.755738 0.690488 0.572937 0.841792 0.989055 0.492733 0.26343 0.952169 0.682759 0.370159 0.102249 0.0170809 0.48496 0.26658 0.013334 0.158149 0.0228576 0.139232 0.277868 0.269134 0.597903 0.477434 0.462969 0.00563582 0.747254 0.0926835 0.0945948 0.315534 0.578436 0.205352 0.142382 0.966855 0.640355 0.316666 0.0631588 0.123045 0.185458 0.169395 0.0056349 0.0670616 0.0155738 0.0646087 0.0293564 0.0999652 0.485531 0.0196542 0.580028 0.0928695 0.0202704 0.144394 0.025611 0.1163 0.394985 0.276947 0.115523 0.0767751 0.0926514 0.183657 0.135831 0.693643
0.70277 0.818086 0.121039 0.807662 0.313325 0.853891 0.793631 0.962027 0.173516 0.627992 0.686744 0.751378 0.899295 0.962547 0.451741 0.865854 0.771621 0.98651 0.518802 0.946687 0.875773 0.85471 0.706694 0.849719 0.801846 0.863267 0.978955 0.173438 0.986522 0.889031 0.970378 0.970383 0.654044 0.207852 0.538844 0.780925 0.946756 0.533108 0.465677 0.807864 0.755297 0.691325 0.572082 0.842058 0.989125 0.493411 0.262965 0.952391 0.683664 0.369737 0.101849 0.0169242 0.486025 0.265819 0.013267 0.157759 0.022813 0.138877 0.276013 0.26851 0.598908 0.476132 0.462755 0.0055931 0.747084 0.0922081 0.0943845 0.315834 0.578584 0.205135 0.143014 0.967209 0.641315 0.316329 0.063162 0.12265 0.183996 0.169367 0.00559298 0.0664648 0.0155032 0.0643645 0.0291391 0.100182 0.486567 0.0196068 0.57974 0.092091 0.0202212 0.144231 0.0255203 0.115243 0.394457 0.275068 0.115248 0.0761337 0.092169 0.183158 0.135622 0.694399
0.702678 0.818781 0.121063 0.808022 0.31308 0.853566 0.793926 0.962072 0.173274 0.62896 0.686715 0.751641 0.899324 0.962772 0.450537 0.866052 0.771265 0.986596 0.519025 0.946999 0.876667 0.856036 0.70734 0.850302 0.803264 0.864231 0.97909 0.172156 0.986607 0.889085 0.970432 0.970438 0.654148 0.206842 0.540162 0.781182 0.947064 0.532338 0.467264 0.808232 0.754838 0.692149 0.571242 0.842323 0.989196 0.494083 0.262535 0.952618 0.684546 0.369332 0.101431 0.0167649 0.487001 0.265039 0.0132 0.157375 0.0227713 0.138533 0.274143 0.267847 0.599868 0.474821 0.462534 0.00555081 0.746908 0.0917273 0.0941854 0.316142 0.578708 0.204916 0.143667 0.967556 0.642274 0.316034 0.0631766 0.12227 0.182549 0.169374 0.00555159 0.0658691 0.0154385 0.0641263 0.0289264 0.100414 0.487586 0.0195585 0.579454 0.0913205 0.0201773 0.144048 0.0254272 0.114217 0.39393 0.273198 0.114963 0.0755164 0.0916845 0.182687 0.135404 0.695157
0.70259 0.819493 0.121112 0.808413 0.312825 0.853244 0.794272 0.962112 0.173008 0.629926 0.686697 0.751951 0.899361 0.962994 0.449311 0.866243 0.770899 0.986685 0.519242 0.947309 0.877568 0.85736 0.708026 0.850899 0.804666 0.865221 0.979225 0.170869 0.986693 0.889125 0.970483 0.970489 0.654302 0.205844 0.541546 0.781437 0.947381 0.53165 0.468864 0.808613 0.754362 0.692995 0.570405 0.84257 0.989266 0.494827 0.262084 0.952845 0.685467 0.368912 0.101022 0.01661 0.488059 0.264307 0.0131336 0.156972 0.0227309 0.138197 0.272249 0.267179 0.60089 0.473491 0.46231 0.00550935 0.746726 0.0912519 0.0939822 0.316434 0.578851 0.204727 0.144331 0.967903 0.64325 0.315713 0.0631952 0.12187 0.181135 0.169394 0.00551022 0.0652706 0.0153705 0.0638847 0.0287256 0.100642 0.48863 0.0195078 0.579185 0.0905449 0.0201368 0.143866 0.0253368 0.113177 0.393426 0.271299 0.114698 0.0748967 0.0911775 0.182195 0.135199 0.695937
0.702542 0.820182 0.12114 0.808784 0.312598 0.852904 0.79462 0.962147 0.172768 0.630925 0.686653 0.752285 0.899361 0.963214 0.448133 0.866444 0.770543 0.98677 0.519406 0.947611 0.878465 0.858688 0.708685 0.851497 0.806074 0.866192 0.979359 0.169572 0.986776 0.889166 0.970535 0.970544 0.654408 0.204871 0.542932 0.781688 0.94769 0.530932 0.470447 0.809001 0.753874 0.693812 0.569545 0.842838 0.989333 0.495535 0.261633 0.953054 0.686392 0.368498 0.100608 0.0164571 0.48914 0.263553 0.0130708 0.15657 0.0226918 0.137851 0.270341 0.266526 0.601902 0.472132 0.46208 0.00546724 0.746524 0.0907632 0.093784 0.316749 0.578978 0.204531 0.145025 0.968245 0.644272 0.315386 0.063228 0.121486 0.179736 0.169438 0.00546964 0.0646871 0.0153061 0.0636579 0.0285179 0.100877 0.489631 0.0194625 0.578914 0.08978 0.0200955 0.143695 0.0252508 0.112132 0.392833 0.269378 0.114427 0.0742819 0.0907014 0.181708 0.134992 0.696658
0.702429 0.820883 0.121197 0.80916 0.312333 0.85257 0.794948 0.962176 0.172515 0.631919 0.686689 0.752563 0.89937 0.963435 0.446915 0.86663 0.770151 0.986853 0.519625 0.947918 0.879352 0.859988 0.709327 0.852074 0.807501 0.867165 0.979487 0.168289 0.98686 0.889192 0.970584 0.97059 0.654513 0.203879 0.544299 0.781936 0.947991 0.530138 0.472071 0.809381 0.753352 0.694677 0.568668 0.843083 0.989398 0.496199 0.261175 0.953273 0.68729 0.368068 0.100179 0.0163091 0.490203 0.26278 0.0130076 0.156186 0.0226556 0.137498 0.268437 0.26588 0.602908 0.470779 0.461842 0.00542653 0.746314 0.0902822 0.0935863 0.317085 0.579086 0.204337 0.145704 0.968579 0.645271 0.315039 0.0632515 0.12112 0.178357 0.169473 0.00542983 0.0640978 0.0152413 0.06343 0.0283195 0.101105 0.490649 0.0194166 0.578651 0.0890115 0.0200577 0.143518 0.0251686 0.111113 0.392282 0.267483 0.114167 0.0736745 0.0902387 0.18124 0.134791 0.697387
0.702298 0.821601 0.121242 0.809516 0.312105 0.852186 0.79526 0.962207 0.172254 0.632881 0.686647 0.752862 0.899381 0.963653 0.445683 0.866802 0.769788 0.986937 0.519835 0.948222 0.880271 0.861281 0.710008 0.852673 0.808887 0.868126 0.979617 0.167012 0.986943 0.889202 0.97063 0.970644 0.654569 0.202874 0.545669 0.782197 0.948297 0.529376 0.473737 0.809729 0.752839 0.695543 0.567742 0.843332 0.989464 0.496919 0.260712 0.953487 0.68819 0.367661 0.0997603 0.0161582 0.491295 0.262008 0.0129457 0.155782 0.0226192 0.137168 0.266522 0.265283 0.603913 0.469406 0.461612 0.00538751 0.746106 0.0898077 0.0933953 0.317403 0.579221 0.20415 0.146387 0.968912 0.646338 0.314743 0.0632888 0.120755 0.176942 0.169507 0.00539042 0.0635111 0.0151794 0.0631883 0.0281146 0.101341 0.491671 0.0193722 0.578338 0.08825 0.020021 0.143344 0.0250868 0.110088 0.391687 0.265572 0.113914 0.0730679 0.0897726 0.180773 0.13461 0.698157
0.702223 0.822292 0.121306 0.809899 0.311828 0.851808 0.795605 0.962232 0.172018 0.633843 0.686634 0.753157 0.899397 0.963867 0.444417 0.866991 0.769392 0.987018 0.520003 0.94852 0.881143 0.862566 0.710706 0.85323 0.810306 0.869097 0.979742 0.165714 0.987022 0.88922 0.970673 0.970696 0.654693 0.201872 0.547116 0.782421 0.948593 0.528617 0.475397 0.810119 0.752311 0.696438 0.566844 0.843576 0.989528 0.497652 0.260299 0.953694 0.689106 0.367246 0.0993698 0.0160113 0.49234 0.261259 0.0128855 0.155414 0.0225866 0.136863 0.264633 0.264654 0.604977 0.467984 0.46137 0.00534973 0.745876 0.0893521 0.0932082 0.317706 0.579366 0.203956 0.147103 0.969237 0.647313 0.314449 0.0633243 0.120382 0.175538 0.169563 0.00535083 0.0629326 0.0151215 0.0629641 0.0279164 0.101589 0.492728 0.019332 0.577982 0.0874963 0.0199845 0.143167 0.0250007 0.109077 0.391134 0.263662 0.113666 0.0724489 0.0893034 0.180312 0.134423 0.698881
0.702123 0.82299 0.121375 0.8103 0.311592 0.851423 0.795894 0.962261 0.171802 0.63485 0.686614 0.753494 0.8994 0.964078 0.443174 0.86718 0.769013 0.987096 0.520168 0.94882 0.882039 0.863847 0.711383 0.853793 0.811712 0.870042 0.979871 0.164442 0.987102 0.889243 0.970711 0.970739 0.654806 0.200882 0.548524 0.782639 0.948891 0.527806 0.477044 0.810494 0.751794 0.697318 0.565947 0.84382 0.989591 0.498398 0.259847 0.9539 0.690017 0.366853 0.0989711 0.0158687 0.493373 0.260515 0.0128249 0.155013 0.0225538 0.136528 0.262701 0.264025 0.605966 0.466542 0.461166 0.00531189 0.745641 0.0888972 0.0930324 0.317999 0.579427 0.203737 0.147837 0.969562 0.64832 0.314118 0.06337 0.120015 0.174155 0.16963 0.00531312 0.0623665 0.0150588 0.0627365 0.0277171 0.101848 0.49377 0.0192898 0.577684 0.0867543 0.0199521 0.143035 0.0249218 0.108073 0.390566 0.261733 0.11341 0.0718513 0.0888372 0.179839 0.134256 0.699606
0.702003 0.823695 0.121438 0.810703 0.311351 0.851028 0.796227 0.962284 0.171566 0.635832 0.686592 0.753761 0.899389 0.964295 0.441897 0.867356 0.768621 0.987175 0.520368 0.949119 0.882932 0.865118 0.712072 0.854357 0.813125 0.871032 0.979991 0.163173 0.987183 0.889247 0.970752 0.970785 0.65492 0.199906 0.549948 0.782853 0.949195 0.526973 0.478759 0.810881 0.75128 0.698213 0.565015 0.844042 0.989655 0.499158 0.259406 0.954099 0.690939 0.366441 0.0985746 0.0157242 0.494455 0.259772 0.0127647 0.154626 0.0225281 0.136201 0.260781 0.263395 0.606973 0.465133 0.460948 0.0052744 0.745419 0.0884322 0.0928388 0.31834 0.579519 0.203548 0.148563 0.969882 0.649303 0.31381 0.0634133 0.119639 0.172759 0.169674 0.00527662 0.0617861 0.0150007 0.0625255 0.0275176 0.102119 0.494884 0.0192541 0.57735 0.0860164 0.019918 0.142894 0.0248441 0.107067 0.389977 0.259825 0.113166 0.0712461 0.0883633 0.179397 0.134062 0.700313
0.701893 0.824367 0.121525 0.811071 0.31108 0.850638 0.796548 0.962311 0.171343 0.636837 0.686571 0.754003 0.899373 0.964506 0.440612 0.867545 0.768184 0.987252 0.52055 0.949413 0.883819 0.866399 0.712759 0.854945 0.814524 0.872012 0.980113 0.161899 0.987259 0.889244 0.970792 0.970825 0.65502 0.198899 0.551348 0.783079 0.949489 0.526201 0.48048 0.811257 0.750731 0.699091 0.56408 0.84428 0.989717 0.499883 0.259003 0.954305 0.691851 0.366033 0.0981928 0.015581 0.495539 0.259007 0.0127086 0.154255 0.0225004 0.135878 0.258854 0.262775 0.608004 0.463689 0.460722 0.00523686 0.745174 0.0879734 0.0926604 0.318705 0.579639 0.203359 0.149312 0.970197 0.650299 0.313478 0.0634554 0.119275 0.171357 0.169739 0.00523966 0.0612126 0.0149452 0.0623113 0.0273222 0.102399 0.495935 0.019218 0.577011 0.0852839 0.0198862 0.142738 0.0247669 0.106066 0.389382 0.257929 0.112912 0.0706434 0.0878967 0.178955 0.133893 0.701083
0.701767 0.825034 0.121603 0.811449 0.310826 0.850217 0.796849 0.962323 0.171121 0.637844 0.686544 0.754295 0.899371 0.964708 0.439365 0.867715 0.767742 0.987329 0.520749 0.949703 0.884697 0.867665 0.71345 0.855513 0.815898 0.872956 0.980232 0.160625 0.987334 0.889234 0.970829 0.970863 0.655073 0.197904 0.552754 0.783317 0.949779 0.525344 0.482216 0.81163 0.750159 0.699964 0.56316 0.844505 0.989777 0.500628 0.258593 0.954496 0.69279 0.365639 0.0977879 0.0154385 0.496634 0.258238 0.0126516 0.153866 0.0224756 0.135564 0.256932 0.262182 0.609026 0.462245 0.460508 0.00520106 0.744958 0.0875117 0.092491 0.319018 0.579731 0.203176 0.150094 0.97051 0.651309 0.31315 0.0635098 0.118936 0.169981 0.169817 0.00520328 0.060644 0.0148906 0.0621035 0.0271304 0.10269 0.497011 0.0191777 0.576644 0.0845205 0.0198566 0.142597 0.0246907 0.105063 0.38876 0.255992 0.112654 0.0700518 0.0874195 0.17849 0.133732 0.701872
0.70159 0.825717 0.121704 0.811825 0.310616 0.849799 0.797184 0.962334 0.170931 0.638867 0.686544 0.754559 0.899344 0.964913 0.438099 0.867914 0.767314 0.987405 0.520912 0.949992 0.885575 0.868933 0.714087 0.856075 0.817286 0.873923 0.980351 0.159356 0.987409 0.889219 0.970863 0.970896 0.655149 0.196901 0.554204 0.783525 0.95007 0.524494 0.483951 0.811993 0.749607 0.700825 0.562184 0.844733 0.989836 0.501417 0.258216 0.954684 0.693714 0.365239 0.0974164 0.0153008 0.497791 0.257445 0.0125971 0.15349 0.0224477 0.135236 0.254998 0.261525 0.610133 0.460775 0.460246 0.0051654 0.744728 0.0870514 0.0923145 0.319342 0.579884 0.202969 0.150901 0.970823 0.652314 0.312848 0.0635728 0.118573 0.168614 0.169899 0.00516647 0.0600846 0.0148379 0.061901 0.0269391 0.102982 0.498132 0.0191442 0.576306 0.0837829 0.0198329 0.142459 0.0246172 0.104068 0.388132 0.254039 0.11242 0.0694633 0.0869583 0.178045 0.133581 0.702633
0.701447 0.826375 0.12182 0.812186 0.310386 0.849347 0.797486 0.962343 0.170699 0.639949 0.686511 0.754828 0.899329 0.965111 0.436791 0.868106 0.76683 0.987478 0.52107 0.950294 0.886436 0.870195 0.714782 0.856637 0.818681 0.874892 0.980469 0.158078 0.987482 0.88922 0.970892 0.97093 0.655288 0.195947 0.555682 0.783744 0.950362 0.523603 0.485714 0.812364 0.749061 0.701722 0.561198 0.844929 0.989894 0.502179 0.257827 0.954874 0.694704 0.364833 0.0970313 0.0151618 0.498921 0.256664 0.0125437 0.153133 0.0224219 0.134923 0.253072 0.260851 0.611196 0.459348 0.459986 0.00513029 0.744461 0.0865907 0.092125 0.319724 0.579992 0.202763 0.151706 0.971129 0.653348 0.312523 0.0636328 0.118219 0.167225 0.169971 0.005131 0.0595277 0.0147832 0.0616913 0.026748 0.103272 0.499264 0.0191085 0.575913 0.0830532 0.0198073 0.142298 0.0245419 0.103073 0.387472 0.252139 0.112173 0.068881 0.0864963 0.177607 0.133413 0.703396
0.701245 0.827074 0.121918 0.812528 0.31015 0.848899 0.797778 0.962351 0.170485 0.64101 0.686467 0.75511 0.899292 0.965313 0.435456 0.868276 0.766347 0.987549 0.5213 0.950584 0.887314 0.871436 0.715447 0.857206 0.820069 0.875849 0.980584 0.1568 0.987553 0.889202 0.970926 0.970965 0.655378 0.19493 0.557145 0.783939 0.950649 0.522714 0.487553 0.812714 0.748464 0.702596 0.560232 0.84513 0.989953 0.502966 0.257419 0.955066 0.69565 0.364439 0.0966619 0.0150269 0.500122 0.255934 0.0124912 0.152797 0.022402 0.134603 0.25113 0.260226 0.612245 0.457889 0.459758 0.00509542 0.744187 0.0861452 0.0919384 0.320031 0.58017 0.202558 0.152535 0.971431 0.654374 0.312193 0.0636956 0.117859 0.165848 0.170068 0.00509618 0.0589808 0.0147299 0.0614833 0.0265595 0.103578 0.500363 0.0190791 0.575496 0.082338 0.0197839 0.142158 0.0244692 0.102098 0.386841 0.250206 0.111925 0.0682923 0.0860371 0.177173 0.133246 0.704203
0.70109 0.827745 0.122019 0.812912 0.309898 0.848458 0.798101 0.962353 0.170266 0.642042 0.686448 0.755373 0.899259 0.96551 0.434179 0.868469 0.765859 0.987622 0.521524 0.950864 0.888185 0.872668 0.716121 0.857774 0.821439 0.876796 0.980699 0.155543 0.987623 0.889179 0.970956 0.970996 0.655454 0.193949 0.558628 0.784133 0.950932 0.521842 0.489374 0.813087 0.747835 0.70351 0.559225 0.845364 0.99001 0.503752 0.257011 0.955257 0.69661 0.364075 0.0962768 0.0148934 0.501271 0.255177 0.0124379 0.152412 0.0223816 0.134283 0.249209 0.259645 0.613327 0.456391 0.459574 0.00506161 0.743919 0.0857072 0.0917638 0.320388 0.580312 0.202373 0.153379 0.971734 0.655392 0.311871 0.0637666 0.117504 0.164482 0.170171 0.00506255 0.0584323 0.0146771 0.0612902 0.0263713 0.103886 0.50153 0.0190509 0.575118 0.0816122 0.0197662 0.14202 0.0244019 0.101121 0.386213 0.248278 0.111681 0.0677171 0.0855686 0.176742 0.133117 0.704997
0.700965 0.828408 0.122108 0.81327 0.309641 0.848007 0.798419 0.962355 0.170066 0.643082 0.686427 0.755624 0.899227 0.965711 0.432817 0.868657 0.765399 0.987691 0.521739 0.951143 0.889055 0.873921 0.716778 0.858355 0.822829 0.877724 0.980812 0.154302 0.987694 0.889118 0.970987 0.971025 0.655579 0.19295 0.560089 0.784324 0.951217 0.520956 0.491167 0.813464 0.747273 0.704396 0.55823 0.845608 0.990065 0.504539 0.256605 0.955445 0.697553 0.363644 0.0959163 0.014758 0.5024 0.254425 0.0123869 0.152048 0.022363 0.13399 0.247266 0.259026 0.614379 0.454938 0.459328 0.00502795 0.743625 0.0852651 0.0915993 0.320731 0.580419 0.202192 0.15422 0.972031 0.656465 0.311574 0.0638276 0.117154 0.163121 0.170268 0.00502876 0.0578923 0.0146279 0.0610973 0.0261837 0.104202 0.502692 0.0190216 0.574725 0.0809044 0.0197428 0.141886 0.0243341 0.100142 0.385575 0.246341 0.111459 0.0671287 0.0851335 0.176319 0.132975 0.705766
0.700762 0.829081 0.122205 0.813634 0.309389 0.847546 0.798734 0.962355 0.169854 0.644141 0.686419 0.755862 0.899181 0.965908 0.431474 0.868842 0.764904 0.987761 0.52194 0.951421 0.889907 0.875138 0.717439 0.858907 0.824208 0.878666 0.980922 0.153025 0.987764 0.889095 0.971016 0.971057 0.655669 0.191972 0.561574 0.78454 0.951503 0.520078 0.493033 0.813824 0.746655 0.705271 0.557282 0.845845 0.99012 0.50532 0.256239 0.955621 0.698509 0.363228 0.0955488 0.0146282 0.503541 0.253679 0.0123363 0.151687 0.0223429 0.133673 0.245331 0.258396 0.615492 0.453437 0.459116 0.00499543 0.743344 0.0848127 0.0914319 0.321069 0.580546 0.201997 0.155079 0.972321 0.657506 0.311263 0.0639044 0.116789 0.161756 0.170378 0.00499541 0.0573536 0.0145788 0.0609023 0.0260013 0.104532 0.503863 0.0189942 0.574296 0.0801862 0.0197269 0.141762 0.0242677 0.0991847 0.384951 0.244387 0.11121 0.0665538 0.0846836 0.175895 0.13284 0.706548
0.700557 0.82974 0.122317 0.814003 0.309121 0.847066 0.799036 0.962351 0.169667 0.645195 0.686407 0.756136 0.899126 0.966106 0.430169 0.869029 0.764408 0.987831 0.522147 0.951704 0.890778 0.876376 0.718097 0.859472 0.825601 0.879591 0.98103 0.151734 0.987833 0.889057 0.971045 0.971082 0.655738 0.190975 0.563051 0.784771 0.951792 0.519171 0.494887 0.814181 0.746017 0.706182 0.55629 0.84607 0.990175 0.506148 0.255859 0.955806 0.699456 0.362829 0.0951684 0.0144983 0.504768 0.252937 0.012288 0.151317 0.0223247 0.133355 0.243385 0.257793 0.616599 0.451918 0.45887 0.00496297 0.743076 0.0843859 0.0912521 0.321464 0.58066 0.201833 0.155971 0.972612 0.658574 0.310949 0.0639795 0.116455 0.160401 0.170518 0.00496254 0.0568182 0.0145295 0.0607144 0.0258227 0.104884 0.505031 0.0189657 0.573941 0.0794807 0.0197134 0.141637 0.0242021 0.0982302 0.384326 0.24246 0.110976 0.0659787 0.0842462 0.175466 0.132707 0.707339
0.700394 0.830402 0.122437 0.814368 0.308894 0.846587 0.799299 0.962343 0.169477 0.646244 0.686402 0.756395 0.899096 0.966302 0.42886 0.8692 0.763877 0.987897 0.522375 0.951983 0.891647 0.877622 0.718778 0.860029 0.826985 0.880542 0.981142 0.150484 0.9879 0.889015 0.971071 0.97111 0.655835 0.189996 0.564577 0.784978 0.952069 0.518261 0.496807 0.814559 0.745355 0.707075 0.555272 0.846276 0.990229 0.507008 0.255477 0.955979 0.700435 0.362423 0.0948105 0.0143676 0.505916 0.252153 0.0122427 0.150951 0.0223115 0.133065 0.241428 0.257166 0.617643 0.4504 0.458671 0.00493151 0.742793 0.0839383 0.091083 0.321811 0.58077 0.201657 0.156858 0.972898 0.659654 0.31065 0.0640592 0.116111 0.159042 0.170633 0.00492989 0.0562862 0.0144819 0.0605226 0.0256395 0.105239 0.506196 0.0189409 0.573542 0.0787888 0.0197006 0.141512 0.0241383 0.0972576 0.383658 0.240513 0.11076 0.0654035 0.0837996 0.175048 0.132573 0.708129
0.700208 0.831065 0.122583 0.814729 0.308704 0.84609 0.799601 0.962342 0.169271 0.647315 0.686391 0.75665 0.899045 0.966493 0.427493 0.869384 0.76332 0.987964 0.522537 0.952268 0.892502 0.878833 0.719455 0.860572 0.828374 0.881466 0.981249 0.149235 0.987968 0.888982 0.971098 0.971136 0.655946 0.189017 0.566051 0.785178 0.952339 0.517323 0.498712 0.814927 0.744706 0.707941 0.554264 0.846468 0.990283 0.507822 0.255125 0.956161 0.701404 0.361997 0.0944389 0.0142411 0.507129 0.251411 0.0121957 0.150584 0.0222968 0.132752 0.239455 0.256577 0.618759 0.448878 0.458384 0.00490039 0.742479 0.083483 0.0909186 0.322168 0.580896 0.201501 0.157769 0.973186 0.660727 0.310356 0.0641401 0.115767 0.157684 0.170759 0.00489798 0.0557494 0.0144347 0.0603332 0.0254603 0.10559 0.507408 0.0189158 0.573072 0.078081 0.0196914 0.141386 0.0240769 0.0962997 0.382975 0.238522 0.110549 0.0648447 0.0833527 0.174643 0.132447 0.708928
0.699982 0.8317 0.122705 0.815074 0.308471 0.845568 0.79991 0.962334 0.169093 0.648402 0.68637 0.756893 0.898992 0.966684 0.426118 0.869557 0.762764 0.988029 0.522784 0.952545 0.89335 0.880035 0.720123 0.86114 0.829757 0.882399 0.981355 0.148019 0.988033 0.888943 0.971119 0.971154 0.656065 0.188052 0.567568 0.785389 0.95261 0.516402 0.500636 0.815287 0.744024 0.708848 0.553195 0.846652 0.990333 0.508678 0.254721 0.956335 0.702373 0.36159 0.0940877 0.0141139 0.508295 0.250712 0.0121506 0.150214 0.022289 0.132443 0.237481 0.255962 0.619859 0.447356 0.458125 0.00486859 0.742172 0.0830467 0.0907679 0.322568 0.581087 0.201344 0.158709 0.973472 0.661796 0.31007 0.0642385 0.115407 0.15633 0.170881 0.00486575 0.0552247 0.0143892 0.0601617 0.0252823 0.105955 0.50863 0.0188951 0.572619 0.0773808 0.0196796 0.141264 0.0240166 0.0953422 0.382324 0.236577 0.110336 0.064283 0.0829386 0.174254 0.132329 0.709715
0.699751 0.832347 0.122835 0.815422 0.308236 0.845043 0.800182 0.962318 0.168905 0.649504 0.686317 0.757124 0.898922 0.966873 0.424793 0.869722 0.76225 0.988093 0.522991 0.952813 0.894206 0.881243 0.720801 0.861703 0.831137 0.88333 0.981457 0.146805 0.988099 0.888887 0.971135 0.971172 0.656177 0.187085 0.569088 0.785589 0.952885 0.515458 0.50257 0.815658 0.743334 0.709785 0.552118 0.846846 0.990385 0.50954 0.254366 0.956496 0.703347 0.361218 0.0937442 0.0139889 0.509515 0.249974 0.0121076 0.149857 0.0222824 0.132133 0.235498 0.255337 0.621009 0.445815 0.457907 0.00483751 0.741874 0.0826021 0.0906151 0.322925 0.581237 0.20117 0.159648 0.97375 0.662889 0.309786 0.0643272 0.115049 0.154983 0.171012 0.00483596 0.0546901 0.0143445 0.0599758 0.025106 0.106333 0.509822 0.018872 0.572174 0.0766924 0.0196722 0.141149 0.0239526 0.0943968 0.381635 0.234645 0.110116 0.0637179 0.0824982 0.17386 0.132221 0.710533
0.699529 0.833 0.123005 0.81576 0.307997 0.844478 0.80049 0.962306 0.168715 0.650566 0.68631 0.757341 0.898869 0.96706 0.423427 0.869883 0.761687 0.988157 0.523194 0.953089 0.895069 0.88245 0.721481 0.862287 0.832484 0.884238 0.981559 0.145581 0.988162 0.888831 0.971151 0.971188 0.656251 0.186105 0.570654 0.785764 0.953154 0.514508 0.504529 0.816018 0.742682 0.71072 0.551109 0.847032 0.990435 0.510401 0.254027 0.956662 0.704318 0.360816 0.0934136 0.0138652 0.510704 0.249208 0.0120634 0.149505 0.0222727 0.13184 0.233551 0.254716 0.622153 0.444216 0.45768 0.00480752 0.741556 0.0821742 0.0904566 0.323302 0.581367 0.200959 0.16058 0.974025 0.663988 0.309501 0.0644231 0.114723 0.153642 0.171167 0.00480535 0.0541722 0.0143034 0.0597974 0.0249336 0.106717 0.511039 0.0188506 0.571668 0.0760109 0.0196658 0.141041 0.0238995 0.0934457 0.380985 0.23269 0.109893 0.0631664 0.0820755 0.173475 0.132106 0.711334
0.699298 0.833636 0.123152 0.816133 0.307767 0.843912 0.800789 0.962285 0.168537 0.65167 0.686277 0.75757 0.898789 0.967246 0.422101 0.87005 0.761114 0.98822 0.523379 0.95336 0.895895 0.883643 0.722168 0.862831 0.833852 0.885151 0.98166 0.144363 0.988224 0.88876 0.971169 0.971205 0.656357 0.185153 0.572172 0.785937 0.953422 0.513572 0.50647 0.816383 0.742013 0.711668 0.550041 0.847252 0.990487 0.51125 0.253666 0.956828 0.705285 0.360389 0.0930821 0.0137432 0.511898 0.248471 0.0120174 0.14915 0.0222634 0.131525 0.231577 0.254099 0.623307 0.442659 0.457457 0.004778 0.741216 0.0817559 0.0902974 0.323645 0.581471 0.200801 0.161562 0.974299 0.665092 0.309234 0.0645237 0.114384 0.152298 0.171322 0.00477618 0.0536548 0.0142622 0.0596219 0.024762 0.107116 0.512252 0.0188309 0.571203 0.0753123 0.0196609 0.140934 0.0238445 0.0925196 0.380259 0.230728 0.10966 0.0626135 0.0816485 0.173072 0.132009 0.712157
0.699075 0.834268 0.1233 0.816476 0.307537 0.84339 0.801085 0.962262 0.168371 0.652759 0.686244 0.757849 0.898703 0.967427 0.420741 0.87021 0.760541 0.98828 0.523552 0.953623 0.896726 0.884808 0.722818 0.86338 0.8352 0.886055 0.981761 0.143153 0.988283 0.888677 0.971181 0.971221 0.656418 0.184163 0.573747 0.786111 0.953685 0.512581 0.50843 0.816738 0.7413 0.712585 0.54894 0.847464 0.990536 0.512104 0.253317 0.956986 0.706257 0.360013 0.0927465 0.0136211 0.51309 0.247721 0.0119745 0.148794 0.0222538 0.131221 0.229629 0.253479 0.624483 0.441093 0.457242 0.00474848 0.740895 0.0813304 0.0901365 0.324026 0.581577 0.200636 0.16253 0.974567 0.666196 0.308925 0.0646388 0.114044 0.150986 0.17148 0.00474667 0.0531359 0.0142206 0.0594476 0.0245898 0.107505 0.513517 0.0188112 0.570722 0.0746434 0.0196545 0.14081 0.023788 0.0916002 0.37955 0.228786 0.109437 0.0620554 0.0812351 0.17269 0.131911 0.712976
0.698856 0.834914 0.123494 0.816844 0.307334 0.842824 0.80139 0.962245 0.168217 0.653896 0.686212 0.758071 0.89862 0.967611 0.419384 0.870361 0.759952 0.988339 0.52375 0.953888 0.897558 0.885999 0.723475 0.863936 0.836551 0.886969 0.981858 0.141921 0.988344 0.888605 0.971199 0.971232 0.656482 0.183192 0.575333 0.786289 0.953956 0.51165 0.51041 0.817083 0.740577 0.713523 0.547847 0.84765 0.990583 0.512978 0.252996 0.957137 0.707254 0.359629 0.0924263 0.0135034 0.514288 0.247001 0.0119316 0.148417 0.0222475 0.130927 0.227632 0.252871 0.62566 0.439542 0.457017 0.00471991 0.74055 0.0808985 0.0899886 0.324386 0.581689 0.20044 0.163522 0.974839 0.667326 0.308617 0.0647552 0.113721 0.149654 0.171635 0.00471748 0.0526286 0.0141829 0.059275 0.024421 0.10793 0.514776 0.0187918 0.570254 0.0739644 0.0196515 0.140702 0.0237335 0.090679 0.378775 0.226811 0.109232 0.0615153 0.0808041 0.172308 0.13182 0.713801
0.698611 0.835531 0.123678 0.8172 0.307077 0.842274 0.801679 0.962211 0.168033 0.655009 0.686163 0.758272 0.898538 0.96779 0.418006 0.870529 0.75936 0.988399 0.523975 0.954149 0.898396 0.887174 0.724149 0.864489 0.837897 0.887873 0.981958 0.140736 0.988403 0.888505 0.971212 0.97124 0.656553 0.18218 0.576955 0.786458 0.954216 0.510667 0.512406 0.817429 0.739829 0.71444 0.546733 0.847847 0.990632 0.513844 0.25265 0.957293 0.708269 0.359225 0.0921129 0.0133873 0.51557 0.246286 0.011891 0.14807 0.0222428 0.130651 0.225666 0.252245 0.626798 0.438006 0.456829 0.00469125 0.740176 0.0804707 0.0898277 0.324747 0.58179 0.2003 0.164542 0.975098 0.668472 0.3083 0.0648708 0.113386 0.148354 0.171795 0.00468892 0.0521286 0.0141417 0.059113 0.0242549 0.10834 0.516033 0.0187749 0.56975 0.0733014 0.0196544 0.140589 0.0236812 0.0897635 0.378094 0.224854 0.109035 0.0609723 0.0803822 0.171925 0.131735 0.714615
0.698367 0.836191 0.123868 0.817529 0.306856 0.841662 0.801967 0.962175 0.167863 0.656101 0.686155 0.758437 0.898466 0.967972 0.416633 0.870676 0.75874 0.988459 0.524148 0.954415 0.899211 0.888344 0.724826 0.865033 0.83924 0.888752 0.982055 0.139511 0.988464 0.888429 0.971221 0.971249 0.656652 0.181216 0.57851 0.786619 0.954483 0.509652 0.514428 0.817771 0.73908 0.715409 0.545624 0.848062 0.990678 0.514749 0.252317 0.957441 0.709274 0.358836 0.0918034 0.0132678 0.516877 0.245546 0.0118512 0.14771 0.0222426 0.130356 0.223675 0.251585 0.627974 0.436457 0.456606 0.00466322 0.739848 0.0800522 0.0896782 0.325102 0.581908 0.20015 0.165581 0.975361 0.669555 0.307977 0.0649925 0.113054 0.147032 0.172014 0.00466145 0.0516196 0.0141043 0.0589598 0.0240854 0.108766 0.517252 0.0187632 0.569196 0.0726246 0.0196524 0.140488 0.0236351 0.0888457 0.377345 0.222885 0.108829 0.0604272 0.0799627 0.171544 0.131635 0.715432
0.698129 0.836845 0.124059 0.817881 0.306621 0.841071 0.802257 0.962139 0.167699 0.657198 0.686109 0.758661 0.898383 0.968158 0.415293 0.870848 0.758111 0.988519 0.524356 0.954675 0.900034 0.889487 0.725477 0.865578 0.84058 0.889642 0.982148 0.138308 0.988522 0.888349 0.971234 0.971259 0.656761 0.18026 0.580136 0.786778 0.954746 0.508649 0.516414 0.818124 0.738301 0.716338 0.544488 0.848244 0.990726 0.515643 0.251985 0.957594 0.710292 0.358433 0.0914967 0.0131505 0.518146 0.244825 0.0118151 0.147364 0.0222403 0.130085 0.221704 0.250964 0.629208 0.434858 0.456331 0.00463563 0.739486 0.0796438 0.0895135 0.325443 0.58205 0.199973 0.166618 0.975614 0.670676 0.30767 0.0651175 0.112704 0.145718 0.172194 0.00463353 0.0511252 0.014065 0.058803 0.0239251 0.109208 0.518516 0.0187507 0.568679 0.0719634 0.0196521 0.140368 0.0235851 0.0879251 0.376673 0.22093 0.108622 0.0598927 0.0795391 0.171192 0.131555 0.716251
0.697877 0.837478 0.124243 0.818253 0.306366 0.84048 0.802566 0.962105 0.167526 0.658335 0.68605 0.75886 0.898303 0.968338 0.413887 0.870996 0.757474 0.988574 0.524539 0.954933 0.900866 0.890645 0.726135 0.866123 0.841913 0.890542 0.982241 0.137105 0.98858 0.888254 0.971246 0.971266 0.656831 0.179281 0.581782 0.786924 0.955008 0.507613 0.518471 0.818468 0.737478 0.717284 0.543364 0.848442 0.990773 0.516569 0.251704 0.95774 0.711294 0.358026 0.091193 0.0130358 0.519433 0.244129 0.0117768 0.146995 0.0222408 0.129797 0.219765 0.250352 0.630397 0.433244 0.456152 0.00460846 0.73913 0.0792223 0.0893471 0.325832 0.582222 0.199814 0.167694 0.975867 0.671797 0.307355 0.0652406 0.112364 0.144423 0.172367 0.00460678 0.0506245 0.0140287 0.058657 0.023763 0.109668 0.5198 0.0187356 0.568179 0.0713039 0.019656 0.140239 0.023535 0.0870467 0.375918 0.218962 0.108414 0.0593595 0.0791213 0.170823 0.131484 0.717066
0.697649 0.838107 0.124432 0.81864 0.306153 0.83985 0.802877 0.962066 0.167392 0.659436 0.686028 0.759037 0.8982 0.968515 0.412489 0.871144 0.756799 0.988631 0.524761 0.955199 0.90169 0.891776 0.726796 0.866651 0.843244 0.891441 0.982332 0.135925 0.988637 0.888142 0.97125 0.971273 0.656881 0.178293 0.583374 0.787111 0.955264 0.506559 0.520528 0.818808 0.736695 0.718288 0.542271 0.84862 0.990819 0.517524 0.251385 0.957884 0.712312 0.35764 0.0908656 0.0129215 0.5207 0.243431 0.0117394 0.146656 0.0222415 0.129498 0.217829 0.249759 0.631585 0.431648 0.455915 0.00458128 0.73877 0.0788168 0.0892123 0.326213 0.582348 0.19965 0.168756 0.976121 0.672941 0.307079 0.0653682 0.112041 0.143133 0.172553 0.00457958 0.0501373 0.0139945 0.0585113 0.0236021 0.110147 0.521076 0.0187187 0.567651 0.0706506 0.0196626 0.140128 0.0234878 0.0861466 0.375175 0.217013 0.108223 0.0588328 0.0787108 0.170454 0.131415 0.7179
0.697386 0.838724 0.124627 0.819026 0.305919 0.839246 0.803172 0.962028 0.167247 0.660582 0.685936 0.75923 0.898102 0.968693 0.411038 0.871305 0.756144 0.988685 0.52496 0.955459 0.902508 0.892928 0.727416 0.867189 0.844576 0.892333 0.982423 0.13474 0.988691 0.888041 0.971257 0.971276 0.656935 0.177316 0.584988 0.787272 0.955518 0.505525 0.52264 0.819179 0.735904 0.719218 0.541198 0.848815 0.990865 0.518469 0.25106 0.958024 0.713337 0.357271 0.0905527 0.0128086 0.521992 0.24271 0.0117031 0.146289 0.0222446 0.129214 0.215858 0.249156 0.632785 0.430025 0.45569 0.00455515 0.738402 0.0783999 0.0890566 0.326568 0.582435 0.199476 0.169852 0.976373 0.674086 0.306793 0.0655032 0.111731 0.141869 0.172775 0.00455379 0.0496529 0.0139613 0.0583607 0.0234385 0.110598 0.522371 0.0187085 0.567132 0.0700102 0.0196705 0.140031 0.0234408 0.0852499 0.374445 0.215061 0.108012 0.0583034 0.0782906 0.170121 0.131373 0.718748
0.697115 0.839352 0.124824 0.819369 0.30568 0.838618 0.803476 0.961986 0.167088 0.66171 0.685908 0.759396 0.89798 0.968869 0.409625 0.87148 0.755484 0.988738 0.525115 0.955714 0.903328 0.894053 0.728065 0.867709 0.845888 0.89321 0.982511 0.133558 0.988745 0.887942 0.971265 0.971278 0.656973 0.176379 0.586641 0.787398 0.955779 0.504477 0.524725 0.819516 0.73505 0.720184 0.540044 0.849013 0.99091 0.51943 0.250734 0.958171 0.714332 0.356862 0.0902504 0.0126991 0.523285 0.241973 0.0116645 0.145944 0.0222467 0.128915 0.213916 0.248567 0.634003 0.428375 0.455472 0.0045292 0.738026 0.0779734 0.0889122 0.326928 0.582558 0.199325 0.170948 0.976623 0.675245 0.30648 0.0656388 0.111395 0.140589 0.172996 0.0045287 0.0491613 0.0139273 0.0582089 0.0232808 0.111069 0.523644 0.0187002 0.566569 0.0693577 0.0196793 0.139941 0.0233941 0.0843588 0.373701 0.213114 0.107801 0.0577744 0.0778892 0.169741 0.131313 0.719581
0.696796 0.839997 0.125036 0.819719 0.305451 0.837974 0.803758 0.961938 0.166924 0.662819 0.685889 0.759576 0.897864 0.969043 0.4082 0.871646 0.754805 0.988791 0.525345 0.955962 0.904139 0.895178 0.728705 0.868239 0.847212 0.89408 0.982603 0.132367 0.988799 0.887809 0.971266 0.97128 0.65705 0.175411 0.588313 0.787557 0.956023 0.503446 0.526839 0.819884 0.734223 0.721162 0.538859 0.849232 0.990952 0.520444 0.25046 0.958307 0.71532 0.356478 0.0899506 0.0125878 0.524597 0.241228 0.0116292 0.145601 0.0222499 0.128626 0.211956 0.247962 0.635239 0.426755 0.455249 0.00450421 0.737655 0.0775689 0.0887677 0.327317 0.582712 0.199154 0.17208 0.976869 0.676421 0.306218 0.0657887 0.111082 0.13932 0.173231 0.00450359 0.048679 0.0138953 0.0580658 0.0231216 0.111553 0.524989 0.018689 0.566086 0.0687202 0.0196904 0.139836 0.0233469 0.0834923 0.372966 0.211158 0.107585 0.0572467 0.0774892 0.169419 0.131273 0.720442
0.69653 0.840594 0.12526 0.82005 0.305228 0.837323 0.804031 0.961885 0.166767 0.663972 0.685877 0.759738 0.897762 0.969214 0.40679 0.87181 0.754107 0.988844 0.525522 0.956212 0.904943 0.896305 0.729333 0.868774 0.848541 0.894959 0.98269 0.131199 0.988849 0.887699 0.97127 0.97128 0.657126 0.174457 0.589974 0.787722 0.956277 0.502363 0.529008 0.820259 0.733377 0.722114 0.537702 0.84941 0.990996 0.521389 0.250202 0.958443 0.716325 0.35612 0.0896528 0.0124791 0.525861 0.240532 0.0115945 0.145257 0.0222539 0.128341 0.210025 0.247373 0.636463 0.425084 0.455057 0.0044785 0.737261 0.0771733 0.0886366 0.32768 0.582827 0.198993 0.173213 0.977114 0.677569 0.305947 0.0659423 0.110769 0.138067 0.173467 0.00447851 0.0481964 0.0138617 0.0579277 0.0229671 0.112046 0.526301 0.0186778 0.565514 0.0680869 0.0197032 0.139748 0.0232977 0.0826405 0.372199 0.209209 0.107376 0.0567241 0.0771027 0.169074 0.131221 0.721303
0.696199 0.841244 0.125488 0.820412 0.304999 0.836645 0.804319 0.961829 0.166592 0.665117 0.685824 0.759906 0.89765 0.969379 0.405378 0.87198 0.753399 0.988896 0.525709 0.956463 0.905756 0.897417 0.73002 0.869313 0.84985 0.895849 0.982777 0.130039 0.988903 0.887577 0.971266 0.971282 0.657236 0.173491 0.591643 0.787887 0.956523 0.501276 0.531188 0.820605 0.732505 0.723066 0.536533 0.84962 0.991037 0.52232 0.249939 0.958577 0.717382 0.355741 0.0893709 0.0123712 0.527164 0.239826 0.0115604 0.144893 0.0222616 0.128063 0.208101 0.246769 0.637688 0.423435 0.454821 0.00445374 0.736852 0.0767775 0.0884893 0.328052 0.582941 0.198823 0.174387 0.977355 0.678723 0.305584 0.0660754 0.110459 0.136815 0.173694 0.00445363 0.0477092 0.0138323 0.0577868 0.0228162 0.11255 0.527589 0.0186697 0.564925 0.0674466 0.0197168 0.139665 0.023256 0.081776 0.371399 0.207268 0.107177 0.0562142 0.076708 0.168699 0.131159 0.722158
0.695933 0.84185 0.125732 0.820768 0.30475 0.835974 0.804641 0.961774 0.166439 0.666281 0.685811 0.760076 0.897519 0.969549 0.403934 0.872147 0.752661 0.988947 0.525942 0.95671 0.906547 0.898516 0.730718 0.869828 0.851143 0.896712 0.982863 0.128887 0.988953 0.887473 0.971269 0.971278 0.657348 0.172527 0.593319 0.788035 0.956777 0.50016 0.533331 0.820948 0.731633 0.724066 0.535343 0.849826 0.991079 0.52324 0.249663 0.958711 0.718399 0.355346 0.0890832 0.0122642 0.528509 0.239138 0.0115259 0.144537 0.0222691 0.12779 0.206124 0.246167 0.638924 0.421749 0.454613 0.00442882 0.736435 0.0763804 0.0883299 0.32842 0.583074 0.198672 0.175568 0.977591 0.6799 0.305248 0.0662302 0.11014 0.135539 0.173943 0.00442989 0.0472358 0.0138017 0.0576521 0.0226635 0.113064 0.52889 0.0186618 0.564378 0.0668082 0.0197307 0.139602 0.0232145 0.0809112 0.370573 0.205301 0.106972 0.0556915 0.0763156 0.168344 0.131128 0.72303
0.695655 0.842472 0.125953 0.821125 0.304515 0.835309 0.804911 0.961717 0.166274 0.667388 0.685741 0.760238 0.897392 0.969722 0.402493 0.872269 0.751929 0.988996 0.526191 0.956958 0.907346 0.899612 0.731435 0.870349 0.852455 0.89756 0.98295 0.127725 0.989006 0.887333 0.97127 0.971275 0.657438 0.171572 0.595013 0.788162 0.95702 0.499057 0.535503 0.821298 0.730749 0.725048 0.534159 0.850014 0.99112 0.524232 0.24939 0.958842 0.719441 0.354935 0.0888148 0.0121583 0.529862 0.238415 0.0114931 0.144189 0.0222761 0.127495 0.204192 0.245585 0.640154 0.420107 0.454399 0.00440491 0.73603 0.0759744 0.0881859 0.328768 0.583196 0.19854 0.176772 0.97783 0.681076 0.304932 0.0663807 0.109813 0.134296 0.174224 0.00440607 0.0467709 0.0137716 0.0575189 0.0225122 0.113585 0.530202 0.0186585 0.563816 0.0661776 0.019745 0.139483 0.0231731 0.0800479 0.369816 0.203371 0.106769 0.055178 0.075923 0.167983 0.131075 0.723944
0.69531 0.843087 0.126184 0.8215 0.304306 0.83461 0.805193 0.961655 0.166143 0.668529 0.685738 0.760408 0.897258 0.969889 0.401031 0.872411 0.751173 0.989044 0.526435 0.957206 0.908141 0.900697 0.732124 0.870867 0.853736 0.898439 0.983037 0.126571 0.989055 0.887196 0.971265 0.971272 0.657496 0.170612 0.596662 0.788308 0.957266 0.497982 0.53769 0.821667 0.729855 0.726006 0.532937 0.850216 0.99116 0.525243 0.249134 0.958965 0.720493 0.354552 0.0885481 0.0120547 0.531135 0.237717 0.0114612 0.143837 0.0222895 0.127217 0.202253 0.244992 0.641413 0.418455 0.45416 0.00438185 0.735583 0.0755843 0.0880517 0.329164 0.583334 0.19839 0.17798 0.978065 0.682273 0.304618 0.0665316 0.109503 0.133037 0.174481 0.00438301 0.0463123 0.0137423 0.0573841 0.0223611 0.1141 0.531527 0.0186512 0.563173 0.0655487 0.019763 0.139379 0.0231359 0.0791962 0.368974 0.201432 0.10656 0.0546711 0.0755414 0.167649 0.131042 0.72477
0.694972 0.843698 0.126415 0.821858 0.304048 0.833878 0.805483 0.961594 0.165984 0.669648 0.685702 0.760559 0.897129 0.970056 0.399579 0.872579 0.750415 0.989093 0.526651 0.957448 0.908924 0.901783 0.732791 0.871401 0.855031 0.899304 0.983121 0.125417 0.989104 0.887062 0.971263 0.971264 0.657592 0.169666 0.598361 0.788474 0.957511 0.49686 0.539863 0.822007 0.728973 0.727001 0.531705 0.850418 0.991201 0.526241 0.248874 0.959096 0.721545 0.354147 0.0882746 0.0119498 0.532467 0.237 0.01143 0.143504 0.0223008 0.12695 0.200299 0.244409 0.64263 0.416787 0.453952 0.00435863 0.735177 0.0751934 0.0879194 0.329529 0.58346 0.198195 0.179212 0.978297 0.683432 0.304316 0.0666882 0.109173 0.131782 0.174731 0.00435982 0.0458446 0.0137142 0.0572524 0.0222108 0.114645 0.532853 0.0186439 0.562585 0.0649252 0.0197829 0.139278 0.0230933 0.0783443 0.368142 0.199485 0.106362 0.0541629 0.0751506 0.167337 0.131016 0.725654
0.694608 0.8443 0.126669 0.822205 0.303817 0.833148 0.805774 0.961522 0.16583 0.670794 0.68566 0.760725 0.896997 0.970223 0.398125 0.872739 0.749665 0.989141 0.526845 0.957689 0.909703 0.902843 0.733458 0.871943 0.856324 0.900164 0.9832 0.124292 0.989151 0.886936 0.971254 0.971264 0.657644 0.168694 0.600021 0.78862 0.957758 0.495722 0.542093 0.822365 0.72808 0.727981 0.53047 0.850612 0.99124 0.527175 0.248615 0.959218 0.722583 0.353748 0.0879996 0.0118463 0.533877 0.236266 0.0113993 0.143172 0.0223129 0.12667 0.198327 0.243825 0.643907 0.415075 0.453731 0.00433581 0.734721 0.0748018 0.0877754 0.329899 0.583554 0.198093 0.180473 0.978522 0.684632 0.304049 0.0668556 0.108853 0.130565 0.174979 0.00433756 0.0453775 0.013684 0.0571273 0.0220602 0.11521 0.534191 0.0186436 0.561941 0.064309 0.0198048 0.139182 0.0230583 0.0775041 0.367367 0.197548 0.106166 0.0536575 0.0747587 0.167014 0.13099 0.726533
0.694275 0.844912 0.126911 0.822555 0.303571 0.832434 0.806058 0.961457 0.165685 0.671933 0.68563 0.760824 0.896856 0.970388 0.396683 0.872878 0.748901 0.989189 0.527019 0.957933 0.910495 0.903903 0.734092 0.872456 0.857628 0.901024 0.983284 0.123167 0.989199 0.886798 0.971245 0.971252 0.657697 0.16774 0.601717 0.788755 0.958 0.494585 0.54434 0.822706 0.727145 0.728981 0.52921 0.850794 0.991278 0.528227 0.248366 0.959341 0.723649 0.353382 0.0877362 0.0117427 0.535219 0.23558 0.0113693 0.142802 0.0223242 0.126385 0.196408 0.24327 0.645205 0.413426 0.453487 0.00431318 0.734291 0.0744122 0.0876428 0.330292 0.583702 0.197962 0.18173 0.978747 0.68583 0.30378 0.0670226 0.108521 0.129366 0.175237 0.00431509 0.0449237 0.0136567 0.0569961 0.0219116 0.115783 0.535556 0.0186405 0.561291 0.0636918 0.0198273 0.139103 0.0230185 0.076668 0.366535 0.195626 0.105978 0.0531623 0.0743594 0.166688 0.130976 0.727409
0.693923 0.845503 0.127173 0.822923 0.303308 0.83169 0.806339 0.961379 0.16556 0.673102 0.685574 0.760946 0.896707 0.970557 0.395157 0.873031 0.748079 0.989234 0.527257 0.958177 0.911278 0.904956 0.734748 0.872973 0.858891 0.901864 0.983366 0.122045 0.989246 0.886636 0.971237 0.971249 0.657749 0.166797 0.603426 0.788887 0.958238 0.493443 0.546561 0.823063 0.726185 0.729972 0.527976 0.850999 0.991319 0.529233 0.248128 0.959463 0.724691 0.352987 0.0874806 0.0116423 0.536564 0.234877 0.0113387 0.142446 0.0223384 0.126124 0.194447 0.242702 0.646441 0.411707 0.453232 0.00429104 0.733823 0.0740251 0.0875083 0.330686 0.583898 0.197782 0.183031 0.978967 0.687045 0.303497 0.0671987 0.108201 0.12816 0.1755 0.00429255 0.0444613 0.0136292 0.0568778 0.0217622 0.116356 0.536925 0.0186395 0.560656 0.063076 0.0198506 0.139014 0.0229817 0.075843 0.365705 0.193691 0.105785 0.0526597 0.0739779 0.16636 0.130974 0.728289
0.693538 0.846116 0.127423 0.823305 0.303071 0.830925 0.806614 0.961306 0.165429 0.674268 0.685544 0.761084 0.896561 0.970716 0.393699 0.873187 0.74727 0.989281 0.527444 0.958414 0.912047 0.905996 0.735433 0.873498 0.860154 0.902685 0.983447 0.120916 0.989293 0.886479 0.971226 0.97124 0.657793 0.165831 0.605162 0.789035 0.958476 0.492295 0.548772 0.823426 0.725238 0.730936 0.526695 0.8512 0.991355 0.530278 0.247884 0.959581 0.725755 0.352636 0.0872278 0.0115432 0.537929 0.234177 0.0113104 0.142116 0.0223517 0.125837 0.192511 0.242114 0.64772 0.410046 0.453019 0.00426969 0.733329 0.0736445 0.0873641 0.33107 0.584055 0.197654 0.184341 0.979192 0.688271 0.303214 0.0673786 0.107878 0.126935 0.175759 0.00426979 0.0440143 0.0136035 0.0567542 0.021616 0.116949 0.538271 0.0186401 0.560044 0.0624693 0.0198765 0.138934 0.0229469 0.0750202 0.364896 0.191777 0.105594 0.0521626 0.0735978 0.166059 0.130989 0.729182
0.693178 0.846722 0.127712 0.823673 0.30285 0.830169 0.80693 0.961227 0.165294 0.675435 0.685498 0.761213 0.896439 0.970882 0.392184 0.873319 0.746456 0.989327 0.527589 0.958651 0.912813 0.907023 0.736109 0.874011 0.861408 0.90352 0.983523 0.119807 0.989338 0.886329 0.971215 0.971231 0.657891 0.164861 0.606885 0.789195 0.958714 0.491086 0.551025 0.823811 0.724288 0.731959 0.525379 0.851399 0.991391 0.531314 0.247678 0.959697 0.726829 0.352257 0.0869803 0.0114463 0.539311 0.233512 0.0112811 0.141776 0.022368 0.125568 0.190575 0.241502 0.649002 0.408348 0.452776 0.0042487 0.732866 0.0732532 0.0872373 0.331431 0.584172 0.19751 0.18565 0.979411 0.689483 0.302916 0.0675562 0.107543 0.125739 0.176037 0.00424776 0.0435677 0.0135801 0.0566291 0.0214718 0.117548 0.539644 0.0186375 0.559381 0.0618725 0.0199044 0.138873 0.0229132 0.0742036 0.364053 0.189819 0.1054 0.0516686 0.0732015 0.16575 0.130971 0.730087
0.692804 0.84733 0.127988 0.824035 0.302607 0.829378 0.807243 0.961144 0.165171 0.6766 0.685497 0.761333 0.896288 0.971043 0.39066 0.873461 0.74565 0.989371 0.52775 0.958891 0.913577 0.908052 0.736786 0.874526 0.862673 0.904356 0.983601 0.118695 0.989382 0.886167 0.971203 0.971222 0.657992 0.163892 0.608632 0.789335 0.958953 0.489905 0.553296 0.824188 0.723311 0.732968 0.524054 0.851619 0.991427 0.532381 0.24749 0.959804 0.727884 0.351896 0.0867245 0.0113472 0.540699 0.232796 0.0112538 0.141452 0.0223842 0.125288 0.18866 0.240923 0.650296 0.406642 0.452567 0.00422699 0.732386 0.0728656 0.0870972 0.33181 0.584319 0.197347 0.18697 0.979629 0.690696 0.302667 0.0677398 0.107218 0.124546 0.176329 0.00422643 0.0431187 0.0135587 0.0565058 0.0213278 0.118141 0.54105 0.0186404 0.558722 0.0612714 0.0199333 0.138797 0.0228813 0.073397 0.363164 0.187895 0.105209 0.0511831 0.0728061 0.165436 0.130974 0.730978
0.692473 0.84797 0.128262 0.824382 0.302352 0.828594 0.807545 0.961063 0.165041 0.677745 0.685467 0.761482 0.896138 0.971202 0.389146 0.873627 0.744781 0.989415 0.527926 0.959125 0.91433 0.909083 0.737414 0.875035 0.863913 0.905183 0.983678 0.117602 0.989426 0.885984 0.97119 0.971209 0.658034 0.162945 0.610363 0.789478 0.959184 0.488675 0.555559 0.824545 0.722308 0.733999 0.522698 0.851819 0.991464 0.533399 0.247292 0.959913 0.728949 0.351527 0.0864794 0.0112509 0.542111 0.23214 0.0112268 0.141103 0.0224013 0.12501 0.18674 0.240351 0.651586 0.404918 0.452291 0.0042062 0.731935 0.0724841 0.0869572 0.332172 0.584453 0.197194 0.188349 0.979844 0.691943 0.302381 0.0679201 0.106905 0.123334 0.176607 0.00420522 0.042681 0.0135365 0.0563923 0.0211895 0.11875 0.542468 0.0186421 0.558004 0.0606868 0.0199632 0.138719 0.0228487 0.0725973 0.362357 0.185982 0.10503 0.0507002 0.0724345 0.165133 0.130994 0.731902
0.692142 0.848556 0.128533 0.82473 0.302133 0.827799 0.807845 0.960979 0.164926 0.678903 0.685392 0.761612 0.895993 0.971365 0.387632 0.873765 0.74392 0.989459 0.528073 0.959355 0.915103 0.910103 0.738092 0.875534 0.865151 0.906003 0.983752 0.116498 0.989468 0.885816 0.971177 0.971198 0.658112 0.162001 0.612139 0.789614 0.959415 0.487519 0.557889 0.824885 0.721326 0.734984 0.52139 0.852013 0.9915 0.534417 0.247078 0.960022 0.73004 0.351182 0.0862338 0.0111554 0.543514 0.231491 0.0111993 0.140775 0.0224194 0.124743 0.184819 0.239753 0.652882 0.403167 0.452102 0.00418546 0.731437 0.0721026 0.0868123 0.332571 0.584587 0.197052 0.189721 0.980056 0.693151 0.302097 0.0680975 0.106575 0.122135 0.176909 0.00418482 0.0422359 0.0135138 0.0562797 0.0210506 0.119374 0.543849 0.0186479 0.557318 0.0600999 0.0199984 0.138658 0.0228213 0.0717889 0.361491 0.184078 0.104836 0.0502213 0.0720596 0.164843 0.131011 0.732835
0.691759 0.849149 0.128818 0.825085 0.301866 0.82697 0.808166 0.960886 0.16482 0.680062 0.685363 0.761714 0.895829 0.971521 0.386113 0.873906 0.743092 0.989502 0.528267 0.959584 0.915866 0.911122 0.738735 0.87604 0.866424 0.906815 0.983826 0.115389 0.989511 0.885645 0.971162 0.97118 0.658186 0.161054 0.613913 0.78975 0.959645 0.486295 0.560212 0.825257 0.720324 0.735997 0.52002 0.852221 0.991536 0.53548 0.246892 0.960132 0.731113 0.350761 0.0859808 0.0110608 0.544922 0.230825 0.0111724 0.140416 0.0224382 0.124478 0.182938 0.239199 0.654175 0.401417 0.451847 0.004165 0.730924 0.0717238 0.0866835 0.332934 0.584739 0.196919 0.191125 0.980265 0.694345 0.301811 0.0682871 0.106267 0.12096 0.17724 0.00416492 0.0418061 0.0134909 0.056161 0.0209106 0.120005 0.545245 0.0186552 0.556625 0.0595164 0.0200301 0.138586 0.0227884 0.0709938 0.36063 0.182193 0.104658 0.0497387 0.0716834 0.164566 0.131 0.733729
0.691376 0.849752 0.1291 0.825445 0.301648 0.826155 0.808456 0.960792 0.164695 0.681254 0.685297 0.761803 0.895665 0.971676 0.384621 0.874078 0.7422 0.989545 0.528428 0.959816 0.916612 0.912116 0.739369 0.876557 0.867679 0.907634 0.983899 0.114314 0.989552 0.885461 0.971149 0.971164 0.658267 0.16011 0.61563 0.789861 0.959876 0.485045 0.562508 0.825612 0.719263 0.736988 0.518696 0.852405 0.991572 0.536579 0.246708 0.96024 0.732199 0.350446 0.0857497 0.010966 0.546333 0.230139 0.0111473 0.140084 0.0224548 0.124201 0.181041 0.238604 0.655489 0.399694 0.451628 0.00414412 0.730379 0.0713515 0.0865351 0.333308 0.584861 0.196751 0.192549 0.980473 0.695565 0.301493 0.0684779 0.105961 0.119794 0.17755 0.00414542 0.0413819 0.0134716 0.0560497 0.0207681 0.120647 0.546673 0.0186601 0.555932 0.0589359 0.0200659 0.138521 0.0227567 0.0702139 0.359744 0.180297 0.104462 0.0492539 0.0713066 0.164302 0.131045 0.734644
0.690944 0.850352 0.129386 0.825766 0.30141 0.825317 0.808733 0.960697 0.164582 0.682434 0.685278 0.761894 0.895501 0.971833 0.383119 0.874218 0.741304 0.989584 0.528564 0.960044 0.917374 0.913112 0.740009 0.877065 0.86892 0.908433 0.98397 0.113217 0.989594 0.885282 0.971133 0.97115 0.658273 0.159164 0.617319 0.790018 0.960105 0.483825 0.564876 0.825948 0.718248 0.738018 0.517368 0.852626 0.991605 0.537659 0.24653 0.960336 0.733291 0.350079 0.0855154 0.010874 0.547778 0.229462 0.0111227 0.139728 0.0224748 0.123929 0.17915 0.238044 0.656771 0.397922 0.451401 0.00412448 0.729843 0.070996 0.0863977 0.333681 0.584975 0.196597 0.193959 0.980682 0.6968 0.301223 0.0686722 0.105648 0.118645 0.1779 0.0041256 0.0409536 0.0134511 0.0559342 0.020632 0.121309 0.548085 0.0186656 0.555195 0.0583563 0.0201024 0.138437 0.0227271 0.0694359 0.35887 0.178402 0.104279 0.0487719 0.0709451 0.164009 0.131074 0.735573
0.690539 0.850934 0.129688 0.826133 0.301163 0.824485 0.809031 0.960594 0.164457 0.68364 0.685283 0.762017 0.895334 0.971988 0.381591 0.874352 0.740425 0.989625 0.528815 0.960282 0.918112 0.914102 0.740636 0.877569 0.870134 0.90923 0.984038 0.112154 0.989634 0.885102 0.971114 0.971124 0.658301 0.158237 0.619077 0.790144 0.960327 0.482584 0.56723 0.826314 0.717135 0.73907 0.516032 0.852819 0.991639 0.538736 0.246352 0.960438 0.734388 0.349698 0.0852776 0.0107824 0.549237 0.228817 0.0110983 0.139372 0.0224972 0.123658 0.177251 0.237464 0.658081 0.396174 0.451177 0.00410482 0.729283 0.0706309 0.0862668 0.334057 0.585052 0.196463 0.19541 0.980887 0.698064 0.300918 0.0688775 0.105333 0.117498 0.178237 0.00410629 0.0405282 0.0134313 0.0558292 0.0204978 0.121962 0.549521 0.0186701 0.554455 0.057785 0.0201446 0.138377 0.022699 0.0686609 0.357982 0.176492 0.104096 0.0482939 0.0705729 0.163726 0.131117 0.736501
0.690107 0.851526 0.129992 0.82649 0.300905 0.823624 0.809316 0.960491 0.164336 0.684828 0.685267 0.762103 0.895161 0.972141 0.380042 0.874472 0.739481 0.989664 0.528956 0.960506 0.918841 0.915079 0.741302 0.878074 0.871348 0.910032 0.98411 0.11107 0.989675 0.884906 0.971098 0.971103 0.658333 0.157306 0.620831 0.790264 0.960552 0.481287 0.569581 0.826648 0.716041 0.740122 0.514673 0.853024 0.991673 0.53979 0.246172 0.96054 0.735514 0.349362 0.0850429 0.0106903 0.550682 0.22818 0.0110756 0.139035 0.0225188 0.123384 0.175339 0.236896 0.659449 0.39439 0.450947 0.00408583 0.728757 0.070261 0.0861463 0.334408 0.585192 0.196326 0.196891 0.981087 0.699335 0.300593 0.0690672 0.105034 0.116355 0.178612 0.00408701 0.0401028 0.0134133 0.0557245 0.0203624 0.122643 0.550939 0.0186766 0.553742 0.0572129 0.0201865 0.138273 0.0226722 0.0678798 0.357085 0.174611 0.103918 0.0478256 0.0701978 0.163437 0.131175 0.737479
0.689659 0.852112 0.130295 0.826841 0.300629 0.822767 0.809606 0.960383 0.164206 0.686025 0.685236 0.762207 0.894983 0.972295 0.378495 0.874613 0.73855 0.989702 0.529168 0.960733 0.919579 0.916061 0.741908 0.878575 0.872568 0.910832 0.984183 0.110012 0.989715 0.884722 0.971083 0.971084 0.658422 0.156364 0.622633 0.790366 0.960777 0.480053 0.571992 0.827003 0.71493 0.741139 0.513279 0.853208 0.991706 0.540886 0.245996 0.960633 0.7366 0.348996 0.0848244 0.0105999 0.552145 0.227536 0.0110526 0.138693 0.022547 0.12312 0.17346 0.236311 0.660741 0.392622 0.450684 0.00406677 0.728246 0.0698919 0.0860141 0.334769 0.585337 0.196158 0.198388 0.981285 0.700556 0.300297 0.0692693 0.104741 0.115189 0.178969 0.00406784 0.0396755 0.0133949 0.0556272 0.0202277 0.123329 0.552422 0.0186843 0.55298 0.0566441 0.0202286 0.138195 0.0226437 0.0671416 0.356129 0.172722 0.103746 0.0473623 0.0698299 0.163156 0.131226 0.738437
0.689189 0.852683 0.130599 0.827192 0.300348 0.821889 0.809906 0.960272 0.164112 0.687197 0.685195 0.76227 0.89479 0.972449 0.376952 0.874751 0.737671 0.989742 0.529305 0.960956 0.920316 0.917031 0.742552 0.879079 0.873795 0.911632 0.984252 0.10898 0.989755 0.884534 0.971064 0.971064 0.658494 0.155424 0.624456 0.790477 0.960999 0.478773 0.574416 0.827385 0.71382 0.742176 0.511864 0.853365 0.991739 0.541974 0.24582 0.960728 0.737726 0.348631 0.0846081 0.0105114 0.553566 0.226873 0.01103 0.138347 0.0225756 0.12285 0.171588 0.23574 0.662089 0.39088 0.450479 0.00404848 0.727707 0.0695209 0.0858828 0.335143 0.585436 0.196019 0.199931 0.981478 0.701812 0.300033 0.0694916 0.104426 0.114063 0.179307 0.0040488 0.0392648 0.0133781 0.0555337 0.0200943 0.124024 0.553883 0.0186936 0.55222 0.0560785 0.0202732 0.138117 0.0226194 0.066365 0.355177 0.170842 0.103575 0.0469066 0.0694554 0.162897 0.131286 0.739371
0.688751 0.853258 0.130916 0.827576 0.300083 0.821006 0.810198 0.960162 0.16401 0.688419 0.685168 0.762334 0.894593 0.972601 0.375407 0.874895 0.736722 0.989779 0.529442 0.961173 0.921033 0.917986 0.743165 0.879572 0.874988 0.912423 0.984321 0.107919 0.989793 0.884324 0.971041 0.971043 0.658631 0.154475 0.626224 0.790599 0.961225 0.477517 0.5768 0.827744 0.712728 0.743229 0.510437 0.853556 0.99177 0.543109 0.245682 0.960823 0.738809 0.348253 0.0843946 0.0104226 0.555034 0.226239 0.0110081 0.138015 0.0226003 0.122568 0.169704 0.235167 0.663434 0.389076 0.450294 0.00402966 0.727165 0.0691572 0.0857326 0.335504 0.585552 0.19586 0.201476 0.981673 0.703075 0.299739 0.0696981 0.104122 0.112936 0.179638 0.00403036 0.0388499 0.0133627 0.0554385 0.0199636 0.124731 0.555376 0.0186982 0.551412 0.0555226 0.0203174 0.138045 0.0225916 0.0656114 0.354214 0.168983 0.10339 0.0464543 0.0690877 0.16266 0.131337 0.740332
0.688308 0.853808 0.131249 0.827924 0.299826 0.820095 0.810499 0.960048 0.163899 0.689607 0.685129 0.7624 0.894419 0.972755 0.373859 0.875038 0.735762 0.989818 0.529632 0.961398 0.921759 0.918929 0.743793 0.880074 0.876185 0.913217 0.98439 0.106871 0.989829 0.884109 0.971018 0.971018 0.658709 0.153545 0.627995 0.790709 0.961449 0.476211 0.579191 0.828103 0.711593 0.744266 0.509033 0.853745 0.991801 0.544227 0.245522 0.960917 0.739917 0.347874 0.0841776 0.0103341 0.556486 0.225585 0.010985 0.137657 0.0226299 0.122294 0.167873 0.234637 0.664784 0.387253 0.450101 0.00401159 0.726589 0.0688032 0.0855995 0.335849 0.585685 0.195695 0.203024 0.981869 0.704334 0.29942 0.0699244 0.103817 0.111817 0.180017 0.00401264 0.0384419 0.0133446 0.0553434 0.0198332 0.125463 0.556848 0.0187081 0.550622 0.0549699 0.0203642 0.137983 0.0225672 0.0648522 0.353323 0.167114 0.103218 0.0460057 0.0687241 0.162407 0.131392 0.741255
0.68782 0.854376 0.131601 0.828262 0.299528 0.819188 0.8108 0.959932 0.163794 0.690801 0.685125 0.762455 0.894224 0.972905 0.372323 0.875197 0.734786 0.989855 0.529762 0.961616 0.92248 0.919872 0.744418 0.880587 0.87738 0.914001 0.984458 0.105853 0.989867 0.883888 0.970994 0.970997 0.658764 0.152625 0.629787 0.790833 0.961663 0.474907 0.581615 0.828462 0.710393 0.745305 0.507686 0.853942 0.991833 0.545352 0.245392 0.961 0.741014 0.347516 0.0839692 0.0102468 0.557957 0.224948 0.0109636 0.137317 0.0226581 0.122021 0.166022 0.234067 0.666149 0.385486 0.449871 0.00399361 0.726034 0.0684465 0.0854708 0.336242 0.585826 0.195539 0.204603 0.982057 0.705592 0.299119 0.0701485 0.103494 0.11069 0.180377 0.00399459 0.0380392 0.0133268 0.0552423 0.019704 0.126191 0.558381 0.0187172 0.549799 0.0544248 0.0204095 0.137906 0.022544 0.064113 0.352422 0.165267 0.103043 0.0455482 0.0683698 0.162169 0.131456 0.74219
0.687357 0.854955 0.131963 0.828633 0.299258 0.818249 0.811114 0.959812 0.163678 0.691966 0.685121 0.76255 0.894037 0.973051 0.370771 0.875332 0.733779 0.989892 0.529967 0.961837 0.923189 0.9208 0.745031 0.881066 0.878569 0.914778 0.984524 0.104819 0.989904 0.883669 0.970972 0.97097 0.658818 0.151707 0.631623 0.790967 0.961884 0.473582 0.584044 0.828831 0.709243 0.746358 0.506289 0.854134 0.991863 0.546486 0.245293 0.961096 0.742162 0.347192 0.0837619 0.0101621 0.559469 0.224341 0.0109401 0.136979 0.0226863 0.121762 0.164159 0.233527 0.667488 0.383684 0.449624 0.00397536 0.725483 0.0680836 0.0853357 0.336599 0.585959 0.195397 0.206205 0.982245 0.706823 0.298817 0.0703763 0.10319 0.109569 0.180753 0.00397658 0.0376373 0.0133111 0.055142 0.0195755 0.126944 0.559837 0.0187261 0.548977 0.0538764 0.0204604 0.137833 0.0225258 0.0633788 0.351504 0.163425 0.102875 0.0451049 0.0680114 0.161925 0.131515 0.7431
0.686916 0.85551 0.132305 0.82898 0.299008 0.817316 0.811415 0.959698 0.163557 0.693153 0.685115 0.762583 0.893848 0.973201 0.369239 0.875484 0.732753 0.989929 0.530117 0.962052 0.923902 0.92171 0.745669 0.881562 0.879753 0.915547 0.984589 0.10379 0.989939 0.88344 0.970948 0.970948 0.658878 0.150781 0.633416 0.791098 0.962102 0.472284 0.586508 0.829175 0.708051 0.747403 0.504899 0.854339 0.991892 0.547664 0.245147 0.961185 0.743285 0.346852 0.0835721 0.0100773 0.560971 0.22369 0.0109193 0.136659 0.0227131 0.121494 0.162313 0.233003 0.668892 0.381875 0.449382 0.00395779 0.724936 0.0677254 0.0851912 0.337014 0.586097 0.195263 0.207824 0.982433 0.7081 0.298546 0.070602 0.102882 0.108479 0.181149 0.00395893 0.0372366 0.0132973 0.0550487 0.019445 0.127693 0.561319 0.0187356 0.548192 0.053327 0.0205128 0.137738 0.0225032 0.062657 0.350528 0.161627 0.1027 0.0446609 0.0676607 0.16167 0.131591 0.744066
0.686447 0.856085 0.132644 0.829342 0.298717 0.816374 0.811704 0.95957 0.163432 0.694359 0.685089 0.762645 0.893654 0.973345 0.367624 0.875645 0.731741 0.989966 0.530283 0.962267 0.924608 0.922627 0.74625 0.882049 0.880908 0.916306 0.984654 0.102788 0.989974 0.883215 0.970921 0.970921 0.658965 0.149863 0.635195 0.791234 0.96232 0.470896 0.588958 0.82952 0.706844 0.748431 0.503489 0.854542 0.991922 0.548802 0.245024 0.96127 0.744408 0.346526 0.0833696 0.00999224 0.562469 0.223065 0.0108973 0.136321 0.0227408 0.121215 0.160474 0.232474 0.670264 0.380056 0.449133 0.00394147 0.724359 0.0673655 0.0850519 0.337349 0.586194 0.195091 0.209456 0.982617 0.709374 0.298248 0.0708424 0.102566 0.107376 0.181539 0.00394104 0.036836 0.0132838 0.054965 0.0193169 0.128467 0.562849 0.0187443 0.547339 0.0527908 0.0205665 0.137674 0.0224798 0.061945 0.349617 0.159801 0.102537 0.0442201 0.0673101 0.161426 0.131653 0.745036
0.685998 0.856649 0.132983 0.829724 0.298467 0.815412 0.811996 0.959446 0.163328 0.69557 0.685073 0.762655 0.893462 0.973494 0.366095 0.875782 0.730727 0.990002 0.530441 0.962481 0.925315 0.92353 0.746851 0.882559 0.882064 0.917065 0.984718 0.101765 0.990008 0.882982 0.970892 0.970886 0.659082 0.148949 0.63701 0.791325 0.962538 0.469542 0.591401 0.82988 0.705648 0.749465 0.502016 0.854742 0.991951 0.549967 0.24489 0.96135 0.745549 0.346172 0.0831762 0.00990935 0.563951 0.222462 0.0108786 0.135981 0.0227702 0.120935 0.158657 0.231942 0.671621 0.378314 0.448911 0.00392465 0.723761 0.0670154 0.0849181 0.33766 0.586306 0.19493 0.211131 0.9828 0.710644 0.297984 0.0710688 0.102259 0.106279 0.18189 0.00392437 0.0364458 0.0132664 0.0548806 0.0191881 0.129216 0.564362 0.01876 0.546478 0.0522621 0.0206192 0.137607 0.0224585 0.0612229 0.348621 0.157988 0.102358 0.0437747 0.0669503 0.161189 0.131733 0.746003
0.685511 0.857214 0.133337 0.830106 0.298196 0.814384 0.812305 0.959311 0.163227 0.69683 0.685036 0.762664 0.893254 0.973639 0.364513 0.875937 0.729704 0.990037 0.530564 0.962696 0.926026 0.924428 0.747456 0.883053 0.883238 0.917811 0.984782 0.100767 0.990042 0.882745 0.970861 0.970855 0.659141 0.148029 0.638858 0.791443 0.96275 0.468156 0.593852 0.830269 0.704423 0.750523 0.500558 0.854942 0.991982 0.551145 0.244783 0.961432 0.746656 0.345867 0.0829743 0.00982642 0.565488 0.221876 0.0108599 0.13563 0.0228035 0.120695 0.156837 0.231419 0.672995 0.376526 0.44866 0.0039078 0.723141 0.0666707 0.0847846 0.338027 0.586458 0.194776 0.212827 0.982981 0.711915 0.297733 0.0713034 0.101956 0.10521 0.182297 0.00390812 0.036055 0.0132533 0.0547926 0.0190639 0.130011 0.565885 0.0187718 0.545651 0.0517351 0.0206766 0.137537 0.0224372 0.0605067 0.347595 0.156179 0.102187 0.0433366 0.066605 0.160961 0.131824 0.746975
0.68501 0.857746 0.13369 0.830466 0.297936 0.813401 0.812623 0.959169 0.163141 0.698044 0.685029 0.762703 0.893039 0.973784 0.362926 0.876085 0.728661 0.990072 0.530714 0.962905 0.926713 0.925306 0.748099 0.883539 0.884388 0.91856 0.984844 0.0997667 0.990074 0.882506 0.970827 0.970828 0.659192 0.147116 0.64068 0.791532 0.962959 0.466762 0.596318 0.83064 0.703187 0.751555 0.499111 0.855149 0.99201 0.552311 0.244704 0.961513 0.747793 0.345545 0.0827881 0.00974469 0.56703 0.221249 0.0108425 0.135308 0.0228357 0.120434 0.155057 0.230923 0.674402 0.374702 0.448431 0.00389089 0.722527 0.0663243 0.0846569 0.33839 0.586593 0.194638 0.214549 0.98316 0.713213 0.297451 0.0715407 0.101649 0.10414 0.182704 0.00389185 0.0356645 0.0132407 0.0547118 0.0189387 0.130796 0.567442 0.0187871 0.544779 0.0512036 0.0207346 0.137464 0.0224198 0.0597999 0.346564 0.154371 0.102008 0.0429036 0.0662466 0.160738 0.131905 0.747962
0.684508 0.85832 0.134056 0.830833 0.297645 0.812395 0.812942 0.959029 0.163057 0.699285 0.685009 0.762727 0.892831 0.973926 0.361351 0.876247 0.727595 0.990106 0.53085 0.963116 0.927392 0.926196 0.748698 0.884016 0.885524 0.919307 0.984905 0.0987811 0.990107 0.882255 0.970801 0.970793 0.659287 0.146199 0.642493 0.791614 0.96317 0.465373 0.598767 0.830994 0.701933 0.75261 0.497633 0.855358 0.992038 0.55348 0.244624 0.961598 0.748915 0.345217 0.0825942 0.00966283 0.56856 0.220628 0.0108259 0.134966 0.022867 0.120164 0.153264 0.230373 0.675788 0.372883 0.448209 0.0038746 0.721932 0.0659755 0.0845312 0.338693 0.586702 0.194483 0.216286 0.983336 0.714539 0.297154 0.0717791 0.101347 0.103066 0.183157 0.00387451 0.035285 0.0132277 0.0546294 0.0188157 0.131626 0.568956 0.0188019 0.543914 0.0506939 0.020794 0.137393 0.0224002 0.0591021 0.345589 0.152586 0.101842 0.042472 0.0658969 0.160508 0.132021 0.748927
0.683976 0.85888 0.134423 0.831181 0.297388 0.811371 0.813246 0.95888 0.162975 0.700515 0.685011 0.762728 0.892617 0.97407 0.359731 0.87641 0.726566 0.990138 0.530966 0.963323 0.928091 0.927073 0.749301 0.884506 0.886646 0.920056 0.984965 0.0977946 0.990139 0.882015 0.970771 0.970761 0.659366 0.14527 0.644335 0.791719 0.963375 0.463961 0.601219 0.83136 0.700681 0.753673 0.496157 0.85555 0.992067 0.554698 0.244528 0.961677 0.750056 0.344867 0.0824299 0.00958309 0.570073 0.220042 0.0108078 0.134645 0.0228985 0.119902 0.151478 0.229843 0.677199 0.371077 0.447959 0.00385883 0.721326 0.0656276 0.0843882 0.339031 0.586847 0.194331 0.218032 0.98351 0.715851 0.29691 0.0720363 0.101043 0.102023 0.183584 0.00385796 0.034903 0.0132138 0.0545452 0.0186955 0.132443 0.570472 0.0188181 0.54303 0.0501774 0.0208581 0.137319 0.0223848 0.0584155 0.344598 0.150831 0.101679 0.0420526 0.065558 0.160292 0.132115 0.749867
0.683469 0.859431 0.134759 0.831557 0.29709 0.810349 0.813564 0.958734 0.162888 0.701731 0.685034 0.762724 0.892395 0.97421 0.358118 0.876574 0.725507 0.990171 0.531095 0.96354 0.928765 0.927956 0.749913 0.884992 0.887779 0.920781 0.985025 0.0968066 0.99017 0.881762 0.970739 0.970731 0.659485 0.14436 0.646188 0.791807 0.963587 0.462529 0.603703 0.831709 0.699387 0.754718 0.494644 0.855772 0.992093 0.555845 0.244497 0.961754 0.751187 0.344543 0.0822625 0.00950206 0.571636 0.219437 0.0107915 0.134296 0.0229342 0.119649 0.149697 0.229314 0.678569 0.369315 0.44776 0.00384268 0.720671 0.0652798 0.0842538 0.339357 0.586976 0.19416 0.219785 0.983682 0.717166 0.296644 0.072285 0.10073 0.100983 0.184037 0.00384173 0.0345275 0.0132012 0.0544651 0.0185734 0.133274 0.572049 0.018835 0.542199 0.0496681 0.0209227 0.137256 0.0223688 0.0577366 0.343552 0.149055 0.101518 0.0416289 0.0652243 0.160094 0.132235 0.750826
0.682951 0.860008 0.135141 0.831917 0.296788 0.809293 0.813874 0.958583 0.162814 0.702952 0.685049 0.76274 0.892183 0.97435 0.356532 0.876721 0.724416 0.990204 0.531221 0.963746 0.929452 0.92884 0.750503 0.885463 0.888917 0.92152 0.985089 0.0958389 0.990202 0.881509 0.970705 0.970701 0.659604 0.143476 0.648047 0.791904 0.963794 0.461145 0.606205 0.832068 0.698114 0.755737 0.493187 0.855985 0.992121 0.557004 0.244473 0.961827 0.752312 0.344231 0.0820896 0.00942376 0.573182 0.218827 0.0107754 0.133953 0.0229694 0.119369 0.147941 0.228824 0.680014 0.367482 0.447486 0.00382626 0.720024 0.064937 0.0841263 0.339685 0.587049 0.193988 0.221566 0.98385 0.718474 0.296399 0.0725314 0.10042 0.0999404 0.184474 0.0038254 0.0341386 0.0131929 0.0543889 0.0184518 0.134107 0.573581 0.0188507 0.541318 0.049161 0.020991 0.137202 0.0223539 0.0570529 0.342524 0.147297 0.10137 0.0412118 0.0648892 0.159914 0.132345 0.751838
0.682442 0.860543 0.13551 0.832279 0.296498 0.808236 0.814204 0.958434 0.162726 0.704211 0.685034 0.762734 0.89195 0.97449 0.354979 0.876859 0.723296 0.990237 0.531369 0.963947 0.930134 0.929692 0.7511 0.885955 0.890046 0.922263 0.985147 0.0948715 0.990235 0.881259 0.970671 0.970667 0.65969 0.142567 0.64984 0.792034 0.964001 0.459705 0.608669 0.832431 0.696857 0.756765 0.49168 0.856194 0.992148 0.558256 0.244455 0.961904 0.753441 0.3439 0.0819184 0.00934545 0.574776 0.218261 0.0107613 0.133611 0.0230027 0.119086 0.146212 0.228293 0.68141 0.365597 0.447277 0.00381089 0.719327 0.064591 0.0839939 0.340018 0.587148 0.193836 0.223386 0.984021 0.719779 0.296098 0.0727872 0.100121 0.0989093 0.18493 0.00381063 0.0337699 0.0131804 0.054313 0.0183318 0.134965 0.575129 0.0188664 0.540388 0.0486572 0.0210607 0.137116 0.0223384 0.0563855 0.341491 0.145552 0.101207 0.0407953 0.0645464 0.159729 0.132481 0.752812
0.681859 0.861094 0.135907 0.832651 0.296192 0.807194 0.814531 0.958278 0.162632 0.705474 0.685063 0.762724 0.891718 0.974632 0.353385 0.877014 0.722176 0.990267 0.531463 0.964148 0.930808 0.930545 0.751701 0.886454 0.891147 0.922987 0.985203 0.0938943 0.990267 0.880998 0.970636 0.970639 0.659754 0.141674 0.651715 0.792122 0.964202 0.458291 0.611185 0.832783 0.695537 0.757774 0.490191 0.856409 0.992177 0.559507 0.244386 0.96198 0.754563 0.34361 0.081753 0.0092673 0.576343 0.21767 0.0107458 0.133272 0.0230416 0.118814 0.144489 0.227814 0.682801 0.363711 0.447014 0.00379551 0.718675 0.0642519 0.0838571 0.340323 0.58725 0.193675 0.22523 0.984188 0.721075 0.29581 0.0730544 0.099805 0.0978895 0.185411 0.0037961 0.0334003 0.0131719 0.0542411 0.0182115 0.135834 0.576689 0.0188834 0.539477 0.0481535 0.0211304 0.137058 0.0223253 0.0557226 0.340436 0.14383 0.101037 0.0403844 0.0642073 0.159539 0.132626 0.7538
0.681311 0.861642 0.136263 0.833016 0.295898 0.806136 0.814822 0.958115 0.162553 0.706712 0.685093 0.762708 0.891487 0.97477 0.351772 0.877159 0.720995 0.990296 0.531614 0.96436 0.931472 0.931395 0.752317 0.886933 0.89224 0.92371 0.985262 0.0929505 0.990298 0.880738 0.9706 0.970602 0.659866 0.140781 0.653554 0.792187 0.964403 0.45683 0.6137 0.833156 0.6942 0.758843 0.488632 0.856631 0.992204 0.560727 0.244355 0.96205 0.755706 0.343321 0.0815856 0.00918991 0.577937 0.21707 0.0107298 0.132913 0.0230776 0.118536 0.142757 0.227288 0.684233 0.361879 0.446806 0.00378066 0.718007 0.0639149 0.0837477 0.340634 0.587403 0.193473 0.227114 0.984351 0.722389 0.295511 0.0733164 0.0995088 0.0968641 0.185868 0.00378104 0.033034 0.0131631 0.0541646 0.0180918 0.136724 0.578253 0.0188999 0.538518 0.047658 0.0212047 0.13699 0.0223112 0.0550601 0.339344 0.142105 0.100883 0.0399773 0.0638788 0.159353 0.132759 0.754821
0.680759 0.862182 0.136638 0.833409 0.295597 0.805039 0.8151 0.95795 0.162461 0.70795 0.685113 0.76267 0.891251 0.974912 0.3502 0.877318 0.719814 0.990328 0.531721 0.964568 0.932122 0.932234 0.752902 0.887402 0.893334 0.92443 0.985318 0.0920173 0.990327 0.880463 0.970564 0.970563 0.659961 0.139876 0.65537 0.792277 0.964605 0.45539 0.61619 0.833529 0.69282 0.759886 0.487081 0.856858 0.99223 0.5619 0.244297 0.96212 0.756856 0.342999 0.081435 0.00911576 0.579505 0.216492 0.0107153 0.132571 0.0231159 0.118273 0.14102 0.2268 0.685631 0.360038 0.446515 0.00376597 0.717334 0.0635831 0.083616 0.340957 0.587481 0.193316 0.229029 0.984514 0.723716 0.29523 0.0735872 0.0992114 0.095862 0.186345 0.0037667 0.0326683 0.0131538 0.0540936 0.0179769 0.137635 0.579823 0.0189201 0.537604 0.047161 0.021279 0.136907 0.0222961 0.054407 0.338254 0.140393 0.100741 0.0395683 0.0635436 0.159153 0.132886 0.755851
0.680189 0.862731 0.137013 0.833775 0.29534 0.803932 0.81543 0.957779 0.16238 0.709232 0.685136 0.762682 0.891034 0.975053 0.348596 0.87748 0.718605 0.990359 0.531823 0.96477 0.932772 0.933051 0.753442 0.887883 0.894417 0.925135 0.985374 0.0910845 0.990357 0.880182 0.970524 0.970528 0.660033 0.13898 0.657223 0.792382 0.964804 0.453934 0.61875 0.833902 0.691461 0.760934 0.485535 0.857078 0.992254 0.56316 0.244251 0.962186 0.758002 0.34268 0.081292 0.00904145 0.581074 0.215902 0.0107 0.132243 0.0231548 0.117985 0.139315 0.226322 0.687047 0.358189 0.446258 0.0037516 0.716663 0.0632512 0.0834787 0.341286 0.587598 0.193162 0.230919 0.984676 0.725037 0.295006 0.0738578 0.0989076 0.0948611 0.186834 0.00375127 0.0323098 0.0131458 0.0540249 0.0178575 0.138551 0.581399 0.018938 0.53662 0.0466732 0.0213525 0.136818 0.0222809 0.0537515 0.337159 0.13869 0.100579 0.0391636 0.0632117 0.158976 0.133018 0.756861
0.67961 0.863255 0.1374 0.834164 0.295092 0.802831 0.815782 0.957605 0.162295 0.710524 0.68512 0.762653 0.890813 0.975191 0.346968 0.87763 0.717408 0.990389 0.531948 0.964967 0.933419 0.933876 0.754017 0.888352 0.895509 0.925849 0.985431 0.0901639 0.990385 0.879908 0.97049 0.970487 0.660117 0.138087 0.659076 0.792456 0.965006 0.452435 0.621241 0.834297 0.690083 0.76199 0.483976 0.857312 0.992279 0.564394 0.244205 0.962255 0.759141 0.342383 0.0811456 0.00896682 0.58266 0.215342 0.0106853 0.131919 0.0231931 0.117685 0.137629 0.225822 0.688498 0.356322 0.446 0.00373733 0.715995 0.0629192 0.0833525 0.341608 0.587712 0.192988 0.232815 0.984835 0.726395 0.294765 0.074124 0.0986096 0.0938611 0.187315 0.00373634 0.0319502 0.0131367 0.0539537 0.0177407 0.139456 0.582983 0.0189533 0.53564 0.0461874 0.0214317 0.136744 0.02227 0.0531068 0.336074 0.136999 0.100432 0.0387638 0.0628787 0.158794 0.133183 0.757877
0.679035 0.863783 0.137793 0.834544 0.294799 0.801668 0.816125 0.957436 0.162207 0.711761 0.685135 0.762603 0.890559 0.975329 0.345375 0.877786 0.716203 0.990419 0.532015 0.965165 0.934071 0.934684 0.754582 0.888823 0.896579 0.926553 0.985486 0.0892372 0.990412 0.879616 0.970452 0.970449 0.66021 0.137186 0.660917 0.792552 0.965206 0.450945 0.623775 0.834691 0.688676 0.76304 0.482406 0.857559 0.992304 0.565671 0.244174 0.962321 0.760276 0.342106 0.0809967 0.00889367 0.584292 0.214773 0.0106725 0.131564 0.0232303 0.117403 0.135916 0.225318 0.689917 0.354462 0.445774 0.00372314 0.715277 0.0625835 0.0832232 0.341929 0.58784 0.19279 0.234763 0.984993 0.72774 0.294524 0.0743919 0.0983155 0.0928595 0.187835 0.00372217 0.0316013 0.0131297 0.0538941 0.0176242 0.140368 0.584557 0.0189717 0.534678 0.0457094 0.0215145 0.136664 0.022257 0.0524719 0.335048 0.135325 0.100286 0.0383618 0.0625535 0.158632 0.133337 0.758914
0.678452 0.864317 0.138206 0.83491 0.294512 0.800539 0.816438 0.957257 0.162116 0.713028 0.68514 0.76256 0.890298 0.975472 0.343772 0.877969 0.714954 0.990447 0.532096 0.96536 0.934708 0.935496 0.755171 0.889286 0.89765 0.927253 0.98554 0.08831 0.99044 0.879308 0.970411 0.97041 0.660306 0.136302 0.662754 0.792657 0.965406 0.449472 0.62634 0.835088 0.687275 0.76414 0.480843 0.857803 0.992329 0.566948 0.244126 0.962384 0.761408 0.341819 0.080857 0.00882018 0.585938 0.214208 0.0106626 0.131234 0.0232711 0.117126 0.134231 0.224837 0.691343 0.352614 0.445539 0.0037086 0.714533 0.0622524 0.0830799 0.342196 0.587933 0.192619 0.23671 0.98515 0.72909 0.2943 0.0746524 0.0980098 0.0918632 0.188336 0.00370788 0.0312518 0.013123 0.053829 0.0175024 0.141303 0.586152 0.0189945 0.533701 0.0452251 0.021595 0.136582 0.0222451 0.0518373 0.333976 0.133671 0.100125 0.0379676 0.0622101 0.158472 0.133503 0.759926
0.677878 0.864851 0.138636 0.835288 0.294178 0.799385 0.816767 0.95708 0.16204 0.714286 0.685174 0.762512 0.890059 0.975608 0.342188 0.878127 0.713749 0.990476 0.532149 0.965559 0.935347 0.936301 0.755721 0.889774 0.898708 0.927958 0.985596 0.0874109 0.990468 0.879031 0.970373 0.970367 0.660372 0.135414 0.664596 0.792759 0.965601 0.447949 0.628911 0.835474 0.685859 0.765222 0.479282 0.858047 0.992354 0.568285 0.244091 0.962448 0.762569 0.341558 0.0807192 0.00874768 0.587543 0.213673 0.0106505 0.130883 0.0233101 0.116848 0.132563 0.224348 0.692787 0.350729 0.445299 0.00369451 0.713826 0.0619367 0.0829513 0.34248 0.588104 0.192453 0.238688 0.985301 0.730424 0.294042 0.0749354 0.0977096 0.0908804 0.188821 0.00369361 0.0309046 0.0131166 0.0537606 0.0173909 0.142239 0.587753 0.0190125 0.532746 0.0447554 0.0216777 0.136501 0.0222331 0.0512089 0.332868 0.132 0.0999839 0.037576 0.0618856 0.15832 0.133687 0.760963
0.677238 0.865381 0.139041 0.835671 0.293845 0.798223 0.817103 0.956888 0.161951 0.715544 0.685199 0.762469 0.889804 0.975744 0.340524 0.878283 0.71256 0.990504 0.532244 0.965753 0.935972 0.937089 0.756284 0.890246 0.899763 0.928645 0.98565 0.0864983 0.990496 0.878745 0.970332 0.970326 0.660425 0.134526 0.666522 0.792826 0.965797 0.446434 0.631484 0.83588 0.684397 0.766333 0.477667 0.85827 0.992376 0.569609 0.244042 0.962509 0.763717 0.341291 0.0805779 0.00867654 0.589114 0.213094 0.0106387 0.130536 0.0233535 0.116571 0.130913 0.223869 0.694189 0.34887 0.445064 0.00368062 0.713065 0.0616162 0.0828227 0.342756 0.588187 0.192291 0.240719 0.985454 0.731756 0.293794 0.0752044 0.0974093 0.0899136 0.18937 0.00368009 0.0305563 0.0131087 0.0536936 0.0172771 0.143184 0.589368 0.0190353 0.531785 0.0442762 0.0217674 0.136436 0.0222227 0.0505911 0.331777 0.130343 0.0998226 0.0371867 0.0615544 0.158173 0.133866 0.762001
0.676638 0.865889 0.139442 0.836035 0.29352 0.79704 0.817459 0.956699 0.16186 0.716836 0.685226 0.762402 0.889554 0.975878 0.338899 0.878428 0.711322 0.990531 0.532364 0.965953 0.936597 0.937863 0.756798 0.890728 0.900795 0.929324 0.985701 0.0856019 0.990523 0.878466 0.970292 0.970287 0.660539 0.133652 0.66836 0.792906 0.965995 0.444932 0.634056 0.836246 0.68296 0.767402 0.476017 0.85851 0.992399 0.57086 0.24401 0.962571 0.764877 0.341032 0.0804401 0.00860578 0.590738 0.212545 0.010626 0.130184 0.0233965 0.116283 0.129258 0.22338 0.695609 0.347038 0.444803 0.00366794 0.71232 0.0613078 0.0826856 0.343031 0.588267 0.192112 0.24278 0.985603 0.733105 0.293538 0.0754964 0.0971047 0.0889546 0.189899 0.00366693 0.030214 0.0131025 0.0536255 0.0171612 0.144185 0.591017 0.0190558 0.530778 0.0438127 0.0218554 0.136386 0.0222107 0.0499812 0.330631 0.128698 0.0996806 0.0368022 0.0612289 0.158009 0.134063 0.763048
0.676043 0.866413 0.139865 0.836426 0.293213 0.795856 0.817812 0.956506 0.161766 0.718095 0.685243 0.762331 0.889301 0.976013 0.337243 0.878604 0.710016 0.990559 0.53245 0.966145 0.93722 0.938638 0.757353 0.89117 0.901835 0.930002 0.985755 0.0847111 0.990549 0.878178 0.97025 0.970244 0.660642 0.132798 0.670219 0.792984 0.966189 0.443377 0.636579 0.83662 0.68148 0.768456 0.474411 0.858724 0.992423 0.572169 0.244018 0.962631 0.766028 0.340774 0.0803199 0.00853602 0.59237 0.212035 0.0106159 0.129847 0.0234391 0.116017 0.127618 0.222912 0.697028 0.345161 0.444552 0.00365432 0.711613 0.0609909 0.0825498 0.343302 0.588374 0.191959 0.244819 0.985756 0.734453 0.293311 0.0757842 0.0967982 0.0880032 0.19041 0.00365312 0.0298731 0.0130958 0.0535577 0.0170511 0.145193 0.592624 0.019077 0.529732 0.0433515 0.0219514 0.136323 0.022199 0.0493756 0.329486 0.127047 0.0995321 0.0364193 0.0609212 0.15786 0.134252 0.764081
0.67544 0.866942 0.140304 0.836804 0.29289 0.794613 0.818145 0.956308 0.16169 0.71939 0.685273 0.762241 0.889055 0.976145 0.335626 0.878779 0.70871 0.990585 0.532551 0.966338 0.937846 0.939406 0.757932 0.891649 0.902866 0.930688 0.985806 0.0838113 0.990574 0.877887 0.970214 0.970201 0.66072 0.131919 0.672108 0.793072 0.966383 0.441849 0.639136 0.837009 0.680014 0.769543 0.472799 0.858971 0.992446 0.573469 0.244023 0.96269 0.767183 0.340563 0.0802031 0.00846721 0.594045 0.211488 0.0106048 0.129508 0.023486 0.115743 0.125987 0.22243 0.698488 0.343294 0.44426 0.00364115 0.710836 0.0606771 0.0824123 0.34357 0.588494 0.191793 0.246871 0.985904 0.735786 0.293069 0.0760752 0.0964853 0.0870604 0.190954 0.00364004 0.0295324 0.0130918 0.0535048 0.0169404 0.146195 0.594258 0.0190985 0.52871 0.0428986 0.0220478 0.136229 0.0221887 0.0487727 0.328347 0.125424 0.0993767 0.0360477 0.0606075 0.157701 0.13445 0.765123
0.674789 0.867435 0.140746 0.837214 0.29255 0.793387 0.818499 0.95611 0.16161 0.720652 0.685282 0.762149 0.888789 0.976281 0.334004 0.878951 0.707433 0.990611 0.532643 0.966532 0.938465 0.940161 0.758444 0.892113 0.903888 0.931357 0.985858 0.0829353 0.990601 0.877589 0.970173 0.970164 0.66084 0.131066 0.673989 0.793164 0.966573 0.440291 0.641737 0.837404 0.678518 0.770592 0.471158 0.85924 0.992467 0.574773 0.244051 0.962741 0.768351 0.340267 0.0800903 0.00839797 0.595639 0.210964 0.0105955 0.129168 0.0235293 0.115462 0.124407 0.221967 0.699991 0.341389 0.444015 0.0036278 0.71005 0.0603627 0.0822794 0.343822 0.588598 0.191599 0.248972 0.98605 0.73715 0.292816 0.0763715 0.096175 0.0861282 0.191515 0.00362736 0.029203 0.0130873 0.0534456 0.0168304 0.147243 0.595914 0.0191192 0.527636 0.042446 0.0221421 0.136144 0.0221767 0.0481812 0.327194 0.123814 0.0992246 0.0356669 0.0602942 0.157577 0.134655 0.766174
0.674147 0.867959 0.141166 0.837594 0.292221 0.792142 0.818847 0.955906 0.161515 0.721892 0.685296 0.76208 0.888523 0.976417 0.332392 0.87912 0.706127 0.990636 0.532709 0.966724 0.939069 0.940901 0.758991 0.89258 0.904935 0.932022 0.985906 0.082067 0.990625 0.877286 0.97013 0.970121 0.660939 0.130184 0.675868 0.793199 0.966774 0.438684 0.644267 0.83779 0.677015 0.771646 0.469481 0.859462 0.992491 0.576099 0.244065 0.962793 0.769528 0.340038 0.079977 0.00832929 0.597274 0.210444 0.0105866 0.128807 0.023572 0.115184 0.122796 0.221509 0.701484 0.339521 0.443731 0.00361489 0.709244 0.0600452 0.0821447 0.344067 0.588683 0.191433 0.251095 0.986195 0.73849 0.29257 0.0766712 0.0958708 0.0851982 0.192069 0.00361476 0.0288714 0.0130834 0.0533836 0.0167204 0.148298 0.597577 0.0191421 0.526534 0.0419941 0.0222365 0.13606 0.0221674 0.047592 0.326034 0.122197 0.0990738 0.0352905 0.0599859 0.157438 0.134841 0.76724
0.673509 0.86848 0.141608 0.83798 0.291904 0.790863 0.819201 0.955696 0.161434 0.723158 0.685367 0.761972 0.888264 0.976551 0.330769 0.87929 0.704807 0.99066 0.532776 0.966924 0.939684 0.941647 0.759501 0.893033 0.905933 0.932692 0.985956 0.081208 0.990651 0.876997 0.97009 0.970078 0.661007 0.129327 0.677779 0.79332 0.966968 0.43705 0.646838 0.838201 0.675514 0.772724 0.467827 0.859696 0.992512 0.577404 0.244129 0.962846 0.770687 0.339737 0.0798768 0.00826153 0.598949 0.209918 0.0105788 0.128458 0.023617 0.114896 0.121221 0.221074 0.702965 0.337683 0.443489 0.00360227 0.708449 0.059732 0.0820099 0.344336 0.588804 0.19124 0.253226 0.986338 0.739871 0.292323 0.0769757 0.0955795 0.0842772 0.192645 0.00360177 0.0285464 0.0130825 0.0533167 0.0166137 0.149336 0.599197 0.0191661 0.525418 0.0415531 0.0223282 0.135981 0.0221612 0.0470052 0.324871 0.120603 0.0989201 0.0349158 0.0596748 0.157317 0.135076 0.768282
0.67285 0.868993 0.14206 0.838386 0.291591 0.789599 0.819539 0.955481 0.161352 0.724453 0.685396 0.761896 0.887985 0.97668 0.32913 0.879441 0.70344 0.990684 0.532812 0.967119 0.940299 0.942384 0.760009 0.893482 0.906934 0.933351 0.986006 0.0803456 0.990675 0.876695 0.970043 0.970037 0.661114 0.128455 0.679673 0.793378 0.967159 0.435434 0.649365 0.838588 0.674002 0.773824 0.466171 0.859944 0.992534 0.578753 0.244168 0.962897 0.771862 0.3395 0.0797659 0.00819484 0.600618 0.209415 0.0105688 0.128111 0.0236627 0.114602 0.119634 0.220622 0.704416 0.335768 0.443206 0.00358957 0.707644 0.0594205 0.0818754 0.3446 0.588883 0.191069 0.255441 0.986478 0.741212 0.292078 0.0772683 0.095291 0.0833691 0.19325 0.00358955 0.0282261 0.0130781 0.0532634 0.0165065 0.150387 0.600861 0.0191931 0.524322 0.041105 0.0224295 0.135879 0.0221535 0.0464292 0.323708 0.11904 0.0987745 0.0345477 0.0593591 0.157182 0.13528 0.76935
0.672152 0.869506 0.142518 0.838755 0.291247 0.788293 0.819889 0.955263 0.161279 0.725758 0.685459 0.761792 0.887706 0.976809 0.327508 0.879617 0.702035 0.99071 0.53285 0.967308 0.940885 0.943109 0.760538 0.893947 0.907925 0.934011 0.986051 0.0795027 0.990698 0.876378 0.969999 0.969993 0.66124 0.127596 0.681558 0.793466 0.96736 0.433775 0.651941 0.838986 0.672456 0.774883 0.464501 0.860212 0.992557 0.58009 0.244198 0.962942 0.773009 0.33926 0.0796667 0.00812777 0.602292 0.208914 0.0105611 0.127742 0.023704 0.114321 0.118075 0.220192 0.705894 0.333898 0.442946 0.00357742 0.706824 0.0591095 0.0817381 0.344867 0.588991 0.190852 0.257625 0.986618 0.74259 0.291843 0.0775703 0.0949873 0.0824678 0.193846 0.00357782 0.0279083 0.0130757 0.0532066 0.0163982 0.15146 0.602502 0.0192162 0.523237 0.0406736 0.022533 0.135792 0.0221447 0.0458599 0.322558 0.117482 0.0986329 0.0341832 0.059049 0.157072 0.135495 0.770387
0.671475 0.87001 0.142955 0.839138 0.290914 0.786952 0.82024 0.955049 0.161218 0.726992 0.685514 0.761641 0.887428 0.97694 0.325842 0.879779 0.700669 0.990735 0.532884 0.967491 0.941493 0.943829 0.761098 0.894405 0.908914 0.934667 0.986099 0.0786468 0.990723 0.876082 0.969949 0.96995 0.661351 0.126744 0.683389 0.793517 0.967542 0.432176 0.654506 0.839362 0.670882 0.775966 0.462816 0.860472 0.99258 0.581441 0.244237 0.962994 0.774167 0.339056 0.0795681 0.00806239 0.603957 0.208401 0.0105542 0.127379 0.0237512 0.114039 0.116515 0.219764 0.707417 0.332012 0.442681 0.00356565 0.705967 0.0587945 0.0816006 0.345091 0.589073 0.190671 0.259835 0.986759 0.74396 0.291616 0.0778742 0.0946836 0.0815797 0.194425 0.00356541 0.0275895 0.0130747 0.0531489 0.0162915 0.152543 0.604209 0.0192378 0.522142 0.0402373 0.0226385 0.135692 0.022138 0.0452956 0.321367 0.115929 0.0984764 0.0338197 0.0587387 0.156949 0.135744 0.771463
0.670786 0.870514 0.143399 0.83954 0.290578 0.785618 0.820567 0.954821 0.161123 0.728255 0.68555 0.761493 0.887146 0.977069 0.32421 0.879941 0.699317 0.990758 0.532911 0.967677 0.942091 0.94454 0.761604 0.894852 0.909893 0.935312 0.98615 0.0778115 0.990748 0.875779 0.96991 0.969903 0.66146 0.125892 0.685291 0.793562 0.967733 0.430521 0.657116 0.839761 0.669347 0.777061 0.461125 0.860728 0.992602 0.582784 0.244318 0.963039 0.775326 0.33885 0.0794744 0.00799777 0.605651 0.207924 0.010548 0.127047 0.0237975 0.113764 0.114997 0.219322 0.708893 0.330148 0.442404 0.0035537 0.705159 0.0584867 0.0814574 0.345336 0.589144 0.190483 0.262076 0.986896 0.745345 0.29138 0.0781895 0.0943824 0.080688 0.195011 0.00355372 0.0272761 0.0130737 0.0530857 0.0161856 0.153647 0.605864 0.019266 0.521035 0.0397995 0.0227478 0.135596 0.0221294 0.0447362 0.3202 0.114398 0.0983238 0.0334578 0.0584353 0.15684 0.135984 0.772543
0.670077 0.871016 0.143857 0.839924 0.290239 0.784265 0.820891 0.95459 0.161071 0.72953 0.685568 0.761341 0.886861 0.977196 0.322578 0.880117 0.697955 0.990782 0.532946 0.967869 0.942676 0.945256 0.762111 0.895314 0.910866 0.935959 0.986199 0.0769625 0.990772 0.875465 0.969866 0.969852 0.661564 0.125052 0.687176 0.793648 0.967929 0.428853 0.659684 0.840161 0.667751 0.77814 0.459389 0.860976 0.992621 0.584107 0.244405 0.963087 0.776488 0.338634 0.0793827 0.00793323 0.607296 0.207431 0.0105399 0.126684 0.0238411 0.113485 0.113475 0.21889 0.710406 0.328236 0.442098 0.00354184 0.70435 0.0581901 0.0813018 0.345557 0.589237 0.190311 0.264349 0.987032 0.746718 0.291159 0.0784999 0.0940797 0.0798242 0.195637 0.00354208 0.0269673 0.0130703 0.053037 0.016078 0.154757 0.607546 0.0192913 0.519894 0.0393656 0.0228582 0.135509 0.0221232 0.0441798 0.318993 0.112876 0.0981725 0.0331076 0.0581443 0.156754 0.136224 0.773614
0.669355 0.871518 0.144306 0.840306 0.289879 0.782895 0.821237 0.954361 0.161002 0.730809 0.68561 0.761181 0.886588 0.977325 0.320977 0.880283 0.696521 0.990805 0.53295 0.968057 0.943264 0.945951 0.762599 0.89578 0.911819 0.936592 0.986245 0.0761517 0.990794 0.875144 0.969821 0.969801 0.66161 0.124219 0.689058 0.793726 0.968111 0.427179 0.662267 0.840562 0.666156 0.779239 0.457696 0.861248 0.992642 0.585475 0.244496 0.963132 0.777655 0.338433 0.0793022 0.00786992 0.608969 0.20696 0.0105324 0.126339 0.0238851 0.113192 0.111953 0.218442 0.711937 0.326391 0.441829 0.00353021 0.703521 0.0578952 0.0811656 0.345764 0.589316 0.190117 0.266675 0.987167 0.748068 0.290955 0.0788268 0.0937874 0.0789539 0.196272 0.00353007 0.0266595 0.0130687 0.0529864 0.0159777 0.155904 0.609234 0.0193165 0.518736 0.0389346 0.0229711 0.135406 0.022115 0.0436285 0.317803 0.111375 0.0980421 0.0327574 0.0578441 0.156659 0.136489 0.774691
0.668653 0.872034 0.144763 0.840711 0.289519 0.781539 0.821598 0.954125 0.160928 0.732081 0.685699 0.761012 0.886308 0.97745 0.319314 0.880443 0.695109 0.990828 0.533001 0.96824 0.943848 0.946651 0.7631 0.896238 0.912788 0.937215 0.98629 0.0753352 0.990816 0.874814 0.969773 0.969752 0.661716 0.123377 0.690946 0.793773 0.968303 0.425529 0.664848 0.840957 0.664533 0.780336 0.455973 0.86153 0.992662 0.586864 0.244603 0.963173 0.778838 0.338233 0.0792113 0.00780621 0.610617 0.206476 0.0105248 0.125985 0.0239366 0.112909 0.110455 0.217984 0.713433 0.324512 0.441507 0.00351874 0.70262 0.0575831 0.0810165 0.345994 0.589428 0.189917 0.268975 0.9873 0.749456 0.29072 0.0791455 0.0934831 0.0780932 0.196902 0.00351899 0.026353 0.0130712 0.05293 0.0158742 0.157095 0.610913 0.019344 0.517559 0.0385173 0.0230827 0.135323 0.0221106 0.043086 0.316584 0.109896 0.0978966 0.0324058 0.0575368 0.15658 0.136759 0.775738
0.667941 0.872537 0.145225 0.841143 0.289164 0.780157 0.821992 0.953876 0.160847 0.733353 0.685751 0.760835 0.886017 0.977577 0.317699 0.880601 0.693683 0.990848 0.533065 0.968427 0.944424 0.94733 0.763586 0.89669 0.913722 0.937848 0.986337 0.074529 0.990841 0.874477 0.969728 0.9697 0.661808 0.122527 0.692862 0.793836 0.968492 0.423843 0.667376 0.841349 0.662899 0.78145 0.454271 0.861803 0.992683 0.588241 0.244699 0.963214 0.780024 0.338071 0.07915 0.00774276 0.612337 0.206023 0.0105183 0.12565 0.0239833 0.11262 0.108982 0.217591 0.714932 0.32263 0.441197 0.00350775 0.701742 0.0572825 0.0808661 0.346199 0.589494 0.189741 0.271285 0.987431 0.750788 0.29048 0.0794674 0.0931757 0.0772128 0.197541 0.00350725 0.0260536 0.0130733 0.0528802 0.0157722 0.158263 0.612596 0.0193677 0.516382 0.038098 0.023197 0.135247 0.0221038 0.0425548 0.315333 0.108418 0.0977464 0.0320639 0.0572421 0.156505 0.137017 0.776817
0.667201 0.87303 0.14569 0.841563 0.288798 0.778766 0.822364 0.953633 0.160772 0.734596 0.685795 0.760653 0.885735 0.977705 0.316078 0.880787 0.692233 0.990871 0.533083 0.968616 0.945002 0.948003 0.764076 0.897154 0.914659 0.938471 0.98638 0.0737224 0.990862 0.874134 0.969677 0.969648 0.661962 0.121698 0.694761 0.793901 0.968672 0.422118 0.669986 0.841764 0.661237 0.782554 0.452502 0.862088 0.992704 0.589604 0.24479 0.963254 0.78122 0.337899 0.0790886 0.00767968 0.613982 0.205535 0.0105135 0.125276 0.0240335 0.112332 0.107519 0.217174 0.716395 0.320708 0.440913 0.00349737 0.700895 0.0569811 0.0807255 0.346409 0.589563 0.189554 0.273656 0.987562 0.75214 0.29022 0.0797882 0.0928745 0.0763622 0.198196 0.00349609 0.0257587 0.013073 0.0528348 0.0156699 0.159451 0.614325 0.0193943 0.51521 0.037688 0.0233135 0.135147 0.0221037 0.042028 0.314084 0.106949 0.0975898 0.0317169 0.0569436 0.156428 0.137288 0.777887
0.666448 0.873562 0.146158 0.841965 0.28844 0.777366 0.822707 0.953382 0.160722 0.735886 0.685864 0.760458 0.885463 0.97783 0.314426 0.880966 0.690769 0.990894 0.533095 0.968794 0.94557 0.948678 0.764592 0.897607 0.915583 0.939092 0.986426 0.0729226 0.990885 0.873795 0.969632 0.969602 0.662061 0.120868 0.69663 0.79397 0.968851 0.420401 0.672556 0.842169 0.659555 0.783672 0.450744 0.86234 0.992724 0.590958 0.244872 0.963292 0.782399 0.33767 0.079024 0.00761842 0.615731 0.205083 0.0105083 0.124923 0.0240834 0.112054 0.106072 0.216814 0.717875 0.318788 0.440598 0.00348605 0.699961 0.0566917 0.0805803 0.346577 0.589624 0.189362 0.276027 0.987693 0.75352 0.289989 0.0801139 0.0925682 0.0755289 0.198878 0.00348507 0.0254601 0.0130731 0.0527873 0.0155686 0.160636 0.616052 0.0194199 0.513992 0.0372834 0.0234321 0.135056 0.0220986 0.0415053 0.312889 0.105496 0.0974448 0.0313741 0.0566424 0.156354 0.137561 0.77895
0.665701 0.874066 0.14662 0.842336 0.288098 0.775925 0.823094 0.953131 0.160646 0.737146 0.685945 0.760249 0.885172 0.977956 0.312791 0.881141 0.689267 0.990916 0.533082 0.96898 0.946121 0.949334 0.765065 0.898056 0.916502 0.939705 0.98647 0.0721368 0.990905 0.873449 0.969583 0.969559 0.662207 0.12004 0.698516 0.794055 0.969029 0.418695 0.675131 0.842545 0.65789 0.784794 0.448975 0.86262 0.992744 0.592382 0.245018 0.96333 0.783593 0.337512 0.0789703 0.00755674 0.617441 0.204622 0.0105056 0.124581 0.0241365 0.111757 0.104615 0.216422 0.719372 0.316912 0.440323 0.00347542 0.699049 0.0563962 0.0804211 0.346805 0.589696 0.189158 0.278453 0.98782 0.754912 0.289766 0.0804402 0.0922574 0.0746799 0.199545 0.00347451 0.0251675 0.0130732 0.0527483 0.0154655 0.161868 0.617712 0.0194456 0.512793 0.0368774 0.0235555 0.134936 0.0220974 0.0409906 0.311623 0.104038 0.0972965 0.031033 0.0563578 0.156284 0.137848 0.780028
0.664966 0.87457 0.147113 0.842745 0.28772 0.774493 0.823479 0.952868 0.160575 0.738422 0.686038 0.76005 0.884884 0.978082 0.311145 0.881336 0.687783 0.990936 0.533089 0.969156 0.946681 0.949992 0.765568 0.898493 0.917414 0.940317 0.986514 0.0713595 0.990926 0.873078 0.969525 0.969509 0.662326 0.119219 0.700437 0.794145 0.969205 0.416986 0.677713 0.842932 0.65618 0.785915 0.447183 0.862886 0.992763 0.593783 0.245129 0.963371 0.784754 0.337349 0.0789069 0.00749583 0.619118 0.204169 0.0105027 0.124235 0.0241857 0.111457 0.103185 0.215989 0.720884 0.315018 0.439991 0.00346423 0.69813 0.056112 0.080273 0.346985 0.589807 0.188943 0.280879 0.987946 0.756295 0.28953 0.0807688 0.0919449 0.0738501 0.200247 0.00346392 0.0248758 0.0130752 0.0526991 0.0153627 0.163093 0.619419 0.01947 0.511551 0.0364753 0.023683 0.134835 0.0220928 0.040473 0.310382 0.10261 0.0971546 0.0306985 0.0560629 0.156229 0.138134 0.7811
0.664241 0.875076 0.147577 0.843146 0.287346 0.77301 0.823852 0.952599 0.160502 0.73967 0.686127 0.75984 0.884611 0.978209 0.309505 0.881524 0.686231 0.990958 0.533062 0.96934 0.947229 0.950638 0.766029 0.898941 0.918335 0.940912 0.986558 0.0705922 0.990946 0.872725 0.969483 0.969457 0.662469 0.1184 0.702354 0.794223 0.969386 0.415227 0.680236 0.843349 0.654434 0.787017 0.445387 0.863163 0.992782 0.595184 0.245267 0.963405 0.785924 0.337214 0.0788577 0.00743712 0.620838 0.203738 0.0104995 0.123876 0.0242342 0.11116 0.101773 0.215572 0.722392 0.313133 0.43967 0.00345357 0.697213 0.0558129 0.0801262 0.347175 0.589901 0.188717 0.283346 0.98807 0.757673 0.289364 0.0811019 0.0916383 0.0730242 0.20098 0.00345327 0.0245871 0.0130757 0.0526472 0.0152619 0.164345 0.621164 0.0194983 0.510341 0.0360735 0.0238169 0.134767 0.0220904 0.0399704 0.30911 0.101185 0.0970111 0.0303655 0.0557667 0.156152 0.138445 0.782169
0.663442 0.87557 0.148054 0.843578 0.286964 0.771586 0.824222 0.952333 0.160433 0.740926 0.686213 0.759614 0.884314 0.978334 0.307848 0.881708 0.684728 0.990979 0.533013 0.969517 0.947769 0.951288 0.766487 0.899378 0.919242 0.941515 0.986601 0.0698156 0.990967 0.872396 0.969432 0.969407 0.662568 0.117589 0.70426 0.794302 0.969565 0.41345 0.682813 0.843753 0.652664 0.788115 0.443601 0.863446 0.992801 0.596607 0.2454 0.963439 0.787061 0.337089 0.0788132 0.0073782 0.622559 0.203304 0.0104942 0.123524 0.0242811 0.110857 0.100359 0.215178 0.723888 0.311258 0.439375 0.00344265 0.696306 0.0555245 0.0799814 0.347322 0.589981 0.188511 0.285812 0.988194 0.759036 0.289136 0.0814444 0.0913311 0.0722057 0.201699 0.00344258 0.0242987 0.0130808 0.0526109 0.0151642 0.16561 0.622895 0.0195253 0.509129 0.0356827 0.0239481 0.13466 0.0220879 0.0394662 0.307878 0.0997665 0.0968519 0.0300402 0.0554681 0.156103 0.138749 0.783269
0.662672 0.876075 0.14855 0.843972 0.286568 0.770103 0.824594 0.952061 0.160385 0.742221 0.686337 0.759439 0.884039 0.978453 0.30621 0.881893 0.683163 0.990999 0.533 0.969697 0.948322 0.951929 0.766962 0.899809 0.920144 0.942101 0.986643 0.0690555 0.990987 0.872044 0.96938 0.969358 0.662668 0.116786 0.706132 0.794384 0.969743 0.411682 0.685385 0.844149 0.650886 0.789229 0.441764 0.863734 0.992819 0.598033 0.24555 0.963474 0.788189 0.336955 0.0787584 0.00731824 0.624288 0.202868 0.0104904 0.12318 0.0243331 0.110548 0.0989661 0.21478 0.725382 0.309394 0.439079 0.00343254 0.695383 0.0552263 0.0798253 0.34745 0.590039 0.188318 0.288321 0.988315 0.760439 0.288915 0.0817759 0.0910259 0.0714009 0.202396 0.00343204 0.0240123 0.0130841 0.0525701 0.015068 0.166869 0.624593 0.0195558 0.507875 0.0352939 0.0240829 0.134565 0.022085 0.038969 0.306602 0.0983474 0.0967124 0.0297145 0.055177 0.156066 0.139075 0.784365
0.661897 0.876556 0.149024 0.844355 0.286138 0.768583 0.824969 0.951783 0.160327 0.743508 0.686434 0.75921 0.883741 0.978577 0.304557 0.882084 0.681608 0.991017 0.532956 0.969874 0.948869 0.952567 0.767443 0.900239 0.921035 0.942689 0.986685 0.0683042 0.991007 0.871702 0.969329 0.96931 0.662785 0.115983 0.708033 0.794457 0.969914 0.409927 0.688009 0.84457 0.649116 0.790315 0.439955 0.863999 0.992837 0.59949 0.245707 0.963508 0.789348 0.33682 0.0787154 0.00725877 0.626007 0.202433 0.0104864 0.122829 0.0243812 0.11025 0.0975707 0.214419 0.726909 0.307509 0.438754 0.00342296 0.694431 0.0549481 0.0796695 0.347598 0.59011 0.188131 0.290835 0.988435 0.761825 0.288713 0.0821316 0.0907184 0.0706029 0.203109 0.00342209 0.0237299 0.0130887 0.0525313 0.01497 0.168177 0.62633 0.0195846 0.506628 0.0349025 0.0242206 0.134453 0.0220819 0.03848 0.305316 0.0969791 0.0965617 0.0293923 0.0548841 0.156032 0.139386 0.785455
0.661102 0.877031 0.149501 0.844766 0.285768 0.767082 0.825337 0.951504 0.160279 0.744765 0.686519 0.758972 0.883431 0.9787 0.302931 0.882264 0.680024 0.991037 0.532866 0.970046 0.949405 0.953187 0.767885 0.900679 0.92191 0.943265 0.986728 0.0675617 0.991025 0.871353 0.96928 0.969255 0.662955 0.115187 0.709911 0.79453 0.970082 0.408155 0.690599 0.844974 0.647346 0.791438 0.438118 0.864274 0.992854 0.600916 0.245881 0.963541 0.790495 0.336683 0.0786831 0.0071998 0.62774 0.202008 0.0104804 0.122479 0.0244317 0.109942 0.0962203 0.214029 0.728434 0.305649 0.438428 0.00341283 0.693436 0.0546608 0.0795135 0.347784 0.590206 0.187923 0.293395 0.988554 0.763202 0.288527 0.08248 0.0904049 0.0698158 0.203854 0.00341274 0.0234527 0.0130936 0.0524959 0.0148739 0.169488 0.628072 0.0196148 0.505384 0.0345201 0.0243611 0.134341 0.0220801 0.0379926 0.304032 0.0956234 0.0964164 0.0290699 0.0546053 0.155989 0.139713 0.786545
0.660261 0.877514 0.14998 0.845188 0.285357 0.765531 0.825748 0.951214 0.160211 0.746046 0.686638 0.758724 0.883134 0.978817 0.301313 0.882472 0.678472 0.991056 0.532789 0.97022 0.949931 0.9538 0.768356 0.901099 0.922789 0.943847 0.98677 0.0668128 0.991045 0.871011 0.969225 0.969201 0.6631 0.114362 0.711801 0.794589 0.970261 0.406401 0.693132 0.845401 0.645532 0.792535 0.43627 0.864558 0.992873 0.602309 0.246043 0.963572 0.791655 0.336544 0.0786373 0.00714313 0.629495 0.201566 0.0104762 0.122129 0.0244824 0.109644 0.094851 0.213667 0.729934 0.303756 0.43811 0.00340289 0.692446 0.0543703 0.0793731 0.347927 0.590326 0.187693 0.295977 0.988672 0.764591 0.28834 0.0828293 0.0900926 0.0690398 0.204596 0.00340285 0.0231814 0.0130973 0.0524611 0.0147765 0.170797 0.629812 0.0196433 0.504111 0.0341386 0.0245018 0.134208 0.0220769 0.0375114 0.302704 0.0942711 0.0962781 0.0287476 0.0543187 0.155973 0.140055 0.787641
0.659427 0.877981 0.150452 0.845577 0.284931 0.76395 0.826108 0.950932 0.16017 0.747315 0.686739 0.758477 0.882831 0.978939 0.29966 0.882664 0.676886 0.991074 0.532753 0.970397 0.950459 0.954407 0.768767 0.901535 0.923645 0.944416 0.986808 0.0660837 0.991063 0.870649 0.96917 0.969151 0.663256 0.113565 0.713662 0.794655 0.97044 0.404606 0.695665 0.845801 0.643692 0.79368 0.434433 0.864836 0.992889 0.603741 0.246224 0.9636 0.792811 0.336402 0.0786043 0.0070862 0.631253 0.201192 0.0104731 0.12178 0.0245321 0.109356 0.0935196 0.213298 0.731453 0.3018 0.437749 0.00339335 0.691468 0.0540898 0.0792108 0.34805 0.59037 0.187454 0.29856 0.988789 0.76597 0.288152 0.0831845 0.0897912 0.068257 0.205371 0.00339368 0.0229094 0.0131028 0.0524232 0.0146797 0.172134 0.631583 0.0196715 0.502812 0.033766 0.0246443 0.13411 0.0220765 0.0370377 0.301393 0.092919 0.0961388 0.0284318 0.0540419 0.155964 0.140412 0.788733
0.658614 0.878456 0.150951 0.845967 0.284544 0.762364 0.826504 0.950631 0.160123 0.748628 0.686866 0.758221 0.882546 0.979062 0.297993 0.882867 0.675246 0.991092 0.532675 0.970573 0.950978 0.955005 0.769224 0.901976 0.924499 0.944993 0.986845 0.0653471 0.991082 0.870295 0.969118 0.969102 0.663402 0.112762 0.715577 0.794743 0.970614 0.402842 0.698222 0.846228 0.641846 0.794793 0.432608 0.865127 0.992908 0.605164 0.246417 0.963624 0.793937 0.336336 0.0785747 0.00702983 0.633014 0.200761 0.0104701 0.121412 0.0245824 0.109045 0.0922095 0.212938 0.732975 0.299931 0.437419 0.0033837 0.690456 0.0538116 0.0790615 0.348178 0.590412 0.18723 0.301196 0.988905 0.767345 0.287906 0.0835416 0.0894635 0.0674837 0.206155 0.00338376 0.0226452 0.0131086 0.0523796 0.0145861 0.173507 0.633333 0.0197028 0.501542 0.0333896 0.0247882 0.133967 0.0220722 0.0365655 0.300065 0.0915999 0.0960034 0.0281245 0.0537709 0.155958 0.140753 0.789823
0.657774 0.878939 0.151445 0.846365 0.28416 0.760746 0.826907 0.950329 0.16005 0.749916 0.687004 0.757952 0.882261 0.979185 0.296344 0.883077 0.673619 0.991111 0.532612 0.970744 0.951506 0.955599 0.769615 0.902397 0.925349 0.945555 0.986887 0.064614 0.9911 0.869942 0.969064 0.969044 0.663567 0.111968 0.717448 0.794793 0.970789 0.401044 0.700757 0.846637 0.639995 0.795898 0.430735 0.865436 0.992924 0.60659 0.246602 0.963651 0.795089 0.336279 0.0785634 0.00697411 0.634791 0.200405 0.0104664 0.12106 0.0246338 0.108744 0.0909017 0.212566 0.7345 0.298052 0.437043 0.00337385 0.689417 0.0535336 0.0789064 0.348315 0.590449 0.187001 0.303879 0.989017 0.76873 0.287733 0.0838765 0.0891579 0.0667274 0.206929 0.00337454 0.0223813 0.013114 0.052349 0.014489 0.174866 0.635072 0.0197314 0.500247 0.0330271 0.024939 0.133854 0.0220696 0.0361004 0.298718 0.0902905 0.095862 0.0278167 0.0534959 0.155947 0.141105 0.790909
0.65689 0.879413 0.151934 0.84676 0.283779 0.759157 0.827296 0.950023 0.159977 0.751186 0.687135 0.757677 0.881958 0.979305 0.294653 0.883288 0.671958 0.99113 0.532524 0.970916 0.952021 0.95618 0.770016 0.902822 0.926199 0.946116 0.986926 0.0638938 0.991118 0.869594 0.969011 0.968995 0.663712 0.111176 0.719322 0.794888 0.970963 0.399198 0.703287 0.847069 0.63809 0.797019 0.428849 0.865738 0.992941 0.60805 0.24681 0.96368 0.796252 0.336192 0.0785489 0.00691834 0.636559 0.200018 0.010464 0.120704 0.0246848 0.108426 0.089594 0.212219 0.736033 0.296181 0.436732 0.00336441 0.688348 0.0532499 0.0787599 0.348405 0.590469 0.186792 0.306574 0.989131 0.770098 0.28752 0.0842254 0.0888573 0.0659795 0.20771 0.00336468 0.0221161 0.0131199 0.0523151 0.014396 0.17626 0.636811 0.0197598 0.498971 0.0326611 0.0250962 0.133735 0.0220674 0.0356455 0.297364 0.0890056 0.0957177 0.0275125 0.0532221 0.155959 0.141454 0.792015
0.656027 0.879892 0.152432 0.847201 0.283389 0.757524 0.827674 0.949702 0.159923 0.75248 0.687243 0.7574 0.88165 0.979423 0.293032 0.883497 0.670317 0.991148 0.532421 0.971086 0.952531 0.956756 0.77041 0.903233 0.927032 0.946668 0.986965 0.0631887 0.991135 0.869236 0.968951 0.968939 0.663899 0.110384 0.721224 0.79495 0.971133 0.397343 0.705781 0.847516 0.636188 0.798098 0.426942 0.866052 0.992958 0.609494 0.247005 0.963703 0.797424 0.336096 0.0785391 0.0068634 0.638332 0.19967 0.0104612 0.120351 0.0247411 0.10812 0.0883122 0.211857 0.737564 0.294289 0.436427 0.00335498 0.68729 0.0529713 0.0785986 0.348457 0.59056 0.186591 0.309298 0.989242 0.771477 0.287324 0.0845928 0.0885545 0.0652323 0.208529 0.00335517 0.0218565 0.0131265 0.0522769 0.0143039 0.177695 0.638628 0.0197929 0.497633 0.0323044 0.0252555 0.133615 0.0220675 0.0351883 0.296023 0.087731 0.0955678 0.0272111 0.0529484 0.155976 0.141811 0.793103
0.655131 0.880359 0.152919 0.847636 0.283015 0.755832 0.828044 0.949381 0.159858 0.753775 0.687407 0.757125 0.881325 0.979541 0.291365 0.8837 0.668596 0.991166 0.532323 0.971259 0.953038 0.957331 0.770789 0.903649 0.92786 0.94722 0.987002 0.062481 0.991153 0.86887 0.968895 0.96888 0.664038 0.109599 0.723107 0.795016 0.971305 0.395455 0.7083 0.847936 0.634314 0.799201 0.425068 0.866357 0.992976 0.610937 0.2472 0.963725 0.798547 0.336038 0.0785392 0.00680996 0.640085 0.199293 0.010459 0.11999 0.024794 0.107793 0.0870352 0.211556 0.739116 0.292412 0.436104 0.00334586 0.686256 0.0526971 0.0784305 0.348514 0.590597 0.186378 0.311987 0.989352 0.772848 0.287145 0.0849572 0.0882421 0.0644831 0.209368 0.00334619 0.0216007 0.0131324 0.0522429 0.0142104 0.179138 0.640449 0.019822 0.496291 0.031948 0.0254133 0.133501 0.0220684 0.0347369 0.294632 0.0864641 0.0954163 0.0269102 0.0526806 0.155998 0.142184 0.794191
0.654234 0.880827 0.153441 0.848072 0.282591 0.754209 0.828449 0.949053 0.159793 0.755063 0.687533 0.756802 0.881006 0.97966 0.2897 0.883911 0.66686 0.991181 0.532254 0.971424 0.953533 0.957901 0.771196 0.90405 0.928676 0.947766 0.987039 0.0617837 0.991169 0.868505 0.968843 0.96883 0.664227 0.108821 0.724977 0.795081 0.971473 0.393591 0.71086 0.848356 0.632366 0.800301 0.423177 0.866652 0.992992 0.612411 0.247434 0.963747 0.799742 0.33602 0.0785339 0.00675594 0.641868 0.198923 0.0104577 0.119646 0.0248507 0.107482 0.0857719 0.211251 0.740626 0.290534 0.435788 0.00333726 0.685186 0.0524246 0.0782559 0.34856 0.590597 0.18616 0.314737 0.989462 0.77423 0.286974 0.0853155 0.0879295 0.0637398 0.210205 0.0033371 0.0213441 0.0131376 0.0522069 0.0141165 0.180572 0.642228 0.0198532 0.494992 0.031594 0.0255725 0.133384 0.0220712 0.0342916 0.293264 0.0852228 0.0953006 0.0266149 0.0524048 0.156034 0.142568 0.795296
0.653379 0.881297 0.153978 0.848489 0.282154 0.752539 0.828846 0.948724 0.15973 0.756322 0.687684 0.756518 0.880689 0.979781 0.288073 0.884113 0.665156 0.991199 0.53217 0.97159 0.954026 0.958467 0.771568 0.904456 0.929487 0.948306 0.987079 0.0610946 0.991184 0.868165 0.968788 0.968774 0.664405 0.108053 0.726856 0.795127 0.971635 0.391746 0.713364 0.848789 0.630454 0.801437 0.421241 0.866956 0.993009 0.613872 0.247697 0.963768 0.800914 0.335958 0.078534 0.00670386 0.643665 0.19857 0.010456 0.119288 0.0249077 0.107188 0.0845246 0.210945 0.742146 0.288675 0.43547 0.00332772 0.684125 0.0521512 0.0780999 0.34864 0.590637 0.185949 0.317523 0.989569 0.775607 0.286817 0.0856708 0.0876183 0.0630111 0.211059 0.00332807 0.0210919 0.0131445 0.0521708 0.0140267 0.182045 0.643998 0.0198858 0.493633 0.0312477 0.0257395 0.133261 0.0220735 0.0338544 0.291881 0.0839683 0.0951719 0.0263188 0.0521348 0.156067 0.142958 0.796413
0.652442 0.881772 0.154501 0.848908 0.281703 0.750854 0.829226 0.948382 0.159663 0.757588 0.687815 0.756173 0.8804 0.9799 0.286431 0.884306 0.663486 0.991216 0.532003 0.971756 0.954517 0.959024 0.771943 0.904862 0.930288 0.948834 0.987117 0.0604249 0.9912 0.867792 0.968729 0.968717 0.664579 0.107266 0.72872 0.79517 0.971803 0.389874 0.715854 0.849193 0.628487 0.802547 0.419342 0.867269 0.993025 0.615335 0.24797 0.963788 0.802088 0.335897 0.0785501 0.0066503 0.645431 0.198201 0.0104557 0.11893 0.0249595 0.106882 0.0832915 0.210642 0.743691 0.2868 0.43512 0.00331903 0.683062 0.0518817 0.0779336 0.348715 0.590666 0.185716 0.320349 0.989676 0.776961 0.286622 0.0860291 0.087307 0.0622763 0.211908 0.00331937 0.0208466 0.0131514 0.0521286 0.0139352 0.183509 0.645836 0.0199154 0.492256 0.0309066 0.0259075 0.133133 0.022073 0.0334227 0.290516 0.0827379 0.0950365 0.0260306 0.0518644 0.156095 0.143344 0.797503
0.651548 0.882246 0.155001 0.849347 0.281251 0.749078 0.829639 0.948044 0.159585 0.758855 0.687976 0.755836 0.880103 0.980017 0.284773 0.884506 0.661722 0.991232 0.531859 0.971923 0.955 0.959572 0.772317 0.905286 0.931091 0.949365 0.987155 0.0597411 0.991216 0.867417 0.968678 0.968665 0.664807 0.106504 0.730575 0.795236 0.971968 0.388026 0.718366 0.84962 0.626519 0.803657 0.417468 0.867589 0.993041 0.616766 0.248207 0.963809 0.80323 0.335889 0.0785663 0.00659885 0.6472 0.197871 0.0104564 0.11855 0.0250125 0.10658 0.082068 0.210319 0.745216 0.284897 0.434756 0.00331074 0.681952 0.0516154 0.0777557 0.34876 0.590703 0.185468 0.323183 0.98978 0.778324 0.286486 0.0863926 0.086992 0.061556 0.212802 0.00331039 0.0205974 0.0131587 0.0520996 0.0138437 0.185006 0.647599 0.019946 0.490892 0.0305637 0.026082 0.133012 0.0220776 0.033 0.289095 0.0815377 0.0948986 0.0257425 0.0516008 0.156149 0.143744 0.798601
0.650642 0.882718 0.155512 0.8498 0.280795 0.74735 0.830051 0.947699 0.15952 0.760137 0.688112 0.755486 0.879767 0.980134 0.283139 0.884698 0.659977 0.991249 0.531725 0.972087 0.955487 0.960115 0.772681 0.905697 0.931894 0.949887 0.987192 0.059077 0.991231 0.86702 0.968623 0.968611 0.665013 0.105721 0.732478 0.795301 0.972135 0.386154 0.720837 0.850058 0.624526 0.804788 0.415517 0.867898 0.993057 0.618251 0.248445 0.963826 0.80438 0.335863 0.07859 0.00654712 0.649006 0.197531 0.0104556 0.118182 0.0250712 0.106282 0.080852 0.210028 0.746744 0.282984 0.434412 0.00330199 0.680836 0.051353 0.0775808 0.348765 0.590699 0.18521 0.326021 0.989883 0.779709 0.286318 0.0867641 0.0866768 0.0608423 0.213657 0.00330183 0.0203541 0.0131678 0.052064 0.0137544 0.186541 0.649438 0.0199801 0.489507 0.0302279 0.0262571 0.132861 0.0220773 0.0325756 0.287683 0.0803403 0.0947613 0.0254507 0.05134 0.156191 0.144178 0.799721
0.649679 0.883178 0.15604 0.850209 0.280323 0.745635 0.830446 0.94734 0.159446 0.761404 0.688257 0.755123 0.879438 0.980248 0.281462 0.884916 0.658168 0.991263 0.531575 0.972252 0.955968 0.960648 0.773009 0.906113 0.932668 0.950413 0.987227 0.0584148 0.991248 0.866644 0.968569 0.968556 0.665182 0.104958 0.734347 0.795367 0.972299 0.384268 0.723354 0.850506 0.62255 0.805904 0.413576 0.868234 0.993072 0.619775 0.248726 0.963849 0.805503 0.3358 0.0786205 0.00649485 0.650813 0.197223 0.0104548 0.117825 0.0251238 0.105969 0.0796563 0.209742 0.748272 0.281102 0.434063 0.00329341 0.679667 0.0510855 0.0774186 0.348815 0.59072 0.18496 0.328908 0.989986 0.781085 0.286137 0.0871341 0.0863656 0.0601426 0.214542 0.00329314 0.0201134 0.0131764 0.0520389 0.0136639 0.188091 0.651223 0.0200109 0.488116 0.029898 0.026434 0.132717 0.0220807 0.032157 0.286272 0.0791548 0.0946384 0.0251647 0.051069 0.156268 0.144564 0.800821
0.648761 0.883648 0.156557 0.850655 0.279861 0.743865 0.830835 0.946982 0.159381 0.762648 0.688416 0.754768 0.879116 0.980367 0.279854 0.88513 0.656387 0.991279 0.531463 0.972413 0.956446 0.961182 0.773406 0.906515 0.933444 0.950923 0.987263 0.0577557 0.991263 0.866283 0.968508 0.968498 0.665378 0.104193 0.736164 0.795437 0.972463 0.38236 0.725842 0.850933 0.620557 0.807007 0.411634 0.868539 0.993087 0.621272 0.249011 0.96387 0.806665 0.335795 0.0786469 0.00644404 0.652623 0.196931 0.0104551 0.117454 0.0251774 0.105649 0.0784713 0.209471 0.749798 0.279246 0.433682 0.00328509 0.678559 0.0508244 0.0772578 0.348834 0.590737 0.184728 0.331791 0.990087 0.782496 0.286017 0.0875246 0.0860498 0.0594394 0.215429 0.00328497 0.0198756 0.0131838 0.0520131 0.0135755 0.189647 0.65301 0.020042 0.486728 0.0295625 0.0266155 0.132554 0.0220791 0.0317366 0.284878 0.0779856 0.094496 0.0248851 0.0508103 0.156347 0.144973 0.801938
0.647772 0.884108 0.157066 0.85111 0.279382 0.742045 0.831241 0.946616 0.159325 0.763932 0.688587 0.754374 0.87877 0.980483 0.278192 0.885346 0.654533 0.991293 0.531321 0.972578 0.956918 0.961705 0.773742 0.906919 0.934218 0.951432 0.987298 0.0570978 0.991278 0.865905 0.968454 0.96844 0.665534 0.10344 0.738034 0.795535 0.972624 0.380441 0.728321 0.851374 0.618519 0.808161 0.409691 0.86886 0.993101 0.6228 0.249291 0.963889 0.807815 0.335795 0.0786779 0.00639411 0.654381 0.196592 0.0104545 0.117073 0.0252349 0.10533 0.0772968 0.209208 0.751328 0.277406 0.433286 0.0032769 0.677405 0.0505609 0.0771002 0.348825 0.590757 0.184497 0.334722 0.990187 0.783877 0.285853 0.0879121 0.0857283 0.0587552 0.216335 0.00327671 0.0196409 0.0131933 0.0519837 0.0134865 0.191215 0.654823 0.0200772 0.485287 0.0292324 0.0268034 0.132394 0.0220795 0.0313285 0.283493 0.0768378 0.0943549 0.0246089 0.0505454 0.156439 0.145398 0.80306
0.646779 0.884565 0.157574 0.85156 0.278923 0.740258 0.831656 0.946242 0.159271 0.765218 0.688764 0.753966 0.878452 0.980597 0.276563 0.885568 0.65269 0.991309 0.53109 0.972738 0.957385 0.962222 0.774095 0.907331 0.934975 0.951936 0.987335 0.0564604 0.991293 0.865532 0.9684 0.968382 0.665778 0.102689 0.739883 0.795605 0.972781 0.378481 0.730747 0.851787 0.616456 0.809264 0.407696 0.869176 0.993115 0.624313 0.249633 0.963903 0.808961 0.335808 0.078715 0.00634433 0.656174 0.196291 0.0104539 0.116697 0.0252908 0.105017 0.0761358 0.208897 0.752861 0.275545 0.432874 0.00326856 0.676251 0.0503037 0.0769195 0.348851 0.590731 0.184267 0.337658 0.990287 0.785266 0.28567 0.0882957 0.085416 0.0580815 0.217256 0.00326874 0.01941 0.0132027 0.0519542 0.0134005 0.192803 0.656631 0.0201114 0.483863 0.0289073 0.0269953 0.132262 0.0220833 0.0309268 0.28207 0.0756941 0.0942232 0.0243306 0.0502827 0.156503 0.145839 0.804182
0.645805 0.885018 0.158097 0.852 0.278445 0.738467 0.832067 0.945864 0.159207 0.766506 0.688913 0.753572 0.878123 0.980711 0.274941 0.885812 0.650854 0.991324 0.530895 0.9729 0.957847 0.962734 0.774444 0.907744 0.935715 0.952441 0.987369 0.0558195 0.991308 0.865144 0.968344 0.968326 0.66594 0.101922 0.741726 0.795675 0.972945 0.376541 0.7332 0.852209 0.61441 0.810395 0.405716 0.869509 0.993131 0.625808 0.249965 0.963918 0.810091 0.335821 0.0787736 0.00629439 0.657973 0.19599 0.0104559 0.116316 0.0253444 0.104707 0.0749994 0.208614 0.754376 0.273682 0.432486 0.00326115 0.675059 0.0500409 0.0767429 0.348839 0.590743 0.18402 0.340631 0.990387 0.786638 0.285506 0.0886718 0.0851047 0.0574121 0.218216 0.00326083 0.0191814 0.0132122 0.0519259 0.0133131 0.19442 0.658477 0.0201419 0.482411 0.0285872 0.0271919 0.132099 0.0220838 0.030525 0.28069 0.0745684 0.0940894 0.0240596 0.0500236 0.156602 0.146269 0.805295
0.644822 0.885461 0.158614 0.85243 0.277951 0.736599 0.832495 0.945481 0.159137 0.767769 0.689078 0.753169 0.87779 0.980822 0.273286 0.88605 0.649007 0.991337 0.530717 0.973062 0.9583 0.963233 0.774774 0.908138 0.936466 0.952947 0.987403 0.0551847 0.991323 0.864761 0.968285 0.968268 0.666175 0.101174 0.743587 0.795759 0.973104 0.374579 0.735657 0.852644 0.612334 0.811525 0.403752 0.86984 0.993145 0.627337 0.250275 0.963927 0.811245 0.335861 0.0788193 0.00624598 0.659817 0.195677 0.0104577 0.115956 0.0253996 0.104362 0.0738792 0.208379 0.75591 0.271799 0.432118 0.00325308 0.673867 0.0497866 0.0765779 0.348821 0.59076 0.183778 0.343607 0.990484 0.788018 0.285389 0.0890504 0.0847938 0.0567504 0.219182 0.00325245 0.0189532 0.0132201 0.0518951 0.013226 0.196062 0.660299 0.020176 0.480973 0.0282665 0.0273867 0.13194 0.0220839 0.0301288 0.279253 0.0734445 0.0939562 0.0237902 0.0497573 0.156686 0.14675 0.80641
0.64379 0.885922 0.159117 0.852867 0.277483 0.734743 0.832948 0.945092 0.159075 0.769052 0.689307 0.752784 0.877462 0.980935 0.271658 0.886273 0.64715 0.991352 0.530531 0.973222 0.958751 0.96373 0.775076 0.908534 0.937214 0.95344 0.987439 0.0545489 0.991338 0.864366 0.968226 0.968211 0.666438 0.100436 0.745445 0.795819 0.973265 0.372624 0.738098 0.85308 0.610225 0.812652 0.401742 0.870192 0.99316 0.628881 0.250602 0.963942 0.812388 0.335878 0.0788723 0.00619831 0.661629 0.195412 0.0104602 0.115581 0.0254509 0.104038 0.0727713 0.208104 0.75741 0.269934 0.431712 0.00324546 0.67264 0.0495347 0.0763977 0.348774 0.590753 0.183525 0.346634 0.990581 0.789392 0.285264 0.0894183 0.0844896 0.0560874 0.220117 0.00324427 0.0187265 0.0132305 0.0518626 0.0131393 0.197685 0.662135 0.0202088 0.479458 0.0279442 0.0275848 0.131784 0.0220863 0.0297367 0.277794 0.0723305 0.0938316 0.0235254 0.0495016 0.156772 0.147201 0.807531
0.642783 0.886376 0.159644 0.853295 0.27701 0.732882 0.833374 0.944686 0.159002 0.770326 0.689509 0.75236 0.877133 0.981049 0.270004 0.886496 0.645261 0.991366 0.530322 0.973377 0.959201 0.964217 0.775392 0.908942 0.937947 0.953926 0.987473 0.0539325 0.991352 0.863993 0.968168 0.968147 0.666658 0.0997085 0.74727 0.795915 0.973421 0.370701 0.74055 0.853548 0.608123 0.813771 0.399794 0.870537 0.993173 0.630385 0.250921 0.963946 0.813544 0.335935 0.0789255 0.00615143 0.663472 0.195149 0.0104622 0.115193 0.0255043 0.103709 0.0716694 0.207865 0.75892 0.268101 0.431343 0.00323766 0.671424 0.0492743 0.0762181 0.348707 0.590757 0.183249 0.349684 0.990676 0.790758 0.285149 0.0898098 0.0841734 0.0554382 0.221131 0.0032369 0.0185048 0.0132412 0.0518297 0.0130565 0.199345 0.66397 0.0202393 0.477947 0.0276325 0.0277807 0.131618 0.0220898 0.0293527 0.276363 0.0712402 0.0936849 0.0232627 0.0492494 0.15688 0.147684 0.808634
0.641725 0.886832 0.160172 0.853752 0.276522 0.730961 0.833819 0.944274 0.15894 0.771605 0.689732 0.751918 0.876777 0.981162 0.268364 0.886736 0.64336 0.99138 0.53008 0.973534 0.959647 0.964706 0.775702 0.909335 0.938672 0.954407 0.987506 0.0533194 0.991364 0.863619 0.968114 0.968087 0.666857 0.098977 0.749092 0.795963 0.97358 0.368773 0.742933 0.854011 0.606005 0.814902 0.397793 0.870897 0.993186 0.631913 0.251288 0.963958 0.814695 0.336011 0.0789992 0.00610419 0.665272 0.194864 0.0104649 0.114826 0.0255611 0.103383 0.0705918 0.207645 0.760424 0.266249 0.430913 0.00323013 0.670184 0.0490253 0.0760512 0.348662 0.59076 0.182982 0.352713 0.990771 0.792104 0.285023 0.0901928 0.0838611 0.0547899 0.222102 0.00322948 0.0182852 0.0132491 0.0517979 0.0129729 0.201033 0.66578 0.020272 0.476416 0.0273229 0.0279852 0.131455 0.02209 0.0289727 0.274922 0.0701637 0.0935605 0.0230003 0.0489968 0.156985 0.148187 0.809733
0.640659 0.887307 0.160686 0.854207 0.276043 0.729042 0.834245 0.943855 0.158902 0.772854 0.689935 0.751482 0.876452 0.981276 0.266738 0.886962 0.641439 0.991393 0.529839 0.973687 0.960086 0.965185 0.775997 0.909724 0.9394 0.954888 0.987542 0.0527084 0.991377 0.863233 0.968063 0.968027 0.667074 0.0982463 0.750936 0.796046 0.973732 0.366832 0.745371 0.854445 0.603869 0.81602 0.395776 0.871258 0.9932 0.63343 0.251672 0.963969 0.815821 0.336121 0.0790751 0.00605642 0.667117 0.194629 0.0104688 0.114451 0.0256157 0.10306 0.0695224 0.207453 0.762 0.264382 0.430513 0.00322272 0.668932 0.0487727 0.0758726 0.3486 0.590746 0.182745 0.355782 0.990866 0.793473 0.284892 0.0905715 0.0835538 0.0541495 0.223098 0.00322175 0.0180696 0.0132615 0.0517684 0.01289 0.202768 0.667594 0.0203042 0.47491 0.0270127 0.0281917 0.131279 0.0220916 0.02859 0.273476 0.0690879 0.0934108 0.0227433 0.0487462 0.157074 0.148688 0.810856
0.639605 0.887755 0.161216 0.854641 0.275531 0.727081 0.834704 0.943441 0.15885 0.774102 0.690134 0.751003 0.876115 0.981383 0.265123 0.887204 0.63954 0.991406 0.529563 0.97384 0.960524 0.965658 0.776263 0.910116 0.940113 0.955375 0.987573 0.0521011 0.991392 0.862857 0.968011 0.967971 0.66729 0.0975233 0.752765 0.796121 0.973889 0.364834 0.747799 0.854899 0.60172 0.81714 0.393772 0.871619 0.993214 0.634967 0.252058 0.96398 0.816982 0.336198 0.0791448 0.00601069 0.668914 0.194351 0.0104707 0.114064 0.025666 0.102738 0.0684487 0.207258 0.763542 0.262559 0.430112 0.00321537 0.667628 0.048523 0.0756971 0.348596 0.590699 0.182507 0.358897 0.990958 0.794867 0.284767 0.0909501 0.0832518 0.0535184 0.224093 0.00321404 0.017854 0.0132743 0.0517408 0.012806 0.204509 0.669431 0.0203388 0.473438 0.0267123 0.0284044 0.131105 0.0220942 0.0282167 0.272002 0.0680405 0.0932791 0.0224847 0.0484946 0.157199 0.149205 0.812001
0.638557 0.888208 0.161753 0.855102 0.275029 0.725153 0.835147 0.94301 0.158815 0.775338 0.690336 0.750519 0.875788 0.981494 0.26352 0.88743 0.637594 0.991418 0.529277 0.973995 0.960953 0.966125 0.776545 0.910513 0.940808 0.955853 0.987605 0.0515025 0.991404 0.862476 0.967954 0.967912 0.667536 0.0968005 0.754598 0.796177 0.974049 0.362859 0.750171 0.855347 0.599605 0.81823 0.391727 0.871981 0.993227 0.63647 0.252459 0.963991 0.818118 0.336309 0.0792418 0.00596477 0.670755 0.194118 0.0104727 0.113683 0.0257235 0.102413 0.0674013 0.207048 0.765069 0.260708 0.429681 0.0032089 0.666351 0.0482694 0.0755156 0.348507 0.590673 0.182256 0.361991 0.991049 0.796234 0.284668 0.0913343 0.0829405 0.0528854 0.225135 0.00320648 0.0176407 0.0132862 0.0517047 0.0127233 0.206257 0.671252 0.0203709 0.471957 0.0264101 0.028618 0.130933 0.0220962 0.0278495 0.270522 0.0670068 0.0931401 0.0222305 0.0482464 0.157343 0.149717 0.813131
0.637461 0.888632 0.162294 0.855556 0.274522 0.723215 0.835589 0.942577 0.158753 0.776605 0.690533 0.750064 0.87545 0.981607 0.261895 0.88767 0.635608 0.99143 0.528965 0.974153 0.961381 0.966592 0.776788 0.910916 0.941498 0.956322 0.987637 0.0509166 0.991416 0.862113 0.967901 0.967857 0.667845 0.0960764 0.756406 0.796249 0.974203 0.360897 0.752608 0.855815 0.597428 0.819362 0.389657 0.87233 0.99324 0.637989 0.25287 0.963998 0.819253 0.336417 0.0793252 0.00591907 0.672644 0.193882 0.0104749 0.113302 0.025778 0.102099 0.0663683 0.206846 0.766604 0.258897 0.429288 0.00320196 0.665065 0.0480165 0.0753354 0.348397 0.590694 0.181991 0.365121 0.991139 0.797579 0.284548 0.0917192 0.0826209 0.0522646 0.226205 0.00319898 0.0174276 0.0132966 0.0516776 0.0126412 0.208031 0.673094 0.0203983 0.470381 0.0261139 0.0288373 0.130749 0.0220961 0.0274883 0.269071 0.0659777 0.0930028 0.0219817 0.0480047 0.157502 0.150249 0.814245
0.63637 0.889084 0.162794 0.855987 0.273971 0.721245 0.836005 0.942131 0.158693 0.777859 0.690739 0.749641 0.875113 0.981718 0.260246 0.887911 0.633637 0.991442 0.528636 0.974307 0.961809 0.967048 0.777053 0.911303 0.942196 0.956787 0.987667 0.0503275 0.991428 0.861724 0.96784 0.967802 0.668095 0.0953506 0.758228 0.796266 0.974357 0.358949 0.75499 0.856253 0.595222 0.820473 0.387627 0.872676 0.993252 0.639493 0.25326 0.964007 0.820405 0.336487 0.0794231 0.00587409 0.674454 0.19363 0.010479 0.112911 0.0258397 0.101757 0.0653486 0.206642 0.768122 0.257023 0.428823 0.00319518 0.663778 0.0477706 0.0751555 0.34828 0.590666 0.181699 0.368286 0.991227 0.798928 0.284434 0.0921026 0.0822892 0.0516508 0.227248 0.00319177 0.0172206 0.0133061 0.0516528 0.0125576 0.209848 0.674915 0.02043 0.468855 0.0258194 0.0290571 0.130571 0.0220945 0.0271349 0.267569 0.0649579 0.0928706 0.0217338 0.0477562 0.157635 0.150793 0.81537
0.635264 0.889514 0.163322 0.856458 0.273473 0.71923 0.836456 0.941683 0.158611 0.779107 0.690967 0.749122 0.874801 0.981829 0.258633 0.888173 0.631644 0.991454 0.528335 0.974459 0.962232 0.967504 0.777275 0.911692 0.94288 0.95725 0.987699 0.0497365 0.99144 0.861337 0.967786 0.967746 0.668321 0.0946353 0.760002 0.796338 0.974513 0.356929 0.75738 0.856723 0.593039 0.821603 0.385539 0.873054 0.993266 0.640986 0.253665 0.964015 0.821508 0.336613 0.0795224 0.0058287 0.676351 0.193411 0.0104822 0.112516 0.0258951 0.101438 0.0643406 0.206446 0.769657 0.255199 0.42834 0.00318824 0.66243 0.0475241 0.07497 0.348164 0.590666 0.181424 0.371473 0.991315 0.800304 0.28434 0.0924927 0.0819562 0.0510434 0.228301 0.00318527 0.0170159 0.0133154 0.0516292 0.0124758 0.211633 0.676834 0.0204635 0.467365 0.0255288 0.029288 0.130383 0.0220985 0.0267795 0.266097 0.0639606 0.0927416 0.021488 0.0475146 0.157791 0.15133 0.816472
0.634113 0.889949 0.163856 0.85692 0.272927 0.717201 0.836905 0.941213 0.158546 0.780377 0.691168 0.748613 0.874464 0.981939 0.256987 0.888407 0.629657 0.991466 0.528027 0.974609 0.962645 0.967946 0.777505 0.912083 0.943551 0.957704 0.987731 0.0491651 0.991452 0.86097 0.967729 0.967689 0.668605 0.0939302 0.761808 0.796399 0.974662 0.354909 0.759754 0.857189 0.590769 0.822727 0.383449 0.873445 0.993277 0.642542 0.254074 0.964024 0.822616 0.336761 0.0796217 0.00578447 0.678196 0.193193 0.0104837 0.112144 0.0259477 0.101106 0.0633459 0.206245 0.771176 0.253332 0.427879 0.00318112 0.661069 0.047273 0.0747918 0.348032 0.590635 0.181178 0.374721 0.991401 0.801673 0.284215 0.0928768 0.0816331 0.0504369 0.22934 0.00317867 0.0168109 0.0133287 0.0516093 0.0123951 0.213438 0.678674 0.0204972 0.465817 0.0252446 0.029521 0.13019 0.0221029 0.0264328 0.264571 0.0629607 0.0926275 0.0212449 0.0472683 0.157931 0.151848 0.817589
0.63296 0.890379 0.164374 0.857378 0.272383 0.715136 0.837353 0.940759 0.158488 0.781647 0.691437 0.748105 0.874131 0.982048 0.255365 0.888663 0.627627 0.991479 0.527718 0.974761 0.963057 0.968386 0.77769 0.912469 0.944217 0.958153 0.987761 0.0485935 0.991466 0.860604 0.967673 0.967631 0.66886 0.0932213 0.763593 0.796485 0.974812 0.352891 0.762122 0.857639 0.588502 0.823868 0.3814 0.873809 0.99329 0.644062 0.25452 0.964027 0.823764 0.336904 0.0797308 0.00574124 0.680055 0.193005 0.0104887 0.111748 0.0259992 0.100768 0.0623609 0.20608 0.772696 0.251508 0.427409 0.00317438 0.65976 0.0470334 0.0745953 0.347941 0.590613 0.180891 0.377946 0.991488 0.803013 0.284102 0.0932556 0.0813122 0.0498386 0.230421 0.00317226 0.0166103 0.013341 0.051585 0.0123147 0.215259 0.680521 0.0205317 0.464231 0.0249611 0.0297566 0.130005 0.0221072 0.026089 0.263097 0.0619849 0.0925066 0.0210043 0.0470293 0.158095 0.152414 0.818716
0.631837 0.890824 0.164907 0.857826 0.271827 0.713097 0.83781 0.940292 0.158416 0.782894 0.691722 0.747551 0.873786 0.98216 0.253771 0.888917 0.625599 0.991491 0.527376 0.974913 0.963465 0.968816 0.777923 0.912848 0.94488 0.958596 0.987791 0.0480407 0.991478 0.860206 0.967618 0.967577 0.669115 0.0925213 0.765388 0.79658 0.974959 0.350852 0.764477 0.858093 0.586241 0.824992 0.379295 0.874193 0.993304 0.645644 0.254933 0.964026 0.824857 0.337049 0.0798448 0.0056982 0.681903 0.192808 0.0104923 0.111347 0.0260538 0.100435 0.0613867 0.205891 0.774176 0.249659 0.426976 0.0031672 0.658375 0.0467908 0.0744048 0.347806 0.590582 0.180572 0.381177 0.991573 0.804347 0.28401 0.0936337 0.0809896 0.0492513 0.231584 0.00316559 0.0164096 0.0133558 0.0515598 0.0122342 0.217138 0.682382 0.0205639 0.462628 0.0246795 0.03 0.129821 0.0221139 0.0257487 0.261588 0.0610231 0.0923993 0.0207651 0.0467875 0.15826 0.152957 0.819847
0.630688 0.891253 0.165458 0.85828 0.271272 0.710986 0.838266 0.939808 0.158341 0.784165 0.691963 0.747018 0.873452 0.982269 0.252143 0.889172 0.62349 0.991503 0.526992 0.975062 0.963867 0.969242 0.778149 0.913218 0.945536 0.959033 0.987822 0.0474863 0.991489 0.859806 0.967557 0.967521 0.669377 0.0918176 0.767202 0.796651 0.97511 0.34884 0.7668 0.858557 0.584022 0.826086 0.377174 0.874554 0.993315 0.647221 0.255358 0.96403 0.825978 0.337248 0.0799626 0.00565451 0.683771 0.192625 0.0104965 0.110968 0.026112 0.100089 0.0604167 0.205732 0.775688 0.24786 0.426466 0.00316036 0.657023 0.0465485 0.0742212 0.347642 0.590546 0.180293 0.384481 0.991656 0.805714 0.283956 0.0940313 0.0806681 0.04867 0.232716 0.00315968 0.016214 0.0133683 0.0515277 0.0121561 0.21904 0.684288 0.0205974 0.461038 0.0243988 0.0302491 0.129621 0.0221217 0.0254118 0.260054 0.0600806 0.0922735 0.0205274 0.0465427 0.15845 0.153561 0.820973
0.629512 0.891671 0.166027 0.858736 0.270763 0.708871 0.838709 0.939314 0.158279 0.78542 0.692199 0.746454 0.873112 0.982379 0.250525 0.889425 0.621416 0.991514 0.526623 0.975209 0.964268 0.969668 0.778351 0.913599 0.946187 0.959481 0.987853 0.0469363 0.991501 0.859418 0.967506 0.967465 0.669642 0.0911383 0.769001 0.796717 0.975256 0.346765 0.769154 0.859018 0.581773 0.827218 0.375127 0.87494 0.993326 0.648746 0.255819 0.964035 0.827087 0.337424 0.0800967 0.0056123 0.685621 0.192451 0.0105034 0.110597 0.026166 0.0997571 0.0594707 0.205548 0.777212 0.246021 0.426021 0.00315361 0.655657 0.0463041 0.074038 0.347438 0.590477 0.180023 0.38781 0.991739 0.807054 0.28387 0.0944251 0.0803498 0.0480934 0.233895 0.00315341 0.0160192 0.0133818 0.0515016 0.0120776 0.220972 0.686148 0.0206292 0.459391 0.0241202 0.0305028 0.129434 0.0221299 0.0250802 0.258535 0.0591482 0.0921429 0.0202927 0.0463042 0.158628 0.154145 0.822104
0.628339 0.892102 0.16655 0.859191 0.270215 0.706761 0.839186 0.938825 0.158189 0.78667 0.692464 0.745877 0.872786 0.982488 0.248927 0.889673 0.619292 0.991527 0.526275 0.975359 0.964666 0.970091 0.77856 0.913987 0.946824 0.959918 0.987883 0.0463977 0.991512 0.859004 0.967455 0.967407 0.669924 0.0904338 0.770749 0.796777 0.975409 0.344695 0.771471 0.859498 0.579487 0.828327 0.373041 0.875325 0.993338 0.650288 0.256302 0.964037 0.82819 0.337655 0.0802401 0.00557055 0.687518 0.192281 0.0105101 0.110202 0.0262237 0.0994101 0.0585417 0.205417 0.778708 0.244194 0.425563 0.00314779 0.65426 0.0460648 0.0738575 0.347218 0.590413 0.17976 0.391118 0.991822 0.808382 0.283821 0.0948126 0.0800249 0.0475236 0.235056 0.00314682 0.015826 0.0133947 0.0514755 0.0119995 0.222886 0.687976 0.0206657 0.457836 0.0238455 0.0307571 0.129224 0.0221325 0.0247515 0.257048 0.0582266 0.0920157 0.0200622 0.0460628 0.158813 0.154726 0.823242
0.627146 0.892537 0.16708 0.859683 0.269653 0.704622 0.83966 0.938323 0.158107 0.787908 0.692732 0.745294 0.872463 0.982596 0.247306 0.889925 0.617165 0.991536 0.525892 0.975499 0.965061 0.970504 0.778725 0.91435 0.947452 0.960342 0.98791 0.0458666 0.991524 0.858599 0.967396 0.967351 0.67021 0.0897586 0.772534 0.796851 0.975549 0.342677 0.773749 0.85998 0.577193 0.829465 0.370925 0.87571 0.993351 0.651829 0.256798 0.964034 0.829265 0.337856 0.0803883 0.0055288 0.689397 0.192137 0.0105148 0.109787 0.0262761 0.0990698 0.0576146 0.20527 0.780235 0.24237 0.425091 0.00314109 0.652858 0.0458326 0.0736555 0.347019 0.590362 0.179467 0.394506 0.991903 0.809745 0.283745 0.0952009 0.079707 0.0469602 0.236237 0.00314033 0.0156372 0.0134094 0.0514482 0.0119214 0.224825 0.689844 0.0206987 0.456221 0.0235713 0.0310128 0.129012 0.0221358 0.024429 0.255511 0.0573065 0.0918928 0.0198354 0.0458268 0.159001 0.155325 0.824379
0.625917 0.892945 0.16762 0.860142 0.269088 0.702489 0.840129 0.937813 0.158044 0.78917 0.692982 0.744715 0.872125 0.982702 0.245693 0.890181 0.614978 0.991546 0.525515 0.975648 0.965455 0.970908 0.778911 0.914729 0.948086 0.960769 0.987936 0.0453387 0.991535 0.858206 0.967339 0.967296 0.6705 0.0890803 0.774287 0.796954 0.975697 0.340626 0.776028 0.860448 0.574856 0.830572 0.36877 0.876101 0.993362 0.653381 0.257329 0.964036 0.83036 0.338105 0.0805257 0.00548889 0.691258 0.19199 0.0105202 0.10941 0.0263273 0.0987164 0.0567034 0.205151 0.781743 0.240513 0.424619 0.00313473 0.651462 0.0455974 0.0734579 0.34682 0.590274 0.179186 0.397889 0.991985 0.811096 0.283655 0.0955932 0.0793762 0.0464093 0.237452 0.0031341 0.0154482 0.0134238 0.0514203 0.011842 0.226799 0.691701 0.0207322 0.454546 0.0233002 0.0312813 0.128793 0.0221369 0.0241075 0.25397 0.0563938 0.0917665 0.019607 0.0455874 0.15921 0.155927 0.825496
0.624716 0.893363 0.168155 0.860628 0.268501 0.70033 0.840601 0.937295 0.157959 0.790431 0.693242 0.744105 0.871794 0.982808 0.244107 0.890451 0.612836 0.991557 0.525087 0.975793 0.96584 0.971307 0.779051 0.915111 0.948702 0.961194 0.987964 0.0448147 0.991546 0.857803 0.967289 0.967238 0.670787 0.0883943 0.776042 0.79703 0.975841 0.338618 0.778309 0.86092 0.57249 0.831674 0.366668 0.8765 0.993373 0.654962 0.257819 0.964034 0.83148 0.338346 0.0806922 0.00544896 0.69309 0.191861 0.0105246 0.109035 0.0263792 0.0983759 0.055813 0.205034 0.783254 0.23871 0.424109 0.00312881 0.65003 0.0453612 0.0732467 0.34661 0.59017 0.178872 0.40132 0.992064 0.812443 0.283598 0.0959909 0.0790583 0.045854 0.238654 0.00312785 0.0152637 0.0134388 0.0513947 0.0117665 0.228804 0.693596 0.0207675 0.452941 0.023039 0.0315532 0.128564 0.0221424 0.0237923 0.252409 0.0555158 0.0916308 0.0193836 0.0453504 0.159431 0.156556 0.826622
0.623485 0.893778 0.16867 0.861104 0.267905 0.698129 0.841056 0.936764 0.157897 0.791693 0.693534 0.7435 0.871473 0.982914 0.24254 0.890716 0.610629 0.991568 0.524643 0.975937 0.966225 0.971707 0.779256 0.915484 0.949316 0.961613 0.987994 0.0442999 0.991558 0.85741 0.967239 0.967185 0.671076 0.087717 0.777773 0.797128 0.975986 0.336588 0.78055 0.861386 0.57016 0.832793 0.364557 0.8769 0.993383 0.656526 0.258312 0.96404 0.832589 0.338653 0.0808486 0.00540852 0.694975 0.19174 0.0105322 0.108639 0.0264338 0.0980321 0.0549257 0.204946 0.784774 0.2369 0.423641 0.00312248 0.648515 0.0451261 0.0730389 0.346382 0.590062 0.178543 0.404728 0.992143 0.813779 0.283529 0.0963826 0.0787327 0.0452994 0.239866 0.00312182 0.0150816 0.0134527 0.0513646 0.0116913 0.230849 0.695434 0.0208014 0.451338 0.0227743 0.0318295 0.12835 0.0221506 0.0234793 0.250875 0.0546469 0.0915134 0.0191608 0.0451262 0.159677 0.157168 0.827765
0.622256 0.894211 0.169205 0.861578 0.267342 0.695928 0.841532 0.936227 0.157827 0.792933 0.69384 0.742857 0.871131 0.98302 0.240958 0.890981 0.608424 0.991578 0.524184 0.976081 0.966604 0.972099 0.779371 0.915852 0.949922 0.962024 0.988019 0.0437989 0.991567 0.857028 0.967186 0.967133 0.671397 0.0870602 0.779501 0.797225 0.976132 0.334517 0.782799 0.861845 0.567769 0.833886 0.362409 0.877307 0.993393 0.658101 0.258874 0.964039 0.833656 0.338886 0.0810275 0.00536807 0.69681 0.191616 0.0105381 0.108221 0.0264867 0.097679 0.0540553 0.204858 0.786294 0.23512 0.423129 0.00311699 0.646976 0.0449002 0.0728318 0.346136 0.589984 0.178238 0.40814 0.99222 0.815115 0.283498 0.0967837 0.0783986 0.0447633 0.241105 0.00311609 0.0148984 0.0134689 0.0513366 0.011616 0.232885 0.697306 0.0208344 0.449687 0.0225182 0.032108 0.128123 0.0221542 0.0231733 0.249286 0.0537856 0.0913802 0.0189426 0.044896 0.159901 0.157796 0.828893
0.620961 0.894616 0.169688 0.862056 0.266754 0.693696 0.841999 0.935682 0.15775 0.794173 0.694108 0.742215 0.870799 0.983126 0.239373 0.891262 0.606226 0.99159 0.523698 0.976223 0.966979 0.972491 0.779532 0.916213 0.950518 0.962436 0.988047 0.0432923 0.991577 0.856654 0.967131 0.967074 0.671686 0.0863991 0.7812 0.797317 0.976277 0.33247 0.785002 0.862336 0.56538 0.834995 0.360258 0.877702 0.993404 0.659671 0.25944 0.964041 0.834722 0.339178 0.0812129 0.00532818 0.698712 0.191492 0.0105452 0.107796 0.026542 0.0973306 0.0531967 0.204733 0.787767 0.233298 0.422606 0.00311121 0.645513 0.0446703 0.0726157 0.345864 0.589892 0.17794 0.411599 0.992297 0.816474 0.283495 0.0971681 0.0780743 0.0442286 0.242341 0.00311031 0.0147181 0.0134855 0.0513097 0.0115403 0.234969 0.699179 0.020869 0.44804 0.0222636 0.0323936 0.127903 0.0221573 0.0228713 0.247718 0.0529256 0.0912439 0.0187268 0.0446706 0.160147 0.158445 0.829993
0.619643 0.895029 0.170207 0.862534 0.266176 0.691448 0.842493 0.935117 0.157659 0.7954 0.69442 0.741555 0.870465 0.983229 0.23779 0.891545 0.604013 0.991599 0.52319 0.976364 0.967344 0.972871 0.779657 0.916578 0.951108 0.962837 0.988072 0.0427905 0.991586 0.856273 0.967075 0.967018 0.671968 0.0857283 0.782915 0.797387 0.976421 0.330398 0.787242 0.86283 0.562948 0.836101 0.358069 0.87812 0.993415 0.66125 0.26003 0.96404 0.835823 0.339451 0.0814005 0.00528856 0.700583 0.191377 0.0105515 0.107387 0.0265946 0.0969928 0.0523498 0.204634 0.789288 0.231482 0.422128 0.00310539 0.644015 0.0444435 0.0724189 0.345614 0.589772 0.177646 0.415069 0.992373 0.81779 0.283482 0.0975745 0.0777289 0.0436961 0.243596 0.00310448 0.0145414 0.0135007 0.0512883 0.0114662 0.237074 0.701117 0.0209008 0.446364 0.0220086 0.0326833 0.127687 0.022158 0.0225747 0.246181 0.0520862 0.0911081 0.0185127 0.0444453 0.160417 0.159104 0.831135
0.618353 0.895434 0.170739 0.863025 0.265556 0.689186 0.842976 0.93456 0.157565 0.79664 0.694738 0.740928 0.870145 0.983335 0.236223 0.891816 0.6018 0.99161 0.522721 0.97651 0.967701 0.973255 0.779781 0.916937 0.951688 0.963237 0.988099 0.0422828 0.991596 0.855879 0.967024 0.966961 0.672291 0.0850709 0.78462 0.797453 0.976564 0.3283 0.789461 0.863331 0.560529 0.837199 0.355914 0.878529 0.993425 0.662841 0.260576 0.964031 0.83691 0.33977 0.0815823 0.00524892 0.702445 0.191272 0.0105607 0.10698 0.02665 0.0966479 0.051515 0.204549 0.790773 0.2297 0.42156 0.0031001 0.64245 0.044227 0.0722017 0.34535 0.589662 0.177333 0.418581 0.992449 0.819105 0.28345 0.0979616 0.0774069 0.0431708 0.244896 0.00309903 0.014364 0.0135177 0.0512646 0.0113939 0.239189 0.703045 0.0209327 0.444648 0.0217606 0.0329769 0.127433 0.0221603 0.0222783 0.244602 0.0512528 0.090988 0.0183014 0.0442144 0.160668 0.159782 0.832238
0.617011 0.895849 0.171271 0.863503 0.264946 0.686901 0.843471 0.933985 0.157495 0.797877 0.695036 0.740264 0.869793 0.983441 0.234647 0.892098 0.599555 0.991619 0.522245 0.976651 0.968067 0.973629 0.779875 0.917304 0.952262 0.963643 0.988124 0.0417902 0.991606 0.855472 0.966967 0.966907 0.672607 0.0844254 0.786368 0.79754 0.976707 0.326193 0.791663 0.863786 0.558103 0.838297 0.353695 0.878968 0.993435 0.664399 0.261156 0.96403 0.837952 0.340088 0.0817741 0.00521102 0.704314 0.191157 0.0105668 0.106575 0.0266994 0.0962821 0.0506911 0.204501 0.792268 0.227916 0.421028 0.00309471 0.640884 0.0440098 0.0719816 0.345041 0.589544 0.177022 0.422034 0.992523 0.820402 0.283426 0.098348 0.0770758 0.0426499 0.246211 0.00309316 0.0141918 0.0135341 0.0512394 0.0113209 0.241325 0.704927 0.0209623 0.442948 0.0215053 0.0332809 0.127201 0.0221641 0.0219865 0.243066 0.0504299 0.0908377 0.0180893 0.043995 0.160954 0.160471 0.833349
0.615709 0.896253 0.171768 0.863989 0.264346 0.684648 0.843968 0.933391 0.157406 0.799132 0.69535 0.739542 0.869459 0.983542 0.233107 0.892389 0.597313 0.991628 0.521759 0.976792 0.968426 0.973999 0.779997 0.917665 0.952832 0.964036 0.988151 0.0413012 0.991616 0.855061 0.966911 0.966854 0.672957 0.083777 0.788063 0.797636 0.976848 0.324051 0.793863 0.864275 0.555632 0.839384 0.351537 0.879374 0.993445 0.66599 0.261768 0.964027 0.839035 0.340409 0.0819899 0.00517331 0.706191 0.191066 0.0105737 0.106164 0.0267539 0.0959386 0.0498797 0.204452 0.79376 0.226168 0.420461 0.00308914 0.639326 0.0437871 0.0717702 0.344717 0.589427 0.176709 0.42555 0.992596 0.821739 0.28345 0.0987514 0.076759 0.0421407 0.247542 0.00308738 0.0140212 0.0135502 0.0512088 0.0112479 0.243491 0.70681 0.0209929 0.441218 0.0212594 0.0335885 0.126955 0.0221661 0.0216968 0.241505 0.0496184 0.0907 0.0178804 0.0437731 0.161239 0.16114 0.834493
0.614417 0.896668 0.172289 0.86449 0.263687 0.682346 0.84445 0.932804 0.157351 0.800381 0.695646 0.738835 0.869128 0.983646 0.23154 0.892679 0.595017 0.991637 0.521257 0.976932 0.96878 0.97436 0.780097 0.918019 0.9534 0.964425 0.988177 0.0408158 0.991626 0.85466 0.966849 0.966802 0.673331 0.0831384 0.78978 0.797695 0.976985 0.321935 0.796022 0.864759 0.553136 0.84047 0.34931 0.879787 0.993456 0.667585 0.262356 0.964025 0.840105 0.34069 0.0821991 0.0051351 0.708078 0.191012 0.0105804 0.10575 0.026809 0.0955902 0.0490777 0.204424 0.795254 0.224391 0.419903 0.00308354 0.637763 0.0435678 0.0715537 0.344408 0.589292 0.176399 0.429098 0.99267 0.823019 0.283414 0.0991409 0.076436 0.0416377 0.248909 0.00308181 0.0138542 0.0135668 0.0511756 0.0111756 0.245665 0.708655 0.0210252 0.439488 0.0210209 0.0338986 0.126708 0.0221664 0.0214107 0.239925 0.0488221 0.090577 0.0176773 0.0435457 0.16152 0.161833 0.835606
0.613096 0.897073 0.172764 0.864985 0.263067 0.680002 0.844967 0.932202 0.157261 0.801592 0.695989 0.738119 0.868814 0.983753 0.229981 0.892954 0.592672 0.991647 0.520748 0.97707 0.969138 0.974723 0.780148 0.918375 0.953962 0.964815 0.988202 0.0403358 0.991635 0.854278 0.966796 0.966751 0.673663 0.082493 0.791498 0.797782 0.977122 0.319726 0.798179 0.86524 0.550632 0.841555 0.347128 0.880223 0.993466 0.669187 0.262944 0.964014 0.841177 0.341111 0.0824167 0.00509823 0.709991 0.190961 0.0105894 0.105323 0.0268623 0.0952344 0.0482793 0.204389 0.796711 0.222618 0.419335 0.00307829 0.636167 0.0433471 0.0713413 0.34405 0.589166 0.176057 0.432644 0.992741 0.824312 0.283403 0.0995205 0.0760969 0.041134 0.250301 0.00307659 0.0136883 0.0135842 0.0511373 0.0111029 0.247886 0.710547 0.0210568 0.437762 0.0207774 0.0342152 0.126474 0.0221692 0.0211322 0.238338 0.0480345 0.0904462 0.0174762 0.0433264 0.161807 0.16255 0.836737
0.611747 0.897479 0.173291 0.865473 0.262461 0.677624 0.845459 0.931579 0.157189 0.802836 0.69631 0.737409 0.868471 0.983856 0.228408 0.89326 0.59032 0.991656 0.520139 0.977206 0.969484 0.975075 0.780208 0.918726 0.954524 0.9652 0.988229 0.0398606 0.991644 0.853901 0.966743 0.966696 0.674035 0.081847 0.793176 0.797864 0.977259 0.317635 0.800332 0.865724 0.548111 0.842652 0.344906 0.880661 0.993475 0.670793 0.263539 0.964006 0.842254 0.341497 0.0826518 0.00506148 0.711894 0.190918 0.0105981 0.104903 0.0269161 0.0948788 0.0475042 0.204394 0.79821 0.220857 0.418722 0.00307281 0.634529 0.0431271 0.0711253 0.343726 0.58904 0.175725 0.436225 0.992814 0.825597 0.283408 0.0998987 0.0757692 0.0406387 0.251659 0.00307131 0.0135248 0.0135997 0.0511017 0.011032 0.250103 0.712457 0.0210902 0.436024 0.0205396 0.0345432 0.126224 0.0221728 0.0208509 0.236737 0.0472625 0.090301 0.0172773 0.0431035 0.162133 0.163268 0.837847
0.610383 0.897885 0.173777 0.865955 0.261841 0.675221 0.845947 0.930955 0.157106 0.804073 0.696613 0.73668 0.868164 0.983957 0.226865 0.893557 0.587961 0.991667 0.519576 0.977339 0.969824 0.975423 0.78023 0.919084 0.95507 0.965579 0.988253 0.0393908 0.991653 0.853507 0.966683 0.96664 0.674416 0.0812108 0.794856 0.797962 0.977396 0.315481 0.802481 0.866229 0.54561 0.843749 0.342658 0.881078 0.993485 0.672376 0.264158 0.964003 0.843301 0.341865 0.0828774 0.00502493 0.713797 0.190896 0.010606 0.104479 0.0269669 0.0945212 0.0467332 0.204409 0.799694 0.219091 0.418115 0.0030674 0.632927 0.0429159 0.0709035 0.343366 0.588901 0.175419 0.439787 0.992885 0.826869 0.2834 0.100286 0.075454 0.0401524 0.253041 0.00306537 0.0133631 0.0136153 0.0510717 0.0109604 0.252377 0.714348 0.0211185 0.434267 0.0203053 0.034865 0.125965 0.022171 0.0205785 0.235158 0.0465079 0.0901583 0.0170825 0.0428811 0.162466 0.163975 0.838965
0.608974 0.898295 0.174291 0.866455 0.261262 0.672839 0.846459 0.930317 0.157015 0.805306 0.696993 0.73594 0.867815 0.984059 0.225313 0.893861 0.585584 0.991675 0.51899 0.977476 0.970165 0.975765 0.780271 0.919437 0.955614 0.965953 0.988277 0.0389286 0.991661 0.853123 0.966633 0.966592 0.674742 0.0806016 0.796527 0.798046 0.977531 0.313326 0.80459 0.866715 0.54302 0.844837 0.340455 0.881512 0.993494 0.67397 0.264822 0.963998 0.844359 0.342321 0.083114 0.00498827 0.715671 0.190858 0.010613 0.104065 0.0270196 0.0941764 0.0459771 0.204397 0.801179 0.21732 0.417519 0.00306226 0.631298 0.0426988 0.0706838 0.342949 0.588768 0.175073 0.443396 0.992954 0.828167 0.283389 0.100681 0.0751085 0.0396657 0.254415 0.00306051 0.0132043 0.0136321 0.0510315 0.0108897 0.254663 0.716285 0.0211461 0.432526 0.0200741 0.0352016 0.125705 0.0221737 0.0203076 0.233581 0.0457498 0.0900212 0.016889 0.0426619 0.162792 0.164717 0.840104
0.607574 0.898706 0.174783 0.866962 0.260621 0.670458 0.846963 0.929667 0.156955 0.806538 0.697318 0.735205 0.867505 0.984159 0.223754 0.894171 0.583237 0.991682 0.518399 0.977611 0.970502 0.976108 0.780286 0.919796 0.95615 0.966325 0.988299 0.0384705 0.991669 0.852759 0.966581 0.966536 0.675093 0.0799835 0.798196 0.798133 0.977668 0.311207 0.806699 0.867219 0.540473 0.84594 0.338257 0.881937 0.993502 0.675607 0.265462 0.963989 0.845429 0.342753 0.0833532 0.00495187 0.717568 0.190851 0.0106215 0.103653 0.0270743 0.0938073 0.0452337 0.204402 0.802636 0.215592 0.416909 0.00305733 0.629611 0.0424823 0.0704636 0.342601 0.588617 0.174735 0.447022 0.993024 0.829446 0.283392 0.101066 0.0747811 0.0391882 0.255863 0.00305626 0.0130469 0.0136513 0.0509954 0.0108196 0.256986 0.718225 0.0211728 0.430761 0.0198438 0.0355438 0.125451 0.0221732 0.02004 0.23196 0.0450078 0.0898913 0.0166936 0.0424502 0.163118 0.165478 0.841208
0.606192 0.899117 0.175272 0.867446 0.259947 0.668012 0.847485 0.929001 0.156861 0.807777 0.697621 0.734425 0.867206 0.984258 0.222174 0.894464 0.580826 0.99169 0.517782 0.977746 0.970829 0.97644 0.780297 0.920155 0.956686 0.966691 0.988324 0.0380232 0.991676 0.852364 0.966527 0.966488 0.675458 0.0793566 0.799876 0.798244 0.977802 0.309039 0.808777 0.867705 0.537917 0.847033 0.336032 0.882367 0.993511 0.677182 0.266136 0.963986 0.846489 0.343182 0.0836016 0.00491593 0.719452 0.190826 0.0106303 0.103226 0.0271262 0.0934459 0.0444966 0.204412 0.80409 0.213853 0.416303 0.00305238 0.627936 0.0422642 0.0702543 0.342216 0.588456 0.174401 0.450693 0.993091 0.83074 0.283444 0.101476 0.0744576 0.0387166 0.257278 0.00305132 0.0128918 0.0136678 0.0509632 0.0107511 0.259349 0.720155 0.0212053 0.428967 0.0196147 0.0358877 0.125197 0.0221751 0.0197788 0.230345 0.0442759 0.0897709 0.0165043 0.0422371 0.163467 0.166256 0.84231
0.604785 0.899521 0.175778 0.867955 0.259275 0.665545 0.847993 0.928329 0.156787 0.809009 0.697979 0.733665 0.866871 0.984359 0.220653 0.894783 0.578447 0.991697 0.517186 0.977877 0.971163 0.976774 0.780301 0.920504 0.95721 0.967059 0.988346 0.0375763 0.991685 0.851988 0.966475 0.966439 0.675832 0.0787407 0.801512 0.798343 0.977936 0.306876 0.81086 0.868203 0.53536 0.84812 0.333792 0.882818 0.993519 0.678778 0.266788 0.963969 0.847545 0.343673 0.0838485 0.00488085 0.721319 0.190805 0.0106389 0.102805 0.0271794 0.0930966 0.0437727 0.204428 0.805551 0.212133 0.415677 0.00304742 0.626205 0.0420557 0.070033 0.341818 0.588305 0.174061 0.454362 0.993158 0.832012 0.283452 0.101861 0.0741223 0.0382485 0.25876 0.00304612 0.0127363 0.0136864 0.0509322 0.0106824 0.261707 0.722078 0.0212315 0.427165 0.0193896 0.0362394 0.124918 0.0221762 0.0195234 0.228759 0.0435557 0.0896295 0.0163165 0.0420211 0.163837 0.167034 0.843425
0.603322 0.899913 0.176277 0.868466 0.258594 0.663037 0.848509 0.927645 0.156696 0.810248 0.69833 0.732848 0.866557 0.984459 0.219128 0.895074 0.576054 0.991705 0.516559 0.97801 0.971485 0.977103 0.780267 0.920843 0.957718 0.967421 0.988369 0.0371355 0.991694 0.851614 0.96642 0.96639 0.6762 0.0781263 0.803176 0.798454 0.97807 0.304743 0.812916 0.868703 0.532736 0.849223 0.331575 0.883257 0.993528 0.680381 0.267478 0.96396 0.848633 0.344177 0.0841089 0.0048464 0.723236 0.19079 0.010649 0.102377 0.0272343 0.0927267 0.0430594 0.20447 0.806992 0.210396 0.415106 0.00304217 0.624476 0.0418474 0.0698163 0.341409 0.588142 0.173711 0.458045 0.993224 0.833261 0.283522 0.102243 0.0737928 0.0377942 0.260246 0.00304147 0.0125822 0.0137057 0.0509046 0.0106116 0.26413 0.723985 0.0212601 0.425343 0.0191703 0.0365966 0.124628 0.0221758 0.019268 0.227159 0.0428392 0.089514 0.0161273 0.04181 0.164181 0.167847 0.844559
0.601859 0.900336 0.176768 0.868982 0.257912 0.660506 0.849021 0.926954 0.156618 0.811464 0.698676 0.732022 0.866251 0.984558 0.217582 0.895377 0.573632 0.991714 0.51588 0.978141 0.971806 0.977421 0.780198 0.921181 0.958229 0.967773 0.988392 0.0367011 0.991703 0.85122 0.966373 0.96634 0.676614 0.0775195 0.804828 0.798591 0.978203 0.30258 0.814936 0.869201 0.53011 0.850318 0.329327 0.883699 0.993537 0.681963 0.268176 0.963948 0.849691 0.344684 0.0843929 0.00481197 0.725127 0.190831 0.0106582 0.101948 0.0272845 0.0923668 0.0423528 0.204504 0.808487 0.208671 0.414514 0.00303743 0.622771 0.0416323 0.0695888 0.340975 0.587904 0.173368 0.461689 0.99329 0.834496 0.283592 0.102622 0.0734495 0.0373392 0.261762 0.00303681 0.0124319 0.0137256 0.0508709 0.0105431 0.266507 0.725838 0.0212888 0.423549 0.0189503 0.0369614 0.124357 0.0221754 0.0190133 0.225569 0.0421432 0.0893919 0.0159427 0.0415959 0.16455 0.168635 0.845671
0.600412 0.900731 0.177245 0.869479 0.257215 0.657959 0.849548 0.926247 0.156518 0.812677 0.69906 0.731181 0.865927 0.984657 0.21607 0.895701 0.571196 0.991723 0.515251 0.978274 0.97213 0.977742 0.780157 0.921535 0.958734 0.968121 0.988414 0.0362705 0.991712 0.850838 0.966323 0.966288 0.677011 0.0769069 0.806478 0.79867 0.978335 0.300412 0.816974 0.869712 0.527503 0.851414 0.327044 0.884133 0.993545 0.683539 0.268899 0.963938 0.850725 0.345226 0.0846746 0.00477755 0.727034 0.190864 0.0106692 0.101495 0.0273337 0.0919911 0.0416618 0.204532 0.809925 0.206956 0.413885 0.00303255 0.621042 0.041421 0.0693771 0.340555 0.587712 0.173012 0.465395 0.993354 0.835775 0.283636 0.10302 0.0731165 0.0368887 0.263271 0.00303216 0.0122815 0.0137456 0.0508448 0.0104749 0.268961 0.727709 0.02132 0.421725 0.0187346 0.0373386 0.124058 0.0221763 0.0187633 0.223933 0.0414576 0.0892598 0.0157581 0.0413908 0.164933 0.169442 0.846814
0.59891 0.901128 0.177721 0.869953 0.256517 0.655403 0.850061 0.925525 0.156419 0.813881 0.699409 0.730341 0.865618 0.984757 0.214571 0.896017 0.56871 0.991731 0.514575 0.978408 0.972446 0.978054 0.780127 0.921875 0.959234 0.96847 0.988435 0.0358444 0.991721 0.850466 0.966275 0.966237 0.677452 0.0763141 0.808119 0.798738 0.97847 0.298278 0.818994 0.870204 0.524824 0.852484 0.324802 0.884586 0.993554 0.685154 0.2696 0.963926 0.851775 0.345748 0.0849661 0.00474365 0.728938 0.190921 0.0106783 0.101074 0.0273814 0.0916169 0.0409807 0.204594 0.811415 0.20529 0.413208 0.00302855 0.619255 0.0412128 0.0691469 0.340092 0.587536 0.172684 0.469076 0.993417 0.837059 0.283697 0.10339 0.0727705 0.0364388 0.264794 0.00302776 0.0121341 0.0137664 0.0508041 0.0104078 0.271448 0.729588 0.0213477 0.419917 0.0185181 0.0377244 0.123779 0.0221763 0.0185161 0.222304 0.0407791 0.0891223 0.0155802 0.0411783 0.165326 0.170276 0.84795
0.597429 0.901517 0.178207 0.870487 0.255835 0.652811 0.850575 0.924787 0.156329 0.815118 0.699805 0.729475 0.865314 0.984856 0.213018 0.896339 0.566203 0.991738 0.513872 0.978536 0.972758 0.978362 0.78008 0.922218 0.959735 0.968818 0.988457 0.0354219 0.991729 0.850065 0.966225 0.966188 0.677879 0.0757072 0.809734 0.798847 0.978601 0.296143 0.821013 0.870694 0.522185 0.853558 0.322552 0.885036 0.993562 0.686768 0.270336 0.963915 0.852809 0.346294 0.0852609 0.00471035 0.730822 0.190977 0.0106889 0.100652 0.0274258 0.0912408 0.0403116 0.204659 0.812868 0.203583 0.412586 0.00302368 0.617476 0.0410027 0.0689211 0.339651 0.587344 0.172336 0.472778 0.993481 0.838313 0.283749 0.103768 0.0724291 0.0359911 0.266338 0.00302316 0.0119912 0.0137864 0.0507698 0.0103403 0.273979 0.731463 0.0213769 0.418086 0.0183096 0.0381091 0.123483 0.0221747 0.0182777 0.22069 0.0401069 0.0889916 0.0154004 0.0409745 0.165722 0.171099 0.849066
0.595929 0.901905 0.178674 0.870999 0.255108 0.650233 0.851092 0.924052 0.156241 0.816336 0.700188 0.728592 0.865012 0.98495 0.211497 0.896663 0.563656 0.991745 0.513126 0.978666 0.973069 0.978667 0.780035 0.922554 0.960225 0.969158 0.988479 0.0350096 0.991736 0.849704 0.966172 0.966138 0.678285 0.0751214 0.811328 0.798945 0.978735 0.293978 0.823009 0.871167 0.519505 0.854609 0.320303 0.885487 0.99357 0.688348 0.271084 0.963907 0.853846 0.346864 0.0855578 0.00467675 0.732716 0.191042 0.0106991 0.100217 0.0274746 0.0908533 0.0396503 0.204764 0.814298 0.201893 0.41192 0.00301898 0.61566 0.0408021 0.0686856 0.339177 0.587134 0.172001 0.476588 0.993544 0.839559 0.283853 0.104143 0.0720948 0.0355508 0.26794 0.00301861 0.011847 0.0138057 0.0507405 0.0102749 0.276509 0.73338 0.0214079 0.4162 0.0180981 0.0385009 0.123188 0.0221795 0.0180412 0.219091 0.039446 0.0888633 0.015224 0.0407674 0.166117 0.17193 0.850177
0.594441 0.902304 0.17916 0.871503 0.254415 0.647614 0.851624 0.923298 0.15615 0.81753 0.700555 0.727717 0.864708 0.985048 0.20997 0.896993 0.561081 0.991753 0.512377 0.978798 0.973378 0.978967 0.779954 0.922883 0.960711 0.969495 0.9885 0.0345985 0.991744 0.849333 0.966123 0.966094 0.67871 0.074531 0.812935 0.799066 0.978864 0.291801 0.824983 0.871668 0.516784 0.855679 0.318059 0.885944 0.993577 0.689939 0.271861 0.963897 0.85489 0.347479 0.0858872 0.00464402 0.734628 0.191129 0.0107099 0.0997753 0.0275197 0.0904743 0.0389926 0.204825 0.815722 0.200201 0.411205 0.00301454 0.613844 0.0406028 0.0684527 0.338693 0.586863 0.171641 0.480351 0.993605 0.84081 0.283936 0.104513 0.0717627 0.0351186 0.269579 0.0030142 0.0117068 0.013826 0.0506988 0.0102078 0.279106 0.73527 0.0214347 0.414355 0.01789 0.0389035 0.122886 0.0221768 0.0178063 0.21748 0.0387989 0.0887503 0.0150496 0.0405641 0.166546 0.172798 0.851302
0.592942 0.902684 0.179618 0.872008 0.253693 0.644996 0.852138 0.922531 0.15602 0.818679 0.700954 0.7268 0.864404 0.985147 0.208441 0.897305 0.558514 0.991759 0.511638 0.978926 0.973679 0.979266 0.77986 0.923221 0.961191 0.96983 0.988521 0.0341924 0.991751 0.848948 0.966074 0.96604 0.679109 0.0739367 0.814511 0.799171 0.978992 0.28963 0.826955 0.872167 0.514026 0.856738 0.315816 0.886395 0.993584 0.691514 0.272665 0.963883 0.855907 0.348108 0.0862103 0.00461165 0.736543 0.191204 0.0107209 0.099335 0.0275704 0.0900969 0.0383514 0.204918 0.817115 0.198517 0.41055 0.00300967 0.612007 0.0404097 0.0682189 0.338183 0.586665 0.17127 0.484091 0.993667 0.842044 0.284059 0.104893 0.0714291 0.0346885 0.271236 0.0030099 0.0115658 0.0138452 0.0506611 0.0101408 0.281693 0.737181 0.0214617 0.412495 0.017685 0.0393123 0.122574 0.0221778 0.0175765 0.215858 0.0381606 0.0886153 0.0148776 0.0403541 0.166983 0.173664 0.852408
0.591352 0.903063 0.180097 0.872531 0.252941 0.642356 0.852685 0.921745 0.155922 0.819877 0.70136 0.725883 0.864084 0.985244 0.206903 0.897634 0.555921 0.991768 0.510888 0.979052 0.973977 0.97956 0.779753 0.923549 0.961663 0.970161 0.988543 0.0337877 0.991758 0.848604 0.966031 0.965993 0.679567 0.0733594 0.816078 0.799293 0.97912 0.287456 0.828909 0.872674 0.511277 0.857818 0.313545 0.886859 0.993591 0.693096 0.273423 0.963871 0.856939 0.348722 0.0865439 0.00457985 0.738428 0.191304 0.0107324 0.0988956 0.0276175 0.089743 0.0377182 0.205052 0.818505 0.196862 0.409846 0.00300564 0.610148 0.0402094 0.0679712 0.337682 0.586439 0.170935 0.487857 0.993728 0.843287 0.284167 0.105256 0.0710944 0.0342688 0.272933 0.00300526 0.0114285 0.0138664 0.0506275 0.0100747 0.284277 0.739098 0.0214908 0.410623 0.0174836 0.0397234 0.122276 0.022181 0.0173463 0.214238 0.0375283 0.0884993 0.0147072 0.040154 0.167445 0.17456 0.853503
0.589797 0.903454 0.18055 0.873054 0.25222 0.639675 0.853193 0.920966 0.155804 0.821089 0.701731 0.724938 0.863771 0.985339 0.205445 0.897972 0.553306 0.991774 0.510063 0.97918 0.974281 0.97985 0.779616 0.923875 0.962131 0.970484 0.988565 0.0333871 0.991766 0.848225 0.965983 0.965946 0.679988 0.0727918 0.817664 0.799432 0.979244 0.285246 0.830818 0.873194 0.50859 0.858897 0.311232 0.887328 0.993598 0.694688 0.27423 0.963855 0.857948 0.349337 0.0868624 0.00454791 0.740306 0.191403 0.010743 0.0984634 0.0276621 0.0893527 0.037098 0.205165 0.819912 0.195182 0.409138 0.00300121 0.608299 0.04001 0.0677364 0.337127 0.586195 0.170567 0.491646 0.993787 0.844528 0.284291 0.105622 0.0707449 0.0338483 0.274599 0.00300104 0.0112911 0.0138867 0.0505847 0.0100099 0.286909 0.74099 0.0215192 0.408749 0.0172804 0.0401444 0.12197 0.0221835 0.0171218 0.212638 0.0369053 0.0883867 0.0145399 0.0399524 0.167907 0.175483 0.854586
0.588182 0.903868 0.180986 0.873555 0.251499 0.636956 0.85371 0.920154 0.155724 0.822284 0.702147 0.724007 0.863474 0.985433 0.203949 0.898313 0.550704 0.991781 0.509277 0.979306 0.974573 0.980135 0.779438 0.924199 0.962594 0.97081 0.988586 0.0329978 0.991772 0.847849 0.965939 0.965905 0.680447 0.0722233 0.81921 0.799557 0.979371 0.283065 0.832742 0.873712 0.505863 0.859971 0.308945 0.887811 0.993605 0.696289 0.275044 0.963847 0.858949 0.349957 0.0872062 0.00451557 0.742193 0.191499 0.0107546 0.0980057 0.0277071 0.0889642 0.0364871 0.205321 0.821319 0.193501 0.408379 0.00299691 0.60642 0.0398118 0.0674903 0.336579 0.585922 0.170196 0.495441 0.993847 0.845738 0.284402 0.105996 0.0704147 0.0334351 0.276302 0.00299707 0.0111544 0.0139059 0.0505451 0.00994525 0.289554 0.74286 0.0215489 0.406847 0.0170815 0.0405774 0.121664 0.0221828 0.0168979 0.211018 0.0362843 0.0882563 0.0143716 0.039754 0.168392 0.176407 0.855687
0.586591 0.904264 0.181459 0.874077 0.250735 0.634258 0.854242 0.919324 0.155608 0.823486 0.702544 0.723037 0.863166 0.985527 0.202444 0.898653 0.548098 0.991787 0.508397 0.979431 0.974864 0.980418 0.779309 0.924522 0.963052 0.971131 0.988605 0.0326122 0.991779 0.84752 0.965892 0.965862 0.680914 0.0716492 0.820767 0.799672 0.979498 0.280884 0.834631 0.874216 0.503122 0.861044 0.306638 0.888272 0.993613 0.697867 0.275896 0.963832 0.85998 0.350622 0.0875643 0.00448427 0.744114 0.191635 0.0107661 0.0975698 0.0277552 0.0885907 0.0358841 0.205494 0.822728 0.19186 0.407641 0.00299327 0.604474 0.0396046 0.0672481 0.335995 0.585624 0.169812 0.49922 0.993905 0.846948 0.284538 0.106369 0.0700693 0.0330261 0.278019 0.00299297 0.011022 0.0139276 0.0505036 0.00988002 0.292239 0.744743 0.0215795 0.40496 0.016886 0.0410173 0.121339 0.022182 0.0166798 0.209418 0.0356753 0.0881271 0.0142062 0.0395443 0.168901 0.177353 0.856775
0.58496 0.904658 0.181915 0.874588 0.250012 0.631506 0.854783 0.918506 0.15552 0.824692 0.70293 0.722037 0.862865 0.985621 0.200933 0.898986 0.545486 0.991794 0.507516 0.979556 0.975157 0.980697 0.779152 0.924843 0.963502 0.971453 0.988627 0.0322278 0.991786 0.847183 0.965844 0.965812 0.681382 0.0710715 0.822315 0.799759 0.97962 0.27869 0.83649 0.87473 0.500321 0.862092 0.304337 0.888759 0.993621 0.699471 0.276736 0.963822 0.860991 0.351288 0.0879343 0.00445287 0.746013 0.191768 0.0107793 0.0971289 0.0277979 0.0882112 0.0352911 0.205669 0.824143 0.19017 0.406922 0.00298932 0.602528 0.0394036 0.0670013 0.335389 0.585383 0.169473 0.503052 0.993962 0.848159 0.284679 0.10672 0.0697309 0.0326237 0.279763 0.00298844 0.0108924 0.013953 0.0504744 0.00981628 0.294956 0.746617 0.0216018 0.40309 0.0166918 0.0414684 0.121025 0.0221825 0.0164637 0.207787 0.0350841 0.0879966 0.0140433 0.0393456 0.169388 0.178277 0.857883
0.583329 0.905043 0.18233 0.875102 0.249243 0.628762 0.855316 0.917638 0.155384 0.825875 0.703363 0.721014 0.862579 0.985715 0.199441 0.899328 0.542819 0.9918 0.506576 0.97968 0.975436 0.980971 0.778955 0.925166 0.963952 0.971768 0.988646 0.0318464 0.991792 0.846823 0.965798 0.965765 0.681858 0.0705073 0.823856 0.799873 0.979744 0.276474 0.838384 0.875243 0.497443 0.863155 0.302024 0.889228 0.993627 0.701104 0.277589 0.96381 0.862001 0.352032 0.0883073 0.00442113 0.747878 0.191919 0.0107901 0.0966836 0.0278439 0.0878459 0.0347033 0.205834 0.825533 0.188509 0.406247 0.00298525 0.600625 0.0392176 0.0667454 0.334795 0.585116 0.16908 0.506866 0.994018 0.849374 0.284843 0.107071 0.0693948 0.0322269 0.281503 0.00298525 0.0107625 0.0139758 0.0504315 0.00975291 0.297701 0.748547 0.0216286 0.40122 0.0165007 0.0419272 0.12068 0.0221843 0.0162524 0.206176 0.034501 0.087862 0.0138858 0.0391487 0.169902 0.179233 0.858962
0.581703 0.905416 0.182747 0.875616 0.248473 0.625995 0.855874 0.916747 0.155263 0.827046 0.703768 0.71998 0.862299 0.985808 0.197971 0.899694 0.540146 0.991808 0.505653 0.979803 0.975717 0.981244 0.778797 0.925494 0.96439 0.972076 0.988666 0.0314715 0.991801 0.846459 0.965756 0.965717 0.682329 0.069945 0.825401 0.800033 0.979867 0.274309 0.840241 0.875778 0.494629 0.86421 0.299711 0.889698 0.993633 0.702724 0.27845 0.963792 0.862991 0.352762 0.0886829 0.00439115 0.749801 0.192108 0.0108022 0.0962391 0.0278895 0.0874615 0.0341335 0.206046 0.826925 0.186864 0.405518 0.00298132 0.598643 0.03902 0.0664983 0.334178 0.584772 0.16867 0.510718 0.994075 0.85059 0.285017 0.107437 0.0690613 0.0318343 0.283281 0.00298103 0.0106351 0.0140001 0.0503968 0.00968919 0.300454 0.750477 0.0216528 0.399321 0.0163097 0.0423959 0.120346 0.0221825 0.0160422 0.20455 0.0339334 0.0877568 0.0137277 0.0389532 0.170409 0.180184 0.86007
0.58005 0.905796 0.183182 0.876138 0.247692 0.62319 0.856432 0.915865 0.155153 0.828252 0.704159 0.718959 0.862032 0.985903 0.19652 0.900033 0.537435 0.991815 0.504735 0.979924 0.975998 0.98151 0.778583 0.925813 0.964831 0.972384 0.988686 0.0311043 0.991807 0.846106 0.965711 0.965669 0.682816 0.0693848 0.826907 0.800171 0.97999 0.272131 0.842092 0.876289 0.491843 0.865269 0.297389 0.89018 0.993639 0.704332 0.279315 0.963779 0.863973 0.353534 0.0890789 0.00436072 0.751744 0.192292 0.0108134 0.0958038 0.0279311 0.0870891 0.033564 0.206234 0.828301 0.185225 0.40472 0.00297788 0.59661 0.0388278 0.0662487 0.333567 0.584445 0.168283 0.514561 0.994132 0.851807 0.285184 0.107784 0.0687242 0.0314464 0.285106 0.00297737 0.0105109 0.0140218 0.0503589 0.0096278 0.303284 0.752382 0.0216791 0.397382 0.0161205 0.042871 0.119995 0.0221855 0.0158357 0.202953 0.0333729 0.0876382 0.0135724 0.0387549 0.170943 0.181179 0.861163
0.578371 0.906168 0.183606 0.876644 0.246904 0.62038 0.85697 0.914964 0.155043 0.829431 0.704602 0.717919 0.861748 0.985995 0.195028 0.90037 0.534706 0.991823 0.50377 0.980046 0.976271 0.981774 0.778391 0.926129 0.965262 0.972688 0.988706 0.0307289 0.991814 0.845791 0.965674 0.965632 0.683309 0.0688327 0.828408 0.800313 0.980113 0.269923 0.843921 0.876809 0.488973 0.866313 0.295089 0.890665 0.993646 0.705929 0.280211 0.963771 0.864952 0.354284 0.089476 0.00433117 0.753644 0.192494 0.0108249 0.0953701 0.0279748 0.0867123 0.0330003 0.20645 0.829684 0.183618 0.403945 0.00297458 0.594607 0.0386384 0.065988 0.332948 0.584144 0.167883 0.518397 0.994188 0.853006 0.285334 0.108124 0.0683961 0.0310547 0.286943 0.00297378 0.0103873 0.0140443 0.0503189 0.00956563 0.30611 0.754267 0.021706 0.395495 0.0159351 0.0433572 0.119646 0.0221855 0.0156296 0.201342 0.0328189 0.087497 0.0134186 0.0385695 0.171479 0.182156 0.862243
0.576633 0.90655 0.184008 0.87716 0.246149 0.617529 0.857518 0.914043 0.154908 0.830591 0.705049 0.716809 0.86148 0.986087 0.19357 0.900722 0.531982 0.99183 0.502798 0.98017 0.976542 0.982031 0.77813 0.926442 0.965681 0.972986 0.988726 0.0303629 0.991821 0.84545 0.965628 0.965592 0.683812 0.0682772 0.8299 0.800452 0.980235 0.267727 0.845712 0.877333 0.486068 0.867364 0.292764 0.891162 0.993653 0.707541 0.28116 0.963758 0.865923 0.355021 0.0898794 0.00430169 0.75553 0.192696 0.0108363 0.0949349 0.0280219 0.0863382 0.0324524 0.206711 0.83106 0.181988 0.403209 0.00297079 0.592559 0.0384449 0.0657345 0.332286 0.583809 0.167478 0.522229 0.994242 0.854199 0.285494 0.10847 0.0680543 0.0306738 0.288815 0.00297012 0.010264 0.0140667 0.0502786 0.0095026 0.308994 0.756148 0.0217282 0.393558 0.0157536 0.0438579 0.119299 0.0221844 0.0154289 0.199731 0.0322686 0.0873648 0.0132653 0.0383777 0.172036 0.183166 0.863335
0.574912 0.906942 0.184429 0.877691 0.245354 0.614694 0.858064 0.913113 0.154789 0.831756 0.705465 0.715734 0.861203 0.986179 0.192085 0.901082 0.529248 0.991838 0.501872 0.980292 0.976814 0.982289 0.777872 0.926758 0.9661 0.973281 0.988746 0.0300062 0.991827 0.845113 0.965589 0.965554 0.684324 0.0677306 0.831404 0.800604 0.980357 0.26554 0.847513 0.877866 0.483206 0.868418 0.290476 0.891649 0.99366 0.70911 0.282103 0.963737 0.866906 0.355794 0.090298 0.00427201 0.757437 0.192897 0.0108497 0.0944839 0.0280685 0.0859666 0.0319074 0.206929 0.83241 0.180356 0.402404 0.00296715 0.590535 0.0382543 0.0654778 0.331608 0.583487 0.167082 0.526099 0.994295 0.855359 0.285673 0.108822 0.0677276 0.030295 0.290755 0.00296628 0.0101422 0.0140903 0.0502329 0.00944182 0.311887 0.758078 0.0217502 0.391574 0.0155736 0.0443658 0.118932 0.0221814 0.0152274 0.198118 0.0317298 0.0872419 0.0131155 0.0381906 0.172594 0.184181 0.864426
0.573202 0.907321 0.184841 0.878207 0.244547 0.611791 0.85861 0.912158 0.154668 0.832951 0.705945 0.714624 0.860923 0.986269 0.190648 0.901455 0.526466 0.991845 0.500897 0.980416 0.977078 0.982541 0.777585 0.927072 0.966513 0.973575 0.988763 0.029655 0.991834 0.844799 0.965547 0.965509 0.684816 0.0672069 0.832899 0.800736 0.980477 0.263346 0.849286 0.878406 0.480331 0.869474 0.288151 0.892143 0.993665 0.71072 0.283036 0.963725 0.867878 0.356628 0.0907342 0.00424333 0.759365 0.193093 0.0108629 0.0940413 0.028115 0.0855871 0.0313732 0.207176 0.833801 0.178745 0.401594 0.0029642 0.588448 0.0380633 0.0652176 0.330906 0.583155 0.166693 0.529995 0.994349 0.85655 0.285894 0.109181 0.0673906 0.02992 0.292654 0.00296226 0.0100218 0.0141119 0.0501874 0.00938201 0.314789 0.759961 0.0217768 0.389608 0.0153928 0.044877 0.118577 0.0221786 0.0150307 0.196482 0.0312039 0.0871108 0.0129693 0.038002 0.173175 0.185211 0.865506
0.57144 0.907689 0.185241 0.878722 0.243748 0.608894 0.859154 0.911189 0.154551 0.834095 0.706445 0.713504 0.860639 0.986358 0.189144 0.901809 0.523655 0.991852 0.499904 0.980537 0.977342 0.982786 0.777325 0.927394 0.966922 0.973864 0.988782 0.0293057 0.99184 0.844464 0.96551 0.965469 0.685359 0.0666604 0.834354 0.800895 0.980594 0.261155 0.851037 0.878942 0.477463 0.87053 0.28584 0.892638 0.993671 0.712311 0.28399 0.963706 0.868851 0.357449 0.0911757 0.00421455 0.761254 0.193337 0.0108742 0.093589 0.028159 0.0851908 0.0308485 0.207446 0.835171 0.177152 0.400765 0.00296076 0.586356 0.0378768 0.0649633 0.330217 0.582752 0.166294 0.533876 0.994401 0.857728 0.28607 0.109523 0.0670627 0.0295496 0.294571 0.00295875 0.00990421 0.0141342 0.0501399 0.00932181 0.317701 0.761862 0.0218029 0.387623 0.0152142 0.0453997 0.118195 0.022176 0.0148368 0.194883 0.0306868 0.0869688 0.0128234 0.03782 0.173765 0.186286 0.866573
0.569607 0.908076 0.185672 0.879243 0.242951 0.605996 0.859714 0.910189 0.15443 0.835254 0.706901 0.712356 0.860394 0.986447 0.187706 0.902166 0.520875 0.991858 0.498877 0.980654 0.977602 0.983031 0.777034 0.927718 0.967328 0.974149 0.9888 0.0289536 0.991846 0.844129 0.965472 0.965428 0.685893 0.0661116 0.835842 0.801052 0.980717 0.258986 0.85279 0.879468 0.474578 0.87158 0.283484 0.893137 0.993678 0.713922 0.28499 0.963694 0.869834 0.358274 0.0916196 0.00418651 0.763168 0.19359 0.0108876 0.0931357 0.0281973 0.084797 0.0303377 0.207727 0.836546 0.175549 0.39991 0.00295697 0.584253 0.0376912 0.0647055 0.329501 0.582349 0.165885 0.537727 0.994454 0.858889 0.286282 0.109839 0.0667264 0.0291748 0.296475 0.00295565 0.00978733 0.0141604 0.0500887 0.00926044 0.32066 0.763738 0.0218243 0.385633 0.0150397 0.0459318 0.117809 0.0221734 0.0146462 0.193288 0.0301715 0.0868377 0.0126797 0.0376302 0.174352 0.187333 0.867649
0.567789 0.908462 0.186066 0.879752 0.242173 0.603029 0.860267 0.909183 0.154284 0.836406 0.707369 0.711239 0.860146 0.986539 0.186291 0.90253 0.51809 0.991864 0.497846 0.980776 0.977859 0.983273 0.776705 0.928048 0.96773 0.974433 0.988818 0.028615 0.991854 0.843802 0.965438 0.965388 0.686427 0.0655813 0.837312 0.801228 0.980834 0.256821 0.854504 0.87999 0.47169 0.872613 0.281126 0.893633 0.993684 0.715514 0.285988 0.963683 0.870792 0.359183 0.0920925 0.00415794 0.76505 0.193852 0.0109012 0.0926792 0.0282373 0.0844103 0.0298312 0.208042 0.837896 0.173972 0.399037 0.00295344 0.582089 0.0375056 0.0644344 0.328736 0.581987 0.16549 0.541574 0.994507 0.860034 0.286505 0.110156 0.0663774 0.0288166 0.29849 0.00295275 0.00967347 0.0141832 0.0500353 0.0092009 0.323651 0.765662 0.0218454 0.383629 0.0148705 0.0464741 0.117431 0.0221716 0.0144555 0.191657 0.0296693 0.0867152 0.0125374 0.0374395 0.174991 0.188372 0.868714
0.565967 0.908832 0.18646 0.880287 0.241354 0.600077 0.860817 0.908161 0.154154 0.837581 0.707857 0.710034 0.859873 0.986629 0.184859 0.902901 0.515285 0.99187 0.496769 0.980892 0.978111 0.983513 0.77637 0.928354 0.968131 0.974716 0.988836 0.0282734 0.99186 0.843473 0.965403 0.965353 0.68698 0.0650532 0.838775 0.801396 0.980953 0.254652 0.856203 0.880516 0.468773 0.87365 0.278776 0.894134 0.99369 0.717085 0.287002 0.963668 0.871763 0.36007 0.092566 0.00413065 0.766972 0.194137 0.010913 0.0922207 0.0282797 0.0840242 0.0293311 0.208345 0.83925 0.17241 0.398211 0.00295032 0.579961 0.03732 0.0641762 0.327998 0.581572 0.165093 0.545496 0.994559 0.861188 0.286737 0.110467 0.0660452 0.0284526 0.300495 0.00294928 0.00955991 0.0142063 0.049986 0.00914156 0.326706 0.767553 0.0218666 0.381648 0.0146992 0.0470354 0.117062 0.0221679 0.0142704 0.190018 0.0291772 0.086584 0.0123966 0.0372536 0.175635 0.189448 0.869795
0.564122 0.909197 0.186843 0.880815 0.240525 0.5971 0.861388 0.907116 0.154017 0.838735 0.708336 0.70884 0.859634 0.986716 0.183396 0.903259 0.512474 0.991876 0.495713 0.981007 0.978363 0.983749 0.776003 0.928656 0.968519 0.974992 0.988853 0.0279325 0.991866 0.843169 0.96537 0.965319 0.68754 0.0645231 0.840223 0.801588 0.981068 0.25247 0.857904 0.881037 0.465806 0.874695 0.276427 0.89463 0.993695 0.718674 0.288038 0.963655 0.872716 0.360945 0.09306 0.00410297 0.768853 0.194447 0.0109259 0.0917658 0.0283212 0.083645 0.0288411 0.208718 0.840589 0.170841 0.397389 0.00294681 0.57775 0.0371332 0.0639062 0.327276 0.581171 0.164687 0.549421 0.994609 0.862324 0.286961 0.110795 0.0657006 0.0280997 0.302537 0.00294624 0.00944747 0.0142276 0.0499285 0.00908253 0.329773 0.769443 0.0218865 0.379634 0.0145289 0.0475989 0.116679 0.0221658 0.014086 0.188428 0.0286857 0.0864634 0.0122555 0.0370636 0.176302 0.190576 0.870869
0.562304 0.90957 0.187189 0.881346 0.239698 0.594112 0.861953 0.906069 0.153889 0.839895 0.7088 0.707596 0.859373 0.986805 0.181968 0.903637 0.509649 0.991883 0.49462 0.981129 0.978611 0.98398 0.775666 0.92896 0.968908 0.975267 0.988871 0.0276044 0.991873 0.842853 0.965337 0.965282 0.688133 0.0640069 0.841657 0.801737 0.981182 0.250266 0.859577 0.881562 0.462831 0.875725 0.274086 0.895138 0.9937 0.72026 0.289138 0.963641 0.873682 0.361906 0.0935428 0.00407577 0.770744 0.19475 0.0109395 0.0913051 0.0283576 0.0832525 0.0283617 0.209038 0.841939 0.169295 0.396531 0.00294415 0.575525 0.0369507 0.0636357 0.326476 0.580719 0.164277 0.553335 0.994658 0.863449 0.28724 0.111127 0.0653624 0.0277513 0.304586 0.00294337 0.00933785 0.0142515 0.0498783 0.00902339 0.332874 0.771306 0.0219049 0.377644 0.0143647 0.0481687 0.116284 0.0221656 0.0139056 0.186811 0.0282065 0.0863367 0.0121192 0.0368848 0.176966 0.19169 0.871932
0.560449 0.909949 0.187543 0.881882 0.238868 0.591079 0.862493 0.904992 0.153745 0.841035 0.709295 0.706364 0.859137 0.986894 0.180528 0.904003 0.506764 0.99189 0.493467 0.981246 0.978853 0.984208 0.775277 0.929261 0.969289 0.975541 0.988886 0.0272784 0.99188 0.842534 0.965303 0.965256 0.688734 0.0634882 0.843102 0.801909 0.981298 0.248069 0.861245 0.882103 0.459887 0.876752 0.271732 0.895627 0.993707 0.721841 0.290205 0.963624 0.874651 0.362871 0.094059 0.00404889 0.772623 0.195082 0.0109521 0.0908324 0.0283987 0.0828619 0.0278799 0.209398 0.843279 0.167766 0.39566 0.00294072 0.573299 0.0367702 0.0633634 0.32569 0.580321 0.163852 0.557208 0.994707 0.864572 0.287514 0.111435 0.0650189 0.0274075 0.306645 0.00294036 0.00922844 0.0142744 0.0498184 0.00896648 0.336 0.773192 0.0219259 0.375621 0.0141984 0.0487613 0.115883 0.0221626 0.0137304 0.185173 0.0277371 0.0862074 0.0119843 0.0367044 0.177647 0.192843 0.873005
0.558577 0.910347 0.187913 0.882425 0.238007 0.588014 0.863064 0.903883 0.153608 0.842155 0.709812 0.70512 0.858897 0.986983 0.179106 0.904388 0.503895 0.991895 0.492338 0.98136 0.979097 0.984433 0.774884 0.929569 0.969671 0.975808 0.9889 0.0269545 0.991886 0.842235 0.965272 0.965225 0.689273 0.0629605 0.844525 0.802091 0.981411 0.245889 0.862905 0.88264 0.456942 0.877803 0.269385 0.89615 0.993712 0.723451 0.291301 0.963617 0.875579 0.363837 0.094588 0.00402133 0.774511 0.195437 0.0109648 0.0903572 0.0284407 0.0824887 0.0274137 0.209765 0.844605 0.166209 0.394708 0.0029379 0.571058 0.0365893 0.0630893 0.324908 0.579868 0.163411 0.561081 0.994755 0.865691 0.287827 0.111745 0.0646761 0.0270687 0.308758 0.0029375 0.00912154 0.0142986 0.0497687 0.00890939 0.339139 0.775036 0.0219445 0.37363 0.0140388 0.0493654 0.115502 0.0221586 0.0135569 0.183568 0.0272739 0.0860693 0.0118515 0.0365226 0.17835 0.193994 0.874077
0.556682 0.910722 0.188276 0.882969 0.237116 0.58495 0.863626 0.902759 0.153473 0.843307 0.710331 0.703899 0.858663 0.98707 0.177695 0.904765 0.501001 0.991901 0.491147 0.981472 0.979334 0.984655 0.774477 0.92986 0.970039 0.976074 0.988918 0.0266336 0.991892 0.841921 0.965236 0.965194 0.689888 0.0624467 0.84593 0.802271 0.981522 0.243719 0.864555 0.883186 0.453965 0.878818 0.267048 0.896654 0.993717 0.725065 0.292355 0.963609 0.876542 0.364794 0.0951277 0.00399464 0.776434 0.195805 0.0109791 0.0899037 0.0284762 0.0820959 0.0269504 0.210146 0.845922 0.164669 0.393821 0.00293476 0.568823 0.0364065 0.0628144 0.324079 0.579401 0.162979 0.56503 0.994804 0.866809 0.288162 0.112037 0.0643302 0.026729 0.310921 0.00293441 0.00901477 0.0143232 0.0497092 0.00885074 0.342302 0.776954 0.0219649 0.371643 0.0138789 0.0499756 0.115097 0.0221541 0.0133831 0.181975 0.0268134 0.0859269 0.0117199 0.0363447 0.179056 0.195173 0.875117
0.55481 0.911086 0.18862 0.883512 0.236215 0.581865 0.864196 0.901619 0.153336 0.844456 0.710808 0.7026 0.858424 0.987158 0.176288 0.905152 0.498098 0.991907 0.489951 0.981583 0.979568 0.984871 0.774073 0.930158 0.970397 0.976333 0.988935 0.0263198 0.991899 0.841643 0.965207 0.965161 0.690519 0.0619324 0.847341 0.802441 0.981637 0.241568 0.866177 0.883736 0.450967 0.87985 0.264705 0.89716 0.993721 0.726645 0.29346 0.963602 0.877477 0.365815 0.0956712 0.00396839 0.778312 0.196155 0.010994 0.0894382 0.0285115 0.0817095 0.0264965 0.210541 0.847247 0.163147 0.392888 0.00293162 0.56651 0.0362279 0.0625258 0.323259 0.578931 0.162564 0.568931 0.994851 0.86792 0.288443 0.112338 0.0639832 0.0263981 0.313122 0.00293115 0.00890902 0.0143461 0.049652 0.00879459 0.345521 0.778856 0.0219836 0.369588 0.0137197 0.0505944 0.114701 0.0221499 0.0132123 0.180348 0.0263676 0.0857748 0.0115894 0.0361702 0.179784 0.196369 0.876179
0.552878 0.91146 0.188943 0.884059 0.235331 0.578743 0.864755 0.900482 0.153203 0.845598 0.7113 0.70129 0.858178 0.987245 0.174886 0.905532 0.495171 0.991913 0.488773 0.981694 0.979802 0.985086 0.773627 0.930449 0.970759 0.976591 0.988951 0.0260088 0.991905 0.84135 0.965177 0.965129 0.691089 0.0614321 0.848724 0.802606 0.981747 0.239423 0.867776 0.884267 0.447931 0.880863 0.262342 0.897691 0.993726 0.728257 0.294561 0.963591 0.87842 0.366847 0.0962161 0.0039433 0.780179 0.196543 0.0110097 0.0889623 0.0285452 0.0813066 0.0260513 0.210965 0.848558 0.161657 0.39197 0.0029288 0.564187 0.0360592 0.0622527 0.322402 0.578453 0.162144 0.57276 0.994898 0.86903 0.288765 0.112631 0.0636408 0.0260686 0.315306 0.00292842 0.00880444 0.0143717 0.049597 0.00873742 0.348754 0.78072 0.0220008 0.367547 0.0135632 0.0512351 0.114293 0.0221467 0.0130426 0.17875 0.025929 0.08564 0.0114607 0.0359925 0.180521 0.197598 0.877229
0.550916 0.911832 0.189278 0.884593 0.234451 0.575581 0.865314 0.899321 0.153069 0.846741 0.71183 0.700008 0.857942 0.98733 0.173454 0.905921 0.492237 0.991919 0.487572 0.981803 0.980028 0.985298 0.773141 0.930757 0.971116 0.976849 0.988965 0.0257052 0.991911 0.841077 0.965149 0.965105 0.6917 0.0609302 0.850092 0.802802 0.981855 0.23725 0.869368 0.884804 0.444915 0.881881 0.259985 0.898197 0.993731 0.729813 0.295678 0.963581 0.879327 0.367928 0.096794 0.00391758 0.782046 0.19694 0.0110234 0.0884817 0.0285808 0.0809445 0.0256131 0.211367 0.849858 0.160151 0.391 0.00292605 0.561863 0.0358849 0.0619794 0.321482 0.577946 0.161712 0.57668 0.994945 0.870127 0.289083 0.112905 0.0632963 0.025741 0.317509 0.00292577 0.0087018 0.0143942 0.0495429 0.00868137 0.351998 0.782603 0.0220168 0.365478 0.0134069 0.0518867 0.113865 0.0221446 0.0128796 0.177143 0.0254955 0.0855016 0.0113347 0.0358146 0.181254 0.198797 0.878279
0.548981 0.912214 0.189603 0.88514 0.233542 0.572422 0.865877 0.898121 0.152915 0.847885 0.712291 0.698659 0.857705 0.987416 0.172057 0.906309 0.489298 0.991925 0.486345 0.981913 0.980256 0.985505 0.772648 0.931047 0.971468 0.977105 0.98898 0.0254003 0.991917 0.84082 0.965121 0.965075 0.692363 0.0604282 0.851466 0.802991 0.981962 0.235059 0.870944 0.885339 0.441926 0.882892 0.257625 0.898712 0.993736 0.731409 0.296831 0.963577 0.880245 0.368996 0.0973684 0.00389233 0.783944 0.197339 0.0110377 0.0880221 0.0286136 0.080547 0.0251819 0.211842 0.851145 0.15864 0.390043 0.00292304 0.559452 0.0357107 0.061699 0.320625 0.57742 0.161293 0.580561 0.994991 0.871243 0.289399 0.113189 0.062963 0.0254201 0.319766 0.00292314 0.00859973 0.0144216 0.0494831 0.00862534 0.355285 0.784469 0.0220288 0.363423 0.0132555 0.0525475 0.113459 0.0221416 0.0127178 0.175573 0.0250672 0.0853595 0.0112089 0.0356381 0.182035 0.200042 0.879326
0.546951 0.912591 0.189904 0.885663 0.232633 0.569216 0.86643 0.896897 0.152765 0.849015 0.712766 0.697257 0.857494 0.987503 0.17067 0.90671 0.486322 0.99193 0.485099 0.982022 0.980483 0.985714 0.772156 0.931355 0.971821 0.977359 0.988995 0.0250973 0.991922 0.840516 0.965093 0.965047 0.692964 0.0599374 0.852848 0.803167 0.982068 0.232892 0.8725 0.885873 0.438843 0.883896 0.25531 0.899211 0.99374 0.732986 0.298031 0.963566 0.881173 0.37009 0.0979651 0.00386707 0.785832 0.197776 0.0110532 0.0875705 0.0286435 0.0801581 0.024762 0.212303 0.852427 0.157139 0.389115 0.00292022 0.557057 0.0355329 0.061408 0.319735 0.576868 0.160871 0.584452 0.995036 0.872332 0.289782 0.113471 0.0626166 0.0251006 0.322055 0.00292082 0.00849796 0.0144468 0.049421 0.00856946 0.358552 0.786316 0.0220433 0.361367 0.0131046 0.0532235 0.113033 0.022139 0.0125568 0.173986 0.0246444 0.0852207 0.0110867 0.0354687 0.182825 0.201281 0.880368
0.54497 0.912966 0.190232 0.886204 0.231697 0.566074 0.867002 0.895665 0.152575 0.850163 0.713255 0.69588 0.857293 0.987589 0.16931 0.907108 0.483359 0.991936 0.483826 0.982131 0.980706 0.985919 0.771656 0.931645 0.972165 0.977606 0.989008 0.0247999 0.991928 0.840223 0.965067 0.965016 0.693615 0.0594482 0.854223 0.803364 0.982177 0.23071 0.874078 0.886432 0.435803 0.884898 0.252969 0.899739 0.993744 0.734605 0.299241 0.963561 0.882088 0.371222 0.0985687 0.00384261 0.787716 0.198202 0.0110689 0.0871105 0.0286776 0.0797571 0.0243486 0.212771 0.85371 0.155629 0.388102 0.00291766 0.55465 0.035362 0.0611322 0.318816 0.576366 0.160438 0.588377 0.995081 0.873403 0.290144 0.113738 0.0622825 0.0247863 0.324363 0.00291798 0.0084001 0.0144711 0.04936 0.0085142 0.361903 0.788203 0.0220572 0.359299 0.0129573 0.0539112 0.112595 0.0221337 0.0123985 0.172383 0.0242267 0.0850842 0.0109637 0.0353008 0.183629 0.202541 0.8814
0.542933 0.913326 0.190505 0.886755 0.2308 0.562887 0.867582 0.894399 0.152437 0.851282 0.713798 0.694493 0.857079 0.987672 0.167936 0.907516 0.480379 0.991942 0.482521 0.982237 0.980927 0.986117 0.77113 0.93193 0.972502 0.977848 0.989021 0.0245083 0.991934 0.839956 0.965036 0.964998 0.694244 0.0589594 0.855588 0.803567 0.982286 0.228549 0.875602 0.886977 0.43271 0.8859 0.250644 0.900251 0.993749 0.736188 0.300498 0.963554 0.882979 0.372401 0.0991746 0.00381786 0.789614 0.198662 0.011085 0.0866416 0.0287108 0.0793556 0.0239383 0.213281 0.85495 0.154164 0.387116 0.00291498 0.552228 0.0351912 0.0608469 0.317844 0.575781 0.159995 0.592273 0.995125 0.874486 0.290539 0.114 0.0619455 0.0244778 0.326672 0.00291536 0.00830351 0.0144956 0.0492974 0.00845816 0.365305 0.790092 0.0220723 0.357217 0.0128082 0.0546058 0.112151 0.0221263 0.0122455 0.170793 0.0238205 0.0849451 0.0108428 0.0351321 0.184465 0.203836 0.882467
0.540913 0.9137 0.190822 0.88731 0.229893 0.55962 0.868137 0.893113 0.152274 0.852421 0.714292 0.69303 0.856873 0.987756 0.166576 0.90791 0.477357 0.991948 0.481206 0.982347 0.981148 0.986312 0.770562 0.932226 0.972835 0.978092 0.989034 0.0242177 0.991939 0.839708 0.965012 0.964971 0.694897 0.058471 0.856955 0.803786 0.982395 0.226408 0.87712 0.887503 0.429632 0.886904 0.248313 0.900788 0.993752 0.737796 0.301772 0.963544 0.883876 0.37353 0.0998215 0.0037946 0.791478 0.199137 0.0110992 0.0861675 0.0287408 0.0789693 0.0235383 0.213773 0.856226 0.1527 0.386115 0.00291286 0.549796 0.0350215 0.0605669 0.316886 0.575219 0.159553 0.596155 0.995169 0.87555 0.29095 0.114249 0.0615849 0.0241691 0.329022 0.00291277 0.008209 0.0145232 0.0492266 0.00840297 0.368717 0.791952 0.0220878 0.355174 0.0126613 0.0553291 0.1117 0.0221215 0.0120909 0.169188 0.0234221 0.0847973 0.010725 0.0349635 0.185304 0.2051 0.883493
0.538852 0.914074 0.191106 0.887863 0.228987 0.556385 0.868713 0.8918 0.1521 0.853541 0.714804 0.69157 0.856672 0.98784 0.165228 0.908317 0.474353 0.991954 0.479852 0.982452 0.981362 0.986507 0.769968 0.93252 0.973173 0.978332 0.989048 0.0239311 0.991944 0.839491 0.964986 0.964948 0.695546 0.0579897 0.858281 0.803986 0.9825 0.224306 0.878634 0.888032 0.426529 0.887885 0.245979 0.901312 0.993757 0.739369 0.303025 0.963534 0.884758 0.37473 0.100464 0.00377009 0.793351 0.199636 0.0111123 0.0856972 0.0287748 0.0785691 0.0231459 0.214302 0.857503 0.151253 0.385095 0.00291049 0.547352 0.0348538 0.0602761 0.3159 0.574671 0.159117 0.600118 0.995212 0.876594 0.291321 0.114504 0.0612417 0.0238632 0.331405 0.00290952 0.0081155 0.014548 0.0491533 0.00834914 0.372172 0.793789 0.0220981 0.353082 0.0125171 0.0560601 0.11124 0.0221152 0.0119404 0.167598 0.0230253 0.084654 0.0106069 0.0347903 0.186193 0.206416 0.884514
0.536769 0.914448 0.191383 0.888416 0.228021 0.553058 0.86929 0.890475 0.151934 0.85465 0.71537 0.690103 0.856471 0.987921 0.163878 0.908731 0.471305 0.991959 0.47846 0.982559 0.981575 0.986696 0.769378 0.932806 0.973503 0.978567 0.989064 0.0236548 0.991949 0.83926 0.964966 0.964928 0.696214 0.0575138 0.859608 0.804184 0.982604 0.222206 0.880131 0.888575 0.4234 0.888875 0.243669 0.901852 0.993761 0.740911 0.304288 0.963525 0.885635 0.375953 0.101128 0.00374669 0.795186 0.200161 0.0111278 0.0852167 0.0288036 0.0781727 0.0227565 0.214846 0.858743 0.149807 0.384087 0.00290846 0.54489 0.0346815 0.0600001 0.314928 0.574063 0.158659 0.604015 0.995255 0.877653 0.291764 0.114746 0.0608992 0.023567 0.333817 0.00290708 0.00802141 0.0145729 0.0490834 0.00829668 0.375639 0.795651 0.022109 0.350952 0.0123754 0.0568045 0.110798 0.0221127 0.0117925 0.166043 0.0226372 0.0845231 0.0104911 0.0346297 0.18705 0.20776 0.885547
0.534624 0.914806 0.191631 0.88898 0.227058 0.549712 0.869875 0.889128 0.151749 0.855753 0.715918 0.688612 0.856271 0.988004 0.162517 0.909157 0.468228 0.991965 0.477044 0.982665 0.981783 0.986883 0.768764 0.933098 0.973827 0.978799 0.989079 0.0233741 0.991954 0.839051 0.964948 0.964909 0.696866 0.0570406 0.860906 0.8044 0.982705 0.220085 0.881593 0.889139 0.420295 0.889851 0.241307 0.902391 0.993765 0.742497 0.305557 0.963512 0.886516 0.377207 0.101807 0.00372311 0.797042 0.200683 0.0111408 0.0847229 0.0288297 0.0777926 0.0223771 0.215421 0.859976 0.148365 0.383057 0.00290597 0.54234 0.0345044 0.0597158 0.313958 0.573423 0.158224 0.607897 0.995298 0.878684 0.292184 0.114978 0.0605561 0.0232708 0.336248 0.00290477 0.00793003 0.0145981 0.049013 0.00824286 0.379161 0.797513 0.0221176 0.348859 0.0122358 0.0575718 0.110326 0.0221065 0.0116456 0.164461 0.022259 0.0843947 0.0103768 0.0344609 0.187927 0.209122 0.886554
0.532479 0.915174 0.191923 0.889532 0.226103 0.546405 0.870457 0.88776 0.151583 0.856854 0.716457 0.687062 0.856078 0.988086 0.161141 0.90958 0.465159 0.99197 0.475647 0.982769 0.981992 0.98707 0.768119 0.933379 0.974146 0.979031 0.989092 0.0230973 0.99196 0.838851 0.96492 0.964894 0.697518 0.0565629 0.862204 0.804626 0.982811 0.217962 0.883048 0.889684 0.417175 0.890825 0.238971 0.902923 0.993768 0.744063 0.306854 0.963502 0.887403 0.378459 0.102495 0.00369976 0.798919 0.201217 0.0111544 0.0842519 0.0288556 0.0773903 0.0220058 0.21603 0.861204 0.146922 0.381991 0.00290352 0.539857 0.0343392 0.0594334 0.31296 0.572785 0.15777 0.61175 0.995339 0.879705 0.292596 0.115195 0.0602195 0.0229765 0.338777 0.0029025 0.00783984 0.0146241 0.0489406 0.00819179 0.382697 0.799367 0.022131 0.34679 0.0120967 0.0583503 0.10986 0.0221055 0.0115013 0.162904 0.0218851 0.0842619 0.0102633 0.0342957 0.188837 0.210496 0.88757
0.530288 0.915549 0.192171 0.890072 0.22516 0.543063 0.871061 0.886351 0.151409 0.857943 0.717011 0.685539 0.855916 0.988168 0.159773 0.909991 0.462111 0.991977 0.474203 0.982873 0.982197 0.987251 0.767456 0.933658 0.97446 0.979259 0.989107 0.022824 0.991965 0.838637 0.964899 0.964877 0.698231 0.0561 0.863497 0.804853 0.982915 0.215824 0.884506 0.890233 0.414031 0.891813 0.236629 0.903467 0.993773 0.745623 0.308202 0.963489 0.888288 0.379741 0.1032 0.00367696 0.800772 0.201777 0.0111703 0.0837701 0.0288803 0.0769922 0.0216357 0.216649 0.862437 0.145495 0.380946 0.00290051 0.537308 0.0341743 0.0591403 0.311945 0.572169 0.157292 0.615595 0.99538 0.880742 0.293064 0.115414 0.0598764 0.0226851 0.341287 0.00290035 0.00775144 0.0146491 0.0488738 0.00813878 0.386271 0.801222 0.0221413 0.344727 0.0119574 0.0591309 0.109383 0.0220968 0.0113594 0.161325 0.0215177 0.0841288 0.0101526 0.0341266 0.189754 0.211915 0.888587
0.528134 0.915914 0.192455 0.890632 0.224181 0.539701 0.871648 0.884899 0.151191 0.859057 0.71757 0.683994 0.855735 0.98825 0.158449 0.910421 0.459028 0.991982 0.472731 0.98298 0.982399 0.987434 0.766776 0.933946 0.974774 0.979486 0.989121 0.0225551 0.991969 0.838437 0.964883 0.964859 0.698949 0.0556389 0.864807 0.805076 0.983018 0.213707 0.885934 0.890786 0.410867 0.892786 0.234324 0.903985 0.993777 0.747206 0.309533 0.963477 0.889161 0.381067 0.103936 0.00365424 0.802608 0.202353 0.0111848 0.0832839 0.0289069 0.0765894 0.0212727 0.217266 0.863672 0.144083 0.379852 0.00289834 0.534743 0.0340095 0.0588484 0.310939 0.571496 0.156813 0.619446 0.995421 0.881764 0.293516 0.115654 0.0595205 0.0224001 0.343795 0.00289845 0.0076657 0.014674 0.0488106 0.00808567 0.389881 0.803082 0.0221524 0.342616 0.0118214 0.0599389 0.108905 0.0220878 0.0112208 0.159758 0.0211593 0.0839931 0.0100436 0.0339614 0.190702 0.213328 0.889609
0.525938 0.916266 0.192693 0.891161 0.22322 0.536343 0.872231 0.883457 0.151026 0.860164 0.718128 0.682424 0.855575 0.98833 0.157092 0.910844 0.4559 0.991988 0.471187 0.983085 0.982597 0.987612 0.766099 0.934228 0.975082 0.979716 0.989133 0.022292 0.991975 0.838237 0.96486 0.964844 0.699668 0.0551704 0.866071 0.805344 0.983119 0.211597 0.887349 0.891336 0.407749 0.893758 0.232007 0.904504 0.99378 0.748792 0.310882 0.96347 0.890021 0.382435 0.104652 0.00363128 0.804448 0.202923 0.0112009 0.0827987 0.0289302 0.0761934 0.0209161 0.217897 0.864908 0.142681 0.378718 0.00289553 0.532131 0.0338443 0.0585554 0.309857 0.570836 0.156345 0.623288 0.995462 0.882786 0.293972 0.11586 0.0591794 0.0221157 0.346394 0.002897 0.00757862 0.0146982 0.0487317 0.00803571 0.393482 0.80493 0.0221604 0.340519 0.0116879 0.0607718 0.108437 0.0220821 0.0110808 0.158194 0.020805 0.0838476 0.00993577 0.0337976 0.191701 0.214759 0.890616
0.523736 0.916627 0.192903 0.891707 0.222252 0.532983 0.872834 0.881981 0.150833 0.861272 0.718701 0.68084 0.855426 0.988411 0.15576 0.911266 0.45282 0.991995 0.469721 0.98319 0.982795 0.987789 0.765388 0.934515 0.975384 0.979934 0.989146 0.022031 0.991982 0.838049 0.964846 0.964828 0.700347 0.0547044 0.867329 0.805576 0.983218 0.209499 0.888743 0.891877 0.404581 0.894706 0.229682 0.905041 0.993784 0.75036 0.312309 0.963465 0.890878 0.383805 0.105406 0.00360936 0.806269 0.203498 0.0112153 0.082307 0.0289521 0.0757905 0.020564 0.218564 0.866142 0.141276 0.377599 0.00289376 0.529497 0.0336798 0.058263 0.308781 0.570163 0.155896 0.627155 0.995502 0.883796 0.29448 0.116085 0.0588289 0.0218373 0.348967 0.00289537 0.00749312 0.0147233 0.0486642 0.00798494 0.397123 0.80681 0.0221691 0.338403 0.0115563 0.0616098 0.107946 0.0220717 0.0109423 0.156654 0.0204587 0.0837016 0.00982926 0.0336404 0.192694 0.216208 0.891611
0.52151 0.916996 0.193115 0.892258 0.221286 0.529559 0.873417 0.880471 0.150631 0.862378 0.719285 0.679192 0.85527 0.988493 0.154423 0.91167 0.449662 0.992 0.46819 0.98329 0.982992 0.98796 0.764627 0.934791 0.975682 0.980149 0.989157 0.0217719 0.991987 0.837866 0.964827 0.964811 0.701131 0.0542459 0.86859 0.805813 0.983317 0.207446 0.890135 0.892424 0.401456 0.895669 0.22738 0.905576 0.993787 0.751884 0.313725 0.963459 0.891737 0.385162 0.106169 0.00358728 0.808104 0.204144 0.0112302 0.0818198 0.02897 0.0753932 0.0202231 0.219263 0.867343 0.139904 0.3765 0.00289173 0.526835 0.0335246 0.0579609 0.307684 0.569451 0.155403 0.631024 0.995541 0.884799 0.294948 0.11627 0.0584918 0.0215632 0.351618 0.00289317 0.00740932 0.0147478 0.0485832 0.00793363 0.400796 0.808626 0.0221736 0.336324 0.0114253 0.0624678 0.107469 0.0220654 0.0108093 0.155087 0.0201178 0.0835552 0.00972462 0.0334764 0.193678 0.217706 0.892612
0.519267 0.917351 0.19331 0.892819 0.220294 0.526141 0.874025 0.878932 0.150415 0.863479 0.71985 0.677556 0.855133 0.988572 0.153101 0.912091 0.446509 0.992006 0.466603 0.983389 0.983186 0.98813 0.763849 0.935072 0.975976 0.980368 0.989168 0.0215162 0.991993 0.837685 0.964816 0.9648 0.701858 0.053794 0.86984 0.80605 0.983421 0.205367 0.891512 0.892977 0.398245 0.896612 0.225075 0.9061 0.993791 0.753462 0.315156 0.963451 0.892602 0.386534 0.106956 0.0035651 0.809932 0.204783 0.011244 0.0813207 0.0289905 0.0749913 0.0198829 0.219912 0.86856 0.138523 0.375312 0.00288974 0.524197 0.0333707 0.0576638 0.30659 0.568698 0.15493 0.634802 0.99558 0.88579 0.295509 0.116462 0.0581562 0.0212895 0.354239 0.00289096 0.00732678 0.0147744 0.0485041 0.00788292 0.404479 0.810453 0.0221766 0.334225 0.0112976 0.0633452 0.106992 0.0220566 0.0106772 0.15356 0.0197809 0.0834095 0.00962118 0.0333205 0.194686 0.219195 0.893606
0.517031 0.917712 0.193479 0.89335 0.219281 0.52268 0.874625 0.87736 0.150216 0.864584 0.720456 0.67584 0.855015 0.98865 0.151801 0.912513 0.443351 0.992012 0.465024 0.983491 0.983378 0.988296 0.763073 0.93535 0.976271 0.980582 0.989179 0.021262 0.991999 0.837522 0.964801 0.964789 0.702619 0.0533412 0.871062 0.8063 0.983522 0.203265 0.89287 0.89353 0.395077 0.897552 0.222783 0.906631 0.993793 0.755009 0.316586 0.963445 0.893447 0.387933 0.107744 0.00354341 0.81178 0.205444 0.011257 0.0808286 0.0290094 0.0745907 0.0195526 0.220618 0.869757 0.137151 0.374149 0.00288797 0.521494 0.0332106 0.0573673 0.305462 0.567949 0.154448 0.638563 0.995618 0.88678 0.296 0.116647 0.0578156 0.0210152 0.356884 0.00288951 0.00724395 0.0147991 0.0484279 0.00783298 0.408216 0.812268 0.0221854 0.332097 0.0111694 0.0642434 0.106489 0.0220488 0.0105448 0.152012 0.0194499 0.0832599 0.00951844 0.03316 0.195733 0.22071 0.894589
0.51477 0.91809 0.193639 0.893904 0.218262 0.519215 0.875218 0.875771 0.150003 0.865672 0.721072 0.674126 0.854875 0.988728 0.15049 0.912927 0.440224 0.992017 0.463415 0.983593 0.983567 0.988461 0.762232 0.935631 0.97656 0.98079 0.989191 0.021017 0.992004 0.837345 0.964788 0.96478 0.703409 0.0529046 0.872293 0.806579 0.983625 0.201198 0.894209 0.894073 0.391858 0.898496 0.220482 0.907152 0.993795 0.756562 0.318086 0.963444 0.894291 0.389416 0.108556 0.00352199 0.813584 0.206111 0.0112709 0.0803206 0.0290264 0.0741987 0.0192262 0.221344 0.870956 0.135775 0.372988 0.00288642 0.518784 0.0330508 0.0570795 0.304338 0.56718 0.153971 0.642344 0.995656 0.887771 0.296547 0.116817 0.057471 0.0207465 0.359572 0.00288703 0.00716178 0.0148248 0.0483446 0.0077828 0.412008 0.814088 0.0221901 0.329962 0.0110422 0.0651629 0.105991 0.0220413 0.0104178 0.150488 0.0191289 0.0831062 0.00941872 0.0329975 0.19682 0.222259 0.895573
0.512449 0.91846 0.193791 0.894468 0.217237 0.515776 0.875804 0.874153 0.149795 0.866742 0.721708 0.672418 0.854755 0.988805 0.149209 0.913365 0.437036 0.992023 0.461764 0.983693 0.983752 0.988624 0.761405 0.935908 0.976845 0.980996 0.989202 0.0207717 0.992011 0.837183 0.964778 0.964768 0.70417 0.0524567 0.873515 0.806833 0.983724 0.199147 0.89554 0.89462 0.388647 0.899449 0.218159 0.907685 0.993796 0.758128 0.319629 0.963449 0.895145 0.390903 0.10938 0.00350103 0.81541 0.206815 0.0112864 0.0798383 0.0290457 0.0737993 0.0189076 0.222114 0.872138 0.134419 0.371816 0.00288481 0.516068 0.0328878 0.0567802 0.303157 0.566432 0.153484 0.646177 0.995693 0.888759 0.2971 0.116984 0.057128 0.0204832 0.362347 0.00288542 0.00708284 0.0148498 0.048268 0.00773276 0.415839 0.815896 0.0221954 0.32782 0.0109168 0.0660994 0.105507 0.022032 0.0102912 0.148944 0.0188092 0.0829626 0.00932032 0.0328365 0.197921 0.223792 0.896545
0.51013 0.91884 0.193923 0.895028 0.216208 0.512263 0.876401 0.872506 0.149575 0.867812 0.722276 0.670644 0.854633 0.988882 0.147927 0.913796 0.433855 0.99203 0.460121 0.983788 0.983937 0.988782 0.760515 0.93618 0.977132 0.981203 0.989214 0.0205299 0.992016 0.837017 0.964767 0.964761 0.704922 0.0520133 0.87472 0.807077 0.983823 0.197069 0.896854 0.895173 0.385444 0.900389 0.215867 0.908214 0.993797 0.759673 0.321179 0.963451 0.895984 0.392414 0.110237 0.00347996 0.817212 0.207558 0.011302 0.0793563 0.029065 0.0733992 0.018596 0.222886 0.87333 0.133058 0.3706 0.00288307 0.513298 0.0327306 0.0564926 0.301977 0.565653 0.152986 0.649975 0.99573 0.889727 0.297664 0.117145 0.0567871 0.0202229 0.365143 0.00288386 0.00700427 0.0148755 0.0481775 0.00768274 0.419647 0.81768 0.022199 0.325682 0.0107938 0.067043 0.104998 0.0220216 0.010168 0.147409 0.0184948 0.0827999 0.00922229 0.0326823 0.199036 0.22539 0.897508
0.507802 0.919192 0.194028 0.895576 0.215151 0.50874 0.876991 0.870841 0.149357 0.86887 0.722915 0.668899 0.854535 0.98896 0.146654 0.914229 0.43069 0.992036 0.458443 0.983887 0.984121 0.98894 0.759637 0.936453 0.977415 0.981404 0.989225 0.0202909 0.992021 0.836881 0.964759 0.964752 0.705756 0.0515808 0.875921 0.807336 0.983922 0.195035 0.898172 0.895731 0.382267 0.901318 0.213605 0.908766 0.9938 0.761191 0.322716 0.963452 0.896807 0.39396 0.11111 0.00345937 0.818984 0.208328 0.0113157 0.0788722 0.0290849 0.073008 0.0182863 0.223688 0.874496 0.131723 0.369396 0.00288175 0.51053 0.0325779 0.0561906 0.300774 0.564821 0.152501 0.653767 0.995766 0.890676 0.29825 0.117302 0.0564549 0.0199662 0.36796 0.00288289 0.00692634 0.0149002 0.0480818 0.00763456 0.423481 0.81951 0.0222005 0.323573 0.0106738 0.0680252 0.104487 0.0220068 0.0100453 0.145871 0.018188 0.0826622 0.00912408 0.0325239 0.20019 0.226972 0.898477
0.505437 0.919544 0.19414 0.896132 0.214083 0.505248 0.87758 0.869128 0.149132 0.869944 0.723523 0.667117 0.854429 0.989037 0.145366 0.914656 0.427518 0.992041 0.456707 0.983988 0.984301 0.989096 0.758709 0.936724 0.97769 0.981606 0.989236 0.0200562 0.992027 0.836739 0.964754 0.964749 0.706539 0.051148 0.877127 0.80764 0.984018 0.193008 0.899458 0.896282 0.379054 0.902238 0.211307 0.90929 0.993802 0.762721 0.324258 0.963446 0.897621 0.39556 0.111996 0.00343949 0.820777 0.209092 0.0113292 0.0783851 0.0291026 0.0726079 0.0179841 0.224511 0.875648 0.130392 0.368193 0.00288035 0.507736 0.0324229 0.05589 0.299566 0.563996 0.152009 0.657532 0.995802 0.891624 0.298903 0.11743 0.0561162 0.0197143 0.370803 0.00288082 0.00684911 0.0149263 0.0479954 0.00758519 0.427323 0.821321 0.0222045 0.321464 0.0105544 0.0690076 0.103959 0.021998 0.00992464 0.144361 0.0178873 0.0825011 0.00902799 0.0323708 0.201355 0.228617 0.899437
0.503091 0.919911 0.194275 0.896696 0.213043 0.501735 0.878173 0.867376 0.148919 0.871018 0.724178 0.665295 0.854343 0.989115 0.144077 0.915092 0.424282 0.992048 0.455009 0.984085 0.984479 0.989249 0.757775 0.937001 0.977965 0.981807 0.989246 0.0198244 0.992034 0.836595 0.964748 0.964748 0.707366 0.0507192 0.878313 0.807923 0.984115 0.190982 0.900731 0.896834 0.37585 0.903173 0.209017 0.909823 0.993803 0.764281 0.325874 0.963446 0.898447 0.397111 0.112895 0.0034194 0.82257 0.209907 0.0113432 0.0778761 0.0291136 0.0722077 0.0176802 0.225317 0.876823 0.129076 0.36696 0.00287899 0.50488 0.0322686 0.0555869 0.298336 0.563183 0.151497 0.661313 0.995838 0.892558 0.299532 0.117599 0.0557705 0.0194644 0.373681 0.00287945 0.00677404 0.014952 0.0479082 0.00753749 0.431217 0.823133 0.0222043 0.319311 0.010435 0.0700284 0.103446 0.0219878 0.00980372 0.142871 0.0175905 0.082359 0.00893456 0.0322191 0.202512 0.230289 0.9004
0.500694 0.920275 0.194371 0.897239 0.211988 0.498157 0.878767 0.865598 0.148704 0.872079 0.724785 0.663422 0.854265 0.989191 0.142816 0.915534 0.421074 0.992053 0.453248 0.98418 0.984656 0.9894 0.756799 0.937268 0.97823 0.982006 0.989256 0.0195919 0.99204 0.836495 0.964739 0.964741 0.708152 0.050301 0.879498 0.808203 0.984212 0.188989 0.90199 0.897381 0.372637 0.904085 0.206741 0.91036 0.993805 0.765819 0.327484 0.963444 0.899265 0.398722 0.113819 0.00339904 0.824344 0.210664 0.0113574 0.0773796 0.0291284 0.0718169 0.0173875 0.226157 0.877964 0.127766 0.36572 0.00287758 0.502032 0.0321102 0.0552744 0.297109 0.562318 0.150971 0.665069 0.995873 0.893513 0.300202 0.117719 0.0554255 0.0192199 0.376575 0.00287768 0.0067 0.0149784 0.0478201 0.0074893 0.435142 0.824919 0.0222031 0.317186 0.0103202 0.0710677 0.102933 0.0219705 0.00968549 0.141394 0.0173005 0.0821997 0.0088417 0.0320651 0.203739 0.231939 0.901356
0.498278 0.920635 0.194462 0.897798 0.210943 0.494589 0.879368 0.8638 0.14846 0.873134 0.725389 0.661538 0.854183 0.989267 0.141546 0.915964 0.417825 0.992057 0.451439 0.984274 0.984828 0.989548 0.755831 0.93754 0.978493 0.982202 0.989267 0.0193627 0.992046 0.836402 0.964731 0.964737 0.708989 0.0498754 0.880659 0.808476 0.984308 0.186978 0.903245 0.897952 0.369348 0.905019 0.204467 0.910895 0.993808 0.76736 0.329159 0.963448 0.900071 0.400377 0.11476 0.00337906 0.826133 0.211481 0.0113749 0.0768964 0.02914 0.0714073 0.0170956 0.227012 0.879113 0.126476 0.364475 0.00287622 0.499175 0.0319562 0.0549706 0.295861 0.561433 0.150453 0.668796 0.995907 0.894445 0.30084 0.117843 0.0550863 0.018975 0.379513 0.00287621 0.00662689 0.0150027 0.0477334 0.00744196 0.439093 0.826717 0.0222001 0.315061 0.0102044 0.0721324 0.102403 0.0219579 0.00956907 0.139911 0.0170081 0.0820357 0.00874928 0.0319156 0.204975 0.233636 0.90231
0.495836 0.921007 0.194526 0.898352 0.209889 0.490994 0.879972 0.861942 0.148196 0.874182 0.726035 0.659656 0.854115 0.989341 0.140294 0.916408 0.414546 0.992063 0.449637 0.984369 0.984999 0.989694 0.754818 0.937811 0.978754 0.982396 0.989275 0.0191397 0.992051 0.836291 0.964729 0.964741 0.709843 0.0494572 0.881809 0.808775 0.9844 0.184972 0.904477 0.89849 0.366095 0.905944 0.202218 0.911408 0.993808 0.768938 0.330843 0.963455 0.900869 0.402049 0.115721 0.00335954 0.82792 0.212333 0.0113881 0.0764076 0.0291455 0.0710007 0.0168132 0.227944 0.880241 0.125199 0.363194 0.00287539 0.496314 0.0318012 0.0546524 0.294604 0.560552 0.149951 0.672495 0.995941 0.895373 0.301547 0.11796 0.0547415 0.0187336 0.382459 0.00287452 0.00655541 0.0150269 0.0476438 0.00739425 0.443107 0.828513 0.0221978 0.31291 0.0100903 0.0732025 0.101869 0.021946 0.00945336 0.138424 0.0167231 0.0818657 0.00865867 0.0317657 0.20624 0.235342 0.903253
0.49337 0.921371 0.194593 0.898902 0.208823 0.487402 0.880567 0.860044 0.147913 0.875236 0.726707 0.657715 0.854059 0.989415 0.139056 0.916863 0.411278 0.992067 0.447858 0.984464 0.985168 0.989838 0.753789 0.938074 0.979013 0.982585 0.989285 0.0189195 0.992057 0.836216 0.964727 0.964745 0.71074 0.0490354 0.882953 0.809103 0.984494 0.182959 0.905688 0.899041 0.362893 0.906849 0.199965 0.911942 0.99381 0.770464 0.332554 0.96346 0.901679 0.403779 0.116702 0.00334059 0.829671 0.213205 0.0114022 0.0759138 0.0291566 0.0705965 0.016534 0.228886 0.881381 0.12392 0.361903 0.0028748 0.493404 0.0316492 0.0543436 0.293348 0.559613 0.149412 0.676148 0.995974 0.896289 0.30227 0.118071 0.0544025 0.0184954 0.385491 0.00287349 0.00648492 0.0150529 0.0475557 0.00734783 0.447105 0.830273 0.0221942 0.310761 0.00997944 0.0743045 0.101323 0.0219335 0.00934127 0.136952 0.0164468 0.0816897 0.00856948 0.0316167 0.20751 0.237093 0.904198
0.490873 0.92174 0.194651 0.899443 0.207771 0.483763 0.881167 0.858139 0.147652 0.876271 0.727358 0.655832 0.85402 0.98949 0.13782 0.917309 0.408033 0.992074 0.445984 0.984562 0.985332 0.98998 0.752733 0.938342 0.979272 0.982771 0.989293 0.0187019 0.992062 0.836145 0.964728 0.964749 0.711629 0.0486147 0.884082 0.809406 0.984589 0.180992 0.906905 0.899574 0.359657 0.907772 0.197712 0.912478 0.993812 0.772012 0.334317 0.963465 0.902479 0.405516 0.117705 0.0033211 0.83143 0.214072 0.0114157 0.0754105 0.0291709 0.0702036 0.0162616 0.229843 0.882516 0.122656 0.360589 0.00287333 0.490463 0.0314968 0.0540273 0.292036 0.558623 0.148904 0.679834 0.996007 0.897208 0.302976 0.118183 0.0540642 0.0182602 0.388526 0.0028728 0.0064142 0.0150767 0.0474565 0.00730112 0.451145 0.832019 0.0221917 0.308618 0.00986868 0.075433 0.100796 0.0219201 0.00923018 0.135488 0.0161735 0.0815265 0.00848069 0.0314616 0.208822 0.238848 0.905137
0.4884 0.922095 0.194687 0.900006 0.206696 0.480101 0.881764 0.856201 0.147379 0.877321 0.728025 0.653854 0.853975 0.989564 0.136565 0.917763 0.404788 0.99208 0.444133 0.984653 0.985496 0.990119 0.751599 0.938606 0.979523 0.982957 0.989302 0.0184875 0.992067 0.836066 0.96473 0.964755 0.712532 0.0482126 0.88521 0.809747 0.98468 0.17902 0.908102 0.900126 0.356368 0.908651 0.195479 0.913024 0.993814 0.773555 0.336011 0.963471 0.903271 0.407288 0.118719 0.00330239 0.833202 0.214968 0.011429 0.0749201 0.029183 0.0698157 0.0159932 0.230811 0.883626 0.121401 0.359252 0.00287236 0.487496 0.0313483 0.0537176 0.290703 0.557639 0.148375 0.68349 0.996041 0.898125 0.303728 0.118266 0.0537247 0.018026 0.391576 0.002872 0.00634542 0.0151024 0.0473542 0.00725476 0.455236 0.833798 0.0221871 0.306459 0.00975828 0.0765902 0.100259 0.0219053 0.00912215 0.134031 0.0159059 0.0813603 0.00839461 0.0313163 0.210169 0.240645 0.906072
0.485868 0.922452 0.194717 0.900573 0.205588 0.476458 0.882359 0.854218 0.147104 0.878344 0.728689 0.651854 0.853922 0.989637 0.135343 0.918216 0.401504 0.992085 0.442247 0.984746 0.985661 0.990258 0.750476 0.938875 0.97977 0.98314 0.989312 0.0182714 0.992072 0.836017 0.964733 0.96476 0.713456 0.0478109 0.886333 0.810102 0.984772 0.17704 0.909282 0.900676 0.353108 0.909549 0.19326 0.913568 0.993816 0.775097 0.337809 0.96348 0.904057 0.409111 0.119773 0.00328329 0.83498 0.21589 0.0114436 0.0744265 0.0291868 0.0694233 0.0157312 0.231809 0.884726 0.120145 0.357914 0.00287094 0.484563 0.0311921 0.0534037 0.289409 0.556637 0.147826 0.687116 0.996073 0.899025 0.304487 0.118348 0.0533833 0.0177961 0.394651 0.00287079 0.0062778 0.0151293 0.0472482 0.0072083 0.459347 0.835555 0.0221873 0.30432 0.00965088 0.0777728 0.0997147 0.0218899 0.00901411 0.13259 0.0156441 0.0811735 0.00830833 0.0311708 0.211536 0.242469 0.906998
0.483341 0.92282 0.194727 0.901132 0.204496 0.472803 0.882962 0.852193 0.146818 0.879361 0.729344 0.649756 0.853913 0.989711 0.134113 0.918672 0.398233 0.99209 0.440346 0.984838 0.985823 0.990392 0.749381 0.939142 0.980013 0.983318 0.989322 0.0180633 0.992078 0.835961 0.964735 0.964767 0.714334 0.0474076 0.88745 0.810447 0.984864 0.175082 0.910445 0.901224 0.349841 0.910445 0.19103 0.914112 0.993817 0.776615 0.339577 0.96348 0.904829 0.410898 0.120837 0.00326441 0.836708 0.216845 0.0114589 0.0739311 0.0291927 0.0690222 0.0154743 0.232828 0.885831 0.118902 0.356534 0.00286992 0.481605 0.0310377 0.0530879 0.288077 0.555618 0.147306 0.690732 0.996104 0.899913 0.305292 0.118395 0.0530447 0.0175681 0.397803 0.00286958 0.00621116 0.0151548 0.0471495 0.00716371 0.463508 0.837304 0.0221853 0.302176 0.00954276 0.0789695 0.0991721 0.021873 0.00890734 0.131148 0.0153851 0.0810186 0.00822526 0.0310212 0.212925 0.244309 0.907923
0.480766 0.923168 0.194695 0.901694 0.20337 0.46912 0.883565 0.850136 0.146544 0.880375 0.730015 0.647684 0.853884 0.989783 0.132897 0.919126 0.394926 0.992094 0.438439 0.984928 0.985981 0.990525 0.748225 0.93941 0.980257 0.983496 0.989331 0.017856 0.992083 0.835914 0.964745 0.964776 0.715248 0.0470091 0.888548 0.810792 0.984953 0.173152 0.911586 0.90177 0.346607 0.91133 0.188805 0.914646 0.993818 0.778132 0.341417 0.963487 0.905604 0.412758 0.121941 0.00324594 0.83847 0.217806 0.0114736 0.0734303 0.029203 0.068623 0.0152202 0.23388 0.886921 0.117674 0.355142 0.00286889 0.478618 0.0308873 0.0527787 0.286727 0.55461 0.146781 0.694324 0.996136 0.9008 0.30612 0.118463 0.0527102 0.0173432 0.400951 0.0028685 0.00614587 0.0151835 0.0470427 0.00711956 0.467655 0.839049 0.0221778 0.300018 0.00943715 0.0801981 0.0986205 0.0218572 0.00880411 0.129717 0.0151351 0.0808511 0.00814231 0.0308785 0.214333 0.246175 0.908837
0.47821 0.923525 0.194691 0.902253 0.202268 0.465431 0.884159 0.848045 0.146272 0.881387 0.730695 0.645599 0.853897 0.989856 0.131668 0.919573 0.391646 0.992097 0.436421 0.985017 0.986138 0.99066 0.74705 0.939677 0.980494 0.983672 0.989338 0.0176487 0.992088 0.835884 0.964752 0.964786 0.716166 0.0466109 0.889629 0.811149 0.985044 0.171201 0.912715 0.902317 0.343358 0.912218 0.186612 0.915188 0.993819 0.779617 0.343288 0.963501 0.906378 0.414627 0.12306 0.00322737 0.840181 0.218792 0.0114872 0.0729445 0.0292063 0.0682332 0.0149709 0.234975 0.888004 0.116445 0.353773 0.00286768 0.475587 0.0307449 0.052462 0.285359 0.55354 0.146215 0.697897 0.996167 0.901677 0.306955 0.11851 0.0523756 0.0171186 0.404144 0.0028674 0.00608051 0.0152123 0.0469366 0.00707528 0.471854 0.840781 0.0221715 0.297848 0.00933313 0.0814423 0.0980538 0.0218406 0.00870096 0.128285 0.0148872 0.0806767 0.00806011 0.0307282 0.215764 0.248099 0.909761
0.475608 0.923881 0.194647 0.902812 0.201132 0.461705 0.88475 0.845903 0.145969 0.882391 0.731373 0.643491 0.853884 0.989927 0.130447 0.920026 0.388372 0.992104 0.434438 0.985107 0.986293 0.990789 0.745795 0.939936 0.980729 0.983846 0.989346 0.0174476 0.992094 0.835864 0.964767 0.9648 0.717115 0.0462117 0.89071 0.811497 0.985132 0.169261 0.913841 0.902874 0.340087 0.913095 0.184407 0.915728 0.993821 0.78113 0.345165 0.96352 0.907134 0.416522 0.124183 0.00320949 0.841918 0.219796 0.0114999 0.072442 0.0292119 0.0678421 0.0147258 0.23605 0.889096 0.115233 0.352349 0.00286725 0.472518 0.0305946 0.0521506 0.283987 0.552422 0.145685 0.701466 0.996198 0.902529 0.307816 0.118557 0.0520415 0.0168979 0.407372 0.00286653 0.00601574 0.0152358 0.046838 0.00703005 0.476056 0.842507 0.0221607 0.295678 0.00923035 0.0827294 0.0974985 0.0218207 0.00859932 0.126866 0.014644 0.0805075 0.00797976 0.0305827 0.217216 0.250002 0.910672
0.473 0.92425 0.194578 0.903375 0.200003 0.45799 0.885348 0.843736 0.145642 0.883435 0.732077 0.641335 0.853891 0.989997 0.129236 0.920488 0.385035 0.992109 0.43239 0.985198 0.986447 0.990916 0.744516 0.940189 0.980963 0.98402 0.989354 0.0172478 0.992099 0.835862 0.964779 0.964812 0.718052 0.0458186 0.891775 0.811852 0.985218 0.167353 0.91495 0.903432 0.336799 0.913971 0.182218 0.916268 0.993821 0.782653 0.347093 0.963536 0.907915 0.41844 0.125345 0.00319109 0.843661 0.220848 0.0115116 0.0719348 0.0292099 0.0674454 0.0144863 0.237184 0.890165 0.114031 0.350926 0.00286663 0.469453 0.0304525 0.0518308 0.28258 0.551299 0.145143 0.704982 0.996227 0.903391 0.308664 0.118584 0.0517128 0.0166792 0.410657 0.00286583 0.00595249 0.0152647 0.0467267 0.00698588 0.480265 0.844239 0.0221516 0.29352 0.00912995 0.0840491 0.096931 0.0218062 0.00850008 0.125468 0.0144069 0.0803262 0.00790057 0.0304301 0.218699 0.251952 0.911571
0.470369 0.924608 0.19449 0.903918 0.198844 0.454263 0.885943 0.841529 0.14535 0.884448 0.732797 0.639116 0.85392 0.990069 0.128045 0.920948 0.381726 0.992115 0.430346 0.98529 0.9866 0.991042 0.743233 0.940449 0.981189 0.984189 0.989362 0.0170502 0.992105 0.835861 0.964791 0.964825 0.719007 0.0454296 0.892842 0.812241 0.985307 0.165443 0.916052 0.903996 0.333544 0.914828 0.180043 0.916806 0.993822 0.784169 0.349029 0.963547 0.908666 0.420429 0.126535 0.00317321 0.845383 0.221914 0.0115233 0.0714245 0.0292084 0.0670527 0.0142516 0.238307 0.891234 0.112824 0.349495 0.00286626 0.466357 0.0303089 0.0515061 0.281168 0.550189 0.14461 0.708528 0.996257 0.904264 0.309517 0.118597 0.0513799 0.0164651 0.413953 0.00286524 0.00589051 0.01529 0.0466205 0.00694283 0.484527 0.845971 0.022142 0.291389 0.00903009 0.0853795 0.0963609 0.02179 0.00840087 0.124071 0.0141723 0.0801515 0.0078224 0.0302838 0.220197 0.253944 0.91249
0.467693 0.924977 0.194422 0.904483 0.19771 0.450524 0.886545 0.839282 0.145046 0.885457 0.733512 0.636918 0.853956 0.990138 0.126847 0.921407 0.378416 0.992121 0.428257 0.985376 0.986747 0.991165 0.741913 0.9407 0.981414 0.98436 0.989369 0.0168526 0.992112 0.835867 0.964813 0.964841 0.719973 0.0450385 0.893882 0.81261 0.985395 0.163551 0.917143 0.904543 0.330286 0.915699 0.17788 0.917342 0.993823 0.785668 0.350984 0.96357 0.909435 0.422445 0.127729 0.00315555 0.847094 0.223039 0.0115375 0.070937 0.0292034 0.0666582 0.0140204 0.239443 0.892283 0.111662 0.348045 0.00286504 0.463212 0.0301612 0.0511818 0.279757 0.549014 0.144077 0.712044 0.996287 0.905114 0.310444 0.1186 0.051041 0.0162542 0.417315 0.0028647 0.00582916 0.0153154 0.0465071 0.0069011 0.488817 0.847672 0.0221271 0.289232 0.00893169 0.0867416 0.0957823 0.0217714 0.00830713 0.122687 0.0139393 0.0799531 0.00774445 0.030137 0.221714 0.255961 0.913374
0.46499 0.925339 0.194316 0.90504 0.196536 0.446789 0.887141 0.837007 0.144732 0.886457 0.734201 0.634704 0.854004 0.990208 0.125672 0.921872 0.375082 0.992126 0.426133 0.985466 0.986895 0.991286 0.740559 0.940945 0.98164 0.984526 0.989375 0.0166624 0.992117 0.835848 0.964835 0.964856 0.72093 0.0446542 0.894934 0.813013 0.985481 0.161652 0.918215 0.905082 0.327031 0.91655 0.175729 0.917873 0.993824 0.787177 0.352982 0.963591 0.910179 0.424481 0.128964 0.00313824 0.848793 0.224161 0.0115486 0.07043 0.0292 0.0662587 0.0137935 0.240628 0.893345 0.110487 0.34657 0.0028644 0.460073 0.0300162 0.0508556 0.278329 0.547837 0.143536 0.715542 0.996316 0.905945 0.311375 0.118576 0.0507088 0.0160471 0.420737 0.0028637 0.00576843 0.0153411 0.0463933 0.00685713 0.493064 0.84939 0.0221128 0.287045 0.00883525 0.088142 0.0952181 0.0217542 0.00821141 0.121301 0.0137144 0.0797607 0.00766724 0.0299935 0.22324 0.257972 0.914248
0.462305 0.925704 0.19422 0.905591 0.195376 0.443022 0.887733 0.834668 0.144421 0.887448 0.734919 0.632413 0.854049 0.990277 0.124502 0.922333 0.371766 0.992132 0.424023 0.985553 0.987041 0.991405 0.739151 0.941201 0.981861 0.984691 0.989383 0.0164737 0.992124 0.835889 0.964857 0.964877 0.721912 0.0442762 0.89598 0.813406 0.985568 0.15978 0.919281 0.905631 0.323764 0.917412 0.173591 0.918413 0.993824 0.788679 0.355004 0.963612 0.910924 0.426564 0.130208 0.00312164 0.850491 0.225321 0.0115603 0.0699298 0.029198 0.0658638 0.0135701 0.241853 0.894392 0.109326 0.345058 0.00286364 0.456912 0.0298724 0.0505368 0.276863 0.5466 0.142985 0.718985 0.996345 0.906781 0.312338 0.118551 0.0503732 0.0158405 0.424128 0.00286326 0.00570813 0.0153644 0.0462834 0.00681363 0.497383 0.851076 0.0220981 0.284908 0.00873983 0.0895789 0.0946426 0.0217352 0.00811786 0.119917 0.0134913 0.079573 0.00759266 0.0298477 0.224825 0.260061 0.91514
0.459594 0.926064 0.194085 0.906145 0.194191 0.439247 0.888342 0.832287 0.144104 0.888429 0.735658 0.630094 0.854123 0.990346 0.123328 0.922786 0.368435 0.992137 0.421874 0.985639 0.987185 0.991522 0.737753 0.941457 0.98208 0.984855 0.989389 0.016289 0.99213 0.835932 0.964875 0.964893 0.722885 0.0438993 0.89703 0.813802 0.985656 0.157917 0.920341 0.906191 0.320537 0.918267 0.171447 0.918952 0.993824 0.790179 0.357056 0.963634 0.911665 0.428688 0.131499 0.0031048 0.852166 0.226523 0.0115719 0.069428 0.029199 0.0654667 0.0133511 0.24314 0.895435 0.108174 0.343554 0.00286309 0.453729 0.0297265 0.0502055 0.2754 0.545339 0.142415 0.722424 0.996374 0.907627 0.313332 0.118524 0.0500502 0.0156391 0.427539 0.00286302 0.00564986 0.0153873 0.0461597 0.00677106 0.501736 0.852752 0.0220801 0.282764 0.00864453 0.0910397 0.0940645 0.0217164 0.0080256 0.118541 0.0132719 0.0793796 0.00751798 0.0297139 0.226466 0.262168 0.916039
0.456911 0.926425 0.193968 0.906701 0.192997 0.435458 0.888958 0.829861 0.143777 0.889404 0.736396 0.627781 0.854197 0.990412 0.122172 0.923255 0.365063 0.992143 0.419695 0.985724 0.987325 0.991637 0.736284 0.941713 0.982297 0.985014 0.989395 0.0161046 0.992135 0.835969 0.964898 0.964915 0.723872 0.0435168 0.898059 0.814207 0.985742 0.156074 0.921364 0.906754 0.317262 0.919111 0.169325 0.919489 0.993826 0.791664 0.359176 0.963655 0.912403 0.430806 0.132816 0.00308776 0.853847 0.227732 0.0115833 0.0689268 0.0291963 0.065084 0.0131347 0.244419 0.89647 0.107036 0.342011 0.00286248 0.450517 0.0295821 0.0498834 0.273929 0.544056 0.141837 0.725826 0.996403 0.908476 0.314336 0.118498 0.0497223 0.0154338 0.431005 0.00286248 0.00559264 0.0154083 0.0460388 0.00672856 0.506112 0.854441 0.0220662 0.28059 0.00855001 0.0925266 0.0934813 0.0216972 0.0079341 0.11716 0.0130586 0.0791885 0.00744517 0.0295607 0.228139 0.264284 0.916915
0.454166 0.926787 0.193793 0.907266 0.191831 0.431639 0.889561 0.827422 0.143438 0.890379 0.737151 0.625419 0.854265 0.990478 0.121001 0.923731 0.361722 0.992149 0.41744 0.985808 0.987465 0.99175 0.734771 0.941963 0.982508 0.985172 0.989401 0.0159245 0.99214 0.83604 0.964918 0.964935 0.724853 0.0431474 0.899064 0.814619 0.985826 0.154226 0.922399 0.90732 0.314028 0.919956 0.167208 0.920027 0.993825 0.793164 0.361306 0.96368 0.913136 0.432969 0.134157 0.00307122 0.855521 0.228961 0.0115958 0.0684227 0.0291889 0.0646846 0.0129231 0.245742 0.897512 0.105906 0.340491 0.0028613 0.447314 0.0294391 0.0495627 0.272398 0.542781 0.141255 0.729207 0.99643 0.909284 0.315387 0.118465 0.0493969 0.0152365 0.434515 0.00286236 0.00553567 0.0154334 0.0459071 0.00668758 0.510477 0.856101 0.0220512 0.278422 0.00845572 0.0940529 0.0929086 0.0216795 0.00784449 0.115803 0.0128486 0.079006 0.00737352 0.029417 0.229863 0.266462 0.917791
0.451404 0.927146 0.19361 0.907826 0.190669 0.427797 0.890152 0.82491 0.143102 0.89136 0.737868 0.623047 0.854374 0.990545 0.119859 0.924211 0.358372 0.992155 0.415251 0.985891 0.987602 0.991862 0.733273 0.942229 0.982719 0.98533 0.989408 0.0157454 0.992146 0.836109 0.964944 0.964963 0.725857 0.0427718 0.900058 0.815042 0.985911 0.152401 0.923404 0.90787 0.310775 0.920789 0.165105 0.920559 0.993826 0.79467 0.363454 0.963707 0.913864 0.43519 0.135499 0.00305482 0.857211 0.230251 0.0116094 0.0679234 0.0291805 0.0642873 0.0127155 0.247109 0.898531 0.104775 0.338925 0.00286027 0.444016 0.0292988 0.0492403 0.270872 0.541491 0.140685 0.732588 0.996458 0.910084 0.316418 0.118399 0.0490703 0.0150388 0.438036 0.00286239 0.00548024 0.0154539 0.0457794 0.00664644 0.514849 0.857747 0.0220334 0.276251 0.0083637 0.0956172 0.0923375 0.0216602 0.00775603 0.114464 0.0126453 0.0788117 0.00730247 0.0292715 0.231573 0.26868 0.91865
0.448598 0.927521 0.193422 0.908388 0.189487 0.423966 0.890767 0.822337 0.142762 0.892315 0.738597 0.620615 0.854471 0.990612 0.118689 0.924683 0.354969 0.99216 0.412985 0.985976 0.987737 0.991971 0.731718 0.942477 0.982923 0.985484 0.989414 0.0155676 0.992153 0.836201 0.964973 0.964981 0.726892 0.0424088 0.90105 0.815447 0.985994 0.150594 0.924409 0.908419 0.307541 0.921623 0.163026 0.921091 0.993825 0.796172 0.365613 0.963729 0.914587 0.437444 0.136855 0.00303813 0.858857 0.231577 0.0116227 0.0674175 0.0291696 0.0638947 0.0125113 0.248508 0.899553 0.103655 0.337364 0.00285961 0.440735 0.0291509 0.0489182 0.269359 0.540118 0.140101 0.735956 0.996485 0.91089 0.317455 0.118345 0.0487396 0.0148459 0.441665 0.00286195 0.00542431 0.0154798 0.0456597 0.0066047 0.519274 0.859391 0.0220151 0.274078 0.0082727 0.0972199 0.0917384 0.0216417 0.00766847 0.11311 0.0124422 0.0786179 0.00723301 0.0291291 0.233332 0.270879 0.919505
0.44579 0.92789 0.193192 0.908928 0.188279 0.420103 0.891373 0.819739 0.142394 0.893299 0.739356 0.618146 0.854599 0.990677 0.117552 0.925158 0.351611 0.992166 0.410648 0.986058 0.987872 0.992079 0.730129 0.942726 0.983124 0.985634 0.989422 0.015392 0.992159 0.836281 0.965004 0.965006 0.727937 0.0420399 0.902035 0.815878 0.986078 0.148787 0.925394 0.908959 0.304296 0.922451 0.160931 0.921639 0.993825 0.797665 0.367846 0.963761 0.915316 0.439711 0.138288 0.00302202 0.860533 0.23291 0.0116337 0.0669124 0.029157 0.0635004 0.0123108 0.24993 0.900531 0.102525 0.335797 0.00285957 0.437457 0.0290075 0.0486015 0.267806 0.538747 0.139496 0.739314 0.996511 0.911685 0.318533 0.118274 0.0484042 0.0146539 0.445217 0.00286198 0.00536954 0.0155054 0.0455411 0.0065636 0.523729 0.861018 0.0219961 0.271917 0.00818306 0.0988527 0.0911447 0.0216173 0.00758303 0.111796 0.0122426 0.0784104 0.0071626 0.0289899 0.235122 0.273108 0.920358
0.442977 0.928252 0.192942 0.909483 0.187084 0.416306 0.891974 0.817066 0.142016 0.894264 0.740199 0.615648 0.854727 0.990743 0.116422 0.925641 0.348258 0.992172 0.408292 0.98614 0.988006 0.992183 0.728474 0.942974 0.983326 0.985782 0.989428 0.0152217 0.992166 0.836391 0.965031 0.965042 0.728983 0.0416789 0.903014 0.81633 0.986162 0.146976 0.926375 0.909511 0.301062 0.923277 0.158882 0.922175 0.993823 0.799172 0.3701 0.963796 0.916028 0.442013 0.139712 0.00300559 0.862189 0.234276 0.0116451 0.0663985 0.029141 0.0631038 0.0121132 0.251373 0.901543 0.101423 0.334221 0.00285977 0.434165 0.0288639 0.0482796 0.266244 0.537403 0.138907 0.742616 0.996538 0.912467 0.319669 0.118161 0.048071 0.0144666 0.448832 0.00286163 0.00531534 0.0155296 0.0454151 0.00652388 0.528163 0.862659 0.0219726 0.269747 0.0080961 0.100525 0.0905703 0.0215953 0.00749923 0.110478 0.0120457 0.0782182 0.00709385 0.0288484 0.23698 0.275351 0.92121
0.440102 0.928625 0.19269 0.910022 0.185866 0.412473 0.892577 0.814394 0.141628 0.895218 0.740963 0.613098 0.854878 0.99081 0.115266 0.926123 0.344881 0.992178 0.405948 0.98622 0.988136 0.992288 0.726803 0.943224 0.983525 0.985931 0.989434 0.0150525 0.992173 0.83651 0.965056 0.965074 0.730048 0.0413155 0.903979 0.816806 0.986247 0.145178 0.927345 0.910067 0.297835 0.924107 0.156836 0.922708 0.993823 0.800672 0.372384 0.963829 0.916737 0.444346 0.14117 0.0029902 0.863839 0.23568 0.0116576 0.0658976 0.0291298 0.0627058 0.0119199 0.252837 0.902541 0.100328 0.332627 0.00285971 0.430893 0.0287214 0.047945 0.264704 0.53596 0.138329 0.745901 0.996564 0.913241 0.320839 0.11806 0.0477408 0.0142805 0.452477 0.00286186 0.005262 0.015551 0.0452799 0.00648365 0.532673 0.864269 0.021954 0.267589 0.00800948 0.102213 0.0899604 0.0215702 0.00741629 0.109174 0.011854 0.0780099 0.00702467 0.028708 0.238843 0.277668 0.92206
0.437244 0.928979 0.192425 0.910573 0.184636 0.408625 0.893161 0.811646 0.141244 0.896162 0.741756 0.610519 0.855027 0.990875 0.11414 0.926594 0.341516 0.992184 0.403564 0.986304 0.988267 0.992391 0.725083 0.943466 0.983717 0.98608 0.98944 0.0148845 0.99218 0.836635 0.965086 0.965107 0.731105 0.0409519 0.904938 0.817273 0.986326 0.143387 0.928295 0.910617 0.294586 0.924914 0.154814 0.92325 0.993822 0.802165 0.374736 0.963858 0.917433 0.446717 0.142671 0.00297524 0.865459 0.23712 0.0116662 0.065389 0.0291117 0.0623174 0.011732 0.254308 0.903529 0.0992511 0.331013 0.00285969 0.427595 0.0285865 0.0476219 0.263167 0.5345 0.137743 0.749161 0.99659 0.914021 0.321988 0.11794 0.0474116 0.0140945 0.456184 0.00286168 0.00520942 0.0155718 0.0451484 0.00644368 0.537172 0.865909 0.0219305 0.265392 0.00792383 0.103969 0.0893522 0.0215467 0.00733421 0.10786 0.0116664 0.0777977 0.00695921 0.0285696 0.240741 0.280027 0.922888
0.434358 0.929347 0.192141 0.911121 0.183417 0.404822 0.893743 0.808857 0.140865 0.89712 0.742544 0.607932 0.855198 0.990941 0.113015 0.927085 0.338126 0.992189 0.40121 0.986384 0.988395 0.992491 0.72334 0.943711 0.983908 0.986226 0.989443 0.014719 0.992186 0.836792 0.965123 0.965145 0.732227 0.0405978 0.905893 0.817766 0.986407 0.141637 0.929251 0.911193 0.291305 0.925723 0.152797 0.923791 0.993821 0.80365 0.377077 0.963901 0.918128 0.449107 0.144227 0.00296019 0.867059 0.238567 0.0116751 0.064876 0.0290922 0.061927 0.0115459 0.255845 0.904502 0.0981758 0.329386 0.002859 0.424217 0.0284452 0.0472963 0.261563 0.533055 0.137159 0.752369 0.996615 0.914792 0.323207 0.117797 0.0470861 0.0139154 0.459919 0.00286192 0.00515806 0.0155935 0.0450084 0.00640431 0.541673 0.867509 0.021905 0.26326 0.00783963 0.105757 0.0887464 0.0215239 0.00725262 0.106567 0.0114822 0.0775897 0.00689469 0.0284307 0.242673 0.282388 0.923723
0.431466 0.929714 0.191835 0.911673 0.182172 0.400984 0.894357 0.805967 0.140476 0.898061 0.743322 0.605303 0.855361 0.991005 0.111892 0.927562 0.33473 0.992194 0.39876 0.986462 0.988517 0.992591 0.721583 0.943955 0.984097 0.986367 0.989447 0.0145553 0.992192 0.836964 0.965162 0.965186 0.733322 0.0402475 0.906817 0.818247 0.986487 0.139889 0.930173 0.911741 0.288073 0.926529 0.150785 0.924339 0.993821 0.805135 0.379431 0.96394 0.918831 0.451543 0.145798 0.00294494 0.868654 0.240054 0.0116853 0.0643786 0.0290707 0.0615385 0.0113638 0.257439 0.905465 0.0971004 0.327713 0.00285917 0.420863 0.0283036 0.0469737 0.259942 0.531556 0.136567 0.75558 0.99664 0.915545 0.324476 0.117665 0.0467489 0.0137368 0.463716 0.00286191 0.00510769 0.0156169 0.0448633 0.00636399 0.546205 0.869118 0.0218806 0.261072 0.00775662 0.107571 0.0881273 0.0215009 0.00717266 0.105269 0.0113023 0.0773767 0.00683291 0.0282893 0.244662 0.284825 0.924544
0.428516 0.930086 0.191504 0.912224 0.180933 0.397126 0.894974 0.803077 0.140062 0.899008 0.7441 0.602661 0.855566 0.991067 0.110789 0.928049 0.331384 0.9922 0.396325 0.986542 0.988642 0.992689 0.719758 0.944203 0.984284 0.986508 0.989451 0.0143955 0.992197 0.83716 0.9652 0.965225 0.73445 0.0398936 0.907753 0.818741 0.986565 0.138149 0.931085 0.912288 0.284834 0.927326 0.14878 0.924865 0.993821 0.806615 0.381887 0.96398 0.919514 0.453965 0.147422 0.00292913 0.870249 0.241585 0.0116949 0.0638766 0.0290485 0.061143 0.0111843 0.259059 0.906432 0.0960311 0.32604 0.00285886 0.417463 0.0281683 0.0466448 0.258314 0.530021 0.135975 0.75876 0.996664 0.916309 0.325712 0.117521 0.0464255 0.0135602 0.467473 0.00286154 0.00505816 0.0156389 0.0447245 0.00632487 0.550729 0.870701 0.0218549 0.258921 0.00767312 0.109439 0.087528 0.0214782 0.00709367 0.103999 0.0111254 0.0771471 0.00677093 0.0281528 0.246706 0.287275 0.925351
0.425555 0.93046 0.191162 0.91277 0.179666 0.393239 0.895564 0.800094 0.13965 0.89994 0.744936 0.599919 0.855776 0.991129 0.109685 0.928513 0.328043 0.992207 0.393881 0.98662 0.988765 0.992784 0.717896 0.94445 0.98447 0.986646 0.989455 0.0142385 0.992203 0.83736 0.965242 0.965268 0.735581 0.0395415 0.908701 0.819258 0.986643 0.136424 0.932001 0.912846 0.2816 0.928133 0.146789 0.925409 0.993819 0.808076 0.384352 0.964016 0.920202 0.456454 0.149056 0.00291383 0.871854 0.243158 0.011706 0.0633639 0.0290258 0.0607546 0.0110103 0.260709 0.907378 0.0949764 0.324324 0.00285877 0.414062 0.0280348 0.0463141 0.256687 0.528458 0.135349 0.76191 0.996689 0.917059 0.327032 0.117366 0.0461011 0.0133844 0.47129 0.00286154 0.00500929 0.0156594 0.0445867 0.00628601 0.555258 0.872297 0.0218212 0.256756 0.00759239 0.111355 0.0869088 0.0214538 0.00701609 0.102733 0.0109486 0.0769305 0.00670925 0.0280112 0.248795 0.289714 0.926166
0.422615 0.930822 0.190812 0.913316 0.17839 0.389347 0.896161 0.797138 0.139263 0.900879 0.745741 0.597158 0.855958 0.99119 0.108601 0.928994 0.324697 0.992214 0.391406 0.986698 0.988886 0.992879 0.715978 0.944693 0.984654 0.986783 0.989459 0.0140817 0.99221 0.837523 0.96529 0.965303 0.736718 0.0391958 0.909614 0.819778 0.98672 0.134717 0.932884 0.913399 0.2784 0.928929 0.144822 0.925947 0.99382 0.809565 0.386846 0.964062 0.920883 0.458999 0.150746 0.0028993 0.873422 0.244785 0.0117121 0.0628539 0.0289964 0.0603716 0.0108366 0.262409 0.90833 0.0939319 0.322596 0.00285844 0.410636 0.0279018 0.0459901 0.255058 0.526903 0.134733 0.765049 0.996712 0.917805 0.328366 0.117203 0.0457739 0.013213 0.475154 0.00286148 0.0049601 0.0156807 0.0444435 0.00624787 0.559778 0.873884 0.0217904 0.254592 0.00751354 0.113323 0.0862962 0.0214256 0.00693987 0.101488 0.0107778 0.0767089 0.00664886 0.0278718 0.25091 0.292219 0.92697
0.4196 0.931181 0.190444 0.913871 0.177135 0.385438 0.896768 0.794102 0.138846 0.901797 0.746541 0.594393 0.856161 0.991253 0.107512 0.929467 0.321318 0.992221 0.38889 0.986775 0.989006 0.992973 0.714029 0.944934 0.984833 0.98692 0.989463 0.0139266 0.992216 0.83773 0.965341 0.96535 0.737833 0.0388513 0.910535 0.820296 0.986798 0.133026 0.933771 0.913959 0.275164 0.929709 0.142852 0.926473 0.993819 0.811031 0.389343 0.96411 0.921567 0.461564 0.152481 0.00288448 0.874971 0.246419 0.0117191 0.062353 0.0289734 0.0599801 0.0106666 0.264089 0.909284 0.092902 0.320891 0.00285899 0.40721 0.0277663 0.045668 0.253393 0.525238 0.134115 0.768181 0.996735 0.918535 0.329708 0.117031 0.0454466 0.0130418 0.479065 0.00286134 0.00491355 0.0156997 0.0442916 0.00620977 0.564311 0.875438 0.021762 0.252406 0.00743502 0.11531 0.085679 0.0213953 0.00686619 0.100243 0.0106092 0.0764809 0.00658806 0.0277369 0.253067 0.294739 0.927775
0.416638 0.931548 0.190054 0.914428 0.175894 0.38156 0.897387 0.790961 0.138414 0.902707 0.74737 0.591641 0.856393 0.991314 0.106428 0.92995 0.317992 0.992228 0.386358 0.986851 0.989125 0.993065 0.71203 0.945182 0.98501 0.987055 0.989467 0.0137739 0.992223 0.837946 0.965385 0.965392 0.738986 0.0385126 0.911448 0.820827 0.986877 0.131347 0.93464 0.914503 0.271931 0.930475 0.140891 0.927003 0.993817 0.812488 0.391904 0.964161 0.922253 0.46418 0.154213 0.00286994 0.87653 0.248108 0.0117273 0.0618546 0.0289506 0.0595884 0.0104991 0.265826 0.910207 0.0918578 0.319142 0.00285934 0.403729 0.0276306 0.0453382 0.251709 0.523515 0.133509 0.771284 0.996759 0.919263 0.331095 0.116831 0.0451298 0.0128748 0.482987 0.00286139 0.00486673 0.0157182 0.044148 0.00617122 0.568906 0.876997 0.0217268 0.250204 0.00735807 0.117349 0.0850527 0.0213659 0.00679343 0.0990072 0.0104438 0.0762488 0.00652771 0.0276005 0.255231 0.29731 0.928578
0.41364 0.931922 0.189653 0.914977 0.174609 0.377641 0.897979 0.787795 0.137968 0.903624 0.748228 0.588847 0.856632 0.991375 0.10537 0.930441 0.314628 0.992233 0.383795 0.986928 0.989242 0.993155 0.710029 0.945425 0.985189 0.987187 0.98947 0.0136246 0.99223 0.838187 0.965434 0.965439 0.740147 0.0381734 0.912351 0.821374 0.986952 0.129666 0.935509 0.915045 0.268708 0.931248 0.138976 0.927535 0.993816 0.813966 0.394482 0.964205 0.922924 0.466792 0.155974 0.0028558 0.878098 0.249802 0.0117359 0.061351 0.0289237 0.0591971 0.0103374 0.267591 0.911137 0.0908476 0.317389 0.00285988 0.400277 0.027492 0.0450085 0.250007 0.521874 0.132883 0.774347 0.996782 0.919992 0.332452 0.11663 0.0448036 0.012709 0.486937 0.00286182 0.00481976 0.0157362 0.0440043 0.00613339 0.573521 0.878529 0.0216949 0.248056 0.0072801 0.119431 0.084423 0.0213359 0.00672179 0.0977818 0.0102819 0.0760139 0.0064695 0.027462 0.257463 0.299897 0.929376
0.410574 0.932283 0.189245 0.915538 0.173325 0.373726 0.898582 0.784554 0.137513 0.90453 0.749068 0.585979 0.856912 0.991436 0.104287 0.930923 0.311302 0.99224 0.381174 0.987 0.989356 0.993245 0.707965 0.945664 0.985363 0.987318 0.989473 0.0134761 0.992237 0.838441 0.965483 0.965484 0.741307 0.0378458 0.913236 0.821921 0.987025 0.127991 0.936358 0.915597 0.265474 0.932015 0.137054 0.928065 0.993815 0.81542 0.397066 0.964254 0.923584 0.469439 0.157778 0.00284163 0.879654 0.251507 0.0117447 0.060843 0.0288978 0.058811 0.0101776 0.269388 0.912051 0.0898413 0.315569 0.00286007 0.396801 0.0273572 0.0446793 0.248313 0.520097 0.132264 0.777406 0.996804 0.9207 0.333889 0.116411 0.0444755 0.0125459 0.490928 0.00286228 0.00477517 0.0157541 0.0438487 0.0060969 0.578118 0.88006 0.0216626 0.245909 0.00720521 0.121558 0.0838028 0.0213025 0.00665039 0.096567 0.0101226 0.0757822 0.00641173 0.0273303 0.259741 0.302609 0.930161
0.407537 0.932641 0.18878 0.916092 0.172022 0.369846 0.89919 0.781249 0.13705 0.905437 0.749897 0.583074 0.857169 0.991495 0.103225 0.931406 0.308004 0.992246 0.378613 0.987075 0.98947 0.993334 0.705829 0.945899 0.985533 0.987447 0.989478 0.0133273 0.992243 0.838688 0.965537 0.965534 0.742468 0.03751 0.914112 0.822478 0.9871 0.126321 0.937193 0.916137 0.262286 0.932788 0.135137 0.928608 0.993814 0.816868 0.399687 0.964308 0.924246 0.472106 0.159628 0.0028279 0.88119 0.253254 0.011751 0.060346 0.0288681 0.0584321 0.0100213 0.271242 0.912967 0.088838 0.313777 0.0028605 0.393242 0.0272204 0.0443476 0.246614 0.518332 0.131637 0.780407 0.996826 0.921402 0.335352 0.116175 0.0441646 0.0123844 0.494947 0.00286288 0.00473052 0.0157726 0.0436898 0.00606095 0.582701 0.8816 0.0216288 0.243743 0.00712858 0.12372 0.0831748 0.021273 0.00657988 0.0953548 0.00996693 0.0755436 0.00635478 0.0271949 0.262032 0.30533 0.930939
0.404491 0.93301 0.188312 0.916644 0.170735 0.365926 0.899793 0.777926 0.136588 0.906334 0.75077 0.580109 0.857459 0.991556 0.102158 0.931898 0.304672 0.992252 0.375969 0.98715 0.98958 0.993419 0.703677 0.946134 0.985702 0.987573 0.989484 0.0131845 0.992249 0.838964 0.965589 0.965587 0.743664 0.0371775 0.914959 0.823042 0.987173 0.124692 0.938017 0.916676 0.259098 0.933542 0.133254 0.929123 0.993813 0.818335 0.402423 0.964362 0.924901 0.474848 0.16152 0.00281392 0.882709 0.25504 0.0117574 0.0598502 0.0288402 0.0580475 0.00986744 0.273157 0.913859 0.0878441 0.311958 0.00286093 0.389751 0.027086 0.0440146 0.2449 0.516517 0.130996 0.783379 0.996849 0.922109 0.336862 0.115923 0.0438472 0.0122249 0.498998 0.00286332 0.00468556 0.0157892 0.0435283 0.00602515 0.587303 0.883122 0.0215925 0.241589 0.00705357 0.125937 0.0825647 0.0212454 0.00651142 0.0941559 0.00981587 0.0752907 0.00629848 0.0270597 0.26439 0.30807 0.931719
0.401439 0.933378 0.187841 0.917191 0.169447 0.362023 0.900408 0.774538 0.136108 0.907224 0.751639 0.577136 0.857759 0.991615 0.101103 0.932383 0.301358 0.992259 0.37333 0.987222 0.989691 0.993504 0.701414 0.946383 0.985869 0.987698 0.989488 0.0130431 0.992255 0.839241 0.965645 0.965637 0.744891 0.0368514 0.915827 0.82361 0.987247 0.123049 0.938833 0.917236 0.255905 0.93429 0.131386 0.929643 0.993811 0.819773 0.405178 0.964419 0.925544 0.477542 0.163445 0.00280031 0.884209 0.256871 0.0117646 0.059349 0.0288049 0.0576539 0.00971696 0.275086 0.914746 0.0868638 0.310098 0.00286168 0.38618 0.0269529 0.0436816 0.243186 0.514704 0.130345 0.786354 0.996871 0.922798 0.338401 0.115665 0.0435218 0.012069 0.503096 0.00286313 0.00464249 0.0158075 0.0433683 0.0059897 0.591938 0.884656 0.0215579 0.23943 0.00698104 0.128226 0.0819277 0.0212125 0.0064428 0.0929636 0.00966583 0.0750526 0.00624459 0.0269219 0.266755 0.31086 0.932495
0.398349 0.933741 0.187324 0.91774 0.168157 0.358117 0.901001 0.77108 0.135642 0.908095 0.752547 0.574132 0.858074 0.991673 0.100071 0.932857 0.298026 0.992265 0.370628 0.987293 0.989802 0.993588 0.69916 0.946618 0.986034 0.987821 0.989492 0.0128998 0.992261 0.839534 0.965697 0.965696 0.746101 0.036525 0.916675 0.824198 0.987318 0.121416 0.939644 0.917789 0.25273 0.935035 0.129504 0.930177 0.993809 0.821234 0.40795 0.964473 0.926194 0.480398 0.165415 0.00278714 0.8857 0.258782 0.01177 0.0588423 0.0287663 0.0572712 0.00956979 0.277052 0.915645 0.0858771 0.308205 0.00286261 0.382677 0.0268157 0.043349 0.241432 0.512851 0.129676 0.789287 0.996892 0.923492 0.339997 0.115393 0.0432009 0.0119157 0.507189 0.00286387 0.0046004 0.0158253 0.0432157 0.00595382 0.596558 0.886155 0.0215227 0.23724 0.0069083 0.130563 0.0813147 0.0211809 0.00637609 0.0917786 0.0095168 0.0748112 0.00619116 0.0267822 0.269174 0.313666 0.933263
0.395235 0.934117 0.18681 0.918278 0.16685 0.354225 0.901591 0.76759 0.135167 0.908977 0.753442 0.571114 0.85838 0.991731 0.0990527 0.93334 0.2947 0.992272 0.367974 0.987366 0.98991 0.993669 0.69686 0.946869 0.986197 0.987942 0.989497 0.0127598 0.992268 0.839868 0.965756 0.965752 0.747337 0.036195 0.917527 0.824792 0.987391 0.119825 0.940447 0.918339 0.249598 0.935771 0.127639 0.930714 0.993808 0.822688 0.410743 0.96453 0.926839 0.483263 0.16742 0.00277346 0.887172 0.260677 0.0117768 0.0583295 0.0287267 0.0568768 0.00942488 0.279066 0.916536 0.0849124 0.306323 0.00286309 0.379116 0.0266828 0.0430228 0.239647 0.510917 0.129028 0.792168 0.996913 0.924158 0.341557 0.1151 0.0428921 0.0117618 0.511366 0.00286476 0.00455797 0.0158406 0.0430604 0.00591944 0.601223 0.887648 0.02148 0.235077 0.00683698 0.132933 0.0806889 0.0211486 0.00631107 0.0906127 0.00937378 0.0745638 0.0061386 0.0266516 0.271621 0.316515 0.934033
0.39213 0.93449 0.186287 0.918817 0.165529 0.350327 0.902188 0.764012 0.134655 0.909846 0.75431 0.568038 0.858721 0.991788 0.09802 0.933825 0.291366 0.992279 0.365222 0.98744 0.990016 0.993747 0.694504 0.947118 0.986358 0.98806 0.989501 0.012623 0.992274 0.840202 0.965819 0.965812 0.748622 0.0358741 0.918363 0.82539 0.987461 0.118231 0.941231 0.918892 0.246487 0.936492 0.125791 0.931244 0.993805 0.824122 0.413602 0.964592 0.92747 0.486136 0.169486 0.00276065 0.888664 0.262631 0.0117811 0.0578161 0.0286883 0.0564953 0.00928294 0.281108 0.917414 0.0839621 0.304429 0.00286356 0.375552 0.0265502 0.0426769 0.237887 0.509004 0.128365 0.795017 0.996934 0.924831 0.343161 0.114808 0.0425745 0.01161 0.515557 0.00286578 0.00451673 0.0158532 0.0428937 0.00588346 0.60587 0.88913 0.0214404 0.232921 0.00676711 0.135378 0.080052 0.0211151 0.00624748 0.0894514 0.00923146 0.0742976 0.00608664 0.0265151 0.274156 0.319454 0.934779
0.388978 0.93486 0.185717 0.919362 0.164219 0.346448 0.902799 0.760397 0.134154 0.910718 0.755232 0.564901 0.859081 0.991846 0.0969961 0.934316 0.288052 0.992287 0.362493 0.98751 0.99012 0.993827 0.692125 0.947361 0.986515 0.98818 0.989503 0.0124869 0.992281 0.840544 0.965885 0.965875 0.749895 0.0355473 0.919205 0.825993 0.987533 0.116635 0.942013 0.919441 0.243366 0.937229 0.123953 0.931772 0.993804 0.825594 0.416506 0.964656 0.928092 0.489038 0.171568 0.00274785 0.890132 0.264648 0.0117864 0.057319 0.0286444 0.0561175 0.00914345 0.283194 0.918263 0.0829931 0.302537 0.00286459 0.371969 0.026418 0.042345 0.236141 0.506995 0.127709 0.797895 0.996955 0.9255 0.344808 0.114502 0.0422518 0.0114615 0.519786 0.00286643 0.00447565 0.0158716 0.0427283 0.0058492 0.610492 0.890603 0.0213924 0.230751 0.00669878 0.137868 0.0794249 0.0210802 0.00618373 0.0883126 0.00909357 0.0740369 0.00603464 0.0263819 0.27669 0.322407 0.935528
0.38584 0.935228 0.185139 0.919921 0.162885 0.342547 0.903413 0.75672 0.133633 0.911588 0.756142 0.56174 0.859436 0.991903 0.0959802 0.934801 0.284723 0.992294 0.359788 0.987579 0.990222 0.993904 0.689666 0.947599 0.986669 0.988297 0.989507 0.0123514 0.992288 0.840912 0.965952 0.965937 0.751166 0.0352294 0.920025 0.826651 0.987604 0.115085 0.942777 0.920002 0.240204 0.937952 0.12215 0.932293 0.993802 0.827043 0.419388 0.964724 0.928722 0.491995 0.173695 0.00273488 0.891576 0.266734 0.01179 0.0568194 0.0286034 0.0557356 0.00900523 0.285338 0.919128 0.0820516 0.300603 0.00286582 0.368368 0.0262894 0.042013 0.234317 0.505022 0.127062 0.800721 0.996975 0.92616 0.3465 0.114176 0.0419411 0.0113151 0.524024 0.0028678 0.00443621 0.0158871 0.0425597 0.0058154 0.61513 0.892057 0.0213471 0.228582 0.00663135 0.140419 0.0787899 0.0210448 0.00612062 0.0871754 0.00895766 0.0737764 0.00598486 0.0262502 0.27929 0.325394 0.93627
0.382688 0.935601 0.184552 0.920471 0.161548 0.338675 0.904007 0.752972 0.133114 0.912464 0.757054 0.558582 0.859827 0.991958 0.0949793 0.935294 0.281391 0.992302 0.357049 0.987649 0.990324 0.993979 0.68721 0.947851 0.986823 0.988414 0.989511 0.0122201 0.992297 0.841296 0.966018 0.966008 0.752414 0.0349162 0.920833 0.827302 0.987674 0.113539 0.94354 0.920548 0.237103 0.938659 0.120354 0.932821 0.993801 0.828481 0.422357 0.96479 0.92934 0.494974 0.175878 0.00272231 0.893035 0.268854 0.0117924 0.0563253 0.0285605 0.0553504 0.00887094 0.287521 0.91998 0.0811129 0.298637 0.00286641 0.364778 0.0261573 0.0416835 0.232507 0.502987 0.12639 0.803512 0.996994 0.926822 0.348252 0.113835 0.0416215 0.0111726 0.528243 0.00286833 0.00439667 0.0159021 0.0423869 0.00578166 0.619764 0.893515 0.0213029 0.226425 0.00656491 0.14302 0.0781633 0.0210084 0.00605964 0.0860459 0.00882352 0.0735035 0.00593631 0.0261102 0.281958 0.328443 0.937008
0.379471 0.935977 0.183958 0.921019 0.160227 0.334742 0.904597 0.749125 0.132595 0.913322 0.758033 0.555349 0.860209 0.992013 0.0939658 0.935775 0.278075 0.992309 0.35422 0.98772 0.990426 0.994054 0.684675 0.94809 0.986973 0.98853 0.989512 0.0120907 0.992303 0.841674 0.966086 0.966074 0.753684 0.0346019 0.921639 0.827945 0.987743 0.112011 0.94429 0.921092 0.233994 0.939371 0.118607 0.93334 0.993797 0.829893 0.425405 0.964865 0.929955 0.497961 0.178134 0.00270986 0.894474 0.270992 0.0117975 0.0558208 0.0285165 0.0549648 0.00873912 0.289743 0.920841 0.0801796 0.296681 0.00286755 0.361181 0.02603 0.0413535 0.230675 0.500919 0.12572 0.806279 0.997014 0.927472 0.350032 0.11349 0.0413036 0.0110298 0.532548 0.00286888 0.00435696 0.0159148 0.0422145 0.00574905 0.624412 0.894954 0.0212544 0.224247 0.0064985 0.145694 0.0775294 0.0209713 0.00599806 0.0849358 0.00869279 0.0732475 0.00588718 0.0259799 0.284666 0.331491 0.937743
0.376253 0.936351 0.183333 0.921554 0.158886 0.330884 0.905201 0.745257 0.13205 0.914183 0.758995 0.552052 0.860607 0.99207 0.0929783 0.936269 0.274786 0.992316 0.351369 0.987791 0.990525 0.994126 0.68208 0.948323 0.987122 0.988642 0.989516 0.0119647 0.99231 0.842098 0.96615 0.966145 0.754974 0.0342884 0.922444 0.828608 0.987812 0.110503 0.945035 0.921634 0.230922 0.940078 0.116857 0.933858 0.993795 0.831329 0.428436 0.964933 0.930575 0.500961 0.180396 0.00269773 0.895896 0.273184 0.0118019 0.0553192 0.0284711 0.0545892 0.00860966 0.291993 0.921687 0.0792688 0.294672 0.00286872 0.357588 0.0258944 0.0410145 0.228863 0.498828 0.125045 0.809019 0.997033 0.928124 0.351842 0.113125 0.0409889 0.0108884 0.536815 0.00286999 0.00431861 0.0159293 0.0420417 0.00571606 0.629051 0.896398 0.021209 0.222098 0.0064316 0.148406 0.0769 0.0209348 0.00593906 0.0838215 0.00856462 0.0729633 0.00583868 0.025847 0.287414 0.334587 0.938471
0.373047 0.93672 0.182671 0.922102 0.157557 0.327005 0.905783 0.741327 0.131504 0.915019 0.759946 0.548782 0.861032 0.992124 0.0919881 0.936761 0.271494 0.992321 0.348501 0.987858 0.990622 0.994198 0.679446 0.948567 0.987268 0.988754 0.989517 0.0118403 0.992316 0.842533 0.966225 0.966219 0.756306 0.0339729 0.923232 0.829298 0.987881 0.108989 0.945769 0.922177 0.227848 0.940783 0.115113 0.934375 0.993793 0.832749 0.431495 0.965005 0.931196 0.504066 0.182684 0.00268615 0.89732 0.275382 0.0118073 0.0548198 0.0284262 0.0542139 0.00848311 0.294332 0.922525 0.0783537 0.292659 0.00286958 0.354016 0.0257593 0.0406975 0.227035 0.496673 0.124367 0.811766 0.997052 0.928768 0.353701 0.112749 0.0406712 0.0107491 0.541105 0.00287069 0.00428102 0.0159406 0.0418691 0.00568284 0.633665 0.89781 0.0211593 0.219974 0.00636699 0.151207 0.076269 0.020897 0.00587984 0.0827147 0.00843764 0.0726834 0.00579186 0.0257187 0.290217 0.337719 0.939192
0.3698 0.937109 0.182028 0.922645 0.156219 0.323146 0.906377 0.737315 0.130943 0.915863 0.760907 0.545405 0.861472 0.992179 0.0910077 0.937246 0.268204 0.992328 0.345617 0.987926 0.990718 0.994269 0.676724 0.948809 0.987411 0.988862 0.98952 0.0117171 0.992323 0.842944 0.966302 0.966294 0.757629 0.033671 0.924034 0.829999 0.98795 0.107523 0.946486 0.922711 0.224808 0.941476 0.113386 0.934901 0.993791 0.834145 0.434617 0.965086 0.931791 0.507187 0.185059 0.00267392 0.898724 0.277667 0.0118079 0.0543247 0.0283769 0.0538288 0.00835788 0.296668 0.923347 0.0774509 0.290659 0.00287062 0.350377 0.0256279 0.0403656 0.225193 0.494481 0.123688 0.814443 0.997071 0.929405 0.355591 0.112349 0.040357 0.0106116 0.545499 0.00287208 0.00424406 0.0159533 0.0416965 0.00564996 0.638312 0.899204 0.0211107 0.217841 0.00630368 0.154045 0.0756228 0.0208576 0.00582222 0.0816217 0.00831404 0.0724017 0.00574437 0.0255855 0.293085 0.340895 0.939902
0.366561 0.93749 0.181341 0.923177 0.15484 0.31928 0.906968 0.733251 0.130372 0.916687 0.761921 0.542054 0.86194 0.992231 0.0900264 0.937724 0.264924 0.992336 0.342745 0.987993 0.990815 0.994339 0.673981 0.949045 0.987554 0.988968 0.989523 0.0115953 0.992331 0.843385 0.966372 0.966372 0.758955 0.0333642 0.924811 0.8307 0.988016 0.106048 0.947194 0.923254 0.221773 0.94216 0.111696 0.935418 0.993789 0.835561 0.437726 0.965168 0.932391 0.510368 0.187486 0.00266208 0.900136 0.279981 0.0118086 0.0538223 0.0283276 0.0534523 0.00823622 0.299066 0.924179 0.0765595 0.288658 0.00287161 0.346717 0.0254966 0.0400387 0.22334 0.492263 0.123003 0.817092 0.997089 0.930031 0.357539 0.111935 0.0400415 0.0104749 0.549927 0.00287337 0.00420773 0.0159632 0.0415217 0.00561688 0.642939 0.900604 0.0210611 0.215738 0.00623913 0.156951 0.0749764 0.0208165 0.00576481 0.0805444 0.00819226 0.072104 0.00569749 0.0254515 0.296021 0.344111 0.940622
0.363295 0.937875 0.180637 0.923718 0.153492 0.315424 0.907564 0.729115 0.129805 0.917528 0.762912 0.538629 0.862394 0.992285 0.0890516 0.938207 0.261676 0.992342 0.339856 0.988059 0.990909 0.994407 0.671185 0.94928 0.987696 0.989076 0.989524 0.011475 0.992336 0.843865 0.966445 0.966449 0.760329 0.0330636 0.925575 0.831391 0.988081 0.104583 0.947896 0.923786 0.218744 0.942843 0.110018 0.935945 0.993785 0.836981 0.44094 0.965254 0.932989 0.513583 0.189945 0.00265001 0.901527 0.282324 0.0118095 0.0533311 0.0282695 0.0530738 0.00811628 0.301548 0.924999 0.0756736 0.286625 0.00287246 0.343046 0.025364 0.0397032 0.22152 0.489997 0.122321 0.819701 0.997106 0.930668 0.359538 0.111523 0.0397261 0.0103414 0.554359 0.00287489 0.00417206 0.0159737 0.0413403 0.00558529 0.6476 0.90197 0.0210116 0.213637 0.00617623 0.159939 0.074329 0.0207734 0.00570804 0.0794792 0.00807324 0.0718156 0.005652 0.0253215 0.299015 0.347366 0.941328
0.36003 0.938252 0.179897 0.924262 0.152145 0.31157 0.908148 0.724891 0.129202 0.91836 0.763913 0.535174 0.862871 0.992339 0.0880801 0.938701 0.258407 0.99235 0.336935 0.988125 0.991002 0.994475 0.668288 0.949523 0.987831 0.989181 0.989525 0.0113554 0.992344 0.844354 0.966528 0.96653 0.761693 0.0327648 0.926348 0.83211 0.988145 0.103136 0.948598 0.924321 0.215749 0.94352 0.10832 0.93646 0.993783 0.838396 0.444171 0.965336 0.933586 0.516826 0.192454 0.00263831 0.902891 0.284748 0.0118115 0.0528429 0.0282165 0.0526901 0.00799815 0.304029 0.925812 0.0747897 0.284577 0.00287345 0.339389 0.0252375 0.0393726 0.219655 0.487675 0.121628 0.822302 0.997124 0.931289 0.361543 0.111099 0.0394131 0.0102117 0.558812 0.00287571 0.00413623 0.0159826 0.0411528 0.00555393 0.652243 0.903328 0.0209608 0.211529 0.00611504 0.162986 0.0736829 0.0207301 0.00565208 0.0784121 0.00795755 0.0715244 0.00560815 0.0251869 0.30207 0.350722 0.942023
0.356748 0.938633 0.179149 0.924805 0.150797 0.307694 0.908738 0.720649 0.128617 0.919172 0.764909 0.531723 0.863364 0.992393 0.0871081 0.939186 0.25515 0.992357 0.333996 0.988189 0.991095 0.99454 0.665373 0.949775 0.987968 0.989284 0.98953 0.0112379 0.99235 0.844858 0.96661 0.966618 0.76307 0.0324662 0.927108 0.832844 0.988209 0.101698 0.949281 0.924861 0.212796 0.944184 0.106662 0.936972 0.99378 0.839803 0.447405 0.965427 0.934182 0.520112 0.195023 0.00262662 0.90426 0.287201 0.0118119 0.0523585 0.0281615 0.0523111 0.00788283 0.306579 0.926617 0.0739066 0.282554 0.0028741 0.335724 0.025106 0.0390381 0.217761 0.485365 0.120924 0.824858 0.997141 0.931899 0.363599 0.110647 0.039104 0.0100834 0.563298 0.00287658 0.00410106 0.0159937 0.0409691 0.00552166 0.656843 0.904684 0.0209057 0.209404 0.00605554 0.166088 0.0730433 0.0206884 0.00559715 0.0773639 0.00784286 0.0712236 0.0055642 0.0250518 0.305111 0.354072 0.942707
0.353473 0.939006 0.178398 0.925344 0.149439 0.303848 0.909323 0.716323 0.128007 0.919994 0.765939 0.528165 0.863877 0.992445 0.0861637 0.939682 0.251897 0.992364 0.331057 0.988253 0.991184 0.994605 0.66236 0.950017 0.988102 0.989386 0.989531 0.0111211 0.992358 0.845381 0.966692 0.966705 0.764455 0.0321673 0.92786 0.833626 0.988275 0.100285 0.949957 0.9254 0.209834 0.944851 0.105018 0.937485 0.993778 0.841212 0.450737 0.965518 0.934771 0.523371 0.197647 0.00261532 0.905607 0.289705 0.0118103 0.0518759 0.028105 0.0519431 0.00776957 0.309245 0.927403 0.0730413 0.280451 0.00287514 0.33206 0.024972 0.0387188 0.215877 0.483012 0.120211 0.827401 0.997158 0.932522 0.365702 0.110198 0.0387927 0.00995424 0.567759 0.00287743 0.00406667 0.0159999 0.0407822 0.00549007 0.661474 0.906029 0.0208495 0.207295 0.005997 0.169261 0.0724029 0.0206422 0.00554342 0.0763363 0.00772941 0.0709276 0.00552048 0.0249227 0.308275 0.357494 0.943386
0.350182 0.939386 0.177603 0.925872 0.148083 0.300042 0.909932 0.711921 0.12739 0.920784 0.766966 0.524595 0.86437 0.992496 0.0852211 0.940168 0.248664 0.992372 0.328068 0.988317 0.991274 0.994669 0.659357 0.950261 0.988233 0.989486 0.989533 0.0110068 0.992366 0.845888 0.96678 0.966795 0.765864 0.0318745 0.928606 0.834409 0.988342 0.0988787 0.950622 0.925947 0.206906 0.945514 0.103388 0.937998 0.993774 0.842616 0.454091 0.96561 0.935361 0.526669 0.200332 0.00260419 0.906953 0.292289 0.0118097 0.051393 0.0280424 0.0515594 0.00765892 0.311897 0.92819 0.0721775 0.278342 0.0028763 0.328407 0.0248378 0.0383914 0.214018 0.480616 0.119532 0.829932 0.997174 0.933116 0.36786 0.109741 0.0384797 0.00982742 0.572214 0.00287839 0.00403271 0.0160076 0.0405974 0.00545886 0.666076 0.907356 0.0207938 0.205181 0.00593801 0.172502 0.0717572 0.0206001 0.00548965 0.0753093 0.00761981 0.0706228 0.00547744 0.0247925 0.311449 0.360997 0.944068
0.346859 0.939765 0.176794 0.9264 0.146715 0.296222 0.910534 0.707414 0.126774 0.921582 0.768047 0.52096 0.864917 0.992548 0.0842822 0.940645 0.245442 0.992379 0.325086 0.988381 0.991362 0.994731 0.656296 0.950496 0.988365 0.989585 0.989534 0.0108945 0.992373 0.84642 0.966871 0.966884 0.767312 0.0315821 0.929342 0.83518 0.988404 0.0975001 0.951274 0.926477 0.203963 0.946171 0.101759 0.938512 0.993773 0.844005 0.457491 0.965707 0.935941 0.530027 0.203074 0.00259353 0.908274 0.294927 0.0118081 0.0509034 0.0279758 0.0511767 0.00754891 0.314625 0.928982 0.0713298 0.27626 0.00287739 0.324721 0.0247106 0.0380608 0.21212 0.478137 0.11881 0.832428 0.99719 0.93372 0.370019 0.109273 0.0381743 0.00970123 0.576679 0.00287958 0.00399975 0.0160131 0.0403978 0.00542853 0.670649 0.908676 0.0207403 0.203072 0.00588103 0.175798 0.0711169 0.0205569 0.00543721 0.0742999 0.00751212 0.0703098 0.0054354 0.0246619 0.314672 0.36451 0.944746
0.343502 0.940146 0.175974 0.926929 0.145335 0.292381 0.911132 0.702904 0.126146 0.922397 0.769099 0.517317 0.865475 0.992598 0.0833493 0.941126 0.242244 0.992387 0.322084 0.988442 0.991448 0.994792 0.653167 0.950732 0.988492 0.989682 0.989535 0.0107823 0.992382 0.846985 0.966956 0.966973 0.768729 0.031285 0.930069 0.835966 0.988467 0.096126 0.95192 0.927017 0.201039 0.946821 0.10017 0.939013 0.99377 0.845427 0.460912 0.965804 0.936517 0.533458 0.205864 0.00258242 0.909579 0.297602 0.011806 0.0504113 0.0279117 0.0508023 0.00744234 0.317357 0.929753 0.0704918 0.274081 0.00287853 0.321047 0.0245751 0.0377319 0.21024 0.475709 0.118069 0.834897 0.997206 0.934327 0.37224 0.108771 0.0378673 0.00957783 0.581219 0.00288073 0.0039668 0.016019 0.0402033 0.00539896 0.675217 0.909983 0.0206805 0.200958 0.00582473 0.17922 0.0704727 0.0205101 0.00538566 0.0732971 0.00740612 0.0699891 0.00539418 0.0245304 0.317946 0.368076 0.945414
0.340146 0.940526 0.175117 0.927459 0.143946 0.288577 0.911748 0.69829 0.125519 0.923199 0.770173 0.513622 0.866052 0.992648 0.0824141 0.941616 0.239059 0.992395 0.31907 0.988506 0.991533 0.994853 0.650003 0.950974 0.988619 0.989779 0.989538 0.0106715 0.992389 0.847567 0.96705 0.967068 0.770151 0.0309967 0.930811 0.836753 0.988529 0.0947644 0.952558 0.927551 0.198136 0.947463 0.0985887 0.939527 0.993767 0.846857 0.464346 0.965905 0.937095 0.536866 0.208692 0.0025718 0.910882 0.300354 0.0118035 0.0499257 0.0278418 0.0504227 0.00733796 0.320151 0.930524 0.0696677 0.271947 0.00287932 0.317327 0.0244417 0.0374059 0.208336 0.473216 0.117328 0.837366 0.997221 0.934924 0.374548 0.108242 0.0375625 0.0094549 0.585776 0.00288222 0.00393487 0.0160244 0.0400024 0.00536933 0.67977 0.911282 0.0206234 0.198885 0.00577002 0.182668 0.0698299 0.0204638 0.00533595 0.072306 0.00730293 0.0696664 0.00535378 0.024397 0.321309 0.371696 0.946083
0.336794 0.94091 0.174259 0.927999 0.142574 0.284789 0.912359 0.6936 0.124869 0.924002 0.771247 0.509899 0.866623 0.992698 0.0814945 0.942105 0.235921 0.992403 0.316015 0.988569 0.991616 0.994912 0.646711 0.951218 0.988743 0.989875 0.989541 0.0105623 0.992398 0.848146 0.967147 0.967166 0.771589 0.0307092 0.931527 0.837557 0.98859 0.0934168 0.953189 0.928092 0.195244 0.948096 0.0970208 0.940044 0.993764 0.848239 0.467843 0.966004 0.937662 0.540337 0.211578 0.00256134 0.912157 0.303176 0.0118006 0.0494349 0.0277726 0.0500487 0.00723538 0.323018 0.931301 0.0688495 0.269774 0.00288092 0.313654 0.0243094 0.0370873 0.206411 0.470652 0.116595 0.839787 0.997237 0.935503 0.376887 0.107698 0.0372602 0.00933499 0.590352 0.00288312 0.00390358 0.0160261 0.0398026 0.00533947 0.684316 0.912561 0.0205613 0.196803 0.00571595 0.186222 0.0691804 0.0204154 0.00528622 0.0713147 0.00720162 0.0693455 0.00531359 0.024267 0.324726 0.375304 0.946741
0.333476 0.941293 0.173361 0.928533 0.141202 0.281037 0.912951 0.688834 0.124213 0.924785 0.772335 0.506071 0.867202 0.992746 0.0805608 0.942588 0.232789 0.99241 0.312926 0.98863 0.991697 0.99497 0.64341 0.951467 0.988866 0.989968 0.989543 0.0104538 0.992406 0.848737 0.967245 0.967257 0.773034 0.0304241 0.932235 0.838372 0.988651 0.0920753 0.953813 0.928622 0.192354 0.948738 0.095468 0.940552 0.99376 0.849632 0.47142 0.966112 0.938222 0.543819 0.214542 0.00255103 0.913428 0.306027 0.0117958 0.0489472 0.0277057 0.0496721 0.00713536 0.325889 0.932055 0.0680256 0.267575 0.00288245 0.309952 0.0241763 0.0367602 0.204479 0.468079 0.115847 0.842172 0.997252 0.936086 0.379308 0.107155 0.0369536 0.00921797 0.594932 0.00288437 0.00387234 0.0160267 0.0396054 0.00530939 0.688867 0.913845 0.0204987 0.194746 0.00566092 0.18983 0.0685351 0.020364 0.00523736 0.0703455 0.00710276 0.069006 0.0052741 0.0241347 0.328226 0.379052 0.947401
0.330093 0.941672 0.172466 0.929063 0.139826 0.277267 0.913558 0.684013 0.123545 0.925586 0.773433 0.50231 0.867809 0.992795 0.0796524 0.943075 0.22966 0.992417 0.309847 0.988692 0.991777 0.995026 0.64001 0.951713 0.988988 0.990061 0.989546 0.0103481 0.992414 0.849364 0.967348 0.967353 0.774491 0.0301368 0.93294 0.839201 0.988712 0.0907549 0.954435 0.929164 0.189498 0.949371 0.093945 0.94105 0.993756 0.851024 0.475027 0.966223 0.938773 0.547361 0.217528 0.00254076 0.914684 0.30895 0.011793 0.0484665 0.0276343 0.0492985 0.00703759 0.3289 0.932809 0.0672144 0.265399 0.00288376 0.306224 0.0240456 0.0364402 0.202533 0.465409 0.115115 0.844547 0.997267 0.936676 0.381713 0.106606 0.0366522 0.0091016 0.599538 0.00288546 0.00384186 0.0160304 0.039403 0.00528033 0.693379 0.915111 0.0204344 0.192693 0.00560792 0.19355 0.0678827 0.0203129 0.00518984 0.069385 0.00700524 0.068675 0.00523585 0.0240031 0.331801 0.382815 0.948054
0.326698 0.942049 0.171567 0.929588 0.138427 0.273467 0.914165 0.679085 0.122884 0.926372 0.77455 0.498451 0.868438 0.992843 0.0787704 0.94356 0.226546 0.992425 0.30677 0.988753 0.991856 0.995083 0.636555 0.951951 0.989107 0.990151 0.989549 0.0102451 0.992423 0.850022 0.96745 0.967454 0.775945 0.0298534 0.933643 0.840027 0.988771 0.0894547 0.955035 0.929698 0.186658 0.94999 0.0924498 0.941551 0.993752 0.852409 0.478656 0.966331 0.939329 0.550936 0.220638 0.00253088 0.915942 0.311883 0.0117883 0.0479877 0.0275606 0.0489221 0.0069403 0.33193 0.933553 0.066396 0.263217 0.0028856 0.302522 0.0239132 0.0361223 0.2006 0.462723 0.114367 0.846898 0.997282 0.937253 0.384202 0.106061 0.0363525 0.0089878 0.604164 0.00288692 0.00381173 0.0160318 0.0391981 0.00525177 0.6979 0.916358 0.0203697 0.19062 0.00555584 0.197324 0.0672306 0.0202621 0.00514318 0.0684079 0.00690915 0.0683281 0.00519745 0.0238743 0.335429 0.386649 0.948692
0.323305 0.942434 0.170615 0.930116 0.137045 0.269707 0.91476 0.674098 0.122185 0.92715 0.775705 0.494569 0.869084 0.992891 0.0778762 0.94404 0.223401 0.992434 0.30364 0.988812 0.991935 0.995138 0.633029 0.95219 0.989227 0.990241 0.989551 0.0101427 0.99243 0.850664 0.967552 0.967556 0.777459 0.0295747 0.934328 0.840868 0.988829 0.0881496 0.955635 0.930219 0.183826 0.950603 0.0909552 0.942062 0.993749 0.853805 0.482332 0.966438 0.939887 0.554537 0.223793 0.00252094 0.917185 0.314899 0.0117816 0.0475075 0.0274861 0.0485538 0.00684548 0.33505 0.934289 0.0655998 0.260999 0.0028872 0.29879 0.0237817 0.0358003 0.198629 0.459915 0.11361 0.849191 0.997296 0.937813 0.386742 0.105492 0.0360539 0.0088749 0.60877 0.00288835 0.00378167 0.0160298 0.0389905 0.0052229 0.70235 0.917597 0.0203018 0.18854 0.00550432 0.201197 0.0665905 0.0202085 0.00509692 0.0674746 0.00681512 0.0679769 0.00515946 0.0237438 0.339115 0.390496 0.949325
0.319906 0.942819 0.169654 0.930632 0.135678 0.265991 0.915346 0.669052 0.121506 0.927921 0.776849 0.490651 0.869731 0.992939 0.0769762 0.944521 0.220293 0.992443 0.300579 0.988869 0.992012 0.995191 0.629463 0.952434 0.989344 0.990331 0.989554 0.0100408 0.992439 0.851323 0.967654 0.967655 0.778957 0.0292908 0.935015 0.841726 0.988887 0.0868546 0.956223 0.930755 0.181039 0.951209 0.0894766 0.94256 0.993745 0.855161 0.486074 0.966545 0.940438 0.558196 0.227022 0.00251103 0.918413 0.317994 0.0117731 0.0470247 0.0274092 0.0481802 0.0067539 0.338191 0.935022 0.0648034 0.258739 0.00288874 0.295069 0.0236477 0.0354819 0.196675 0.457132 0.112841 0.851486 0.997309 0.938382 0.3893 0.104915 0.035754 0.00876447 0.613416 0.00288982 0.00375342 0.016028 0.0387737 0.00519435 0.706789 0.918832 0.0202372 0.186467 0.00545406 0.205187 0.06595 0.0201571 0.00505121 0.066547 0.00672244 0.0676347 0.0051225 0.023614 0.342806 0.394436 0.949951
0.316543 0.943206 0.168646 0.931159 0.134289 0.262278 0.91595 0.663958 0.120808 0.928688 0.777999 0.486717 0.870369 0.992986 0.0760938 0.945 0.217227 0.992452 0.297445 0.988928 0.992089 0.995243 0.625832 0.952682 0.989459 0.990417 0.989558 0.00994077 0.992446 0.852015 0.967755 0.967765 0.780462 0.0290063 0.935697 0.842608 0.988943 0.0855734 0.956808 0.931289 0.178266 0.95181 0.0880155 0.94307 0.993742 0.856541 0.489841 0.966656 0.940972 0.561872 0.230298 0.00250142 0.919629 0.321122 0.0117675 0.0465504 0.0273262 0.0478013 0.00666271 0.341417 0.935747 0.0640087 0.256485 0.00289014 0.291391 0.0235132 0.035166 0.194736 0.454315 0.112079 0.853738 0.997324 0.93893 0.391922 0.104325 0.0354537 0.00865449 0.618046 0.00289112 0.003725 0.0160268 0.0385596 0.00516689 0.711207 0.920048 0.0201718 0.184427 0.00540381 0.209261 0.0653087 0.0201046 0.00500605 0.0656254 0.0066332 0.0672773 0.0050864 0.0234854 0.346626 0.398416 0.950575
0.313144 0.943593 0.167619 0.931683 0.132892 0.258603 0.916551 0.658784 0.12011 0.929447 0.779154 0.482697 0.871029 0.993033 0.0752145 0.945483 0.214171 0.99246 0.294282 0.988986 0.992164 0.995294 0.622123 0.952917 0.989572 0.990501 0.989558 0.00984148 0.992454 0.852721 0.967865 0.967878 0.781972 0.028727 0.936368 0.843499 0.988999 0.0843206 0.957381 0.931813 0.175528 0.952413 0.0865797 0.943561 0.993737 0.857939 0.493603 0.96678 0.941503 0.56557 0.233674 0.00249233 0.920838 0.32436 0.0117595 0.0460783 0.0272462 0.0474279 0.00657429 0.344685 0.936467 0.0632407 0.254191 0.00289132 0.287692 0.0233799 0.0348436 0.192816 0.451418 0.111319 0.855991 0.997337 0.939487 0.394607 0.103705 0.0351615 0.00854627 0.622711 0.00289277 0.00369706 0.0160227 0.0383533 0.00513902 0.715635 0.921255 0.0201041 0.182366 0.00535357 0.213383 0.0646673 0.0200504 0.00496182 0.0647032 0.00654489 0.0669094 0.00505043 0.0233569 0.350494 0.40246 0.951189
0.309765 0.943972 0.166586 0.932202 0.131508 0.254905 0.917149 0.653525 0.119404 0.930201 0.780356 0.478641 0.871709 0.993078 0.0743383 0.945963 0.211124 0.992469 0.291136 0.989042 0.992238 0.995344 0.618331 0.953163 0.989684 0.990587 0.989559 0.00974482 0.992463 0.85342 0.967978 0.96799 0.78348 0.0284535 0.937028 0.844384 0.989054 0.0830864 0.957939 0.932339 0.172792 0.953 0.0851624 0.944058 0.993733 0.859296 0.497413 0.966894 0.94203 0.569308 0.237101 0.00248332 0.922025 0.327617 0.0117511 0.0456112 0.0271654 0.0470504 0.00648753 0.348032 0.937189 0.0624652 0.251917 0.002893 0.284018 0.0232483 0.0345233 0.190835 0.448487 0.110551 0.858184 0.99735 0.940029 0.397349 0.103073 0.0348587 0.0084395 0.62742 0.00289448 0.0036699 0.0160184 0.0381391 0.0051113 0.720059 0.922443 0.0200311 0.180326 0.00530511 0.217605 0.0640268 0.0199918 0.00491883 0.063796 0.00645926 0.0665489 0.00501544 0.0232269 0.354382 0.406532 0.951805
0.30634 0.944365 0.165559 0.93273 0.130112 0.251226 0.917751 0.648164 0.118688 0.930945 0.781568 0.474521 0.872391 0.993124 0.0734688 0.94645 0.208078 0.992477 0.288015 0.989098 0.99231 0.995394 0.614551 0.95341 0.989794 0.990671 0.989561 0.00964912 0.992472 0.854153 0.968088 0.968106 0.785027 0.0281828 0.937698 0.845292 0.98911 0.0818568 0.958497 0.932859 0.170098 0.953591 0.08375 0.944557 0.993728 0.860654 0.501296 0.967016 0.942556 0.573023 0.240567 0.00247428 0.923213 0.330985 0.0117423 0.0451352 0.0270784 0.0466757 0.00640168 0.351449 0.937905 0.0617027 0.249628 0.00289427 0.280328 0.0231185 0.0342045 0.188862 0.445509 0.10978 0.860343 0.997363 0.940579 0.400138 0.102437 0.034566 0.00833538 0.632123 0.002896 0.00364299 0.0160126 0.0379207 0.00508519 0.724407 0.923625 0.0199569 0.178268 0.00525741 0.221913 0.0633897 0.0199316 0.00487688 0.0629009 0.00637411 0.0661928 0.00498047 0.0230922 0.358355 0.410617 0.95241
0.30292 0.94474 0.164477 0.933259 0.128715 0.247562 0.918348 0.642796 0.117955 0.93169 0.782794 0.470443 0.873126 0.993168 0.0726125 0.946925 0.205046 0.992485 0.284866 0.989158 0.992382 0.995444 0.61066 0.953653 0.989902 0.990754 0.989563 0.00955418 0.992482 0.854901 0.968204 0.968221 0.786592 0.0279107 0.938351 0.846225 0.989168 0.0806387 0.959051 0.933393 0.167448 0.954182 0.0823787 0.94504 0.993724 0.861992 0.50522 0.967134 0.943082 0.576895 0.24412 0.00246541 0.924384 0.334399 0.0117317 0.0446683 0.0269894 0.0463065 0.00631632 0.354893 0.938615 0.0609459 0.247311 0.0028956 0.27668 0.0229857 0.0338907 0.186866 0.442464 0.109007 0.862504 0.997375 0.941128 0.403035 0.101795 0.0342773 0.00823345 0.636771 0.00289717 0.00361628 0.0160038 0.0376993 0.00505823 0.728748 0.924787 0.0198808 0.176226 0.00521026 0.226304 0.0627553 0.019875 0.00483542 0.0620203 0.0062916 0.0658251 0.0049472 0.0229626 0.3624 0.414807 0.953016
0.299496 0.945118 0.163404 0.933784 0.127314 0.243985 0.918941 0.637332 0.117199 0.932425 0.784011 0.466298 0.873867 0.993212 0.0717638 0.947395 0.202088 0.992495 0.281676 0.989215 0.992452 0.995492 0.606724 0.953899 0.990008 0.990835 0.989566 0.00946214 0.99249 0.855675 0.968321 0.968339 0.788188 0.02764 0.938999 0.847176 0.989222 0.079436 0.959593 0.933913 0.164802 0.954752 0.0810096 0.945533 0.993721 0.863355 0.509243 0.967264 0.943609 0.580719 0.247755 0.00245624 0.925541 0.337868 0.0117213 0.0442104 0.0268997 0.0459358 0.00623338 0.358425 0.939311 0.060194 0.244977 0.00289742 0.273034 0.0228523 0.0335712 0.184874 0.439402 0.108217 0.86465 0.997388 0.941662 0.405951 0.101139 0.0339864 0.0081323 0.641379 0.00289839 0.00359057 0.0159962 0.0374783 0.00503124 0.733066 0.925945 0.0198072 0.174211 0.0051642 0.230777 0.0621199 0.0198186 0.00479389 0.0611486 0.00620879 0.0654587 0.00491378 0.0228335 0.366518 0.419028 0.953618
0.296068 0.945505 0.162304 0.934306 0.125919 0.240392 0.919541 0.631764 0.116453 0.93316 0.785243 0.462109 0.874608 0.993256 0.0709029 0.947869 0.199148 0.992503 0.278467 0.989269 0.992522 0.995539 0.602749 0.954148 0.990112 0.990912 0.989566 0.00937151 0.992499 0.856475 0.968435 0.968459 0.789764 0.0273761 0.939649 0.848138 0.989277 0.078235 0.960135 0.934433 0.162178 0.955326 0.0796579 0.946018 0.993717 0.864728 0.513233 0.967392 0.94413 0.584585 0.251461 0.00244772 0.926688 0.341409 0.0117108 0.0437355 0.0268064 0.0455595 0.00615291 0.362022 0.940003 0.0594514 0.242622 0.00289916 0.269328 0.022722 0.0332559 0.182886 0.436298 0.107421 0.866761 0.9974 0.942195 0.408921 0.10047 0.0336952 0.0080322 0.646099 0.00290022 0.00356506 0.015989 0.0372552 0.00500417 0.737352 0.927087 0.0197307 0.172192 0.00511957 0.235351 0.061476 0.0197562 0.00475382 0.0602861 0.00612801 0.0650773 0.00488015 0.0227007 0.370756 0.423317 0.95421
0.292617 0.945896 0.161199 0.934833 0.124511 0.236785 0.920142 0.626161 0.115669 0.93388 0.786501 0.457897 0.875363 0.993298 0.0700542 0.94834 0.196173 0.992511 0.275296 0.989324 0.99259 0.995585 0.598664 0.954398 0.990215 0.99099 0.98957 0.00928194 0.992507 0.857305 0.968554 0.968577 0.79137 0.0271143 0.940291 0.849088 0.989331 0.0770624 0.960661 0.93495 0.159584 0.955886 0.078314 0.946499 0.993713 0.86612 0.517286 0.967529 0.944649 0.588477 0.255236 0.00243849 0.927822 0.34499 0.0116982 0.0432753 0.0267154 0.0451926 0.00607437 0.365673 0.940695 0.0587168 0.24026 0.00290143 0.265698 0.0225881 0.0329432 0.180897 0.433197 0.106615 0.868833 0.997412 0.942732 0.411951 0.0997991 0.0333997 0.00793339 0.650785 0.00290228 0.00354001 0.0159788 0.0370306 0.00497858 0.741606 0.928214 0.0196538 0.170192 0.00507459 0.239998 0.0608359 0.0196941 0.00471402 0.0594327 0.00604993 0.0646981 0.00484919 0.0225679 0.37499 0.427677 0.954795
0.289177 0.946279 0.160053 0.935359 0.123107 0.233255 0.920758 0.620506 0.1149 0.934602 0.787772 0.453631 0.876122 0.99334 0.0692189 0.948811 0.193219 0.992519 0.272085 0.98938 0.992657 0.99563 0.594502 0.954648 0.990316 0.991067 0.98957 0.00919315 0.992514 0.858134 0.968677 0.968702 0.792958 0.0268481 0.940912 0.850071 0.989383 0.0759063 0.961183 0.935471 0.156998 0.956444 0.0769917 0.946986 0.993708 0.867488 0.521373 0.967659 0.945161 0.592362 0.259061 0.00242961 0.928939 0.348647 0.0116856 0.0428232 0.0266212 0.0448191 0.00599705 0.36937 0.941375 0.0579926 0.237887 0.00290278 0.262044 0.022458 0.032625 0.178928 0.429994 0.105801 0.87088 0.997423 0.943255 0.414991 0.099125 0.0331077 0.00783574 0.655459 0.00290378 0.0035153 0.0159691 0.0368053 0.00495265 0.745834 0.929328 0.0195739 0.168174 0.00502977 0.244709 0.0602003 0.0196338 0.0046739 0.0585896 0.00597362 0.0642993 0.00481901 0.0224381 0.379294 0.432056 0.955375
0.285769 0.946658 0.158919 0.935874 0.121726 0.229738 0.921362 0.614738 0.114118 0.935306 0.789023 0.449312 0.876912 0.993383 0.0683835 0.949269 0.19028 0.992526 0.26891 0.989434 0.992724 0.995675 0.590247 0.954898 0.990416 0.991144 0.989573 0.00910513 0.992524 0.858962 0.968802 0.968826 0.794576 0.0265817 0.941544 0.851046 0.989438 0.0747577 0.961695 0.935996 0.15444 0.956995 0.0756787 0.947468 0.993704 0.868838 0.525472 0.967801 0.945672 0.596266 0.262971 0.00242125 0.930046 0.352344 0.0116713 0.0423626 0.0265227 0.0444604 0.00592081 0.373166 0.94205 0.0572639 0.23554 0.00290416 0.258445 0.0223266 0.0323156 0.176954 0.426745 0.104998 0.872905 0.997435 0.943769 0.418104 0.0984247 0.0328142 0.00774048 0.660153 0.00290536 0.00349102 0.0159565 0.0365769 0.00492843 0.750017 0.930439 0.0194934 0.166184 0.00498589 0.249568 0.0595731 0.0195695 0.00463514 0.0577568 0.00589749 0.0639052 0.0047887 0.0223032 0.38368 0.436483 0.955939
0.282347 0.947031 0.157757 0.936393 0.120339 0.226179 0.921973 0.608899 0.113332 0.936016 0.790318 0.444977 0.877698 0.993425 0.0675575 0.949736 0.187387 0.992535 0.265687 0.989485 0.992789 0.995717 0.585981 0.955149 0.990513 0.991218 0.989576 0.0090167 0.992532 0.859816 0.968929 0.968954 0.796226 0.026322 0.942177 0.852049 0.989489 0.0736169 0.962201 0.936516 0.151905 0.957542 0.0743941 0.947954 0.993699 0.870211 0.529651 0.967938 0.946179 0.600255 0.266973 0.00241323 0.931132 0.356179 0.0116569 0.0419102 0.0264194 0.0440923 0.00584605 0.376964 0.942708 0.0565414 0.233188 0.00290625 0.254803 0.0221912 0.0320074 0.174966 0.423443 0.104197 0.874907 0.997446 0.944284 0.421311 0.0977106 0.0325293 0.00764568 0.664819 0.00290759 0.00346758 0.0159412 0.0363496 0.00490381 0.754174 0.931529 0.0194122 0.164186 0.00494207 0.254531 0.0589453 0.0195045 0.00459699 0.0569207 0.00582458 0.0635106 0.00475845 0.0221725 0.388106 0.440991 0.956507
0.278906 0.947416 0.156571 0.936909 0.118966 0.222656 0.922568 0.603028 0.11253 0.936721 0.791623 0.44063 0.878515 0.993466 0.066746 0.950202 0.184518 0.992543 0.262497 0.989538 0.992853 0.99576 0.581617 0.955394 0.990609 0.991292 0.989579 0.00893111 0.992541 0.860666 0.969061 0.969083 0.797865 0.0260701 0.942786 0.853071 0.989539 0.0724941 0.962698 0.937032 0.149378 0.958083 0.0731232 0.948437 0.993696 0.871556 0.533839 0.968077 0.946686 0.604218 0.271079 0.00240493 0.932218 0.360009 0.0116398 0.0414659 0.0263198 0.0437197 0.00577345 0.38089 0.943382 0.0558231 0.230783 0.00290783 0.251182 0.0220577 0.0317002 0.172971 0.420097 0.103371 0.876895 0.997457 0.944794 0.424621 0.0970077 0.0322427 0.00755223 0.669536 0.00290986 0.0034436 0.0159261 0.0361163 0.00487921 0.758351 0.932612 0.0193304 0.16219 0.00489923 0.259573 0.0583249 0.0194382 0.00455939 0.0561047 0.00575283 0.0631222 0.00472783 0.0220408 0.392614 0.445543 0.957071
0.275516 0.947797 0.155367 0.93743 0.117565 0.219163 0.923174 0.597078 0.111709 0.937424 0.792962 0.436229 0.879344 0.993506 0.0659415 0.950663 0.181671 0.992551 0.259295 0.98959 0.992916 0.995801 0.577236 0.955643 0.990705 0.991364 0.989582 0.00884676 0.99255 0.861552 0.969193 0.96921 0.799516 0.0258086 0.943394 0.854096 0.989591 0.0713857 0.963192 0.937548 0.146881 0.958616 0.0718683 0.948912 0.993692 0.8729 0.53808 0.968222 0.947186 0.608215 0.275263 0.00239697 0.933294 0.363939 0.0116231 0.0410254 0.0262164 0.0433547 0.00570167 0.384854 0.944042 0.0551201 0.228354 0.00290949 0.247612 0.0219256 0.0313926 0.17099 0.416749 0.102539 0.878846 0.997467 0.945308 0.427932 0.0962732 0.0319493 0.00746055 0.674258 0.00291152 0.00342041 0.0159092 0.0358746 0.00485545 0.762447 0.933685 0.0192465 0.160176 0.00485699 0.264755 0.0577 0.0193711 0.00452242 0.0552997 0.00568199 0.0627125 0.00469855 0.0219071 0.397239 0.450149 0.95763
0.272088 0.948187 0.154139 0.937942 0.116189 0.215716 0.923785 0.591073 0.110885 0.938114 0.794303 0.431768 0.880175 0.993545 0.0651372 0.951125 0.178838 0.99256 0.256073 0.98964 0.992978 0.995842 0.572783 0.955896 0.990798 0.991437 0.989585 0.00876452 0.992558 0.862478 0.969318 0.96934 0.801174 0.0255562 0.943993 0.855123 0.989641 0.070288 0.963674 0.938054 0.144386 0.959139 0.0706244 0.949393 0.993687 0.874253 0.542349 0.968367 0.947669 0.612229 0.27948 0.00238912 0.934351 0.367931 0.0116075 0.0405772 0.0261071 0.0429836 0.00563227 0.388919 0.944697 0.0544265 0.22596 0.00291146 0.244029 0.0217964 0.031082 0.169015 0.413372 0.101692 0.880764 0.997478 0.945819 0.431326 0.0955583 0.0316639 0.00736963 0.678922 0.00291365 0.00339813 0.0158903 0.0356336 0.00483102 0.766527 0.93473 0.0191612 0.158182 0.00481631 0.26999 0.0570786 0.0193031 0.00448627 0.0544995 0.00561222 0.0623073 0.00466981 0.0217692 0.401908 0.454796 0.958184
0.26865 0.948569 0.152922 0.938451 0.114806 0.212288 0.924385 0.585015 0.110054 0.938792 0.795651 0.427338 0.881011 0.993585 0.0643403 0.951589 0.175997 0.992569 0.252835 0.989692 0.993038 0.995882 0.568239 0.956149 0.99089 0.991508 0.989587 0.00868147 0.992568 0.863366 0.969453 0.969469 0.802829 0.0253042 0.944591 0.85616 0.989691 0.0692073 0.964151 0.93857 0.141936 0.959664 0.0693961 0.949873 0.993682 0.875589 0.546652 0.968515 0.948147 0.616305 0.283833 0.00238139 0.935397 0.372046 0.0115905 0.0401313 0.0260001 0.0426126 0.00556407 0.393038 0.945346 0.0537391 0.223538 0.00291345 0.240459 0.0216623 0.0307719 0.167027 0.409933 0.10085 0.882655 0.997488 0.946323 0.43479 0.0948132 0.0313769 0.0072815 0.683588 0.0029156 0.00337536 0.0158731 0.0353947 0.0048065 0.770567 0.935768 0.0190734 0.156223 0.00477626 0.275349 0.056462 0.0192337 0.00445107 0.0537014 0.00554424 0.0618891 0.00464154 0.0216355 0.406649 0.459478 0.958728
0.265188 0.948949 0.151662 0.938967 0.113423 0.208894 0.924984 0.578843 0.109231 0.939482 0.797024 0.422865 0.881847 0.993625 0.0635378 0.952051 0.17321 0.992579 0.249634 0.989742 0.993098 0.995921 0.563614 0.956398 0.99098 0.991579 0.989592 0.00860058 0.992577 0.86427 0.969584 0.969601 0.804498 0.0250528 0.945194 0.85723 0.989742 0.0681456 0.964623 0.939084 0.139515 0.960185 0.0682033 0.950344 0.993676 0.876924 0.550973 0.968661 0.948628 0.620362 0.288241 0.00237376 0.936432 0.376247 0.0115715 0.039691 0.0258951 0.0422452 0.00549745 0.397211 0.945988 0.0530664 0.221126 0.00291552 0.236864 0.0215286 0.0304627 0.16505 0.406496 0.10001 0.884534 0.997497 0.946827 0.438295 0.0940505 0.0310922 0.00719519 0.688245 0.00291765 0.00335353 0.0158523 0.0351503 0.00478291 0.774619 0.936802 0.0189902 0.154266 0.00473627 0.28076 0.0558508 0.0191622 0.00441635 0.0529203 0.0054773 0.0614724 0.00461319 0.0214997 0.411416 0.464242 0.959265
0.261747 0.949334 0.150398 0.939474 0.112027 0.205521 0.925591 0.572624 0.108369 0.940154 0.798373 0.418355 0.882724 0.993664 0.0627474 0.952512 0.170438 0.992588 0.246389 0.989793 0.993158 0.995959 0.558911 0.956659 0.99107 0.991647 0.989595 0.00852014 0.992584 0.86521 0.969722 0.969744 0.80619 0.0248101 0.945784 0.858301 0.989792 0.0670852 0.965085 0.939595 0.137128 0.960698 0.0670175 0.950816 0.993671 0.878248 0.555379 0.968808 0.949116 0.624459 0.292706 0.00236611 0.937467 0.380522 0.0115507 0.0392512 0.0257849 0.041878 0.0054318 0.401441 0.946627 0.0523962 0.218689 0.00291731 0.233337 0.0213936 0.0301596 0.163074 0.402981 0.0991793 0.886378 0.997507 0.947325 0.441872 0.0932941 0.0308096 0.00710829 0.692913 0.00292007 0.00333239 0.015829 0.0349115 0.00475975 0.778584 0.937827 0.0189054 0.152312 0.0046979 0.286316 0.0552397 0.0190932 0.00438255 0.0521491 0.00541179 0.061053 0.00458566 0.0213669 0.416304 0.469027 0.959805
0.258296 0.949723 0.149129 0.939975 0.110664 0.202183 0.926203 0.566334 0.107501 0.940829 0.799756 0.413771 0.883602 0.993702 0.0619711 0.952968 0.167681 0.992598 0.243176 0.989841 0.993217 0.995996 0.554105 0.956912 0.991158 0.991715 0.9896 0.0084429 0.992592 0.866164 0.969854 0.96988 0.807873 0.0245633 0.946364 0.859378 0.989841 0.0660306 0.965542 0.940097 0.134764 0.961203 0.0658496 0.951285 0.993665 0.879571 0.559774 0.968953 0.949592 0.628556 0.297312 0.00235895 0.938475 0.384828 0.0115298 0.0388097 0.0256704 0.041515 0.00536815 0.405751 0.947255 0.0517315 0.216238 0.00291908 0.229771 0.0212615 0.0298565 0.161096 0.399393 0.0983616 0.888203 0.997516 0.947824 0.445539 0.0925163 0.0305236 0.00702363 0.697553 0.00292215 0.00331087 0.015807 0.0346712 0.0047358 0.782524 0.93883 0.0188163 0.150357 0.00465974 0.291998 0.0546311 0.0190219 0.00434879 0.0513873 0.00534725 0.0606265 0.00455766 0.021235 0.421271 0.473915 0.960337
0.254862 0.950103 0.147836 0.940484 0.109287 0.198861 0.926794 0.55998 0.106645 0.941493 0.801181 0.409168 0.88449 0.99374 0.061196 0.953426 0.164952 0.992609 0.239938 0.989891 0.993274 0.996032 0.549331 0.957166 0.991245 0.991781 0.989603 0.00836489 0.992602 0.867112 0.969996 0.970021 0.809579 0.0243189 0.946934 0.860472 0.989889 0.0649942 0.965993 0.940599 0.132421 0.961704 0.0646968 0.951763 0.99366 0.880886 0.564227 0.969111 0.950066 0.632704 0.30194 0.0023518 0.939465 0.389201 0.0115076 0.038365 0.0255516 0.0411444 0.00530489 0.410104 0.947875 0.0510673 0.213777 0.00292128 0.226243 0.0211288 0.0295613 0.15912 0.395759 0.0975058 0.890004 0.997525 0.948309 0.449239 0.0917275 0.030244 0.00694052 0.702194 0.00292452 0.00329041 0.0157789 0.0344299 0.00471222 0.786451 0.939821 0.0187244 0.148405 0.00462154 0.297771 0.0540244 0.0189523 0.00431577 0.0506342 0.00528446 0.0602112 0.00453157 0.0210982 0.426198 0.478866 0.960865
0.251462 0.950489 0.146523 0.940972 0.107921 0.195587 0.927399 0.553602 0.10578 0.942156 0.802616 0.404546 0.885382 0.993779 0.0604187 0.953878 0.162234 0.992618 0.23674 0.989938 0.993331 0.996068 0.54442 0.957418 0.99133 0.991846 0.989609 0.00828745 0.99261 0.868081 0.97013 0.970161 0.811287 0.0240768 0.947494 0.861606 0.989937 0.0639815 0.966436 0.941106 0.13011 0.962203 0.0635677 0.952228 0.993655 0.882176 0.568713 0.969268 0.950537 0.636925 0.306706 0.0023445 0.940468 0.393608 0.0114856 0.0379359 0.0254385 0.0407792 0.00524203 0.414547 0.948492 0.0504164 0.211327 0.00292333 0.22273 0.0209956 0.0292577 0.157135 0.392161 0.0966484 0.891793 0.997534 0.948784 0.453049 0.0909432 0.0299677 0.00685909 0.706798 0.00292678 0.00327018 0.0157534 0.0341849 0.00468949 0.790312 0.940805 0.0186347 0.146498 0.00458499 0.303677 0.0534128 0.0188817 0.00428396 0.049891 0.00522312 0.05978 0.00450469 0.0209597 0.431249 0.483812 0.961381
0.248037 0.950872 0.145192 0.941488 0.106558 0.192284 0.927992 0.547192 0.104909 0.942813 0.804027 0.399903 0.886311 0.993815 0.0596509 0.954333 0.159536 0.992626 0.233548 0.989987 0.993387 0.996103 0.539468 0.95767 0.991412 0.99191 0.989613 0.0082111 0.99262 0.869066 0.970276 0.970306 0.813014 0.02383 0.948061 0.862718 0.989984 0.0629753 0.96688 0.941607 0.127826 0.962693 0.0624488 0.952699 0.993651 0.883474 0.573231 0.969427 0.951009 0.641116 0.311502 0.00233804 0.941439 0.398156 0.0114617 0.037501 0.0253236 0.0404144 0.00518154 0.419071 0.94911 0.0497639 0.208846 0.00292537 0.219244 0.0208626 0.0289593 0.155119 0.388452 0.0957858 0.893559 0.997542 0.94927 0.456881 0.0901487 0.0296869 0.00677843 0.711404 0.00292883 0.00325112 0.0157247 0.0339352 0.00466801 0.794128 0.941781 0.018543 0.144585 0.00454804 0.309609 0.0527987 0.0188075 0.00425174 0.0491535 0.00516385 0.0593459 0.00447896 0.0208244 0.436437 0.48888 0.961896
0.244608 0.951273 0.143847 0.941995 0.105195 0.189033 0.928591 0.540713 0.10402 0.943455 0.805448 0.395239 0.887239 0.993851 0.0588927 0.954785 0.156878 0.992634 0.230348 0.990034 0.993441 0.996137 0.534449 0.957922 0.991493 0.991973 0.989617 0.00813809 0.992629 0.870071 0.970423 0.970447 0.814778 0.0235875 0.948621 0.863857 0.99003 0.0619898 0.967313 0.942123 0.125571 0.963181 0.0613466 0.953162 0.993645 0.884796 0.577748 0.969593 0.951478 0.645285 0.316424 0.0023316 0.942394 0.402736 0.0114379 0.0370705 0.0252062 0.0400576 0.0051231 0.42366 0.949708 0.0491112 0.206383 0.00292689 0.21577 0.0207282 0.028667 0.15312 0.384695 0.0949157 0.895302 0.99755 0.949744 0.460794 0.0893364 0.0294132 0.00669998 0.715982 0.00293092 0.00323251 0.0156962 0.0336905 0.00464508 0.79793 0.94274 0.0184522 0.142668 0.004512 0.315636 0.0521832 0.0187316 0.00422027 0.0484269 0.00510492 0.0589038 0.00445306 0.0206909 0.441617 0.493955 0.962393
0.241188 0.95166 0.142506 0.942496 0.103826 0.185794 0.929178 0.534202 0.103144 0.944099 0.806918 0.390502 0.888177 0.993887 0.0581421 0.955226 0.15425 0.992644 0.227137 0.990081 0.993496 0.996171 0.529358 0.958178 0.991573 0.992035 0.989621 0.00806359 0.992638 0.871083 0.970571 0.970595 0.816483 0.0233486 0.949172 0.864985 0.990077 0.0610005 0.967742 0.942627 0.123326 0.963657 0.0602705 0.953627 0.99364 0.886099 0.582328 0.969763 0.951939 0.649524 0.321435 0.00232452 0.94335 0.407423 0.0114159 0.0366445 0.02508 0.0396945 0.00506524 0.428354 0.950311 0.048468 0.203896 0.00292939 0.212351 0.0205932 0.0283673 0.151141 0.380905 0.0940513 0.897017 0.997558 0.950219 0.464785 0.088527 0.0291372 0.0066219 0.720526 0.00293245 0.00321374 0.0156648 0.0334411 0.00462296 0.801676 0.943674 0.0183578 0.14076 0.00447706 0.321805 0.0515658 0.0186534 0.00418951 0.0477067 0.00504737 0.0584637 0.00442828 0.0205554 0.446896 0.499069 0.962896
0.237808 0.95205 0.141132 0.942994 0.102464 0.182612 0.929769 0.527597 0.102257 0.944743 0.808385 0.385802 0.88913 0.993923 0.0573925 0.95568 0.15163 0.992654 0.223909 0.990124 0.993548 0.996204 0.524211 0.958429 0.991652 0.992096 0.989628 0.00799147 0.992647 0.872101 0.970722 0.970743 0.818202 0.0231137 0.949715 0.866145 0.990124 0.0600449 0.968164 0.943128 0.121109 0.964133 0.0592026 0.954088 0.993635 0.887391 0.586976 0.969931 0.952399 0.653748 0.326523 0.00231796 0.944296 0.412151 0.0113911 0.0362184 0.0249568 0.0393317 0.00500841 0.433086 0.950908 0.0478353 0.201405 0.00293153 0.208905 0.0204616 0.0280764 0.149157 0.377088 0.0931841 0.898704 0.997566 0.950691 0.468792 0.0877048 0.0288648 0.00654624 0.72504 0.00293403 0.00319539 0.015635 0.0331852 0.00460084 0.805369 0.944602 0.0182619 0.138881 0.0044422 0.328095 0.0509632 0.0185713 0.00415942 0.0470019 0.00499201 0.0580167 0.00440271 0.0204191 0.452231 0.504236 0.963392
0.234412 0.952438 0.139764 0.943489 0.101125 0.179446 0.930368 0.520958 0.101372 0.945378 0.809867 0.381056 0.890085 0.993957 0.0566464 0.956128 0.149044 0.992662 0.220692 0.990169 0.9936 0.996235 0.519005 0.958687 0.99173 0.992155 0.989633 0.00792005 0.992656 0.873142 0.970872 0.970897 0.819955 0.0228801 0.950256 0.867296 0.990168 0.0590868 0.968585 0.943632 0.118914 0.964605 0.0581461 0.954548 0.993631 0.88869 0.59159 0.970099 0.952858 0.65801 0.331671 0.00231139 0.945208 0.416969 0.0113668 0.0357936 0.024827 0.0389674 0.00495292 0.43789 0.951494 0.0472132 0.198918 0.00293358 0.205493 0.0203288 0.0277784 0.147186 0.373232 0.0923131 0.900367 0.997573 0.951161 0.472873 0.086879 0.0285911 0.00647056 0.729539 0.002936 0.00317712 0.0156029 0.0329285 0.00457914 0.809025 0.945526 0.0181659 0.136998 0.00440809 0.334477 0.0503654 0.0184918 0.00412992 0.0463038 0.00493701 0.0575598 0.00437858 0.0202858 0.457656 0.509478 0.96388
0.231048 0.952826 0.138377 0.943983 0.099791 0.176326 0.930961 0.51429 0.100455 0.946007 0.81137 0.37627 0.891043 0.993991 0.0559094 0.956569 0.146503 0.992672 0.217532 0.990213 0.99365 0.996265 0.513752 0.95894 0.991806 0.992212 0.989638 0.00785044 0.992665 0.874191 0.971022 0.971041 0.821726 0.0226488 0.950789 0.868489 0.990212 0.0581407 0.968994 0.944128 0.116765 0.965067 0.0571163 0.955009 0.993625 0.889974 0.596286 0.970268 0.953312 0.662264 0.336935 0.0023048 0.946114 0.421893 0.0113391 0.0353768 0.0246962 0.0386056 0.00489817 0.442762 0.952068 0.0465842 0.19644 0.00293538 0.202087 0.0201935 0.0274917 0.145228 0.369353 0.0914444 0.902003 0.99758 0.95163 0.477055 0.0860544 0.0283197 0.00639619 0.734025 0.00293793 0.00315935 0.015567 0.0326709 0.00455789 0.812651 0.946431 0.0180681 0.135137 0.00437466 0.340944 0.0497703 0.0184124 0.0041005 0.0456083 0.00488316 0.0571019 0.00435605 0.0201493 0.46314 0.514729 0.964364
0.227683 0.953218 0.136966 0.944484 0.0984522 0.173224 0.931563 0.50761 0.0995171 0.946628 0.812871 0.371476 0.89201 0.994025 0.0551725 0.957014 0.143951 0.992681 0.214363 0.990256 0.9937 0.996296 0.508418 0.959199 0.991881 0.99227 0.989643 0.00778157 0.992676 0.875246 0.971172 0.971196 0.823495 0.0224166 0.951326 0.869682 0.990257 0.0572231 0.969397 0.944626 0.114623 0.96552 0.0560931 0.955464 0.99362 0.891255 0.600944 0.97044 0.953765 0.666498 0.342272 0.00229887 0.94701 0.426907 0.0113098 0.0349634 0.0245655 0.0382443 0.0048451 0.447689 0.952652 0.0459679 0.193955 0.0029378 0.198732 0.0200549 0.0272048 0.143283 0.365446 0.0905544 0.903622 0.997586 0.9521 0.481285 0.0852053 0.028042 0.00632477 0.738543 0.00294012 0.00314228 0.0155316 0.0324162 0.00453707 0.81622 0.947326 0.0179686 0.133261 0.00434172 0.347544 0.0491727 0.0183287 0.00407276 0.0449228 0.0048299 0.0566405 0.00433323 0.0200134 0.468689 0.520042 0.964846
0.224327 0.953617 0.135548 0.944974 0.0970946 0.170152 0.932164 0.500855 0.0985803 0.947236 0.814427 0.366664 0.892994 0.994058 0.05444 0.95745 0.141425 0.992691 0.211218 0.990298 0.993749 0.996326 0.503057 0.959457 0.991955 0.992327 0.989648 0.00771143 0.992686 0.876316 0.97133 0.971345 0.825253 0.0221828 0.951852 0.870873 0.990298 0.0563128 0.969793 0.945125 0.112514 0.965972 0.0550845 0.955914 0.993615 0.892527 0.605734 0.970614 0.954218 0.670783 0.347719 0.00229303 0.947902 0.431938 0.011281 0.0345493 0.0244276 0.0378775 0.00479272 0.452682 0.953233 0.0453626 0.191459 0.00294009 0.195391 0.019918 0.0269144 0.141325 0.361508 0.0896714 0.9052 0.997593 0.952563 0.485584 0.0843439 0.0277758 0.00625373 0.742983 0.00294206 0.00312482 0.0154928 0.0321568 0.00451631 0.819746 0.948205 0.0178688 0.131383 0.00430951 0.354288 0.0485793 0.0182415 0.00404498 0.0442491 0.00477811 0.0561669 0.00431041 0.0198782 0.474334 0.525373 0.965318
0.220966 0.954002 0.134111 0.94546 0.0957383 0.167101 0.932757 0.494108 0.0976449 0.947841 0.815966 0.361855 0.893979 0.99409 0.0537282 0.957885 0.138947 0.992702 0.20806 0.990342 0.993796 0.996355 0.497615 0.959719 0.992029 0.992383 0.989657 0.00764433 0.992697 0.877371 0.971482 0.971505 0.827068 0.021953 0.952369 0.872063 0.990341 0.0554148 0.970183 0.945623 0.110444 0.966415 0.0541065 0.956365 0.99361 0.893803 0.610507 0.970786 0.954662 0.675055 0.353262 0.00228739 0.948778 0.437103 0.0112525 0.0341356 0.024292 0.0375164 0.00474133 0.457728 0.953803 0.0447597 0.18897 0.00294262 0.19207 0.0197787 0.0266268 0.139381 0.357502 0.0887896 0.906765 0.997599 0.953017 0.489949 0.0834937 0.0275051 0.00618332 0.747372 0.00294395 0.00310797 0.015453 0.0318988 0.00449588 0.823244 0.949074 0.017766 0.129518 0.00427793 0.361117 0.0479919 0.0181558 0.00401724 0.043586 0.00472621 0.0556999 0.00428768 0.0197403 0.48002 0.530737 0.965788
0.217615 0.954394 0.132664 0.945962 0.0944014 0.164083 0.933359 0.487282 0.0966898 0.948449 0.817502 0.357027 0.894956 0.994122 0.0530147 0.958319 0.136489 0.992712 0.20489 0.990384 0.993841 0.996383 0.492097 0.959983 0.992101 0.992437 0.989664 0.00757845 0.992706 0.878462 0.971637 0.97166 0.828854 0.0217278 0.952887 0.873284 0.990382 0.0545267 0.970565 0.946099 0.108374 0.96686 0.0531349 0.956814 0.993604 0.895071 0.615262 0.970964 0.955106 0.679371 0.358934 0.00228196 0.949634 0.442261 0.0112217 0.0337303 0.0241562 0.0371643 0.00469103 0.462844 0.954375 0.0441616 0.186457 0.00294479 0.188774 0.019643 0.0263433 0.137445 0.353502 0.0878906 0.90832 0.997605 0.953469 0.494391 0.0826247 0.0272367 0.00611451 0.751768 0.00294626 0.00309247 0.0154151 0.0316415 0.00447546 0.826686 0.949927 0.0176674 0.127693 0.00424644 0.367991 0.0474052 0.0180706 0.00399007 0.0429291 0.00467731 0.0552306 0.00426558 0.019602 0.485743 0.53618 0.966252
0.214289 0.954783 0.131236 0.946443 0.0930745 0.161089 0.933954 0.480456 0.0957395 0.94905 0.819089 0.352205 0.895945 0.994155 0.0523108 0.958743 0.134053 0.992722 0.201768 0.990425 0.993888 0.99641 0.486522 0.960242 0.992171 0.992489 0.989672 0.00751295 0.992715 0.879573 0.971798 0.971817 0.830635 0.0215072 0.953399 0.874492 0.990423 0.0536412 0.970943 0.946595 0.106356 0.967292 0.0521829 0.957264 0.993599 0.896326 0.620036 0.971146 0.955541 0.683659 0.364638 0.00227642 0.950485 0.447574 0.0111925 0.0333263 0.024023 0.0368061 0.00464174 0.468 0.954933 0.0435713 0.183965 0.00294692 0.18549 0.0195097 0.0260625 0.135512 0.349448 0.0870074 0.909835 0.99761 0.953915 0.49891 0.0817545 0.0269734 0.00604752 0.756126 0.00294894 0.00307616 0.0153747 0.031388 0.00445525 0.83008 0.950773 0.0175646 0.125845 0.00421559 0.374948 0.04682 0.0179829 0.00396381 0.0422815 0.00462921 0.0547614 0.00424314 0.0194674 0.491496 0.541637 0.966704
0.211002 0.955165 0.129774 0.946934 0.0917627 0.15812 0.934552 0.473559 0.0947861 0.949643 0.820663 0.347355 0.896969 0.994186 0.0516162 0.959178 0.131645 0.992731 0.198641 0.990466 0.993935 0.996437 0.480907 0.960501 0.992239 0.992543 0.989679 0.00744848 0.992725 0.880671 0.971957 0.971977 0.832442 0.0212828 0.95391 0.875705 0.990466 0.0527791 0.971315 0.947083 0.10437 0.967727 0.0512459 0.95771 0.993593 0.897587 0.624852 0.971324 0.955977 0.687978 0.37045 0.00227109 0.951328 0.452876 0.0111617 0.0329296 0.0238804 0.0364543 0.00459426 0.473278 0.955483 0.042977 0.181464 0.00294912 0.18224 0.0193772 0.0257885 0.133582 0.345355 0.0861037 0.911347 0.997616 0.954365 0.503433 0.0808699 0.0267088 0.00598136 0.760477 0.00295111 0.00306039 0.015332 0.0311253 0.004435 0.83344 0.951607 0.0174597 0.124031 0.00418491 0.382095 0.0462375 0.0178964 0.0039379 0.0416467 0.00458101 0.0542916 0.00422207 0.0193285 0.497312 0.547119 0.967157
0.2077 0.955548 0.128294 0.947415 0.0904627 0.155181 0.935154 0.466636 0.0938201 0.95024 0.822258 0.342516 0.897974 0.994217 0.0509319 0.959606 0.129288 0.99274 0.195544 0.990504 0.993979 0.996463 0.475203 0.960759 0.992307 0.992596 0.989686 0.00738519 0.992734 0.881772 0.972117 0.972137 0.834227 0.0210604 0.954413 0.876943 0.990506 0.0519191 0.971685 0.947565 0.102404 0.968155 0.0503147 0.95815 0.993588 0.898855 0.629696 0.971507 0.956407 0.692309 0.376353 0.00226606 0.952149 0.458316 0.0111282 0.0325268 0.0237434 0.036097 0.00454729 0.478579 0.956034 0.0423955 0.178955 0.00295154 0.179031 0.0192436 0.025511 0.131671 0.341237 0.0852037 0.912814 0.997621 0.95481 0.508076 0.0799999 0.0264398 0.00591592 0.76479 0.00295302 0.0030447 0.0152844 0.0308623 0.00441564 0.836765 0.952427 0.0173566 0.122223 0.00415571 0.389253 0.0456628 0.0178097 0.00391243 0.0410115 0.00453461 0.0538095 0.00420192 0.0191899 0.50322 0.55265 0.967609
0.20443 0.955937 0.126814 0.947896 0.0891524 0.152287 0.935756 0.459743 0.0928691 0.950823 0.823856 0.337655 0.899012 0.994247 0.0502465 0.960023 0.126964 0.992751 0.19245 0.990544 0.994023 0.996488 0.469491 0.96102 0.992375 0.992647 0.989692 0.00732303 0.992744 0.882911 0.972277 0.9723 0.836024 0.0208439 0.95491 0.878187 0.990545 0.0510701 0.972047 0.948048 0.100469 0.96858 0.049403 0.95859 0.993585 0.900104 0.634506 0.971686 0.956828 0.69665 0.382335 0.00226112 0.95296 0.463755 0.0110958 0.0321281 0.023599 0.0357341 0.00450186 0.483935 0.956583 0.0418157 0.176483 0.00295385 0.17583 0.0191058 0.025236 0.129743 0.337072 0.0842981 0.914269 0.997626 0.955248 0.512777 0.079135 0.0261782 0.00585183 0.769067 0.00295551 0.00302964 0.0152378 0.0306012 0.00439655 0.840036 0.953234 0.0172514 0.120428 0.00412704 0.396456 0.0451033 0.0177183 0.00388716 0.0403903 0.00449014 0.0533301 0.00418206 0.0190578 0.509173 0.558216 0.968058
0.20116 0.956316 0.125325 0.948382 0.0878438 0.149435 0.936352 0.452779 0.0918853 0.9514 0.825484 0.332792 0.900043 0.994277 0.0495649 0.96045 0.124656 0.992762 0.18937 0.990583 0.994067 0.996514 0.463674 0.96128 0.992439 0.992697 0.9897 0.00726144 0.992754 0.884064 0.972446 0.972461 0.837831 0.0206252 0.955401 0.879443 0.990585 0.0502317 0.972404 0.948532 0.0985479 0.968995 0.0485081 0.959035 0.99358 0.901343 0.639313 0.971871 0.95725 0.70097 0.388393 0.00225639 0.953765 0.469361 0.0110616 0.0317365 0.0234524 0.0353695 0.00445795 0.489336 0.957122 0.0412476 0.173969 0.00295593 0.172668 0.0189691 0.0249579 0.127846 0.332923 0.0833925 0.915709 0.99763 0.955692 0.51758 0.078256 0.0259162 0.00578947 0.773308 0.0029578 0.00301496 0.015189 0.030336 0.00437782 0.843256 0.954031 0.0171489 0.118639 0.00409788 0.403787 0.044526 0.0176281 0.00386239 0.0397763 0.00444586 0.0528435 0.00416173 0.0189199 0.51521 0.563831 0.968493
0.197942 0.956705 0.123817 0.948869 0.0865442 0.146607 0.936952 0.445785 0.0908954 0.951976 0.827112 0.327886 0.901079 0.994306 0.0488879 0.96087 0.12234 0.992773 0.186306 0.990624 0.994109 0.996538 0.457834 0.961545 0.992503 0.992746 0.989707 0.00719927 0.992765 0.8852 0.972612 0.972627 0.839656 0.0204081 0.95589 0.880704 0.990624 0.049398 0.972759 0.949019 0.0966595 0.969407 0.047628 0.959472 0.993575 0.902569 0.644196 0.972056 0.957665 0.705283 0.394607 0.00225126 0.954561 0.474971 0.0110267 0.0313511 0.0233041 0.0350122 0.0044138 0.494825 0.957655 0.0406907 0.171464 0.00295831 0.169529 0.0188343 0.0246867 0.125929 0.328743 0.0824825 0.91712 0.997635 0.956122 0.522393 0.0773668 0.0256566 0.00572719 0.777488 0.00296045 0.0030009 0.0151395 0.0300748 0.00435904 0.846453 0.954815 0.0170453 0.116881 0.00407026 0.411241 0.0439665 0.0175347 0.00383778 0.039169 0.00440261 0.0523553 0.00414146 0.0187799 0.521264 0.569491 0.968927
0.194747 0.957097 0.122317 0.949358 0.0852595 0.143831 0.937539 0.438792 0.0899149 0.952543 0.828753 0.322997 0.90212 0.994335 0.0482201 0.96129 0.120075 0.992782 0.183264 0.990663 0.994151 0.996561 0.452017 0.961809 0.992567 0.992794 0.989716 0.00713889 0.992774 0.886363 0.97278 0.972791 0.841474 0.0201927 0.956381 0.881978 0.990664 0.0485861 0.973108 0.949499 0.0947997 0.969812 0.0467618 0.959905 0.99357 0.903806 0.649106 0.972244 0.958089 0.709608 0.400837 0.00224632 0.955337 0.480708 0.0109903 0.0309674 0.0231588 0.0346586 0.00437091 0.500421 0.958187 0.0401269 0.168972 0.002961 0.166444 0.018695 0.0244154 0.124043 0.324564 0.0815645 0.918513 0.997639 0.956554 0.527293 0.0764828 0.0253977 0.00566642 0.78165 0.00296237 0.00298644 0.0150887 0.0298087 0.00434009 0.849582 0.955595 0.0169393 0.115114 0.00404282 0.418736 0.0434064 0.0174442 0.00381339 0.0385713 0.00436055 0.0518649 0.00412172 0.0186434 0.527349 0.575214 0.96935
0.191544 0.957474 0.120819 0.949845 0.0839758 0.14107 0.938133 0.431803 0.0889167 0.953105 0.830422 0.318101 0.903173 0.994362 0.0475676 0.961705 0.117853 0.992793 0.180241 0.990701 0.994191 0.996583 0.446086 0.962068 0.992628 0.992841 0.989725 0.00707969 0.992784 0.887536 0.972944 0.972956 0.843297 0.0199779 0.956867 0.883239 0.990702 0.0477897 0.973449 0.949982 0.092973 0.970208 0.0459073 0.960337 0.993564 0.905026 0.653986 0.972436 0.958499 0.713941 0.4072 0.00224155 0.956096 0.486466 0.010953 0.0305829 0.0230088 0.0343039 0.00432895 0.506032 0.958707 0.039576 0.16646 0.0029637 0.163375 0.0185567 0.0241467 0.122175 0.320312 0.080652 0.919889 0.997643 0.956984 0.532223 0.0755897 0.0251382 0.0056067 0.785768 0.00296493 0.00297298 0.0150344 0.0295397 0.00432183 0.852669 0.956357 0.0168313 0.113372 0.00401618 0.426303 0.0428502 0.0173493 0.00379051 0.0379742 0.00431904 0.0513718 0.00410257 0.0185061 0.53352 0.580944 0.969769
0.188364 0.957857 0.119323 0.950325 0.0827017 0.138356 0.938724 0.424777 0.0879345 0.953673 0.832076 0.313192 0.904228 0.994389 0.0469108 0.962117 0.11564 0.992802 0.177234 0.990739 0.99423 0.996606 0.440107 0.962339 0.992688 0.992888 0.989734 0.00702124 0.992793 0.888704 0.973111 0.973133 0.845116 0.0197661 0.957343 0.884507 0.99074 0.0469999 0.973785 0.950461 0.0911794 0.970601 0.0450672 0.960762 0.993558 0.90623 0.658904 0.972625 0.958912 0.718223 0.413615 0.00223694 0.956851 0.492288 0.0109162 0.0302012 0.0228584 0.0339465 0.00428801 0.51172 0.959233 0.0390355 0.163977 0.00296512 0.160345 0.0184195 0.0238768 0.120326 0.316064 0.0797537 0.921226 0.997647 0.957416 0.537225 0.0746988 0.0248814 0.00554804 0.789852 0.00296709 0.00295963 0.014981 0.0292789 0.00430384 0.855688 0.957102 0.0167212 0.111633 0.00398918 0.433968 0.0422945 0.0172527 0.00376787 0.0373928 0.00427832 0.0508804 0.00408394 0.0183671 0.539698 0.586665 0.970184
0.185183 0.95824 0.117824 0.950801 0.0814505 0.135675 0.93932 0.417783 0.0869242 0.954227 0.83375 0.308278 0.905296 0.994417 0.0462591 0.962531 0.113445 0.992813 0.174251 0.990779 0.994268 0.996627 0.434115 0.962595 0.992747 0.992935 0.989743 0.00696355 0.992802 0.889904 0.973285 0.9733 0.846947 0.0195542 0.957809 0.885788 0.990777 0.0462223 0.974112 0.950942 0.0894061 0.970996 0.0442438 0.961189 0.993553 0.90745 0.663794 0.972819 0.959319 0.722535 0.420108 0.00223254 0.957591 0.498193 0.0108782 0.0298201 0.0227063 0.0335945 0.00424827 0.517462 0.959749 0.0384911 0.16152 0.00296714 0.157329 0.0182858 0.0236108 0.118487 0.311782 0.0788409 0.922572 0.99765 0.957839 0.542272 0.0738019 0.0246232 0.00548946 0.793915 0.0029692 0.00294648 0.0149266 0.0290114 0.00428562 0.858678 0.957842 0.0166119 0.10991 0.00396311 0.441695 0.0417403 0.0171563 0.00374632 0.0368146 0.00423896 0.0503862 0.00406516 0.0182333 0.545964 0.592414 0.970598
0.182017 0.958626 0.116293 0.95128 0.0801974 0.133016 0.939916 0.410812 0.0859282 0.954771 0.835435 0.303376 0.906357 0.994444 0.045616 0.962935 0.111312 0.992823 0.171286 0.990815 0.994305 0.996648 0.428081 0.962858 0.992804 0.992979 0.989753 0.00690569 0.992812 0.891096 0.973457 0.973473 0.848767 0.0193439 0.958282 0.887072 0.990813 0.0454486 0.974439 0.95141 0.0876621 0.971385 0.043432 0.961618 0.993547 0.908647 0.668706 0.973011 0.959726 0.726852 0.426663 0.0022284 0.958329 0.504187 0.0108374 0.0294433 0.0225506 0.0332378 0.00420891 0.523226 0.960263 0.0379552 0.159026 0.00296909 0.154359 0.0181489 0.0233454 0.116642 0.307503 0.0779365 0.923884 0.997653 0.958258 0.547345 0.0729068 0.024369 0.00543306 0.797925 0.00297163 0.00293401 0.0148691 0.0287434 0.00426731 0.861649 0.958572 0.0165037 0.108212 0.00393741 0.449533 0.041193 0.0170574 0.003724 0.0362457 0.00420009 0.0498815 0.00404666 0.0180964 0.552269 0.598254 0.971004
0.178902 0.959011 0.114767 0.951765 0.0789567 0.130398 0.940504 0.403782 0.084928 0.955314 0.837128 0.298504 0.907429 0.99447 0.0449749 0.963339 0.109181 0.992834 0.168377 0.990851 0.994342 0.996668 0.421993 0.963128 0.992862 0.993024 0.989765 0.00684953 0.992822 0.892273 0.973628 0.973645 0.850595 0.0191365 0.95874 0.888362 0.990848 0.0446912 0.97476 0.951878 0.0859478 0.971763 0.0426418 0.962033 0.993541 0.90985 0.673619 0.973204 0.960119 0.731185 0.433303 0.00222435 0.95905 0.51017 0.0107984 0.0290761 0.0223975 0.0328886 0.00417097 0.529052 0.960757 0.0374238 0.156583 0.00297102 0.151398 0.0180112 0.0230873 0.11482 0.303209 0.0770149 0.925171 0.997656 0.958675 0.552522 0.0720184 0.0241121 0.00537745 0.801897 0.0029733 0.00292138 0.0148099 0.0284704 0.00424986 0.864571 0.959289 0.0163951 0.10653 0.00391219 0.457419 0.0406491 0.0169609 0.00370211 0.0356817 0.00416324 0.0493658 0.00402859 0.0179569 0.558566 0.604064 0.971408
0.175786 0.959393 0.113241 0.952234 0.0777268 0.127811 0.94109 0.396805 0.0839182 0.955856 0.838815 0.293595 0.908498 0.994496 0.0443325 0.963741 0.107095 0.992843 0.165445 0.990888 0.994379 0.996688 0.415903 0.963398 0.992918 0.993068 0.989776 0.00679396 0.992832 0.89348 0.9738 0.973819 0.852455 0.0189305 0.9592 0.889659 0.990884 0.0439433 0.975076 0.952344 0.0842564 0.97214 0.0418561 0.962453 0.993534 0.911046 0.678543 0.973396 0.960516 0.735464 0.440059 0.00222066 0.95976 0.516257 0.0107576 0.0287078 0.0222414 0.0325398 0.00413329 0.534924 0.961251 0.0369021 0.154152 0.00297357 0.148487 0.0178722 0.0228262 0.112994 0.298906 0.0761043 0.92645 0.997659 0.959098 0.557696 0.0711256 0.0238664 0.00532346 0.805838 0.0029754 0.00290936 0.0147505 0.0282065 0.00423292 0.867432 0.959987 0.0162847 0.104828 0.00388737 0.465357 0.0401133 0.0168622 0.00368042 0.035132 0.00412611 0.0488654 0.00401064 0.0178181 0.56493 0.609864 0.971805
0.172719 0.959769 0.11173 0.952697 0.0765052 0.125261 0.941682 0.389835 0.0829185 0.956389 0.840519 0.288707 0.909568 0.994522 0.0437129 0.96414 0.105028 0.992853 0.162533 0.990923 0.994413 0.996707 0.409773 0.963655 0.992972 0.99311 0.989787 0.00673975 0.992843 0.894662 0.973974 0.973991 0.854287 0.0187251 0.959645 0.890941 0.990919 0.0432202 0.975389 0.952822 0.0825857 0.97251 0.0410889 0.96287 0.99353 0.912226 0.683453 0.973592 0.960914 0.739759 0.446891 0.00221707 0.960461 0.52244 0.0107156 0.0283436 0.0220813 0.0321888 0.00409694 0.540861 0.961744 0.0363818 0.151739 0.002976 0.145594 0.0177385 0.0225663 0.111178 0.294574 0.0751915 0.927696 0.997662 0.959516 0.56291 0.0702285 0.0236189 0.00527047 0.809725 0.00297757 0.00289771 0.0146881 0.0279352 0.00421576 0.870271 0.960682 0.0161749 0.103159 0.00386319 0.473377 0.039582 0.0167668 0.00365995 0.0345938 0.00409063 0.0483605 0.0039935 0.0176825 0.571346 0.615669 0.9722
0.169658 0.960144 0.110195 0.953167 0.0753077 0.122731 0.942262 0.382847 0.0818959 0.956919 0.842221 0.283899 0.910646 0.994547 0.043095 0.964538 0.102981 0.992863 0.159639 0.990955 0.994449 0.996726 0.403643 0.963921 0.993026 0.993151 0.989799 0.0066858 0.992853 0.895869 0.974152 0.974167 0.856123 0.0185241 0.960095 0.892242 0.990954 0.0425025 0.975694 0.953285 0.0809447 0.972876 0.0403289 0.963289 0.993524 0.913397 0.688403 0.973791 0.961299 0.744024 0.453792 0.00221345 0.961147 0.528648 0.0106732 0.027983 0.0219206 0.0318409 0.0040613 0.546834 0.96223 0.0358707 0.149306 0.00297864 0.142758 0.0176033 0.0223081 0.109389 0.290215 0.0742762 0.928938 0.997664 0.959919 0.568219 0.069333 0.0233713 0.0052178 0.813575 0.00298001 0.0028867 0.0146233 0.0276685 0.00419888 0.87304 0.961362 0.0160638 0.1015 0.00383946 0.481462 0.0390523 0.0166654 0.0036401 0.0340539 0.00405638 0.0478516 0.00397598 0.0175447 0.577803 0.621525 0.972582
0.166636 0.960517 0.108662 0.953641 0.0740922 0.120266 0.942838 0.375901 0.0808849 0.95745 0.843943 0.279042 0.911721 0.994571 0.042479 0.96493 0.100976 0.992873 0.156792 0.99099 0.994482 0.996745 0.397508 0.964189 0.993079 0.993191 0.989812 0.00663305 0.992863 0.89708 0.974329 0.974342 0.857955 0.0183237 0.960539 0.893551 0.990989 0.041797 0.975997 0.953739 0.0793385 0.973239 0.0395948 0.963707 0.993518 0.914565 0.693312 0.973985 0.961691 0.748265 0.460733 0.00220996 0.961833 0.53493 0.0106313 0.027627 0.0217625 0.031496 0.00402669 0.552888 0.962709 0.0353619 0.146892 0.0029808 0.139962 0.0174645 0.0220528 0.107617 0.285847 0.0733635 0.930149 0.997666 0.96033 0.573581 0.0684342 0.0231268 0.00516787 0.817377 0.0029825 0.0028755 0.0145582 0.0273988 0.0041822 0.875746 0.962033 0.0159525 0.0998797 0.00381534 0.489544 0.0385235 0.0165641 0.00362055 0.0335286 0.00402133 0.0473495 0.00395958 0.0174051 0.584255 0.627373 0.972961
0.163646 0.960896 0.107131 0.954109 0.0728969 0.117825 0.94342 0.368944 0.0798687 0.957975 0.845684 0.274228 0.912804 0.994596 0.0418677 0.965324 0.0990008 0.992881 0.153957 0.991024 0.994515 0.996762 0.391327 0.964455 0.99313 0.993231 0.989825 0.00658006 0.992874 0.898278 0.974509 0.974517 0.859776 0.0181242 0.960982 0.894862 0.991024 0.0410912 0.976294 0.954199 0.0777555 0.973593 0.0388671 0.964123 0.993513 0.91571 0.69826 0.97419 0.962083 0.752464 0.46775 0.00220686 0.962503 0.541196 0.0105871 0.0272697 0.0216033 0.0311553 0.00399296 0.558974 0.963182 0.0348665 0.144486 0.00298309 0.13718 0.0173261 0.0217996 0.105859 0.281483 0.0724395 0.931337 0.997667 0.960735 0.578959 0.0675325 0.0228776 0.00511802 0.821151 0.00298469 0.0028647 0.0144916 0.0271308 0.00416611 0.878426 0.962691 0.0158395 0.0982575 0.00379322 0.497687 0.0379983 0.0164581 0.00360186 0.033012 0.00398802 0.0468335 0.00394339 0.0172666 0.590705 0.633253 0.973337
0.160666 0.961274 0.105613 0.954568 0.0717177 0.115434 0.944007 0.362022 0.0788424 0.958494 0.847427 0.269419 0.913873 0.994619 0.041264 0.965717 0.097038 0.992892 0.151161 0.991056 0.994547 0.996779 0.385148 0.964721 0.993182 0.993271 0.989836 0.00652858 0.992884 0.899508 0.974689 0.974696 0.861599 0.0179271 0.961417 0.896156 0.991057 0.0403977 0.976593 0.954655 0.0761971 0.973946 0.0381588 0.964532 0.993509 0.916858 0.703161 0.974393 0.962471 0.756674 0.47483 0.00220411 0.963151 0.547569 0.0105424 0.0269184 0.0214416 0.0308158 0.00396005 0.565074 0.96366 0.0343691 0.142077 0.00298483 0.134418 0.0171862 0.0215468 0.1041 0.277072 0.0715155 0.932519 0.997669 0.961137 0.584388 0.0666346 0.0226351 0.00506857 0.824859 0.0029872 0.00285384 0.0144241 0.0268632 0.00415042 0.881055 0.963347 0.0157253 0.0966311 0.00377107 0.505884 0.037481 0.016355 0.00358289 0.0324927 0.00395489 0.0463236 0.00392647 0.0171307 0.597231 0.639119 0.973702
0.157716 0.961655 0.104088 0.955028 0.0705571 0.113063 0.944586 0.355131 0.0778245 0.959002 0.849164 0.264637 0.914963 0.994643 0.040667 0.966102 0.0951181 0.992902 0.148376 0.991088 0.994579 0.996795 0.37893 0.96499 0.993231 0.99331 0.989848 0.00647894 0.992894 0.900715 0.974869 0.974874 0.863424 0.0177308 0.961847 0.897458 0.991089 0.0397157 0.97688 0.95511 0.0746615 0.974292 0.0374675 0.96494 0.993505 0.917998 0.708048 0.974594 0.962847 0.760879 0.482001 0.0022011 0.963801 0.553944 0.0104965 0.0265696 0.0212761 0.0304685 0.00392779 0.571238 0.964123 0.033875 0.13972 0.00298697 0.131748 0.0170476 0.0212965 0.102361 0.272718 0.0705929 0.933671 0.99767 0.961539 0.589896 0.0657331 0.0223944 0.00501973 0.828534 0.0029893 0.0028439 0.0143542 0.026594 0.00413506 0.883636 0.963985 0.0156122 0.095041 0.00374986 0.514166 0.0369676 0.0162504 0.00356372 0.0319902 0.00392307 0.0458184 0.00391044 0.0169928 0.60375 0.645018 0.974068
0.154792 0.962028 0.102572 0.955482 0.069402 0.11074 0.945175 0.348234 0.0768055 0.959504 0.850927 0.259886 0.916041 0.994665 0.0400803 0.96649 0.0932106 0.992912 0.145629 0.991121 0.994611 0.996811 0.37268 0.965262 0.993279 0.993347 0.989861 0.00642886 0.992905 0.901945 0.975053 0.97505 0.865234 0.0175334 0.962273 0.898761 0.991122 0.0390463 0.977163 0.955555 0.0731539 0.974631 0.0367806 0.96534 0.9935 0.919136 0.712888 0.9748 0.963226 0.765035 0.489237 0.00219814 0.964434 0.560372 0.0104504 0.0262228 0.021107 0.0301219 0.00389541 0.577376 0.964585 0.0333912 0.137347 0.00298886 0.129079 0.0169079 0.0210483 0.100653 0.268366 0.0696834 0.934813 0.997671 0.961932 0.595389 0.0648371 0.0221567 0.00497265 0.832169 0.00299076 0.00283414 0.0142846 0.0263304 0.00411929 0.886171 0.964619 0.0154962 0.0934649 0.00372877 0.522416 0.0364622 0.0161429 0.00354573 0.0314945 0.00389212 0.045304 0.00389488 0.0168562 0.610294 0.650893 0.974432
0.151901 0.9624 0.101071 0.955927 0.0682496 0.108425 0.945745 0.341423 0.0757825 0.960003 0.852669 0.255145 0.917134 0.994688 0.0395037 0.966866 0.0913467 0.992922 0.142881 0.991152 0.994642 0.996826 0.366451 0.965525 0.993327 0.993384 0.989874 0.00638018 0.992915 0.903164 0.975232 0.975235 0.867043 0.0173377 0.9627 0.900064 0.991154 0.038388 0.977445 0.956009 0.0716726 0.974969 0.0361088 0.965738 0.993495 0.920265 0.717761 0.975002 0.963606 0.76919 0.496514 0.0021956 0.965054 0.566842 0.0104038 0.0258778 0.0209416 0.0297798 0.00386485 0.583617 0.965049 0.0329097 0.134998 0.00299044 0.12645 0.016771 0.0208008 0.0989471 0.264008 0.0687856 0.935932 0.997671 0.962326 0.600956 0.0639431 0.0219171 0.00492599 0.835719 0.00299294 0.00282439 0.0142139 0.0260636 0.00410423 0.888641 0.965243 0.0153827 0.091899 0.00370812 0.530697 0.0359531 0.0160387 0.00352818 0.0310017 0.00386162 0.0447899 0.00387999 0.0167174 0.616868 0.656763 0.974788
0.14902 0.962767 0.0995536 0.956376 0.0671222 0.106171 0.946324 0.33466 0.07476 0.9605 0.85444 0.250425 0.918218 0.99471 0.038928 0.967246 0.0894912 0.992931 0.140183 0.991182 0.994671 0.996841 0.360241 0.96579 0.993372 0.99342 0.989888 0.00633185 0.992926 0.904395 0.975415 0.975414 0.868857 0.0171466 0.963121 0.901371 0.991185 0.0377278 0.97772 0.95646 0.0702214 0.975301 0.0354436 0.96614 0.993491 0.92138 0.722601 0.975202 0.963975 0.773295 0.503851 0.00219296 0.965661 0.573357 0.0103552 0.0255405 0.0207781 0.0294341 0.00383542 0.589858 0.965505 0.032435 0.132692 0.00299264 0.123859 0.0166335 0.0205601 0.0972558 0.259648 0.0678651 0.937035 0.997672 0.962713 0.606546 0.0630478 0.0216812 0.00488061 0.839229 0.00299499 0.00281463 0.0141416 0.0257985 0.0040884 0.891087 0.965852 0.0152686 0.0903468 0.00368724 0.538982 0.0354496 0.0159322 0.00350987 0.030517 0.00383193 0.0442707 0.00386489 0.0165792 0.623442 0.662646 0.975138
0.146191 0.963139 0.0980381 0.956822 0.0659932 0.103964 0.946899 0.32795 0.0737547 0.960989 0.856216 0.24574 0.919295 0.994731 0.0383568 0.967618 0.0876707 0.992941 0.137515 0.991215 0.9947 0.996855 0.353979 0.966059 0.993417 0.993455 0.989903 0.00628277 0.992937 0.905629 0.975596 0.975592 0.87066 0.0169542 0.963533 0.902694 0.991217 0.037084 0.977983 0.956904 0.0687956 0.975628 0.034796 0.966534 0.993486 0.922496 0.727429 0.975406 0.964342 0.777432 0.511193 0.00219069 0.966268 0.579866 0.0103074 0.0252071 0.0206093 0.0291021 0.00380614 0.596087 0.96595 0.031969 0.130396 0.00299512 0.121297 0.0164938 0.0203202 0.0955721 0.255307 0.0669719 0.938119 0.997672 0.963107 0.612171 0.0621629 0.0214468 0.00483574 0.842725 0.00299756 0.00280596 0.0140686 0.0255346 0.00407421 0.893489 0.966455 0.0151516 0.088814 0.00366706 0.547304 0.0349505 0.0158253 0.003493 0.0300378 0.00380286 0.0437586 0.0038499 0.0164418 0.629974 0.6685 0.975485
0.143377 0.963505 0.0965366 0.957263 0.0648777 0.101773 0.947478 0.321241 0.0727473 0.961468 0.857961 0.24111 0.92037 0.994752 0.0377907 0.967985 0.0858792 0.99295 0.134864 0.991248 0.994728 0.996869 0.347754 0.966324 0.993462 0.993489 0.989918 0.00623608 0.992948 0.906844 0.97578 0.975774 0.872434 0.0167651 0.963938 0.904012 0.991248 0.0364564 0.978251 0.957347 0.067392 0.975948 0.0341591 0.966925 0.993483 0.923597 0.732202 0.975611 0.964714 0.781475 0.518567 0.00218833 0.966867 0.586419 0.0102606 0.0248753 0.0204435 0.0287678 0.00377762 0.602329 0.9664 0.031509 0.128092 0.00299771 0.118751 0.0163559 0.0200825 0.0939247 0.250952 0.0660725 0.939177 0.997672 0.963494 0.617851 0.0612777 0.0212121 0.00479176 0.846138 0.00299928 0.00279759 0.0139943 0.025271 0.00405913 0.895833 0.967045 0.0150351 0.0873007 0.00364685 0.555618 0.0344565 0.0157162 0.00347631 0.0295648 0.0037739 0.0432467 0.00383512 0.0163074 0.636521 0.674395 0.975826
0.140627 0.963872 0.0950364 0.957713 0.063782 0.0996157 0.948046 0.314571 0.071739 0.961944 0.859737 0.236463 0.921443 0.994773 0.0372275 0.968353 0.0841254 0.992961 0.13225 0.991276 0.994754 0.996882 0.341558 0.966592 0.993507 0.993523 0.989935 0.00618856 0.992959 0.908052 0.975964 0.975955 0.874221 0.0165808 0.964348 0.905316 0.991278 0.0358349 0.978513 0.957787 0.0660186 0.976266 0.0335363 0.967307 0.993478 0.924689 0.736954 0.975816 0.965076 0.785488 0.525982 0.00218593 0.96745 0.592995 0.0102104 0.024546 0.0202728 0.0284363 0.00374991 0.608619 0.966838 0.0310541 0.125824 0.00299973 0.116271 0.016219 0.0198477 0.0922826 0.246649 0.0651738 0.940234 0.997672 0.963878 0.623509 0.0604046 0.0209774 0.0047489 0.849518 0.00300121 0.00278889 0.0139178 0.0250083 0.00404436 0.898144 0.967624 0.0149201 0.0858054 0.00362847 0.563927 0.0339652 0.0156083 0.00345989 0.0291037 0.00374616 0.0427389 0.00382058 0.0161687 0.643028 0.680185 0.976164
0.137875 0.964235 0.0935651 0.958148 0.0626888 0.0975034 0.948619 0.307963 0.0707304 0.962414 0.861505 0.231857 0.922506 0.994793 0.0366771 0.968709 0.0824047 0.992972 0.129667 0.991306 0.994781 0.996894 0.335357 0.966863 0.993549 0.993555 0.98995 0.0061415 0.992968 0.909252 0.976149 0.976138 0.876007 0.0163955 0.964755 0.906614 0.991307 0.0352271 0.978774 0.958219 0.0646502 0.976579 0.0329185 0.967687 0.993473 0.925766 0.741675 0.976022 0.96543 0.789468 0.533474 0.00218424 0.968017 0.59953 0.0101608 0.0242225 0.0201019 0.0281039 0.00372278 0.614883 0.967266 0.0306038 0.123578 0.00300255 0.113826 0.0160838 0.0196179 0.0906685 0.242332 0.0642719 0.941264 0.997672 0.964265 0.629198 0.0595384 0.0207463 0.00470735 0.852834 0.00300281 0.00278064 0.0138409 0.0247402 0.0040299 0.900423 0.968195 0.0148043 0.0843118 0.00360927 0.572239 0.0334828 0.0155007 0.00344429 0.0286471 0.00371952 0.042222 0.00380621 0.0160322 0.649537 0.685979 0.976498
0.135141 0.964595 0.092087 0.958589 0.0616083 0.095413 0.949179 0.301422 0.0697381 0.962877 0.86328 0.227283 0.923576 0.994812 0.0361295 0.969067 0.0807127 0.992983 0.127131 0.991336 0.994808 0.996907 0.329131 0.967128 0.99359 0.993587 0.989965 0.00609487 0.992978 0.910472 0.976333 0.976318 0.877781 0.0162095 0.965149 0.907911 0.991338 0.0346224 0.97903 0.958657 0.06332 0.976889 0.0323225 0.968066 0.993468 0.926843 0.746386 0.976226 0.965792 0.793423 0.540944 0.00218193 0.968579 0.606095 0.0101104 0.0239025 0.0199297 0.0277803 0.00369687 0.621188 0.967694 0.0301571 0.121344 0.00300445 0.11141 0.0159456 0.0193867 0.0890553 0.238011 0.0633766 0.942278 0.997671 0.964642 0.634896 0.0586585 0.0205181 0.0046664 0.856101 0.00300441 0.00277221 0.0137623 0.0244775 0.00401578 0.90264 0.968756 0.014689 0.0828441 0.00359134 0.580513 0.0330034 0.0153891 0.00342891 0.0281947 0.00369322 0.0417085 0.00379218 0.0158949 0.656039 0.691771 0.976827
0.132465 0.964957 0.0906081 0.959018 0.0605416 0.0933764 0.949747 0.294928 0.0687331 0.963343 0.865046 0.222756 0.924641 0.994832 0.0355897 0.96943 0.0790594 0.992993 0.124611 0.991365 0.994833 0.996919 0.322952 0.967399 0.993632 0.993619 0.989981 0.00605001 0.992988 0.911698 0.976514 0.976501 0.879531 0.016029 0.965545 0.909203 0.991365 0.0340344 0.979279 0.959092 0.0620175 0.977189 0.0317296 0.968442 0.993462 0.927893 0.75108 0.976431 0.966148 0.797346 0.548437 0.00218021 0.969126 0.61269 0.0100602 0.0235817 0.0197589 0.0274523 0.00367132 0.627448 0.968118 0.0297114 0.11912 0.0030064 0.109055 0.0158068 0.0191593 0.0874619 0.233749 0.0624809 0.943277 0.99767 0.965016 0.640606 0.0577947 0.0202876 0.00462613 0.859296 0.0030064 0.00276436 0.0136837 0.0242151 0.00400216 0.904824 0.969305 0.0145749 0.0813809 0.00357306 0.588778 0.0325269 0.0152785 0.00341398 0.0277515 0.00366716 0.0412043 0.00377839 0.015759 0.662494 0.697484 0.977152
0.129817 0.965314 0.0891395 0.959454 0.0594954 0.0913524 0.950312 0.288478 0.0677419 0.963802 0.866812 0.218268 0.925701 0.99485 0.0350518 0.96978 0.0774392 0.993004 0.122112 0.991396 0.994857 0.99693 0.316744 0.96767 0.993673 0.993651 0.989997 0.00600493 0.992998 0.91291 0.976701 0.976683 0.88129 0.0158475 0.965934 0.910488 0.991393 0.033453 0.97953 0.95953 0.0607341 0.977491 0.0311478 0.968811 0.993456 0.928947 0.755705 0.976635 0.966501 0.801234 0.555952 0.00217878 0.96967 0.619308 0.0100093 0.0232679 0.0195873 0.0271289 0.0036463 0.633735 0.968539 0.0292697 0.116927 0.00300859 0.106721 0.01567 0.0189354 0.0858977 0.229475 0.0616012 0.944251 0.997669 0.965385 0.646342 0.0569426 0.0200598 0.00458663 0.862456 0.00300843 0.00275645 0.0136032 0.0239514 0.00398752 0.906959 0.969841 0.0144564 0.0799639 0.00355535 0.597091 0.0320578 0.0151679 0.00339898 0.0273098 0.00364223 0.0406947 0.00376461 0.0156205 0.668945 0.703193 0.977468
0.127203 0.965672 0.0876786 0.959878 0.0584605 0.0893923 0.950874 0.282115 0.066743 0.964254 0.868556 0.213788 0.926762 0.994869 0.0345292 0.970128 0.0758299 0.993014 0.119681 0.991425 0.994882 0.996942 0.31062 0.967938 0.99371 0.993682 0.990015 0.00596129 0.993008 0.914112 0.976886 0.976869 0.883012 0.0156681 0.966322 0.911759 0.991424 0.032885 0.979772 0.959955 0.0594789 0.97779 0.0305805 0.969181 0.993452 0.929986 0.760334 0.976836 0.966849 0.805096 0.563527 0.00217727 0.970204 0.625899 0.00995776 0.0229565 0.0194177 0.0268005 0.00362141 0.640038 0.968953 0.028841 0.114771 0.00301027 0.104412 0.0155333 0.0187082 0.0843385 0.225233 0.0607322 0.945213 0.997668 0.965755 0.65207 0.0560967 0.0198309 0.00454878 0.865558 0.00301056 0.00274883 0.0135225 0.0236894 0.00397405 0.909046 0.970372 0.0143407 0.0785474 0.00353774 0.605343 0.0315908 0.0150559 0.0033848 0.026883 0.00361711 0.040185 0.00375126 0.0154854 0.67539 0.708896 0.977783
0.124626 0.966034 0.0862279 0.960301 0.057433 0.0874527 0.951434 0.275821 0.0657603 0.964703 0.870313 0.209367 0.927805 0.994886 0.0340092 0.970477 0.0742689 0.993024 0.117261 0.991453 0.994904 0.996951 0.304502 0.968207 0.993748 0.993712 0.990031 0.00591791 0.993018 0.915324 0.97707 0.977052 0.884732 0.0154885 0.966705 0.913053 0.991452 0.0323224 0.980013 0.960377 0.0582537 0.978086 0.0300287 0.969547 0.993448 0.93102 0.76493 0.977042 0.967196 0.808908 0.57109 0.00217569 0.970727 0.632488 0.0099062 0.0226506 0.019245 0.0264803 0.00359717 0.646335 0.969362 0.0284183 0.112612 0.00301227 0.102153 0.0153961 0.0184826 0.0828033 0.220996 0.0598592 0.946164 0.997666 0.966123 0.657801 0.0552366 0.0196045 0.00451012 0.868609 0.00301269 0.00274191 0.0134425 0.0234259 0.00396079 0.911106 0.970888 0.014225 0.0771482 0.00351999 0.61354 0.031131 0.0149457 0.00337044 0.0264597 0.00359369 0.0396737 0.00373871 0.0153475 0.681816 0.714568 0.97809
0.122086 0.96639 0.0847833 0.960719 0.0564159 0.0855567 0.951982 0.269625 0.0647715 0.96515 0.872095 0.205033 0.928859 0.994904 0.0334949 0.970815 0.072716 0.993036 0.114859 0.99148 0.994928 0.996962 0.298428 0.968477 0.993786 0.99374 0.990048 0.00587518 0.993028 0.916521 0.977253 0.977235 0.886459 0.0153134 0.967075 0.914315 0.99148 0.0317645 0.980248 0.960795 0.0570545 0.978377 0.0294801 0.969909 0.993444 0.932049 0.769505 0.977247 0.967538 0.812696 0.578662 0.00217444 0.97124 0.639113 0.00985482 0.0223452 0.0190744 0.0261593 0.00357377 0.652591 0.969762 0.0280002 0.110467 0.00301381 0.0999388 0.0152607 0.0182636 0.0812765 0.216818 0.0589914 0.947103 0.997665 0.966489 0.663523 0.0543975 0.0193843 0.004473 0.871593 0.00301447 0.00273497 0.0133576 0.0231669 0.00394818 0.913117 0.9714 0.014108 0.0757653 0.0035034 0.621749 0.0306752 0.014834 0.0033566 0.0260442 0.00356977 0.0391642 0.00372584 0.0152112 0.688198 0.720178 0.978394
0.119581 0.966741 0.0833462 0.961139 0.0554228 0.0836958 0.95253 0.263495 0.0637897 0.965588 0.873864 0.200736 0.92991 0.994922 0.0329909 0.971162 0.07119 0.993046 0.112506 0.991508 0.99495 0.996971 0.292387 0.968749 0.993823 0.993768 0.990066 0.00583339 0.99304 0.917716 0.977434 0.977417 0.888181 0.0151359 0.967444 0.915601 0.991508 0.031224 0.980476 0.961214 0.0558684 0.978662 0.0289453 0.97027 0.99344 0.933064 0.774014 0.977452 0.967881 0.816421 0.586268 0.00217298 0.971744 0.645701 0.00980156 0.0220432 0.0188992 0.0258409 0.00355105 0.658823 0.970163 0.027588 0.108356 0.00301584 0.0977722 0.0151247 0.0180421 0.0797849 0.212669 0.0581205 0.948018 0.997662 0.966853 0.669265 0.0535584 0.0191632 0.00443655 0.874553 0.00301641 0.00272814 0.0132748 0.0229067 0.00393526 0.915074 0.971903 0.0139919 0.0743839 0.00348794 0.629848 0.0302252 0.014722 0.00334278 0.0256328 0.00354677 0.038659 0.00371316 0.0150762 0.69454 0.725757 0.978698
0.117095 0.967097 0.0819404 0.961563 0.0544403 0.0818535 0.953077 0.257431 0.0628085 0.966024 0.875633 0.196493 0.930945 0.994938 0.0324821 0.9715 0.0696892 0.993056 0.110194 0.991535 0.994972 0.99698 0.286379 0.969025 0.993859 0.993795 0.990085 0.00579237 0.993051 0.918907 0.977617 0.9776 0.889896 0.0149644 0.967808 0.916873 0.991535 0.0306906 0.980704 0.961629 0.0546969 0.978941 0.0284187 0.970629 0.993437 0.934061 0.778483 0.977654 0.968217 0.820116 0.593856 0.00217225 0.972239 0.652281 0.00974885 0.0217446 0.0187258 0.025525 0.00352944 0.665022 0.970552 0.0271811 0.106262 0.00301758 0.0956408 0.0149899 0.0178226 0.0782998 0.208495 0.0572481 0.94892 0.99766 0.967215 0.675009 0.0527311 0.0189446 0.00440144 0.877434 0.00301872 0.00272151 0.0131912 0.0226491 0.00392244 0.917006 0.972394 0.0138769 0.0730347 0.00347106 0.637933 0.0297864 0.0146122 0.00332951 0.0252286 0.00352491 0.0381609 0.0037013 0.0149422 0.700841 0.731283 0.978996
0.114651 0.967447 0.0805448 0.961979 0.0534712 0.0800442 0.953615 0.251456 0.0618395 0.96645 0.877378 0.192301 0.93198 0.994954 0.0319883 0.971836 0.068219 0.993065 0.107898 0.99156 0.994993 0.996988 0.280415 0.969288 0.993895 0.993822 0.990104 0.00575234 0.993063 0.920097 0.977802 0.977783 0.891582 0.0147939 0.968173 0.918142 0.991561 0.030169 0.980928 0.962043 0.0535582 0.979214 0.0279077 0.970984 0.993433 0.935055 0.782911 0.977857 0.968556 0.823758 0.601376 0.00217166 0.972728 0.658844 0.00969381 0.0214503 0.0185526 0.0252055 0.00350771 0.671224 0.970943 0.0267787 0.104219 0.00301955 0.0935521 0.0148564 0.0176105 0.0768334 0.204395 0.0563872 0.949803 0.997657 0.967569 0.680769 0.0519184 0.0187277 0.00436657 0.880262 0.00302096 0.00271549 0.0131069 0.022393 0.00391005 0.918886 0.97288 0.013762 0.0716968 0.00345642 0.645923 0.0293499 0.0145028 0.00331636 0.0248273 0.00350325 0.0376636 0.00368891 0.0148098 0.70705 0.736793 0.979288
0.112248 0.967799 0.0791553 0.962392 0.0525159 0.0782635 0.954159 0.245553 0.0608785 0.966875 0.879108 0.188155 0.933007 0.99497 0.0314976 0.972161 0.0667869 0.993075 0.105642 0.991585 0.995013 0.996996 0.274554 0.969548 0.993929 0.993848 0.990124 0.00571122 0.993073 0.92127 0.977986 0.977966 0.893258 0.0146244 0.968526 0.919404 0.991586 0.0296555 0.981147 0.962447 0.0524384 0.979486 0.0274059 0.971336 0.993428 0.936037 0.787283 0.978056 0.968886 0.827403 0.608887 0.00217092 0.973206 0.665363 0.00963975 0.0211612 0.0183816 0.0248937 0.00348678 0.677391 0.971328 0.0263829 0.102194 0.00302117 0.0915044 0.0147225 0.0173976 0.0753788 0.200311 0.0555311 0.950663 0.997654 0.967921 0.686467 0.0510917 0.0185099 0.00433321 0.883049 0.00302246 0.00270951 0.0130207 0.0221377 0.00389738 0.920753 0.973357 0.0136475 0.0703838 0.00344181 0.653882 0.0289195 0.0143926 0.00330344 0.0244386 0.00348201 0.0371632 0.00367646 0.0146752 0.713232 0.742224 0.979572
0.109886 0.968147 0.0777829 0.962801 0.0515712 0.0765444 0.954689 0.239701 0.0599185 0.967294 0.880855 0.184059 0.934018 0.994985 0.0310124 0.972489 0.0653721 0.993085 0.103431 0.991612 0.995033 0.997003 0.268717 0.969812 0.993962 0.993872 0.990143 0.00567229 0.993083 0.922432 0.97817 0.978146 0.894915 0.0144575 0.968883 0.920644 0.991612 0.0291539 0.981364 0.962853 0.0513511 0.979751 0.0269137 0.971686 0.993424 0.937013 0.791616 0.978257 0.969209 0.830967 0.616444 0.00217078 0.973671 0.671866 0.00958683 0.0208721 0.0182074 0.0245839 0.00346614 0.683584 0.971709 0.0259929 0.100187 0.00302252 0.089486 0.0145893 0.0171858 0.073954 0.196252 0.0546774 0.951511 0.997651 0.968271 0.692172 0.0502852 0.0182966 0.00429966 0.885779 0.00302473 0.0027035 0.0129331 0.0218886 0.0038849 0.922551 0.973822 0.0135318 0.0690884 0.00342672 0.661702 0.0284916 0.0142806 0.00329042 0.0240562 0.00346147 0.0366736 0.00366503 0.0145413 0.719392 0.747593 0.979853
0.107559 0.968497 0.0764061 0.963206 0.0506356 0.0748433 0.955218 0.233955 0.0589728 0.967705 0.882578 0.180009 0.93503 0.995001 0.030532 0.972819 0.0639797 0.993096 0.101252 0.991636 0.995053 0.99701 0.26292 0.970077 0.993995 0.993898 0.990162 0.00563424 0.993095 0.923594 0.978353 0.97833 0.896583 0.0142934 0.969234 0.921882 0.991637 0.0286593 0.981574 0.963257 0.0502746 0.980014 0.0264284 0.972032 0.99342 0.93798 0.795875 0.97846 0.969534 0.834485 0.623953 0.00217025 0.974133 0.678322 0.00953351 0.0205907 0.018035 0.0242806 0.00344605 0.689701 0.972087 0.0256055 0.0982022 0.00302398 0.0874931 0.0144564 0.0169761 0.0725584 0.192261 0.0538432 0.952355 0.997648 0.968621 0.697834 0.0494858 0.0180852 0.00426651 0.888471 0.00302661 0.00269783 0.0128439 0.0216372 0.00387293 0.924309 0.97428 0.0134169 0.0678166 0.00341265 0.669533 0.0280701 0.0141655 0.00327889 0.0236789 0.00344091 0.0361736 0.00365356 0.0144094 0.72551 0.752932 0.980132
0.105243 0.968838 0.0750384 0.963601 0.0497113 0.0731718 0.955753 0.228322 0.0580251 0.968112 0.884286 0.176016 0.93603 0.995016 0.0300566 0.973139 0.0626266 0.993106 0.0991139 0.991659 0.995073 0.997017 0.257166 0.970344 0.994026 0.993925 0.990184 0.00559644 0.993104 0.924738 0.978534 0.978513 0.898227 0.0141304 0.969579 0.923118 0.991662 0.0281692 0.981786 0.963658 0.0492177 0.980273 0.0259534 0.97237 0.993416 0.938925 0.800123 0.978655 0.969857 0.837985 0.631452 0.00217007 0.974583 0.684759 0.0094786 0.0203105 0.0178623 0.0239826 0.00342575 0.695764 0.972458 0.0252258 0.0962533 0.00302585 0.0855386 0.0143251 0.0167698 0.071167 0.18831 0.0530129 0.953182 0.997644 0.968964 0.7035 0.0486869 0.0178733 0.00423417 0.891103 0.00302882 0.00269251 0.0127564 0.0213868 0.00386078 0.926042 0.974724 0.0133037 0.0665535 0.00339872 0.677238 0.0276534 0.0140511 0.00326654 0.0233062 0.00342132 0.035683 0.00364182 0.014274 0.731581 0.758229 0.980406
0.103012 0.969177 0.0736891 0.963995 0.0488115 0.0715418 0.956274 0.222766 0.0570894 0.968516 0.885994 0.172106 0.937025 0.99503 0.0295913 0.973458 0.0612954 0.993117 0.09701 0.991683 0.995091 0.997024 0.25151 0.970608 0.994058 0.993949 0.990207 0.00555967 0.993114 0.925886 0.978715 0.978695 0.899858 0.0139677 0.969915 0.924341 0.991685 0.0276929 0.981997 0.964058 0.0481848 0.980525 0.025493 0.972708 0.993413 0.93986 0.8043 0.978855 0.970179 0.841406 0.638908 0.00216986 0.975027 0.691128 0.00942358 0.0200355 0.0176895 0.0236786 0.00340693 0.701802 0.972826 0.0248498 0.0943298 0.00302779 0.0836468 0.0141911 0.0165676 0.0698023 0.184421 0.0521917 0.953991 0.997641 0.969307 0.709141 0.0478948 0.0176659 0.00420325 0.893674 0.00303045 0.00268727 0.0126671 0.0211374 0.00384952 0.927735 0.975161 0.0131898 0.0653091 0.00338512 0.68486 0.027233 0.013938 0.00325509 0.022941 0.00340246 0.0351955 0.0036307 0.0141387 0.737551 0.76346 0.980675
0.100791 0.969509 0.072356 0.964388 0.047924 0.0699431 0.9568 0.217299 0.0561616 0.968915 0.887697 0.168244 0.938007 0.995045 0.0291294 0.973773 0.0599877 0.993128 0.0949309 0.991707 0.995108 0.99703 0.245878 0.970869 0.994087 0.993972 0.990228 0.00552229 0.993125 0.927009 0.978894 0.978878 0.901463 0.013811 0.970254 0.925533 0.99171 0.0272245 0.9822 0.964458 0.047184 0.980777 0.0250361 0.973044 0.99341 0.940785 0.808428 0.979053 0.97049 0.844768 0.646284 0.0021694 0.975462 0.697493 0.00936713 0.0197616 0.0175186 0.0233778 0.00338831 0.707829 0.97319 0.0244789 0.0924348 0.00302935 0.0817703 0.014057 0.0163674 0.068461 0.180532 0.0513702 0.954782 0.997637 0.969644 0.714736 0.0471126 0.0174579 0.00417208 0.8962 0.00303201 0.0026824 0.0125805 0.0208895 0.00383783 0.929382 0.97559 0.0130753 0.0640795 0.00337135 0.692377 0.0268217 0.0138252 0.00324395 0.0225839 0.0033837 0.034711 0.00362004 0.0140078 0.743436 0.768629 0.980943
0.0986027 0.969841 0.0710381 0.964777 0.0470578 0.0683862 0.957323 0.211928 0.0552435 0.969307 0.889399 0.164401 0.938983 0.995059 0.0286804 0.974087 0.0587017 0.993137 0.0928765 0.991729 0.995126 0.997036 0.240325 0.971125 0.994117 0.993996 0.990248 0.00548533 0.993134 0.928136 0.979071 0.97906 0.903061 0.0136531 0.970588 0.926718 0.991734 0.0267622 0.982398 0.964846 0.0462061 0.981024 0.0245929 0.973373 0.993405 0.941696 0.81251 0.979252 0.970799 0.84811 0.653643 0.00216922 0.975889 0.703804 0.00931092 0.0194958 0.0173491 0.0230818 0.00337014 0.713768 0.97355 0.0241153 0.09057 0.00303129 0.0799367 0.0139287 0.0161703 0.067136 0.176681 0.0505679 0.955554 0.997633 0.96998 0.720322 0.0463366 0.0172594 0.00414224 0.89867 0.0030336 0.00267754 0.0124895 0.0206497 0.00382585 0.930999 0.976009 0.0129608 0.06287 0.00335825 0.699866 0.02642 0.0137114 0.00323273 0.0222311 0.00336549 0.0342327 0.00360857 0.0138746 0.749278 0.773703 0.981206
0.0964489 0.970174 0.0697298 0.965164 0.0462031 0.0668534 0.957837 0.206624 0.0543239 0.969697 0.891095 0.160654 0.939945 0.995073 0.0282329 0.974391 0.0574332 0.993148 0.090863 0.991754 0.995142 0.997041 0.234843 0.971385 0.994146 0.994019 0.990269 0.00544925 0.993144 0.929263 0.979253 0.97924 0.904638 0.013499 0.970917 0.927921 0.991758 0.0263078 0.982597 0.965227 0.0452433 0.98127 0.0241568 0.973703 0.993401 0.942607 0.816538 0.979444 0.971112 0.851415 0.660963 0.00216923 0.976308 0.710058 0.00925671 0.0192305 0.0171768 0.0227911 0.00335186 0.719707 0.973903 0.0237556 0.0887127 0.00303337 0.0781353 0.0137977 0.0159717 0.0658354 0.172907 0.0497609 0.956329 0.997629 0.97031 0.725854 0.0455652 0.0170577 0.00411316 0.901073 0.00303538 0.00267313 0.0124002 0.0204108 0.0038139 0.932581 0.976422 0.01285 0.0616741 0.00334555 0.707231 0.0260263 0.0135978 0.003222 0.0218842 0.00334775 0.0337536 0.00359782 0.0137447 0.755042 0.778754 0.98146
0.0943352 0.970502 0.068447 0.965549 0.0453593 0.0653571 0.958353 0.201424 0.0534209 0.970079 0.892775 0.156957 0.940913 0.995086 0.0277882 0.974695 0.0562154 0.993159 0.0889048 0.991775 0.995157 0.997046 0.229435 0.971651 0.994175 0.994041 0.990292 0.00541443 0.993155 0.930373 0.979435 0.97942 0.90618 0.0133469 0.971244 0.929098 0.991782 0.0258662 0.98279 0.96561 0.0442996 0.981508 0.0237332 0.974029 0.993398 0.943498 0.820526 0.97964 0.971417 0.854647 0.668201 0.00216958 0.976721 0.716236 0.00919963 0.0189679 0.0170083 0.0225022 0.00333423 0.72551 0.974253 0.0233982 0.0868638 0.00303476 0.0763752 0.0136665 0.0157794 0.0645578 0.169177 0.0489632 0.957079 0.997624 0.970638 0.731351 0.0448128 0.016858 0.00408429 0.903446 0.00303658 0.00266853 0.0123103 0.0201719 0.00380289 0.934128 0.97683 0.0127383 0.0604932 0.00333324 0.714504 0.0256336 0.0134855 0.00321201 0.0215478 0.00333031 0.0332822 0.00358733 0.0136151 0.760721 0.783711 0.98171
0.0922581 0.970826 0.0671786 0.965928 0.0445184 0.0638924 0.958864 0.196307 0.0525374 0.97046 0.894432 0.153295 0.941865 0.995098 0.0273518 0.974992 0.0550024 0.993168 0.0869733 0.991798 0.995172 0.99705 0.224063 0.971903 0.994203 0.994063 0.990313 0.00537864 0.993165 0.93147 0.979614 0.979601 0.907729 0.0131959 0.971569 0.930256 0.991803 0.0254301 0.98298 0.965987 0.0433801 0.981743 0.0233157 0.974348 0.993394 0.944382 0.824419 0.979835 0.971718 0.857823 0.675392 0.00216984 0.977124 0.722408 0.00914284 0.0187082 0.0168387 0.0222124 0.00331762 0.731327 0.974591 0.0230449 0.0850846 0.00303658 0.0746593 0.0135368 0.0155872 0.0632966 0.165493 0.0481724 0.957816 0.99762 0.970961 0.736831 0.0440692 0.0166612 0.0040559 0.905761 0.00303809 0.00266413 0.0122211 0.0199314 0.00379263 0.935644 0.977223 0.012625 0.0593431 0.00332131 0.721662 0.0252524 0.0133727 0.00320207 0.0212129 0.00331353 0.0328148 0.00357715 0.0134865 0.766343 0.788584 0.981956
0.090208 0.97115 0.0659282 0.966306 0.0436948 0.0624498 0.959361 0.191296 0.0516609 0.970833 0.896083 0.149716 0.942811 0.99511 0.0269218 0.975287 0.0538318 0.993178 0.0850705 0.99182 0.995188 0.997054 0.218794 0.972158 0.994229 0.994084 0.990337 0.00534324 0.993175 0.932554 0.979794 0.979777 0.909254 0.0130472 0.971886 0.931423 0.991827 0.0249991 0.983171 0.966361 0.0424741 0.981977 0.022908 0.974663 0.993391 0.94525 0.82828 0.980031 0.972015 0.860948 0.68251 0.00217028 0.97752 0.728476 0.00908709 0.0184535 0.0166678 0.0219295 0.00330098 0.737073 0.974929 0.0227014 0.0833231 0.00303806 0.072963 0.0134101 0.0153981 0.0620507 0.161847 0.0473933 0.958542 0.997615 0.971281 0.742227 0.0433279 0.0164669 0.00402869 0.908037 0.00303971 0.00266041 0.0121296 0.0196975 0.00378191 0.937126 0.97761 0.0125141 0.0582042 0.00330911 0.728707 0.0248674 0.0132618 0.00319183 0.0208862 0.00329686 0.0323406 0.00356694 0.0133581 0.771898 0.793403 0.9822
0.0882231 0.971475 0.0647019 0.96668 0.0428856 0.0610418 0.959861 0.18639 0.0507869 0.971198 0.897715 0.146213 0.943734 0.995123 0.0265023 0.975581 0.0526757 0.993189 0.0832093 0.991841 0.995202 0.997058 0.213585 0.972411 0.994256 0.994104 0.990359 0.00530882 0.993185 0.933623 0.979971 0.979955 0.910759 0.0128978 0.972202 0.932566 0.991849 0.0245764 0.983353 0.966738 0.0415874 0.982205 0.0225074 0.974974 0.993387 0.946107 0.832081 0.980224 0.972313 0.864048 0.689573 0.00217123 0.977903 0.734496 0.00903175 0.0182037 0.0164989 0.0216478 0.00328486 0.742792 0.975268 0.0223623 0.0815758 0.00303962 0.0713044 0.0132805 0.0152126 0.0608327 0.158235 0.0466261 0.959251 0.99761 0.971598 0.747567 0.0426033 0.0162738 0.0040025 0.910265 0.00304151 0.00265668 0.0120367 0.019466 0.00377037 0.938566 0.977993 0.0124025 0.0570819 0.00329791 0.735646 0.0244934 0.0131503 0.00318216 0.0205657 0.00328112 0.0318809 0.0035565 0.0132327 0.777373 0.798155 0.982443
0.0862746 0.971795 0.0634799 0.967051 0.0420924 0.0596705 0.960356 0.181567 0.0499189 0.971557 0.899337 0.142763 0.944658 0.995135 0.026085 0.97587 0.0515389 0.9932 0.0813796 0.991863 0.995216 0.997061 0.2085 0.972662 0.994282 0.994124 0.990383 0.00527435 0.993196 0.934695 0.980148 0.980131 0.912257 0.0127517 0.97251 0.933709 0.991873 0.0241648 0.983536 0.967106 0.0407235 0.982431 0.022115 0.975284 0.993383 0.946951 0.835797 0.980412 0.972607 0.867072 0.696548 0.0021716 0.978281 0.740433 0.00897483 0.0179596 0.0163289 0.0213685 0.00326908 0.748385 0.975599 0.0220301 0.0798716 0.0030408 0.0696873 0.0131532 0.0150288 0.0596349 0.154708 0.0458615 0.959951 0.997605 0.971912 0.752883 0.0418838 0.0160822 0.00397619 0.912424 0.00304286 0.00265309 0.0119476 0.0192318 0.00375948 0.939979 0.978369 0.012292 0.0559808 0.00328701 0.742444 0.024125 0.013038 0.00317203 0.0202491 0.00326537 0.0314218 0.00354648 0.0131076 0.782747 0.802881 0.982676
0.0843493 0.97211 0.0622801 0.967413 0.041301 0.0583252 0.960842 0.176839 0.0490694 0.971917 0.900956 0.139368 0.945556 0.995147 0.0256797 0.976153 0.0504216 0.993211 0.079582 0.991885 0.995228 0.997064 0.203459 0.972909 0.994307 0.994143 0.990405 0.00524087 0.993205 0.935744 0.980324 0.980306 0.913726 0.0126057 0.972818 0.934832 0.991895 0.0237598 0.983712 0.96747 0.0398767 0.982655 0.0217305 0.975591 0.99338 0.947789 0.83948 0.980604 0.972897 0.870061 0.703481 0.00217244 0.978649 0.74631 0.00891691 0.0177167 0.0161597 0.0210889 0.00325363 0.753975 0.975921 0.021701 0.0782011 0.00304272 0.068096 0.0130261 0.014848 0.0584461 0.151216 0.0451081 0.960633 0.997599 0.972224 0.75813 0.0411803 0.0158954 0.00395094 0.914531 0.00304444 0.00264958 0.011857 0.0189993 0.0037495 0.941352 0.978738 0.0121822 0.054901 0.00327589 0.749156 0.0237613 0.0129253 0.00316287 0.019933 0.00325013 0.0309668 0.00353689 0.0129809 0.788056 0.807526 0.982911
0.0824605 0.972425 0.0611055 0.967778 0.0405383 0.0570062 0.961331 0.17221 0.0482216 0.972272 0.902553 0.136034 0.946449 0.995158 0.025276 0.976433 0.0493379 0.993221 0.0778364 0.991908 0.995241 0.997067 0.198493 0.973161 0.994332 0.994163 0.990427 0.00520812 0.993215 0.936785 0.980499 0.980486 0.915174 0.0124642 0.973124 0.935937 0.991917 0.0233627 0.983888 0.967832 0.0390478 0.982873 0.021355 0.97589 0.993378 0.948608 0.84309 0.980796 0.973185 0.872972 0.710294 0.00217334 0.979014 0.752133 0.00886032 0.0174763 0.0159902 0.0208161 0.00323917 0.759415 0.976244 0.0213758 0.0765402 0.00304438 0.0665379 0.0129011 0.0146665 0.0572917 0.147787 0.0443678 0.961308 0.997594 0.972533 0.763308 0.0404839 0.0157073 0.0039254 0.916595 0.00304581 0.00264652 0.0117681 0.0187677 0.0037389 0.942688 0.9791 0.012073 0.0538372 0.00326487 0.755757 0.0234018 0.0128152 0.00315379 0.0196287 0.00323562 0.0305205 0.00352777 0.012857 0.793253 0.812083 0.983141
0.0806071 0.972739 0.0599331 0.968139 0.0397853 0.0557199 0.961808 0.167674 0.047387 0.972618 0.904129 0.132748 0.947329 0.995169 0.0248792 0.97671 0.0482792 0.993232 0.0761199 0.991931 0.995253 0.997069 0.193617 0.973407 0.994354 0.994182 0.990451 0.0051755 0.993225 0.937812 0.980668 0.980661 0.916618 0.0123215 0.973424 0.937028 0.991936 0.0229745 0.984061 0.968193 0.0382378 0.983088 0.0209844 0.976192 0.993374 0.949424 0.846655 0.980984 0.973467 0.875842 0.71705 0.00217441 0.979373 0.757864 0.00880453 0.017239 0.0158236 0.0205434 0.00322481 0.764786 0.976562 0.0210553 0.074925 0.00304577 0.0650126 0.0127786 0.0144905 0.0561513 0.144413 0.0436287 0.961962 0.997588 0.972839 0.768433 0.0397941 0.0155231 0.00390082 0.918609 0.00304723 0.00264286 0.0116768 0.0185417 0.00372846 0.943997 0.979453 0.0119632 0.05279 0.0032541 0.762249 0.0230481 0.012703 0.00314462 0.0193278 0.00322206 0.030078 0.00351793 0.0127302 0.798382 0.816543 0.983367
0.0787826 0.973049 0.0587821 0.968495 0.0390484 0.0544506 0.962277 0.163242 0.0465674 0.972961 0.905686 0.129544 0.9482 0.995179 0.0244876 0.976984 0.0472409 0.993242 0.074416 0.991951 0.995265 0.997071 0.188847 0.973651 0.994378 0.9942 0.990474 0.00514367 0.993236 0.938834 0.98084 0.980834 0.918045 0.0121812 0.973723 0.938109 0.991957 0.0225879 0.984233 0.968546 0.0374504 0.9833 0.0206239 0.976487 0.99337 0.950217 0.85015 0.981173 0.973748 0.878673 0.723733 0.00217604 0.979722 0.763499 0.00874802 0.0170063 0.0156588 0.0202762 0.00321119 0.770138 0.976875 0.0207447 0.0733412 0.00304715 0.0635209 0.012655 0.014314 0.0550302 0.141096 0.0428975 0.962607 0.997582 0.973142 0.773492 0.0391189 0.0153424 0.00387677 0.920583 0.00304868 0.0026398 0.0115863 0.0183158 0.00371774 0.945274 0.9798 0.0118546 0.0517611 0.00324338 0.768587 0.0227007 0.0125924 0.00313632 0.0190314 0.00320763 0.0296359 0.00350785 0.0126069 0.803429 0.820934 0.983584
0.0770014 0.973353 0.0576413 0.968839 0.0383196 0.0532231 0.962747 0.158928 0.0457556 0.973302 0.907232 0.126396 0.949059 0.995189 0.0241027 0.977258 0.0462293 0.993253 0.0727737 0.991971 0.995277 0.997073 0.184154 0.973893 0.9944 0.994218 0.990498 0.00511205 0.993246 0.939843 0.981012 0.981009 0.91946 0.0120454 0.974018 0.93917 0.991977 0.0222133 0.9844 0.968898 0.036676 0.983507 0.0202691 0.976782 0.993364 0.951002 0.85359 0.981359 0.974027 0.881432 0.730295 0.00217699 0.980067 0.769016 0.00869015 0.0167784 0.0154932 0.0200092 0.00319791 0.775375 0.977183 0.0204343 0.0717889 0.00304819 0.0620693 0.0125312 0.0141419 0.0539288 0.137827 0.0421858 0.963235 0.997576 0.973439 0.778493 0.0384461 0.0151646 0.00385284 0.922523 0.00305032 0.00263683 0.0114965 0.0180911 0.00370804 0.946526 0.980136 0.0117463 0.0507502 0.00323316 0.774804 0.0223539 0.0124811 0.00312786 0.0187442 0.00319368 0.0292047 0.00349878 0.0124834 0.80839 0.825247 0.983803
0.0752601 0.973655 0.0565259 0.969187 0.0376015 0.052028 0.963213 0.154683 0.0449506 0.973636 0.908751 0.123311 0.949911 0.995199 0.0237222 0.977529 0.0452313 0.993262 0.0711503 0.991992 0.995288 0.997075 0.179552 0.97414 0.994422 0.994236 0.990522 0.00508126 0.993256 0.940828 0.981184 0.981181 0.920859 0.0119084 0.974305 0.940216 0.991998 0.0218408 0.984566 0.969243 0.0359201 0.98371 0.0199231 0.977072 0.993362 0.95178 0.856948 0.981542 0.974302 0.884136 0.736767 0.00217804 0.980404 0.774488 0.00863297 0.0165533 0.0153315 0.0197471 0.0031846 0.780546 0.977486 0.0201243 0.0702568 0.00304941 0.0606469 0.012409 0.0139719 0.052854 0.134627 0.0414741 0.963858 0.99757 0.973734 0.783417 0.037784 0.0149851 0.00383007 0.924399 0.00305173 0.00263375 0.011403 0.0178728 0.0036985 0.947734 0.98047 0.0116385 0.0497572 0.00322284 0.7809 0.0220191 0.012371 0.00311954 0.0184574 0.00318039 0.0287711 0.00348974 0.012362 0.813267 0.829488 0.984016
0.0735501 0.973954 0.0554262 0.969524 0.0368995 0.0508553 0.963674 0.150567 0.0441604 0.973963 0.910259 0.120298 0.950749 0.995209 0.0233458 0.977797 0.0442581 0.993271 0.0695745 0.992011 0.995299 0.997076 0.175014 0.974385 0.994443 0.994253 0.990548 0.00505052 0.993266 0.941806 0.981354 0.981352 0.922225 0.0117773 0.974593 0.941263 0.992018 0.0214832 0.984729 0.969584 0.035181 0.983908 0.0195883 0.977354 0.993357 0.952542 0.860263 0.981726 0.974578 0.886813 0.743151 0.00217973 0.980732 0.779865 0.00857593 0.01633 0.0151716 0.0194915 0.00317137 0.785639 0.977784 0.019825 0.0687374 0.00305045 0.059273 0.0122875 0.013804 0.0518015 0.131468 0.0407811 0.964465 0.997564 0.974024 0.78827 0.0371287 0.0148082 0.00380813 0.926232 0.00305285 0.00263085 0.0113109 0.0176536 0.00368893 0.948922 0.980795 0.0115293 0.0487794 0.00321259 0.786895 0.0216848 0.0122615 0.00311081 0.0181806 0.00316758 0.0283444 0.003481 0.0122408 0.818039 0.833646 0.984228
0.0718807 0.97425 0.0543439 0.969863 0.0362098 0.0497046 0.964129 0.146529 0.0433861 0.974295 0.911745 0.117334 0.951579 0.995217 0.0229816 0.978056 0.043309 0.99328 0.0680251 0.99203 0.995309 0.997076 0.170565 0.974622 0.994464 0.994268 0.990572 0.00502008 0.993277 0.942772 0.981523 0.981523 0.92358 0.0116452 0.974873 0.942281 0.992038 0.021126 0.984888 0.969929 0.034459 0.984107 0.0192603 0.977636 0.993354 0.95329 0.863484 0.98191 0.974847 0.889436 0.74942 0.00218125 0.981054 0.785152 0.00851951 0.0161093 0.0150104 0.0192362 0.00315867 0.790642 0.978077 0.0195326 0.0672666 0.00305135 0.0579066 0.0121671 0.0136384 0.050768 0.128384 0.0400987 0.965055 0.997558 0.974313 0.79305 0.0364897 0.0146356 0.00378642 0.928017 0.00305396 0.00262731 0.0112218 0.0174392 0.00367973 0.950071 0.981114 0.0114218 0.0478194 0.00320336 0.79275 0.021355 0.0121527 0.00310237 0.0179042 0.00315493 0.0279289 0.00347291 0.0121231 0.822711 0.83771 0.984436
0.0702449 0.974541 0.0532634 0.9702 0.0355367 0.0485889 0.964582 0.142581 0.0426195 0.974615 0.91322 0.114426 0.952391 0.995226 0.0226188 0.978316 0.0423777 0.993291 0.0665059 0.99205 0.995319 0.997077 0.166209 0.974863 0.994484 0.994285 0.990597 0.00498967 0.993287 0.943723 0.981687 0.981694 0.924911 0.011514 0.975148 0.943287 0.992057 0.0207798 0.985046 0.970259 0.0337427 0.984301 0.0189363 0.977911 0.99335 0.954035 0.866686 0.982088 0.975107 0.891987 0.755608 0.00218326 0.981368 0.790379 0.00846162 0.0158916 0.0148506 0.0189808 0.00314605 0.795562 0.978366 0.0192446 0.0658217 0.00305285 0.0565799 0.0120489 0.0134763 0.0497501 0.12535 0.0394161 0.965641 0.997551 0.974601 0.797776 0.0358538 0.0144638 0.00376578 0.929769 0.00305456 0.00262484 0.0111314 0.0172253 0.0036702 0.951202 0.981428 0.0113188 0.0468842 0.00319357 0.798479 0.0210345 0.0120435 0.00309466 0.0176333 0.00314298 0.027511 0.00346403 0.0120021 0.827298 0.841694 0.984641
0.0686489 0.974834 0.0522137 0.970529 0.0348734 0.0474996 0.965028 0.138712 0.041865 0.974929 0.91469 0.111586 0.953199 0.995236 0.0222653 0.978571 0.0414674 0.993301 0.0650151 0.992068 0.995328 0.997077 0.161942 0.975097 0.994504 0.994301 0.990623 0.00495978 0.993298 0.944664 0.981852 0.981857 0.92622 0.0113843 0.97542 0.944279 0.992076 0.0204401 0.985201 0.97059 0.0330525 0.984495 0.0186199 0.978186 0.993348 0.954763 0.869793 0.982269 0.975368 0.894485 0.761695 0.00218466 0.981676 0.795503 0.0084065 0.0156805 0.0146929 0.0187332 0.00313381 0.800415 0.97865 0.0189599 0.0644045 0.0030538 0.0552884 0.0119296 0.0133143 0.048759 0.122362 0.0387541 0.966215 0.997544 0.974884 0.802431 0.0352357 0.0142961 0.00374459 0.93148 0.00305515 0.0026225 0.0110416 0.0170138 0.00366128 0.952309 0.981734 0.011215 0.0459619 0.00318479 0.804062 0.0207174 0.0119372 0.0030876 0.0173688 0.00313088 0.0270942 0.00345529 0.0118816 0.831773 0.845591 0.984843
0.0670809 0.975117 0.0511925 0.970856 0.0342209 0.0464286 0.965465 0.134923 0.0411206 0.975242 0.916124 0.108806 0.953991 0.995244 0.0219211 0.978825 0.0405813 0.993312 0.0635599 0.992087 0.995338 0.997078 0.157759 0.975333 0.994523 0.994316 0.990648 0.00493066 0.993309 0.94558 0.982018 0.982024 0.927522 0.0112561 0.975691 0.945261 0.992095 0.0201048 0.985352 0.97092 0.0323792 0.984684 0.0183116 0.97845 0.993345 0.955483 0.872853 0.982447 0.975626 0.896922 0.767658 0.00218612 0.981978 0.800532 0.00835058 0.0154722 0.0145349 0.0184848 0.00312238 0.805169 0.97893 0.0186795 0.063017 0.00305459 0.0540161 0.0118133 0.0131548 0.0477764 0.119435 0.038093 0.966776 0.997537 0.97516 0.80704 0.0346252 0.0141272 0.00372355 0.933141 0.00305664 0.00262024 0.0109501 0.0168054 0.0036522 0.953382 0.982037 0.0111092 0.0450593 0.00317627 0.809534 0.0204034 0.0118308 0.00307998 0.0171094 0.00311908 0.026686 0.00344708 0.0117624 0.836188 0.849426 0.985038
0.0655416 0.975401 0.0501828 0.971181 0.0335819 0.0453852 0.965902 0.131253 0.040388 0.975548 0.917542 0.106078 0.954767 0.995252 0.0215786 0.979075 0.039711 0.993321 0.0621446 0.992105 0.995346 0.997077 0.153665 0.97557 0.994542 0.99433 0.990674 0.00490253 0.993319 0.946486 0.982179 0.982187 0.928793 0.0111308 0.975958 0.946221 0.992113 0.0197732 0.985501 0.971242 0.0317227 0.98487 0.0180101 0.978715 0.993343 0.956187 0.875834 0.98262 0.975885 0.89932 0.773518 0.0021881 0.982274 0.805468 0.00829443 0.0152653 0.0143779 0.0182402 0.00311056 0.809852 0.979205 0.0184051 0.0616567 0.00305591 0.0527906 0.011698 0.0129977 0.0468147 0.116556 0.0374434 0.967331 0.99753 0.975437 0.811519 0.0340214 0.0139645 0.00370363 0.934766 0.00305797 0.00261795 0.0108582 0.0165986 0.00364317 0.954436 0.982333 0.0110075 0.0441766 0.00316769 0.814897 0.0201032 0.0117237 0.00307261 0.0168545 0.00310821 0.0262855 0.00343943 0.0116457 0.840478 0.853155 0.985233
0.0640463 0.975685 0.0491902 0.971505 0.0329568 0.0443688 0.966332 0.12769 0.0396624 0.975849 0.918957 0.103425 0.955532 0.99526 0.0212383 0.97932 0.0388639 0.993332 0.0607517 0.992124 0.995354 0.997077 0.149635 0.975803 0.99456 0.994344 0.990699 0.00487421 0.993329 0.947377 0.982341 0.982348 0.930059 0.0110066 0.976221 0.947172 0.99213 0.0194511 0.985647 0.971564 0.0310762 0.985053 0.0177135 0.978977 0.993341 0.956878 0.878752 0.982794 0.976135 0.901666 0.779257 0.00218993 0.982564 0.810322 0.00823976 0.0150603 0.0142229 0.0179986 0.00309961 0.814438 0.979475 0.01813 0.0603222 0.00305624 0.0515923 0.0115837 0.0128442 0.0458681 0.113754 0.0367998 0.967872 0.997523 0.975708 0.815936 0.0334306 0.0138008 0.00368455 0.936359 0.00305909 0.00261598 0.0107664 0.0163941 0.00363394 0.955446 0.982623 0.0109061 0.0433052 0.00315932 0.82015 0.0198024 0.0116177 0.00306517 0.016601 0.00309732 0.0258978 0.00343092 0.0115334 0.844692 0.856852 0.985423
0.0625879 0.975966 0.0482186 0.971819 0.0323412 0.0433736 0.966751 0.124193 0.0389521 0.976151 0.920352 0.100836 0.956286 0.995267 0.0209072 0.979561 0.0380381 0.993342 0.0593888 0.992141 0.995362 0.997076 0.145729 0.976036 0.994578 0.994358 0.990725 0.00484555 0.99334 0.948258 0.982502 0.982506 0.931288 0.0108851 0.976481 0.948107 0.992147 0.0191378 0.985792 0.971878 0.0304421 0.985232 0.0174238 0.979237 0.99334 0.957559 0.881629 0.982965 0.976387 0.903966 0.784919 0.00219178 0.982848 0.815068 0.00818425 0.0148595 0.0140684 0.017761 0.00308865 0.818967 0.979742 0.0178647 0.0590158 0.00305712 0.0504123 0.0114704 0.0126923 0.0449487 0.111004 0.0361685 0.9684 0.997516 0.975979 0.820306 0.0328454 0.0136393 0.00366511 0.937903 0.0030607 0.0026145 0.0106764 0.0161951 0.00362515 0.956443 0.982904 0.0108053 0.0424597 0.00315119 0.825227 0.0195049 0.0115138 0.00305797 0.0163558 0.00308679 0.0255084 0.00342254 0.011421 0.848818 0.860426 0.98561
0.0611445 0.976242 0.0472598 0.972133 0.0317426 0.0423987 0.967167 0.120789 0.0382516 0.97645 0.921722 0.0983139 0.957028 0.995274 0.0205771 0.979795 0.0372258 0.993351 0.0580548 0.992158 0.99537 0.997075 0.141922 0.976263 0.994595 0.994373 0.990751 0.00481686 0.993349 0.94913 0.982659 0.982665 0.932496 0.0107642 0.976736 0.949038 0.992165 0.0188279 0.985934 0.97219 0.0298267 0.985408 0.0171395 0.979491 0.993339 0.958236 0.884424 0.983135 0.976635 0.906217 0.790469 0.00219348 0.983126 0.819735 0.0081293 0.014662 0.013919 0.0175256 0.00307856 0.823404 0.980003 0.0176034 0.0577345 0.00305755 0.0492649 0.0113566 0.0125438 0.0440491 0.10832 0.0355482 0.968924 0.997508 0.976242 0.824588 0.0322735 0.0134829 0.00364677 0.939401 0.00306165 0.0026132 0.0105877 0.0159982 0.00361656 0.957405 0.983183 0.0107052 0.0416226 0.00314352 0.830188 0.0192139 0.0114106 0.00305113 0.0161138 0.00307633 0.025125 0.00341488 0.0113101 0.852829 0.863923 0.985795
0.0597416 0.976512 0.0463233 0.97244 0.0311536 0.0414558 0.967579 0.117463 0.0375648 0.976737 0.923054 0.0958571 0.957767 0.995281 0.020253 0.980032 0.0364396 0.993362 0.0567584 0.992176 0.995378 0.997074 0.138182 0.976489 0.994612 0.994387 0.990777 0.00478873 0.993359 0.949992 0.98282 0.982823 0.933694 0.0106451 0.976986 0.949946 0.992184 0.0185252 0.986076 0.9725 0.0292285 0.985581 0.0168604 0.979741 0.993336 0.958894 0.887185 0.983302 0.976878 0.908419 0.795907 0.0021955 0.983398 0.824267 0.00807404 0.0144695 0.0137677 0.0172948 0.00306807 0.827758 0.98026 0.017344 0.056474 0.0030581 0.0481413 0.0112449 0.0123954 0.0431605 0.105683 0.0349448 0.969434 0.997501 0.976506 0.828779 0.0317109 0.0133263 0.00362898 0.940874 0.00306218 0.0026113 0.0104993 0.015803 0.00360839 0.958352 0.983452 0.0106053 0.0408058 0.00313522 0.835033 0.0189232 0.011308 0.00304493 0.0158762 0.00306654 0.0247472 0.00340682 0.0112009 0.856742 0.867379 0.985976
0.0583696 0.976775 0.0454037 0.97275 0.0305777 0.0405299 0.967992 0.114231 0.0368864 0.977023 0.924377 0.0934242 0.958482 0.995288 0.0199373 0.980261 0.0356677 0.993372 0.0554861 0.992194 0.995385 0.997072 0.134528 0.976713 0.994628 0.9944 0.990804 0.00476202 0.993369 0.95084 0.982976 0.982978 0.934868 0.0105269 0.977235 0.950832 0.992201 0.0182254 0.986212 0.972799 0.0286416 0.985752 0.0165869 0.979988 0.993334 0.959543 0.889856 0.983469 0.977115 0.910562 0.801195 0.00219766 0.983665 0.828727 0.00802002 0.0142786 0.0136205 0.0170656 0.00305827 0.831998 0.980519 0.0170904 0.0552431 0.00305854 0.0470529 0.0111359 0.0122487 0.0422903 0.103101 0.0343452 0.969937 0.997493 0.976767 0.832876 0.0311594 0.0131747 0.00361119 0.942296 0.00306308 0.00260901 0.0104107 0.0156082 0.00360019 0.959272 0.983715 0.0105064 0.040006 0.00312737 0.839774 0.0186412 0.0112063 0.00303832 0.0156417 0.00305679 0.024378 0.00339947 0.0110894 0.860558 0.870726 0.986151
0.0570316 0.977034 0.0445056 0.973054 0.0300149 0.0396312 0.968395 0.11108 0.0362159 0.97731 0.925684 0.0910858 0.959189 0.995294 0.0196278 0.980487 0.0349174 0.993382 0.0542465 0.992212 0.995392 0.997071 0.130962 0.976936 0.994644 0.994413 0.990828 0.00473513 0.993379 0.951673 0.983132 0.983132 0.936021 0.0104122 0.977478 0.951703 0.992219 0.0179323 0.986346 0.973099 0.0280729 0.985921 0.0163215 0.980232 0.993332 0.960182 0.89248 0.983634 0.97735 0.912662 0.806401 0.00220028 0.983926 0.833097 0.00796485 0.0140886 0.0134726 0.0168395 0.00304931 0.836159 0.980769 0.0168396 0.0540346 0.00305987 0.0459862 0.0110258 0.012105 0.0414438 0.100583 0.033756 0.970428 0.997485 0.977021 0.836913 0.0306159 0.013022 0.00359393 0.943685 0.00306362 0.00260785 0.0103235 0.0154159 0.00359145 0.960175 0.98398 0.0104092 0.0392277 0.00312049 0.84437 0.0183631 0.0111042 0.00303212 0.0154131 0.00304724 0.02401 0.00339185 0.0109791 0.86431 0.873993 0.986324
0.0557277 0.977295 0.0436218 0.973352 0.0294597 0.0387517 0.968793 0.108023 0.0355621 0.977587 0.926973 0.0887896 0.959879 0.995301 0.0193234 0.980711 0.034185 0.993391 0.0530409 0.99223 0.995398 0.997068 0.127474 0.977156 0.99466 0.994426 0.990853 0.0047092 0.993389 0.9525 0.983285 0.983288 0.937153 0.0102982 0.97772 0.952569 0.992236 0.0176481 0.986481 0.973397 0.02752 0.986085 0.0160599 0.980472 0.993329 0.960809 0.895046 0.983796 0.977585 0.914716 0.811517 0.00220266 0.984183 0.837393 0.00791134 0.0139035 0.0133268 0.0166182 0.00304029 0.840231 0.981015 0.016591 0.0528524 0.00306013 0.0449518 0.0109173 0.0119643 0.0406165 0.0981158 0.0331713 0.970909 0.997477 0.977276 0.84088 0.0300873 0.0128704 0.0035765 0.945043 0.00306435 0.00260667 0.0102356 0.0152278 0.0035827 0.961048 0.984233 0.0103119 0.0384665 0.00311352 0.848841 0.0180874 0.0110039 0.00302615 0.0151872 0.00303799 0.0236426 0.00338407 0.0108699 0.867955 0.877192 0.986496
0.0544573 0.977553 0.0427567 0.97365 0.0289168 0.0378908 0.969188 0.105046 0.0349124 0.977858 0.928245 0.0865507 0.960564 0.995307 0.0190255 0.98093 0.0334713 0.993401 0.0518512 0.992247 0.995404 0.997066 0.124062 0.977374 0.994676 0.994439 0.990879 0.00468293 0.9934 0.953311 0.983438 0.983442 0.938276 0.0101862 0.977959 0.953417 0.992252 0.0173636 0.986613 0.97369 0.0269767 0.986248 0.0158063 0.980713 0.993328 0.961424 0.89756 0.983959 0.977815 0.916729 0.816501 0.00220503 0.984431 0.841587 0.0078577 0.0137222 0.0131824 0.0163992 0.00303081 0.844221 0.981258 0.0163471 0.0517021 0.00306106 0.0439329 0.0108104 0.0118254 0.0398033 0.0956936 0.0325963 0.971377 0.997469 0.977525 0.844763 0.0295622 0.012722 0.00356034 0.946367 0.00306587 0.0026052 0.0101483 0.0150379 0.0035744 0.961901 0.984482 0.0102179 0.0377218 0.00310596 0.853247 0.0178186 0.0109036 0.00302015 0.0149646 0.00302861 0.0232845 0.00337667 0.0107638 0.871506 0.880314 0.986664
0.0532154 0.977807 0.0419073 0.973935 0.0283851 0.0370561 0.969574 0.102152 0.0342778 0.978125 0.929482 0.0843608 0.961236 0.995313 0.0187313 0.981146 0.0327696 0.993411 0.0506925 0.992264 0.99541 0.997063 0.120761 0.977589 0.994691 0.994451 0.990906 0.00465768 0.993409 0.954097 0.983588 0.983593 0.939371 0.0100748 0.978192 0.954251 0.992269 0.017088 0.986743 0.97398 0.026442 0.986406 0.0155569 0.980946 0.993326 0.962037 0.899995 0.984119 0.978043 0.918704 0.821365 0.00220752 0.984674 0.845667 0.00780307 0.0135433 0.0130385 0.0161839 0.0030216 0.848117 0.981497 0.0161129 0.0505752 0.00306167 0.0429405 0.0107055 0.0116901 0.0390051 0.0933476 0.032032 0.971834 0.99746 0.97777 0.848572 0.0290469 0.0125745 0.00354439 0.947656 0.0030672 0.0026039 0.010062 0.0148528 0.00356647 0.96273 0.984727 0.0101222 0.0369916 0.00309913 0.857503 0.0175546 0.0108035 0.00301456 0.0147491 0.00301973 0.0229274 0.00336919 0.0106584 0.874983 0.883385 0.98683
0.0520005 0.978052 0.0410745 0.974224 0.0278652 0.0362417 0.969952 0.0993512 0.0336588 0.97839 0.930715 0.0822164 0.961895 0.995319 0.0184445 0.981359 0.0320872 0.993421 0.0495556 0.99228 0.995417 0.99706 0.117516 0.977803 0.994706 0.994462 0.990932 0.00463198 0.993419 0.954873 0.983737 0.983742 0.940448 0.0099661 0.978423 0.955065 0.992285 0.016821 0.986868 0.974266 0.0259192 0.986563 0.0153095 0.981177 0.993323 0.962633 0.902376 0.984278 0.978264 0.920619 0.826116 0.00221024 0.984916 0.849681 0.00775006 0.0133673 0.0128969 0.0159705 0.00301295 0.851935 0.98173 0.0158781 0.0494773 0.00306271 0.0419814 0.0105997 0.0115557 0.0382283 0.0910452 0.0314761 0.972285 0.997451 0.978016 0.852289 0.0285413 0.012428 0.0035285 0.948903 0.00306782 0.00260269 0.00997614 0.0146686 0.0035589 0.963536 0.984968 0.0100287 0.0362702 0.00309206 0.861642 0.017296 0.010704 0.00300893 0.0145385 0.00301167 0.0225812 0.00336198 0.010555 0.878372 0.886376 0.98699
0.0508129 0.978297 0.0402477 0.974506 0.0273508 0.0354506 0.970324 0.0966202 0.0330528 0.978648 0.931926 0.080138 0.962547 0.995325 0.0181623 0.981571 0.0314217 0.993431 0.0484517 0.992296 0.995423 0.997057 0.114364 0.978012 0.994719 0.994474 0.990958 0.00460642 0.993427 0.955631 0.983886 0.98389 0.941504 0.00985891 0.978654 0.955871 0.992302 0.0165609 0.986993 0.974548 0.0254133 0.986716 0.015071 0.9814 0.993321 0.96322 0.904707 0.984434 0.978487 0.922483 0.830764 0.00221292 0.985149 0.853599 0.00769849 0.0131939 0.0127574 0.0157616 0.00300457 0.855686 0.981962 0.01565 0.0484015 0.00306369 0.0410424 0.0104957 0.0114219 0.0374562 0.0888001 0.0309342 0.972729 0.997443 0.978257 0.855922 0.0280457 0.0122857 0.00351193 0.950126 0.00306787 0.00260164 0.00989004 0.014489 0.00355125 0.964327 0.985204 0.00993556 0.0355654 0.00308553 0.865672 0.017044 0.0106066 0.00300298 0.0143303 0.00300312 0.0222411 0.00335488 0.0104509 0.881667 0.889281 0.987149
0.0496576 0.978541 0.0394442 0.974785 0.0268526 0.0346811 0.970696 0.0939625 0.0324569 0.978906 0.933121 0.0781027 0.963176 0.99533 0.0178867 0.981777 0.0307721 0.99344 0.0473743 0.992311 0.995427 0.997055 0.111302 0.97822 0.994733 0.994485 0.990984 0.0045817 0.993438 0.956388 0.984033 0.984039 0.942526 0.00975423 0.978878 0.956662 0.992316 0.0163035 0.987114 0.974828 0.0249197 0.986867 0.0148331 0.981623 0.993319 0.963796 0.906999 0.984589 0.978703 0.924308 0.835324 0.0022158 0.985378 0.857419 0.00764672 0.0130251 0.0126211 0.0155528 0.002996 0.859304 0.982188 0.0154264 0.0473542 0.00306455 0.0401261 0.0103933 0.0112897 0.0367111 0.08661 0.0303999 0.973164 0.997434 0.978491 0.859493 0.0275602 0.012145 0.00349624 0.951304 0.00306869 0.00260106 0.00980572 0.0143112 0.00354349 0.965096 0.985434 0.00984361 0.0348671 0.00307942 0.869569 0.0167932 0.0105127 0.00299777 0.0141251 0.00299493 0.0219048 0.00334772 0.0103489 0.884883 0.892122 0.987305
0.0485272 0.978781 0.0386659 0.975057 0.0263649 0.0339278 0.97106 0.0913741 0.0318738 0.979159 0.934281 0.076128 0.963801 0.995336 0.0176146 0.981983 0.03014 0.993449 0.0463222 0.992326 0.995432 0.997051 0.108318 0.978425 0.994746 0.994496 0.991009 0.00455796 0.993448 0.957131 0.984179 0.984184 0.943545 0.00964946 0.979097 0.95744 0.992333 0.0160485 0.987233 0.975103 0.0244325 0.987016 0.0146048 0.98184 0.993318 0.964363 0.909219 0.984743 0.978922 0.926073 0.83977 0.0022183 0.985605 0.861169 0.00759482 0.0128588 0.0124846 0.015352 0.00298755 0.862854 0.982412 0.0152077 0.0463331 0.00306532 0.0392324 0.0102928 0.0111622 0.0359841 0.0844805 0.0298751 0.973593 0.997425 0.978725 0.86297 0.0270823 0.0120065 0.00348131 0.952447 0.00306973 0.00260003 0.00972273 0.0141355 0.00353622 0.965842 0.985656 0.00975337 0.0341857 0.00307324 0.873376 0.0165467 0.0104169 0.00299298 0.0139217 0.00298682 0.0215736 0.00334075 0.0102462 0.888017 0.894881 0.987459
0.0474311 0.979019 0.0379007 0.975325 0.0258836 0.0331993 0.971419 0.088872 0.0313001 0.979405 0.935417 0.0742066 0.964414 0.995341 0.0173471 0.982185 0.0295172 0.993458 0.045289 0.992343 0.995437 0.997048 0.105394 0.978629 0.994758 0.994507 0.991036 0.00453373 0.993457 0.957853 0.984319 0.984327 0.944536 0.0095462 0.979313 0.958202 0.992349 0.0158005 0.987352 0.975372 0.0239563 0.987163 0.0143803 0.98206 0.993316 0.964919 0.911391 0.984892 0.979135 0.927804 0.844095 0.00222122 0.985825 0.864806 0.00754189 0.0126949 0.0123498 0.0151504 0.00297992 0.866333 0.982633 0.0149935 0.0453326 0.00306614 0.038363 0.0101939 0.0110351 0.0352689 0.0823886 0.0293627 0.974006 0.997417 0.978956 0.866366 0.0266126 0.0118702 0.00346628 0.953569 0.00307072 0.00259936 0.00964068 0.0139615 0.0035292 0.96657 0.985876 0.00966324 0.0335166 0.00306727 0.87707 0.016303 0.0103225 0.00298722 0.0137227 0.00297898 0.0212494 0.00333387 0.0101468 0.891064 0.897574 0.987609
0.0463605 0.979252 0.0371471 0.975588 0.0254138 0.0324849 0.97177 0.0864232 0.0307367 0.979649 0.936533 0.0723395 0.965011 0.995346 0.0170859 0.982384 0.0289183 0.993469 0.0442956 0.992359 0.995441 0.997045 0.102549 0.978832 0.994772 0.994518 0.991063 0.00451048 0.993468 0.958566 0.98446 0.984469 0.945514 0.00944416 0.979526 0.958947 0.992364 0.015558 0.987467 0.975638 0.0234954 0.987307 0.0141575 0.982271 0.993316 0.965459 0.913508 0.985041 0.979344 0.929493 0.8483 0.00222391 0.986041 0.868337 0.00749076 0.0125343 0.0122151 0.0149533 0.00297167 0.869729 0.982848 0.01478 0.0443571 0.00306684 0.0375178 0.0100949 0.0109083 0.0345688 0.0803471 0.0288583 0.974413 0.997408 0.979186 0.869688 0.0261538 0.0117353 0.00345175 0.954668 0.00307189 0.00259868 0.00955945 0.0137914 0.00352198 0.967277 0.986092 0.00957796 0.0328679 0.00306085 0.880645 0.0160671 0.0102287 0.00298223 0.0135294 0.00297157 0.0209317 0.00332761 0.010048 0.894023 0.900202 0.987756
0.0453091 0.979481 0.0364157 0.975854 0.0249563 0.0317871 0.97212 0.0840287 0.0301828 0.979895 0.937645 0.070518 0.965603 0.995351 0.0168249 0.982582 0.0283285 0.993478 0.0433189 0.992373 0.995445 0.997042 0.0998117 0.979031 0.994784 0.994529 0.991088 0.00448716 0.993477 0.959272 0.984599 0.984607 0.946476 0.00934417 0.979739 0.959677 0.992378 0.0153201 0.987583 0.975903 0.0230457 0.987449 0.0139443 0.982481 0.993313 0.965997 0.915573 0.98519 0.979553 0.931129 0.85243 0.00222693 0.986253 0.871811 0.00743957 0.0123766 0.0120821 0.0147612 0.002964 0.87305 0.983061 0.0145685 0.0434011 0.00306795 0.0366898 0.0099974 0.0107857 0.0338894 0.0783549 0.0283607 0.974812 0.9974 0.979411 0.872938 0.0257037 0.0116033 0.00343754 0.955724 0.00307332 0.00259756 0.00947723 0.0136252 0.00351494 0.967968 0.986304 0.00949101 0.0322368 0.00305526 0.884137 0.0158372 0.010135 0.00297721 0.0133394 0.00296465 0.0206144 0.00332115 0.00995089 0.896907 0.902766 0.987902
0.044286 0.979709 0.0356963 0.976116 0.0245014 0.03111 0.972467 0.0817243 0.0296461 0.980131 0.938733 0.0687482 0.966179 0.995356 0.0165717 0.982776 0.0277542 0.993489 0.0423687 0.992389 0.995449 0.997038 0.0971187 0.979225 0.994795 0.99454 0.991115 0.00446477 0.993486 0.95996 0.984737 0.984744 0.947424 0.00924453 0.979947 0.960399 0.992393 0.0150884 0.987695 0.976163 0.0226092 0.987587 0.0137342 0.982687 0.993311 0.966516 0.917586 0.985336 0.979756 0.932727 0.856419 0.00222979 0.986462 0.875182 0.00738924 0.0122224 0.0119526 0.0145705 0.00295704 0.876285 0.983269 0.0143657 0.0424718 0.00306841 0.0358862 0.00989936 0.010663 0.0332212 0.0764161 0.0278746 0.975204 0.99739 0.979632 0.876114 0.0252656 0.0114741 0.00342368 0.956753 0.0030735 0.00259687 0.00939684 0.0134592 0.00350773 0.968637 0.986511 0.00940312 0.031616 0.00304963 0.887502 0.0156084 0.0100421 0.00297205 0.0131543 0.00295749 0.0203035 0.00331446 0.0098538 0.89972 0.905245 0.988045
0.043293 0.979938 0.0349919 0.976373 0.0240637 0.0304467 0.972807 0.0794817 0.0291134 0.980365 0.939797 0.0670247 0.966747 0.995361 0.0163249 0.982966 0.0271989 0.993498 0.0414381 0.992403 0.995453 0.997034 0.0945247 0.979418 0.994806 0.99455 0.99114 0.00444246 0.993495 0.960642 0.984876 0.984881 0.948356 0.00914598 0.980149 0.961108 0.992406 0.0148596 0.987808 0.976415 0.0221809 0.987724 0.0135286 0.982891 0.99331 0.967034 0.91954 0.985478 0.97996 0.934302 0.860324 0.0022327 0.986665 0.878466 0.00733864 0.0120691 0.0118211 0.0143831 0.00295031 0.879416 0.983471 0.0141652 0.0415609 0.00306914 0.0351029 0.00980197 0.0105437 0.0325724 0.0745287 0.0273958 0.975584 0.997381 0.979846 0.879205 0.0248329 0.0113454 0.00341069 0.957765 0.00307376 0.00259663 0.00931712 0.0132988 0.00350048 0.969296 0.986712 0.00931838 0.0310091 0.00304411 0.890772 0.015385 0.00995051 0.00296716 0.0129728 0.00295002 0.02 0.00330796 0.00975773 0.902445 0.907666 0.988184
0.0423222 0.980158 0.0343036 0.976624 0.0236316 0.029797 0.973146 0.0773188 0.0285896 0.980596 0.940849 0.0653357 0.967304 0.995365 0.0160785 0.983153 0.0266525 0.993507 0.0405299 0.992418 0.995456 0.99703 0.0919928 0.979612 0.994817 0.994559 0.991165 0.0044205 0.993504 0.961307 0.98501 0.985014 0.949273 0.00905015 0.980351 0.961801 0.99242 0.0146363 0.987917 0.976668 0.0217628 0.987858 0.0133272 0.983089 0.993308 0.967536 0.921448 0.98562 0.980157 0.935839 0.864104 0.00223513 0.986865 0.881683 0.00728883 0.0119197 0.0116922 0.0141995 0.00294337 0.88249 0.983673 0.0139682 0.0406698 0.00306953 0.0343335 0.00970915 0.0104271 0.0319396 0.0726867 0.0269242 0.975958 0.997371 0.980062 0.88223 0.0244103 0.0112167 0.00339724 0.958749 0.00307457 0.00259613 0.00923734 0.0131406 0.00349386 0.969934 0.986909 0.00923503 0.0304192 0.00303814 0.893948 0.0151626 0.00986146 0.00296241 0.0127949 0.00294304 0.0196978 0.0033014 0.00966307 0.905109 0.910014 0.988321
0.041379 0.980377 0.0336288 0.976876 0.0232097 0.0291693 0.973475 0.0752045 0.0280773 0.98082 0.941876 0.0637001 0.967848 0.995369 0.0158386 0.983338 0.0261199 0.993516 0.039647 0.992434 0.995459 0.997026 0.0895259 0.979802 0.994828 0.994568 0.99119 0.0043984 0.993515 0.961959 0.985143 0.985149 0.950159 0.00895587 0.980552 0.962482 0.992435 0.0144154 0.988024 0.976912 0.0213565 0.987989 0.0131313 0.983289 0.993307 0.968042 0.923313 0.98576 0.980357 0.937317 0.867809 0.00223862 0.987058 0.884792 0.00723904 0.011773 0.0115663 0.014019 0.00293666 0.885472 0.983872 0.0137737 0.0398016 0.00307049 0.0335894 0.00961407 0.0103117 0.0313214 0.0708865 0.0264619 0.976324 0.997362 0.980272 0.885186 0.0239948 0.0110926 0.00338457 0.959707 0.00307479 0.00259569 0.00915857 0.0129841 0.00348706 0.970559 0.987102 0.00915181 0.029838 0.00303279 0.897028 0.0149483 0.00977417 0.00295857 0.0126167 0.00293617 0.0194041 0.00329489 0.00956826 0.907695 0.912308 0.988457
0.0404528 0.98059 0.0329737 0.977122 0.0227993 0.0285504 0.973798 0.0731479 0.0275751 0.981036 0.942901 0.0621099 0.968394 0.995374 0.015601 0.983521 0.0256042 0.993526 0.0387808 0.992449 0.995463 0.997021 0.0871271 0.97999 0.994839 0.994578 0.991215 0.00437661 0.993524 0.962601 0.985277 0.985283 0.951034 0.0088632 0.980748 0.96315 0.992449 0.0142007 0.98813 0.977159 0.020958 0.98812 0.0129384 0.983483 0.993304 0.968527 0.925129 0.985897 0.98055 0.938772 0.871407 0.00224174 0.987248 0.887824 0.00718941 0.0116283 0.0114416 0.0138394 0.00293031 0.888384 0.984066 0.0135867 0.0389524 0.0030711 0.0328599 0.00952143 0.0101971 0.0307146 0.0691459 0.0260143 0.976686 0.997352 0.980484 0.888048 0.023587 0.0109698 0.00337209 0.960632 0.00307488 0.00259537 0.00907953 0.0128276 0.00348022 0.971169 0.987293 0.00906924 0.0292697 0.0030273 0.900022 0.0147365 0.00968645 0.00295422 0.0124485 0.00292958 0.0191148 0.00328875 0.00947549 0.910204 0.914538 0.988592
0.0395537 0.980802 0.032331 0.977364 0.0224005 0.0279533 0.974122 0.0711698 0.0270847 0.98125 0.943896 0.0605567 0.968919 0.995378 0.0153704 0.983702 0.0250938 0.993536 0.0379424 0.992463 0.995466 0.997017 0.0848015 0.980175 0.99485 0.994587 0.991241 0.00435543 0.993534 0.963223 0.98541 0.985414 0.951891 0.00877187 0.980941 0.9638 0.992462 0.0139898 0.988233 0.977401 0.0205698 0.988249 0.0127508 0.983673 0.993303 0.969003 0.926903 0.986035 0.98074 0.940189 0.874891 0.00224471 0.987432 0.890771 0.00713973 0.0114857 0.0113196 0.0136634 0.00292394 0.891223 0.984258 0.0134019 0.0381322 0.00307184 0.032153 0.00943093 0.0100864 0.0301165 0.0674453 0.0255673 0.977041 0.997343 0.980688 0.890846 0.0231845 0.0108492 0.00336034 0.961537 0.00307586 0.00259497 0.00900212 0.012674 0.00347354 0.971763 0.987478 0.00898695 0.028717 0.00302244 0.902925 0.0145258 0.00959908 0.0029502 0.0122791 0.00292356 0.0188301 0.00328186 0.00938523 0.912641 0.916707 0.988723
0.0386816 0.981014 0.0316982 0.977607 0.0220098 0.0273695 0.974436 0.0692374 0.0266068 0.981463 0.944873 0.0590569 0.969434 0.995382 0.0151461 0.983873 0.0246005 0.993546 0.0371244 0.992476 0.995468 0.997012 0.0825319 0.98036 0.994859 0.994596 0.991268 0.00433386 0.993544 0.963843 0.98554 0.985544 0.952729 0.00868235 0.98113 0.964441 0.992475 0.013782 0.988335 0.977638 0.0201944 0.988374 0.0125654 0.983862 0.993302 0.969472 0.928638 0.986169 0.980928 0.941568 0.878322 0.00224751 0.987614 0.893652 0.00709192 0.0113438 0.0111972 0.0134896 0.00291727 0.893986 0.984445 0.0132183 0.0373257 0.00307207 0.0314581 0.00934113 0.00997581 0.0295358 0.0657901 0.0251359 0.977385 0.997333 0.980888 0.893577 0.0227937 0.0107311 0.00334866 0.962418 0.00307701 0.00259497 0.00892715 0.0125236 0.00346691 0.97234 0.98766 0.00890682 0.0281757 0.00301686 0.905737 0.0143244 0.00951372 0.00294579 0.0121164 0.00291699 0.0185527 0.00327644 0.00929481 0.915004 0.918822 0.988851
0.0378354 0.98122 0.0310818 0.977847 0.0216271 0.0268057 0.974745 0.0673699 0.0261348 0.981673 0.945817 0.0575898 0.969942 0.995385 0.0149232 0.984047 0.0241199 0.993555 0.0363266 0.99249 0.995471 0.997008 0.0803264 0.980541 0.994868 0.994605 0.991293 0.00431348 0.993553 0.96445 0.985669 0.985673 0.95355 0.00859353 0.981318 0.965063 0.992488 0.0135806 0.988435 0.977874 0.0198213 0.988497 0.0123833 0.984046 0.9933 0.969928 0.930324 0.986304 0.981114 0.94291 0.88164 0.00225057 0.987794 0.896451 0.00704381 0.0112023 0.0110787 0.0133191 0.00291152 0.896677 0.98463 0.0130372 0.0365326 0.00307246 0.0307826 0.00925192 0.00986785 0.0289751 0.064171 0.0247122 0.977724 0.997324 0.981084 0.89623 0.0224075 0.0106145 0.00333679 0.963277 0.00307779 0.00259471 0.00885181 0.012376 0.00346065 0.9729 0.987837 0.00882711 0.027645 0.00301195 0.908439 0.0141246 0.00942802 0.00294151 0.011955 0.00291137 0.018278 0.00327058 0.00920569 0.917301 0.920887 0.988976
0.0370038 0.981424 0.0304847 0.97808 0.0212542 0.0262544 0.975053 0.0655707 0.0256707 0.981883 0.946758 0.0561772 0.970439 0.995389 0.0147059 0.984215 0.0236461 0.993564 0.0355491 0.992503 0.995472 0.997002 0.0781794 0.980723 0.994878 0.994613 0.991319 0.0042932 0.993562 0.965049 0.985796 0.985798 0.954357 0.00850719 0.9815 0.965679 0.992501 0.0133789 0.988532 0.978104 0.0194581 0.988618 0.0122063 0.984225 0.9933 0.970378 0.931967 0.986433 0.981298 0.944226 0.884856 0.00225392 0.987968 0.899166 0.00699505 0.0110648 0.0109631 0.0131506 0.00290568 0.89929 0.984813 0.012861 0.035758 0.00307237 0.0301289 0.00916358 0.00976161 0.0284131 0.0626107 0.0242979 0.978059 0.997314 0.981283 0.898817 0.0220322 0.0104996 0.00332517 0.964112 0.00307797 0.00259477 0.00877645 0.0122313 0.00345441 0.973447 0.98801 0.00874845 0.0271247 0.00300729 0.911082 0.013925 0.00934371 0.00293711 0.0117962 0.00290588 0.0180094 0.00326482 0.00911795 0.919534 0.922885 0.9891
0.0361916 0.981623 0.029899 0.978308 0.0208873 0.0257161 0.975357 0.0638132 0.0252162 0.982088 0.947674 0.054799 0.970926 0.995392 0.0144924 0.984383 0.0231843 0.993574 0.0347887 0.992517 0.995474 0.996998 0.0761043 0.980899 0.994888 0.994622 0.991344 0.00427269 0.993571 0.965624 0.98592 0.985922 0.955153 0.00842174 0.981679 0.96628 0.992514 0.0131834 0.988628 0.978337 0.0191051 0.988735 0.0120316 0.984406 0.993298 0.970819 0.933562 0.986562 0.981478 0.945501 0.888004 0.00225734 0.988139 0.90182 0.00694883 0.0109309 0.0108462 0.0129853 0.00289994 0.901842 0.984992 0.0126867 0.0350023 0.00307334 0.0294902 0.00907765 0.00965798 0.0278696 0.0610777 0.0238911 0.978386 0.997304 0.981477 0.901355 0.021664 0.0103873 0.00331383 0.964924 0.00307839 0.00259541 0.0087013 0.0120891 0.00344767 0.973981 0.98818 0.00867212 0.026616 0.00300266 0.913634 0.0137321 0.00926035 0.00293334 0.0116413 0.00290014 0.0177464 0.00325937 0.00903039 0.92169 0.924829 0.989222
0.0354037 0.981819 0.0293251 0.978531 0.0205287 0.0251897 0.975658 0.0621069 0.0247755 0.982289 0.948577 0.0534546 0.971403 0.995395 0.0142828 0.984548 0.0227389 0.993584 0.0340508 0.992529 0.995475 0.996992 0.0740881 0.981073 0.994896 0.99463 0.991368 0.00425309 0.99358 0.966191 0.986042 0.986045 0.955926 0.0083368 0.981857 0.966869 0.992527 0.0129941 0.988724 0.978564 0.0187585 0.988853 0.0118601 0.984584 0.993297 0.971256 0.935105 0.986689 0.981652 0.946746 0.89105 0.00226065 0.988305 0.904385 0.00690277 0.0108008 0.0107317 0.012821 0.00289381 0.904333 0.985169 0.0125158 0.0342641 0.00307376 0.0288636 0.00899183 0.00955464 0.0273384 0.0595906 0.0234921 0.9787 0.997294 0.981669 0.903816 0.021303 0.0102743 0.0033025 0.965709 0.00307902 0.0025953 0.0086279 0.0119481 0.00344161 0.974501 0.988346 0.008596 0.0261198 0.00299849 0.916116 0.0135429 0.0091797 0.00292931 0.0114888 0.00289432 0.0174874 0.00325365 0.00894511 0.92379 0.926727 0.989341
0.0346372 0.982013 0.0287616 0.978754 0.0201749 0.0246758 0.97595 0.0604434 0.0243383 0.982488 0.949471 0.0521431 0.971874 0.995399 0.0140815 0.984711 0.0222972 0.993593 0.0333305 0.992542 0.995477 0.996987 0.0721302 0.981241 0.994905 0.994638 0.991393 0.00423288 0.99359 0.966752 0.986163 0.986167 0.956679 0.00825555 0.982032 0.967442 0.992539 0.0128057 0.988819 0.978782 0.0184208 0.988966 0.0116933 0.984758 0.993295 0.971676 0.936606 0.986813 0.981826 0.947953 0.894008 0.00226369 0.988467 0.906886 0.00685643 0.0106702 0.0106217 0.0126609 0.00288853 0.906747 0.985341 0.0123474 0.0335493 0.00307421 0.0282588 0.00890677 0.00945394 0.0268268 0.0581402 0.0230986 0.97901 0.997285 0.981857 0.906227 0.0209491 0.0101646 0.00329162 0.966476 0.00307937 0.00259478 0.00855519 0.0118094 0.00343521 0.975009 0.98851 0.00852068 0.0256364 0.00299383 0.918519 0.0133594 0.0090989 0.0029256 0.0113388 0.00288878 0.0172309 0.00324817 0.00886136 0.92584 0.928573 0.989456
0.0338836 0.982208 0.0282113 0.978969 0.0198305 0.0241776 0.976236 0.0588408 0.023911 0.982681 0.950331 0.0508662 0.972331 0.995401 0.0138795 0.984872 0.0218724 0.993603 0.032633 0.992553 0.995478 0.996982 0.0702227 0.981413 0.994912 0.994645 0.991419 0.00421248 0.9936 0.967299 0.986285 0.986287 0.957425 0.00817351 0.982207 0.968005 0.992552 0.0126243 0.98891 0.979001 0.0180927 0.989081 0.0115313 0.984928 0.993294 0.972093 0.938077 0.986937 0.981995 0.949125 0.896876 0.00226688 0.988628 0.909314 0.00681056 0.0105432 0.0105112 0.0125046 0.00288317 0.909104 0.985512 0.0121805 0.0328554 0.00307442 0.0276729 0.00882286 0.00935417 0.0263213 0.0567271 0.0227125 0.979315 0.997275 0.982042 0.908561 0.0206026 0.0100546 0.00328061 0.967221 0.00308018 0.0025947 0.00848219 0.011672 0.00342942 0.975499 0.988673 0.00844604 0.0251655 0.00298935 0.920844 0.0131761 0.00901993 0.00292193 0.0111924 0.00288301 0.0169799 0.00324232 0.0087776 0.927827 0.930353 0.989573
0.0331549 0.982396 0.0276807 0.979185 0.0194928 0.0236903 0.976518 0.0572687 0.0234956 0.982872 0.951184 0.0496331 0.972781 0.995405 0.0136822 0.985028 0.0214606 0.993611 0.0319463 0.992566 0.995479 0.996976 0.0683731 0.981583 0.99492 0.994654 0.991445 0.00419325 0.99361 0.967836 0.986405 0.986406 0.958152 0.00809138 0.982379 0.968559 0.992564 0.0124463 0.988999 0.979215 0.0177728 0.989193 0.0113717 0.985096 0.993292 0.972507 0.939517 0.987058 0.982166 0.950269 0.899679 0.00227045 0.988786 0.91168 0.00676507 0.0104194 0.0104017 0.012351 0.00287807 0.911403 0.985679 0.0120205 0.0321748 0.00307428 0.0270999 0.00874271 0.00925585 0.0258262 0.0553542 0.0223319 0.979612 0.997265 0.982224 0.910834 0.0202636 0.00994769 0.00326995 0.967947 0.00308045 0.00259476 0.00841292 0.0115378 0.00342382 0.975981 0.988829 0.00837367 0.0247001 0.00298484 0.923078 0.0129979 0.00894131 0.00291782 0.0110488 0.00287769 0.016734 0.00323653 0.0086971 0.929749 0.932101 0.989686
0.0324412 0.982583 0.0271578 0.9794 0.0191635 0.0232211 0.9768 0.0557633 0.0230861 0.983057 0.952017 0.0484288 0.973222 0.995408 0.0134889 0.985182 0.0210553 0.99362 0.0312816 0.992578 0.99548 0.996971 0.0665736 0.981752 0.994929 0.994662 0.99147 0.00417433 0.993619 0.968358 0.986521 0.986522 0.958866 0.00801111 0.982548 0.969103 0.992577 0.0122714 0.989087 0.97943 0.0174629 0.989302 0.011216 0.985259 0.993292 0.972907 0.940917 0.987179 0.982334 0.951387 0.902383 0.00227366 0.988938 0.91398 0.00672202 0.0102973 0.0102939 0.0122 0.00287307 0.913639 0.985843 0.0118602 0.0315184 0.00307472 0.0265376 0.00866136 0.00915798 0.0253452 0.0540248 0.0219615 0.979904 0.997255 0.982403 0.913053 0.0199312 0.00984203 0.00325962 0.968654 0.00308042 0.00259482 0.0083418 0.0114037 0.00341773 0.97645 0.988982 0.0083016 0.0242484 0.00298023 0.92525 0.0128228 0.00886285 0.00291464 0.010907 0.00287244 0.0164911 0.00323094 0.00861683 0.931616 0.933792 0.989796
0.0317474 0.982764 0.0266448 0.979611 0.0188397 0.0227573 0.97707 0.0542963 0.0226861 0.983241 0.952833 0.0472542 0.973651 0.99541 0.0133007 0.985334 0.0206599 0.99363 0.0306358 0.992591 0.995481 0.996965 0.064839 0.981915 0.994937 0.994668 0.991495 0.00415598 0.993627 0.968875 0.986636 0.986638 0.959567 0.00793225 0.982716 0.969634 0.992588 0.0121013 0.989174 0.979641 0.0171574 0.989409 0.011064 0.985421 0.993291 0.973294 0.942264 0.987298 0.9825 0.952478 0.905015 0.00227719 0.98909 0.916223 0.00667693 0.0101766 0.0101881 0.0120515 0.0028682 0.915792 0.986002 0.0117048 0.0308677 0.00307497 0.0259941 0.0085812 0.0090626 0.024876 0.0527266 0.0215922 0.980191 0.997246 0.982581 0.915194 0.0196071 0.00973963 0.00324943 0.969339 0.00308085 0.00259472 0.00827121 0.0112738 0.00341188 0.976902 0.989132 0.00823017 0.0238065 0.0029761 0.927357 0.0126502 0.00878438 0.00291144 0.0107686 0.00286749 0.0162535 0.00322565 0.008536 0.933423 0.935437 0.989905
0.0310735 0.982944 0.026143 0.979817 0.0185253 0.0223117 0.977339 0.0528839 0.0222958 0.983422 0.95364 0.0461155 0.974072 0.995413 0.0131133 0.985482 0.0202744 0.993638 0.030002 0.992601 0.995482 0.99696 0.0631438 0.982076 0.994945 0.994676 0.991522 0.00413687 0.993637 0.969379 0.986751 0.986749 0.960249 0.00785411 0.982879 0.970149 0.992602 0.011937 0.989261 0.979849 0.0168571 0.989514 0.0109139 0.985582 0.993289 0.973681 0.943592 0.987417 0.982661 0.953539 0.907558 0.00228062 0.989237 0.9184 0.00663314 0.0100576 0.0100844 0.011906 0.00286317 0.917891 0.986161 0.0115529 0.030237 0.00307501 0.0254622 0.00850165 0.00897036 0.0244154 0.0514586 0.0212401 0.980473 0.997236 0.982755 0.917285 0.0192885 0.00963753 0.00323899 0.970001 0.00308141 0.00259521 0.00820301 0.0111453 0.00340618 0.977344 0.989279 0.00815872 0.0233768 0.00297184 0.929403 0.0124816 0.00871001 0.00290783 0.0106341 0.00286237 0.0160224 0.00322082 0.00845841 0.935182 0.937036 0.990013
0.0304156 0.983123 0.0256522 0.980018 0.0182191 0.0218739 0.977605 0.0515149 0.0219102 0.9836 0.954419 0.0450105 0.974488 0.995415 0.012932 0.985631 0.0198979 0.993647 0.029379 0.992613 0.995485 0.996955 0.061493 0.982235 0.994952 0.994684 0.991546 0.00411838 0.993646 0.969876 0.986865 0.986861 0.960924 0.00777865 0.983041 0.97066 0.992613 0.0117745 0.989347 0.980053 0.0165676 0.989617 0.0107676 0.985739 0.993288 0.97406 0.944871 0.987532 0.982821 0.954578 0.910037 0.00228405 0.989382 0.920499 0.00659052 0.00994137 0.00997974 0.0117607 0.00285897 0.919932 0.986316 0.0114041 0.0296259 0.00307553 0.0249486 0.0084237 0.00887986 0.0239653 0.0502293 0.0208927 0.980745 0.997226 0.982927 0.91933 0.0189769 0.00953544 0.00322959 0.970648 0.00308147 0.00259476 0.00813662 0.0110199 0.00339979 0.977778 0.989421 0.00808927 0.0229573 0.0029678 0.931389 0.0123155 0.00863322 0.00290478 0.0105029 0.00285764 0.0157946 0.00321485 0.00838123 0.936885 0.938595 0.990119
0.0297747 0.983295 0.0251747 0.980216 0.0179176 0.021445 0.977863 0.0501739 0.0215338 0.983775 0.955188 0.0439357 0.974895 0.995417 0.0127514 0.985776 0.0195331 0.993656 0.0287822 0.992625 0.995485 0.99695 0.0599131 0.982393 0.99496 0.994691 0.991571 0.00410027 0.993655 0.970364 0.986977 0.986972 0.96158 0.00770434 0.983199 0.971159 0.992625 0.0116139 0.989432 0.980252 0.0162841 0.989719 0.0106239 0.985893 0.993286 0.974429 0.946118 0.987647 0.982976 0.955581 0.912452 0.00228743 0.989524 0.922551 0.00654788 0.00982787 0.00987752 0.0116214 0.00285408 0.921916 0.986471 0.0112571 0.0290272 0.00307595 0.0244498 0.00834593 0.00878904 0.0235272 0.0490302 0.0205524 0.981016 0.997215 0.983096 0.921314 0.0186708 0.00943706 0.00322009 0.97128 0.00308142 0.00259523 0.00806847 0.0108942 0.00339417 0.978203 0.989562 0.00801963 0.0225446 0.00296347 0.933301 0.012153 0.0085581 0.00290169 0.010372 0.0028531 0.0155679 0.00320975 0.00830579 0.938555 0.940097 0.990222
0.0291464 0.983464 0.0247105 0.98041 0.0176217 0.0210245 0.978118 0.0488779 0.021168 0.983946 0.955929 0.0428928 0.97529 0.99542 0.0125773 0.985916 0.0191751 0.993664 0.0281949 0.992637 0.995486 0.996944 0.0583639 0.982546 0.994968 0.994697 0.991596 0.00408269 0.993664 0.970838 0.987086 0.987083 0.962218 0.00763234 0.983356 0.971647 0.992637 0.0114556 0.989515 0.980449 0.0160067 0.989821 0.0104836 0.986048 0.993285 0.974792 0.947335 0.987759 0.983132 0.95656 0.914787 0.00229067 0.989665 0.92453 0.0065056 0.00971573 0.00977591 0.0114813 0.00284947 0.923857 0.986622 0.011114 0.0284408 0.00307659 0.0239589 0.00827084 0.00869826 0.0231022 0.0478648 0.0202229 0.981278 0.997206 0.983263 0.923235 0.0183722 0.00934029 0.00321065 0.971893 0.0030812 0.00259572 0.00800302 0.010771 0.00338863 0.978614 0.9897 0.00795273 0.0221409 0.00295975 0.935149 0.0119946 0.00848295 0.00289793 0.010244 0.00284911 0.0153461 0.00320397 0.00822991 0.94017 0.941558 0.990324
0.0285352 0.983634 0.0242563 0.980605 0.0173358 0.0206218 0.978371 0.0476198 0.020811 0.984115 0.95666 0.0418792 0.975679 0.995422 0.012406 0.986056 0.0188231 0.993674 0.0276255 0.99265 0.995487 0.996939 0.0568537 0.982699 0.994973 0.994704 0.99162 0.0040654 0.993672 0.971298 0.987193 0.987188 0.962848 0.00755869 0.983511 0.972125 0.992648 0.0112988 0.989598 0.980642 0.0157346 0.989919 0.0103454 0.986196 0.993283 0.975147 0.948518 0.987869 0.983286 0.957517 0.91706 0.00229388 0.989799 0.926459 0.00646354 0.00960673 0.00967877 0.011346 0.00284488 0.925745 0.986769 0.0109741 0.0278646 0.0030772 0.0234859 0.00819607 0.00861074 0.0226829 0.0467288 0.0198977 0.981537 0.997196 0.983426 0.925116 0.0180797 0.00924301 0.00320209 0.97249 0.00308175 0.0025957 0.00793754 0.0106509 0.00338323 0.979014 0.989836 0.00788499 0.0217442 0.00295601 0.936944 0.0118379 0.00841058 0.00289457 0.0101192 0.0028444 0.0151322 0.00319859 0.00815621 0.941733 0.942978 0.990426
0.0279402 0.983801 0.0238114 0.9808 0.0170529 0.0202264 0.97862 0.0464015 0.0204606 0.984281 0.957385 0.0409009 0.976062 0.995424 0.0122365 0.986197 0.0184842 0.993682 0.0270676 0.992663 0.995487 0.996933 0.0554059 0.98285 0.99498 0.99471 0.991644 0.00404786 0.99368 0.971752 0.987299 0.987295 0.963462 0.0074871 0.983661 0.972589 0.992661 0.0111468 0.989679 0.980832 0.0154705 0.990017 0.0102109 0.986341 0.993283 0.975497 0.949667 0.987978 0.983437 0.958453 0.919254 0.002297 0.989932 0.928337 0.00642168 0.00949965 0.00958176 0.0112113 0.00284012 0.927581 0.986914 0.010834 0.0273103 0.00307791 0.0230166 0.00812335 0.00852373 0.0222723 0.0456337 0.0195797 0.981793 0.997185 0.983586 0.926949 0.0177907 0.00914824 0.00319253 0.97307 0.00308211 0.00259608 0.00787368 0.01053 0.00337822 0.979403 0.989966 0.00781852 0.0213573 0.00295246 0.938678 0.0116851 0.0083389 0.00289115 0.00999737 0.00284029 0.0149205 0.00319365 0.00808346 0.94324 0.944359 0.990524
0.0273646 0.983969 0.0233794 0.98099 0.016779 0.0198389 0.978864 0.0452176 0.0201169 0.984442 0.958089 0.0399403 0.976432 0.995426 0.0120715 0.986335 0.0181488 0.993692 0.0265271 0.992675 0.995487 0.996927 0.0539994 0.983001 0.994987 0.994717 0.991667 0.0040307 0.993689 0.9722 0.987405 0.987401 0.964062 0.00741783 0.983809 0.973044 0.992673 0.0109977 0.989758 0.981016 0.0152143 0.990113 0.0100801 0.986487 0.993283 0.975843 0.950788 0.988087 0.983584 0.959352 0.921393 0.00230055 0.990062 0.930154 0.00637956 0.00939369 0.00948615 0.0110798 0.00283579 0.929355 0.987057 0.0106988 0.0267708 0.00307831 0.0225628 0.00805206 0.00843974 0.0218708 0.0445713 0.0192633 0.982041 0.997175 0.983746 0.928723 0.0175107 0.00905399 0.00318367 0.973637 0.00308221 0.00259759 0.00781013 0.0104137 0.00337287 0.979783 0.990096 0.00775242 0.0209847 0.00294864 0.940365 0.0115353 0.00826801 0.0028879 0.00987565 0.00283603 0.0147123 0.00318857 0.00801124 0.9447 0.945702 0.99062
0.0268032 0.984132 0.0229544 0.981174 0.0165093 0.0194637 0.979105 0.0440704 0.0197805 0.984603 0.958778 0.0390099 0.976796 0.995429 0.0119108 0.986468 0.0178242 0.993701 0.0259983 0.992686 0.995487 0.99692 0.0526262 0.983145 0.994993 0.994723 0.991691 0.00401395 0.993698 0.97264 0.987511 0.987505 0.964649 0.00734988 0.983953 0.973491 0.992685 0.0108505 0.989835 0.981203 0.014964 0.990206 0.00995103 0.986631 0.993282 0.976179 0.951878 0.988193 0.983732 0.96022 0.923465 0.00230424 0.990187 0.931915 0.00633975 0.0092906 0.00939072 0.0109493 0.00283127 0.931072 0.987197 0.0105637 0.0262459 0.00307856 0.0221204 0.00797992 0.00835562 0.0214795 0.0435347 0.0189567 0.982282 0.997165 0.983904 0.930446 0.0172369 0.00896206 0.00317449 0.97419 0.00308213 0.00259808 0.00774763 0.0102987 0.00336744 0.980152 0.990223 0.00768879 0.0206179 0.0029452 0.941996 0.0113864 0.00819912 0.00288538 0.00975784 0.00283184 0.0145084 0.00318352 0.00794019 0.946124 0.947009 0.990716
0.0262577 0.984292 0.0225393 0.981358 0.0162467 0.0190993 0.97934 0.0429592 0.0194516 0.984762 0.959454 0.0381008 0.977153 0.99543 0.0117506 0.986599 0.0175046 0.993709 0.025483 0.992697 0.995487 0.996914 0.0512954 0.983288 0.995 0.99473 0.991716 0.00399758 0.993707 0.973067 0.987613 0.987606 0.965229 0.00728177 0.984099 0.973932 0.992696 0.0107089 0.989911 0.981383 0.0147158 0.990297 0.00982262 0.98677 0.993282 0.976501 0.952949 0.988297 0.983874 0.961075 0.925474 0.00230798 0.990312 0.933637 0.00629993 0.00918836 0.00929763 0.0108212 0.00282732 0.932747 0.987334 0.0104319 0.025733 0.00307891 0.0216905 0.00791058 0.00827565 0.0211008 0.042522 0.0186578 0.982521 0.997154 0.984058 0.932123 0.0169701 0.00887187 0.00316588 0.974731 0.00308307 0.00259879 0.00768573 0.010187 0.0033626 0.980515 0.990348 0.00762539 0.0202559 0.00294186 0.943572 0.0112407 0.00812954 0.00288288 0.00964077 0.00282816 0.0143078 0.0031791 0.00787235 0.9475 0.948279 0.99081
0.0257243 0.98445 0.0221322 0.981537 0.0159896 0.0187458 0.979575 0.0418816 0.0191333 0.984918 0.960116 0.0372196 0.977501 0.995432 0.0115928 0.986728 0.0171973 0.993718 0.0249829 0.992709 0.995486 0.996907 0.0500017 0.983431 0.995006 0.994736 0.991739 0.00398132 0.993716 0.973486 0.987712 0.987708 0.965793 0.0072158 0.98424 0.974358 0.992708 0.010568 0.989986 0.981559 0.0144772 0.990386 0.0096978 0.986906 0.993282 0.976826 0.953982 0.988397 0.984016 0.961901 0.927411 0.00231139 0.990435 0.935293 0.00626009 0.00908875 0.00920563 0.0106947 0.00282326 0.934372 0.987473 0.0103044 0.0252323 0.00307926 0.0212704 0.00784066 0.00819439 0.0207287 0.0415409 0.0183624 0.982755 0.997144 0.984208 0.933752 0.0167108 0.00878276 0.00315668 0.975246 0.00308318 0.00259958 0.00762428 0.0100762 0.00335746 0.980867 0.990469 0.00756561 0.0199085 0.00293809 0.945104 0.0110998 0.00806148 0.0028801 0.00952727 0.00282422 0.0141128 0.00317456 0.00780314 0.948834 0.94951 0.990901
0.0252019 0.984603 0.0217376 0.98171 0.0157348 0.0184003 0.979802 0.0408415 0.0188199 0.985069 0.960768 0.0363636 0.977846 0.995433 0.0114399 0.986856 0.0168939 0.993726 0.0244964 0.992719 0.995486 0.996901 0.0487541 0.983572 0.995012 0.994741 0.991763 0.00396515 0.993724 0.973896 0.987812 0.987808 0.966346 0.00715137 0.984378 0.97478 0.992719 0.0104309 0.990062 0.981733 0.0142444 0.990475 0.00957462 0.987041 0.993282 0.977144 0.954997 0.988498 0.984155 0.96271 0.929309 0.00231461 0.990556 0.936906 0.00622171 0.00899024 0.00911532 0.010573 0.00281944 0.935954 0.987608 0.0101771 0.0247431 0.0030796 0.0208598 0.00777178 0.00811306 0.0203669 0.0405854 0.0180711 0.982982 0.997135 0.984356 0.935337 0.0164553 0.00869586 0.00314843 0.975753 0.00308346 0.00260018 0.00756443 0.00996693 0.00335236 0.981212 0.990589 0.00750393 0.0195685 0.00293469 0.946582 0.0109608 0.00799434 0.00287732 0.00941454 0.00282029 0.0139212 0.00317017 0.00773309 0.950135 0.950702 0.990991
0.0246973 0.984753 0.0213487 0.981881 0.0154879 0.0180619 0.980027 0.0398308 0.018511 0.98522 0.9614 0.0355284 0.978179 0.995434 0.0112898 0.98698 0.0165987 0.993734 0.0240194 0.992728 0.995486 0.996895 0.0475349 0.983711 0.995017 0.994746 0.991786 0.00394945 0.993733 0.974298 0.987907 0.987908 0.966886 0.00708763 0.98452 0.975193 0.992729 0.0102952 0.990134 0.981905 0.0140139 0.990564 0.00945494 0.987172 0.99328 0.977459 0.95598 0.988598 0.984292 0.963499 0.93113 0.00231792 0.990674 0.938472 0.00618249 0.00889264 0.00902542 0.0104524 0.00281583 0.937487 0.98774 0.0100537 0.0242663 0.00308047 0.0204576 0.00770562 0.00803572 0.0200136 0.0396657 0.0177862 0.983207 0.997124 0.984506 0.936872 0.0162029 0.00861065 0.00314023 0.976243 0.00308339 0.00260083 0.0075029 0.00985888 0.00334733 0.981545 0.990707 0.00744252 0.0192358 0.00293053 0.948014 0.010824 0.00792922 0.0028747 0.00930241 0.00281629 0.0137325 0.0031661 0.00766664 0.951398 0.951869 0.991079
0.0242026 0.9849 0.0209723 0.982054 0.0152446 0.0177328 0.980252 0.0388508 0.0182088 0.985368 0.962023 0.0347208 0.978508 0.995437 0.0111437 0.987103 0.0163095 0.993744 0.023556 0.992738 0.995487 0.996889 0.0463609 0.983849 0.995023 0.994751 0.991809 0.00393295 0.993741 0.974691 0.988004 0.988004 0.967414 0.00702362 0.984657 0.975594 0.99274 0.0101644 0.990207 0.982071 0.0137895 0.99065 0.00933774 0.987304 0.993279 0.977766 0.956936 0.988696 0.984428 0.964265 0.932905 0.00232141 0.990789 0.939992 0.00614415 0.00879729 0.0089373 0.0103332 0.00281208 0.938979 0.987869 0.00993216 0.0237994 0.00307998 0.020067 0.00763948 0.00796041 0.0196672 0.0387595 0.0175106 0.983423 0.997114 0.98465 0.938367 0.0159568 0.00852516 0.00313213 0.976723 0.00308323 0.00260143 0.00744341 0.00975392 0.00334213 0.981874 0.990821 0.00738285 0.0189077 0.00292751 0.949399 0.0106911 0.00786452 0.00287168 0.00919463 0.00281257 0.0135519 0.00316119 0.00760001 0.952613 0.952991 0.991165
0.0237204 0.98505 0.0206049 0.982222 0.0150079 0.017413 0.980468 0.0378963 0.0179122 0.985513 0.962631 0.0339374 0.978831 0.995438 0.0110004 0.987225 0.0160336 0.993752 0.0231049 0.992749 0.995486 0.996883 0.0452219 0.983981 0.995029 0.994757 0.991831 0.00391684 0.99375 0.975082 0.988098 0.988101 0.967936 0.00696024 0.984789 0.975986 0.992751 0.010036 0.990278 0.982239 0.0135705 0.990735 0.00922357 0.987432 0.993279 0.978064 0.95786 0.988792 0.984561 0.965014 0.934626 0.00232474 0.990901 0.941462 0.0061053 0.0087038 0.00885106 0.0102158 0.00280803 0.940431 0.987995 0.0098124 0.0233483 0.00307934 0.0196893 0.00757505 0.00788436 0.0193272 0.0378783 0.0172399 0.983637 0.997104 0.984794 0.939828 0.0157161 0.00844195 0.00312397 0.977194 0.00308328 0.00260208 0.00738427 0.00965019 0.00333701 0.982195 0.990933 0.00732304 0.0185885 0.00292395 0.950737 0.0105594 0.00779992 0.00286905 0.00908785 0.00280944 0.0133673 0.00315611 0.00753458 0.953796 0.954082 0.99125
0.0232496 0.985194 0.0202449 0.982389 0.0147751 0.0171002 0.980681 0.0369673 0.0176267 0.985659 0.963231 0.0331757 0.979147 0.99544 0.0108579 0.987342 0.01576 0.993759 0.0226652 0.992759 0.995486 0.996876 0.0441131 0.984115 0.995034 0.994763 0.991855 0.00390102 0.993758 0.975459 0.988191 0.988196 0.968445 0.00689869 0.984922 0.976373 0.992763 0.00991085 0.990347 0.982404 0.0133571 0.990818 0.00911132 0.987559 0.993278 0.978359 0.958766 0.988887 0.984693 0.96574 0.936297 0.00232836 0.991012 0.942907 0.00606849 0.00861233 0.00876647 0.0101006 0.00280408 0.941844 0.988119 0.0096954 0.0229033 0.00307946 0.0193238 0.00751017 0.00781066 0.0189963 0.0370246 0.0169746 0.983848 0.997093 0.984933 0.941245 0.0154804 0.00836106 0.00311664 0.977651 0.00308391 0.00260262 0.00732637 0.00954693 0.00333257 0.982508 0.991044 0.00726403 0.0182745 0.00292071 0.952036 0.0104315 0.00773545 0.00286676 0.00898269 0.00280566 0.0131886 0.00315189 0.00747017 0.954951 0.955147 0.991332
0.022795 0.985336 0.019891 0.982552 0.0145499 0.0167903 0.980888 0.0360763 0.0173411 0.985799 0.963819 0.0324343 0.979456 0.99544 0.0107181 0.987462 0.0154919 0.993768 0.0222368 0.992768 0.995486 0.99687 0.0430335 0.984247 0.99504 0.994768 0.991877 0.00388561 0.993767 0.975828 0.988283 0.988288 0.968942 0.00683944 0.985049 0.976751 0.992772 0.00978655 0.990417 0.982567 0.0131481 0.9909 0.00900037 0.987683 0.993279 0.978643 0.959644 0.988981 0.98482 0.966443 0.937915 0.0023318 0.99112 0.944294 0.00603179 0.00852163 0.00868111 0.00998774 0.0028007 0.943213 0.988239 0.00957739 0.0224749 0.00307949 0.0189683 0.00744507 0.0077383 0.0186729 0.0361994 0.0167131 0.984054 0.997083 0.985072 0.942632 0.0152502 0.00828025 0.00310909 0.978094 0.00308445 0.00260307 0.00726942 0.00944471 0.00332802 0.982811 0.991151 0.00720634 0.0179695 0.00291776 0.953302 0.0103088 0.00767232 0.00286366 0.00888123 0.00280266 0.013013 0.00314743 0.00740698 0.956064 0.956183 0.991414
0.0223516 0.985477 0.0195479 0.98271 0.0143312 0.0164914 0.981094 0.0352082 0.0170669 0.985935 0.964392 0.0317116 0.979758 0.995442 0.0105813 0.987578 0.0152319 0.993776 0.0218164 0.992779 0.995485 0.996863 0.0419854 0.984377 0.995045 0.994773 0.991899 0.00387012 0.993774 0.976191 0.988374 0.988378 0.969427 0.00677957 0.985176 0.977122 0.992783 0.00966641 0.990484 0.982728 0.0129452 0.990981 0.00889266 0.987805 0.993279 0.978925 0.960506 0.989075 0.984946 0.967137 0.939494 0.00233525 0.991225 0.945649 0.00599544 0.00843312 0.0085999 0.00987662 0.00279806 0.94455 0.988359 0.00946532 0.022058 0.00307981 0.0186145 0.00738252 0.00766717 0.0183577 0.0353934 0.0164598 0.984255 0.997072 0.985207 0.943978 0.0150229 0.00820242 0.00310135 0.978525 0.0030845 0.00260392 0.00721413 0.00934778 0.00332254 0.983109 0.991256 0.00714923 0.0176695 0.00291463 0.95452 0.0101837 0.00761004 0.00286113 0.00878251 0.00279975 0.0128409 0.00314333 0.00734476 0.957144 0.957187 0.991495
0.0219209 0.985614 0.0192089 0.982869 0.0141139 0.0162024 0.981299 0.034365 0.0167971 0.986072 0.964953 0.0310082 0.980051 0.995443 0.0104492 0.987691 0.014976 0.993784 0.0214069 0.992789 0.995486 0.996857 0.0409713 0.984503 0.995049 0.994778 0.991923 0.00385491 0.993782 0.976547 0.988466 0.988469 0.969904 0.00672136 0.985302 0.977481 0.992792 0.00954871 0.990551 0.982886 0.0127469 0.99106 0.00878685 0.987925 0.993279 0.979201 0.961334 0.989169 0.985072 0.967808 0.94103 0.00233889 0.991328 0.946953 0.00595903 0.00834713 0.00851869 0.00976854 0.00279479 0.945841 0.988476 0.00935424 0.0216478 0.00307984 0.0182701 0.00732059 0.00759662 0.0180498 0.0346138 0.0162083 0.984457 0.997062 0.985341 0.945284 0.0148001 0.00812349 0.00309393 0.978943 0.00308444 0.00260439 0.00715856 0.00924882 0.00331765 0.983399 0.99136 0.0070937 0.0173782 0.00291182 0.955698 0.0100611 0.00754912 0.0028587 0.0086829 0.00279657 0.0126745 0.00313943 0.0072828 0.958194 0.958164 0.991574
0.0215012 0.985749 0.0188786 0.983022 0.0139023 0.0159201 0.981499 0.0335485 0.0165349 0.986206 0.965501 0.0303276 0.980343 0.995445 0.0103192 0.987803 0.0147279 0.993792 0.0210053 0.992799 0.995486 0.996851 0.0399855 0.98463 0.995055 0.994783 0.991945 0.00384047 0.993791 0.976895 0.988554 0.988558 0.970371 0.00666431 0.985425 0.977831 0.992802 0.00943171 0.990615 0.983041 0.0125505 0.991137 0.00868333 0.988045 0.993278 0.979472 0.962143 0.989257 0.985198 0.968466 0.942509 0.00234293 0.99143 0.948237 0.00592336 0.00826154 0.00843881 0.00966194 0.00279134 0.947104 0.988592 0.00924592 0.0212492 0.00308002 0.0179378 0.00725763 0.00752621 0.0177516 0.0338474 0.0159635 0.984653 0.997052 0.98547 0.94655 0.0145838 0.0080474 0.00308688 0.979354 0.00308413 0.00260555 0.00710433 0.00915533 0.00331292 0.983682 0.991462 0.00703893 0.0170919 0.00290918 0.956841 0.00994076 0.00749001 0.00285646 0.00858733 0.00279301 0.0125074 0.00313544 0.0072218 0.95921 0.95912 0.991652
0.0210919 0.985883 0.0185559 0.983176 0.0136955 0.0156412 0.981692 0.0327549 0.0162739 0.986337 0.966043 0.029666 0.980629 0.995446 0.0101913 0.987913 0.0144856 0.993801 0.0206164 0.992809 0.995485 0.996844 0.0390291 0.984753 0.995059 0.994788 0.991967 0.00382533 0.9938 0.977236 0.988641 0.988646 0.970829 0.00660737 0.985548 0.978178 0.992811 0.00931664 0.99068 0.983197 0.0123613 0.991211 0.0085822 0.988162 0.993277 0.979741 0.962935 0.989345 0.985318 0.969102 0.943945 0.00234622 0.991531 0.949478 0.00588777 0.00817861 0.00835983 0.00955729 0.00278814 0.948319 0.988707 0.00913896 0.0208601 0.0030802 0.0176141 0.00719787 0.00745762 0.0174604 0.0330985 0.0157231 0.984841 0.997042 0.985599 0.947775 0.01437 0.00797404 0.00307995 0.979751 0.00308411 0.00260609 0.00705142 0.00906168 0.00330813 0.983954 0.991561 0.00698468 0.0168125 0.00290604 0.957952 0.00982325 0.00743127 0.00285415 0.00849355 0.00278968 0.0123452 0.00313095 0.00716245 0.960202 0.960039 0.991728
0.0206944 0.986015 0.0182429 0.983327 0.0134923 0.0153694 0.981887 0.0319931 0.0160192 0.986467 0.966569 0.0290196 0.980908 0.995446 0.0100667 0.988023 0.0142499 0.993809 0.0202345 0.992818 0.995485 0.996838 0.0381024 0.984876 0.995064 0.994794 0.991988 0.00381173 0.993807 0.977569 0.988729 0.988733 0.971276 0.00655073 0.985667 0.978516 0.992822 0.00920623 0.990742 0.983349 0.0121771 0.991287 0.00848306 0.988275 0.993278 0.980002 0.963703 0.989431 0.985439 0.969719 0.945336 0.00235009 0.991629 0.950688 0.00585295 0.00809669 0.0082833 0.00945312 0.00278489 0.949511 0.988817 0.0090346 0.0204794 0.00308027 0.0172963 0.00713862 0.00739096 0.0171726 0.0323817 0.0154873 0.985029 0.997032 0.985729 0.94896 0.0141619 0.00790036 0.00307265 0.98014 0.00308401 0.00260685 0.00700022 0.00896961 0.00330372 0.984223 0.991659 0.00693099 0.0165419 0.0029035 0.959021 0.00970901 0.00737453 0.00285176 0.00839982 0.00278638 0.0121845 0.00312685 0.00710426 0.961163 0.960931 0.991803
0.020307 0.986144 0.0179378 0.983477 0.013296 0.0151054 0.982075 0.0312439 0.0157715 0.986596 0.967084 0.0283959 0.981178 0.995447 0.00994234 0.988128 0.0140162 0.993816 0.0198681 0.992829 0.995484 0.996832 0.0372041 0.984994 0.995068 0.994798 0.992009 0.0037973 0.993815 0.977896 0.988816 0.988818 0.971715 0.00649653 0.985785 0.978849 0.992831 0.00909473 0.990806 0.983495 0.0119941 0.991361 0.00838415 0.988386 0.993277 0.980253 0.964449 0.989519 0.985559 0.970321 0.946692 0.00235403 0.991724 0.951862 0.00581832 0.00801639 0.00820741 0.00935128 0.0027821 0.950675 0.988928 0.0089322 0.0201065 0.00308039 0.0169883 0.00707965 0.00732506 0.0168898 0.0316807 0.0152592 0.985215 0.997022 0.985852 0.95012 0.0139599 0.00782699 0.0030659 0.980519 0.00308411 0.0026076 0.00694767 0.00887905 0.00329988 0.984483 0.991754 0.00687821 0.0162763 0.00290057 0.96006 0.00959732 0.0073163 0.00284957 0.0083083 0.00278343 0.0120291 0.00312321 0.00704719 0.962084 0.961806 0.991877
0.0199294 0.986271 0.0176411 0.983624 0.0131029 0.0148471 0.982263 0.0305202 0.0155286 0.98672 0.967589 0.0277852 0.981444 0.995448 0.00982107 0.988232 0.0137915 0.993824 0.0195051 0.992839 0.995483 0.996825 0.0363308 0.985111 0.995072 0.994802 0.992032 0.0037839 0.993822 0.978218 0.988899 0.988903 0.972143 0.00644275 0.985902 0.979174 0.992842 0.00898591 0.990866 0.983639 0.0118157 0.991435 0.00828965 0.988496 0.993277 0.980503 0.965182 0.989605 0.985676 0.970909 0.948003 0.00235734 0.991819 0.953001 0.00578359 0.00793661 0.00813244 0.00925101 0.00277873 0.951797 0.989036 0.00883052 0.0197469 0.00308061 0.0166884 0.00702197 0.00726193 0.0166182 0.0309945 0.0150348 0.985395 0.997012 0.985975 0.951248 0.0137637 0.00775392 0.003059 0.980887 0.00308423 0.00260861 0.00689644 0.00879024 0.00329504 0.984739 0.991848 0.00682619 0.0160149 0.00289743 0.961063 0.00948797 0.00726075 0.00284758 0.00821926 0.00278106 0.0118764 0.00311896 0.0069893 0.96298 0.962653 0.99195
0.0195596 0.986395 0.0173491 0.983763 0.0129149 0.0145972 0.982444 0.0298166 0.0152929 0.986841 0.968087 0.027189 0.981709 0.995449 0.00970278 0.988335 0.0135732 0.993831 0.0191511 0.992849 0.995482 0.996818 0.0354843 0.985228 0.995077 0.994807 0.992053 0.00377041 0.993829 0.978532 0.988981 0.988987 0.972559 0.00638988 0.986018 0.979488 0.99285 0.00888127 0.990927 0.983783 0.0116421 0.991506 0.00819467 0.988603 0.993277 0.980753 0.965891 0.989689 0.985792 0.971482 0.949271 0.00236091 0.991911 0.9541 0.00574923 0.00785908 0.00806043 0.00915261 0.00277596 0.95289 0.989142 0.00873186 0.0193929 0.00308036 0.016396 0.00696492 0.00719776 0.0163483 0.030324 0.0148156 0.985572 0.997002 0.986097 0.952344 0.013567 0.00768405 0.00305272 0.981247 0.00308436 0.00260934 0.0068457 0.00870226 0.00329037 0.984989 0.991939 0.00677503 0.0157607 0.00289456 0.96204 0.00938047 0.00720466 0.00284534 0.00813188 0.00277829 0.0117256 0.00311498 0.0069337 0.96385 0.963478 0.992022
0.019198 0.986518 0.0170649 0.983906 0.0127277 0.0143526 0.982626 0.0291369 0.0150587 0.986961 0.968571 0.0266137 0.981968 0.995449 0.00958567 0.988436 0.0133561 0.993839 0.0188102 0.992858 0.995481 0.996811 0.0346626 0.985342 0.995082 0.994811 0.992074 0.00375658 0.993837 0.978837 0.989063 0.98907 0.972971 0.00633652 0.98613 0.979799 0.992859 0.00877782 0.990985 0.983926 0.0114702 0.991577 0.00810291 0.988711 0.993277 0.980996 0.966571 0.989772 0.985904 0.972037 0.950512 0.00236452 0.992002 0.955163 0.00571672 0.00778176 0.00798772 0.00905501 0.00277327 0.953946 0.989245 0.00863436 0.0190476 0.0030802 0.0161103 0.00691105 0.0071344 0.0160898 0.0296809 0.0146036 0.985745 0.996991 0.986215 0.953412 0.013377 0.00761509 0.00304597 0.981597 0.00308475 0.00261013 0.00679567 0.00861597 0.00328574 0.985231 0.99203 0.0067243 0.0155116 0.00289226 0.962981 0.00927303 0.00714766 0.00284376 0.00804506 0.00277562 0.0115795 0.00311123 0.00687886 0.964699 0.96427 0.992092
0.0188458 0.98664 0.0167858 0.984045 0.0125444 0.0141144 0.982801 0.0284712 0.0148317 0.98708 0.969048 0.0260563 0.982217 0.99545 0.00946941 0.988537 0.0131453 0.993846 0.0184767 0.992869 0.995481 0.996805 0.0338592 0.985454 0.995086 0.994816 0.992095 0.00374342 0.993845 0.979134 0.989142 0.98915 0.973373 0.00628594 0.98624 0.980103 0.992868 0.00867587 0.991045 0.984063 0.0113053 0.991646 0.00801261 0.988816 0.993279 0.981232 0.967238 0.989853 0.986015 0.972576 0.951704 0.00236853 0.992092 0.956202 0.00568453 0.00770581 0.00791623 0.00896077 0.00277053 0.954975 0.989346 0.00853767 0.018709 0.00308013 0.0158315 0.00685537 0.00707269 0.0158312 0.0290484 0.0143932 0.985914 0.996981 0.98633 0.954452 0.0131889 0.00754754 0.00303952 0.981935 0.00308464 0.00261116 0.00674576 0.00852926 0.00328119 0.985468 0.992116 0.00667498 0.0152694 0.00288984 0.963895 0.00916978 0.00709273 0.00284166 0.00796001 0.0027729 0.0114337 0.00310709 0.00682382 0.965526 0.965047 0.99216
0.0185025 0.98676 0.0165139 0.984187 0.0123671 0.0138787 0.982972 0.0278305 0.0146102 0.987198 0.969507 0.0255137 0.982462 0.995451 0.00935709 0.988633 0.0129375 0.993854 0.0181512 0.992878 0.995481 0.996798 0.0330922 0.985564 0.99509 0.994821 0.992116 0.00373032 0.993852 0.979429 0.98922 0.989228 0.973765 0.00623475 0.986347 0.980401 0.992877 0.00857641 0.9911 0.984202 0.011143 0.991714 0.00792557 0.988919 0.993279 0.981464 0.967891 0.989933 0.986123 0.973102 0.952864 0.00237218 0.99218 0.957209 0.00565215 0.00763105 0.00784701 0.00886744 0.00276801 0.955982 0.989447 0.00844414 0.0183797 0.00308068 0.0155609 0.00680111 0.00701013 0.0155813 0.0284387 0.0141867 0.986081 0.99697 0.986446 0.955457 0.0130061 0.00747966 0.00303336 0.982266 0.00308464 0.00261238 0.00669818 0.00844592 0.00327666 0.985701 0.992202 0.00662594 0.0150297 0.00288726 0.964785 0.00906719 0.00703846 0.00283952 0.00787709 0.00276985 0.0112921 0.00310308 0.00677051 0.96633 0.965807 0.992227
0.0181705 0.98688 0.0162513 0.98432 0.0121897 0.0136493 0.983142 0.0272112 0.0143938 0.987314 0.969958 0.0249818 0.982702 0.995451 0.00924707 0.988729 0.0127367 0.993862 0.0178321 0.992888 0.995482 0.996791 0.0323377 0.985676 0.995094 0.994826 0.992136 0.00371648 0.993861 0.979715 0.989299 0.989306 0.974155 0.00618528 0.986453 0.980691 0.992886 0.0084797 0.991157 0.984337 0.0109851 0.991782 0.00784023 0.98902 0.993279 0.981691 0.968524 0.990013 0.986231 0.973616 0.953993 0.00237536 0.992267 0.958184 0.00562013 0.00755889 0.00777784 0.00877587 0.00276475 0.956951 0.989544 0.00835244 0.0180609 0.00308089 0.0152944 0.00674789 0.00695166 0.0153367 0.0278384 0.0139836 0.986243 0.99696 0.98656 0.956438 0.0128276 0.00741275 0.00302706 0.982589 0.00308468 0.00261274 0.00664975 0.00836454 0.00327247 0.985926 0.992287 0.00657826 0.014794 0.00288448 0.965642 0.00896588 0.00698591 0.00283708 0.00779539 0.00276717 0.0111514 0.00309869 0.00671791 0.967105 0.966544 0.992295
0.0178427 0.986994 0.0159924 0.984454 0.0120212 0.0134258 0.98331 0.0266103 0.0141817 0.987427 0.970406 0.0244654 0.982939 0.995452 0.00914058 0.988825 0.0125384 0.99387 0.0175225 0.992897 0.995481 0.996784 0.0316095 0.985786 0.995097 0.994829 0.992155 0.00370312 0.993868 0.979997 0.989374 0.989383 0.974534 0.00613575 0.986561 0.980977 0.992895 0.00838442 0.991212 0.98447 0.0108287 0.991848 0.00775511 0.989119 0.99328 0.981915 0.969142 0.990092 0.986335 0.974121 0.955082 0.00237884 0.992353 0.959133 0.00558881 0.00748732 0.00770988 0.00868374 0.00276204 0.957895 0.989641 0.00826201 0.0177482 0.00308087 0.0150355 0.00669407 0.00689414 0.0150963 0.0272578 0.0137862 0.986401 0.996949 0.986671 0.957392 0.0126523 0.00734948 0.00302085 0.982905 0.00308491 0.00261338 0.00660302 0.00828371 0.00326838 0.986149 0.99237 0.00652966 0.0145676 0.00288219 0.966469 0.00886782 0.00693316 0.00283506 0.00771582 0.00276427 0.0110147 0.003095 0.00666546 0.967854 0.967258 0.99236
0.0175235 0.987108 0.0157353 0.984582 0.011856 0.0132084 0.983476 0.0260246 0.0139743 0.987538 0.970839 0.0239671 0.98317 0.995453 0.0090351 0.988917 0.0123482 0.993877 0.0172196 0.992906 0.99548 0.996777 0.0309015 0.985892 0.995101 0.994833 0.992176 0.00369061 0.993875 0.980278 0.98945 0.989459 0.974906 0.00608726 0.986664 0.981254 0.992903 0.00829082 0.991266 0.984603 0.0106757 0.991912 0.0076702 0.989215 0.993281 0.982133 0.969739 0.990167 0.986439 0.974608 0.956145 0.00238214 0.992434 0.960061 0.00555752 0.00741689 0.0076432 0.0085949 0.00275914 0.958814 0.989737 0.00817424 0.0174436 0.00308084 0.0147817 0.00664214 0.00683572 0.0148626 0.0266974 0.0135926 0.986557 0.996939 0.986782 0.958315 0.0124816 0.00728558 0.00301456 0.983211 0.00308458 0.00261403 0.00655677 0.0082051 0.00326429 0.986364 0.992453 0.00648318 0.0143453 0.00287975 0.967275 0.00876954 0.00688176 0.00283293 0.00763687 0.00276213 0.0108828 0.00309158 0.0066139 0.968585 0.967952 0.992424
0.0172139 0.98722 0.0154885 0.984711 0.0116919 0.0129947 0.98364 0.0254566 0.01377 0.987647 0.971262 0.0234854 0.983396 0.995453 0.00893105 0.98901 0.0121623 0.993884 0.0169255 0.992915 0.995479 0.996771 0.0302129 0.985997 0.995104 0.994837 0.992196 0.0036783 0.993883 0.980547 0.989525 0.989534 0.975263 0.00604041 0.986765 0.981527 0.992912 0.00819711 0.991319 0.984732 0.0105269 0.991976 0.00758929 0.989311 0.99328 0.982347 0.970324 0.990244 0.98654 0.975082 0.957164 0.00238563 0.992513 0.960957 0.00552714 0.00734804 0.00757685 0.00850827 0.0027569 0.959709 0.989832 0.00808774 0.0171442 0.0030808 0.0145365 0.00659053 0.00677844 0.014634 0.0261489 0.0134035 0.986711 0.996929 0.986892 0.959215 0.0123111 0.00722238 0.0030085 0.983511 0.00308491 0.0026146 0.00651079 0.00812817 0.00325978 0.986575 0.992533 0.00643694 0.0141272 0.00287765 0.968056 0.0086741 0.0068316 0.00283137 0.00756169 0.00275942 0.0107507 0.00308804 0.00656332 0.969296 0.96863 0.992488
0.0169097 0.98733 0.0152461 0.984835 0.0115334 0.012787 0.983802 0.0249035 0.0135701 0.987756 0.971677 0.0230103 0.983617 0.995452 0.00882803 0.989103 0.0119787 0.993891 0.0166371 0.992924 0.995477 0.996765 0.0295426 0.986102 0.995108 0.994841 0.992217 0.00366586 0.99389 0.980813 0.989598 0.989608 0.975618 0.00599332 0.986868 0.981795 0.992921 0.00810869 0.991372 0.98486 0.0103825 0.992039 0.00751137 0.989405 0.993281 0.982555 0.970896 0.99032 0.986642 0.975546 0.958156 0.00239005 0.992591 0.961825 0.00549641 0.00727939 0.00751146 0.00842412 0.00275446 0.960581 0.989922 0.00800142 0.0168536 0.00308094 0.0142965 0.00654128 0.0067219 0.0144105 0.025617 0.0132181 0.986863 0.996919 0.986998 0.96009 0.0121462 0.00716014 0.00300274 0.983801 0.00308531 0.00261554 0.00646475 0.00805207 0.00325572 0.986781 0.992611 0.00639202 0.013915 0.00287528 0.968813 0.0085812 0.00678113 0.0028295 0.00748598 0.00275672 0.0106219 0.00308459 0.00651335 0.969982 0.969287 0.992551
0.0166181 0.98744 0.0150117 0.98496 0.011376 0.0125844 0.983958 0.0243628 0.0133745 0.987863 0.972088 0.0225511 0.983833 0.995453 0.00872838 0.989191 0.0117995 0.993898 0.0163563 0.992932 0.995476 0.996758 0.028892 0.986206 0.995111 0.994846 0.992235 0.00365313 0.993898 0.98107 0.989671 0.989681 0.975962 0.00594688 0.986968 0.982056 0.99293 0.00802032 0.991425 0.984982 0.0102402 0.992102 0.00743297 0.989499 0.993281 0.982762 0.971455 0.990393 0.986743 0.975999 0.959122 0.00239344 0.992669 0.962665 0.00546608 0.00721237 0.00744799 0.00833914 0.00275178 0.961426 0.990013 0.0079172 0.016566 0.00308071 0.0140621 0.0064912 0.006668 0.0141933 0.0250995 0.0130342 0.987011 0.99691 0.987103 0.960941 0.0119858 0.00709856 0.00299702 0.984085 0.00308502 0.00261654 0.00642102 0.00797656 0.00325222 0.986982 0.992688 0.00634754 0.0137066 0.00287335 0.969554 0.00849034 0.00673113 0.00282776 0.00741213 0.00275403 0.0104954 0.00308059 0.00646334 0.97065 0.969924 0.992612
0.0163273 0.987545 0.014781 0.985084 0.011222 0.0123893 0.984114 0.0238404 0.0131859 0.987969 0.972488 0.0221021 0.984046 0.995453 0.00862928 0.989278 0.0116259 0.993905 0.016082 0.992941 0.995474 0.996751 0.0282571 0.986306 0.995114 0.994849 0.992254 0.00364084 0.993905 0.981324 0.989742 0.989753 0.976301 0.0059013 0.987067 0.982312 0.992939 0.00793309 0.991477 0.985109 0.0101016 0.992162 0.00735408 0.989592 0.993281 0.982964 0.971993 0.990465 0.986839 0.97644 0.960063 0.0023965 0.992747 0.963487 0.00543656 0.00714623 0.00738504 0.00825635 0.0027496 0.962244 0.990103 0.00783571 0.0162893 0.00308038 0.0138334 0.00644342 0.00661223 0.0139777 0.0245948 0.0128562 0.987158 0.996899 0.987208 0.96177 0.0118263 0.00703839 0.00299108 0.984363 0.00308469 0.00261715 0.00637604 0.00790154 0.0032483 0.987179 0.992762 0.00630212 0.0135046 0.00287105 0.97027 0.00840032 0.00668227 0.00282612 0.00733937 0.00275143 0.010373 0.00307718 0.00641349 0.971303 0.970546 0.992673
0.0160466 0.987653 0.0145547 0.985208 0.0110733 0.0121964 0.984263 0.0233305 0.0130003 0.988072 0.972875 0.021666 0.984255 0.995454 0.00853303 0.989364 0.0114547 0.993913 0.0158154 0.992948 0.995473 0.996744 0.0276409 0.986405 0.995117 0.994853 0.992273 0.0036297 0.993912 0.981574 0.989814 0.989823 0.976632 0.00585671 0.987163 0.982561 0.992947 0.00784828 0.99153 0.985225 0.0099665 0.992221 0.00727805 0.989682 0.99328 0.983163 0.972521 0.990535 0.986936 0.97687 0.96098 0.00240016 0.992821 0.964282 0.00540698 0.00707995 0.0073234 0.00817428 0.00274737 0.963044 0.99019 0.00775454 0.0160173 0.00308026 0.0136117 0.00639421 0.00655786 0.0137706 0.0241043 0.0126843 0.9873 0.99689 0.987312 0.962575 0.0116715 0.0069795 0.00298571 0.984632 0.00308477 0.00261816 0.00633283 0.00782855 0.00324398 0.987369 0.992836 0.00625868 0.0133065 0.00286864 0.970959 0.00831117 0.00663368 0.00282444 0.00726572 0.00274916 0.0102521 0.00307383 0.00636611 0.971934 0.971147 0.992732
0.0157736 0.987758 0.0143336 0.985327 0.0109281 0.0120087 0.984414 0.0228405 0.012818 0.988173 0.973259 0.0212389 0.984461 0.995455 0.00843836 0.989449 0.0112853 0.99392 0.0155514 0.992958 0.995472 0.996737 0.0270449 0.986505 0.99512 0.994857 0.992292 0.00361798 0.993919 0.981818 0.989884 0.989893 0.976954 0.00581182 0.987258 0.982806 0.992956 0.00776377 0.991579 0.985344 0.00983424 0.992279 0.00720258 0.989771 0.99328 0.983356 0.973034 0.990607 0.98703 0.977287 0.961856 0.00240401 0.992895 0.965056 0.0053781 0.00701487 0.00726082 0.0080943 0.00274481 0.963819 0.990277 0.00767508 0.0157523 0.00307975 0.0133904 0.00634694 0.00650518 0.0135661 0.0236261 0.012513 0.987437 0.996879 0.987415 0.963357 0.0115194 0.00692066 0.00298051 0.984896 0.00308463 0.00261929 0.00629012 0.00775781 0.00324034 0.987556 0.992908 0.00621537 0.0131109 0.00286642 0.971627 0.00822567 0.00658614 0.00282266 0.00719595 0.00274619 0.010132 0.00307077 0.00631892 0.972544 0.97173 0.99279
0.0155078 0.987859 0.014117 0.985442 0.0107834 0.0118239 0.984561 0.0223599 0.012639 0.988272 0.973636 0.0208252 0.98466 0.995455 0.00834661 0.989532 0.0111219 0.993927 0.0152951 0.992966 0.995471 0.99673 0.0264684 0.986602 0.995123 0.994861 0.99231 0.00360626 0.993926 0.982058 0.989954 0.989962 0.977271 0.00576797 0.98735 0.983049 0.992963 0.00768046 0.991628 0.98546 0.00970445 0.992336 0.00712983 0.989858 0.993281 0.983547 0.973532 0.990676 0.987124 0.977696 0.962714 0.00240755 0.992967 0.965812 0.00534977 0.00695301 0.00720061 0.00801625 0.00274241 0.964571 0.99036 0.00759715 0.0154935 0.00307989 0.0131738 0.00629976 0.00645308 0.0133664 0.0231614 0.0123467 0.987571 0.99687 0.987514 0.964122 0.0113718 0.00686421 0.00297472 0.985151 0.00308449 0.00262029 0.00624775 0.00768871 0.00323701 0.987736 0.992979 0.00617288 0.0129184 0.00286414 0.97228 0.00814053 0.00653973 0.00282098 0.00712695 0.00274449 0.0100123 0.00306787 0.00627263 0.97314 0.972306 0.992848
0.0152472 0.98796 0.013904 0.985557 0.0106412 0.0116448 0.984704 0.0218896 0.0124639 0.988371 0.974 0.0204237 0.984857 0.995456 0.00825506 0.989613 0.0109603 0.993935 0.0150443 0.992975 0.99547 0.996724 0.0259046 0.986696 0.995126 0.994864 0.992329 0.00359452 0.993932 0.982293 0.990022 0.990029 0.977585 0.00572468 0.987441 0.983282 0.992971 0.00760075 0.991677 0.985576 0.00957648 0.992393 0.00705783 0.989943 0.993281 0.983733 0.974022 0.990745 0.987218 0.978092 0.96355 0.00241099 0.993038 0.966543 0.00532216 0.00689175 0.00714199 0.00793892 0.00273987 0.965306 0.990443 0.00752001 0.0152415 0.00308002 0.0129653 0.00625263 0.00640211 0.013173 0.022711 0.0121834 0.987704 0.996858 0.987612 0.964864 0.0112261 0.00680825 0.00296914 0.985402 0.00308405 0.00262055 0.00620406 0.00761937 0.00323355 0.987917 0.993049 0.00613015 0.0127317 0.0028619 0.972908 0.00805589 0.00649347 0.00281942 0.00705875 0.00274281 0.0098974 0.00306458 0.0062266 0.973722 0.972863 0.992905
0.0149941 0.988056 0.0136966 0.985668 0.0105052 0.0114686 0.984844 0.021437 0.0122923 0.988466 0.974359 0.020034 0.985049 0.995456 0.00816671 0.989693 0.0108023 0.993943 0.0148032 0.992982 0.995468 0.996716 0.0253595 0.98679 0.995129 0.994868 0.992348 0.00358325 0.99394 0.982524 0.99009 0.990095 0.977886 0.00568283 0.987533 0.983512 0.992978 0.00752196 0.991725 0.985688 0.00945227 0.992449 0.0069874 0.990026 0.993281 0.983917 0.974493 0.990811 0.98731 0.978481 0.964364 0.00241431 0.993107 0.967258 0.00529416 0.00683162 0.00708325 0.00786309 0.00273768 0.966017 0.990527 0.00744523 0.0149946 0.00307998 0.0127617 0.00620697 0.00635279 0.0129807 0.0222713 0.0120224 0.987834 0.996849 0.987709 0.965588 0.0110838 0.006754 0.00296366 0.985645 0.00308361 0.00262146 0.00616247 0.00755183 0.00322959 0.988092 0.993118 0.0060886 0.0125498 0.00285982 0.973521 0.00797376 0.00644748 0.00281768 0.00699246 0.00274071 0.00978432 0.00306134 0.00618184 0.974285 0.973408 0.99296
0.0147453 0.988154 0.013496 0.985779 0.0103718 0.0112974 0.984983 0.0209953 0.0121253 0.988562 0.974711 0.0196541 0.985237 0.995456 0.00807986 0.989771 0.0106497 0.993949 0.0145662 0.992989 0.995466 0.99671 0.0248262 0.986881 0.995131 0.994872 0.992366 0.00357243 0.993946 0.982747 0.990154 0.99016 0.978184 0.00564153 0.987621 0.983737 0.992986 0.00744499 0.991772 0.9858 0.00932996 0.992504 0.00691883 0.990109 0.993281 0.984097 0.97496 0.990877 0.987399 0.978855 0.965153 0.00241767 0.993176 0.967954 0.00526638 0.00677304 0.00702581 0.00778772 0.00273528 0.966708 0.990608 0.00737117 0.0147547 0.0030799 0.0125624 0.00616163 0.00630325 0.0127942 0.0218442 0.011864 0.987964 0.996839 0.987805 0.966292 0.010944 0.00669959 0.00295864 0.985884 0.0030835 0.00262253 0.00612162 0.00748405 0.00322533 0.988262 0.993187 0.00604719 0.0123717 0.00285776 0.974115 0.00789176 0.00640199 0.00281574 0.00692641 0.00273833 0.00967225 0.00305776 0.00613736 0.974832 0.973937 0.993016
0.0145055 0.98825 0.0132986 0.985888 0.0102395 0.0111308 0.98512 0.0205659 0.0119606 0.988657 0.975054 0.0192864 0.985421 0.995457 0.00799282 0.989851 0.0105026 0.993957 0.0143366 0.992996 0.995465 0.996703 0.0243089 0.986975 0.995134 0.994875 0.992384 0.00356086 0.993953 0.982967 0.990219 0.990225 0.978476 0.00560089 0.987711 0.983956 0.992994 0.00736845 0.991819 0.98591 0.0092093 0.992558 0.00684986 0.99019 0.993281 0.984275 0.975413 0.990943 0.987486 0.979225 0.965924 0.00242116 0.993244 0.968631 0.00523932 0.00671535 0.00696883 0.00771432 0.00273346 0.967381 0.990686 0.00729862 0.0145236 0.0030793 0.0123693 0.0061167 0.00625435 0.0126109 0.0214254 0.0117084 0.988091 0.996829 0.987899 0.966973 0.010808 0.00664528 0.00295344 0.986118 0.00308319 0.00262346 0.00608167 0.00741697 0.00322215 0.988431 0.993254 0.00600665 0.0121969 0.00285576 0.974688 0.00781068 0.00635698 0.00281434 0.00686187 0.00273609 0.0095614 0.00305372 0.00609237 0.97536 0.974448 0.993068
0.0142706 0.988343 0.013102 0.985995 0.010111 0.010969 0.985256 0.0201499 0.0117994 0.988748 0.975392 0.0189198 0.985602 0.995457 0.00790797 0.989927 0.0103562 0.993963 0.0141121 0.993004 0.995464 0.996696 0.0238088 0.987065 0.995138 0.994878 0.992404 0.00354987 0.99396 0.983184 0.990284 0.990289 0.978765 0.00556067 0.987799 0.98417 0.993001 0.00729245 0.991866 0.986015 0.00909142 0.992612 0.0067831 0.990271 0.993281 0.98445 0.975854 0.991006 0.987572 0.979583 0.966663 0.00242433 0.993309 0.969281 0.00521218 0.0066573 0.00691206 0.00764237 0.00273107 0.968043 0.990764 0.00722742 0.0142967 0.00307886 0.0121816 0.00607391 0.00620752 0.012432 0.0210154 0.0115575 0.988214 0.99682 0.98799 0.967635 0.0106713 0.00659214 0.00294881 0.986343 0.0030832 0.0026242 0.00604119 0.00735221 0.00321916 0.988596 0.993319 0.00596692 0.0120245 0.00285368 0.975248 0.00773263 0.0063126 0.00281247 0.006799 0.00273389 0.00945474 0.00305048 0.0060493 0.975873 0.974942 0.993122
0.0140391 0.988434 0.0129132 0.986099 0.00998445 0.0108104 0.985389 0.0197461 0.0116411 0.988837 0.975724 0.0185654 0.985779 0.995457 0.00782437 0.990004 0.0102132 0.99397 0.0138934 0.993011 0.995462 0.996689 0.0233226 0.987155 0.99514 0.994882 0.992422 0.0035394 0.993965 0.983397 0.990348 0.990351 0.979047 0.00551978 0.987886 0.984381 0.993009 0.00721917 0.991911 0.98612 0.00897675 0.992666 0.0067175 0.990352 0.993281 0.98462 0.976287 0.991068 0.987659 0.979936 0.967387 0.00242763 0.993372 0.969915 0.00518436 0.00660092 0.00685793 0.00757216 0.00272926 0.968677 0.990839 0.00715618 0.0140696 0.00307906 0.0119982 0.00603136 0.00616071 0.0122558 0.0206155 0.0114105 0.988335 0.99681 0.988079 0.968277 0.0105402 0.00653952 0.00294383 0.986566 0.00308349 0.0026252 0.00600092 0.00728821 0.0032156 0.988756 0.993383 0.00592773 0.0118587 0.00285189 0.975792 0.00765545 0.00626904 0.0028112 0.0067356 0.00273143 0.00934975 0.00304688 0.00600592 0.976373 0.975429 0.993173
0.0138162 0.988526 0.0127289 0.986206 0.00986083 0.0106564 0.98552 0.0193509 0.0114877 0.988926 0.976049 0.018219 0.985954 0.995457 0.00774399 0.990077 0.0100737 0.993976 0.0136775 0.99302 0.995461 0.996682 0.0228472 0.987242 0.995142 0.994885 0.99244 0.00352897 0.99397 0.983603 0.99041 0.990414 0.979323 0.00547966 0.987971 0.984587 0.993017 0.00714768 0.991956 0.986224 0.0088651 0.992718 0.00665087 0.99043 0.993281 0.984788 0.976706 0.991131 0.987747 0.980278 0.96809 0.00243141 0.993434 0.97053 0.005158 0.00654582 0.00680445 0.00750247 0.0027271 0.969307 0.990914 0.00708692 0.0138514 0.00307928 0.0118183 0.00598778 0.00611514 0.0120862 0.0202338 0.0112646 0.988454 0.9968 0.988168 0.968905 0.0104113 0.00648922 0.00293842 0.986784 0.00308302 0.00262624 0.00596196 0.00722621 0.00321145 0.988912 0.993446 0.005888 0.0116954 0.00284988 0.976319 0.00758102 0.00622693 0.00280947 0.00667472 0.00272945 0.00924879 0.00304365 0.00596383 0.976863 0.975902 0.993223
0.0135957 0.988616 0.0125458 0.986311 0.00973876 0.0105038 0.985648 0.0189679 0.0113373 0.989014 0.976372 0.0178859 0.986124 0.995457 0.00766504 0.99015 0.00993709 0.993983 0.0134661 0.993027 0.995461 0.996676 0.0223881 0.987328 0.995145 0.994889 0.992458 0.0035178 0.993977 0.983806 0.990471 0.990475 0.979595 0.00544085 0.988055 0.984788 0.993024 0.00707778 0.991999 0.986327 0.00875418 0.992769 0.0065871 0.990507 0.993282 0.984953 0.977115 0.991193 0.98783 0.98061 0.968773 0.00243452 0.993496 0.971131 0.00513188 0.00649146 0.00675055 0.00743489 0.00272505 0.969915 0.990988 0.00701961 0.0136361 0.00307943 0.0116423 0.00594597 0.00607013 0.0119191 0.0198563 0.0111227 0.988573 0.99679 0.988255 0.969515 0.0102856 0.0064388 0.00293347 0.986993 0.00308262 0.0026273 0.00592414 0.00716436 0.00320755 0.989064 0.993507 0.00584981 0.0115349 0.00284755 0.976831 0.00750742 0.00618581 0.00280812 0.00661551 0.00272789 0.0091483 0.00304079 0.00592191 0.97734 0.97636 0.993274
0.0133776 0.988703 0.0123689 0.986414 0.00962015 0.0103558 0.985774 0.018596 0.0111886 0.989101 0.976681 0.0175604 0.98629 0.995457 0.00758661 0.99022 0.00980327 0.99399 0.0132603 0.993036 0.995459 0.996669 0.0219403 0.987413 0.995148 0.994892 0.992476 0.00350758 0.993982 0.984004 0.990532 0.990535 0.979861 0.00540279 0.988136 0.984987 0.993032 0.00700837 0.992043 0.986427 0.00864566 0.992819 0.00652497 0.990583 0.993284 0.985114 0.977514 0.991253 0.987911 0.980934 0.969432 0.00243787 0.993555 0.971713 0.00510724 0.00643791 0.00669899 0.00736892 0.00272279 0.970505 0.991062 0.00695269 0.0134264 0.00307956 0.0114689 0.00590455 0.0060245 0.0117553 0.01949 0.0109835 0.988688 0.996781 0.988342 0.970111 0.0101615 0.00639029 0.00292893 0.987197 0.00308249 0.00262781 0.00588653 0.00710301 0.00320423 0.989214 0.993568 0.00581288 0.0113793 0.00284537 0.977326 0.00743518 0.00614478 0.00280648 0.00655699 0.00272596 0.00904987 0.00303726 0.0058811 0.977804 0.976809 0.993323
0.0131685 0.98879 0.0121958 0.986514 0.00950215 0.0102103 0.985898 0.0182341 0.0110443 0.989185 0.976986 0.0172461 0.986454 0.995457 0.00751074 0.99029 0.00967242 0.993996 0.0130599 0.993043 0.995458 0.996662 0.0215017 0.987497 0.995151 0.994896 0.992495 0.00349753 0.993989 0.984199 0.990592 0.990595 0.980119 0.00536517 0.988216 0.985183 0.99304 0.00694022 0.992086 0.98653 0.00853882 0.992868 0.00646547 0.990655 0.993284 0.985272 0.977905 0.991312 0.987992 0.98125 0.970071 0.00244133 0.993614 0.972281 0.00508208 0.0063852 0.00664821 0.00730255 0.0027206 0.971076 0.991133 0.00688721 0.0132241 0.00307962 0.0112996 0.00586444 0.00598163 0.0115958 0.019134 0.0108464 0.988803 0.996771 0.988428 0.970694 0.010041 0.00634175 0.00292419 0.987399 0.00308256 0.00262856 0.00584951 0.00704383 0.00320038 0.989362 0.993627 0.00577487 0.0112256 0.00284352 0.977808 0.00736603 0.00610328 0.00280523 0.00649953 0.00272418 0.00895388 0.00303387 0.00584159 0.978251 0.977244 0.99337
0.012965 0.988876 0.0120251 0.986612 0.00938739 0.0100658 0.986021 0.017883 0.0109025 0.989267 0.977285 0.0169335 0.986611 0.995457 0.00743485 0.990361 0.0095446 0.994002 0.0128631 0.99305 0.995456 0.996656 0.0210746 0.98758 0.995154 0.9949 0.99251 0.00348752 0.993995 0.984391 0.99065 0.990654 0.980371 0.00532851 0.988295 0.985373 0.993048 0.00687351 0.992128 0.986629 0.00843612 0.992916 0.00640541 0.990728 0.993285 0.985428 0.978283 0.991371 0.988071 0.98156 0.970697 0.00244478 0.993673 0.97283 0.00505724 0.00633322 0.00659743 0.00723654 0.00271906 0.971633 0.991205 0.00682253 0.013026 0.00307938 0.0111345 0.0058246 0.00593901 0.0114402 0.0187845 0.0107127 0.988913 0.996761 0.988512 0.971261 0.0099224 0.00629397 0.00291936 0.987595 0.0030823 0.00262888 0.00581343 0.00698295 0.00319696 0.989506 0.993685 0.00573737 0.0110755 0.00284178 0.978277 0.00729598 0.00606343 0.00280359 0.00644356 0.00272177 0.008858 0.00303098 0.0058018 0.978687 0.97767 0.99342
0.0127658 0.98896 0.0118583 0.986711 0.00927546 0.00992539 0.986143 0.0175412 0.0107631 0.98935 0.977577 0.0166303 0.986769 0.995457 0.00735977 0.99043 0.00941927 0.994008 0.0126722 0.993056 0.995454 0.996649 0.0206615 0.987662 0.995156 0.994904 0.992527 0.00347769 0.994002 0.984577 0.990709 0.990712 0.980622 0.00529258 0.988373 0.985562 0.993054 0.00680733 0.99217 0.986726 0.00833596 0.992965 0.00634702 0.9908 0.993286 0.98558 0.978651 0.991429 0.988148 0.981861 0.971303 0.00244754 0.99373 0.973369 0.00503244 0.00628159 0.00654838 0.00717169 0.00271716 0.972176 0.991274 0.00675858 0.0128314 0.00307871 0.0109725 0.00578567 0.00589603 0.0112878 0.0184463 0.0105822 0.989021 0.996752 0.988594 0.971817 0.0098069 0.00624808 0.00291462 0.987787 0.0030823 0.00262979 0.00577739 0.00692486 0.00319364 0.989645 0.993742 0.00570133 0.01093 0.00283944 0.978733 0.00722743 0.00602476 0.00280203 0.00638768 0.00271961 0.00876592 0.00302818 0.00576128 0.97911 0.978079 0.993467
0.0125714 0.989044 0.0116972 0.986807 0.00916581 0.00978835 0.986261 0.01721 0.010626 0.989431 0.977864 0.0163353 0.986922 0.995457 0.00728764 0.990497 0.00929542 0.994013 0.0124837 0.993062 0.995453 0.996643 0.0202599 0.987744 0.995157 0.994908 0.992544 0.00346779 0.994008 0.984763 0.990765 0.990767 0.980867 0.00525746 0.988451 0.985746 0.993061 0.00674254 0.992212 0.986824 0.00823663 0.993011 0.00628767 0.990871 0.993287 0.98573 0.979003 0.991487 0.988227 0.982153 0.971896 0.00245064 0.993787 0.973895 0.0050087 0.00623012 0.00650044 0.00710906 0.00271529 0.972699 0.991342 0.00669674 0.0126414 0.00307846 0.010815 0.00574686 0.00585417 0.0111372 0.018119 0.0104559 0.989128 0.996742 0.988673 0.97235 0.00969363 0.00620156 0.00291028 0.987973 0.00308265 0.00263097 0.00574105 0.00686832 0.00319015 0.989784 0.993798 0.00566585 0.0107854 0.00283789 0.979173 0.00715996 0.00598598 0.00280109 0.00633195 0.0027173 0.00867492 0.00302506 0.00572267 0.979522 0.978482 0.993514
0.0123797 0.989126 0.0115396 0.986901 0.00905863 0.00965649 0.986377 0.0168833 0.0104932 0.989511 0.978144 0.0160483 0.987073 0.995457 0.00721617 0.990565 0.00917506 0.99402 0.0123006 0.993071 0.995451 0.996636 0.0198691 0.987822 0.995159 0.994911 0.992559 0.0034576 0.994015 0.984941 0.990822 0.990823 0.981108 0.00522241 0.988527 0.985924 0.993069 0.00668072 0.992252 0.986919 0.00813956 0.993058 0.00623123 0.990939 0.993287 0.985877 0.979353 0.991542 0.988305 0.982445 0.972471 0.00245404 0.993843 0.974403 0.00498446 0.0061801 0.00645252 0.00704759 0.00271328 0.973214 0.99141 0.00663564 0.0124566 0.00307826 0.010661 0.00570888 0.00581336 0.0109904 0.0177964 0.0103296 0.989234 0.996733 0.988753 0.972871 0.00958194 0.00615551 0.00290648 0.988155 0.00308221 0.00263227 0.00570597 0.00681243 0.00318663 0.989917 0.993853 0.00563158 0.0106452 0.00283571 0.979601 0.00709498 0.00594718 0.00279954 0.00627755 0.00271576 0.00858608 0.00302253 0.00568539 0.979925 0.978876 0.99356
0.0121932 0.98921 0.0113865 0.986994 0.00895384 0.00952566 0.986491 0.0165675 0.0103613 0.989589 0.97842 0.0157673 0.987221 0.995457 0.00714553 0.990632 0.00905795 0.994025 0.0121197 0.993079 0.995449 0.99663 0.0194905 0.987899 0.995162 0.994914 0.992572 0.00344847 0.994021 0.985119 0.990878 0.990879 0.981341 0.00518737 0.988602 0.9861 0.993075 0.00661936 0.992292 0.987011 0.00804417 0.993104 0.00617595 0.991006 0.993287 0.986023 0.979697 0.991598 0.988382 0.982722 0.973031 0.0024572 0.993897 0.974897 0.0049611 0.00613075 0.00640597 0.00698595 0.00271105 0.973715 0.991477 0.00657633 0.0122772 0.0030786 0.0105099 0.00567107 0.00577173 0.0108487 0.0174838 0.0102061 0.989338 0.996723 0.98883 0.973382 0.00947223 0.00611085 0.00290253 0.988334 0.00308218 0.00263287 0.00567169 0.00675598 0.00318374 0.990047 0.993908 0.005597 0.0105077 0.00283362 0.980019 0.0070288 0.00591053 0.00279867 0.00622388 0.00271336 0.00849789 0.00301846 0.0056479 0.980312 0.979257 0.993605
0.0120104 0.98929 0.0112343 0.987085 0.00884979 0.00939749 0.986602 0.0162588 0.0102325 0.989665 0.97869 0.0154945 0.987367 0.995457 0.0070761 0.990695 0.00894244 0.99403 0.011944 0.993086 0.995447 0.996623 0.0191217 0.987976 0.995164 0.994916 0.99259 0.00343943 0.994026 0.985292 0.990932 0.990933 0.98157 0.00515399 0.988676 0.986272 0.993081 0.00655977 0.992333 0.987101 0.00795013 0.993148 0.00612262 0.991076 0.993287 0.986166 0.980033 0.991651 0.988455 0.982997 0.973571 0.0024604 0.993951 0.975377 0.0049379 0.00608366 0.00635994 0.00692691 0.00270939 0.974206 0.991543 0.00651733 0.0120993 0.00307818 0.0103637 0.00563378 0.00573178 0.0107085 0.0171774 0.0100843 0.98944 0.996714 0.988909 0.973877 0.00936685 0.00606611 0.00289895 0.988506 0.00308195 0.00263354 0.00563711 0.00670128 0.00317957 0.990176 0.993961 0.00556306 0.0103742 0.0028315 0.980423 0.00696449 0.00587363 0.00279739 0.00617164 0.00271184 0.00841025 0.003015 0.00561213 0.980688 0.979623 0.993649
0.011832 0.989369 0.0110846 0.987174 0.00874833 0.00927276 0.986712 0.0159581 0.0101063 0.989741 0.978954 0.0152303 0.987509 0.995457 0.007008 0.990759 0.00882972 0.994035 0.0117718 0.993094 0.995446 0.996617 0.0187626 0.988053 0.995167 0.994919 0.992604 0.00342981 0.994033 0.985462 0.990987 0.990986 0.981795 0.0051208 0.988749 0.98644 0.993088 0.00649876 0.992372 0.98719 0.00785863 0.993194 0.00606864 0.991141 0.993288 0.986306 0.980358 0.991705 0.988527 0.983267 0.974096 0.00246361 0.994003 0.975845 0.00491482 0.00603643 0.0063131 0.0068672 0.00270786 0.974681 0.991607 0.00645981 0.0119261 0.00307863 0.0102202 0.00559651 0.00569209 0.0105706 0.0168765 0.00996626 0.989539 0.996704 0.988986 0.97436 0.00926099 0.00602281 0.0028948 0.988675 0.00308156 0.00263412 0.00560254 0.00664761 0.00317662 0.990301 0.994013 0.00552974 0.0102426 0.00282951 0.980819 0.00690152 0.00583654 0.00279569 0.00612019 0.00271016 0.00832605 0.00301226 0.00557695 0.981055 0.979985 0.993694
0.0116612 0.989446 0.0109407 0.987263 0.00864889 0.00914943 0.986823 0.0156665 0.00998224 0.989818 0.979216 0.0149721 0.987649 0.995457 0.00694055 0.990822 0.0087189 0.994041 0.0116039 0.993102 0.995444 0.996611 0.0184131 0.988126 0.995169 0.994921 0.992621 0.00342072 0.994039 0.98563 0.991039 0.991038 0.982015 0.00508747 0.988819 0.986605 0.993095 0.00643918 0.992411 0.987276 0.00776818 0.993237 0.00601607 0.991205 0.993288 0.986444 0.980677 0.99176 0.988599 0.983527 0.974613 0.00246701 0.994055 0.976302 0.00489215 0.00598994 0.00626845 0.00680976 0.0027063 0.975148 0.99167 0.00640338 0.0117567 0.00307868 0.0100791 0.00556182 0.00565328 0.0104365 0.0165867 0.00984929 0.989637 0.996694 0.989061 0.974827 0.00915792 0.00598051 0.00289092 0.988841 0.0030819 0.00263504 0.00556844 0.00659508 0.00317288 0.990424 0.994065 0.00549684 0.0101137 0.00282825 0.981198 0.00684006 0.00580093 0.00279424 0.00606975 0.00270873 0.00824299 0.0030091 0.00554183 0.981411 0.980337 0.993736
0.0114914 0.989521 0.0107975 0.98735 0.00855253 0.00902952 0.986933 0.0153848 0.00986215 0.989894 0.97947 0.0147207 0.987786 0.995457 0.00687644 0.990882 0.00861026 0.994047 0.0114413 0.993109 0.995443 0.996604 0.0180718 0.988199 0.99517 0.994925 0.992638 0.00341148 0.994045 0.985794 0.99109 0.991092 0.982229 0.00505498 0.988888 0.986765 0.993102 0.00638045 0.992448 0.987364 0.00768179 0.99328 0.00596392 0.99127 0.993288 0.986577 0.980989 0.991811 0.988668 0.983784 0.975112 0.00246995 0.994106 0.976744 0.0048703 0.00594396 0.00622445 0.00675197 0.00270472 0.975597 0.991733 0.00634805 0.0115887 0.00307861 0.00994253 0.00552684 0.00561435 0.0103041 0.0163036 0.0097365 0.989733 0.996685 0.989135 0.975282 0.00905644 0.00593658 0.00288667 0.989002 0.00308156 0.00263594 0.0055358 0.00654272 0.00316988 0.990546 0.994118 0.00546466 0.00998788 0.00282602 0.98157 0.0067787 0.00576465 0.00279232 0.00601878 0.00270691 0.00815946 0.00300609 0.00550669 0.981759 0.980677 0.993778
0.0113237 0.989595 0.0106585 0.987437 0.00845638 0.00891208 0.987039 0.0151085 0.0097454 0.989965 0.979717 0.0144766 0.987921 0.995457 0.00681214 0.990942 0.00850506 0.994053 0.0112808 0.993115 0.995442 0.996598 0.0177385 0.988271 0.995172 0.994927 0.992655 0.00340272 0.994051 0.985955 0.991139 0.991143 0.98244 0.00502317 0.988959 0.986925 0.993108 0.00632339 0.992485 0.987453 0.00759603 0.993323 0.00591331 0.991334 0.993287 0.986708 0.981294 0.991864 0.988736 0.984034 0.975595 0.00247303 0.994157 0.977177 0.00484766 0.0058981 0.00618043 0.00669661 0.00270286 0.976036 0.991792 0.0062934 0.011427 0.00307852 0.00980866 0.00549235 0.00557781 0.0101758 0.0160241 0.00962284 0.989827 0.996676 0.989207 0.975728 0.00895639 0.00589474 0.00288221 0.98916 0.0030822 0.00263688 0.0055032 0.00649045 0.00316728 0.990663 0.994166 0.00543297 0.00986328 0.00282384 0.981928 0.00671877 0.0057299 0.00279089 0.00596976 0.00270522 0.00807861 0.00300361 0.00547092 0.982097 0.981015 0.993819
0.0111622 0.989668 0.0105227 0.987522 0.00836413 0.00879632 0.987143 0.0148417 0.00962954 0.990036 0.979959 0.0142378 0.988052 0.995457 0.00674835 0.991002 0.0084008 0.994058 0.0111244 0.993121 0.99544 0.996591 0.0174153 0.988342 0.995175 0.994929 0.99267 0.00339408 0.994058 0.986113 0.991191 0.991193 0.982649 0.00499141 0.989028 0.987083 0.993115 0.00626799 0.992522 0.987537 0.00751123 0.993366 0.00586288 0.991397 0.993288 0.986839 0.981589 0.991915 0.988805 0.984277 0.97607 0.00247602 0.994207 0.977601 0.00482597 0.00585492 0.00613673 0.00664065 0.00270134 0.976463 0.991853 0.00623993 0.0112663 0.00307868 0.00967858 0.00545687 0.00554 0.0100479 0.015754 0.00951331 0.98992 0.996667 0.98928 0.976163 0.00886007 0.00585385 0.00287804 0.989314 0.00308178 0.00263741 0.0054714 0.00644033 0.00316434 0.990778 0.994216 0.0054024 0.00974142 0.00282218 0.98228 0.00666073 0.00569543 0.00278968 0.00592143 0.00270328 0.00799794 0.00300059 0.00543671 0.982427 0.981344 0.993859
0.011003 0.989741 0.01039 0.987607 0.00827143 0.00868373 0.987244 0.0145797 0.00951678 0.990105 0.980198 0.0140022 0.988181 0.995457 0.00668679 0.99106 0.00829947 0.994064 0.0109699 0.993128 0.995439 0.996585 0.0171011 0.988414 0.995177 0.994933 0.992686 0.00338528 0.994064 0.986269 0.991242 0.991245 0.982854 0.00496072 0.989094 0.987234 0.993121 0.00621306 0.992558 0.98762 0.00742991 0.993406 0.00581346 0.991459 0.993288 0.986965 0.981879 0.991965 0.988874 0.984515 0.976532 0.00247926 0.994256 0.97801 0.00480373 0.00581024 0.00609437 0.00658704 0.00270033 0.97688 0.991912 0.00618634 0.0111112 0.00307839 0.00955115 0.00542194 0.00550318 0.00992263 0.0154917 0.00940599 0.99001 0.996658 0.989353 0.976589 0.00876468 0.00581381 0.00287371 0.989465 0.00308162 0.00263855 0.00544113 0.00639078 0.00316139 0.99089 0.994264 0.00537188 0.00962237 0.00282062 0.982621 0.00660376 0.00566138 0.00278818 0.00587474 0.00270191 0.0079207 0.00299753 0.00540251 0.982748 0.981664 0.993899
0.0108496 0.989812 0.0102578 0.987689 0.00818133 0.00857351 0.987345 0.0143221 0.00940611 0.990175 0.980434 0.0137741 0.988308 0.995457 0.00662546 0.991118 0.0081993 0.994071 0.0108209 0.993134 0.995437 0.996578 0.0167946 0.988484 0.995179 0.994936 0.992702 0.00337607 0.99407 0.986421 0.991293 0.991294 0.983053 0.00493076 0.989163 0.987382 0.993127 0.00615946 0.992593 0.987701 0.00734906 0.993447 0.00576536 0.991518 0.993288 0.987089 0.982158 0.992015 0.988941 0.984748 0.976977 0.00248242 0.994303 0.978409 0.00478195 0.00576947 0.00605221 0.0065335 0.00269883 0.977288 0.991969 0.00613319 0.0109606 0.00307812 0.00942443 0.00538816 0.00546692 0.00980199 0.0152355 0.00930095 0.990102 0.996649 0.989424 0.976999 0.00867173 0.00577318 0.00287013 0.989613 0.00308124 0.00263939 0.00541026 0.00634302 0.00315861 0.991 0.994311 0.00534181 0.00950673 0.00281871 0.982953 0.00654643 0.00562764 0.00278703 0.00582753 0.00270071 0.0078433 0.00299497 0.00536858 0.983058 0.981974 0.993938
0.0106973 0.989881 0.0101286 0.98777 0.00809435 0.00846466 0.987442 0.0140716 0.00929809 0.990244 0.980665 0.0135513 0.988433 0.995456 0.00656643 0.991175 0.00810219 0.994077 0.0106734 0.993141 0.995435 0.996572 0.0164944 0.988552 0.995181 0.994939 0.992716 0.00336713 0.994076 0.986568 0.991342 0.991342 0.983246 0.00490009 0.989227 0.987532 0.993133 0.00610678 0.992628 0.987785 0.00726963 0.993487 0.00571899 0.991578 0.993287 0.987213 0.982433 0.992062 0.989006 0.984973 0.977413 0.00248496 0.99435 0.978799 0.00476146 0.005728 0.00601084 0.00648127 0.00269688 0.977683 0.992025 0.00608362 0.0108131 0.00307858 0.00930119 0.00535527 0.00543096 0.00968366 0.0149827 0.00919427 0.990189 0.99664 0.989493 0.977401 0.00857934 0.00573402 0.00286683 0.989759 0.00308176 0.00264024 0.00537831 0.00629553 0.00315556 0.991109 0.994358 0.00531178 0.00939109 0.00281736 0.983279 0.00649179 0.00559453 0.00278544 0.00578145 0.00269951 0.00776658 0.00299225 0.00533674 0.983362 0.982275 0.993977
0.0105484 0.989949 0.0100025 0.987851 0.00800876 0.00836028 0.987538 0.0138292 0.00919053 0.99031 0.980887 0.0133311 0.988556 0.995456 0.00650709 0.991231 0.00800701 0.994081 0.0105303 0.993146 0.995434 0.996565 0.016201 0.988619 0.995183 0.994942 0.992731 0.00335882 0.994082 0.986715 0.99139 0.991391 0.983438 0.00486996 0.989291 0.987675 0.993138 0.00605456 0.992664 0.987864 0.00719185 0.993526 0.00567328 0.991635 0.993288 0.987334 0.982704 0.992111 0.989072 0.985195 0.977838 0.00248871 0.994396 0.979182 0.00474093 0.00568657 0.00597006 0.00642965 0.00269594 0.97807 0.992083 0.00603354 0.0106666 0.00307827 0.00918127 0.00532202 0.00539592 0.00956658 0.0147359 0.00909128 0.990275 0.996631 0.989558 0.977793 0.00848853 0.00569522 0.00286267 0.9899 0.00308165 0.00264149 0.00534833 0.00624898 0.00315277 0.991216 0.994403 0.00528244 0.00927894 0.0028157 0.983592 0.00643746 0.00556101 0.00278436 0.0057376 0.00269803 0.0076936 0.00298908 0.00530401 0.983655 0.982569 0.994015
0.0104044 0.990016 0.00987861 0.98793 0.00792441 0.00825792 0.987633 0.0135947 0.00908471 0.990376 0.98111 0.0131199 0.988674 0.995456 0.00644994 0.991286 0.00791475 0.994087 0.0103895 0.993151 0.995433 0.996558 0.0159208 0.988686 0.995183 0.994945 0.992745 0.0033504 0.994088 0.986859 0.991439 0.991438 0.983627 0.00484047 0.989357 0.987815 0.993144 0.00600339 0.992699 0.987943 0.00711653 0.993564 0.00562727 0.991692 0.993289 0.987452 0.982967 0.99216 0.989135 0.985409 0.978252 0.00249202 0.994442 0.979551 0.0047201 0.00564557 0.00593059 0.00637943 0.00269458 0.978448 0.992139 0.00598508 0.0105244 0.00307792 0.00906452 0.00528955 0.00536185 0.009452 0.0144995 0.00899244 0.990359 0.996622 0.989624 0.978177 0.00839918 0.00565659 0.00285837 0.990038 0.00308119 0.0026423 0.00531845 0.00620258 0.00314945 0.991319 0.994449 0.00525463 0.0091697 0.00281435 0.983898 0.00638372 0.00552835 0.00278329 0.00569297 0.00269646 0.00762069 0.00298612 0.0052719 0.983945 0.982855 0.994053
0.010263 0.990083 0.00975801 0.988008 0.00784066 0.0081574 0.987725 0.0133648 0.00898117 0.99044 0.981329 0.0129125 0.988793 0.995455 0.00639409 0.991342 0.00782205 0.994092 0.0102525 0.993158 0.995432 0.996553 0.0156429 0.988751 0.995184 0.994947 0.992759 0.00334232 0.994093 0.987 0.991485 0.991486 0.983812 0.00481239 0.989419 0.987954 0.993151 0.00595231 0.992733 0.988023 0.00704234 0.993602 0.0055824 0.991749 0.993288 0.987568 0.983225 0.992207 0.989198 0.985622 0.978657 0.00249448 0.994485 0.979912 0.00469931 0.00560481 0.00589106 0.00632918 0.00269326 0.978818 0.992195 0.005936 0.0103867 0.00307798 0.00894824 0.00525846 0.00532859 0.00933934 0.0142662 0.00889444 0.990442 0.996613 0.98969 0.978552 0.00831227 0.0056189 0.00285491 0.990174 0.003081 0.00264323 0.00528902 0.00615834 0.00314678 0.99142 0.994493 0.00522523 0.00906283 0.002813 0.984201 0.00633106 0.00549615 0.00278189 0.00564999 0.00269502 0.00754865 0.00298364 0.00524091 0.984227 0.983136 0.99409
0.0101224 0.990149 0.00964167 0.988087 0.00775845 0.00805812 0.987819 0.0131378 0.00888088 0.990502 0.981541 0.0127101 0.988909 0.995456 0.00633841 0.991396 0.00773392 0.994096 0.0101172 0.993163 0.995429 0.996546 0.0153777 0.988817 0.995187 0.99495 0.992775 0.003334 0.994099 0.987139 0.99153 0.991532 0.983993 0.00478365 0.989483 0.988091 0.993157 0.00590221 0.992766 0.988097 0.00696823 0.99364 0.00553769 0.991805 0.993287 0.987683 0.983476 0.992252 0.989261 0.98583 0.97905 0.00249735 0.994529 0.980259 0.00467915 0.00556484 0.00585212 0.00628048 0.00269224 0.979175 0.992247 0.00588859 0.0102519 0.00307791 0.00883477 0.00522727 0.00529555 0.00923022 0.0140385 0.00879863 0.990525 0.996604 0.989756 0.978913 0.00822594 0.00558158 0.00285147 0.990307 0.00308078 0.00264393 0.00526025 0.00611246 0.00314426 0.991519 0.994537 0.00519677 0.00895717 0.00281173 0.984491 0.00627964 0.00546588 0.00278088 0.00560669 0.00269354 0.00747806 0.00298157 0.00521072 0.984502 0.983408 0.994127
0.0099855 0.990215 0.00952668 0.988162 0.00767861 0.00796069 0.987909 0.0129184 0.00878255 0.990564 0.98175 0.0125142 0.989021 0.995456 0.00628293 0.991448 0.00764551 0.994101 0.00998673 0.993168 0.995427 0.99654 0.0151136 0.98888 0.995188 0.994953 0.992791 0.0033259 0.994105 0.987273 0.991575 0.991578 0.984169 0.00475579 0.989544 0.988223 0.993163 0.00585347 0.992799 0.988172 0.0068964 0.993677 0.00549382 0.991859 0.993286 0.987797 0.983718 0.992297 0.989321 0.986033 0.97943 0.00250035 0.994571 0.980601 0.00465921 0.00552681 0.00581302 0.00623353 0.00269067 0.979525 0.9923 0.0058414 0.0101174 0.00307756 0.00872411 0.00519666 0.00526341 0.00912369 0.0138164 0.00870476 0.990606 0.996596 0.989821 0.979269 0.00814326 0.005545 0.00284808 0.990436 0.00308062 0.00264481 0.0052321 0.00606777 0.0031411 0.991618 0.99458 0.00516902 0.00885355 0.00280979 0.984773 0.00622966 0.00543438 0.00277957 0.00556497 0.00269197 0.0074093 0.00297924 0.00518055 0.984772 0.983675 0.994163
0.00985393 0.99028 0.00941374 0.988237 0.00759996 0.00786676 0.987999 0.0127052 0.00868597 0.990626 0.981954 0.0123214 0.989131 0.995456 0.00622879 0.991501 0.00755944 0.994107 0.00985885 0.993175 0.995426 0.996534 0.0148556 0.988943 0.99519 0.994956 0.992804 0.00331788 0.99411 0.987406 0.99162 0.991623 0.984341 0.00472829 0.989605 0.988354 0.99317 0.00580601 0.992831 0.988247 0.00682666 0.993713 0.00545155 0.991912 0.993285 0.987907 0.983958 0.992342 0.989383 0.98623 0.979802 0.00250352 0.994613 0.980931 0.00463922 0.00548941 0.00577595 0.00618545 0.0026897 0.979866 0.992352 0.00579412 0.00998694 0.00307747 0.00861494 0.00516665 0.00522912 0.00901771 0.0135975 0.00861332 0.990685 0.996587 0.989883 0.979613 0.00806183 0.00550966 0.00284476 0.990564 0.00308033 0.00264525 0.00520434 0.006024 0.0031384 0.991714 0.994622 0.0051417 0.00875257 0.00280838 0.985046 0.00617946 0.00540359 0.00277809 0.00552405 0.00269059 0.00734128 0.00297605 0.00515042 0.985033 0.983936 0.994198
0.00972354 0.990343 0.00930299 0.988309 0.00752227 0.00777371 0.988087 0.0124958 0.00859051 0.990688 0.982152 0.0121341 0.989242 0.995455 0.00617631 0.991552 0.00747514 0.994112 0.00973307 0.993182 0.995423 0.996527 0.0146069 0.989004 0.995191 0.994959 0.992818 0.00331004 0.994114 0.987537 0.991664 0.991666 0.984514 0.00470108 0.989663 0.988482 0.993177 0.0057593 0.992863 0.98832 0.00675667 0.993749 0.00540984 0.991966 0.993286 0.988015 0.984191 0.992386 0.989443 0.986421 0.980162 0.00250609 0.994654 0.981256 0.00461953 0.00545151 0.00573986 0.00613887 0.00268815 0.9802 0.992404 0.00574848 0.00985731 0.003078 0.00850861 0.0051358 0.00519712 0.00891525 0.0133847 0.00852225 0.990764 0.996579 0.989946 0.979951 0.00798181 0.00547251 0.00284147 0.990688 0.00307986 0.00264624 0.00517567 0.00598014 0.00313565 0.991808 0.994662 0.00511462 0.00865306 0.0028073 0.985313 0.00612973 0.00537334 0.00277646 0.00548388 0.00268962 0.007274 0.00297298 0.00512155 0.985284 0.984193 0.994233
0.00959455 0.990404 0.00919355 0.98838 0.00744647 0.00768299 0.988174 0.0122922 0.00849702 0.990748 0.982346 0.0119487 0.989351 0.995455 0.00612375 0.991602 0.00739237 0.994117 0.00961034 0.993187 0.995422 0.996521 0.0143638 0.989065 0.995193 0.994962 0.992832 0.00330201 0.994118 0.987662 0.991709 0.991709 0.98468 0.00467498 0.989723 0.988608 0.993184 0.00571291 0.992895 0.988391 0.00668861 0.993785 0.00536852 0.99202 0.993286 0.988122 0.98442 0.99243 0.989502 0.986611 0.980511 0.00250902 0.994696 0.981571 0.00460057 0.00541538 0.00570386 0.00609277 0.00268727 0.980526 0.992454 0.0057028 0.00973176 0.00307745 0.00840454 0.00510592 0.00516559 0.00881347 0.0131757 0.00843412 0.99084 0.99657 0.990009 0.980281 0.00790337 0.00543685 0.00283749 0.990808 0.00307989 0.00264698 0.0051479 0.00593909 0.00313316 0.991902 0.994704 0.00508851 0.00855502 0.00280626 0.985573 0.00608127 0.00534238 0.00277506 0.00544405 0.00268785 0.00720823 0.00297028 0.00509235 0.985531 0.984445 0.994267
0.00947073 0.990465 0.00908665 0.988451 0.00737299 0.00759474 0.988259 0.0120939 0.00840439 0.990808 0.98254 0.0117716 0.989454 0.995456 0.00607315 0.991652 0.00731171 0.994122 0.0094899 0.993194 0.995419 0.996516 0.0141276 0.989126 0.995194 0.994965 0.992845 0.00329449 0.994123 0.987787 0.991752 0.991751 0.984844 0.00464813 0.989779 0.98873 0.99319 0.00566686 0.992925 0.988462 0.00662134 0.993821 0.00532752 0.992071 0.993285 0.988226 0.984645 0.992473 0.98956 0.986798 0.980854 0.00251207 0.994736 0.981881 0.00458081 0.00537963 0.00566756 0.00604663 0.00268582 0.980842 0.992502 0.00565867 0.00960838 0.00307785 0.00830482 0.00507574 0.00513505 0.00871316 0.0129724 0.00834672 0.990916 0.996561 0.990067 0.980605 0.00782446 0.00540262 0.00283377 0.990928 0.00307957 0.00264773 0.0051209 0.00589764 0.00313013 0.991992 0.994744 0.00506259 0.00845871 0.00280469 0.985828 0.00603329 0.00531266 0.00277371 0.00540499 0.0026858 0.00714301 0.00296792 0.00506433 0.985773 0.984686 0.994301
0.00934947 0.990525 0.00898391 0.98852 0.00730023 0.00750798 0.988346 0.0119027 0.00831468 0.990866 0.982726 0.0115965 0.989558 0.995456 0.00602362 0.991702 0.00723295 0.994127 0.00937154 0.9932 0.995417 0.99651 0.0138953 0.989185 0.995195 0.994968 0.992859 0.00328707 0.994128 0.987913 0.991795 0.991792 0.985007 0.00462166 0.989836 0.988849 0.993194 0.00562262 0.992956 0.988531 0.00655529 0.993856 0.00528669 0.992123 0.993285 0.98833 0.984864 0.992517 0.989618 0.986977 0.981187 0.00251525 0.994774 0.982182 0.00456189 0.00534367 0.00563171 0.00600193 0.00268427 0.981152 0.992552 0.00561375 0.0094881 0.00307763 0.00820598 0.00504739 0.00510434 0.00861524 0.012778 0.00826187 0.99099 0.996552 0.990126 0.980919 0.0077475 0.00537031 0.00283033 0.991043 0.00307963 0.00264865 0.00509535 0.00585559 0.0031276 0.99208 0.994783 0.00503683 0.00836577 0.00280299 0.986073 0.00598607 0.0052825 0.00277295 0.00536621 0.00268454 0.00707938 0.00296586 0.00503601 0.986005 0.984926 0.994335
0.00923234 0.990584 0.00888089 0.988589 0.00722821 0.00742163 0.988428 0.0117131 0.00822682 0.990924 0.982911 0.0114277 0.989661 0.995455 0.00597457 0.99175 0.00715425 0.994133 0.00925619 0.993206 0.995416 0.996504 0.0136692 0.989243 0.995198 0.994969 0.992871 0.00327938 0.994133 0.988035 0.991837 0.991834 0.985164 0.00459591 0.989892 0.988969 0.9932 0.00557811 0.992987 0.988599 0.00649067 0.99389 0.00524707 0.992172 0.993285 0.988433 0.985077 0.992557 0.989675 0.987155 0.981511 0.00251842 0.994814 0.982477 0.00454346 0.00530869 0.00559717 0.00595813 0.0026827 0.981453 0.992601 0.00557 0.00937076 0.00307712 0.00810832 0.00501848 0.00507464 0.00851944 0.0125836 0.00817867 0.991064 0.996544 0.990184 0.981226 0.0076722 0.00533739 0.00282686 0.991156 0.00307907 0.00264991 0.00506971 0.00581571 0.00312447 0.992166 0.994822 0.00501119 0.0082749 0.00280155 0.986311 0.00594009 0.00525406 0.00277238 0.00532851 0.00268338 0.00701743 0.00296363 0.00500767 0.986235 0.985157 0.994368
0.0091163 0.990642 0.00877951 0.988658 0.00715714 0.00733737 0.98851 0.0115274 0.00814102 0.990981 0.983094 0.0112607 0.989761 0.995456 0.0059267 0.991797 0.00707775 0.994137 0.00914361 0.993211 0.995414 0.996498 0.013448 0.989301 0.9952 0.994972 0.992885 0.00327182 0.994138 0.988153 0.991878 0.991875 0.985317 0.00457036 0.989947 0.989085 0.993206 0.00553509 0.993017 0.988664 0.00642682 0.993923 0.00520852 0.992221 0.993285 0.988532 0.985288 0.992598 0.989733 0.987328 0.981823 0.00252111 0.994851 0.982759 0.00452537 0.0052736 0.00556291 0.00591442 0.00268181 0.981746 0.992649 0.00552738 0.00925489 0.00307656 0.00801331 0.00499076 0.00504539 0.00842687 0.0123965 0.00809467 0.991136 0.996536 0.990244 0.981524 0.0075983 0.00530414 0.00282373 0.991266 0.00307917 0.002651 0.00504349 0.00577623 0.00312152 0.99225 0.99486 0.00498581 0.00818459 0.00279964 0.986546 0.00589398 0.00522536 0.00277102 0.00529062 0.00268191 0.00695497 0.00296132 0.00497989 0.986458 0.985384 0.994399
0.00900387 0.990699 0.00868215 0.988725 0.0070879 0.00725515 0.98859 0.0113453 0.00805785 0.991036 0.983271 0.0110969 0.989858 0.995456 0.00587837 0.991844 0.00700382 0.994143 0.00903312 0.993215 0.995412 0.996492 0.0132321 0.989357 0.995202 0.994974 0.992898 0.00326379 0.994142 0.988271 0.991919 0.991916 0.985469 0.00454537 0.990003 0.989198 0.993212 0.0054936 0.993045 0.98873 0.00636531 0.993956 0.00517088 0.99227 0.993286 0.988629 0.98549 0.992638 0.98979 0.987499 0.982132 0.00252407 0.994889 0.983038 0.00450763 0.00523942 0.00552886 0.00587225 0.00268075 0.98203 0.992696 0.00548666 0.00914134 0.00307681 0.00792044 0.00496359 0.00501637 0.00833438 0.0122146 0.00801322 0.991205 0.996527 0.990302 0.981814 0.00752667 0.00527068 0.00282043 0.991376 0.00307915 0.00265202 0.00501766 0.00573799 0.00311895 0.992334 0.994897 0.00496064 0.00809574 0.00279799 0.986775 0.00584955 0.00519691 0.00276958 0.00525223 0.00268084 0.00689456 0.00295912 0.00495295 0.986676 0.985604 0.994432
0.0088927 0.990757 0.0085874 0.988791 0.00702037 0.00717439 0.988672 0.0111694 0.0079748 0.99109 0.983448 0.0109378 0.989955 0.995457 0.00583046 0.99189 0.0069324 0.994148 0.00892364 0.993221 0.995411 0.996486 0.0130235 0.989415 0.995202 0.994977 0.992912 0.00325708 0.994147 0.988385 0.991959 0.991955 0.985618 0.00452152 0.990056 0.989309 0.993216 0.00545216 0.993074 0.988796 0.00630417 0.993989 0.00513331 0.992317 0.993288 0.988725 0.985688 0.992679 0.989843 0.987666 0.982434 0.00252713 0.994925 0.983309 0.00449031 0.00520658 0.00549594 0.00583027 0.00267941 0.982312 0.992742 0.00544604 0.00903211 0.00307679 0.00782914 0.00493589 0.00498834 0.0082459 0.0120349 0.00793347 0.991275 0.996519 0.990359 0.982095 0.00745658 0.00523934 0.00281698 0.991482 0.00307944 0.00265234 0.00499307 0.00569902 0.00311614 0.992416 0.994934 0.0049366 0.0080102 0.00279611 0.986999 0.00580502 0.00516994 0.00276824 0.00521725 0.00267962 0.00683536 0.00295692 0.00492587 0.98689 0.985817 0.994463
0.00878421 0.990813 0.00849337 0.988856 0.0069541 0.00709561 0.988753 0.0109976 0.00789166 0.991145 0.983619 0.010785 0.990049 0.995457 0.00578268 0.991935 0.00686002 0.994154 0.00881777 0.993226 0.995408 0.99648 0.0128172 0.989468 0.995204 0.994979 0.992924 0.00325032 0.994152 0.988496 0.991999 0.991994 0.985766 0.00449693 0.990111 0.989418 0.993221 0.00541091 0.993103 0.988859 0.00624517 0.994021 0.00509654 0.992365 0.993289 0.988819 0.985883 0.992719 0.989895 0.987828 0.982727 0.00252979 0.994963 0.983577 0.00447295 0.0051729 0.00546188 0.00578863 0.00267843 0.982587 0.992787 0.00540586 0.00892435 0.00307647 0.0077395 0.00490847 0.0049597 0.00815853 0.0118601 0.00785435 0.991344 0.996511 0.990415 0.982375 0.00738718 0.00520831 0.00281352 0.991587 0.00307908 0.00265307 0.00496781 0.0056603 0.00311331 0.992497 0.994971 0.00491234 0.0079256 0.00279517 0.987217 0.00576226 0.00514344 0.002767 0.00518088 0.00267836 0.00677645 0.00295473 0.00489861 0.987099 0.986028 0.994494
0.00867517 0.990869 0.00840083 0.988919 0.0068888 0.00701742 0.98883 0.0108307 0.00781159 0.991198 0.983787 0.0106339 0.990141 0.995456 0.00573703 0.991981 0.00678849 0.994159 0.00871299 0.993233 0.995408 0.996474 0.0126161 0.989523 0.995205 0.994981 0.992938 0.00324293 0.994157 0.988608 0.992039 0.992034 0.985911 0.00447309 0.99016 0.989525 0.993226 0.0053702 0.993131 0.988922 0.00618686 0.994053 0.00505999 0.992412 0.993289 0.98891 0.986075 0.992756 0.989948 0.987985 0.983015 0.00253203 0.994998 0.983838 0.00445528 0.00514073 0.00542916 0.00574725 0.00267697 0.982855 0.992832 0.00536571 0.00881957 0.00307541 0.00765146 0.00488239 0.00493178 0.00807262 0.0116893 0.00777745 0.991411 0.996502 0.99047 0.982642 0.00731821 0.00517682 0.00281051 0.991688 0.00307895 0.00265365 0.00494313 0.0056217 0.00311071 0.992576 0.995006 0.0048886 0.00784217 0.00279351 0.987429 0.00571984 0.00511654 0.0027664 0.00514646 0.00267715 0.00671982 0.00295233 0.00487299 0.987303 0.986234 0.994524
0.00857102 0.990924 0.00831083 0.988983 0.00682483 0.00694168 0.988906 0.0106669 0.00773291 0.991251 0.98395 0.0104857 0.99023 0.995456 0.00569131 0.992024 0.00671942 0.994164 0.00861021 0.993238 0.995406 0.996469 0.0124194 0.989577 0.995206 0.994983 0.992951 0.003236 0.994162 0.988715 0.992078 0.992072 0.986054 0.00444972 0.990211 0.989631 0.993232 0.00532964 0.993158 0.988985 0.00612949 0.994083 0.00502527 0.992458 0.993289 0.989 0.986258 0.992795 0.989999 0.98814 0.983294 0.00253481 0.995033 0.984091 0.00443823 0.00510882 0.00539596 0.0057069 0.00267579 0.983112 0.992875 0.00532717 0.00871635 0.00307515 0.00756468 0.00485647 0.00490488 0.00798681 0.0115208 0.00770279 0.991478 0.996493 0.990524 0.982905 0.00725061 0.00514633 0.00280726 0.991789 0.00307942 0.00265432 0.00491855 0.00558437 0.00310791 0.992654 0.995041 0.00486543 0.0077611 0.00279226 0.987637 0.00567762 0.00508945 0.00276491 0.00511213 0.00267616 0.0066643 0.00294978 0.00484567 0.987503 0.986435 0.994553
0.00846865 0.990976 0.00822095 0.989045 0.00676281 0.00686885 0.988979 0.0105057 0.00765468 0.991302 0.984113 0.0103394 0.99032 0.995456 0.00564658 0.992068 0.00665224 0.994168 0.00850972 0.993245 0.995404 0.996462 0.0122294 0.989631 0.995207 0.994985 0.992963 0.00322898 0.994167 0.98882 0.992117 0.992111 0.986193 0.00442619 0.990262 0.989735 0.993236 0.0052899 0.993186 0.989047 0.0060737 0.994115 0.00498958 0.992503 0.993289 0.989088 0.98644 0.992833 0.99005 0.988291 0.983568 0.00253777 0.995067 0.98434 0.00442078 0.00507689 0.0053636 0.00566742 0.00267516 0.983367 0.992919 0.00528807 0.00861435 0.00307529 0.00748083 0.00483053 0.00487825 0.00790436 0.011358 0.00762987 0.991542 0.996485 0.990577 0.983165 0.00718514 0.00511546 0.0028042 0.991886 0.00307908 0.00265451 0.00489538 0.00554864 0.00310566 0.992729 0.995076 0.00484256 0.00768087 0.00279088 0.987836 0.00563607 0.00506263 0.00276416 0.00507799 0.00267475 0.00660673 0.00294713 0.00482045 0.987697 0.986632 0.994582
0.00836749 0.991026 0.00813464 0.989106 0.00670104 0.00679595 0.989054 0.010352 0.00757946 0.991353 0.984272 0.0101959 0.990408 0.995456 0.00560279 0.99211 0.00658568 0.994173 0.008413 0.99325 0.995402 0.996457 0.0120437 0.989682 0.995209 0.994987 0.992975 0.00322222 0.994172 0.988925 0.992155 0.992149 0.986326 0.00440346 0.990311 0.989835 0.993242 0.00525099 0.993214 0.989107 0.0060174 0.994145 0.00495516 0.992548 0.99329 0.989175 0.986621 0.99287 0.9901 0.988439 0.983834 0.00254038 0.995101 0.98458 0.00440363 0.00504486 0.00533207 0.00562925 0.00267359 0.983614 0.992962 0.00525131 0.0085163 0.00307473 0.00739747 0.00480463 0.00485196 0.00782282 0.0111972 0.0075572 0.991606 0.996476 0.990631 0.983416 0.00712115 0.00508577 0.0028011 0.991982 0.00307869 0.00265532 0.00487177 0.0055123 0.00310297 0.992802 0.99511 0.00481967 0.00760197 0.00278966 0.988033 0.00559601 0.00503644 0.00276329 0.00504461 0.00267385 0.00655226 0.00294492 0.00479488 0.987885 0.986823 0.994611
0.00826799 0.991079 0.00804886 0.989167 0.00664045 0.00672521 0.989128 0.010199 0.00750522 0.991403 0.98443 0.0100585 0.990494 0.995455 0.0055608 0.992152 0.00651945 0.994178 0.00831825 0.993255 0.995399 0.996451 0.0118619 0.989734 0.995209 0.994989 0.992987 0.0032162 0.994177 0.989027 0.992192 0.992186 0.98646 0.00438173 0.99036 0.989934 0.993248 0.00521259 0.993241 0.989169 0.00596234 0.994173 0.00492157 0.992592 0.993291 0.989261 0.986797 0.992907 0.990148 0.988584 0.984094 0.0025429 0.995135 0.984817 0.00438686 0.00501436 0.0053012 0.00559105 0.00267251 0.983857 0.993005 0.00521459 0.00841896 0.00307445 0.00731614 0.00477973 0.00482485 0.00774303 0.011041 0.00748705 0.991669 0.996469 0.990683 0.983663 0.00705744 0.00505666 0.00279829 0.992077 0.00307769 0.00265583 0.00484846 0.00547684 0.00310061 0.992875 0.995143 0.00479721 0.00752492 0.0027886 0.988223 0.0055559 0.00501119 0.00276166 0.00501183 0.0026729 0.00649986 0.00294274 0.00476962 0.988071 0.987012 0.99464
0.00817071 0.99113 0.00796508 0.989229 0.00658035 0.00665597 0.989196 0.0100497 0.00743095 0.991453 0.984584 0.00992173 0.990579 0.995455 0.0055196 0.992195 0.00645524 0.994183 0.00822346 0.993259 0.995397 0.996445 0.0116836 0.989785 0.99521 0.99499 0.992998 0.00320954 0.994182 0.989128 0.992227 0.992223 0.986592 0.00436006 0.990409 0.99003 0.993252 0.00517565 0.993267 0.989227 0.00590912 0.994201 0.00488788 0.992634 0.993291 0.989347 0.986969 0.992942 0.990197 0.988725 0.984346 0.00254584 0.995168 0.985048 0.00437052 0.00498329 0.00526993 0.00555403 0.00267149 0.984094 0.993046 0.00517832 0.00832355 0.00307438 0.00723774 0.00475477 0.00479935 0.00766588 0.0108879 0.00741646 0.991731 0.996461 0.990733 0.983906 0.00699397 0.00502785 0.00279514 0.992169 0.00307714 0.00265678 0.0048252 0.00544248 0.00309811 0.992948 0.995176 0.00477426 0.00745019 0.00278733 0.98841 0.00551687 0.00498691 0.00276074 0.00497972 0.00267168 0.00644751 0.00294015 0.00474499 0.988253 0.987196 0.994667
0.00807563 0.991181 0.00788322 0.989287 0.00652216 0.00658721 0.989265 0.009905 0.00735872 0.991501 0.984733 0.00978712 0.990663 0.995455 0.0054778 0.992237 0.00639237 0.994188 0.00813123 0.993264 0.995396 0.996439 0.0115119 0.989836 0.995211 0.994992 0.99301 0.00320329 0.994186 0.989227 0.992263 0.99226 0.98672 0.00433826 0.990457 0.990125 0.993258 0.00513809 0.993293 0.989288 0.00585749 0.994229 0.0048549 0.992677 0.993293 0.98943 0.987136 0.992978 0.990244 0.988863 0.984592 0.00254869 0.9952 0.98527 0.00435457 0.0049538 0.00523984 0.00551689 0.00267012 0.984323 0.993087 0.00514189 0.00822881 0.0030746 0.00715954 0.00473065 0.00477301 0.00758874 0.0107373 0.0073476 0.991793 0.996453 0.990783 0.98414 0.00693216 0.00499943 0.00279223 0.992259 0.00307701 0.00265746 0.00480239 0.00540815 0.00309535 0.993017 0.995209 0.00475172 0.00737411 0.00278592 0.988592 0.00547774 0.00496267 0.00276018 0.00494652 0.00267025 0.00639599 0.00293824 0.00472056 0.988429 0.987374 0.994695
0.00798302 0.991231 0.00780356 0.989346 0.0064638 0.00652094 0.989332 0.00976268 0.00728726 0.991549 0.984879 0.0096573 0.990745 0.995454 0.00543747 0.992278 0.00633034 0.994193 0.00804037 0.99327 0.995394 0.996434 0.0113428 0.989886 0.995212 0.994994 0.993022 0.0031963 0.994191 0.989323 0.992298 0.992294 0.986845 0.00431681 0.990503 0.990221 0.993263 0.00510243 0.993318 0.989345 0.0058062 0.994259 0.00482344 0.992719 0.993294 0.989513 0.987302 0.993014 0.990291 0.988998 0.984834 0.00255183 0.995232 0.985491 0.00433827 0.00492565 0.00521036 0.0054811 0.00266867 0.984551 0.993126 0.00510638 0.00813698 0.00307452 0.00708406 0.0047068 0.00474823 0.00751347 0.0105912 0.00727974 0.991853 0.996445 0.990833 0.98437 0.00687116 0.00497183 0.00278967 0.992347 0.00307673 0.0026581 0.00477923 0.00537456 0.0030931 0.993085 0.99524 0.00473037 0.00730084 0.00278493 0.98877 0.00544074 0.00493789 0.0027592 0.00491503 0.00266948 0.00634523 0.00293697 0.0046969 0.988598 0.987548 0.994723
0.00789226 0.991281 0.00772506 0.989403 0.00640685 0.00645466 0.989399 0.00962551 0.00721697 0.991595 0.985027 0.00952856 0.990825 0.995454 0.00539755 0.992319 0.0062697 0.994198 0.00795212 0.993276 0.995393 0.996428 0.011178 0.989936 0.995214 0.994996 0.993033 0.00318975 0.994196 0.989418 0.992333 0.99233 0.986967 0.00429513 0.99055 0.990313 0.993268 0.00506649 0.993343 0.989402 0.00575576 0.994287 0.00479203 0.99276 0.993296 0.989595 0.98746 0.993049 0.990337 0.989131 0.985066 0.0025543 0.995264 0.985702 0.00432234 0.00489715 0.0051819 0.00544595 0.00266774 0.984772 0.993165 0.00507148 0.00804566 0.00307445 0.00701088 0.00468356 0.00472325 0.00743899 0.0104484 0.00721229 0.991912 0.996437 0.990883 0.984595 0.00681093 0.00494458 0.00278712 0.992434 0.00307689 0.00265877 0.00475633 0.00534104 0.00309072 0.993153 0.995272 0.00470921 0.00722901 0.00278445 0.988943 0.00540328 0.00491308 0.00275861 0.00488306 0.00266836 0.00629567 0.0029348 0.00467316 0.988763 0.98772 0.99475
0.00780383 0.991329 0.00764702 0.98946 0.00635089 0.00639163 0.989465 0.00948879 0.00714935 0.991642 0.985168 0.00940343 0.990905 0.995454 0.0053577 0.99236 0.00620993 0.994202 0.00786635 0.99328 0.995392 0.996423 0.0110153 0.989984 0.995215 0.994998 0.993044 0.00318301 0.9942 0.989512 0.992366 0.992366 0.98709 0.00427435 0.990596 0.990403 0.993272 0.00503166 0.993368 0.989458 0.00570616 0.994316 0.00476089 0.992802 0.993297 0.989673 0.987616 0.993083 0.990384 0.989261 0.985297 0.00255692 0.995294 0.985912 0.00430688 0.00486793 0.00515347 0.00541072 0.00266667 0.984989 0.993204 0.00503681 0.00795823 0.00307391 0.00693644 0.00466035 0.00469867 0.00736622 0.0103108 0.00714714 0.991969 0.996429 0.990931 0.984814 0.0067528 0.00491677 0.00278485 0.992519 0.00307687 0.00265945 0.00473399 0.00530823 0.00308871 0.99322 0.995302 0.00468766 0.00715928 0.00278318 0.989114 0.00536651 0.00488991 0.00275769 0.00485267 0.00266728 0.00624609 0.00293294 0.00465082 0.988928 0.987887 0.994778
0.00771701 0.991377 0.00756979 0.989516 0.00629517 0.00632851 0.989533 0.00935686 0.0070837 0.991688 0.985309 0.00928144 0.990985 0.995453 0.0053189 0.992399 0.0061522 0.994206 0.00778104 0.993283 0.99539 0.996417 0.0108565 0.990033 0.995216 0.994999 0.993056 0.00317592 0.994204 0.989604 0.992401 0.992398 0.98721 0.00425327 0.990642 0.990492 0.993276 0.00499645 0.993393 0.989515 0.00565647 0.994344 0.00472985 0.992843 0.993298 0.989752 0.987772 0.993116 0.990431 0.98939 0.985519 0.00255922 0.995324 0.986114 0.00429191 0.0048395 0.00512497 0.00537615 0.00266581 0.9852 0.993243 0.00500285 0.00787187 0.00307319 0.00686468 0.00463714 0.00467425 0.00729663 0.0101735 0.00708176 0.992026 0.99642 0.990978 0.985031 0.00669545 0.00489012 0.00278174 0.992601 0.00307647 0.00266019 0.00471311 0.0052758 0.00308665 0.993285 0.995331 0.00466721 0.00708933 0.00278219 0.989282 0.0053305 0.0048669 0.00275674 0.00482226 0.0026659 0.00619848 0.00293134 0.00462857 0.989088 0.988049 0.994804
0.00763227 0.991424 0.00749531 0.989571 0.00624145 0.00626666 0.989597 0.00922851 0.00701768 0.991735 0.985446 0.0091632 0.99106 0.995454 0.00528121 0.992438 0.00609399 0.99421 0.00769767 0.993288 0.995388 0.996412 0.0107016 0.990079 0.995218 0.995001 0.993067 0.003169 0.994208 0.989695 0.992434 0.992433 0.987329 0.0042327 0.990688 0.99058 0.993282 0.00496278 0.993418 0.989568 0.00560937 0.99437 0.0046995 0.992882 0.993299 0.98983 0.987921 0.993149 0.990477 0.989514 0.985737 0.00256191 0.995354 0.986313 0.00427691 0.00481219 0.00509803 0.00534188 0.00266464 0.985407 0.993281 0.00496924 0.00778751 0.00307304 0.00679417 0.00461454 0.00465036 0.00722706 0.0100391 0.00701926 0.992082 0.996413 0.991025 0.985242 0.00663995 0.00486358 0.00277927 0.992683 0.0030761 0.00266077 0.00469176 0.00524421 0.00308472 0.993349 0.995361 0.00464636 0.00702039 0.00278114 0.989443 0.00529536 0.00484407 0.00275555 0.00479259 0.00266481 0.00615061 0.00292971 0.00460624 0.989243 0.988207 0.99483
0.00754883 0.99147 0.00741968 0.989624 0.00618953 0.00620675 0.989663 0.00910298 0.00695225 0.991781 0.98558 0.00904696 0.991135 0.995453 0.00524415 0.992475 0.00603691 0.994215 0.0076148 0.993291 0.995387 0.996406 0.0105505 0.990126 0.995218 0.995004 0.993079 0.0031624 0.994213 0.989785 0.992468 0.992467 0.987446 0.00421295 0.990732 0.990666 0.993286 0.00493015 0.993443 0.989622 0.00556268 0.994396 0.0046709 0.992921 0.9933 0.989906 0.988069 0.993182 0.990519 0.989637 0.98595 0.00256395 0.995383 0.986507 0.00426188 0.00478572 0.00507107 0.00530947 0.00266343 0.98561 0.993317 0.00493678 0.00770416 0.00307298 0.00672628 0.00459188 0.00462623 0.00715658 0.00990871 0.00695665 0.992137 0.996405 0.991069 0.985449 0.00658479 0.00483668 0.002777 0.992762 0.00307609 0.00266145 0.00467064 0.00521362 0.00308255 0.993412 0.995391 0.00462521 0.00695438 0.00277979 0.9896 0.00526029 0.00482113 0.0027549 0.00476423 0.00266359 0.00610323 0.00292817 0.00458344 0.989396 0.988366 0.994855
0.00746583 0.991515 0.00734828 0.989677 0.00613729 0.00614687 0.989725 0.00898051 0.00688863 0.991825 0.985712 0.00893303 0.991209 0.995452 0.00520747 0.992512 0.0059823 0.994219 0.00753449 0.993296 0.995386 0.9964 0.010404 0.990172 0.995219 0.995006 0.993088 0.00315621 0.994217 0.989872 0.992501 0.9925 0.987559 0.00419296 0.990778 0.990749 0.99329 0.0048972 0.993467 0.989675 0.00551718 0.994423 0.0046415 0.992961 0.993299 0.989981 0.988212 0.993214 0.990563 0.989757 0.98616 0.00256614 0.995412 0.986698 0.00424636 0.00475857 0.00504404 0.00527588 0.00266242 0.985807 0.993354 0.00490421 0.00762274 0.00307265 0.00665905 0.00456991 0.00460362 0.00708831 0.00977913 0.00689497 0.992193 0.996398 0.991115 0.98565 0.00652986 0.00481021 0.00277446 0.992838 0.00307536 0.00266219 0.0046507 0.00518237 0.00308027 0.993473 0.99542 0.00460414 0.0068885 0.00277883 0.989753 0.00522673 0.00479921 0.00275443 0.0047351 0.00266279 0.00605681 0.00292639 0.00456214 0.989544 0.988519 0.99488
0.00738645 0.991559 0.00727838 0.98973 0.00608719 0.00608766 0.989787 0.00885956 0.00682623 0.99187 0.985843 0.0088213 0.991282 0.995452 0.0051704 0.992549 0.00592816 0.994223 0.00745481 0.993301 0.995384 0.996395 0.0102613 0.990217 0.99522 0.995008 0.993099 0.00315018 0.994221 0.989959 0.992534 0.992533 0.987672 0.00417329 0.99082 0.990834 0.993295 0.0048648 0.993491 0.989728 0.00547225 0.994449 0.00461292 0.992998 0.993299 0.990056 0.988351 0.993245 0.990607 0.989876 0.986364 0.00256863 0.995441 0.986883 0.00423146 0.00473186 0.00501808 0.00524286 0.0026617 0.986001 0.993391 0.00487261 0.00754317 0.00307306 0.00659247 0.00454812 0.00458094 0.00702262 0.00965435 0.00683573 0.992246 0.99639 0.99116 0.985844 0.00647537 0.00478383 0.00277171 0.992914 0.00307473 0.00266273 0.00462981 0.00515193 0.00307847 0.993534 0.995448 0.00458445 0.0068251 0.00277804 0.989905 0.00519236 0.00477694 0.00275336 0.00470699 0.00266193 0.00601209 0.00292474 0.00454067 0.98969 0.988669 0.994906
0.00730814 0.991604 0.00720874 0.989782 0.00603705 0.00602929 0.989847 0.00874098 0.00676655 0.991914 0.98597 0.00871364 0.991353 0.995452 0.00513494 0.992585 0.00587518 0.994228 0.00737816 0.993306 0.995382 0.996389 0.0101206 0.990261 0.995222 0.99501 0.993109 0.00314454 0.994225 0.990042 0.992565 0.992565 0.987782 0.004154 0.990863 0.990914 0.993299 0.00483337 0.993514 0.98978 0.00542789 0.994475 0.00458417 0.993036 0.9933 0.990127 0.98849 0.993277 0.990648 0.989991 0.986562 0.00257071 0.995469 0.987064 0.00421771 0.00470581 0.00499171 0.00521047 0.00266124 0.986188 0.993426 0.00484106 0.00746465 0.0030729 0.00652812 0.00452674 0.00455832 0.00695677 0.00953162 0.00677781 0.992298 0.996383 0.991203 0.986039 0.00642238 0.00475867 0.00276852 0.99299 0.00307459 0.00266339 0.00460992 0.00512163 0.00307631 0.993592 0.995475 0.00456558 0.00676249 0.00277696 0.990051 0.00515969 0.0047561 0.00275258 0.00467959 0.00266117 0.00596704 0.00292261 0.00451903 0.989834 0.988818 0.994929
0.0072304 0.991649 0.00714056 0.989831 0.00598716 0.00597124 0.989908 0.0086258 0.00670553 0.991956 0.986096 0.0086072 0.991423 0.995451 0.00509914 0.992621 0.00582254 0.994232 0.00730246 0.993309 0.995381 0.996383 0.0099836 0.990304 0.995223 0.995012 0.99312 0.00313835 0.994229 0.990125 0.992599 0.992597 0.987892 0.00413496 0.990905 0.990996 0.993305 0.00480219 0.993536 0.989832 0.00538397 0.9945 0.00455658 0.993073 0.993301 0.990198 0.988628 0.993307 0.990691 0.990104 0.986755 0.00257307 0.995496 0.987242 0.00420273 0.00468073 0.00496625 0.00517967 0.0026601 0.986371 0.993462 0.00481022 0.00738706 0.00307217 0.00646358 0.00450535 0.00453634 0.006892 0.00941216 0.00671927 0.992348 0.996375 0.991246 0.986227 0.00637048 0.00473382 0.00276593 0.993065 0.00307441 0.00266429 0.00458964 0.00509131 0.00307413 0.99365 0.995503 0.00454592 0.00670073 0.00277602 0.990198 0.00512807 0.00473493 0.00275154 0.00465201 0.00265969 0.00592349 0.00292091 0.00449805 0.989973 0.988962 0.994953
0.00715531 0.991691 0.00707351 0.989883 0.00593889 0.0059159 0.989967 0.00851139 0.00664766 0.991997 0.986221 0.00850205 0.991492 0.995451 0.00506432 0.992656 0.00577114 0.994237 0.00722869 0.993313 0.995378 0.996378 0.00984859 0.990349 0.995224 0.995014 0.993132 0.00313291 0.994233 0.990207 0.99263 0.992628 0.987996 0.00411654 0.990947 0.991075 0.99331 0.00477116 0.993559 0.989881 0.00534002 0.994525 0.00452879 0.993109 0.9933 0.990268 0.988762 0.993337 0.990732 0.990215 0.986948 0.00257514 0.995524 0.987415 0.00418864 0.00465598 0.00494125 0.00514818 0.0026596 0.98655 0.993497 0.00477951 0.0073112 0.00307193 0.00640103 0.00448355 0.00451513 0.00682832 0.00929586 0.00666254 0.992397 0.996367 0.991289 0.986406 0.0063189 0.00471073 0.00276366 0.993138 0.00307455 0.00266569 0.00456985 0.00506301 0.00307241 0.993706 0.995529 0.00452701 0.00664002 0.0027754 0.990338 0.00509578 0.00471328 0.00275036 0.00462469 0.00265833 0.00587947 0.00291911 0.00447663 0.990109 0.989102 0.994977
0.00708005 0.991734 0.00700796 0.989934 0.0058894 0.00586105 0.990026 0.00840032 0.00659005 0.992039 0.986343 0.00840029 0.991559 0.99545 0.00502916 0.992691 0.00572041 0.994242 0.00715632 0.993318 0.995376 0.996373 0.00971722 0.990392 0.995226 0.995015 0.993142 0.0031271 0.994237 0.990287 0.992661 0.992659 0.988098 0.0040974 0.990987 0.991153 0.993314 0.00474115 0.99358 0.98993 0.00529783 0.99455 0.00450131 0.993145 0.9933 0.990337 0.988892 0.993367 0.990772 0.990324 0.987134 0.00257758 0.995552 0.987587 0.00417477 0.0046315 0.00491653 0.00511761 0.00265844 0.986723 0.993531 0.00474974 0.00723663 0.00307222 0.00634013 0.00446321 0.00449339 0.00676705 0.00917968 0.00660567 0.992447 0.99636 0.991331 0.986586 0.00626932 0.00468663 0.00276128 0.993209 0.00307391 0.00266652 0.00455062 0.00503411 0.00307066 0.993763 0.995556 0.00450816 0.00658106 0.00277402 0.990475 0.0050634 0.00469248 0.00274933 0.00459838 0.00265742 0.00583738 0.00291712 0.00445579 0.990241 0.989239 0.995001
0.00700654 0.991776 0.00694416 0.989983 0.00584336 0.00580802 0.990083 0.0082932 0.00653311 0.99208 0.986465 0.00829892 0.991626 0.99545 0.00499616 0.992725 0.00566941 0.994246 0.00708499 0.993322 0.995375 0.996367 0.00958871 0.990431 0.995227 0.995017 0.993153 0.00312121 0.99424 0.990366 0.99269 0.992687 0.988201 0.00407952 0.991028 0.991229 0.993318 0.00471132 0.993602 0.989981 0.00525539 0.994575 0.00447306 0.99318 0.9933 0.990406 0.98902 0.993398 0.990812 0.990432 0.987312 0.00257967 0.995578 0.987753 0.00416068 0.00460598 0.00489085 0.005087 0.00265734 0.986898 0.993565 0.00472069 0.00716392 0.00307214 0.00627804 0.00444233 0.00447113 0.00670562 0.00906679 0.00655132 0.992496 0.996352 0.991373 0.986762 0.00621982 0.0046621 0.00275916 0.993279 0.00307366 0.00266771 0.0045318 0.00500545 0.00306828 0.993817 0.995583 0.00448945 0.00652257 0.00277316 0.990607 0.00503203 0.00467168 0.00274862 0.00457189 0.00265678 0.00579533 0.00291521 0.00443549 0.990369 0.989373 0.995023
0.00693473 0.991818 0.00688087 0.99003 0.00579705 0.00575549 0.990139 0.00818798 0.00647708 0.99212 0.986582 0.00820216 0.991692 0.99545 0.00496387 0.992759 0.00562097 0.994249 0.00701454 0.993327 0.995374 0.996362 0.00946265 0.990473 0.995228 0.995019 0.993161 0.00311569 0.994243 0.990443 0.99272 0.992717 0.988301 0.00406159 0.991067 0.991303 0.993322 0.00468163 0.993624 0.990029 0.00521379 0.994599 0.00444714 0.993215 0.9933 0.990472 0.989146 0.993428 0.990852 0.990536 0.987489 0.00258238 0.995604 0.987917 0.00414677 0.00458162 0.00486736 0.00505696 0.00265672 0.987069 0.993598 0.00469173 0.00709312 0.00307211 0.00621829 0.00442179 0.00445022 0.00664568 0.00895629 0.00649771 0.992545 0.996344 0.991416 0.986934 0.00617091 0.00463792 0.00275639 0.993347 0.00307322 0.00266881 0.00451279 0.00497797 0.00306577 0.993871 0.995609 0.00447067 0.00646528 0.00277184 0.990737 0.00500119 0.00465153 0.00274797 0.00454621 0.00265612 0.00575507 0.0029139 0.00441469 0.990497 0.989504 0.995046
0.00686341 0.991859 0.00681769 0.990078 0.00575117 0.00570477 0.990196 0.00808426 0.00642297 0.99216 0.9867 0.0081069 0.991756 0.995449 0.00493107 0.992793 0.005573 0.994253 0.00694667 0.993331 0.995372 0.996356 0.00933957 0.990515 0.995228 0.995021 0.993171 0.00310984 0.994247 0.990519 0.99275 0.992746 0.988399 0.0040434 0.991107 0.991377 0.993327 0.00465286 0.993645 0.990076 0.00517364 0.994623 0.00442094 0.99325 0.993301 0.990539 0.98927 0.993457 0.990891 0.990638 0.987661 0.00258517 0.99563 0.988078 0.00413345 0.00455761 0.00484244 0.00502745 0.00265569 0.987233 0.99363 0.00466297 0.00702331 0.00307151 0.00615956 0.00440142 0.00443039 0.00658682 0.00884937 0.00644522 0.992593 0.996337 0.991456 0.9871 0.00612237 0.00461552 0.00275406 0.993415 0.00307309 0.00266919 0.00449415 0.00494991 0.00306382 0.993922 0.995634 0.00445238 0.00640902 0.00277102 0.990865 0.00497126 0.00463147 0.00274667 0.0045208 0.00265522 0.00571447 0.00291225 0.00439528 0.990621 0.989632 0.995068
0.00679528 0.991899 0.00675505 0.990123 0.00570747 0.00565369 0.990252 0.00798279 0.00636913 0.992199 0.986816 0.00801197 0.991818 0.995448 0.00489835 0.992825 0.0055262 0.994257 0.00687877 0.993334 0.995371 0.996351 0.0092188 0.990554 0.995229 0.995024 0.993182 0.00310451 0.994252 0.990594 0.992778 0.992775 0.988497 0.00402642 0.991146 0.99145 0.99333 0.00462348 0.993667 0.990122 0.00513333 0.994645 0.00439492 0.993285 0.993301 0.990602 0.98939 0.993487 0.990932 0.990739 0.987829 0.00258736 0.995655 0.988232 0.00412048 0.00453393 0.00481751 0.00499804 0.00265416 0.987395 0.993663 0.00463487 0.00695437 0.00307124 0.00610332 0.00438179 0.00441042 0.00652933 0.00874409 0.006393 0.992639 0.996329 0.991496 0.987263 0.00607553 0.00459357 0.00275208 0.993481 0.00307312 0.00266951 0.00447667 0.0049227 0.00306171 0.993974 0.99566 0.00443448 0.0063537 0.00276976 0.99099 0.0049412 0.00461139 0.00274577 0.00449494 0.00265406 0.00567536 0.00291049 0.00437538 0.990742 0.989758 0.99509
0.0067274 0.991939 0.00669462 0.990169 0.0056633 0.00560349 0.990307 0.00788407 0.00631637 0.992238 0.986929 0.00792034 0.991879 0.995448 0.00486622 0.992858 0.00548029 0.994261 0.00681252 0.993339 0.99537 0.996346 0.00910259 0.990594 0.99523 0.995025 0.99319 0.00309872 0.994256 0.990668 0.992805 0.992803 0.988594 0.00400925 0.991185 0.991522 0.993334 0.00459445 0.993688 0.990167 0.00509325 0.994669 0.00437034 0.993318 0.993301 0.990667 0.989507 0.993515 0.99097 0.990838 0.987995 0.00258978 0.995679 0.988387 0.00410783 0.00451098 0.00479382 0.00496939 0.00265301 0.987555 0.993694 0.00460677 0.0068874 0.00307114 0.00604829 0.00436197 0.00439005 0.00647189 0.00864166 0.00634249 0.992686 0.996321 0.991535 0.987425 0.00602915 0.00457124 0.0027499 0.993544 0.00307311 0.00267007 0.00445888 0.00489589 0.00305967 0.994024 0.995685 0.00441682 0.00629953 0.00276872 0.991111 0.00491229 0.00459195 0.00274492 0.00447055 0.00265325 0.00563633 0.00290892 0.00435594 0.990862 0.989881 0.995111
0.00666031 0.99198 0.00663445 0.990215 0.0056199 0.00555457 0.990362 0.00778706 0.00626413 0.992276 0.987038 0.00783001 0.991942 0.995447 0.00483625 0.992889 0.0054336 0.994265 0.00674754 0.993343 0.995368 0.996341 0.00898639 0.990632 0.995231 0.995027 0.993201 0.00309327 0.99426 0.99074 0.992833 0.992832 0.988689 0.00399251 0.991223 0.991593 0.993338 0.00456741 0.993707 0.990214 0.00505457 0.994691 0.00434516 0.993352 0.993301 0.990729 0.989623 0.993542 0.991008 0.990936 0.988157 0.00259187 0.995704 0.988535 0.00409474 0.00448813 0.00477052 0.00494151 0.00265208 0.987711 0.993726 0.00457897 0.00682154 0.00307115 0.00599354 0.00434276 0.00436962 0.00641612 0.00854098 0.00629176 0.992731 0.996314 0.991574 0.987582 0.00598433 0.0045498 0.00274778 0.993606 0.00307302 0.00267039 0.00444075 0.00486982 0.00305764 0.994075 0.995709 0.00440019 0.00624536 0.0027679 0.99123 0.00488329 0.00457289 0.00274419 0.0044467 0.00265224 0.00559813 0.00290705 0.00433668 0.99098 0.990002 0.995132
0.00659403 0.992018 0.0065768 0.990258 0.00557825 0.00550605 0.990416 0.00769258 0.00621285 0.992312 0.987146 0.00774144 0.992003 0.995447 0.00480462 0.99292 0.00538918 0.994269 0.00668376 0.993346 0.995366 0.996336 0.00887409 0.990672 0.995232 0.995029 0.993212 0.00308799 0.994265 0.990812 0.992861 0.992859 0.988783 0.0039759 0.99126 0.991662 0.993343 0.00454034 0.993728 0.990258 0.00501632 0.994712 0.00432095 0.993384 0.993303 0.990791 0.989735 0.99357 0.991047 0.991031 0.988319 0.00259434 0.995728 0.98868 0.00408191 0.00446521 0.00474726 0.00491338 0.00265132 0.987862 0.993757 0.00455201 0.00675757 0.00307086 0.00593886 0.00432435 0.00435065 0.00636277 0.00844092 0.00624152 0.992777 0.996307 0.991611 0.987736 0.00593961 0.00452862 0.00274581 0.993668 0.00307284 0.00267091 0.00442259 0.00484382 0.00305538 0.994124 0.995733 0.00438192 0.0061926 0.00276695 0.991348 0.00485463 0.00455367 0.00274354 0.00442283 0.00265114 0.0055604 0.00290522 0.00431774 0.991095 0.990119 0.995154
0.00653078 0.992055 0.00652088 0.990304 0.00553651 0.0054578 0.990466 0.00760045 0.00616254 0.992348 0.98725 0.00765311 0.992062 0.995446 0.00477457 0.992952 0.00534586 0.994272 0.00661999 0.99335 0.995364 0.996331 0.00876429 0.990709 0.995232 0.995031 0.993221 0.00308291 0.994269 0.990884 0.992888 0.992887 0.988872 0.00395947 0.991297 0.991729 0.993347 0.00451353 0.993748 0.990302 0.00497909 0.994734 0.00429644 0.993416 0.993302 0.990851 0.989845 0.993597 0.991081 0.991124 0.988473 0.00259656 0.995752 0.988821 0.00407006 0.00444368 0.00472504 0.00488636 0.00265056 0.98801 0.993787 0.00452599 0.00669375 0.00307061 0.00588595 0.00430557 0.00433094 0.00630887 0.00834259 0.0061924 0.992821 0.9963 0.991649 0.987886 0.00589458 0.00450723 0.00274379 0.993728 0.00307216 0.00267146 0.00440505 0.00481749 0.00305339 0.994172 0.995756 0.00436498 0.00614029 0.00276615 0.991462 0.00482627 0.00453487 0.00274276 0.00439894 0.00265038 0.00552308 0.00290337 0.00429804 0.991206 0.990235 0.995174
0.00646895 0.992094 0.00646453 0.990349 0.00549642 0.00541093 0.990516 0.0075098 0.00611354 0.992385 0.987354 0.00756788 0.992119 0.995446 0.00474485 0.992983 0.00530285 0.994276 0.00655879 0.993354 0.995362 0.996326 0.00865523 0.990747 0.995233 0.995032 0.993231 0.00307749 0.994273 0.990954 0.992915 0.992915 0.988961 0.00394349 0.991333 0.991795 0.993351 0.00448698 0.993768 0.990347 0.00494379 0.994755 0.00427342 0.993448 0.993302 0.990913 0.989954 0.993624 0.991117 0.991214 0.988624 0.00259896 0.995775 0.988962 0.00405778 0.00442156 0.00470349 0.0048596 0.00264987 0.988155 0.993817 0.00449987 0.00663041 0.00307025 0.00583363 0.0042875 0.00431168 0.00625684 0.00824886 0.00614338 0.992865 0.996293 0.991685 0.988033 0.00585112 0.0044864 0.00274198 0.993788 0.00307188 0.00267237 0.00438772 0.00479191 0.00305138 0.99422 0.99578 0.00434764 0.00608914 0.00276544 0.991575 0.00479829 0.00451631 0.0027421 0.00437552 0.00264948 0.00548568 0.00290119 0.00427968 0.991315 0.990348 0.995196
0.00640758 0.992132 0.00640987 0.990392 0.00545541 0.00536527 0.990567 0.00742157 0.00606568 0.99242 0.987456 0.00748507 0.992177 0.995445 0.00471547 0.993013 0.00526109 0.99428 0.0064994 0.993358 0.995361 0.996321 0.00854962 0.990784 0.995234 0.995034 0.993241 0.00307237 0.994276 0.991023 0.992942 0.992942 0.989048 0.00392728 0.991369 0.99186 0.993355 0.00446125 0.993787 0.99039 0.00490779 0.994777 0.00425025 0.993479 0.993302 0.990972 0.99006 0.993649 0.991154 0.991304 0.988771 0.00260158 0.995798 0.989099 0.00404615 0.00440045 0.00468202 0.00483388 0.00264906 0.988299 0.993848 0.0044748 0.00656769 0.00307058 0.0057825 0.00426927 0.00429246 0.00620662 0.00815559 0.00609597 0.992908 0.996286 0.991723 0.988178 0.00580791 0.00446513 0.0027398 0.993845 0.0030719 0.00267336 0.00437155 0.00476616 0.00304973 0.994267 0.995804 0.00433092 0.00603906 0.00276481 0.991683 0.00477033 0.00449673 0.00274104 0.00435258 0.00264899 0.00544962 0.00289889 0.00426186 0.99142 0.990459 0.995216
0.00634679 0.992169 0.00635633 0.990435 0.00541574 0.00532038 0.990618 0.00733338 0.00601827 0.992455 0.987555 0.00740427 0.992233 0.995445 0.00468681 0.993042 0.00521976 0.994282 0.00644075 0.993362 0.995359 0.996316 0.00844691 0.990822 0.995235 0.995035 0.99325 0.00306713 0.994279 0.99109 0.992967 0.992969 0.989134 0.00391114 0.991404 0.991923 0.993359 0.00443519 0.993807 0.990433 0.0048729 0.994798 0.00422677 0.993509 0.993303 0.991028 0.990165 0.993675 0.991191 0.991393 0.988915 0.00260312 0.995821 0.989237 0.00403414 0.00437934 0.0046608 0.0048068 0.00264841 0.988441 0.993877 0.00444938 0.00650742 0.00307054 0.00573278 0.00425177 0.00427415 0.00615497 0.00806573 0.00604994 0.992951 0.996279 0.991758 0.988318 0.00576615 0.00444398 0.00273733 0.993902 0.00307152 0.00267391 0.00435531 0.00474145 0.00304792 0.994313 0.995827 0.00431467 0.00598962 0.0027637 0.991791 0.00474329 0.00447844 0.00274068 0.00432974 0.00264813 0.00541421 0.00289676 0.00424481 0.991525 0.990569 0.995236
0.00628801 0.992205 0.00630322 0.990476 0.00537701 0.00527671 0.990665 0.00724779 0.00597135 0.99249 0.987652 0.00732365 0.992288 0.995444 0.00465947 0.993073 0.0051796 0.994286 0.00638151 0.993366 0.995357 0.996311 0.00834571 0.990861 0.995236 0.995036 0.99326 0.00306205 0.994283 0.991156 0.992994 0.992996 0.989217 0.00389511 0.991439 0.991987 0.993362 0.00441 0.993827 0.990475 0.00483871 0.99482 0.00420385 0.993539 0.993303 0.991087 0.990269 0.993702 0.991227 0.99148 0.989056 0.0026052 0.995844 0.989369 0.00402138 0.00435834 0.00463908 0.0047806 0.00264785 0.988578 0.993907 0.00442499 0.00644902 0.00306991 0.0056831 0.00423486 0.00425537 0.00610391 0.00797598 0.00600448 0.992991 0.996273 0.991794 0.988456 0.00572572 0.0044233 0.00273466 0.993959 0.00307142 0.00267474 0.00433872 0.00471755 0.00304586 0.994358 0.995849 0.00429825 0.0059411 0.00276271 0.991894 0.00471662 0.00446005 0.00273984 0.00430757 0.00264738 0.00537896 0.00289553 0.00422764 0.991627 0.990677 0.995257
0.0062296 0.992241 0.00625146 0.990517 0.00533942 0.00523339 0.990714 0.00716391 0.00592546 0.992525 0.987749 0.00724498 0.992344 0.995443 0.00463117 0.993103 0.00513949 0.99429 0.0063244 0.99337 0.995356 0.996306 0.00824604 0.990897 0.995237 0.995037 0.993269 0.00305686 0.994287 0.99122 0.993019 0.993022 0.9893 0.00387894 0.991474 0.992049 0.993366 0.00438574 0.993846 0.990515 0.00480377 0.99484 0.00418126 0.99357 0.993304 0.991143 0.990369 0.993726 0.99126 0.991563 0.989192 0.00260746 0.995866 0.989495 0.0040089 0.0043382 0.00461815 0.00475559 0.00264735 0.988711 0.993936 0.00440008 0.00639128 0.00306965 0.00563426 0.00421712 0.00423705 0.00605498 0.00788843 0.00595968 0.993033 0.996267 0.991829 0.988595 0.0056852 0.00440316 0.00273297 0.994015 0.00307135 0.0026754 0.00432285 0.00469359 0.00304364 0.994401 0.99587 0.00428249 0.00589377 0.00276121 0.991996 0.00469001 0.00444203 0.00273931 0.00428555 0.00264669 0.00534508 0.00289374 0.00420989 0.991729 0.990782 0.995276
0.00617287 0.992277 0.00619998 0.99056 0.00530143 0.00519086 0.990763 0.00708215 0.00588041 0.992559 0.987845 0.00716787 0.992398 0.995443 0.00460347 0.993132 0.00509954 0.994295 0.00626873 0.993373 0.995355 0.996301 0.00814943 0.990934 0.995238 0.995039 0.993279 0.00305209 0.994291 0.991283 0.993046 0.993047 0.989382 0.00386377 0.991507 0.99211 0.993371 0.00436066 0.993864 0.990556 0.00476979 0.994861 0.0041591 0.993598 0.993305 0.991198 0.990468 0.99375 0.991296 0.991645 0.989326 0.00260973 0.995888 0.989621 0.00399676 0.00431798 0.00459768 0.00473113 0.00264661 0.988843 0.993964 0.00437628 0.006334 0.00306907 0.00558633 0.00419923 0.0042195 0.00600632 0.00780227 0.00591576 0.993073 0.996259 0.991864 0.988725 0.00564608 0.00438402 0.00273069 0.994069 0.00307111 0.00267577 0.00430604 0.00467017 0.00304151 0.994443 0.995892 0.00426692 0.00584755 0.00276037 0.992095 0.00466412 0.00442449 0.00273882 0.00426414 0.00264609 0.00531129 0.00289171 0.00419257 0.991828 0.990883 0.995295
0.00611757 0.992312 0.00614867 0.9906 0.00526467 0.00514947 0.990808 0.00700305 0.00583478 0.992592 0.98794 0.00709146 0.99245 0.995443 0.00457619 0.993162 0.00506089 0.994299 0.00621461 0.993375 0.995354 0.996297 0.0080537 0.99097 0.995239 0.995042 0.993289 0.00304676 0.994294 0.991346 0.99307 0.993073 0.989466 0.00384844 0.991542 0.99217 0.993375 0.00433676 0.993883 0.990599 0.00473644 0.994879 0.00413733 0.993627 0.993305 0.991253 0.990565 0.993775 0.99133 0.991726 0.989458 0.00261188 0.995909 0.989744 0.00398492 0.00429828 0.00457689 0.0047057 0.00264563 0.98897 0.993992 0.00435249 0.00627745 0.0030691 0.00553928 0.00418234 0.00420132 0.00595822 0.00771866 0.00587294 0.993112 0.996253 0.991898 0.988856 0.00560663 0.0043644 0.00272862 0.994124 0.00307144 0.00267614 0.00428976 0.00464631 0.00303959 0.994485 0.995913 0.00425071 0.00580134 0.00275931 0.992193 0.00463824 0.00440774 0.00273795 0.00424213 0.00264491 0.00527757 0.00289021 0.00417602 0.991925 0.990983 0.995314
0.00606169 0.992346 0.00609878 0.990641 0.00522856 0.00510869 0.990853 0.00692495 0.00579144 0.992625 0.988033 0.00701775 0.9925 0.995442 0.00454981 0.993189 0.00502336 0.994301 0.00615979 0.993379 0.995353 0.996292 0.00796058 0.991005 0.99524 0.995043 0.993298 0.00304219 0.994298 0.991407 0.993095 0.993097 0.989546 0.00383382 0.991575 0.992228 0.993377 0.00431342 0.993901 0.990639 0.00470479 0.994898 0.00411591 0.993655 0.993306 0.991307 0.990658 0.993799 0.991364 0.991806 0.989586 0.00261407 0.995929 0.989865 0.00397372 0.00427884 0.00455722 0.00468116 0.00264481 0.989097 0.99402 0.00432937 0.00622156 0.00306836 0.00549263 0.00416604 0.00418371 0.0059109 0.00763605 0.00583008 0.993151 0.996245 0.991932 0.988983 0.00556885 0.00434584 0.00272666 0.994177 0.003071 0.0026765 0.00427422 0.00462387 0.00303801 0.994528 0.995934 0.00423492 0.00575483 0.00275822 0.99229 0.00461337 0.00439095 0.00273752 0.00422061 0.00264442 0.005244 0.00288834 0.00415847 0.992017 0.991082 0.995333
0.00600667 0.992379 0.00604987 0.99068 0.0051923 0.00506875 0.990899 0.00684863 0.00574847 0.992657 0.988128 0.00694335 0.992551 0.995442 0.0045232 0.993217 0.00498612 0.994304 0.00610582 0.993383 0.995352 0.996288 0.00786934 0.991039 0.995241 0.995044 0.993307 0.00303681 0.994301 0.991469 0.99312 0.993122 0.989623 0.00381914 0.991608 0.992288 0.993381 0.00429004 0.993919 0.990677 0.00467256 0.994919 0.00409428 0.993682 0.993307 0.99136 0.99075 0.993823 0.991398 0.991884 0.989713 0.00261608 0.995951 0.989981 0.00396186 0.00425985 0.00453733 0.00465798 0.00264384 0.989221 0.994047 0.00430637 0.00616718 0.00306774 0.00544823 0.00414949 0.00416588 0.00586456 0.00755335 0.005789 0.993189 0.996238 0.991965 0.98911 0.00553192 0.00432674 0.00272477 0.994229 0.00307019 0.00267666 0.0042585 0.00460242 0.00303647 0.994569 0.995954 0.00421995 0.00570973 0.00275788 0.992383 0.00458848 0.00437504 0.00273704 0.00420002 0.00264374 0.00521175 0.00288652 0.00414187 0.99211 0.991179 0.995352
0.00595342 0.992413 0.006003 0.990721 0.00515613 0.00502856 0.990942 0.00677306 0.00570605 0.992689 0.988218 0.0068721 0.992601 0.995442 0.00449762 0.993244 0.00494873 0.994308 0.00605254 0.993387 0.99535 0.996284 0.00777909 0.991074 0.995242 0.995045 0.993316 0.00303207 0.994305 0.991529 0.993144 0.993147 0.989698 0.00380428 0.991641 0.992343 0.993385 0.0042668 0.993938 0.990717 0.00464147 0.994938 0.00407264 0.99371 0.993307 0.991412 0.990841 0.993846 0.991431 0.991962 0.989838 0.00261799 0.995971 0.990097 0.00395105 0.00423984 0.00451733 0.0046351 0.00264292 0.989342 0.994073 0.0042839 0.00611387 0.00306742 0.00540445 0.00413282 0.00414913 0.00582054 0.00747466 0.00574716 0.993227 0.996232 0.991998 0.989232 0.00549509 0.00430891 0.00272294 0.99428 0.00306991 0.00267706 0.00424273 0.00458065 0.00303438 0.99461 0.995975 0.00420516 0.00566627 0.00275699 0.992475 0.00456384 0.00435806 0.00273621 0.00417979 0.00264308 0.00517974 0.00288536 0.00412543 0.9922 0.991274 0.99537
0.00590168 0.992445 0.00595614 0.99076 0.0051212 0.00498948 0.990986 0.00669868 0.00566354 0.992719 0.988306 0.00680305 0.992649 0.995442 0.00447257 0.993272 0.00491159 0.994311 0.00600157 0.993392 0.995348 0.996279 0.00769222 0.991109 0.995243 0.995046 0.993325 0.00302704 0.994308 0.991588 0.993169 0.99317 0.989773 0.00378981 0.991673 0.992399 0.99339 0.00424366 0.993956 0.990754 0.00461063 0.994958 0.00405248 0.993737 0.993307 0.991463 0.990929 0.993869 0.991463 0.992037 0.989959 0.00262032 0.995992 0.990211 0.00393924 0.00422074 0.00449769 0.00461175 0.0026418 0.989461 0.9941 0.00426119 0.00606117 0.00306727 0.00535984 0.00411732 0.00413265 0.00577684 0.00739634 0.00570665 0.993264 0.996226 0.992031 0.989353 0.00545882 0.00429096 0.00272105 0.99433 0.00306965 0.00267768 0.00422727 0.00455866 0.00303278 0.99465 0.995995 0.00419012 0.00562326 0.00275631 0.992565 0.00454005 0.004341 0.0027351 0.00415943 0.00264196 0.00514847 0.00288356 0.00410981 0.992289 0.991367 0.995388
0.00585183 0.992478 0.00591058 0.990798 0.00508682 0.00495148 0.991031 0.00662701 0.0056232 0.992751 0.988394 0.00673441 0.992699 0.995441 0.00444779 0.993298 0.00487552 0.994316 0.00595117 0.993395 0.995347 0.996275 0.00760561 0.991141 0.995244 0.995047 0.993334 0.00302224 0.994312 0.991647 0.993194 0.993194 0.989848 0.00377578 0.991703 0.992453 0.993394 0.00422104 0.993975 0.990794 0.00458033 0.994977 0.00403289 0.993762 0.993308 0.991514 0.991016 0.993892 0.991495 0.992112 0.990079 0.00262226 0.996012 0.990323 0.00392777 0.0042019 0.00447931 0.00458848 0.00264098 0.989578 0.994125 0.00423843 0.0060098 0.00306694 0.00531609 0.00410175 0.00411586 0.00573367 0.00732035 0.00566497 0.993302 0.99622 0.992063 0.989472 0.00542308 0.00427222 0.00271907 0.994378 0.00306911 0.00267773 0.00421206 0.00453721 0.00303134 0.99469 0.996014 0.00417553 0.0055807 0.00275574 0.992653 0.00451718 0.00432423 0.00273449 0.00413943 0.00264116 0.00511728 0.00288194 0.00409298 0.992376 0.991459 0.995406
0.00580138 0.992511 0.0058638 0.990836 0.00505341 0.00491345 0.991074 0.00655667 0.00558216 0.992781 0.988479 0.00666741 0.992747 0.995441 0.00442305 0.993323 0.00483892 0.994319 0.00590179 0.993399 0.995345 0.99627 0.00752125 0.991174 0.995244 0.995049 0.993344 0.00301769 0.994315 0.991704 0.993217 0.993217 0.98992 0.00376189 0.991734 0.992507 0.993397 0.00419882 0.993992 0.990833 0.00455022 0.994995 0.00401306 0.993788 0.99331 0.991565 0.991103 0.993916 0.991526 0.992184 0.990196 0.00262409 0.996032 0.99043 0.00391627 0.00418301 0.00446019 0.00456572 0.00264063 0.989691 0.994151 0.00421618 0.0059582 0.00306678 0.00527433 0.00408582 0.00409915 0.00569128 0.00724433 0.00562533 0.993339 0.996213 0.992096 0.989587 0.00538685 0.00425446 0.00271727 0.994425 0.00306875 0.00267792 0.0041979 0.00451629 0.00302936 0.994729 0.996034 0.00416046 0.00553924 0.00275492 0.992738 0.00449382 0.00430836 0.00273362 0.00412009 0.00264107 0.00508684 0.00287987 0.0040777 0.99246 0.991545 0.995424
0.00575178 0.992543 0.00581939 0.990873 0.00502018 0.00487594 0.991117 0.00648687 0.00554259 0.99281 0.988564 0.00660266 0.992795 0.99544 0.00439879 0.993348 0.00480307 0.994322 0.00585345 0.993403 0.995344 0.996265 0.00743883 0.991207 0.995245 0.99505 0.993352 0.00301277 0.994318 0.99176 0.99324 0.99324 0.989991 0.00374783 0.991766 0.992561 0.993401 0.00417651 0.994009 0.990871 0.00452118 0.995014 0.0039936 0.993815 0.99331 0.991614 0.991186 0.993938 0.991557 0.992256 0.990311 0.00262559 0.99605 0.990535 0.00390526 0.00416535 0.00444193 0.00454266 0.00264021 0.989803 0.994176 0.0041946 0.00590845 0.00306679 0.00523278 0.00407029 0.00408242 0.00564858 0.00717016 0.00558698 0.993375 0.996206 0.992127 0.9897 0.00535204 0.00423718 0.0027157 0.994473 0.00306851 0.00267847 0.00418371 0.00449504 0.00302768 0.994767 0.996053 0.00414623 0.00549835 0.00275429 0.992822 0.00447025 0.00429283 0.00273272 0.00410045 0.00264043 0.00505703 0.00287868 0.00406224 0.992543 0.991631 0.99544
0.00570351 0.992575 0.00577533 0.990909 0.00498819 0.00483972 0.99116 0.00641727 0.00550475 0.992841 0.988645 0.00653794 0.99284 0.995439 0.00437484 0.993373 0.0047689 0.994325 0.00580503 0.993407 0.995342 0.996261 0.00735746 0.991238 0.995246 0.995051 0.993361 0.0030082 0.994322 0.991814 0.993264 0.993261 0.990062 0.00373388 0.991795 0.992615 0.993405 0.0041552 0.994025 0.990908 0.004492 0.995032 0.00397416 0.993841 0.993311 0.991664 0.991268 0.993959 0.991588 0.992326 0.990422 0.00262757 0.996069 0.99064 0.00389497 0.00414735 0.00442376 0.00452074 0.0026394 0.989912 0.994201 0.00417306 0.00586006 0.00306743 0.00519103 0.00405556 0.00406697 0.00560772 0.00709796 0.00554994 0.99341 0.996199 0.992158 0.98981 0.00531852 0.00421922 0.00271371 0.994519 0.00306851 0.00267902 0.00416881 0.00447502 0.00302623 0.994805 0.996072 0.00413199 0.00545776 0.00275365 0.992905 0.00444808 0.0042771 0.00273195 0.00408145 0.0026397 0.00502748 0.00287702 0.00404713 0.992624 0.991718 0.995457
0.00565637 0.992606 0.00573204 0.990944 0.00495689 0.00480417 0.991204 0.00635094 0.0054663 0.992871 0.988725 0.00647431 0.992885 0.995438 0.00435112 0.993399 0.00473575 0.994329 0.0057577 0.993411 0.995341 0.996256 0.00727963 0.991272 0.995247 0.995053 0.993369 0.00300353 0.994326 0.991867 0.993286 0.993284 0.990131 0.0037202 0.991826 0.992666 0.993408 0.00413453 0.994043 0.990943 0.00446293 0.995049 0.00395498 0.993866 0.993312 0.991711 0.99135 0.993981 0.991618 0.992395 0.99053 0.00262998 0.996088 0.990742 0.0038843 0.00412926 0.0044055 0.00449845 0.00263905 0.99002 0.994225 0.00415237 0.00581123 0.00306727 0.00515098 0.00404037 0.00405079 0.00556656 0.00702787 0.00551137 0.993445 0.996192 0.992189 0.98992 0.00528492 0.00420181 0.00271224 0.994565 0.00306845 0.00267903 0.00415451 0.00445498 0.00302455 0.994841 0.996091 0.00411832 0.00541812 0.00275256 0.992986 0.00442623 0.00426168 0.00273112 0.00406289 0.00263925 0.00499804 0.0028757 0.00403259 0.992705 0.991804 0.995474
0.00560944 0.992637 0.00568906 0.990978 0.00492515 0.00476887 0.991244 0.0062848 0.00542884 0.992899 0.988805 0.00641199 0.99293 0.995439 0.00432792 0.993424 0.00470352 0.994333 0.00571066 0.993413 0.995339 0.996251 0.00720248 0.991303 0.995247 0.995054 0.993377 0.00299911 0.994329 0.99192 0.993308 0.993307 0.990199 0.00370707 0.991856 0.992718 0.993412 0.00411424 0.994059 0.990978 0.00443468 0.995067 0.00393691 0.993892 0.993311 0.991758 0.991429 0.994002 0.991647 0.992462 0.99064 0.00263201 0.996106 0.990842 0.00387451 0.00411169 0.00438803 0.00447684 0.00263869 0.990126 0.994249 0.00413196 0.00576382 0.00306723 0.00511133 0.00402505 0.0040357 0.00552571 0.00695867 0.00547404 0.993479 0.996185 0.992219 0.990029 0.00525176 0.00418487 0.00271034 0.99461 0.00306821 0.00267961 0.0041412 0.00443448 0.00302321 0.994878 0.99611 0.00410497 0.00537805 0.00275154 0.993065 0.00440382 0.00424656 0.00273044 0.00404422 0.00263853 0.00497052 0.00287475 0.00401742 0.992784 0.991886 0.995491
0.00556297 0.992667 0.005648 0.991016 0.00489394 0.0047338 0.991283 0.00621929 0.00539123 0.992929 0.988884 0.00635159 0.992974 0.995439 0.00430495 0.993449 0.0046716 0.994336 0.00566586 0.993416 0.995338 0.996247 0.0071268 0.991331 0.995248 0.995055 0.993386 0.00299462 0.994333 0.991974 0.993329 0.993329 0.990267 0.00369383 0.991886 0.992769 0.993414 0.00409351 0.994076 0.991013 0.00440731 0.995085 0.00391823 0.993916 0.993312 0.991805 0.991508 0.994024 0.991677 0.992528 0.990745 0.00263399 0.996125 0.990941 0.00386364 0.00409411 0.00436973 0.00445564 0.00263778 0.99023 0.994274 0.0041121 0.00571789 0.00306696 0.00507253 0.00401081 0.00401993 0.00548676 0.00689099 0.00543798 0.993512 0.996179 0.992249 0.990134 0.0052193 0.00416835 0.00270851 0.994654 0.00306871 0.00268056 0.00412701 0.00441474 0.00302108 0.994913 0.996128 0.00409089 0.00534042 0.0027509 0.993143 0.00438174 0.00423124 0.00272964 0.00402582 0.00263786 0.00494271 0.00287358 0.00400293 0.992862 0.991967 0.995507
0.0055171 0.992696 0.00560779 0.99105 0.0048633 0.00469923 0.991323 0.00615636 0.00535478 0.992957 0.988961 0.00629135 0.993017 0.995439 0.00428246 0.993474 0.00463971 0.994339 0.0056214 0.99342 0.995337 0.996242 0.00705165 0.991361 0.995248 0.995056 0.993394 0.00299052 0.994336 0.992025 0.993351 0.99335 0.990334 0.00368037 0.991915 0.992818 0.993418 0.00407295 0.994091 0.991049 0.00437993 0.995102 0.00390015 0.99394 0.993313 0.991851 0.991583 0.994046 0.991705 0.992593 0.990848 0.00263606 0.996143 0.991036 0.0038538 0.00407673 0.00435254 0.00443476 0.00263697 0.990331 0.994298 0.00409241 0.00567269 0.00306703 0.00503422 0.00399562 0.00400573 0.00544833 0.00682316 0.00540169 0.993545 0.996173 0.992278 0.990236 0.0051872 0.0041518 0.00270693 0.994697 0.00306868 0.00268173 0.00411326 0.0043949 0.00301958 0.994948 0.996146 0.00407752 0.0053023 0.00274978 0.99322 0.00435965 0.00421669 0.00272852 0.00400769 0.00263705 0.00491505 0.00287174 0.00398849 0.992939 0.992046 0.995523
0.00547328 0.992726 0.0055682 0.991082 0.00483281 0.00466631 0.991363 0.00609429 0.00531797 0.992986 0.98904 0.00623153 0.993061 0.995439 0.00426003 0.993499 0.00460874 0.994343 0.00557617 0.993424 0.995335 0.996238 0.00697844 0.991393 0.995249 0.995058 0.993402 0.0029863 0.994339 0.992077 0.993372 0.993372 0.9904 0.00366762 0.991944 0.992867 0.993421 0.00405334 0.994107 0.991085 0.00435291 0.995119 0.00388215 0.993965 0.993313 0.991897 0.991658 0.994068 0.991735 0.992658 0.99095 0.00263834 0.996161 0.99113 0.00384324 0.00406016 0.00433448 0.00441446 0.00263647 0.99043 0.994322 0.00407283 0.00562815 0.00306722 0.00499669 0.00398163 0.00399095 0.0054097 0.00675776 0.005366 0.993578 0.996167 0.992308 0.990337 0.00515492 0.00413535 0.00270468 0.99474 0.00306825 0.00268197 0.00409989 0.00437623 0.00301735 0.994983 0.996163 0.00406395 0.00526443 0.00274911 0.993297 0.00433927 0.00420167 0.00272778 0.00398952 0.00263628 0.00488763 0.00287044 0.00397429 0.993014 0.992123 0.995539
0.00542943 0.992754 0.00552852 0.991116 0.00480254 0.00463339 0.991402 0.00603276 0.00528191 0.993013 0.989115 0.00617383 0.993104 0.995438 0.00423856 0.993523 0.00457803 0.994346 0.00553357 0.993427 0.995334 0.996233 0.0069077 0.991423 0.99525 0.995058 0.99341 0.00298162 0.994342 0.992125 0.993394 0.993393 0.990464 0.00365562 0.991972 0.992914 0.993424 0.00403414 0.994122 0.991119 0.00432653 0.995135 0.00386365 0.993988 0.993315 0.99194 0.991733 0.994089 0.991763 0.99272 0.991049 0.00264061 0.996177 0.991223 0.00383402 0.00404377 0.00431748 0.00439431 0.00263559 0.990527 0.994345 0.00405281 0.00558344 0.00306689 0.00496009 0.00396711 0.00397608 0.00537241 0.00669353 0.00533192 0.993609 0.99616 0.992338 0.990434 0.00512343 0.00411904 0.00270257 0.994781 0.00306783 0.00268273 0.00408647 0.0043578 0.0030163 0.995017 0.99618 0.0040507 0.00522872 0.00274815 0.99337 0.00431786 0.00418704 0.00272683 0.00397192 0.00263543 0.00485932 0.00286824 0.00396011 0.993087 0.992197 0.995555
0.00538617 0.992781 0.00548906 0.99115 0.0047733 0.00460091 0.991442 0.00597329 0.0052462 0.99304 0.989189 0.00611717 0.993147 0.995438 0.00421759 0.993547 0.00454748 0.994349 0.00549107 0.99343 0.995333 0.99623 0.00683641 0.991454 0.995251 0.99506 0.993417 0.00297721 0.994346 0.992175 0.993414 0.993415 0.990526 0.00364326 0.991999 0.992961 0.993427 0.0040155 0.994137 0.99115 0.00430017 0.995151 0.00384608 0.994012 0.993314 0.991983 0.991806 0.99411 0.99179 0.99278 0.991146 0.00264276 0.996195 0.991314 0.00382385 0.00402728 0.00430144 0.00437466 0.00263507 0.990622 0.994366 0.00403375 0.00554083 0.00306614 0.00492313 0.00395301 0.00396196 0.00533625 0.0066298 0.00529812 0.993641 0.996155 0.992365 0.990531 0.00509237 0.00410273 0.00270103 0.994821 0.0030677 0.00268327 0.00407336 0.0043382 0.00301448 0.995051 0.996197 0.00403747 0.00519349 0.00274738 0.993442 0.00429729 0.00417301 0.00272645 0.0039542 0.00263455 0.00483243 0.00286698 0.00394641 0.993157 0.992271 0.995571
0.00534464 0.992809 0.00544944 0.991185 0.00474512 0.0045692 0.991479 0.00591484 0.00521162 0.993068 0.989261 0.00606181 0.993188 0.995438 0.00419689 0.99357 0.00451776 0.994352 0.00544941 0.993434 0.995332 0.996225 0.00676766 0.991483 0.995252 0.995061 0.993426 0.00297328 0.994349 0.992224 0.993435 0.993436 0.990587 0.00363117 0.992027 0.993007 0.99343 0.00399607 0.994152 0.991183 0.00427417 0.995168 0.00382915 0.994037 0.993315 0.992025 0.991879 0.99413 0.991817 0.99284 0.991243 0.0026446 0.996212 0.991402 0.00381399 0.00401064 0.0042854 0.00435478 0.00263424 0.990714 0.994388 0.00401447 0.00549826 0.00306592 0.0048872 0.00393893 0.00394745 0.00530071 0.0065673 0.00526431 0.993673 0.996149 0.992394 0.990626 0.00506162 0.00408637 0.00269891 0.994861 0.00306759 0.00268374 0.00406136 0.00431992 0.00301281 0.995083 0.996214 0.00402467 0.00515749 0.00274669 0.993512 0.00427693 0.00415904 0.00272603 0.00393707 0.00263358 0.00480639 0.00286516 0.00393266 0.993226 0.992345 0.995586
0.00530295 0.992835 0.00541181 0.991217 0.00471658 0.00453763 0.991516 0.00585825 0.00517719 0.993095 0.989331 0.00600611 0.993228 0.995437 0.00417621 0.993593 0.00448849 0.994355 0.00540782 0.993437 0.99533 0.99622 0.00670045 0.991511 0.995252 0.995063 0.993433 0.00296866 0.994352 0.992272 0.993455 0.993457 0.990649 0.00361912 0.992053 0.993053 0.993434 0.0039777 0.994168 0.991216 0.00424842 0.995184 0.00381219 0.99406 0.993315 0.992066 0.991949 0.99415 0.991845 0.992899 0.991337 0.00264624 0.996229 0.991489 0.00380448 0.00399457 0.00426837 0.00433534 0.00263387 0.990806 0.994409 0.00399641 0.00545616 0.00306576 0.0048529 0.00392536 0.00393319 0.00526459 0.00650708 0.00523183 0.993703 0.996143 0.992422 0.990718 0.00503172 0.00407106 0.00269667 0.994901 0.00306739 0.00268442 0.00404834 0.00430098 0.00301089 0.995116 0.99623 0.00401174 0.00512247 0.00274606 0.993581 0.00425692 0.0041457 0.00272544 0.00391994 0.00263303 0.00477992 0.00286411 0.00391814 0.993293 0.992417 0.995602
0.00526304 0.992862 0.0053741 0.991249 0.00468943 0.00450652 0.991553 0.00580268 0.00514311 0.993121 0.989401 0.00595228 0.993268 0.995436 0.00415616 0.993615 0.00445973 0.994358 0.00536759 0.99344 0.995329 0.996216 0.00663342 0.99154 0.995252 0.995063 0.99344 0.0029648 0.994355 0.992318 0.993474 0.993477 0.990709 0.00360759 0.99208 0.993098 0.993436 0.00395963 0.994183 0.991248 0.00422338 0.9952 0.00379514 0.994083 0.993316 0.992109 0.992018 0.994169 0.991873 0.992958 0.991428 0.00264826 0.996245 0.991575 0.00379589 0.00397832 0.00425257 0.00431623 0.00263333 0.990895 0.994432 0.00397821 0.00541485 0.00306569 0.00481844 0.00391212 0.0039194 0.00523052 0.00644601 0.00520035 0.993733 0.996137 0.992449 0.990808 0.00500245 0.00405573 0.00269474 0.99494 0.00306697 0.00268495 0.00403581 0.00428294 0.00300918 0.995147 0.996246 0.00399899 0.00508814 0.00274506 0.993648 0.00423653 0.00413188 0.00272426 0.003903 0.00263265 0.00475431 0.00286271 0.00390479 0.99336 0.992489 0.995618
0.00522378 0.992889 0.00533647 0.991281 0.00466177 0.00447555 0.991588 0.00574716 0.00510942 0.993147 0.989471 0.00589949 0.993307 0.995436 0.00413554 0.993637 0.00443122 0.994361 0.00532812 0.993443 0.995328 0.996211 0.0065688 0.991567 0.995253 0.995064 0.993449 0.00296096 0.994358 0.992365 0.993495 0.993498 0.990767 0.00359598 0.992105 0.993142 0.99344 0.00394091 0.994197 0.99128 0.00419879 0.995215 0.00377888 0.994106 0.993318 0.99215 0.992086 0.994188 0.991899 0.993014 0.991517 0.0026501 0.996261 0.991659 0.00378685 0.0039632 0.00423697 0.00429761 0.00263271 0.990984 0.994453 0.00395975 0.00537527 0.0030654 0.00478492 0.00389942 0.00390638 0.00519545 0.00638723 0.00516836 0.993763 0.996132 0.992477 0.990899 0.00497349 0.00404045 0.00269314 0.994979 0.00306715 0.00268556 0.00402342 0.0042652 0.00300762 0.995179 0.996262 0.0039871 0.00505452 0.00274483 0.993714 0.00421745 0.00411796 0.00272415 0.00388656 0.00263194 0.00472912 0.00286092 0.0038922 0.993425 0.99256 0.995632
0.00518433 0.992916 0.00529985 0.991311 0.00463496 0.00444531 0.991624 0.00569357 0.00507725 0.993171 0.989538 0.00584767 0.993346 0.995435 0.00411523 0.993659 0.00440318 0.994363 0.00528836 0.993446 0.995327 0.996207 0.00650578 0.991595 0.995254 0.995065 0.993458 0.00295745 0.994361 0.992411 0.993515 0.993519 0.990826 0.00358364 0.992131 0.993186 0.993443 0.0039222 0.994212 0.99131 0.00417405 0.995231 0.00376277 0.994128 0.993317 0.992191 0.992152 0.994207 0.991924 0.993071 0.991606 0.00265152 0.996278 0.991741 0.00377755 0.00394858 0.00422111 0.00427888 0.00263166 0.99107 0.994474 0.00394157 0.00533519 0.00306573 0.00475158 0.00388631 0.00389225 0.00516199 0.0063298 0.00513705 0.993792 0.996126 0.992503 0.990987 0.00494632 0.00402544 0.00269133 0.995017 0.00306711 0.00268589 0.00401116 0.00424709 0.00300596 0.99521 0.996278 0.00397544 0.00502122 0.002744 0.993778 0.00419822 0.00410462 0.00272361 0.00387072 0.00263103 0.00470524 0.00285976 0.00387973 0.993488 0.992628 0.995646
0.00514566 0.992942 0.00526421 0.991342 0.00460809 0.00441541 0.991659 0.00564008 0.00504533 0.993196 0.989604 0.00579634 0.993384 0.995434 0.00409498 0.993681 0.00437556 0.994366 0.00524956 0.99345 0.995326 0.996203 0.00644333 0.991623 0.995254 0.995066 0.993465 0.00295344 0.994364 0.992457 0.993533 0.993538 0.990884 0.00357206 0.992157 0.993228 0.993446 0.00390436 0.994227 0.991341 0.00415043 0.995246 0.00374649 0.994149 0.993317 0.992232 0.992216 0.994226 0.991951 0.993126 0.991693 0.00265306 0.996294 0.991822 0.00376826 0.00393362 0.00420524 0.00426004 0.0026313 0.991154 0.994495 0.00392373 0.00529561 0.00306579 0.00471922 0.00387336 0.00387879 0.00512792 0.00627391 0.00510621 0.993822 0.996119 0.99253 0.991073 0.00491807 0.00401089 0.00268892 0.995054 0.00306607 0.00268639 0.00399848 0.00422931 0.00300451 0.99524 0.996295 0.00396369 0.00498911 0.00274306 0.993841 0.0041802 0.00409196 0.00272248 0.00385455 0.00263067 0.00468126 0.00285817 0.00386664 0.99355 0.992696 0.995661
0.0051074 0.992968 0.00522951 0.991375 0.00458234 0.00438693 0.991695 0.00558768 0.00501497 0.993221 0.98967 0.00574629 0.993421 0.995433 0.004075 0.993702 0.00434784 0.99437 0.00521076 0.993452 0.995325 0.996198 0.00638169 0.991649 0.995255 0.995068 0.993473 0.00294991 0.994366 0.992502 0.993552 0.993557 0.990942 0.00356111 0.992183 0.993271 0.993449 0.00388661 0.994241 0.991371 0.00412755 0.995261 0.00373035 0.994171 0.993317 0.99227 0.99228 0.994245 0.991976 0.993181 0.991778 0.00265472 0.996309 0.9919 0.00375953 0.00391908 0.00418962 0.00424134 0.00263083 0.991236 0.994514 0.00390717 0.0052573 0.00306639 0.00468665 0.00386075 0.00386616 0.00509542 0.00621747 0.00507646 0.993851 0.996114 0.992558 0.991156 0.00489047 0.00399752 0.00268765 0.99509 0.00306611 0.00268663 0.0039864 0.0042128 0.00300332 0.99527 0.99631 0.003952 0.00495682 0.00274198 0.993903 0.00416148 0.00407832 0.00272142 0.00383898 0.00263012 0.00465719 0.00285658 0.00385453 0.993612 0.99276 0.995675
0.00506995 0.992994 0.00519499 0.991405 0.00455631 0.00435846 0.99173 0.0055369 0.00498398 0.993245 0.989736 0.00569791 0.993457 0.995433 0.00405633 0.993723 0.00432097 0.994373 0.00517447 0.993455 0.995323 0.996194 0.00632114 0.991675 0.995256 0.995069 0.99348 0.00294597 0.994368 0.992545 0.993571 0.993577 0.990997 0.00355024 0.992208 0.993312 0.993452 0.00386914 0.994255 0.991401 0.00410411 0.995276 0.00371495 0.994192 0.993317 0.99231 0.992344 0.994264 0.992 0.993234 0.99186 0.00265673 0.996324 0.991978 0.00375128 0.00390435 0.00417472 0.00422307 0.00263032 0.99132 0.994535 0.0038901 0.00521971 0.00306601 0.00465465 0.00384797 0.00385247 0.00506324 0.00616263 0.00504538 0.993881 0.996109 0.992583 0.991238 0.00486343 0.00398283 0.00268625 0.995125 0.00306593 0.00268744 0.00397436 0.00419614 0.00300122 0.995299 0.996326 0.00394027 0.00492613 0.00274098 0.993964 0.00414383 0.00406476 0.00272119 0.00382361 0.00262965 0.0046335 0.00285503 0.00384196 0.993674 0.992826 0.995689
0.00503326 0.993021 0.00516178 0.991433 0.00453043 0.0043304 0.991764 0.0054869 0.00495369 0.993269 0.989801 0.00565009 0.993494 0.995432 0.0040367 0.993745 0.00429497 0.994376 0.00513806 0.993458 0.995322 0.996191 0.00626224 0.991701 0.995256 0.995071 0.993488 0.00294203 0.994372 0.992589 0.99359 0.993597 0.991052 0.00353867 0.992232 0.993352 0.993455 0.00385174 0.994268 0.991431 0.00408085 0.99529 0.00369926 0.994213 0.993317 0.992348 0.992404 0.994282 0.992024 0.993286 0.991941 0.00265828 0.996339 0.992055 0.00374236 0.00389019 0.00415918 0.00420511 0.00262945 0.991398 0.994556 0.00387377 0.00518279 0.00306554 0.00462328 0.00383638 0.00384022 0.00503026 0.00610861 0.00501534 0.993908 0.996103 0.992609 0.99132 0.00483588 0.00396907 0.0026848 0.99516 0.00306576 0.00268816 0.00396259 0.00417959 0.0030002 0.995328 0.996341 0.00392895 0.00489477 0.00274045 0.994024 0.00412591 0.00405148 0.00272086 0.00380776 0.00262869 0.00460874 0.00285418 0.00382933 0.993733 0.992889 0.995704
0.00499741 0.993045 0.00512876 0.991463 0.00450476 0.00430288 0.991799 0.00543719 0.00492443 0.993293 0.989866 0.00560142 0.993531 0.995431 0.00401756 0.993766 0.00426905 0.994378 0.00510264 0.993462 0.995321 0.996186 0.0062047 0.991727 0.995256 0.995072 0.993495 0.00293777 0.994374 0.992631 0.993609 0.993615 0.991105 0.00352701 0.992256 0.993393 0.993457 0.00383521 0.994282 0.991458 0.00405902 0.995304 0.00368427 0.994233 0.993317 0.992386 0.992465 0.9943 0.992047 0.993339 0.992021 0.00266034 0.996355 0.99213 0.00373334 0.00387598 0.00414393 0.004187 0.0026291 0.991477 0.994576 0.003857 0.00514706 0.00306522 0.00459281 0.00382392 0.00382777 0.00499811 0.00605488 0.00498589 0.993936 0.996097 0.992635 0.991401 0.00480892 0.00395511 0.00268333 0.995194 0.00306572 0.00268899 0.00395045 0.00416297 0.00299821 0.995356 0.996357 0.00391787 0.00486423 0.00274003 0.994083 0.00410889 0.00403876 0.00271982 0.00379258 0.00262805 0.00458559 0.00285289 0.00381797 0.99379 0.992951 0.995717
0.00496115 0.99307 0.00509576 0.991493 0.00447998 0.0042755 0.991832 0.00538869 0.00489433 0.993317 0.989927 0.00555585 0.993565 0.995431 0.00399952 0.993786 0.00424343 0.994381 0.0050676 0.993466 0.99532 0.996182 0.00614819 0.991753 0.995257 0.995073 0.993503 0.00293405 0.994377 0.992673 0.993626 0.993634 0.991158 0.00351618 0.992281 0.993431 0.99346 0.00381769 0.994296 0.991486 0.00403662 0.995318 0.0036692 0.994254 0.993318 0.992423 0.992525 0.994318 0.992071 0.993389 0.992099 0.00266245 0.996369 0.992202 0.0037251 0.00386184 0.00412905 0.00417018 0.00262841 0.991554 0.994595 0.00384024 0.00511213 0.00306515 0.00456286 0.00381229 0.00381521 0.00496788 0.00600171 0.00495685 0.993964 0.996092 0.992659 0.991479 0.0047831 0.00394154 0.0026819 0.995228 0.00306561 0.00268951 0.00393865 0.00414663 0.00299652 0.995384 0.996371 0.00390695 0.00483421 0.00273974 0.99414 0.00409116 0.0040272 0.00271936 0.00377753 0.00262757 0.00456281 0.00285134 0.00380623 0.993847 0.993013 0.995731
0.00492609 0.993094 0.00506342 0.991521 0.0044558 0.00424933 0.991864 0.00534147 0.00486441 0.993339 0.989989 0.0055104 0.9936 0.99543 0.00398167 0.993807 0.00421816 0.994384 0.00503309 0.99347 0.995319 0.996177 0.00609308 0.991777 0.995258 0.995074 0.99351 0.00293017 0.99438 0.992713 0.993644 0.993652 0.991209 0.00350495 0.992305 0.99347 0.993462 0.00380164 0.994309 0.991515 0.00401477 0.995332 0.00365507 0.994275 0.993318 0.99246 0.992584 0.994335 0.992095 0.993438 0.992176 0.00266466 0.996384 0.992274 0.00371578 0.00384787 0.00411537 0.00415316 0.00262808 0.991631 0.994614 0.00382431 0.00507738 0.00306449 0.0045333 0.00380067 0.0038033 0.00493772 0.00595164 0.00492825 0.99399 0.996086 0.992684 0.991556 0.00475766 0.00392763 0.00268012 0.995261 0.00306557 0.0026895 0.00392684 0.00413127 0.00299509 0.995412 0.996385 0.00389554 0.00480458 0.00273876 0.994196 0.00407445 0.00401521 0.00271842 0.00376335 0.00262677 0.0045407 0.00285034 0.00379408 0.993902 0.993072 0.995744
0.00489026 0.993118 0.00503155 0.991549 0.00443245 0.0042226 0.991896 0.0052949 0.0048354 0.993362 0.990049 0.00546561 0.993634 0.99543 0.00396349 0.993827 0.00419271 0.994386 0.00499824 0.993473 0.995318 0.996174 0.0060383 0.991801 0.995259 0.995075 0.993517 0.00292669 0.994383 0.992752 0.993663 0.99367 0.991262 0.00349378 0.992328 0.993509 0.993464 0.00378603 0.994323 0.991544 0.00399351 0.995346 0.00364034 0.994294 0.993318 0.992497 0.992641 0.994353 0.99212 0.993489 0.99225 0.00266632 0.996398 0.992345 0.00370705 0.00383363 0.00410037 0.00413642 0.00262757 0.991705 0.994633 0.00380795 0.00504222 0.00306377 0.00450373 0.00378897 0.00379159 0.00490736 0.00590104 0.00490032 0.994016 0.99608 0.992708 0.991632 0.00473242 0.00391406 0.00267876 0.995294 0.00306519 0.00269041 0.0039151 0.00411599 0.00299384 0.995439 0.9964 0.00388521 0.0047746 0.00273816 0.994251 0.00405757 0.0040021 0.00271805 0.00374872 0.00262611 0.00451792 0.0028491 0.00378182 0.993958 0.993131 0.995757
0.00485611 0.993142 0.00500086 0.991578 0.00440921 0.00419644 0.991927 0.00524859 0.00480685 0.993384 0.990109 0.00542148 0.993667 0.99543 0.00394586 0.993847 0.00416808 0.994389 0.00496419 0.993475 0.995317 0.99617 0.00598434 0.991825 0.995259 0.995076 0.993524 0.00292352 0.994385 0.992793 0.993682 0.993689 0.991312 0.00348361 0.992351 0.993546 0.993467 0.00376986 0.994336 0.991573 0.00397299 0.995359 0.00362605 0.994314 0.993318 0.992533 0.992697 0.994371 0.992143 0.993539 0.992322 0.00266802 0.996412 0.992414 0.00369842 0.00382009 0.00408643 0.00411908 0.00262679 0.991777 0.994652 0.00379236 0.00500748 0.00306286 0.00447465 0.00377702 0.00377894 0.00487756 0.00585246 0.00487181 0.994042 0.996075 0.992731 0.991706 0.00470727 0.00390086 0.00267818 0.995327 0.00306505 0.00269076 0.00390318 0.00410044 0.00299256 0.995466 0.996414 0.00387466 0.00474516 0.00273729 0.994306 0.00404092 0.00399058 0.00271769 0.00373478 0.00262543 0.00449626 0.00284774 0.00377017 0.994012 0.993189 0.99577
0.00482381 0.993164 0.00497048 0.991605 0.00438549 0.00417111 0.991959 0.00520386 0.00477838 0.993406 0.990169 0.00537765 0.993702 0.995429 0.00392869 0.993865 0.00414359 0.994392 0.00493118 0.993478 0.995314 0.996165 0.00593067 0.99185 0.99526 0.995077 0.99353 0.00292014 0.994387 0.992831 0.993699 0.993706 0.991363 0.00347382 0.992375 0.993584 0.99347 0.00375452 0.99435 0.991601 0.00395181 0.995373 0.00361147 0.994334 0.993319 0.992566 0.992753 0.994387 0.992167 0.993586 0.992395 0.00266969 0.996426 0.992482 0.00369011 0.00380656 0.00407289 0.00410192 0.00262649 0.991848 0.99467 0.00377686 0.004974 0.00306293 0.0044465 0.0037655 0.00376694 0.00484784 0.00580411 0.00484481 0.994068 0.996069 0.992754 0.991778 0.00468202 0.00388721 0.00267664 0.995359 0.00306467 0.00269102 0.00389184 0.00408509 0.00299132 0.995492 0.996427 0.00386402 0.00471641 0.00273662 0.994359 0.00402466 0.00397934 0.00271703 0.0037205 0.00262514 0.00447507 0.00284652 0.00375915 0.994065 0.993247 0.995783
0.00479112 0.993187 0.00494119 0.991632 0.00436197 0.0041463 0.991991 0.00515958 0.00475087 0.993427 0.990226 0.00533505 0.993734 0.995429 0.00391156 0.993884 0.00412078 0.994395 0.00489911 0.993482 0.995313 0.996161 0.00587849 0.991874 0.99526 0.995078 0.993537 0.00291661 0.99439 0.99287 0.993715 0.993723 0.991412 0.00346415 0.992397 0.993621 0.993474 0.00373932 0.994362 0.991627 0.00393127 0.995386 0.00359795 0.994353 0.99332 0.992602 0.992808 0.994404 0.992189 0.993632 0.992466 0.00267105 0.99644 0.992548 0.003682 0.00379381 0.00405932 0.00408711 0.00262607 0.991918 0.994689 0.00376195 0.00494137 0.00306287 0.00441822 0.00375457 0.00375552 0.00481859 0.00575677 0.00481845 0.994093 0.996063 0.992779 0.991852 0.00465719 0.00387412 0.00267509 0.995391 0.00306411 0.00269138 0.00388141 0.00407039 0.00299004 0.995518 0.996441 0.0038533 0.00468846 0.00273591 0.994413 0.00400802 0.0039679 0.00271632 0.00370665 0.00262438 0.00445399 0.00284491 0.00374799 0.994118 0.993302 0.995797
0.0047597 0.993211 0.00491073 0.991659 0.00433926 0.00412169 0.99202 0.00511655 0.00472429 0.993449 0.990283 0.00529277 0.993767 0.995428 0.00389486 0.993903 0.00409777 0.994398 0.00486702 0.993484 0.995312 0.996157 0.00582814 0.991899 0.995261 0.995078 0.993544 0.00291269 0.994393 0.992909 0.993732 0.99374 0.99146 0.00345385 0.992419 0.993656 0.993476 0.00372407 0.994375 0.991656 0.0039111 0.9954 0.00358391 0.994372 0.993321 0.992636 0.992863 0.994421 0.992212 0.993677 0.992536 0.00267283 0.996454 0.992615 0.0036736 0.00378072 0.00404612 0.0040705 0.00262504 0.991988 0.994707 0.00374672 0.00490915 0.00306262 0.00439093 0.00374361 0.00374452 0.00479089 0.00571076 0.00479162 0.994119 0.996057 0.992801 0.991922 0.00463305 0.0038616 0.00267343 0.995421 0.00306346 0.0026922 0.00387038 0.00405594 0.00298861 0.995544 0.996454 0.00384285 0.004661 0.00273537 0.994464 0.00399264 0.00395583 0.0027156 0.00369326 0.00262326 0.00443272 0.00284331 0.00373668 0.994168 0.993358 0.995809
0.00472671 0.993233 0.00488024 0.991687 0.00431655 0.00409673 0.992052 0.00507411 0.0046976 0.99347 0.990338 0.00525139 0.993799 0.995427 0.0038786 0.993921 0.00407449 0.994401 0.00483534 0.993488 0.995311 0.996153 0.00577815 0.991921 0.99526 0.995079 0.99355 0.00290892 0.994396 0.992947 0.99375 0.993756 0.991508 0.00344389 0.99244 0.993692 0.99348 0.00370902 0.994388 0.991682 0.00389147 0.995414 0.00356982 0.994392 0.993322 0.99267 0.992917 0.994437 0.992234 0.993723 0.992605 0.002674 0.996467 0.992679 0.00366606 0.00376814 0.00403271 0.00405509 0.00262433 0.992056 0.994726 0.00373156 0.00487672 0.00306281 0.00436416 0.00373212 0.00373302 0.00476335 0.00566491 0.0047652 0.994146 0.996052 0.992824 0.991992 0.00460983 0.00384845 0.0026721 0.995451 0.00306339 0.00269281 0.00385978 0.00404047 0.00298779 0.995569 0.996467 0.0038323 0.00463395 0.00273506 0.994516 0.00397672 0.00394475 0.00271474 0.00367979 0.00262289 0.00441132 0.00284187 0.00372572 0.994219 0.993412 0.995822
0.00469555 0.993255 0.00485107 0.991713 0.0042947 0.00407277 0.992082 0.00503146 0.00467103 0.99349 0.990394 0.00521065 0.993831 0.995427 0.00386258 0.993939 0.00405095 0.994404 0.00480516 0.99349 0.99531 0.99615 0.00572944 0.991945 0.995261 0.99508 0.993558 0.00290524 0.994398 0.992985 0.993766 0.993773 0.991553 0.00343373 0.992462 0.993728 0.993483 0.00369379 0.994401 0.991707 0.00387263 0.995426 0.00355602 0.99441 0.993322 0.992704 0.992968 0.994453 0.992256 0.993766 0.992672 0.00267585 0.99648 0.992743 0.00365837 0.00375546 0.0040198 0.00403984 0.00262358 0.992123 0.994744 0.0037172 0.00484458 0.00306318 0.00433662 0.00372031 0.00372098 0.00473554 0.00562059 0.00473959 0.99417 0.996046 0.992845 0.99206 0.00458737 0.00383643 0.00267139 0.995481 0.00306262 0.00269296 0.00384952 0.00402666 0.00298682 0.995595 0.99648 0.00382274 0.00460764 0.00273345 0.994567 0.0039613 0.00393323 0.00271403 0.00366676 0.00262227 0.0043908 0.00284003 0.00371467 0.994269 0.993463 0.995834
0.0046647 0.993275 0.00482337 0.99174 0.0042737 0.00404952 0.992112 0.00499014 0.00464509 0.99351 0.990447 0.00517085 0.993862 0.995427 0.00384618 0.993957 0.00402898 0.994406 0.00477496 0.993493 0.995308 0.996145 0.0056813 0.991967 0.995261 0.995081 0.993564 0.00290267 0.994401 0.993021 0.993782 0.99379 0.9916 0.00342384 0.992484 0.993763 0.993487 0.00367864 0.994414 0.991734 0.0038538 0.995439 0.00354282 0.99443 0.993323 0.992736 0.993019 0.994469 0.992278 0.993811 0.992739 0.00267731 0.996492 0.992805 0.00365106 0.0037425 0.00400604 0.00402498 0.00262274 0.992189 0.994762 0.00370227 0.0048148 0.00306275 0.00431017 0.00371016 0.00370948 0.00470833 0.00557626 0.00471439 0.994195 0.99604 0.992866 0.992127 0.00456515 0.00382345 0.00266973 0.99551 0.00306257 0.00269327 0.00383931 0.00401204 0.0029853 0.99562 0.996493 0.00381324 0.00458143 0.00273249 0.994615 0.00394575 0.00392273 0.00271389 0.00365434 0.00262168 0.00437064 0.0028389 0.00370325 0.994318 0.993514 0.995847
0.00463338 0.993297 0.0047948 0.991763 0.00425232 0.00402609 0.99214 0.00494959 0.0046191 0.99353 0.9905 0.00513181 0.993892 0.995427 0.00383012 0.993975 0.00400661 0.994408 0.00474462 0.993496 0.995307 0.996142 0.00563376 0.991991 0.995262 0.995083 0.993571 0.00289935 0.994404 0.993058 0.993799 0.993806 0.991646 0.0034142 0.992505 0.993797 0.993487 0.00366411 0.994425 0.99176 0.00383469 0.995451 0.00352955 0.994448 0.993326 0.992769 0.993071 0.994485 0.9923 0.993854 0.992804 0.00267901 0.996505 0.992865 0.00364361 0.00373009 0.00399265 0.00400926 0.00262215 0.992252 0.994779 0.00368744 0.00478423 0.00306242 0.00428412 0.0036986 0.00369892 0.00468183 0.0055333 0.00469006 0.994218 0.996035 0.992889 0.992194 0.00454292 0.00381164 0.00266853 0.995539 0.00306194 0.00269362 0.00382871 0.00399794 0.00298448 0.995644 0.996505 0.00380351 0.00455532 0.00273153 0.994663 0.00393104 0.00391195 0.00271346 0.00364079 0.002621 0.00435025 0.00283831 0.00369311 0.994367 0.993566 0.995859
0.00460363 0.993318 0.00476644 0.991789 0.00423132 0.00400262 0.992168 0.00490943 0.00459427 0.993552 0.990554 0.00509304 0.993922 0.995426 0.00381398 0.993994 0.00398445 0.99441 0.00471555 0.993499 0.995305 0.996137 0.00558649 0.992013 0.995262 0.995084 0.993576 0.0028962 0.994407 0.993093 0.993815 0.993822 0.991691 0.00340452 0.992527 0.993831 0.99349 0.00365038 0.994437 0.991785 0.00381625 0.995464 0.00351662 0.994465 0.993327 0.992801 0.993121 0.994501 0.992322 0.993896 0.992868 0.00268023 0.996518 0.992924 0.00363593 0.00371788 0.00398019 0.00399424 0.00262156 0.992315 0.994795 0.00367326 0.00475373 0.00306219 0.00425946 0.00368789 0.00368879 0.00465505 0.005491 0.00466505 0.994243 0.99603 0.99291 0.992259 0.00452062 0.00379923 0.00266753 0.995568 0.00306196 0.0026942 0.00381864 0.00398312 0.00298289 0.995668 0.996518 0.00379403 0.00452942 0.00273128 0.99471 0.00391619 0.0039015 0.00271243 0.00362787 0.00262063 0.00433156 0.00283709 0.00368285 0.994414 0.993616 0.995871
0.00457363 0.993339 0.00473864 0.991815 0.00420995 0.0039801 0.992197 0.00487034 0.00456978 0.993573 0.990606 0.0050552 0.993952 0.995426 0.00379785 0.994012 0.00396314 0.994413 0.00468722 0.993502 0.995304 0.996134 0.00554114 0.992037 0.995263 0.995085 0.993583 0.00289318 0.994409 0.993128 0.993831 0.993838 0.991735 0.00339485 0.992548 0.993865 0.993492 0.00363623 0.994448 0.99181 0.00379783 0.995475 0.00350346 0.994483 0.993327 0.992833 0.993171 0.994515 0.992343 0.993939 0.99293 0.0026816 0.99653 0.992984 0.00362872 0.00370577 0.0039681 0.00397884 0.00262123 0.992379 0.994811 0.00365971 0.00472465 0.00306174 0.00423405 0.00367718 0.00367799 0.0046294 0.00544961 0.0046402 0.994266 0.996024 0.992931 0.992324 0.0044993 0.00378719 0.00266629 0.995595 0.00306144 0.00269513 0.00380879 0.00396874 0.00298144 0.995691 0.99653 0.00378476 0.00450395 0.00273036 0.994756 0.00390168 0.00389081 0.00271164 0.00361512 0.00262067 0.00431173 0.00283532 0.00367265 0.994461 0.993667 0.995883
0.00454488 0.993359 0.00471174 0.991839 0.00418947 0.00395782 0.992225 0.00483181 0.0045455 0.993593 0.990656 0.00501912 0.993982 0.995426 0.00378171 0.994028 0.00394194 0.994416 0.00465827 0.993504 0.995304 0.99613 0.00549529 0.992058 0.995264 0.995086 0.99359 0.00288987 0.994412 0.993163 0.993847 0.993853 0.99178 0.00338539 0.992569 0.993898 0.993495 0.00362197 0.99446 0.991835 0.00377892 0.995487 0.00349079 0.994501 0.993329 0.992865 0.993219 0.99453 0.992363 0.993979 0.992991 0.00268273 0.996542 0.993043 0.00362086 0.00369454 0.0039559 0.0039641 0.00262067 0.992441 0.994827 0.00364552 0.00469576 0.00306117 0.00420912 0.00366656 0.00366718 0.00460341 0.00540825 0.00461631 0.994289 0.996019 0.992953 0.992387 0.00447678 0.00377553 0.00266503 0.995623 0.00306124 0.0026959 0.0037985 0.00395409 0.00298015 0.995714 0.996543 0.0037749 0.0044797 0.00272983 0.994802 0.00388673 0.00388007 0.00271096 0.0036027 0.00262008 0.00429202 0.00283393 0.0036629 0.994506 0.993715 0.995894
0.004516 0.99338 0.00468476 0.991863 0.00416936 0.00393602 0.992252 0.00479448 0.00452089 0.993613 0.990707 0.00498234 0.994012 0.995425 0.00376688 0.994045 0.00392166 0.994419 0.00463028 0.993505 0.995303 0.996126 0.00545101 0.992078 0.995265 0.995087 0.993595 0.00288628 0.994414 0.993198 0.993863 0.993868 0.991824 0.00337595 0.99259 0.993931 0.993497 0.00360869 0.994472 0.991861 0.0037607 0.995499 0.00347827 0.994517 0.993329 0.992895 0.993266 0.994545 0.992381 0.99402 0.993053 0.00268462 0.996554 0.9931 0.00361341 0.00368254 0.00394373 0.00394936 0.00262023 0.9925 0.994843 0.00363248 0.00466665 0.00306058 0.00418505 0.00365621 0.00365707 0.00457826 0.00536896 0.00459275 0.994312 0.996014 0.992974 0.992448 0.00445548 0.00376371 0.00266379 0.99565 0.00306131 0.00269636 0.00378881 0.00394067 0.00297848 0.995737 0.996555 0.00376503 0.00445571 0.0027293 0.994846 0.00387262 0.0038701 0.0027104 0.00359012 0.00261936 0.0042737 0.00283313 0.0036527 0.994551 0.993763 0.995906
0.00448856 0.993401 0.00465898 0.991886 0.00414975 0.00391369 0.992279 0.00475793 0.00449767 0.993632 0.990757 0.00494651 0.99404 0.995425 0.00375152 0.994063 0.00390105 0.994421 0.00460341 0.993508 0.995301 0.996122 0.00540761 0.9921 0.995266 0.995089 0.993602 0.00288308 0.994416 0.993232 0.993877 0.993884 0.991867 0.00336679 0.992609 0.993961 0.993499 0.00359527 0.994483 0.991884 0.00374275 0.995512 0.00346545 0.994534 0.99333 0.992926 0.993313 0.99456 0.992401 0.994059 0.993112 0.00268643 0.996566 0.993156 0.0036066 0.00367072 0.00393182 0.00393478 0.00261997 0.992559 0.99486 0.00361889 0.0046369 0.00306032 0.00416147 0.00364612 0.00364642 0.0045534 0.00532897 0.00456886 0.994334 0.996009 0.992994 0.992507 0.0044349 0.00375242 0.00266245 0.995676 0.00306099 0.00269678 0.00377909 0.00392748 0.00297732 0.995759 0.996566 0.00375522 0.00443218 0.00272828 0.99489 0.0038582 0.00385999 0.00270987 0.00357798 0.00261919 0.00425542 0.0028323 0.00364224 0.994595 0.99381 0.995917
0.00446054 0.993421 0.00463386 0.99191 0.00413019 0.00389302 0.992306 0.00472122 0.00447434 0.993652 0.990807 0.00491026 0.994067 0.995425 0.00373672 0.994079 0.00388051 0.994424 0.00457642 0.993512 0.9953 0.996118 0.00536537 0.992122 0.995266 0.99509 0.993607 0.00287955 0.994418 0.993266 0.993893 0.993899 0.99191 0.0033586 0.992629 0.993993 0.993502 0.00358197 0.994495 0.991908 0.00372549 0.995524 0.00345364 0.994552 0.99333 0.992957 0.993357 0.994575 0.99242 0.994098 0.99317 0.00268746 0.996578 0.99321 0.00359961 0.00365924 0.00392015 0.00392086 0.00261929 0.992616 0.994875 0.00360572 0.00460893 0.00306009 0.004138 0.00363592 0.00363582 0.00452862 0.00528959 0.00454516 0.994355 0.996004 0.993015 0.992566 0.0044144 0.00374086 0.00266117 0.995702 0.00306064 0.00269731 0.00376926 0.00391429 0.00297549 0.995782 0.996578 0.00374633 0.00440813 0.00272755 0.994933 0.00384469 0.00384944 0.00270908 0.00356598 0.00261879 0.00423676 0.00283136 0.00363248 0.994637 0.993856 0.995928
0.00443319 0.993441 0.00460813 0.991935 0.00411107 0.00387177 0.992332 0.00468632 0.00445134 0.993671 0.990856 0.00487504 0.994094 0.995426 0.00372208 0.994096 0.00386044 0.994427 0.00454967 0.993514 0.995299 0.996116 0.00532279 0.992143 0.995266 0.995091 0.993613 0.0028759 0.99442 0.993297 0.993907 0.993913 0.991951 0.00334935 0.992647 0.994023 0.993504 0.00356843 0.994507 0.991933 0.00370814 0.995536 0.0034412 0.994569 0.99333 0.992986 0.993402 0.99459 0.992439 0.994137 0.993227 0.00268884 0.99659 0.993264 0.00359282 0.00364731 0.00390796 0.0039072 0.00261874 0.992673 0.994891 0.00359238 0.00458131 0.00305954 0.00411504 0.00362626 0.00362556 0.00450448 0.00525053 0.00452327 0.994375 0.995999 0.993035 0.992623 0.00439374 0.00372913 0.00265992 0.995728 0.00306043 0.00269787 0.0037596 0.00390125 0.00297401 0.995803 0.996589 0.00373742 0.0043852 0.00272699 0.994975 0.0038307 0.00383874 0.00270843 0.00355371 0.00261825 0.00421786 0.00283022 0.00362264 0.994679 0.993901 0.995939
0.0044065 0.993461 0.00458273 0.991957 0.0040914 0.00385041 0.992359 0.00465106 0.00442958 0.993691 0.990905 0.00484081 0.994121 0.995426 0.0037075 0.994112 0.00384163 0.994429 0.00452311 0.993518 0.995297 0.996112 0.00528204 0.992164 0.995268 0.995093 0.993619 0.00287285 0.994421 0.993329 0.993923 0.993928 0.99199 0.00334033 0.992667 0.994055 0.993506 0.00355583 0.994519 0.991956 0.00369138 0.995547 0.003429 0.994585 0.993331 0.993016 0.993446 0.994604 0.992459 0.994175 0.993284 0.00269054 0.996602 0.993317 0.00358629 0.00363622 0.00389553 0.00389341 0.00261831 0.992729 0.994906 0.00357907 0.00455451 0.00305941 0.0040919 0.00361626 0.00361577 0.00448114 0.00521289 0.00449995 0.994397 0.995995 0.993054 0.99268 0.0043737 0.00371782 0.00265843 0.995753 0.0030605 0.00269805 0.00375058 0.0038888 0.00297305 0.995825 0.996602 0.0037286 0.00436245 0.00272663 0.995017 0.00381707 0.00382831 0.002708 0.00354208 0.00261756 0.0042006 0.00282898 0.00361335 0.994722 0.993947 0.99595
0.00437973 0.99348 0.0045584 0.99198 0.00407292 0.00383042 0.992384 0.00461615 0.00440784 0.99371 0.990952 0.00480678 0.994148 0.995425 0.00369296 0.994128 0.00382211 0.994431 0.00449684 0.993519 0.995296 0.996109 0.00524171 0.992185 0.995269 0.995094 0.993624 0.00286938 0.994424 0.993361 0.993938 0.993941 0.992029 0.00333106 0.992684 0.994083 0.993509 0.00354349 0.994529 0.991979 0.00367469 0.995558 0.00341758 0.994602 0.99333 0.993044 0.99349 0.994618 0.992478 0.994213 0.993338 0.00269171 0.996613 0.99337 0.00357983 0.003625 0.00388385 0.00387968 0.00261752 0.992785 0.994921 0.00356589 0.0045284 0.00305882 0.00406955 0.00360681 0.00360573 0.00445703 0.00517475 0.0044775 0.994418 0.99599 0.993073 0.992736 0.00435349 0.00370713 0.00265751 0.995778 0.00306011 0.0026982 0.00374103 0.00387681 0.0029715 0.995846 0.996614 0.00372019 0.00433961 0.00272589 0.995057 0.00380322 0.00381851 0.00270768 0.00353089 0.00261739 0.00418303 0.00282792 0.00360408 0.994762 0.993991 0.99596
0.00435354 0.993498 0.00453473 0.992002 0.00405458 0.00381123 0.99241 0.0045818 0.00438629 0.993728 0.990997 0.00477372 0.994176 0.995424 0.00367862 0.994144 0.00380295 0.994433 0.00447081 0.993522 0.995294 0.996105 0.00520102 0.992205 0.99527 0.995094 0.993629 0.00286665 0.994426 0.993393 0.993953 0.993956 0.992069 0.00332284 0.992704 0.994113 0.993512 0.00353073 0.99454 0.992001 0.0036576 0.995569 0.00340679 0.994619 0.993329 0.993073 0.993533 0.994632 0.992496 0.99425 0.993394 0.00269314 0.996624 0.993423 0.0035734 0.00361402 0.00387325 0.0038668 0.00261681 0.992839 0.994937 0.00355357 0.00450216 0.00305814 0.00404698 0.00359712 0.00359573 0.00443401 0.00513822 0.00445585 0.994438 0.995985 0.993091 0.992792 0.00433378 0.00369632 0.00265602 0.995802 0.00305982 0.00269823 0.00373223 0.00386394 0.00297026 0.995867 0.996625 0.00371052 0.00431796 0.00272515 0.995097 0.00379 0.00380765 0.00270706 0.00351895 0.00261661 0.00416508 0.00282739 0.00359467 0.994801 0.994034 0.99597
0.0043281 0.993517 0.0045123 0.992024 0.0040369 0.0037919 0.992434 0.00454851 0.00436451 0.993746 0.991043 0.00474071 0.994202 0.995424 0.00366539 0.994159 0.00378472 0.994436 0.00444537 0.993524 0.995293 0.996102 0.00516184 0.992225 0.995271 0.995094 0.993635 0.0028639 0.994429 0.993424 0.993967 0.99397 0.992109 0.00331439 0.992723 0.994141 0.993516 0.00351873 0.994551 0.992023 0.00364094 0.99558 0.00339541 0.994634 0.993329 0.9931 0.993575 0.994645 0.992515 0.994285 0.993447 0.00269525 0.996635 0.993473 0.00356644 0.00360347 0.00386216 0.00385385 0.00261638 0.992893 0.994952 0.00354046 0.00447588 0.00305779 0.00402457 0.00358766 0.00358621 0.00441082 0.00510233 0.00443383 0.994459 0.995981 0.993111 0.992847 0.00431454 0.00368549 0.00265455 0.995828 0.00305982 0.00269836 0.00372319 0.00385107 0.00296979 0.995887 0.996636 0.00370178 0.00429564 0.00272447 0.995136 0.00377642 0.00379805 0.00270639 0.00350784 0.00261594 0.0041481 0.0028263 0.00358527 0.994841 0.994077 0.99598
0.00430255 0.993536 0.00448852 0.992046 0.00401808 0.0037732 0.992461 0.00451635 0.00434278 0.993764 0.991089 0.00470855 0.994228 0.995424 0.00365198 0.994174 0.00376661 0.994438 0.0044198 0.993526 0.995292 0.996098 0.00512367 0.992247 0.995272 0.995094 0.993641 0.00286098 0.994431 0.993454 0.993981 0.993984 0.992149 0.00330605 0.992743 0.994169 0.993518 0.00350594 0.994562 0.992045 0.00362484 0.995591 0.00338402 0.994649 0.99333 0.993127 0.993616 0.994659 0.992535 0.99432 0.993499 0.00269658 0.996646 0.993523 0.00356009 0.00359241 0.00385157 0.0038408 0.00261615 0.992946 0.994967 0.00352798 0.00445081 0.00305752 0.00400311 0.00357816 0.00357628 0.00438843 0.00506643 0.00441255 0.994479 0.995977 0.993131 0.992902 0.00429585 0.00367456 0.00265318 0.995851 0.00305889 0.00269858 0.00371483 0.00383894 0.00296866 0.995908 0.996647 0.00369278 0.00427391 0.00272429 0.995175 0.00376309 0.00378877 0.00270621 0.00349711 0.00261565 0.00413161 0.00282494 0.00357669 0.994881 0.994119 0.995991
0.00427877 0.993555 0.00446528 0.99207 0.00399935 0.00375421 0.992484 0.00448384 0.00432128 0.993782 0.991133 0.00467681 0.994254 0.995424 0.00363785 0.99419 0.00374849 0.99444 0.00439562 0.993528 0.995292 0.996095 0.00508606 0.992267 0.995272 0.995095 0.993647 0.00285765 0.994432 0.993485 0.993995 0.993998 0.992187 0.00329769 0.992761 0.994197 0.993521 0.00349319 0.994573 0.992069 0.00360876 0.995602 0.00337225 0.994665 0.99333 0.993154 0.993657 0.994673 0.992553 0.994354 0.99355 0.00269811 0.996657 0.993572 0.0035528 0.0035821 0.00384038 0.00382773 0.00261581 0.992998 0.994981 0.00351558 0.00442548 0.00305733 0.00398051 0.00356882 0.003567 0.00436706 0.00503102 0.00439126 0.994498 0.995972 0.99315 0.992954 0.00427695 0.00366387 0.00265212 0.995875 0.00305824 0.00269871 0.00370558 0.00382676 0.00296787 0.995927 0.996658 0.00368415 0.00425259 0.00272425 0.995212 0.00375025 0.00377892 0.00270581 0.00348599 0.00261522 0.00411489 0.00282407 0.0035682 0.994919 0.994161 0.996001
0.00425462 0.993572 0.00444224 0.992091 0.00398127 0.00373498 0.992507 0.00445176 0.0043009 0.993799 0.991177 0.00464594 0.994279 0.995425 0.00362494 0.994206 0.00373062 0.994442 0.00437132 0.99353 0.995291 0.996091 0.00504865 0.992284 0.995272 0.995097 0.993652 0.00285467 0.994436 0.993514 0.994009 0.994011 0.992224 0.00328985 0.992779 0.994224 0.993524 0.00348128 0.994582 0.99209 0.00359399 0.995613 0.00336168 0.994679 0.99333 0.993181 0.993697 0.994687 0.992572 0.994388 0.9936 0.00269955 0.996667 0.99362 0.00354658 0.00357102 0.00382956 0.00381462 0.00261552 0.99305 0.994995 0.00350326 0.00440051 0.0030575 0.00395982 0.00355961 0.0035579 0.00434509 0.00499664 0.00437133 0.994518 0.995968 0.993169 0.993005 0.00425884 0.00365323 0.00265113 0.995899 0.00305803 0.00269925 0.00369647 0.00381512 0.00296671 0.995947 0.996669 0.00367536 0.00423168 0.00272374 0.99525 0.00373695 0.00376946 0.00270512 0.00347483 0.0026147 0.00409858 0.00282349 0.00355866 0.994957 0.994201 0.996011
0.00423053 0.99359 0.00442062 0.992112 0.00396381 0.00371653 0.99253 0.00441915 0.0042807 0.993816 0.991218 0.00461518 0.994305 0.995425 0.00361228 0.99422 0.00371308 0.994445 0.00434725 0.993531 0.99529 0.996088 0.00501203 0.992303 0.995273 0.995097 0.993657 0.00285248 0.994438 0.993543 0.994023 0.994024 0.992261 0.00328169 0.992797 0.99425 0.993527 0.00346901 0.994592 0.992111 0.00357824 0.995623 0.00335072 0.994695 0.99333 0.993208 0.993738 0.9947 0.992589 0.994422 0.99365 0.00270116 0.996678 0.993666 0.0035404 0.00356068 0.00381865 0.00380229 0.0026146 0.9931 0.99501 0.00349149 0.0043762 0.00305756 0.00393883 0.00355132 0.00354852 0.00432333 0.00496193 0.00435165 0.994538 0.995963 0.993186 0.993054 0.00424088 0.00364324 0.00264987 0.995922 0.00305772 0.00269969 0.00368778 0.00380382 0.00296535 0.995966 0.99668 0.00366621 0.00420991 0.00272311 0.995286 0.00372427 0.00376002 0.00270505 0.00346416 0.00261366 0.00408226 0.00282274 0.00355016 0.994993 0.994241 0.996021
0.00420729 0.993609 0.00439837 0.992134 0.00394763 0.00369821 0.992554 0.00438779 0.0042604 0.993833 0.991261 0.00458499 0.994329 0.995424 0.00359898 0.994236 0.00369554 0.994447 0.0043235 0.993534 0.99529 0.996085 0.00497549 0.992322 0.995274 0.995098 0.993663 0.00284923 0.99444 0.993572 0.994037 0.994037 0.992297 0.00327367 0.992815 0.994277 0.993531 0.00345778 0.994602 0.992132 0.00356352 0.995634 0.00334019 0.994709 0.993331 0.993234 0.993777 0.994713 0.992608 0.994456 0.9937 0.00270209 0.996688 0.993714 0.0035346 0.00355097 0.00380767 0.00378994 0.00261407 0.993148 0.995023 0.00347945 0.00435263 0.00305685 0.0039185 0.00354236 0.00353967 0.00430249 0.00492903 0.00433121 0.994557 0.995959 0.993204 0.993105 0.00422314 0.00363315 0.00264884 0.995944 0.00305805 0.00270027 0.00367885 0.00379194 0.00296415 0.995985 0.99669 0.00365771 0.00418969 0.0027226 0.995322 0.00371179 0.00374968 0.00270466 0.00345369 0.00261338 0.00406674 0.00282202 0.00354101 0.99503 0.99428 0.996031
0.00418353 0.993627 0.00437712 0.992154 0.00393132 0.00368016 0.992577 0.00435762 0.00424043 0.993849 0.991303 0.00455574 0.994354 0.995425 0.00358688 0.99425 0.00367884 0.994449 0.00430036 0.993536 0.995288 0.996081 0.00494079 0.992341 0.995275 0.995098 0.993669 0.00284613 0.994443 0.993601 0.994051 0.994049 0.992333 0.003266 0.992832 0.994304 0.993533 0.00344657 0.994612 0.992153 0.00354864 0.995645 0.00332943 0.994724 0.993331 0.99326 0.993815 0.994726 0.992626 0.994489 0.993748 0.00270393 0.996698 0.993759 0.00352772 0.00354109 0.00379718 0.00377736 0.00261355 0.993197 0.995037 0.00346796 0.00432902 0.00305679 0.00389879 0.00353354 0.00353076 0.00428215 0.0048968 0.00431114 0.994576 0.995955 0.993222 0.993153 0.00420426 0.00362364 0.00264747 0.995966 0.00305816 0.00270075 0.0036705 0.00378049 0.00296345 0.996004 0.9967 0.00364893 0.00416955 0.0027221 0.995357 0.00369915 0.00374026 0.00270432 0.003443 0.00261326 0.00405073 0.00282097 0.00353183 0.995065 0.994319 0.996042
0.00416037 0.993645 0.00435599 0.992175 0.00391496 0.00366239 0.992599 0.00432672 0.00422027 0.993867 0.991343 0.00452596 0.994377 0.995425 0.00357385 0.994264 0.00366213 0.994451 0.00427749 0.993538 0.995287 0.996078 0.00490605 0.992359 0.995275 0.995099 0.993673 0.00284334 0.994445 0.993628 0.994064 0.994061 0.992367 0.00325813 0.992849 0.994331 0.993536 0.00343542 0.994622 0.992174 0.00353397 0.995655 0.00331837 0.994739 0.993332 0.993285 0.993853 0.994739 0.992643 0.994521 0.993795 0.00270561 0.996709 0.993803 0.00352088 0.00353095 0.00378679 0.00376523 0.00261316 0.993245 0.99505 0.00345638 0.00430619 0.00305682 0.00387911 0.00352474 0.00352238 0.00426169 0.00486438 0.00429193 0.994594 0.995951 0.993239 0.993202 0.00418735 0.00361412 0.00264683 0.995988 0.00305805 0.00270049 0.00366192 0.00376987 0.00296176 0.996022 0.99671 0.00364114 0.00414887 0.00272146 0.995392 0.00368721 0.00373106 0.00270401 0.00343305 0.00261338 0.00403475 0.00281965 0.00352302 0.9951 0.994357 0.996051
0.00413784 0.993663 0.00433402 0.992195 0.00389821 0.00364433 0.992623 0.00429696 0.00420039 0.993884 0.991384 0.00449777 0.9944 0.995425 0.00356079 0.994278 0.00364536 0.994454 0.00425414 0.993542 0.995286 0.996075 0.00487271 0.992376 0.995275 0.9951 0.993679 0.00284058 0.994448 0.993656 0.994078 0.994074 0.992401 0.00325065 0.992866 0.994356 0.993539 0.00342468 0.994632 0.992193 0.00351902 0.995665 0.00330875 0.994753 0.993331 0.993311 0.993891 0.99475 0.992659 0.994553 0.993842 0.00270668 0.996719 0.993846 0.00351464 0.00352176 0.0037765 0.00375368 0.00261286 0.993291 0.995064 0.00344526 0.00428364 0.00305609 0.00385889 0.00351684 0.00351371 0.0042421 0.00483249 0.00427341 0.994613 0.995945 0.993257 0.99325 0.00417058 0.00360376 0.00264597 0.996009 0.00305791 0.00270074 0.00365432 0.00375876 0.00296067 0.996041 0.99672 0.00363344 0.00412946 0.00272133 0.995427 0.00367546 0.00372253 0.00270373 0.00342249 0.00261283 0.00401946 0.00281863 0.00351441 0.995135 0.994395 0.996061
0.00411631 0.993681 0.00431319 0.992215 0.00388224 0.00362685 0.992645 0.00426765 0.00418213 0.993901 0.991425 0.00446907 0.994424 0.995424 0.00354822 0.994292 0.0036282 0.994456 0.00423175 0.993545 0.995285 0.996072 0.00483968 0.992394 0.995275 0.995101 0.993684 0.00283766 0.99445 0.993683 0.99409 0.994086 0.992437 0.00324298 0.992883 0.994381 0.993541 0.00341345 0.994642 0.992212 0.00350485 0.995675 0.00329833 0.994768 0.993332 0.993336 0.993927 0.994763 0.992676 0.994585 0.993888 0.00270766 0.996729 0.99389 0.00350889 0.00351161 0.00376674 0.00374173 0.00261243 0.993338 0.995078 0.00343298 0.00426147 0.00305619 0.00383976 0.00350868 0.00350505 0.00422242 0.0048001 0.00425504 0.99463 0.995941 0.993273 0.993296 0.00415343 0.00359443 0.00264474 0.996031 0.00305787 0.00270131 0.00364667 0.00374786 0.00295973 0.996058 0.99673 0.003625 0.00410941 0.00272091 0.99546 0.00366337 0.00371382 0.00270254 0.00341209 0.00261255 0.00400417 0.00281795 0.00350508 0.99517 0.994432 0.996071
0.00409506 0.993698 0.00429221 0.992236 0.00386556 0.00361022 0.992667 0.00423925 0.00416417 0.993917 0.991465 0.00444105 0.994447 0.995424 0.00353603 0.994307 0.00361252 0.994458 0.00420898 0.993547 0.995284 0.996069 0.00480619 0.992412 0.995276 0.995102 0.99369 0.00283517 0.994452 0.993709 0.994104 0.994098 0.992472 0.00323602 0.992901 0.994406 0.993544 0.00340225 0.99465 0.992233 0.00349118 0.995685 0.00328812 0.994782 0.993332 0.99336 0.993963 0.994776 0.992693 0.994615 0.993933 0.00270939 0.996739 0.993933 0.00350315 0.00350174 0.00375696 0.00372985 0.00261212 0.993383 0.995091 0.00342222 0.00423977 0.00305643 0.00382135 0.00350039 0.00349641 0.00420323 0.00476872 0.00423613 0.994648 0.995937 0.993291 0.993341 0.00413697 0.00358519 0.00264408 0.996051 0.00305778 0.00270139 0.00363881 0.00373639 0.00295888 0.996076 0.99674 0.003618 0.00409037 0.00272022 0.995493 0.00365183 0.00370458 0.00270258 0.0034025 0.00261246 0.00398927 0.00281734 0.00349685 0.995203 0.994468 0.99608
0.00407388 0.993715 0.00427113 0.992256 0.00384978 0.00359293 0.992689 0.00421064 0.00414586 0.993934 0.991505 0.00441415 0.994469 0.995423 0.00352364 0.994321 0.00359666 0.99446 0.00418663 0.993549 0.995283 0.996067 0.00477403 0.99243 0.995276 0.995103 0.993695 0.00283244 0.994453 0.993736 0.994117 0.994111 0.992506 0.00322791 0.992917 0.994431 0.993545 0.00339134 0.99466 0.992251 0.00347725 0.995695 0.00327797 0.994796 0.993331 0.993385 0.993998 0.994788 0.99271 0.994647 0.993976 0.00271083 0.996749 0.993976 0.00349687 0.00349249 0.00374722 0.00371855 0.00261148 0.993427 0.995103 0.00341195 0.00421827 0.00305668 0.00380253 0.00349184 0.00348743 0.00418368 0.00473835 0.00421693 0.994666 0.995934 0.993307 0.993387 0.00412053 0.00357605 0.00264323 0.996072 0.00305727 0.00270218 0.00363069 0.00372521 0.00295804 0.996093 0.99675 0.00360965 0.00407155 0.00271969 0.995525 0.00364041 0.00369592 0.00270204 0.00339224 0.00261221 0.00397456 0.00281597 0.00348862 0.995236 0.994503 0.996089
0.00405263 0.993732 0.00425105 0.992274 0.00383416 0.00357614 0.992712 0.00418299 0.00412771 0.99395 0.991543 0.0043872 0.994491 0.995422 0.00351202 0.994335 0.00358049 0.994463 0.00416516 0.993551 0.995283 0.996063 0.00474225 0.992446 0.995276 0.995103 0.993701 0.00282995 0.994455 0.993762 0.994129 0.994124 0.992539 0.00322137 0.992933 0.994455 0.993548 0.00338055 0.99467 0.99227 0.00346353 0.995704 0.00326816 0.99481 0.993331 0.993408 0.994033 0.9948 0.992725 0.994677 0.99402 0.00271204 0.996758 0.994018 0.00349069 0.00348319 0.0037381 0.00370712 0.00261068 0.993471 0.995115 0.00340081 0.00419665 0.00305634 0.00378368 0.00348372 0.00347893 0.00416443 0.00470889 0.00419869 0.994684 0.99593 0.993324 0.993431 0.00410394 0.00356739 0.0026422 0.996092 0.00305712 0.00270248 0.00362356 0.00371405 0.00295749 0.99611 0.99676 0.00360188 0.00405266 0.00271937 0.995557 0.00362863 0.00368755 0.00270161 0.00338325 0.002612 0.00395928 0.00281563 0.0034804 0.995268 0.994538 0.996098
0.00403171 0.993748 0.00423128 0.992294 0.00381835 0.0035598 0.992734 0.00415572 0.00410886 0.993965 0.991581 0.0043605 0.994513 0.995422 0.00350019 0.994348 0.00356492 0.994464 0.00414357 0.993553 0.995282 0.99606 0.00471101 0.992464 0.995276 0.995104 0.993705 0.00282736 0.994457 0.993788 0.994141 0.994136 0.992572 0.00321384 0.992949 0.994479 0.99355 0.00336963 0.994679 0.992288 0.00344933 0.995714 0.00325801 0.994822 0.993332 0.993432 0.994068 0.994812 0.99274 0.994707 0.994063 0.00271288 0.996768 0.994058 0.00348427 0.00347369 0.00372871 0.00369574 0.00261008 0.993514 0.995128 0.00338989 0.00417556 0.00305627 0.00376582 0.00347589 0.00346991 0.0041457 0.00468088 0.00418125 0.994701 0.995926 0.99334 0.993475 0.00408745 0.00355866 0.00264108 0.996112 0.0030564 0.00270241 0.00361463 0.00370342 0.00295626 0.996127 0.996769 0.00359478 0.004034 0.00271893 0.995589 0.00361657 0.00367898 0.00270102 0.0033735 0.00261171 0.00394428 0.00281468 0.00347187 0.9953 0.994573 0.996107
0.00401047 0.993763 0.00421257 0.992312 0.00380332 0.0035441 0.992755 0.00412885 0.00409054 0.99398 0.99162 0.00433439 0.994536 0.995422 0.0034885 0.994361 0.00354916 0.994466 0.0041237 0.993555 0.995281 0.996057 0.00467938 0.992481 0.995277 0.995105 0.99371 0.0028249 0.994459 0.993814 0.994153 0.994148 0.992604 0.00320603 0.992965 0.994503 0.993553 0.00335909 0.994688 0.992306 0.00343588 0.995724 0.0032485 0.994836 0.993332 0.993454 0.994102 0.994824 0.992755 0.994736 0.994106 0.00271421 0.996777 0.994097 0.00347797 0.00346334 0.00371973 0.00368504 0.00260931 0.993557 0.995141 0.00337963 0.00415463 0.00305599 0.00374832 0.00346766 0.0034621 0.00412694 0.00465282 0.00416344 0.994718 0.995922 0.993357 0.993518 0.00407189 0.00354931 0.00264026 0.996131 0.0030559 0.00270284 0.00360708 0.00369379 0.0029551 0.996143 0.996779 0.00358742 0.00401573 0.00271868 0.99562 0.0036052 0.00367101 0.00270054 0.00336356 0.00261113 0.00392953 0.00281378 0.00346396 0.995331 0.994608 0.996116
0.00399001 0.993779 0.00419375 0.99233 0.00378866 0.0035284 0.992775 0.00410266 0.00407348 0.993995 0.991657 0.00430855 0.994558 0.995421 0.00347733 0.994373 0.00353444 0.994468 0.00410361 0.993557 0.99528 0.996054 0.00464861 0.992497 0.995277 0.995106 0.993715 0.00282248 0.994461 0.99384 0.994165 0.994159 0.992636 0.00319825 0.992981 0.994527 0.993554 0.00334872 0.994698 0.992326 0.00342254 0.995733 0.00323931 0.994848 0.993334 0.993477 0.994134 0.994835 0.992771 0.994764 0.994148 0.00271555 0.996787 0.994137 0.0034722 0.00345445 0.00371089 0.00367458 0.00260906 0.993598 0.995154 0.00336972 0.0041338 0.00305647 0.00373095 0.00346026 0.00345403 0.00410827 0.00462483 0.0041457 0.994735 0.995917 0.993374 0.99356 0.00405586 0.00353984 0.00263955 0.99615 0.00305604 0.00270267 0.00359922 0.00368371 0.00295432 0.99616 0.996788 0.00358029 0.00399787 0.00271852 0.99565 0.0035936 0.00366308 0.00270026 0.00335348 0.00261072 0.00391491 0.00281287 0.00345647 0.995362 0.994642 0.996125
0.00397012 0.993795 0.00417398 0.99235 0.00377376 0.00351218 0.992795 0.00407707 0.00405599 0.99401 0.991694 0.0042827 0.994579 0.995422 0.00346622 0.994386 0.00351993 0.99447 0.00408366 0.993558 0.99528 0.996052 0.00461831 0.992512 0.995278 0.995106 0.993721 0.00281957 0.994463 0.993865 0.994177 0.994172 0.992668 0.00319115 0.992995 0.994551 0.993557 0.00333852 0.994707 0.992345 0.00340903 0.995742 0.00323062 0.994861 0.993335 0.9935 0.994167 0.994846 0.992788 0.994793 0.994187 0.00271667 0.996796 0.994175 0.00346611 0.00344581 0.00370152 0.00366393 0.00260856 0.993639 0.995166 0.00335992 0.00411334 0.0030559 0.0037128 0.00345196 0.00344636 0.00408995 0.00459651 0.00412789 0.994751 0.995913 0.99339 0.9936 0.0040394 0.00353076 0.00263857 0.996169 0.00305617 0.00270272 0.00359233 0.00367323 0.00295327 0.996177 0.996797 0.00357364 0.00398042 0.00271819 0.99568 0.00358249 0.00365452 0.00270035 0.00334425 0.00261065 0.00390091 0.00281191 0.00344862 0.995392 0.994675 0.996134
0.00395 0.993811 0.00415539 0.992367 0.00375906 0.0034962 0.992816 0.00405099 0.00403911 0.994025 0.991729 0.00425708 0.9946 0.995421 0.00345468 0.994398 0.00350576 0.994472 0.00406389 0.99356 0.99528 0.996048 0.00458861 0.992528 0.995279 0.995107 0.993726 0.00281729 0.994465 0.99389 0.994189 0.994183 0.9927 0.00318464 0.993011 0.994575 0.993559 0.0033283 0.994716 0.992364 0.0033958 0.995751 0.00322135 0.994875 0.993336 0.993522 0.994201 0.994858 0.992803 0.99482 0.994227 0.00271835 0.996804 0.994213 0.00346067 0.0034366 0.00369233 0.00365324 0.00260776 0.993679 0.995178 0.00334963 0.00409304 0.00305546 0.00369563 0.00344448 0.00343873 0.0040729 0.004569 0.00411059 0.994767 0.995909 0.993405 0.99364 0.00402356 0.00352234 0.00263766 0.996188 0.00305574 0.0027038 0.00358468 0.00366291 0.00295192 0.996193 0.996806 0.00356649 0.00396289 0.00271821 0.995709 0.00357133 0.0036458 0.00270021 0.00333482 0.00260983 0.00388723 0.0028114 0.00344113 0.995421 0.994707 0.996142
0.00393039 0.993826 0.00413686 0.992385 0.00374493 0.00348082 0.992836 0.00402582 0.00402138 0.994039 0.991765 0.00423307 0.994621 0.995421 0.00344322 0.994411 0.00349121 0.994474 0.0040444 0.993563 0.995279 0.996046 0.00456023 0.992545 0.99528 0.995108 0.993731 0.00281505 0.994467 0.993914 0.994201 0.994195 0.99273 0.00317757 0.993027 0.994598 0.99356 0.00331859 0.994725 0.992382 0.00338227 0.99576 0.0032128 0.994887 0.993336 0.993543 0.994233 0.994869 0.992819 0.994848 0.994266 0.00271947 0.996813 0.99425 0.00345452 0.00342826 0.00368323 0.0036429 0.00260712 0.993719 0.995191 0.00334009 0.00407297 0.00305516 0.00367869 0.00343682 0.00343071 0.0040554 0.00454168 0.00409365 0.994784 0.995905 0.99342 0.993681 0.00400782 0.00351428 0.0026366 0.996206 0.00305574 0.00270437 0.00357731 0.0036521 0.00295071 0.996209 0.996815 0.00355906 0.00394505 0.00271731 0.995738 0.00356065 0.00363771 0.0026993 0.00332617 0.00260898 0.0038738 0.00281066 0.00343355 0.995451 0.994739 0.99615
0.00391099 0.993841 0.00411805 0.992401 0.00373125 0.00346573 0.992856 0.0040014 0.00400453 0.994053 0.991799 0.00420977 0.99464 0.99542 0.00343185 0.994424 0.00347705 0.994475 0.00402525 0.993565 0.995277 0.996042 0.0045316 0.992561 0.99528 0.995109 0.993736 0.00281278 0.994469 0.993937 0.994212 0.994206 0.992759 0.00317097 0.993042 0.99462 0.993562 0.00330909 0.994733 0.9924 0.00336992 0.995768 0.0032037 0.9949 0.993335 0.993564 0.994264 0.99488 0.992834 0.994875 0.994304 0.00272058 0.996822 0.994288 0.00344884 0.00341995 0.00367449 0.00363295 0.00260621 0.993758 0.995202 0.00333058 0.00405378 0.00305493 0.00366162 0.0034292 0.0034233 0.00403776 0.00451467 0.00407743 0.9948 0.995901 0.993435 0.993721 0.00399371 0.00350564 0.00263533 0.996224 0.00305535 0.00270444 0.00357019 0.00364259 0.00294992 0.996224 0.996824 0.00355145 0.00392864 0.00271649 0.995767 0.00355058 0.00362952 0.00269897 0.0033169 0.0026087 0.0038605 0.00280951 0.00342611 0.99548 0.99477 0.996159
0.00389183 0.993856 0.0041002 0.992418 0.00371765 0.00345124 0.992876 0.00397708 0.00398789 0.994067 0.991832 0.00418617 0.99466 0.995421 0.00342152 0.994436 0.00346324 0.994478 0.0040058 0.993568 0.995277 0.996039 0.00450349 0.992575 0.995281 0.995111 0.993741 0.00281099 0.994471 0.993961 0.994224 0.994217 0.992788 0.00316438 0.993056 0.994642 0.993564 0.00329921 0.994741 0.992417 0.00335735 0.995777 0.00319464 0.994913 0.993336 0.993585 0.994295 0.99489 0.99285 0.994901 0.994343 0.00272209 0.996831 0.994324 0.0034435 0.00341117 0.00366606 0.00362277 0.00260575 0.993797 0.995214 0.00332113 0.00403438 0.00305569 0.00364467 0.00342201 0.00341566 0.00402 0.00448822 0.00406114 0.994816 0.995897 0.99345 0.993761 0.00397839 0.00349704 0.00263397 0.996241 0.00305491 0.00270422 0.00356332 0.00363316 0.00294899 0.99624 0.996833 0.0035442 0.00391136 0.00271563 0.995796 0.00354072 0.00362176 0.0026991 0.00330807 0.00260848 0.00384727 0.0028082 0.00341842 0.995508 0.994801 0.996167
0.00387279 0.99387 0.00408306 0.992434 0.00370371 0.00343644 0.992895 0.00395331 0.00397159 0.994081 0.991867 0.00416294 0.994679 0.995421 0.00341058 0.994449 0.00344975 0.99448 0.00398741 0.993569 0.995276 0.996037 0.00447547 0.99259 0.995281 0.995112 0.993745 0.00280823 0.994473 0.993983 0.994235 0.994229 0.992817 0.0031581 0.993071 0.994663 0.993566 0.00329002 0.99475 0.992435 0.00334503 0.995785 0.00318629 0.994924 0.993336 0.993606 0.994325 0.9949 0.992864 0.994927 0.994379 0.0027231 0.99684 0.994359 0.0034381 0.00340273 0.00365791 0.0036128 0.00260563 0.993837 0.995225 0.00331169 0.00401499 0.00305555 0.00362868 0.00341482 0.00340781 0.00400321 0.00446165 0.00404525 0.994831 0.995892 0.993465 0.993798 0.00396429 0.00348839 0.00263298 0.996259 0.00305457 0.00270469 0.00355572 0.0036236 0.00294824 0.996255 0.996841 0.00353751 0.00389581 0.00271514 0.995824 0.00353069 0.00361437 0.00269851 0.00329944 0.00260817 0.00383479 0.00280753 0.0034116 0.995535 0.994831 0.996175
0.00385423 0.993885 0.00406581 0.992451 0.00369037 0.00342173 0.992913 0.0039296 0.00395549 0.994095 0.991901 0.00414045 0.994698 0.99542 0.00340003 0.994461 0.0034359 0.994481 0.0039692 0.993571 0.995276 0.996035 0.00444785 0.992605 0.99528 0.995112 0.99375 0.00280617 0.994474 0.994008 0.994246 0.994239 0.992846 0.00315151 0.993085 0.994685 0.993567 0.00328078 0.994759 0.992452 0.00333292 0.995793 0.00317746 0.994936 0.993337 0.993627 0.994355 0.994911 0.992878 0.994953 0.994416 0.00272391 0.996849 0.994395 0.00343273 0.00339441 0.00364923 0.00360219 0.00260488 0.993876 0.995236 0.00330184 0.00399601 0.00305511 0.00361308 0.00340733 0.00340032 0.0039859 0.00443538 0.00402903 0.994847 0.995888 0.99348 0.993836 0.00394982 0.00347945 0.00263238 0.996277 0.00305405 0.00270475 0.00354847 0.00361387 0.00294745 0.996269 0.996849 0.00353076 0.00388 0.00271467 0.99585 0.00352036 0.00360625 0.00269849 0.00329056 0.00260774 0.00382185 0.00280666 0.00340433 0.995563 0.994861 0.996183
0.00383629 0.993899 0.00404903 0.992469 0.00367778 0.00340721 0.992931 0.00390661 0.00393971 0.994108 0.991934 0.00411732 0.994718 0.995419 0.00338958 0.994472 0.00342244 0.994483 0.0039512 0.993574 0.995274 0.996032 0.0044209 0.99262 0.99528 0.995113 0.993755 0.00280357 0.994476 0.994031 0.994257 0.99425 0.992875 0.00314527 0.993099 0.994706 0.993569 0.00327153 0.994767 0.99247 0.00332061 0.995802 0.00316886 0.994949 0.993337 0.993647 0.994384 0.994922 0.992891 0.994978 0.994453 0.00272577 0.996857 0.99443 0.00342728 0.00338621 0.00364039 0.00359207 0.00260432 0.993913 0.995247 0.00329238 0.00397746 0.00305467 0.00359685 0.00339996 0.00339224 0.00396996 0.00441051 0.00401302 0.994862 0.995884 0.993495 0.993874 0.0039356 0.00347192 0.00263176 0.996294 0.00305398 0.00270474 0.00354161 0.003605 0.00294683 0.996284 0.996857 0.00352378 0.00386384 0.00271397 0.995877 0.00351055 0.00359852 0.00269814 0.00328181 0.00260706 0.00380917 0.00280578 0.00339695 0.99559 0.99489 0.996191
0.00381855 0.993914 0.00403185 0.992486 0.00366408 0.00339272 0.99295 0.00388397 0.0039245 0.994122 0.991967 0.00409439 0.994737 0.99542 0.00337915 0.994484 0.00340944 0.994484 0.00393292 0.993576 0.995274 0.996029 0.00439422 0.992636 0.99528 0.995115 0.99376 0.00280179 0.994477 0.994053 0.994269 0.99426 0.992904 0.00313906 0.993114 0.994727 0.99357 0.00326255 0.994776 0.992486 0.00330911 0.99581 0.00316075 0.99496 0.993337 0.993667 0.994415 0.994932 0.992907 0.995003 0.994488 0.00272683 0.996865 0.994464 0.0034217 0.0033783 0.00363186 0.00358193 0.0026037 0.99395 0.995258 0.00328288 0.00395899 0.00305509 0.00358085 0.00339287 0.00338521 0.00395394 0.00438548 0.00399703 0.994878 0.99588 0.993509 0.993911 0.00392131 0.00346391 0.00263081 0.996311 0.00305373 0.00270479 0.00353509 0.00359571 0.00294593 0.996299 0.996865 0.00351692 0.00384799 0.00271332 0.995904 0.0035005 0.00359036 0.0026977 0.00327314 0.0026065 0.00379721 0.00280502 0.00338932 0.995617 0.994921 0.996199
0.00380129 0.993928 0.00401575 0.992501 0.00365132 0.00337869 0.992969 0.00386155 0.00390853 0.994135 0.991999 0.00407259 0.994755 0.995419 0.00336875 0.994496 0.00339574 0.994486 0.00391568 0.993578 0.995273 0.996027 0.00436837 0.992651 0.995281 0.995116 0.993763 0.00279908 0.994479 0.994074 0.99428 0.994272 0.992929 0.00313269 0.993128 0.994748 0.993572 0.00325364 0.994784 0.992501 0.00329732 0.995818 0.00315253 0.994973 0.993338 0.993687 0.994444 0.994943 0.992921 0.995028 0.994523 0.00272781 0.996872 0.994497 0.00341619 0.00337049 0.00362352 0.00357186 0.0026033 0.993985 0.995268 0.00327285 0.00394131 0.00305545 0.00356551 0.00338621 0.00337781 0.00393758 0.00436126 0.00398189 0.994893 0.995875 0.993524 0.993947 0.00390737 0.00345621 0.00262972 0.996328 0.00305361 0.00270473 0.00352829 0.00358672 0.00294464 0.996314 0.996873 0.00351101 0.00383214 0.00271292 0.99593 0.00349096 0.00358352 0.00269744 0.00326527 0.00260553 0.00378475 0.00280392 0.00338216 0.995642 0.994949 0.996207
0.00378352 0.993942 0.00399895 0.992519 0.00363886 0.0033654 0.992986 0.00383958 0.00389319 0.994149 0.99203 0.00405081 0.994774 0.995419 0.00335882 0.994508 0.00338295 0.994489 0.00389893 0.99358 0.995273 0.996024 0.004342 0.992666 0.995281 0.995117 0.993768 0.00279706 0.994481 0.994095 0.99429 0.994282 0.992958 0.00312718 0.993143 0.994768 0.993574 0.00324484 0.994792 0.992519 0.00328607 0.995827 0.00314451 0.994985 0.993339 0.993706 0.994472 0.994953 0.992935 0.995053 0.994558 0.00272889 0.996881 0.99453 0.00341127 0.00336262 0.00361554 0.00356285 0.00260278 0.994021 0.99528 0.00326412 0.0039234 0.00305591 0.00355047 0.00337921 0.00337 0.00392205 0.00433725 0.00396625 0.994908 0.995871 0.993537 0.993983 0.00389353 0.0034487 0.00262856 0.996345 0.00305333 0.00270489 0.00352181 0.00357775 0.00294373 0.996328 0.996881 0.00350492 0.00381727 0.00271273 0.995955 0.00348097 0.00357594 0.00269733 0.00325695 0.00260488 0.00377255 0.00280314 0.00337539 0.995668 0.994977 0.996214
0.00376574 0.993956 0.00398195 0.992536 0.00362618 0.00335193 0.993004 0.00381776 0.00387798 0.994161 0.992063 0.00402965 0.994791 0.995418 0.00334872 0.994519 0.00336982 0.99449 0.00388098 0.993583 0.995272 0.99602 0.00431605 0.99268 0.995281 0.995118 0.993772 0.00279495 0.994482 0.994115 0.994301 0.994293 0.992985 0.00312104 0.993156 0.994788 0.993575 0.00323571 0.994799 0.992536 0.00327461 0.995835 0.00313652 0.994996 0.993339 0.993726 0.994501 0.994962 0.99295 0.995077 0.994593 0.0027294 0.996889 0.994563 0.00340615 0.00335475 0.00360828 0.00355386 0.00260247 0.994055 0.995292 0.00325487 0.00390577 0.00305584 0.0035363 0.0033718 0.00336299 0.00390617 0.00431358 0.00395174 0.994921 0.995867 0.993553 0.994019 0.00387998 0.00344053 0.00262812 0.996361 0.00305314 0.00270491 0.00351532 0.00356895 0.0029424 0.996343 0.996889 0.00349842 0.00380246 0.00271221 0.99598 0.00347127 0.00356946 0.0026968 0.0032487 0.00260453 0.00376088 0.00280207 0.00336856 0.995693 0.995006 0.996222
0.00374842 0.993969 0.00396631 0.992553 0.00361334 0.00333814 0.993022 0.00379622 0.00386367 0.994175 0.992094 0.00400878 0.99481 0.995417 0.00333926 0.99453 0.0033568 0.994493 0.00386396 0.993585 0.995271 0.996018 0.00429102 0.992696 0.995281 0.995119 0.993776 0.00279316 0.994484 0.994136 0.994312 0.994303 0.993013 0.0031158 0.993168 0.994808 0.993578 0.00322713 0.994806 0.992553 0.00326348 0.995843 0.00312852 0.995007 0.993339 0.993746 0.994528 0.994972 0.992964 0.995101 0.994627 0.00273052 0.996897 0.994595 0.00340173 0.00334705 0.00360009 0.00354478 0.00260241 0.99409 0.995303 0.0032466 0.00388865 0.00305555 0.00352149 0.00336484 0.00335598 0.00389069 0.0042902 0.00393732 0.994937 0.995863 0.993566 0.994053 0.00386685 0.00343338 0.00262724 0.996377 0.00305312 0.0027046 0.00350889 0.00356037 0.00294173 0.996356 0.996896 0.00349212 0.00378732 0.00271174 0.996005 0.00346233 0.00356276 0.00269651 0.00324052 0.00260405 0.00374954 0.00280145 0.00336245 0.995718 0.995034 0.996229
0.00373244 0.993983 0.00395052 0.992569 0.00360095 0.00332518 0.993039 0.00377555 0.00384918 0.994188 0.992126 0.0039881 0.994827 0.995417 0.00332919 0.994541 0.0033444 0.994494 0.00384784 0.993586 0.995271 0.996014 0.00426698 0.99271 0.995281 0.995119 0.99378 0.0027907 0.994486 0.994157 0.994322 0.994312 0.993038 0.00310986 0.993182 0.994826 0.99358 0.00321838 0.994814 0.992569 0.00325268 0.995851 0.00312037 0.995019 0.993339 0.993764 0.994556 0.994982 0.992977 0.995125 0.994661 0.00273192 0.996904 0.994627 0.00339694 0.00333912 0.00359196 0.00353541 0.00260209 0.994124 0.995314 0.00323794 0.00387154 0.00305501 0.00350705 0.00335771 0.00334937 0.00387538 0.00426744 0.00392297 0.994951 0.99586 0.99358 0.994086 0.00385391 0.00342632 0.00262683 0.996393 0.00305269 0.00270473 0.00350255 0.00355121 0.00294085 0.99637 0.996904 0.00348567 0.00377267 0.00271141 0.996029 0.003453 0.00355557 0.00269601 0.00323234 0.00260371 0.00373743 0.0028005 0.00335517 0.995742 0.995061 0.996237
0.00371652 0.993997 0.00393426 0.992587 0.00358812 0.00331207 0.993056 0.00375372 0.00383548 0.9942 0.992157 0.00396765 0.994845 0.995417 0.00332026 0.994553 0.0033319 0.994496 0.0038311 0.993588 0.995269 0.996011 0.00424275 0.992723 0.995281 0.995121 0.993784 0.00278865 0.994488 0.994177 0.994332 0.994322 0.993064 0.00310403 0.993196 0.994845 0.993583 0.00320997 0.994821 0.992584 0.00324136 0.995859 0.00311289 0.99503 0.993339 0.993784 0.994583 0.994992 0.992991 0.995148 0.994694 0.00273298 0.996912 0.994658 0.00339211 0.00333145 0.00358417 0.00352563 0.00260137 0.994158 0.995324 0.0032289 0.00385435 0.00305464 0.0034929 0.00335107 0.00334276 0.00386038 0.00424501 0.00390886 0.994965 0.995856 0.993593 0.99412 0.00384144 0.0034187 0.00262588 0.996409 0.00305293 0.00270521 0.00349612 0.0035428 0.00294009 0.996383 0.996911 0.00347932 0.00375764 0.00271062 0.996052 0.00344377 0.00354923 0.00269542 0.00322475 0.00260347 0.00372569 0.00279983 0.00334895 0.995767 0.995087 0.996245
0.00370023 0.99401 0.00391825 0.992602 0.00357603 0.00329979 0.993073 0.0037331 0.00382199 0.994212 0.992187 0.0039474 0.994862 0.995417 0.00331109 0.994565 0.00332027 0.994499 0.00381486 0.993591 0.995269 0.996009 0.00421883 0.992737 0.995282 0.995121 0.993788 0.00278617 0.99449 0.994197 0.994342 0.994331 0.99309 0.00309779 0.993211 0.994864 0.993585 0.00320155 0.994829 0.9926 0.00323053 0.995867 0.00310566 0.995041 0.993338 0.993803 0.994609 0.995001 0.993004 0.995171 0.994725 0.00273405 0.99692 0.994689 0.003387 0.00332448 0.00357655 0.00351617 0.00260088 0.99419 0.995334 0.00322013 0.00383739 0.00305454 0.00347916 0.00334442 0.00333619 0.003846 0.00422285 0.00389546 0.994978 0.995852 0.993607 0.994153 0.00382832 0.0034115 0.00262538 0.996424 0.00305306 0.00270583 0.00349001 0.00353431 0.00293982 0.996397 0.996919 0.00347329 0.00374346 0.00271049 0.996075 0.00343493 0.00354236 0.00269504 0.00321696 0.0026029 0.00371379 0.00279872 0.00334221 0.995791 0.995113 0.996252
0.00368459 0.994023 0.00390324 0.992616 0.00356409 0.00328767 0.993089 0.00371255 0.00380825 0.994226 0.992216 0.00392702 0.994879 0.995417 0.00330158 0.994575 0.00330812 0.9945 0.00379899 0.993592 0.995268 0.996006 0.00419555 0.99275 0.995282 0.995122 0.993793 0.00278449 0.994493 0.994217 0.994353 0.994341 0.993115 0.00309216 0.993225 0.994883 0.993586 0.00319348 0.994836 0.992614 0.00321936 0.995874 0.00309803 0.995051 0.993339 0.993822 0.994636 0.995011 0.993016 0.995193 0.994757 0.00273514 0.996927 0.994719 0.00338265 0.00331738 0.00356903 0.00350757 0.00260033 0.994222 0.995345 0.00321171 0.00382098 0.00305459 0.00346556 0.00333771 0.00332981 0.00383199 0.0042009 0.00388087 0.994992 0.995847 0.99362 0.994185 0.00381614 0.00340417 0.00262502 0.99644 0.00305309 0.00270608 0.00348381 0.00352614 0.00293928 0.99641 0.996927 0.00346709 0.00372945 0.00270994 0.996098 0.00342663 0.00353598 0.002695 0.00320948 0.00260219 0.00370187 0.00279755 0.00333588 0.995814 0.995138 0.996259
0.00366869 0.994035 0.0038878 0.99263 0.00355216 0.00327539 0.993107 0.0036926 0.00379371 0.994239 0.992245 0.00390684 0.994895 0.995417 0.00329212 0.994587 0.00329565 0.994501 0.00378334 0.993593 0.995267 0.996003 0.00417227 0.992763 0.995282 0.995122 0.993797 0.00278189 0.994495 0.994236 0.994362 0.99435 0.99314 0.00308635 0.993238 0.994901 0.993588 0.00318524 0.994843 0.99263 0.00320871 0.995882 0.00309035 0.995061 0.993339 0.993839 0.994663 0.99502 0.99303 0.995216 0.994788 0.0027361 0.996935 0.99475 0.00337792 0.00330968 0.00356161 0.00349914 0.00260032 0.994255 0.995354 0.00320385 0.00380537 0.00305415 0.00345152 0.00333095 0.0033235 0.00381779 0.00417896 0.00386795 0.995006 0.995844 0.993633 0.994218 0.00380323 0.00339737 0.00262446 0.996455 0.00305295 0.00270657 0.00347793 0.00351761 0.00293856 0.996422 0.996935 0.00346126 0.00371509 0.00270963 0.996121 0.00341824 0.00352878 0.00269504 0.00320192 0.00260178 0.00369001 0.00279632 0.00332936 0.995837 0.995164 0.996266
0.00365305 0.994047 0.00387364 0.992645 0.00354037 0.00326283 0.993123 0.00367282 0.00377993 0.994252 0.992272 0.00388775 0.994912 0.995417 0.00328363 0.994597 0.00328429 0.994503 0.00376826 0.993596 0.995266 0.996001 0.00414944 0.992776 0.995283 0.995122 0.993801 0.00277956 0.994495 0.994256 0.994371 0.994359 0.993164 0.00308074 0.993251 0.994919 0.993591 0.00317693 0.994851 0.992645 0.00319846 0.99589 0.00308235 0.995071 0.993339 0.993857 0.994689 0.99503 0.993043 0.995237 0.99482 0.00273688 0.996942 0.994779 0.00337269 0.00330218 0.00355405 0.00349039 0.00259983 0.994286 0.995366 0.00319573 0.00378987 0.00305372 0.00343803 0.00332451 0.0033168 0.00380384 0.00415793 0.00385441 0.995019 0.995841 0.993645 0.99425 0.00379043 0.00339009 0.00262293 0.99647 0.00305283 0.00270689 0.00347185 0.00350986 0.00293778 0.996435 0.996942 0.00345535 0.00370195 0.00270922 0.996144 0.00340929 0.0035226 0.00269516 0.00319434 0.00260111 0.00367874 0.00279577 0.00332288 0.99586 0.995189 0.996274
0.00363821 0.99406 0.00385904 0.99266 0.00352937 0.00325008 0.993139 0.0036533 0.00376581 0.994264 0.9923 0.00386823 0.994929 0.995416 0.00327507 0.994605 0.00327274 0.994504 0.00375254 0.993598 0.995264 0.995999 0.00412748 0.992791 0.995283 0.995123 0.993804 0.00277669 0.994497 0.994275 0.99438 0.99437 0.993188 0.00307461 0.993262 0.994936 0.993592 0.00316855 0.994858 0.992658 0.00318792 0.995897 0.00307526 0.995081 0.993339 0.993874 0.994713 0.995039 0.993056 0.995258 0.994849 0.0027381 0.996949 0.994809 0.00336765 0.00329496 0.00354748 0.00348134 0.00259952 0.994317 0.995376 0.00318772 0.0037741 0.00305379 0.00342394 0.00331835 0.00331042 0.00378987 0.00413754 0.00384106 0.995033 0.995837 0.993657 0.994281 0.00377834 0.00338277 0.00262225 0.996485 0.00305256 0.00270712 0.00346576 0.00350185 0.00293703 0.996448 0.996949 0.00344925 0.00368757 0.00270911 0.996166 0.00340014 0.00351635 0.00269417 0.00318744 0.00260065 0.00366849 0.00279504 0.00331641 0.995883 0.995213 0.996281
0.00362287 0.994072 0.0038443 0.992676 0.00351811 0.00323798 0.993155 0.00363465 0.00375258 0.994276 0.992328 0.00384893 0.994945 0.995417 0.00326682 0.994615 0.00326105 0.994505 0.00373711 0.9936 0.995263 0.995996 0.00410519 0.992804 0.995282 0.995124 0.993808 0.00277501 0.9945 0.994294 0.994389 0.994378 0.993211 0.00306917 0.993274 0.994954 0.993594 0.00316015 0.994865 0.992674 0.0031774 0.995904 0.00306786 0.995092 0.993339 0.993891 0.994738 0.995048 0.993068 0.99528 0.994879 0.00273922 0.996956 0.994837 0.00336365 0.003288 0.00354015 0.00347295 0.00259951 0.994346 0.995385 0.00318 0.00375867 0.00305355 0.00341146 0.00331194 0.00330411 0.00377576 0.00411704 0.00382778 0.995045 0.995834 0.99367 0.994312 0.00376659 0.00337564 0.00262149 0.996499 0.00305237 0.00270776 0.00345942 0.00349406 0.00293618 0.99646 0.996956 0.00344284 0.00367405 0.00270888 0.996187 0.00339173 0.00350984 0.00269364 0.00318018 0.00260021 0.00365759 0.00279414 0.00331048 0.995905 0.995237 0.996288
0.00360762 0.994085 0.00383011 0.99269 0.00350679 0.00322659 0.993172 0.00361565 0.00373906 0.994288 0.992357 0.00383033 0.994962 0.995416 0.00325821 0.994625 0.00324996 0.994505 0.0037224 0.993602 0.995263 0.995994 0.00408295 0.992817 0.995283 0.995126 0.993813 0.00277243 0.994501 0.994314 0.994398 0.994388 0.993235 0.0030638 0.993286 0.994971 0.993595 0.00315218 0.994872 0.992688 0.00316745 0.995911 0.00306121 0.995101 0.993341 0.993907 0.994763 0.995057 0.99308 0.995301 0.994908 0.00274004 0.996963 0.994866 0.00335921 0.0032811 0.00353283 0.0034646 0.00259949 0.994376 0.995395 0.0031725 0.00374259 0.00305359 0.00339863 0.00330602 0.00329824 0.00376264 0.00409626 0.00381505 0.995058 0.99583 0.993682 0.994342 0.00375444 0.00336906 0.00262086 0.996513 0.00305255 0.00270835 0.00345356 0.00348604 0.00293539 0.996472 0.996962 0.00343798 0.00366081 0.00270867 0.996209 0.00338281 0.00350345 0.00269354 0.00317366 0.00259968 0.00364734 0.00279357 0.00330395 0.995927 0.995261 0.996295
0.00359346 0.994096 0.00381591 0.992705 0.00349613 0.00321483 0.993188 0.0035967 0.00372619 0.9943 0.992383 0.00381159 0.994978 0.995417 0.0032499 0.994634 0.00323909 0.994508 0.00370715 0.993602 0.995262 0.995991 0.00406154 0.992829 0.995283 0.995126 0.993816 0.00277029 0.994503 0.994332 0.994407 0.994397 0.993259 0.00305824 0.993298 0.994988 0.993596 0.0031439 0.994879 0.992702 0.00315726 0.995918 0.00305436 0.995111 0.993341 0.993925 0.994787 0.995066 0.993093 0.995321 0.994937 0.00274122 0.99697 0.994893 0.00335486 0.00327428 0.00352543 0.00345683 0.0025991 0.994406 0.995405 0.00316494 0.00372758 0.00305391 0.00338567 0.00329981 0.00329181 0.0037493 0.00407591 0.00380209 0.995071 0.995826 0.993696 0.994372 0.003743 0.00336236 0.00262045 0.996527 0.00305297 0.00270838 0.00344802 0.00347775 0.00293452 0.996485 0.996969 0.0034326 0.00364777 0.00270823 0.99623 0.00337432 0.00349779 0.00269334 0.00316628 0.00259914 0.00363666 0.00279224 0.00329801 0.995948 0.995284 0.996301
0.0035783 0.994109 0.0038024 0.992719 0.00348558 0.00320338 0.993204 0.0035781 0.0037131 0.994311 0.99241 0.00379431 0.994994 0.995416 0.00324152 0.994644 0.00322772 0.994508 0.00369256 0.993603 0.995261 0.995988 0.00403994 0.992842 0.995284 0.995127 0.993819 0.00276848 0.994504 0.99435 0.994417 0.994406 0.993283 0.0030521 0.993309 0.995005 0.993598 0.00313617 0.994886 0.992717 0.00314782 0.995925 0.00304741 0.995121 0.993341 0.993942 0.994811 0.995075 0.993105 0.995341 0.994966 0.00274232 0.996977 0.994919 0.0033506 0.00326754 0.00351798 0.00344838 0.00259857 0.994435 0.995415 0.00315685 0.00371263 0.00305356 0.00337306 0.00329333 0.00328575 0.00373535 0.00405533 0.00378936 0.995083 0.995823 0.993708 0.994401 0.00373167 0.00335652 0.00261976 0.996541 0.00305319 0.00270859 0.00344228 0.00347023 0.00293381 0.996496 0.996976 0.00342686 0.00363471 0.00270767 0.996251 0.00336612 0.00349099 0.00269298 0.00315894 0.00259851 0.00362601 0.0027917 0.00329253 0.995969 0.995308 0.996308
0.00356373 0.99412 0.00378837 0.992733 0.00347478 0.00319237 0.993219 0.00355946 0.00370125 0.994324 0.992436 0.00377655 0.99501 0.995417 0.00323345 0.994654 0.00321713 0.99451 0.00367851 0.993604 0.99526 0.995986 0.00401886 0.992854 0.995284 0.995128 0.993823 0.00276649 0.994505 0.994369 0.994425 0.994414 0.993305 0.00304693 0.99332 0.995022 0.993601 0.00312862 0.994892 0.992732 0.00313836 0.995932 0.00304042 0.995131 0.993342 0.993959 0.994834 0.995083 0.993116 0.995362 0.994994 0.00274318 0.996984 0.994945 0.00334659 0.00326121 0.00351135 0.00344025 0.00259844 0.994464 0.995423 0.00314936 0.00369778 0.00305313 0.00335987 0.00328722 0.0032801 0.00372252 0.00403588 0.00377734 0.995096 0.99582 0.99372 0.994431 0.00372019 0.00335016 0.00261864 0.996554 0.00305292 0.00270868 0.00343684 0.00346258 0.00293302 0.996508 0.996983 0.00342186 0.00362219 0.00270709 0.996271 0.00335789 0.00348473 0.00269271 0.003152 0.00259855 0.00361603 0.00279049 0.00328688 0.99599 0.995331 0.996314
0.00354977 0.994131 0.00377511 0.992747 0.00346408 0.00318124 0.993233 0.00354171 0.00368892 0.994334 0.992462 0.00375898 0.995024 0.995417 0.00322545 0.994664 0.00320682 0.994512 0.00366451 0.993605 0.995259 0.995983 0.00399867 0.992867 0.995284 0.995129 0.993826 0.00276498 0.994505 0.994387 0.994434 0.994424 0.993328 0.00304178 0.993332 0.995039 0.993602 0.00312101 0.994899 0.992745 0.00312861 0.995938 0.00303391 0.99514 0.993342 0.993976 0.994858 0.995091 0.993127 0.995381 0.995022 0.00274454 0.99699 0.994972 0.00334226 0.00325451 0.00350427 0.00343216 0.00259822 0.994491 0.995432 0.00314201 0.0036833 0.00305321 0.00334721 0.00328114 0.00327424 0.00370976 0.00401655 0.00376495 0.995108 0.995817 0.993732 0.994459 0.00370875 0.00334396 0.0026175 0.996568 0.00305301 0.00270865 0.00343145 0.00345518 0.00293156 0.996519 0.996989 0.0034166 0.00360966 0.00270639 0.996292 0.00334995 0.00347875 0.00269244 0.00314549 0.00259776 0.00360515 0.00279001 0.00328057 0.996011 0.995354 0.996321
0.00353606 0.994144 0.00376243 0.992762 0.00345399 0.00317024 0.993249 0.00352401 0.00367708 0.994345 0.992488 0.00374062 0.99504 0.995417 0.00321745 0.994673 0.00319543 0.994512 0.00365096 0.993606 0.995258 0.995981 0.00397824 0.992879 0.995285 0.995129 0.993829 0.00276291 0.994507 0.994404 0.994443 0.994433 0.99335 0.00303631 0.993345 0.995054 0.993605 0.003114 0.994907 0.992759 0.00311904 0.995946 0.00302714 0.995149 0.993342 0.993992 0.99488 0.9951 0.993139 0.9954 0.995048 0.00274596 0.996997 0.994998 0.00333794 0.00324811 0.00349756 0.00342433 0.00259811 0.994519 0.995441 0.00313538 0.00366891 0.00305334 0.00333515 0.00327477 0.0032679 0.00369746 0.00399758 0.00375271 0.995121 0.995814 0.993744 0.994487 0.00369835 0.00333727 0.00261682 0.996581 0.00305215 0.00270861 0.00342613 0.0034478 0.00293053 0.99653 0.996996 0.00341086 0.0035972 0.00270626 0.996312 0.00334257 0.00347265 0.00269271 0.0031389 0.00259746 0.0035947 0.00278952 0.0032748 0.996032 0.995376 0.996327
0.00352229 0.994156 0.00374939 0.992774 0.00344355 0.00315913 0.993263 0.00350649 0.00366546 0.994356 0.992515 0.00372342 0.995055 0.995417 0.00320936 0.994682 0.0031855 0.994513 0.0036371 0.993609 0.995258 0.995979 0.00395837 0.99289 0.995285 0.99513 0.993833 0.00276092 0.994509 0.994422 0.994452 0.994443 0.993372 0.00303158 0.993355 0.995071 0.993606 0.00310709 0.994913 0.992773 0.00310992 0.995953 0.00302017 0.995158 0.993342 0.994008 0.994902 0.995108 0.993151 0.995419 0.995074 0.00274717 0.997003 0.995022 0.00333394 0.00324177 0.00349075 0.00341676 0.00259779 0.994546 0.99545 0.00312813 0.0036548 0.00305303 0.0033238 0.00326918 0.00326233 0.00368465 0.00397824 0.0037413 0.995133 0.995811 0.993756 0.994514 0.00368709 0.00333082 0.00261572 0.996594 0.00305233 0.00270878 0.00342197 0.0034398 0.00293039 0.996542 0.997003 0.0034049 0.00358458 0.00270624 0.996331 0.00333472 0.00346671 0.00269274 0.00313212 0.00259735 0.00358479 0.00278905 0.00326897 0.996052 0.995397 0.996333
0.00350875 0.994167 0.00373717 0.992787 0.00343311 0.00314799 0.993277 0.00348968 0.00365381 0.994367 0.99254 0.00370636 0.995069 0.995417 0.00320153 0.994691 0.00317575 0.994514 0.00362268 0.99361 0.995257 0.995976 0.0039389 0.992902 0.995286 0.995131 0.993836 0.00275895 0.994511 0.994438 0.994462 0.994452 0.993393 0.00302695 0.993367 0.995087 0.993607 0.00309968 0.994919 0.992786 0.00310066 0.995959 0.00301334 0.995168 0.993344 0.994024 0.994925 0.995117 0.993162 0.995438 0.995101 0.00274768 0.997009 0.995048 0.00332992 0.00323566 0.00348387 0.0034092 0.00259748 0.994572 0.995459 0.00312103 0.00364082 0.00305304 0.00331164 0.00326361 0.00325676 0.00367223 0.00395957 0.0037295 0.995145 0.995808 0.993767 0.994542 0.00367646 0.00332455 0.00261473 0.996607 0.00305236 0.00270893 0.00341657 0.0034324 0.00292973 0.996553 0.997009 0.00339901 0.00357264 0.00270553 0.996351 0.00332702 0.00346037 0.00269233 0.00312571 0.00259721 0.00357505 0.00278858 0.00326322 0.996072 0.995418 0.996339
0.0034953 0.994177 0.00372435 0.992801 0.0034232 0.00313759 0.993292 0.00347337 0.00364182 0.994378 0.992564 0.00369027 0.995083 0.995416 0.00319365 0.994701 0.00316564 0.994516 0.00360906 0.993612 0.995257 0.995975 0.00391982 0.992915 0.995287 0.99513 0.993839 0.00275684 0.994513 0.994456 0.99447 0.99446 0.993415 0.00302208 0.993377 0.995102 0.99361 0.003092 0.994925 0.992799 0.00309201 0.995967 0.00300677 0.995177 0.993343 0.99404 0.994947 0.995126 0.993173 0.995457 0.995127 0.00274858 0.997016 0.995073 0.00332618 0.00322958 0.00347704 0.00340085 0.00259728 0.994599 0.995467 0.00311323 0.00362721 0.00305352 0.00329944 0.00325754 0.00325093 0.00366048 0.00394162 0.00371775 0.995156 0.995804 0.993778 0.994568 0.00366568 0.00331787 0.00261385 0.99662 0.00305194 0.00270945 0.00341133 0.0034258 0.00292889 0.996564 0.997016 0.00339341 0.00356084 0.00270498 0.99637 0.00331935 0.00345434 0.00269209 0.003119 0.00259741 0.00356536 0.0027875 0.00325768 0.996092 0.995439 0.996346
0.00348166 0.994188 0.00371201 0.992814 0.00341303 0.00312688 0.993307 0.00345673 0.0036302 0.994388 0.992589 0.00367356 0.995097 0.995416 0.00318609 0.99471 0.00315551 0.994516 0.00359636 0.993614 0.995256 0.995973 0.00390053 0.992926 0.995286 0.995131 0.993843 0.00275462 0.994515 0.994473 0.994478 0.994468 0.993436 0.00301779 0.993388 0.995118 0.993611 0.00308489 0.99493 0.992811 0.00308279 0.995972 0.00300059 0.995187 0.993342 0.994056 0.994969 0.995134 0.993185 0.995476 0.995153 0.00274932 0.997022 0.995097 0.00332228 0.00322282 0.0034698 0.00339336 0.00259702 0.994626 0.995476 0.00310638 0.00361419 0.00305404 0.00328774 0.00325134 0.00324483 0.00364815 0.00392289 0.00370598 0.995169 0.9958 0.993789 0.994595 0.00365486 0.00331151 0.00261313 0.996632 0.00305181 0.00271 0.00340627 0.00341854 0.00292803 0.996575 0.997022 0.00338774 0.00354916 0.00270481 0.996389 0.00331165 0.0034489 0.0026915 0.00311266 0.00259678 0.00355581 0.00278679 0.00325191 0.996111 0.99546 0.996352
0.00346859 0.994199 0.00369989 0.992827 0.00340314 0.00311625 0.993323 0.00344108 0.00361777 0.994398 0.992614 0.00365732 0.99511 0.995417 0.00317854 0.994719 0.00314604 0.994518 0.00358322 0.993615 0.995256 0.99597 0.00388103 0.992938 0.995286 0.995132 0.993847 0.00275299 0.994516 0.99449 0.994486 0.994476 0.993456 0.00301258 0.993399 0.995134 0.993613 0.00307789 0.994936 0.992825 0.00307401 0.995979 0.00299369 0.995196 0.993342 0.994071 0.994991 0.995141 0.993197 0.995495 0.995178 0.00275058 0.997028 0.995122 0.00331805 0.00321656 0.00346334 0.00338655 0.00259714 0.994653 0.995485 0.00309932 0.00360154 0.00305417 0.00327695 0.00324609 0.0032392 0.0036365 0.00390557 0.00369437 0.995179 0.995797 0.993802 0.994621 0.00364449 0.00330535 0.0026124 0.996644 0.00305124 0.00271016 0.0034011 0.00341148 0.00292695 0.996586 0.997028 0.00338282 0.00353631 0.0027049 0.996407 0.00330366 0.00344311 0.00269105 0.00310613 0.00259644 0.00354627 0.0027861 0.00324644 0.99613 0.995481 0.996357
0.00345581 0.994209 0.00368737 0.992839 0.00339217 0.00310612 0.993337 0.00342497 0.00360676 0.994408 0.992638 0.0036409 0.995124 0.995417 0.00317103 0.994728 0.00313646 0.99452 0.00357086 0.993617 0.995255 0.995967 0.00386375 0.99295 0.995286 0.995132 0.993851 0.0027511 0.994518 0.994507 0.994493 0.994485 0.993477 0.00300745 0.99341 0.995149 0.993614 0.00307131 0.994942 0.992837 0.00306482 0.995985 0.00298717 0.995204 0.993343 0.994086 0.995013 0.99515 0.993208 0.995513 0.995203 0.00275177 0.997034 0.995146 0.00331453 0.00321023 0.00345688 0.00337926 0.00259712 0.994678 0.995493 0.00309269 0.00358831 0.00305435 0.00326514 0.00324034 0.00323377 0.00362408 0.00388767 0.00368357 0.99519 0.995793 0.993813 0.994648 0.00363451 0.00329874 0.00261137 0.996656 0.00305085 0.00270999 0.00339534 0.00340477 0.00292609 0.996596 0.997034 0.00337742 0.00352506 0.0027045 0.996425 0.00329556 0.0034377 0.00269117 0.00309976 0.00259633 0.00353657 0.00278553 0.00324081 0.996149 0.995501 0.996363
0.00344278 0.994221 0.00367553 0.992851 0.00338244 0.00309613 0.993352 0.00340973 0.00359509 0.994418 0.992662 0.00362484 0.995138 0.995417 0.00316335 0.994737 0.00312711 0.994521 0.00355823 0.993619 0.995255 0.995965 0.0038449 0.992961 0.995287 0.995132 0.993854 0.00274941 0.994519 0.994523 0.994501 0.994493 0.993497 0.00300249 0.993421 0.995164 0.993616 0.00306423 0.994948 0.992851 0.00305634 0.99599 0.00298101 0.995213 0.993343 0.9941 0.995034 0.995157 0.993219 0.99553 0.995228 0.00275262 0.997039 0.99517 0.00331075 0.00320458 0.00345052 0.00337244 0.00259694 0.994703 0.995501 0.00308607 0.00357533 0.00305424 0.00325435 0.00323467 0.00322895 0.00361196 0.00386972 0.00367213 0.995202 0.99579 0.993824 0.994673 0.00362427 0.00329229 0.00261019 0.996669 0.00305073 0.0027107 0.00339095 0.00339852 0.00292519 0.996607 0.997041 0.00337236 0.00351309 0.00270433 0.996443 0.0032889 0.00343196 0.00269109 0.00309345 0.0025959 0.00352756 0.00278481 0.00323485 0.996168 0.995522 0.996369
0.00343058 0.994232 0.00366426 0.992864 0.00337318 0.00308609 0.993365 0.00339422 0.0035846 0.994429 0.992686 0.00360907 0.995152 0.995417 0.00315525 0.994747 0.00311772 0.994522 0.0035463 0.99362 0.995255 0.995964 0.00382629 0.992972 0.995287 0.995133 0.993857 0.00274741 0.994522 0.994539 0.994509 0.994501 0.993516 0.00299768 0.993431 0.995179 0.993617 0.00305747 0.994954 0.992862 0.00304771 0.995996 0.00297494 0.995222 0.993343 0.994116 0.995055 0.995164 0.993229 0.995548 0.995252 0.00275353 0.997046 0.995193 0.00330708 0.00319804 0.00344451 0.00336507 0.00259696 0.994728 0.99551 0.00307962 0.00356237 0.00305403 0.00324371 0.00322955 0.00322345 0.00360059 0.00385317 0.00366136 0.995213 0.995786 0.993836 0.994699 0.00361435 0.00328661 0.00260978 0.99668 0.00305052 0.00271127 0.00338604 0.00339145 0.00292416 0.996618 0.997046 0.00336714 0.00350222 0.00270391 0.996461 0.0032817 0.00342638 0.00269084 0.00308684 0.00259535 0.00351865 0.0027842 0.00322966 0.996186 0.995542 0.996375
0.00341845 0.994242 0.00365189 0.992876 0.00336438 0.00307677 0.993379 0.00337897 0.00357321 0.994439 0.992708 0.00359414 0.995166 0.995417 0.00314842 0.994756 0.00310819 0.994523 0.00353399 0.993622 0.995253 0.995962 0.00380804 0.992983 0.995287 0.995134 0.993861 0.00274537 0.994523 0.994554 0.994517 0.99451 0.993535 0.00299308 0.993443 0.995194 0.993618 0.00305063 0.994961 0.992875 0.00303972 0.996002 0.00296897 0.99523 0.993341 0.994131 0.995075 0.995172 0.99324 0.995565 0.995276 0.00275461 0.997052 0.995216 0.0033034 0.0031921 0.00343838 0.00335829 0.00259711 0.994752 0.995518 0.00307324 0.00354979 0.0030542 0.00323313 0.00322477 0.00321809 0.00358874 0.0038362 0.00364963 0.995225 0.995783 0.993847 0.994723 0.00360435 0.00328101 0.00260846 0.996692 0.00305041 0.00271164 0.00338034 0.00338449 0.00292317 0.996628 0.997052 0.00336198 0.00349103 0.00270367 0.996478 0.00327409 0.00342136 0.00269043 0.00308091 0.00259504 0.00350935 0.00278336 0.00322407 0.996204 0.995562 0.996381
0.00340584 0.994252 0.0036402 0.992887 0.00335487 0.00306749 0.993391 0.00336331 0.00356202 0.994449 0.992731 0.00357912 0.995179 0.995415 0.00314123 0.994765 0.00309841 0.994526 0.00352156 0.993623 0.995253 0.995959 0.00379043 0.992995 0.995287 0.995134 0.993865 0.00274399 0.994525 0.99457 0.994524 0.994518 0.993555 0.00298826 0.993453 0.995208 0.99362 0.00304392 0.994967 0.992886 0.00303149 0.996008 0.00296294 0.995239 0.993342 0.994145 0.995095 0.99518 0.993251 0.995582 0.9953 0.00275557 0.997058 0.995238 0.00329946 0.00318675 0.00343208 0.00335078 0.00259689 0.994774 0.995527 0.00306648 0.00353755 0.00305408 0.00322222 0.0032196 0.00321251 0.00357778 0.00381956 0.00363852 0.995235 0.995779 0.993858 0.994749 0.00359459 0.00327529 0.00260751 0.996705 0.00305034 0.00271181 0.00337512 0.00337759 0.00292244 0.996638 0.997058 0.0033568 0.00347968 0.00270327 0.996495 0.00326695 0.00341602 0.00268997 0.003075 0.00259465 0.00350021 0.00278294 0.00321917 0.996222 0.995582 0.996386
0.00339411 0.994261 0.0036288 0.992899 0.00334562 0.00305735 0.993405 0.00334862 0.00355116 0.994459 0.992753 0.00356357 0.995193 0.995416 0.00313415 0.994773 0.00308972 0.994527 0.00350913 0.993625 0.995253 0.995957 0.00377316 0.993005 0.995287 0.995134 0.993868 0.00274205 0.994526 0.994586 0.994532 0.994527 0.993575 0.00298352 0.993464 0.995223 0.993621 0.00303793 0.994973 0.992898 0.00302327 0.996014 0.0029569 0.995247 0.993344 0.99416 0.995114 0.995187 0.993261 0.995599 0.995323 0.00275658 0.997063 0.995261 0.00329523 0.00318062 0.00342638 0.00334391 0.00259654 0.994797 0.995535 0.00305974 0.00352515 0.00305372 0.00321149 0.00321463 0.00320768 0.00356681 0.00380372 0.00362788 0.995245 0.995776 0.993868 0.994772 0.00358498 0.00326942 0.00260692 0.996716 0.00305019 0.00271199 0.00336929 0.00337106 0.00292114 0.996649 0.997064 0.00335171 0.00346907 0.00270278 0.996512 0.00326032 0.0034105 0.00268922 0.00306833 0.00259414 0.00349129 0.0027825 0.00321383 0.996239 0.995602 0.996391
0.00338242 0.994272 0.00361683 0.992911 0.00333675 0.00304847 0.993417 0.00333398 0.00354105 0.994469 0.992776 0.0035487 0.995205 0.995415 0.00312664 0.994782 0.00308095 0.994528 0.00349686 0.993625 0.995252 0.995955 0.00375623 0.993016 0.995287 0.995134 0.993871 0.00274003 0.994528 0.994601 0.99454 0.994535 0.993593 0.00297892 0.993474 0.995238 0.993622 0.00303141 0.994978 0.99291 0.0030153 0.99602 0.0029514 0.995255 0.993344 0.994174 0.995132 0.995193 0.993272 0.995616 0.995346 0.00275749 0.997069 0.995282 0.00329162 0.00317471 0.00342029 0.00333715 0.00259636 0.99482 0.995542 0.00305275 0.00351287 0.00305385 0.00320095 0.00320926 0.00320243 0.00355621 0.00378786 0.00361781 0.995255 0.995773 0.993878 0.994796 0.00357479 0.00326367 0.00260604 0.996728 0.00304971 0.0027121 0.00336421 0.00336449 0.00292029 0.996658 0.997069 0.00334712 0.00345837 0.00270231 0.996529 0.00325292 0.00340563 0.00268878 0.00306276 0.00259372 0.00348222 0.00278184 0.00320897 0.996256 0.995621 0.996397
0.00337103 0.994281 0.00360544 0.992923 0.00332783 0.00303946 0.99343 0.00331919 0.00353094 0.994479 0.992797 0.00353491 0.995218 0.995415 0.00311999 0.99479 0.00307238 0.994529 0.00348441 0.993627 0.995251 0.995953 0.00373966 0.993027 0.995287 0.995135 0.993875 0.00273858 0.994528 0.994616 0.994547 0.994543 0.993611 0.00297475 0.993483 0.995251 0.993624 0.00302514 0.994985 0.992921 0.00300742 0.996026 0.00294491 0.995263 0.993346 0.994188 0.995152 0.995201 0.993283 0.995632 0.995369 0.00275814 0.997075 0.995304 0.00328763 0.00316871 0.00341487 0.00333016 0.00259626 0.994843 0.995551 0.00304603 0.00350096 0.00305378 0.00319077 0.00320399 0.00319729 0.00354565 0.00377191 0.00360651 0.995265 0.99577 0.993888 0.994819 0.00356494 0.00325828 0.00260554 0.996739 0.00304972 0.00271225 0.00335957 0.00335822 0.00292006 0.996668 0.997076 0.00334242 0.00344751 0.0027016 0.996545 0.00324663 0.0034002 0.00268812 0.00305701 0.00259374 0.00347319 0.00278157 0.00320408 0.996273 0.995639 0.996403
0.0033594 0.994291 0.00359472 0.992934 0.00331867 0.00303024 0.993442 0.00330446 0.00352013 0.994487 0.992818 0.00352073 0.995232 0.995415 0.00311308 0.994797 0.00306342 0.994531 0.00347311 0.993628 0.99525 0.995952 0.00372274 0.993038 0.995287 0.995136 0.993878 0.00273659 0.99453 0.99463 0.994555 0.99455 0.99363 0.00297003 0.993493 0.995265 0.993626 0.00301871 0.994989 0.992933 0.00299914 0.996032 0.00293933 0.995271 0.993347 0.9942 0.99517 0.995208 0.993293 0.995649 0.995391 0.00275925 0.997081 0.995326 0.00328423 0.00316396 0.00340885 0.00332369 0.00259583 0.994865 0.995559 0.00303948 0.00348953 0.0030538 0.00318016 0.00319895 0.00319242 0.0035349 0.00375596 0.00359621 0.995276 0.995767 0.993898 0.994842 0.00355504 0.00325271 0.00260496 0.996749 0.00304966 0.00271241 0.00335472 0.00335148 0.00291939 0.996678 0.997081 0.00333724 0.0034374 0.00270119 0.996561 0.0032401 0.00339523 0.00268759 0.00305142 0.0025935 0.00346474 0.00278096 0.00319863 0.996289 0.995658 0.996408
0.00334742 0.9943 0.00358437 0.992947 0.00330996 0.00302055 0.993456 0.0032904 0.00350919 0.994497 0.992839 0.00350628 0.995244 0.995414 0.00310618 0.994804 0.00305521 0.994533 0.00346215 0.99363 0.995249 0.99595 0.00370626 0.993047 0.995287 0.995136 0.99388 0.00273536 0.99453 0.994645 0.994564 0.994557 0.993648 0.00296617 0.993504 0.995279 0.993628 0.00301266 0.994996 0.992944 0.00299196 0.996037 0.00293374 0.995279 0.993347 0.994214 0.99519 0.995216 0.993303 0.995665 0.995413 0.00276007 0.997087 0.995347 0.00328041 0.0031583 0.00340299 0.00331704 0.00259547 0.994888 0.995566 0.00303305 0.00347767 0.00305351 0.00317071 0.00319418 0.00318758 0.00352438 0.00374015 0.00358561 0.995287 0.995765 0.993908 0.994865 0.00354581 0.00324742 0.00260428 0.99676 0.00304942 0.00271298 0.00334969 0.003345 0.00291822 0.996687 0.997086 0.0033328 0.00342729 0.00270076 0.996577 0.00323394 0.00339007 0.00268723 0.00304559 0.00259294 0.00345658 0.0027807 0.00319363 0.996306 0.995676 0.996414
0.00333566 0.99431 0.00357396 0.992958 0.00330124 0.0030112 0.993468 0.00327704 0.00349939 0.994505 0.992859 0.00349252 0.995256 0.995414 0.00309911 0.994813 0.00304726 0.994534 0.00345013 0.993631 0.995248 0.995948 0.00369048 0.993057 0.995288 0.995137 0.993883 0.00273376 0.994533 0.994659 0.994572 0.994565 0.993667 0.00296198 0.993513 0.995292 0.99363 0.00300642 0.995001 0.992957 0.00298384 0.996043 0.00292837 0.995287 0.993346 0.994229 0.995208 0.995222 0.993315 0.99568 0.995434 0.00276112 0.997092 0.995368 0.0032771 0.00315287 0.00339713 0.00331002 0.00259539 0.994911 0.995574 0.00302698 0.0034663 0.00305355 0.00316107 0.00318915 0.00318235 0.00351438 0.00372521 0.00357554 0.995297 0.995761 0.993918 0.994887 0.00353647 0.00324248 0.0026038 0.996771 0.00304962 0.0027131 0.0033448 0.00333896 0.002918 0.996696 0.997092 0.00332843 0.00341666 0.00270011 0.996592 0.00322772 0.00338543 0.00268656 0.00303973 0.00259259 0.0034489 0.00277974 0.0031885 0.996322 0.995695 0.996419
0.00332418 0.99432 0.00356355 0.992969 0.00329266 0.0030018 0.99348 0.00326345 0.00348965 0.994514 0.99288 0.00347879 0.995268 0.995414 0.00309332 0.99482 0.00303884 0.994535 0.00343892 0.993632 0.995247 0.995946 0.00367424 0.993067 0.995288 0.995137 0.993886 0.00273185 0.994535 0.994672 0.994578 0.994573 0.993684 0.00295715 0.993523 0.995305 0.993631 0.00300051 0.995006 0.992968 0.00297609 0.996048 0.00292299 0.995295 0.993346 0.994242 0.995226 0.995229 0.993324 0.995696 0.995454 0.00276176 0.997098 0.995388 0.00327275 0.00314743 0.00339159 0.003303 0.00259497 0.994933 0.995582 0.00302057 0.00345464 0.00305363 0.0031509 0.00318415 0.00317797 0.0035042 0.00371013 0.00356577 0.995306 0.995758 0.993928 0.994908 0.00352713 0.00323702 0.00260297 0.996782 0.00304918 0.00271348 0.00333974 0.00333302 0.00291689 0.996706 0.997097 0.00332333 0.00340628 0.00270009 0.996608 0.00322168 0.0033802 0.00268634 0.00303384 0.00259238 0.00344058 0.00277867 0.00318379 0.996338 0.995713 0.996423
0.00331315 0.994329 0.00355258 0.992979 0.00328445 0.00299254 0.993493 0.00324977 0.00348 0.994523 0.992901 0.00346489 0.99528 0.995414 0.00308668 0.994827 0.00303048 0.994538 0.00342701 0.993634 0.995245 0.995944 0.00365845 0.993076 0.995288 0.995138 0.993889 0.00273052 0.994536 0.994687 0.994584 0.99458 0.993702 0.00295279 0.993532 0.995318 0.993633 0.00299488 0.995012 0.992978 0.0029686 0.996053 0.00291711 0.995303 0.993346 0.994256 0.995243 0.995236 0.993333 0.995712 0.995475 0.0027632 0.997103 0.995408 0.00326941 0.00314214 0.00338664 0.00329658 0.00259447 0.994954 0.99559 0.00301468 0.00344407 0.00305374 0.00314076 0.00317968 0.0031729 0.00349481 0.00369523 0.00355622 0.995316 0.995756 0.993937 0.99493 0.00351769 0.00323176 0.0026023 0.996791 0.003049 0.00271355 0.00333515 0.00332682 0.00291639 0.996715 0.997102 0.00331906 0.0033956 0.00269977 0.996624 0.0032158 0.00337515 0.00268626 0.00302803 0.00259201 0.00343282 0.00277824 0.00317879 0.996353 0.99573 0.996428
0.00330219 0.994338 0.00354234 0.99299 0.00327641 0.00298398 0.993505 0.00323637 0.00347025 0.994532 0.992921 0.00345135 0.995292 0.995414 0.00307987 0.994836 0.00302159 0.994539 0.00341587 0.993635 0.995244 0.995942 0.00364278 0.993085 0.995288 0.995139 0.993892 0.00272889 0.994538 0.994701 0.994591 0.994588 0.99372 0.00294879 0.993541 0.995331 0.993633 0.00298867 0.995018 0.992988 0.00296159 0.996058 0.00291142 0.995311 0.993346 0.99427 0.995261 0.995244 0.993342 0.995727 0.995497 0.00276417 0.997109 0.995427 0.00326551 0.00313666 0.00338013 0.00329009 0.00259392 0.994977 0.995597 0.00300887 0.00343328 0.00305382 0.00313129 0.00317493 0.00316846 0.0034845 0.00368047 0.00354654 0.995326 0.995754 0.993947 0.994952 0.00350885 0.00322664 0.00260141 0.996802 0.00304859 0.0027138 0.00333027 0.00332032 0.00291585 0.996723 0.997107 0.00331481 0.00338591 0.00269944 0.996639 0.00320927 0.00336985 0.00268643 0.00302271 0.00259132 0.00342461 0.00277799 0.00317356 0.996369 0.995748 0.996433
0.00329185 0.994348 0.00353233 0.993 0.00326788 0.00297546 0.993518 0.00322306 0.00346135 0.994541 0.992941 0.00343779 0.995304 0.995414 0.00307349 0.994843 0.00301349 0.99454 0.00340463 0.993636 0.995244 0.99594 0.00362693 0.993095 0.995289 0.995139 0.993895 0.00272715 0.99454 0.994715 0.994598 0.994594 0.993737 0.00294457 0.99355 0.995344 0.993634 0.00298285 0.995024 0.992999 0.00295424 0.996064 0.002906 0.995318 0.993346 0.994283 0.995279 0.99525 0.993351 0.995741 0.995516 0.00276506 0.997114 0.995447 0.00326157 0.00313108 0.00337387 0.00328352 0.00259353 0.994997 0.995604 0.00300267 0.00342233 0.00305322 0.00312219 0.00316986 0.00316361 0.00347474 0.00366639 0.0035367 0.995335 0.99575 0.993955 0.994972 0.0035006 0.00322152 0.00260046 0.996813 0.00304845 0.00271424 0.00332572 0.00331451 0.00291508 0.996732 0.997112 0.00331098 0.00337705 0.00269955 0.996654 0.00320296 0.00336461 0.00268611 0.00301738 0.002591 0.00341681 0.00277704 0.0031685 0.996384 0.995765 0.996439
0.00328174 0.994357 0.00352264 0.993011 0.0032599 0.00296688 0.993531 0.00321027 0.00345137 0.99455 0.992961 0.00342483 0.995315 0.995413 0.00306697 0.994851 0.00300512 0.99454 0.00339405 0.993636 0.995243 0.995938 0.00361284 0.993105 0.99529 0.995141 0.993898 0.00272548 0.994541 0.994729 0.994606 0.994601 0.993755 0.00294048 0.993559 0.995356 0.993635 0.00297741 0.99503 0.99301 0.00294683 0.996069 0.00290045 0.995325 0.993347 0.994295 0.995295 0.995257 0.99336 0.995756 0.995536 0.00276562 0.997119 0.995467 0.00325807 0.00312557 0.00336819 0.00327727 0.00259315 0.995017 0.995611 0.00299705 0.00341135 0.00305321 0.00311256 0.00316547 0.00315838 0.00346456 0.00365189 0.00352708 0.995344 0.995747 0.993964 0.994993 0.00349178 0.00321587 0.00259996 0.996823 0.00304864 0.00271443 0.0033216 0.00330845 0.00291445 0.99674 0.997118 0.00330682 0.0033673 0.00269912 0.996669 0.00319664 0.00335972 0.00268555 0.00301175 0.00259112 0.00340894 0.00277639 0.00316356 0.996399 0.995782 0.996443
0.00327144 0.994366 0.00351222 0.993021 0.00325129 0.00295833 0.993543 0.00319757 0.00344207 0.994559 0.992981 0.00341215 0.995327 0.995413 0.0030602 0.994859 0.00299662 0.994541 0.00338333 0.993638 0.995242 0.995936 0.00359787 0.993115 0.995289 0.995141 0.9939 0.00272434 0.994542 0.994742 0.994613 0.994609 0.993772 0.00293634 0.993569 0.995369 0.993638 0.0029717 0.995036 0.99302 0.00293935 0.996075 0.00289522 0.995333 0.993348 0.994308 0.995312 0.995264 0.993369 0.995771 0.995555 0.00276655 0.997124 0.995487 0.00325429 0.0031202 0.00336322 0.00327123 0.0025923 0.995038 0.995618 0.00299144 0.00340042 0.00305291 0.00310335 0.00316115 0.00315357 0.00345517 0.00363778 0.0035174 0.995354 0.995744 0.993972 0.995014 0.00348385 0.00321008 0.00259917 0.996832 0.00304893 0.00271483 0.00331783 0.00330225 0.00291365 0.99675 0.997123 0.00330241 0.00335797 0.00269898 0.996683 0.00319083 0.00335486 0.00268517 0.0030065 0.00259118 0.00340103 0.00277498 0.00315856 0.996415 0.995798 0.996448
0.00326083 0.994374 0.00350248 0.993032 0.00324364 0.00294999 0.993554 0.00318558 0.0034331 0.994568 0.992999 0.00339937 0.995338 0.995413 0.00305345 0.994865 0.00298818 0.994542 0.00337263 0.99364 0.995241 0.995934 0.00358334 0.993126 0.995289 0.995141 0.993904 0.00272275 0.994544 0.994757 0.99462 0.994616 0.993789 0.0029326 0.993579 0.995381 0.993638 0.00296645 0.995041 0.99303 0.00293214 0.99608 0.00289 0.99534 0.993349 0.99432 0.995327 0.995271 0.993378 0.995784 0.995575 0.00276724 0.99713 0.995505 0.00325076 0.0031151 0.00335847 0.0032654 0.00259176 0.995059 0.995625 0.00298573 0.00338927 0.0030527 0.00309395 0.00315652 0.00314869 0.00344566 0.00362387 0.00350809 0.995364 0.995742 0.993983 0.995034 0.00347514 0.00320491 0.00259858 0.996842 0.00304885 0.00271484 0.00331308 0.00329626 0.00291295 0.996758 0.997128 0.00329822 0.00334875 0.00269832 0.996697 0.00318429 0.00335027 0.00268461 0.00300121 0.00259133 0.00339322 0.00277461 0.0031537 0.99643 0.995815 0.996453
0.00325085 0.994383 0.00349206 0.993041 0.00323553 0.00294231 0.993565 0.00317343 0.00342413 0.994577 0.993019 0.00338725 0.995349 0.995412 0.00304755 0.994872 0.00298041 0.994543 0.00336178 0.993641 0.99524 0.995933 0.00356883 0.993135 0.995288 0.995141 0.993906 0.00272108 0.994545 0.99477 0.994626 0.994623 0.993805 0.0029293 0.993587 0.995394 0.99364 0.00296143 0.995046 0.99304 0.00292534 0.996085 0.00288448 0.995347 0.99335 0.994332 0.995344 0.995276 0.993387 0.995799 0.995594 0.00276776 0.997135 0.995524 0.00324756 0.00311036 0.00335342 0.00325922 0.00259175 0.995077 0.995632 0.0029803 0.00337876 0.00305213 0.00308529 0.00315179 0.00314421 0.0034365 0.00361041 0.00349921 0.995373 0.995738 0.993992 0.995054 0.00346674 0.00320033 0.00259806 0.996851 0.00304813 0.00271493 0.00330842 0.00329029 0.00291197 0.996767 0.997133 0.00329351 0.00333942 0.00269809 0.996712 0.00317839 0.00334593 0.0026842 0.00299588 0.00259072 0.00338561 0.00277418 0.00314896 0.996444 0.995831 0.996458
0.00324094 0.994392 0.00348191 0.993053 0.00322708 0.00293417 0.993577 0.00316056 0.00341528 0.994585 0.993037 0.00337532 0.99536 0.995412 0.00304181 0.99488 0.00297298 0.994544 0.00335084 0.993643 0.99524 0.995931 0.00355432 0.993145 0.995289 0.995142 0.993909 0.00271921 0.994545 0.994782 0.994633 0.994629 0.993821 0.00292532 0.993597 0.995406 0.993642 0.00295603 0.99505 0.993052 0.00291833 0.99609 0.00287949 0.995354 0.993351 0.994344 0.995359 0.995283 0.993396 0.995812 0.995613 0.00276853 0.99714 0.995542 0.00324373 0.00310512 0.00334844 0.00325351 0.00259167 0.995097 0.995639 0.00297512 0.00336885 0.00305187 0.00307683 0.00314747 0.00313983 0.00342697 0.00359701 0.00349021 0.995383 0.995735 0.994 0.995074 0.0034592 0.00319536 0.00259782 0.996861 0.00304823 0.00271545 0.00330426 0.0032847 0.00291137 0.996775 0.997138 0.00328913 0.00332984 0.00269739 0.996725 0.00317272 0.00334116 0.00268378 0.00299053 0.00259033 0.00337798 0.00277355 0.00314381 0.996458 0.995847 0.996463
0.00323131 0.994399 0.00347248 0.993063 0.00321945 0.00292622 0.993588 0.00314804 0.00340607 0.994594 0.993057 0.00336294 0.99537 0.995412 0.00303589 0.994888 0.00296511 0.994545 0.00334066 0.993645 0.99524 0.99593 0.00354001 0.993154 0.995288 0.995143 0.993911 0.00271787 0.994547 0.994796 0.994639 0.994635 0.993837 0.00292138 0.993606 0.995419 0.993643 0.00295121 0.995055 0.993062 0.00291184 0.996095 0.00287467 0.995361 0.993352 0.994356 0.995375 0.995288 0.993404 0.995826 0.995632 0.00276862 0.997144 0.995559 0.0032403 0.00310011 0.00334348 0.00324754 0.00259142 0.995117 0.995646 0.00297014 0.00335901 0.00305186 0.00306817 0.00314371 0.00313474 0.00341706 0.00358359 0.00348084 0.995392 0.995733 0.99401 0.995094 0.00345126 0.00318976 0.00259702 0.99687 0.003048 0.00271584 0.00330017 0.00327883 0.00291048 0.996783 0.997143 0.00328497 0.00332096 0.002697 0.996739 0.00316711 0.00333693 0.00268398 0.00298528 0.00259053 0.00337077 0.00277299 0.00313934 0.996473 0.995861 0.996467
0.00322173 0.994407 0.00346315 0.993072 0.00321141 0.00291847 0.993599 0.0031357 0.00339787 0.994603 0.993074 0.00335074 0.995381 0.995411 0.00302942 0.994895 0.00295747 0.994546 0.00333131 0.993646 0.995239 0.995928 0.00352604 0.993164 0.995288 0.995145 0.993914 0.00271621 0.994548 0.994809 0.994645 0.994641 0.993853 0.00291771 0.993614 0.99543 0.993645 0.00294546 0.995059 0.993072 0.00290558 0.9961 0.00286977 0.995368 0.993352 0.994368 0.995391 0.995295 0.993412 0.99584 0.99565 0.00276928 0.997149 0.995577 0.00323679 0.00309498 0.00333834 0.00324132 0.00259113 0.995136 0.995653 0.0029641 0.00334931 0.00305149 0.0030589 0.00313917 0.00313071 0.00340722 0.00357067 0.00347192 0.9954 0.99573 0.994019 0.995114 0.00344398 0.00318499 0.00259593 0.996879 0.00304821 0.00271547 0.00329674 0.00327304 0.00290975 0.996791 0.997148 0.00328097 0.00331214 0.00269665 0.996753 0.00316189 0.00333261 0.00268356 0.00298005 0.00259015 0.0033639 0.00277242 0.00313482 0.996486 0.995876 0.996472
0.0032121 0.994415 0.00345375 0.993083 0.00320391 0.00291128 0.99361 0.00312404 0.00338846 0.99461 0.993093 0.00333968 0.995392 0.995411 0.00302342 0.994902 0.00294994 0.994547 0.00332188 0.993648 0.995238 0.995926 0.00351195 0.993173 0.995288 0.995145 0.993917 0.00271462 0.994548 0.994821 0.994653 0.994647 0.993869 0.00291347 0.993623 0.995442 0.993646 0.0029406 0.995064 0.993081 0.0028988 0.996106 0.00286463 0.995374 0.993352 0.99438 0.995406 0.995301 0.993421 0.995854 0.995668 0.0027702 0.997154 0.995595 0.0032336 0.00308995 0.00333317 0.003235 0.00259039 0.995156 0.995659 0.00295883 0.00333936 0.00305089 0.00305032 0.00313481 0.00312577 0.00339866 0.00355753 0.00346348 0.99541 0.995728 0.994029 0.995132 0.0034364 0.0031804 0.00259532 0.996889 0.00304784 0.00271574 0.00329255 0.00326771 0.00290961 0.996799 0.997152 0.00327675 0.00330363 0.00269665 0.996766 0.0031569 0.00332775 0.00268347 0.00297526 0.00258986 0.00335674 0.00277183 0.00313065 0.9965 0.995892 0.996477
0.00320242 0.994424 0.00344443 0.993094 0.00319688 0.00290387 0.993621 0.00311261 0.00338036 0.994618 0.993111 0.00332821 0.995402 0.995411 0.00301747 0.99491 0.00294263 0.994549 0.00331224 0.99365 0.995238 0.995924 0.00349801 0.993182 0.995289 0.995147 0.99392 0.00271343 0.994549 0.994834 0.994659 0.994654 0.993884 0.00290948 0.993631 0.995454 0.993648 0.00293497 0.995068 0.993092 0.00289221 0.996111 0.00286011 0.995382 0.993351 0.994391 0.995421 0.995307 0.993429 0.995868 0.995686 0.00277095 0.997159 0.995612 0.00323047 0.0030857 0.00332792 0.00322896 0.0025901 0.995174 0.995666 0.00295364 0.00332975 0.00305041 0.00304164 0.00313054 0.00312111 0.00338922 0.00354398 0.00345482 0.995419 0.995725 0.994037 0.995151 0.00342825 0.00317549 0.00259472 0.996898 0.00304738 0.00271594 0.00328857 0.0032617 0.0029093 0.996807 0.997157 0.00327354 0.00329506 0.00269619 0.99678 0.0031513 0.00332333 0.00268329 0.00297064 0.00258994 0.00334956 0.00277134 0.00312598 0.996514 0.995906 0.996482
0.00319257 0.994432 0.00343559 0.993104 0.00318968 0.00289617 0.993632 0.00310099 0.003372 0.994626 0.993128 0.00331667 0.995413 0.995411 0.0030115 0.994917 0.00293539 0.994549 0.00330275 0.993651 0.995237 0.995922 0.0034848 0.993191 0.995288 0.995148 0.993923 0.00271223 0.994551 0.994846 0.994666 0.994661 0.993899 0.00290553 0.99364 0.995465 0.99365 0.00292969 0.995072 0.993102 0.00288608 0.996116 0.00285552 0.995389 0.993352 0.994403 0.995436 0.995313 0.993436 0.995881 0.995704 0.00277148 0.997163 0.995629 0.00322709 0.00308109 0.00332398 0.00322297 0.00259011 0.995193 0.995672 0.00294856 0.00332033 0.00304955 0.00303331 0.00312664 0.00311711 0.00338083 0.00353187 0.0034461 0.995427 0.995723 0.994045 0.99517 0.00342084 0.00317116 0.00259441 0.996907 0.00304709 0.00271656 0.00328454 0.00325656 0.00290839 0.996815 0.997162 0.00326953 0.00328668 0.00269617 0.996793 0.00314614 0.0033188 0.00268272 0.0029657 0.00259006 0.00334259 0.00277057 0.00312167 0.996527 0.995921 0.996487
0.00318365 0.99444 0.0034269 0.993113 0.00318282 0.00288876 0.993642 0.00308919 0.00336397 0.994635 0.993144 0.00330516 0.995422 0.995411 0.00300531 0.994925 0.00292849 0.99455 0.00329312 0.993652 0.995237 0.99592 0.00347185 0.993201 0.995289 0.995148 0.993927 0.00271091 0.994552 0.994859 0.994672 0.994668 0.993914 0.00290196 0.993648 0.995477 0.99365 0.00292485 0.995077 0.993112 0.00287964 0.996121 0.00285006 0.995396 0.993354 0.994414 0.995451 0.99532 0.993445 0.995894 0.995721 0.00277236 0.997168 0.995647 0.00322367 0.00307684 0.00331931 0.00321764 0.00258995 0.995212 0.995679 0.00294325 0.00331044 0.00304949 0.00302556 0.00312239 0.00311349 0.00337189 0.00351923 0.00343717 0.995436 0.99572 0.994054 0.995188 0.00341334 0.00316644 0.0025939 0.996916 0.00304662 0.00271659 0.00328112 0.00325093 0.00290774 0.996823 0.997166 0.00326622 0.00327785 0.00269617 0.996806 0.00314025 0.00331405 0.00268212 0.0029611 0.00258986 0.00333536 0.00277046 0.00311761 0.99654 0.995936 0.996492
0.00317421 0.994448 0.00341758 0.993122 0.0031756 0.00288121 0.993653 0.00307799 0.00335559 0.994642 0.993162 0.00329401 0.995433 0.995411 0.00299971 0.994931 0.00292172 0.99455 0.00328403 0.993652 0.995236 0.995917 0.00345905 0.993209 0.99529 0.995148 0.993929 0.00270939 0.994554 0.99487 0.994678 0.994675 0.99393 0.0028982 0.993656 0.995488 0.993651 0.00291967 0.995082 0.99312 0.00287291 0.996125 0.00284558 0.995402 0.993354 0.994426 0.995465 0.995327 0.993453 0.995906 0.995738 0.002773 0.997172 0.995664 0.00322103 0.00307224 0.00331492 0.00321232 0.00259 0.995229 0.995686 0.00293838 0.00330162 0.00304959 0.00301762 0.003118 0.00310949 0.00336352 0.00350713 0.00342869 0.995445 0.995718 0.994061 0.995207 0.00340551 0.00316221 0.00259346 0.996925 0.00304692 0.00271636 0.00327686 0.00324548 0.00290708 0.996831 0.99717 0.00326235 0.00326969 0.00269592 0.996818 0.0031345 0.00330971 0.00268167 0.00295691 0.00258953 0.00332854 0.0027696 0.00311355 0.996553 0.99595 0.996496
0.00316514 0.994454 0.00340888 0.993131 0.0031684 0.00287356 0.993663 0.00306744 0.00334733 0.994651 0.993178 0.0032829 0.995443 0.99541 0.00299396 0.994938 0.00291473 0.994551 0.00327504 0.993654 0.995235 0.995916 0.00344628 0.993217 0.995289 0.99515 0.993932 0.00270762 0.994554 0.994882 0.994684 0.994681 0.993946 0.00289501 0.993665 0.995499 0.99365 0.00291437 0.995086 0.993129 0.00286722 0.99613 0.00284102 0.995408 0.993353 0.994437 0.995479 0.995332 0.993461 0.995919 0.995756 0.00277356 0.997177 0.99568 0.00321798 0.00306788 0.00331063 0.00320683 0.00258959 0.995247 0.995691 0.00293337 0.00329239 0.00304965 0.00300975 0.00311403 0.00310574 0.0033549 0.00349518 0.00342119 0.995454 0.995715 0.994068 0.995224 0.00339801 0.00315799 0.00259308 0.996934 0.00304663 0.00271675 0.00327297 0.00323985 0.00290648 0.996838 0.997175 0.00325848 0.00326117 0.0026955 0.996831 0.00312938 0.00330572 0.00268125 0.00295247 0.0025895 0.00332153 0.002769 0.00310938 0.996566 0.995964 0.9965
0.00315667 0.994462 0.00340022 0.993141 0.00316106 0.00286632 0.993673 0.00305683 0.00333929 0.994659 0.993194 0.00327218 0.995452 0.99541 0.00298881 0.994945 0.00290801 0.994552 0.00326664 0.993654 0.995235 0.995915 0.00343336 0.993226 0.995289 0.99515 0.993934 0.00270618 0.994556 0.994893 0.99469 0.994687 0.99396 0.00289126 0.993672 0.995509 0.993651 0.00290985 0.995091 0.993139 0.00286179 0.996134 0.00283664 0.995415 0.993354 0.994448 0.995493 0.995338 0.993469 0.995932 0.995773 0.00277418 0.997181 0.995696 0.00321523 0.00306382 0.0033068 0.00320126 0.0025895 0.995265 0.995697 0.00292799 0.00328376 0.00304992 0.00300201 0.00310998 0.00310162 0.00334637 0.003483 0.0034137 0.995462 0.995713 0.994077 0.995241 0.00339183 0.00315307 0.00259248 0.996943 0.00304652 0.00271725 0.00326869 0.00323519 0.00290588 0.996846 0.997179 0.00325498 0.00325298 0.002695 0.996843 0.00312361 0.00330183 0.00268095 0.00294827 0.00258951 0.00331523 0.00276829 0.00310564 0.996579 0.995978 0.996505
0.00314723 0.99447 0.00339121 0.993151 0.00315469 0.00285873 0.993683 0.00304603 0.00333138 0.994666 0.99321 0.00326193 0.995462 0.99541 0.00298331 0.994951 0.0029009 0.994553 0.00325798 0.993654 0.995233 0.995912 0.00342112 0.993235 0.995289 0.995149 0.993937 0.00270485 0.994557 0.994904 0.994696 0.994693 0.993973 0.00288752 0.993681 0.99552 0.993653 0.00290533 0.995096 0.993149 0.00285549 0.996139 0.0028326 0.995421 0.993354 0.99446 0.995508 0.995344 0.993477 0.995944 0.995789 0.00277474 0.997186 0.995712 0.00321204 0.00305944 0.00330245 0.00319578 0.00258933 0.995282 0.995702 0.0029231 0.00327465 0.00304924 0.00299435 0.0031066 0.00309779 0.0033376 0.00347168 0.00340523 0.995471 0.995709 0.994085 0.995258 0.00338454 0.00314797 0.00259176 0.996951 0.00304657 0.00271782 0.00326488 0.00323028 0.0029057 0.996854 0.997184 0.00325159 0.00324498 0.00269463 0.996856 0.00311882 0.00329789 0.0026808 0.00294397 0.00258982 0.00330854 0.00276791 0.00310181 0.996592 0.995992 0.996508
0.00313833 0.994477 0.00338281 0.993161 0.00314782 0.00285136 0.993694 0.00303541 0.00332342 0.994673 0.993228 0.00325089 0.99547 0.99541 0.00297786 0.994957 0.0028949 0.994555 0.00324931 0.993656 0.995233 0.995911 0.0034086 0.993242 0.99529 0.99515 0.99394 0.00270388 0.994558 0.994915 0.994702 0.9947 0.993987 0.00288423 0.993689 0.995531 0.993654 0.00290022 0.995101 0.993159 0.00284983 0.996144 0.00282815 0.995427 0.993353 0.99447 0.995522 0.995349 0.993486 0.995956 0.995805 0.00277554 0.99719 0.995728 0.00320921 0.00305519 0.00329827 0.00319074 0.00258934 0.995299 0.995708 0.00291839 0.00326607 0.00304861 0.00298647 0.00310278 0.00309452 0.00332942 0.00345965 0.00339731 0.995479 0.995707 0.994092 0.995276 0.00337832 0.00314338 0.00259139 0.996959 0.00304647 0.00271805 0.00326165 0.00322557 0.00290556 0.996861 0.997188 0.00324738 0.00323649 0.00269429 0.996868 0.00311347 0.00329412 0.00268046 0.00293911 0.00258966 0.00330206 0.00276782 0.00309811 0.996604 0.996005 0.996513
0.00312929 0.994484 0.00337464 0.99317 0.00314136 0.00284441 0.993703 0.00302524 0.00331534 0.994681 0.993244 0.00324033 0.99548 0.99541 0.00297202 0.994964 0.00288873 0.994556 0.00324078 0.993656 0.995232 0.995909 0.00339617 0.99325 0.99529 0.995151 0.993943 0.00270244 0.99456 0.994926 0.994708 0.994706 0.994002 0.00288079 0.993697 0.995543 0.993655 0.00289534 0.995105 0.993168 0.00284365 0.996148 0.00282397 0.995433 0.993354 0.994481 0.995536 0.995355 0.993494 0.995969 0.995821 0.00277676 0.997194 0.995744 0.00320572 0.00305084 0.00329349 0.00318523 0.00258961 0.995315 0.995714 0.00291396 0.00325707 0.00304899 0.00297899 0.00309851 0.00309083 0.00332152 0.00344767 0.00338922 0.995487 0.995705 0.9941 0.995293 0.00337143 0.003139 0.00259086 0.996966 0.00304659 0.00271773 0.00325843 0.00322075 0.00290493 0.996869 0.997192 0.0032436 0.00322791 0.00269403 0.99688 0.00310836 0.00329079 0.0026804 0.00293478 0.00258931 0.0032957 0.00276731 0.00309386 0.996616 0.996018 0.996517
0.00312057 0.994492 0.00336582 0.99318 0.00313473 0.00283792 0.993713 0.00301485 0.00330752 0.994688 0.993261 0.00323026 0.995489 0.99541 0.00296702 0.99497 0.00288205 0.994557 0.00323288 0.993658 0.995232 0.995907 0.00338428 0.993258 0.995291 0.995151 0.993944 0.00270104 0.994561 0.994937 0.994714 0.994712 0.994016 0.00287709 0.993705 0.995553 0.993656 0.00289126 0.99511 0.993177 0.00283757 0.996152 0.00281974 0.99544 0.993354 0.994491 0.995549 0.995361 0.993501 0.99598 0.995837 0.00277749 0.997198 0.995758 0.00320311 0.00304644 0.00328872 0.00318027 0.00258968 0.995331 0.995721 0.00290956 0.00324891 0.0030487 0.00297121 0.0030948 0.00308667 0.00331422 0.00343599 0.00338147 0.995495 0.995702 0.994108 0.99531 0.00336466 0.00313516 0.0025898 0.996974 0.00304638 0.00271778 0.00325501 0.00321584 0.00290423 0.996876 0.997197 0.00324021 0.00322016 0.00269381 0.996891 0.00310345 0.003287 0.0026804 0.00293073 0.00258927 0.00328949 0.00276675 0.0030902 0.996628 0.996032 0.996521
0.00311179 0.9945 0.0033577 0.993189 0.0031283 0.0028312 0.993724 0.00300456 0.00330044 0.994695 0.993277 0.00321953 0.995499 0.995409 0.00296182 0.994975 0.00287576 0.994558 0.00322442 0.993659 0.995232 0.995905 0.00337265 0.993267 0.995291 0.995151 0.993947 0.00269961 0.994561 0.994948 0.99472 0.994718 0.99403 0.002874 0.993712 0.995563 0.993657 0.0028863 0.995114 0.993184 0.00283183 0.996156 0.00281571 0.995446 0.993354 0.994502 0.995562 0.995366 0.993508 0.995992 0.995853 0.00277841 0.997202 0.995773 0.00320006 0.00304228 0.00328397 0.00317518 0.00258955 0.995347 0.995727 0.00290503 0.00324035 0.0030484 0.00296368 0.00309074 0.00308332 0.00330657 0.00342425 0.0033741 0.995502 0.9957 0.994116 0.995328 0.00335703 0.00313035 0.00258942 0.996982 0.00304609 0.00271797 0.0032515 0.00321051 0.00290376 0.996883 0.997201 0.0032365 0.00321244 0.0026936 0.996903 0.00309859 0.00328313 0.00268017 0.00292626 0.00258925 0.00328343 0.00276623 0.00308654 0.99664 0.996044 0.996525
0.00310333 0.994508 0.00334943 0.993197 0.00312185 0.00282496 0.993734 0.00299434 0.00329317 0.994701 0.993292 0.00320891 0.995509 0.995409 0.0029563 0.994982 0.00286867 0.994559 0.00321594 0.99366 0.995231 0.995903 0.00336122 0.993274 0.99529 0.995152 0.993949 0.00269847 0.994563 0.994959 0.994726 0.994724 0.994044 0.00287051 0.99372 0.995574 0.993659 0.0028818 0.995119 0.993192 0.00282624 0.99616 0.00281113 0.995453 0.993353 0.994512 0.995575 0.995371 0.993516 0.996004 0.995869 0.00277916 0.997207 0.995788 0.00319712 0.00303843 0.00327969 0.00317027 0.00258982 0.995364 0.995733 0.00290022 0.00323179 0.00304848 0.00295623 0.00308657 0.0030796 0.00329868 0.00341309 0.00336746 0.995509 0.995697 0.994124 0.995344 0.00335025 0.00312599 0.00258893 0.99699 0.00304615 0.00271827 0.00324816 0.00320581 0.00290349 0.99689 0.997205 0.00323306 0.0032044 0.0026936 0.996915 0.0030934 0.003279 0.00268034 0.00292197 0.00258917 0.00327669 0.0027657 0.0030825 0.996651 0.996057 0.996529
0.0030952 0.994515 0.00334125 0.993206 0.00311571 0.00281828 0.993745 0.00298425 0.003286 0.994708 0.993308 0.0031988 0.995518 0.995409 0.0029509 0.994988 0.00286208 0.994561 0.0032072 0.993661 0.99523 0.995902 0.00335022 0.993281 0.99529 0.995153 0.993952 0.00269681 0.994564 0.994971 0.994731 0.99473 0.994058 0.00286726 0.993728 0.995585 0.993661 0.00287697 0.995123 0.993201 0.00282094 0.996165 0.00280668 0.995458 0.993353 0.994523 0.995588 0.995378 0.993524 0.996016 0.995883 0.00278027 0.997211 0.995803 0.00319497 0.00303417 0.00327528 0.00316496 0.0025895 0.995379 0.995738 0.00289572 0.00322328 0.0030481 0.0029486 0.00308277 0.00307589 0.00329145 0.0034021 0.0033604 0.995516 0.995695 0.994131 0.99536 0.00334402 0.00312193 0.00258845 0.996998 0.00304587 0.00271839 0.00324432 0.00320059 0.00290283 0.996897 0.997209 0.00322964 0.00319713 0.00269357 0.996926 0.00308889 0.0032759 0.00268041 0.00291847 0.00258898 0.00327051 0.00276522 0.00307895 0.996663 0.99607 0.996534
0.00308746 0.994521 0.00333382 0.993214 0.00310935 0.00281119 0.993754 0.00297458 0.00327864 0.994715 0.993323 0.00318875 0.995527 0.995409 0.0029461 0.994993 0.00285526 0.994562 0.00319855 0.993661 0.99523 0.995901 0.00333906 0.993289 0.99529 0.995154 0.993954 0.0026952 0.994564 0.994982 0.994738 0.994735 0.994071 0.00286409 0.993735 0.995594 0.993662 0.00287242 0.995127 0.99321 0.00281499 0.996168 0.00280255 0.995463 0.993352 0.994533 0.995601 0.995383 0.99353 0.996026 0.995898 0.00278087 0.997215 0.995816 0.00319233 0.00302981 0.00327094 0.00315987 0.00258901 0.995395 0.995743 0.00289128 0.00321486 0.00304827 0.00294135 0.00307976 0.00307164 0.0032839 0.00339106 0.00335295 0.995523 0.995692 0.994139 0.995377 0.00333686 0.00311782 0.00258774 0.997006 0.00304562 0.00271837 0.00324023 0.00319592 0.00290231 0.996904 0.997213 0.00322645 0.00319023 0.00269337 0.996937 0.00308399 0.00327217 0.00268022 0.00291448 0.00258899 0.00326497 0.00276475 0.00307567 0.996675 0.996083 0.996538
0.00307904 0.994528 0.00332613 0.993222 0.00310305 0.0028046 0.993764 0.00296488 0.00327127 0.994721 0.993339 0.00317863 0.995536 0.99541 0.00294095 0.994999 0.00284902 0.994563 0.00319091 0.993662 0.99523 0.9959 0.00332746 0.993297 0.99529 0.995155 0.993956 0.00269436 0.994566 0.994994 0.994744 0.99474 0.994084 0.00286071 0.993743 0.995604 0.993663 0.0028672 0.995131 0.993218 0.00280998 0.996172 0.00279856 0.995468 0.993352 0.994542 0.995615 0.995388 0.993537 0.996038 0.995913 0.00278185 0.997219 0.99583 0.00318952 0.00302593 0.00326607 0.00315469 0.00258861 0.99541 0.995749 0.00288689 0.00320626 0.00304831 0.00293424 0.00307581 0.00306774 0.00327692 0.00337976 0.00334529 0.99553 0.995691 0.994147 0.995392 0.00333025 0.00311382 0.00258719 0.997014 0.00304533 0.00271889 0.00323661 0.00319097 0.00290177 0.996911 0.997217 0.00322313 0.00318236 0.00269318 0.996948 0.00308003 0.00326818 0.00267985 0.00291023 0.0025892 0.00325841 0.00276444 0.0030721 0.996685 0.996095 0.996541
0.00307107 0.994536 0.00331883 0.993231 0.00309674 0.00279816 0.993773 0.00295463 0.00326428 0.994727 0.993355 0.00316951 0.995544 0.995409 0.00293614 0.995004 0.00284336 0.994564 0.00318242 0.993664 0.995229 0.995898 0.0033163 0.993305 0.995291 0.995156 0.993959 0.00269306 0.994567 0.995005 0.994749 0.994746 0.994097 0.00285778 0.99375 0.995613 0.993664 0.00286236 0.995135 0.993228 0.00280485 0.996176 0.00279444 0.995474 0.993352 0.994552 0.995627 0.995392 0.993545 0.996049 0.995927 0.00278316 0.997223 0.995844 0.00318682 0.00302214 0.00326256 0.00314975 0.00258807 0.995426 0.995754 0.00288244 0.00319826 0.00304846 0.00292701 0.0030723 0.00306407 0.00326981 0.00336951 0.00333775 0.995537 0.995689 0.994155 0.995408 0.00332303 0.00311002 0.00258671 0.997022 0.00304476 0.00271881 0.00323301 0.00318647 0.00290123 0.996918 0.997222 0.00321936 0.00317475 0.00269283 0.996959 0.00307488 0.00326451 0.00267956 0.00290589 0.00258969 0.00325274 0.00276414 0.00306831 0.996697 0.996108 0.996546
0.00306278 0.994543 0.00331189 0.99324 0.00309071 0.00279165 0.993782 0.00294547 0.00325743 0.994734 0.993371 0.00316034 0.995553 0.995409 0.00293113 0.99501 0.00283707 0.994565 0.00317444 0.993665 0.995228 0.995896 0.00330502 0.993313 0.99529 0.995157 0.99396 0.00269194 0.994569 0.995015 0.994755 0.994751 0.99411 0.00285439 0.993756 0.995623 0.993665 0.00285762 0.99514 0.993235 0.00279956 0.996181 0.00279014 0.99548 0.993352 0.994562 0.99564 0.995397 0.993552 0.99606 0.995941 0.00278352 0.997227 0.995859 0.00318405 0.00301796 0.00325879 0.00314478 0.00258799 0.995441 0.99576 0.00287786 0.0031902 0.00304806 0.00291991 0.00306876 0.00306109 0.00326231 0.00335916 0.00333029 0.995544 0.995687 0.994161 0.995423 0.00331678 0.00310602 0.00258588 0.997029 0.00304488 0.0027194 0.00322974 0.00318215 0.00290061 0.996924 0.997225 0.00321627 0.00316729 0.00269227 0.99697 0.00307057 0.00326073 0.00267935 0.00290147 0.00258908 0.00324672 0.00276338 0.00306491 0.996708 0.996119 0.99655
0.0030549 0.994551 0.00330406 0.993248 0.00308431 0.00278567 0.99379 0.00293612 0.00325047 0.994741 0.993385 0.00315064 0.995562 0.995409 0.00292647 0.995016 0.00283098 0.994566 0.00316645 0.993665 0.995227 0.995894 0.00329369 0.99332 0.99529 0.995157 0.993962 0.00269097 0.99457 0.995025 0.994761 0.994757 0.994123 0.00285084 0.993763 0.995632 0.993665 0.00285298 0.995144 0.993243 0.00279418 0.996184 0.00278574 0.995486 0.993352 0.994571 0.995652 0.995401 0.99356 0.996071 0.995956 0.00278367 0.997232 0.995872 0.00318189 0.00301422 0.00325491 0.00314028 0.00258777 0.995457 0.995765 0.00287328 0.00318252 0.00304776 0.00291329 0.00306557 0.00305747 0.00325531 0.00334936 0.003323 0.995552 0.995685 0.994168 0.995438 0.00331015 0.00310233 0.00258521 0.997036 0.0030446 0.00271964 0.00322694 0.00317808 0.00290009 0.996931 0.997229 0.00321333 0.00316029 0.00269193 0.99698 0.00306566 0.00325675 0.00267899 0.00289759 0.00258874 0.00324133 0.00276318 0.00306158 0.996719 0.996132 0.996554
0.00304704 0.994558 0.00329731 0.993256 0.0030783 0.00277958 0.9938 0.00292676 0.00324327 0.994747 0.993399 0.00314099 0.995572 0.995408 0.00292136 0.995021 0.00282532 0.994567 0.00315925 0.993667 0.995227 0.995892 0.00328251 0.993327 0.99529 0.995157 0.993965 0.00268967 0.994571 0.995034 0.994766 0.994763 0.994135 0.0028476 0.99377 0.995641 0.993666 0.00284897 0.995148 0.993251 0.00278841 0.996188 0.00278187 0.995491 0.993353 0.994581 0.995664 0.995406 0.993567 0.996082 0.99597 0.0027844 0.997236 0.995886 0.00317963 0.00301056 0.00325063 0.00313577 0.00258739 0.995472 0.99577 0.00286895 0.00317477 0.00304795 0.00290683 0.003062 0.00305379 0.00324796 0.00333918 0.00331595 0.995559 0.995682 0.994175 0.995453 0.00330363 0.00309854 0.0025846 0.997043 0.00304464 0.00271995 0.00322326 0.00317369 0.0028992 0.996937 0.997233 0.0032106 0.00315368 0.00269157 0.996991 0.00306155 0.00325352 0.00267879 0.00289331 0.00258862 0.00323621 0.00276253 0.00305764 0.99673 0.996143 0.996558
0.00303997 0.994565 0.00328999 0.993264 0.00307231 0.00277391 0.993807 0.00291757 0.00323605 0.994754 0.993414 0.00313132 0.99558 0.995408 0.00291629 0.995027 0.0028189 0.994568 0.00315169 0.993668 0.995227 0.995891 0.00327164 0.993336 0.99529 0.995158 0.993967 0.00268843 0.994572 0.995044 0.994772 0.994768 0.994147 0.00284413 0.993777 0.995651 0.993667 0.00284431 0.995152 0.99326 0.00278317 0.996192 0.00277814 0.995496 0.993353 0.99459 0.995676 0.995411 0.993573 0.996092 0.995984 0.00278526 0.997239 0.995899 0.00317664 0.00300686 0.00324645 0.0031314 0.00258724 0.995486 0.995776 0.0028643 0.00316679 0.00304796 0.00290039 0.00305849 0.0030503 0.00324099 0.0033288 0.0033091 0.995566 0.99568 0.994181 0.995468 0.00329771 0.00309504 0.00258427 0.99705 0.00304414 0.00271992 0.0032197 0.00316954 0.00289856 0.996944 0.997237 0.00320724 0.00314721 0.00269166 0.997001 0.00305768 0.00324931 0.00267876 0.00288923 0.00258876 0.00323105 0.00276185 0.00305432 0.99674 0.996155 0.996562
0.00303265 0.994571 0.00328287 0.993272 0.00306663 0.00276813 0.993816 0.00290884 0.00322918 0.994761 0.993428 0.00312229 0.995589 0.995408 0.00291193 0.995032 0.00281322 0.994569 0.00314405 0.993669 0.995227 0.995889 0.00326091 0.993343 0.995291 0.995158 0.993969 0.00268706 0.994573 0.995053 0.994777 0.994773 0.994159 0.00284097 0.993783 0.99566 0.993669 0.00283961 0.995155 0.993268 0.00277822 0.996196 0.00277432 0.995501 0.993352 0.9946 0.995688 0.995417 0.993581 0.996104 0.995998 0.00278627 0.997243 0.995912 0.00317473 0.00300311 0.00324269 0.00312723 0.00258713 0.995501 0.995781 0.00286007 0.00315925 0.00304812 0.00289378 0.00305505 0.00304655 0.00323386 0.00331893 0.00330199 0.995573 0.995678 0.994189 0.995482 0.00329101 0.00309033 0.00258361 0.997057 0.00304383 0.0027203 0.00321652 0.00316564 0.00289823 0.99695 0.997241 0.00320388 0.00314046 0.00269157 0.997011 0.00305316 0.0032459 0.00267883 0.00288537 0.00258873 0.00322486 0.00276151 0.00305096 0.996751 0.996167 0.996566
0.00302499 0.994576 0.00327527 0.993279 0.00306048 0.00276187 0.993824 0.00289963 0.00322261 0.994767 0.993442 0.00311287 0.995597 0.995408 0.0029073 0.995038 0.00280748 0.99457 0.00313683 0.993669 0.995227 0.995889 0.00325088 0.993351 0.995292 0.995159 0.993971 0.00268564 0.994573 0.995062 0.994781 0.994778 0.994171 0.00283871 0.993791 0.995669 0.99367 0.00283621 0.99516 0.993275 0.00277335 0.996199 0.00277075 0.995506 0.993353 0.99461 0.9957 0.995422 0.993588 0.996114 0.996011 0.00278658 0.997247 0.995924 0.00317225 0.00299951 0.00323903 0.00312288 0.00258687 0.995514 0.995787 0.00285603 0.00315173 0.00304806 0.00288708 0.00305139 0.00304266 0.00322662 0.00330914 0.00329489 0.995579 0.995676 0.994196 0.995496 0.0032844 0.00308601 0.00258329 0.997064 0.00304404 0.00272062 0.00321314 0.00316162 0.00289807 0.996956 0.997245 0.00320068 0.00313339 0.00269167 0.997021 0.00304866 0.003242 0.00267817 0.00288167 0.00258856 0.00321965 0.00276079 0.00304751 0.996762 0.996179 0.99657
0.00301746 0.994583 0.00326767 0.993286 0.00305426 0.00275595 0.993833 0.00289062 0.00321593 0.994773 0.993456 0.00310454 0.995604 0.995408 0.00290297 0.995044 0.00280219 0.99457 0.00312961 0.993671 0.995226 0.995887 0.00324061 0.993359 0.995292 0.995159 0.993974 0.00268489 0.994574 0.995072 0.994786 0.994783 0.994183 0.00283601 0.993797 0.995678 0.993671 0.0028318 0.995164 0.993282 0.0027687 0.996204 0.00276692 0.995512 0.993353 0.994619 0.995712 0.995427 0.993594 0.996124 0.996024 0.00278748 0.99725 0.995937 0.00317019 0.00299598 0.00323518 0.00311839 0.00258673 0.995528 0.995792 0.00285177 0.00314403 0.00304837 0.00288032 0.00304808 0.00303894 0.00322 0.00329931 0.00328827 0.995586 0.995674 0.994202 0.995511 0.00327837 0.00308252 0.0025835 0.997071 0.00304415 0.00272063 0.00320968 0.00315703 0.00289789 0.996962 0.997248 0.00319754 0.00312662 0.00269166 0.997031 0.00304425 0.00323891 0.00267816 0.00287822 0.00258816 0.00321407 0.0027606 0.00304407 0.996772 0.99619 0.996573
0.00301056 0.994589 0.00326037 0.993293 0.00304911 0.00275037 0.993841 0.00288247 0.00320937 0.99478 0.993469 0.00309545 0.995613 0.995407 0.00289817 0.995049 0.00279634 0.994572 0.0031222 0.993671 0.995225 0.995885 0.00323067 0.993367 0.995292 0.99516 0.993977 0.00268413 0.994574 0.995081 0.994791 0.994788 0.994195 0.00283317 0.993803 0.995686 0.993673 0.0028277 0.995168 0.99329 0.00276378 0.996208 0.00276289 0.995517 0.993353 0.994629 0.995724 0.995432 0.993601 0.996135 0.996038 0.00278849 0.997254 0.995951 0.00316761 0.00299235 0.00323182 0.00311358 0.002587 0.995541 0.995797 0.00284715 0.00313645 0.00304798 0.00287409 0.00304441 0.0030354 0.00321392 0.00329001 0.00328184 0.995592 0.995671 0.994208 0.995524 0.00327184 0.0030789 0.0025825 0.997078 0.00304418 0.00272058 0.00320633 0.00315318 0.00289769 0.996968 0.997252 0.00319485 0.00311978 0.00269129 0.99704 0.00304042 0.00323522 0.00267786 0.00287487 0.00258792 0.00320892 0.00276036 0.0030412 0.996782 0.996201 0.996577
0.00300342 0.994627 0.00325388 0.993354 0.0030434 0.00274476 0.993891 0.00287379 0.00320324 0.994816 0.993526 0.00308666 0.995634 0.99543 0.00289396 0.995079 0.00279083 0.994604 0.00311505 0.993722 0.995253 0.995904 0.0032208 0.993426 0.99532 0.995189 0.994021 0.00268282 0.994606 0.99511 0.994822 0.994818 0.994241 0.00283015 0.993857 0.995708 0.993722 0.002824 0.9952 0.99335 0.00275902 0.996223 0.00275916 0.995539 0.993404 0.994669 0.995748 0.995455 0.993658 0.996152 0.996058 0.00278969 0.997257 0.995971 0.00316473 0.00298908 0.00322832 0.00310883 0.00258663 0.995568 0.995818 0.00284304 0.00312925 0.0030477 0.00286817 0.00304149 0.00303233 0.00320732 0.00328002 0.00327517 0.99562 0.99569 0.994253 0.995551 0.00326607 0.00307522 0.00258202 0.997085 0.00304409 0.00272055 0.00320292 0.00314951 0.00289717 0.996977 0.997255 0.00319211 0.00311351 0.00269068 0.99705 0.00303629 0.00323133 0.00267751 0.00287117 0.00258752 0.00320319 0.00275949 0.00303816 0.996792 0.99622 0.996587
