0.5 0.5 0.5 0.5 0.5 0.5 0.5 0.5 0.5 0.5 0.5 0.5 0.5 0.5 0.5 0.5 0.5 0.5 0.5 0.5 0.5 0.5 0.5 0.5 0.5 0.5 0.5 0.5 0.5 0.5 0.5 0.5 0.5 0.5 0.5 0.5 0.5 0.5 0.5 0.5 0.5 0.5 0.5 0.5 0.5 0.5 0.5 0.5 0.5 0.5 0.5 0.5 0.5 0.5 0.5 0.5 0.5 0.5 0.5 0.5 0.5 0.5 0.5 0.5 0.5 0.5 0.5 0.5 0.5 0.5 0.5 0.5 0.5 0.5 0.5 0.5 0.5 0.5 0.5 0.5 0.5 0.5 0.5 0.5 0.5 0.5 0.5 0.5 0.5 0.5 0.5 0.5 0.5 0.5 0.5 0.5 0.5 0.5 0.5 0.5
0.503255 0.503797 0.496134 0.504918 0.49892 0.506873 0.504511 0.509897 0.496977 0.501484 0.503487 0.504084 0.505576 0.507985 0.500718 0.505347 0.505133 0.510688 0.500732 0.507931 0.504378 0.50298 0.503247 0.5052 0.502631 0.504042 0.509925 0.498071 0.510735 0.50557 0.509444 0.509452 0.502513 0.498455 0.500637 0.503033 0.507939 0.501324 0.499212 0.504937 0.504735 0.501437 0.502226 0.504506 0.512087 0.500278 0.498145 0.506925 0.502829 0.498822 0.495392 0.49152 0.498312 0.498063 0.489965 0.496386 0.490944 0.495485 0.4987 0.498163 0.500669 0.501126 0.50062 0.487844 0.504742 0.494804 0.494618 0.497675 0.501284 0.496131 0.494757 0.507055 0.501941 0.498348 0.493951 0.495076 0.498746 0.495245 0.487918 0.494637 0.490424 0.494055 0.492023 0.4935 0.498285 0.490526 0.500215 0.495964 0.490044 0.496373 0.491004 0.496299 0.49961 0.498723 0.495175 0.494976 0.494836 0.496397 0.495552 0.501345
0.5065 0.507631 0.492279 0.509769 0.497804 0.513691 0.509002 0.519742 0.49387 0.502934 0.50695 0.508141 0.511165 0.515892 0.501389 0.510642 0.510294 0.521258 0.501501 0.515821 0.508724 0.505915 0.506469 0.51035 0.505249 0.508015 0.519791 0.496172 0.521404 0.511141 0.518812 0.51887 0.505096 0.496897 0.501297 0.506101 0.515902 0.502674 0.498414 0.509883 0.509415 0.502919 0.504477 0.508982 0.524123 0.500546 0.496284 0.513797 0.505605 0.497641 0.490814 0.483042 0.496585 0.496158 0.480051 0.492823 0.481966 0.491012 0.497395 0.496323 0.501314 0.502214 0.501207 0.475832 0.509463 0.489628 0.489296 0.495397 0.502585 0.492296 0.489533 0.514069 0.503909 0.496652 0.487955 0.490171 0.497425 0.490481 0.475906 0.489283 0.480871 0.488166 0.484085 0.48707 0.496588 0.481132 0.500478 0.491947 0.480159 0.492808 0.482038 0.492687 0.499228 0.497439 0.490383 0.489964 0.489663 0.492766 0.491094 0.502688
0.509789 0.511404 0.488448 0.514579 0.496712 0.520486 0.513473 0.529496 0.490856 0.504372 0.510428 0.512156 0.516736 0.523705 0.502096 0.515912 0.515434 0.531836 0.502275 0.523718 0.513022 0.508801 0.509695 0.515455 0.507888 0.512026 0.529559 0.494263 0.531963 0.516659 0.528119 0.528196 0.507562 0.495374 0.501916 0.509115 0.523767 0.503914 0.497685 0.514746 0.514096 0.504361 0.506679 0.513421 0.536024 0.500823 0.49443 0.520602 0.508394 0.496539 0.486221 0.474625 0.49489 0.494248 0.470212 0.489253 0.472997 0.486555 0.496129 0.49452 0.501938 0.503358 0.501828 0.463936 0.514175 0.484499 0.483977 0.493088 0.503848 0.488465 0.484349 0.521035 0.505851 0.494983 0.481979 0.485288 0.496121 0.485753 0.464006 0.48395 0.471429 0.482343 0.476186 0.480705 0.494909 0.471778 0.500741 0.487929 0.470382 0.489265 0.473098 0.489064 0.498832 0.496134 0.485613 0.485026 0.48454 0.48917 0.486654 0.504036
0.512995 0.5152 0.484686 0.519407 0.495631 0.527206 0.517884 0.539213 0.487843 0.505777 0.513818 0.516178 0.522207 0.531471 0.502775 0.521189 0.520532 0.542293 0.502987 0.531475 0.517317 0.511721 0.512916 0.52056 0.510544 0.516013 0.539308 0.492366 0.542468 0.522166 0.537384 0.53743 0.510096 0.493812 0.502562 0.512161 0.531616 0.505249 0.496928 0.519563 0.518765 0.505745 0.508917 0.517879 0.547868 0.501069 0.492539 0.527442 0.511166 0.495415 0.481666 0.466269 0.493223 0.492361 0.460371 0.485708 0.464101 0.482068 0.494849 0.49273 0.502598 0.504444 0.502447 0.452082 0.518824 0.479367 0.478707 0.490798 0.50512 0.484646 0.479206 0.527985 0.507751 0.493315 0.476051 0.480435 0.494856 0.481059 0.452187 0.478607 0.462011 0.476477 0.468369 0.474361 0.493197 0.46249 0.500999 0.483907 0.460651 0.485736 0.464238 0.485446 0.498455 0.494892 0.48081 0.480117 0.479473 0.485594 0.482231 0.505375
0.516206 0.518907 0.480872 0.52418 0.494536 0.533891 0.522246 0.548801 0.484841 0.507224 0.517187 0.520148 0.527675 0.539146 0.503448 0.526428 0.525519 0.55267 0.503729 0.5392 0.521546 0.514603 0.516096 0.525642 0.513136 0.519956 0.54897 0.490503 0.552905 0.527663 0.546557 0.546673 0.512564 0.492308 0.503197 0.515181 0.53937 0.506548 0.496195 0.524373 0.523403 0.507205 0.511143 0.522248 0.559587 0.501338 0.490688 0.534245 0.513908 0.494298 0.477186 0.45798 0.49155 0.490534 0.450635 0.482146 0.455302 0.477621 0.493606 0.490965 0.503244 0.505592 0.503052 0.440375 0.523472 0.474325 0.473518 0.48848 0.506317 0.48084 0.474056 0.534844 0.509666 0.491665 0.47014 0.475595 0.493596 0.476386 0.440458 0.473326 0.452648 0.470676 0.460581 0.468091 0.491527 0.453238 0.501249 0.479951 0.450995 0.482183 0.455429 0.481863 0.498072 0.493604 0.476055 0.475216 0.474373 0.482033 0.477916 0.506701
0.519388 0.522616 0.47712 0.528933 0.493526 0.540536 0.526611 0.558338 0.481864 0.508696 0.520575 0.524091 0.533151 0.546796 0.504072 0.531606 0.53054 0.56291 0.504456 0.546898 0.525775 0.517478 0.519285 0.530699 0.515694 0.523899 0.558517 0.488601 0.563226 0.533087 0.555646 0.555813 0.515059 0.490809 0.503834 0.518197 0.547094 0.507867 0.495412 0.529158 0.527986 0.50861 0.513352 0.526611 0.571163 0.501593 0.488834 0.540913 0.516647 0.493146 0.472693 0.449771 0.489902 0.488692 0.441 0.478566 0.44658 0.473226 0.492359 0.489146 0.503873 0.506706 0.503692 0.428786 0.528072 0.469248 0.468332 0.486238 0.507565 0.477093 0.468913 0.541704 0.511542 0.490014 0.464245 0.470835 0.492272 0.471796 0.428882 0.468129 0.443402 0.464917 0.452805 0.461808 0.489898 0.444095 0.501461 0.476037 0.441438 0.478653 0.446726 0.478328 0.497682 0.492363 0.471334 0.470326 0.469317 0.478483 0.473567 0.508032
0.522557 0.526304 0.473379 0.533649 0.492462 0.547139 0.530981 0.567766 0.478898 0.51009 0.523935 0.528035 0.53856 0.554381 0.504748 0.536732 0.53549 0.573032 0.505202 0.554517 0.529998 0.520311 0.522418 0.535698 0.518268 0.527795 0.567989 0.486762 0.573426 0.538498 0.564641 0.564847 0.517531 0.489248 0.50445 0.52118 0.554731 0.509124 0.494619 0.533876 0.532518 0.510004 0.515492 0.530961 0.582637 0.501834 0.486997 0.547561 0.519374 0.491998 0.468262 0.441636 0.488261 0.486842 0.431431 0.475058 0.437951 0.468861 0.491129 0.487362 0.504529 0.507787 0.504319 0.417365 0.532691 0.464217 0.463143 0.484039 0.508799 0.473348 0.46386 0.548505 0.513421 0.488312 0.458414 0.466083 0.490967 0.467161 0.417429 0.462873 0.434219 0.459181 0.445155 0.455582 0.488225 0.43506 0.501704 0.472103 0.431935 0.475161 0.438044 0.474748 0.497287 0.491103 0.466619 0.465515 0.464273 0.474979 0.469284 0.509349
0.525672 0.529997 0.469651 0.538351 0.491423 0.553651 0.53534 0.57713 0.475957 0.511498 0.527259 0.531943 0.543902 0.561883 0.505396 0.541825 0.540467 0.583068 0.505918 0.562101 0.534205 0.523144 0.525531 0.54066 0.520863 0.531708 0.577369 0.484932 0.583504 0.543805 0.5736 0.573783 0.519943 0.487745 0.50506 0.524128 0.562326 0.510373 0.493878 0.538623 0.53712 0.511383 0.517691 0.535274 0.593925 0.502105 0.485152 0.554191 0.522079 0.490889 0.46385 0.43357 0.486605 0.485025 0.421919 0.471559 0.429441 0.464506 0.489871 0.485606 0.505192 0.508854 0.50493 0.406005 0.53729 0.459231 0.457994 0.481799 0.510038 0.46963 0.458886 0.555203 0.51528 0.486674 0.452647 0.461331 0.489745 0.462559 0.406124 0.457702 0.425151 0.453498 0.437604 0.449397 0.486569 0.426108 0.501931 0.468217 0.422567 0.471728 0.429479 0.471251 0.496934 0.489853 0.461974 0.460777 0.459296 0.471507 0.464972 0.510619
0.528793 0.533643 0.465967 0.54306 0.490353 0.560142 0.539664 0.586393 0.47303 0.512877 0.530576 0.535825 0.549216 0.569358 0.50606 0.546889 0.545438 0.592983 0.506641 0.569595 0.538375 0.525997 0.528712 0.545578 0.523394 0.53556 0.586638 0.483062 0.593476 0.549074 0.582477 0.582623 0.522368 0.486289 0.50568 0.52707 0.569849 0.511713 0.493106 0.543304 0.541612 0.512755 0.51988 0.539573 0.605071 0.502407 0.483345 0.560789 0.524768 0.489767 0.459434 0.425573 0.484988 0.4832 0.412563 0.468072 0.420907 0.460232 0.488652 0.483791 0.505821 0.50994 0.505529 0.394854 0.541904 0.454289 0.452922 0.479584 0.511242 0.465899 0.453876 0.561885 0.517176 0.485054 0.446916 0.456631 0.488489 0.458046 0.394979 0.452536 0.416182 0.447865 0.430116 0.443248 0.484904 0.417252 0.502172 0.464337 0.413258 0.468295 0.420965 0.467775 0.496525 0.488606 0.457339 0.456012 0.454384 0.468041 0.46071 0.511855
0.531905 0.537277 0.462266 0.547702 0.489299 0.566638 0.543983 0.59549 0.470122 0.514284 0.533877 0.539679 0.554551 0.576776 0.506739 0.55195 0.550299 0.602779 0.507368 0.577042 0.54251 0.52883 0.531787 0.550483 0.525933 0.539394 0.595763 0.481264 0.603307 0.554349 0.591238 0.591414 0.524781 0.484857 0.50628 0.529968 0.577294 0.512981 0.492363 0.548001 0.546147 0.514168 0.522042 0.543854 0.616055 0.502638 0.481509 0.567308 0.5275 0.488674 0.455061 0.417599 0.483385 0.481353 0.403322 0.464604 0.412565 0.455919 0.487422 0.482044 0.506426 0.511021 0.506153 0.383881 0.546399 0.449412 0.447857 0.477402 0.51249 0.462205 0.448938 0.568494 0.519057 0.483408 0.44119 0.451979 0.487221 0.453537 0.383988 0.447414 0.407328 0.44228 0.422665 0.437151 0.483303 0.40845 0.502421 0.46046 0.404118 0.464866 0.41256 0.464308 0.496119 0.487339 0.452738 0.451265 0.449458 0.464585 0.456479 0.513125
0.534984 0.540872 0.458598 0.552343 0.488248 0.573059 0.548235 0.604509 0.467204 0.515648 0.53712 0.543532 0.559812 0.584107 0.507419 0.556955 0.555098 0.612489 0.50802 0.584408 0.546661 0.531641 0.534901 0.555368 0.528414 0.543197 0.604812 0.479455 0.613031 0.559585 0.59987 0.600048 0.527176 0.483354 0.506888 0.532891 0.584643 0.514241 0.491596 0.552606 0.550624 0.515519 0.524199 0.548095 0.626919 0.502875 0.479713 0.573713 0.530154 0.487614 0.450744 0.409791 0.481744 0.479526 0.394156 0.461156 0.404262 0.451647 0.486196 0.480302 0.507062 0.512127 0.506743 0.373071 0.55091 0.444553 0.442821 0.475193 0.513706 0.458516 0.443999 0.575049 0.520942 0.481788 0.435547 0.447325 0.485943 0.449068 0.373164 0.442323 0.398592 0.436726 0.415287 0.431098 0.481664 0.399786 0.502618 0.456657 0.395063 0.461462 0.404232 0.460827 0.495734 0.486141 0.448186 0.446585 0.444548 0.461149 0.452302 0.514416
0.538055 0.544437 0.454949 0.556955 0.487222 0.579388 0.552408 0.613414 0.464315 0.517011 0.540449 0.547314 0.565054 0.591382 0.508098 0.561961 0.559905 0.622027 0.508711 0.591722 0.550735 0.534464 0.537933 0.560239 0.530902 0.546968 0.613758 0.47763 0.622569 0.56477 0.608381 0.608594 0.529562 0.481912 0.50749 0.535794 0.591961 0.51549 0.49084 0.557213 0.555052 0.516897 0.52633 0.552327 0.637527 0.503127 0.477931 0.580123 0.532767 0.486508 0.446427 0.40205 0.480108 0.477675 0.38513 0.457771 0.396037 0.447418 0.48497 0.478554 0.507668 0.513175 0.507333 0.362423 0.555359 0.439678 0.437848 0.473049 0.51495 0.454899 0.439072 0.581556 0.522797 0.480193 0.429971 0.442713 0.484727 0.444622 0.362533 0.437283 0.389941 0.431208 0.407996 0.425099 0.480012 0.391239 0.502841 0.452813 0.386115 0.458101 0.396047 0.457351 0.495367 0.484932 0.443677 0.441926 0.439675 0.457734 0.448091 0.51569
0.54112 0.54804 0.451315 0.561506 0.486152 0.585666 0.55656 0.622198 0.461454 0.518392 0.543692 0.551157 0.57025 0.598574 0.508735 0.566901 0.564698 0.631425 0.509412 0.598919 0.554823 0.537225 0.540919 0.56502 0.533419 0.550741 0.622521 0.475835 0.631998 0.569962 0.616825 0.617019 0.531957 0.48043 0.508078 0.538635 0.599192 0.516743 0.49013 0.56178 0.559432 0.518249 0.528461 0.556501 0.648008 0.503404 0.476162 0.586447 0.535386 0.485381 0.442171 0.394437 0.478481 0.475885 0.376272 0.454384 0.387925 0.443279 0.483753 0.476835 0.508268 0.514241 0.507931 0.352024 0.559771 0.434924 0.432892 0.470897 0.516125 0.451272 0.434249 0.587994 0.5246 0.478609 0.42439 0.438106 0.483497 0.440245 0.352075 0.432249 0.381391 0.42573 0.40076 0.419135 0.478386 0.382836 0.503056 0.449006 0.377337 0.454742 0.387965 0.453909 0.495021 0.483737 0.439151 0.437301 0.434834 0.45434 0.444009 0.516996
0.544193 0.551578 0.447686 0.566017 0.485136 0.591879 0.560744 0.630846 0.458583 0.519764 0.546918 0.554932 0.575379 0.605656 0.509376 0.571755 0.569489 0.640707 0.510119 0.605993 0.558825 0.539984 0.543911 0.569788 0.535915 0.554504 0.631217 0.474013 0.641233 0.575131 0.625163 0.625391 0.534331 0.478982 0.508682 0.541478 0.606344 0.517984 0.489424 0.566328 0.563812 0.519611 0.530583 0.560635 0.658248 0.503693 0.474416 0.592754 0.538015 0.48428 0.437917 0.386841 0.476904 0.474082 0.367515 0.451022 0.379911 0.43915 0.482553 0.475149 0.508856 0.515266 0.508498 0.34181 0.564164 0.430151 0.427948 0.46874 0.517316 0.447635 0.429475 0.594405 0.526362 0.477067 0.41887 0.433587 0.482278 0.435888 0.34182 0.427309 0.372942 0.420326 0.393619 0.413272 0.476769 0.374446 0.503278 0.445285 0.368634 0.451448 0.379967 0.450512 0.494655 0.482519 0.434658 0.43267 0.430046 0.450969 0.439861 0.518276
0.547244 0.555113 0.444149 0.570502 0.484128 0.598067 0.564878 0.639364 0.455723 0.521139 0.550129 0.558643 0.58045 0.612668 0.51001 0.576617 0.574165 0.649798 0.510802 0.613068 0.562824 0.542726 0.546919 0.574503 0.538376 0.558263 0.639742 0.472214 0.650317 0.5802 0.633397 0.633581 0.536696 0.477532 0.5093 0.544296 0.613415 0.51921 0.488679 0.57081 0.568144 0.520973 0.532708 0.56471 0.668283 0.503944 0.472736 0.598961 0.54062 0.4832 0.433684 0.379367 0.475281 0.472306 0.358922 0.447702 0.37202 0.435004 0.481365 0.473469 0.509493 0.516296 0.509068 0.331783 0.56851 0.425407 0.423052 0.466601 0.518492 0.444043 0.424691 0.600735 0.528198 0.475482 0.413406 0.429089 0.481044 0.431523 0.331794 0.422379 0.364595 0.414916 0.38653 0.407449 0.475198 0.366247 0.503495 0.441558 0.360051 0.448118 0.372074 0.447098 0.494281 0.481302 0.430248 0.428083 0.425322 0.447615 0.435792 0.519524
0.55026 0.558632 0.440633 0.574931 0.483086 0.604153 0.568961 0.647714 0.452962 0.522497 0.553314 0.56238 0.585532 0.619587 0.510634 0.581438 0.578831 0.658754 0.511485 0.620028 0.566797 0.54544 0.549901 0.579164 0.540782 0.561945 0.648152 0.470438 0.659305 0.585278 0.641452 0.641671 0.539013 0.47607 0.509952 0.547134 0.620375 0.520437 0.487959 0.575297 0.572412 0.522349 0.534833 0.568812 0.678146 0.504215 0.471014 0.605119 0.543263 0.482072 0.429459 0.371993 0.473657 0.470546 0.350397 0.44441 0.364263 0.430918 0.480176 0.471752 0.510059 0.517319 0.509671 0.321922 0.572855 0.420682 0.418274 0.464469 0.519662 0.440496 0.419966 0.607023 0.530078 0.473952 0.407948 0.42461 0.4798 0.427187 0.321951 0.41746 0.356465 0.409553 0.379568 0.401741 0.473632 0.358179 0.503734 0.437824 0.351638 0.444848 0.364285 0.44373 0.493925 0.480085 0.42588 0.423519 0.420628 0.444256 0.431775 0.520741
0.553274 0.562089 0.43711 0.579352 0.482056 0.610188 0.573022 0.656017 0.450183 0.523818 0.556504 0.566077 0.590553 0.626434 0.511281 0.586246 0.583468 0.667512 0.512169 0.626919 0.570763 0.54817 0.552893 0.583799 0.543228 0.565625 0.656418 0.468641 0.668143 0.590263 0.649383 0.649636 0.541307 0.474649 0.51059 0.549937 0.627246 0.521672 0.487271 0.579743 0.576681 0.523653 0.53693 0.57284 0.687781 0.504494 0.469324 0.611196 0.54584 0.48097 0.425358 0.364748 0.472066 0.468753 0.342055 0.441134 0.356623 0.426863 0.479008 0.470069 0.510683 0.518379 0.510246 0.312287 0.577143 0.416046 0.413475 0.46233 0.520803 0.436981 0.415279 0.613186 0.531848 0.472396 0.402618 0.420173 0.478556 0.422888 0.312301 0.412583 0.348421 0.404243 0.372677 0.396069 0.472045 0.350186 0.503935 0.434129 0.343316 0.4416 0.356659 0.440402 0.493545 0.478847 0.421512 0.419023 0.416 0.440979 0.427761 0.521951
0.556256 0.565552 0.433646 0.583757 0.481038 0.616167 0.577057 0.664113 0.447406 0.525152 0.559658 0.569774 0.595523 0.633189 0.511914 0.591007 0.588056 0.676152 0.512894 0.63374 0.57471 0.550846 0.555828 0.588426 0.545687 0.569273 0.664512 0.466867 0.676755 0.595185 0.657209 0.657475 0.54361 0.473224 0.511194 0.552743 0.63403 0.522879 0.486531 0.584117 0.580919 0.524976 0.538997 0.576866 0.697214 0.504792 0.467622 0.617215 0.548368 0.479903 0.421237 0.357566 0.47054 0.466986 0.333863 0.437948 0.349073 0.422841 0.477792 0.468402 0.511273 0.519429 0.510794 0.30287 0.581391 0.411454 0.40869 0.460174 0.521948 0.433444 0.410654 0.61926 0.533625 0.470845 0.397304 0.415789 0.477356 0.418629 0.302825 0.407755 0.340472 0.399023 0.365887 0.390453 0.470483 0.34234 0.504174 0.430519 0.335225 0.438425 0.349089 0.43707 0.493155 0.477629 0.417171 0.414513 0.411375 0.437706 0.423762 0.523217
0.559178 0.568938 0.430193 0.58812 0.480062 0.622045 0.581079 0.672062 0.444699 0.526497 0.562768 0.573426 0.60044 0.639849 0.512522 0.595699 0.592569 0.684588 0.513589 0.640456 0.578568 0.553524 0.558792 0.592969 0.548019 0.572892 0.672525 0.465133 0.685236 0.600037 0.664935 0.665195 0.545938 0.471797 0.511798 0.555511 0.640739 0.524088 0.485852 0.588462 0.585093 0.526349 0.541028 0.580838 0.706396 0.505068 0.465882 0.6231 0.550895 0.478836 0.417144 0.350476 0.468952 0.465245 0.325759 0.434707 0.341677 0.418841 0.47655 0.466764 0.511864 0.520428 0.511366 0.293688 0.5856 0.406899 0.403947 0.458052 0.523085 0.429994 0.406047 0.625327 0.535415 0.469308 0.39205 0.411467 0.476137 0.414396 0.29362 0.402978 0.33269 0.393814 0.35917 0.384865 0.4689 0.334637 0.504376 0.426905 0.327203 0.435212 0.341626 0.433806 0.492761 0.476432 0.41287 0.410085 0.40676 0.434471 0.4198 0.52443
0.562117 0.572366 0.426802 0.59243 0.479043 0.627871 0.585032 0.679923 0.442028 0.527811 0.565895 0.577042 0.60533 0.646459 0.513131 0.600356 0.597072 0.692913 0.514287 0.647068 0.582469 0.556171 0.561763 0.597467 0.550449 0.576467 0.680401 0.463392 0.693554 0.604886 0.672522 0.672779 0.548231 0.470397 0.512407 0.558227 0.647363 0.525307 0.485199 0.5928 0.589203 0.527668 0.543039 0.584777 0.715416 0.505287 0.464176 0.628977 0.553427 0.477778 0.413116 0.343499 0.467423 0.463494 0.317855 0.431469 0.334397 0.414851 0.475367 0.465141 0.51245 0.521427 0.511906 0.284667 0.589733 0.402321 0.399276 0.455942 0.524203 0.426525 0.401437 0.631283 0.537215 0.467761 0.386866 0.407124 0.474907 0.41024 0.284655 0.398268 0.325043 0.388673 0.352536 0.379345 0.467315 0.327081 0.504574 0.423272 0.319351 0.432029 0.334268 0.430508 0.492414 0.475259 0.40861 0.405718 0.402169 0.431245 0.415899 0.525636
0.565012 0.575786 0.423412 0.596673 0.478021 0.633611 0.588984 0.687655 0.439286 0.5291 0.568967 0.580631 0.610133 0.652973 0.513737 0.604931 0.601569 0.701064 0.514992 0.653597 0.58629 0.558813 0.564664 0.601997 0.552777 0.58 0.688115 0.461651 0.701685 0.609683 0.679959 0.680234 0.550474 0.469036 0.513048 0.560911 0.653886 0.526484 0.48457 0.59712 0.593314 0.528935 0.545025 0.588684 0.72416 0.505556 0.462509 0.634751 0.555968 0.476735 0.409149 0.336619 0.465887 0.461793 0.310052 0.42829 0.327251 0.410917 0.474174 0.46347 0.513056 0.522412 0.512473 0.275877 0.593893 0.397814 0.394613 0.453872 0.525307 0.423083 0.396961 0.637235 0.538968 0.466253 0.381736 0.4028 0.4737 0.406117 0.275873 0.393612 0.317521 0.383562 0.346028 0.373934 0.465731 0.319628 0.504734 0.419711 0.311656 0.428859 0.327061 0.427231 0.49207 0.474066 0.404408 0.401375 0.397634 0.428026 0.412039 0.526889
0.567867 0.57917 0.420039 0.600906 0.477036 0.639354 0.592864 0.695207 0.436615 0.530405 0.572035 0.584156 0.614964 0.659371 0.5143 0.609464 0.606018 0.709003 0.515683 0.660061 0.590106 0.561421 0.567548 0.606447 0.555203 0.583557 0.695679 0.459925 0.709655 0.614448 0.687241 0.687554 0.552748 0.46762 0.51365 0.563602 0.660324 0.527659 0.483913 0.601382 0.597378 0.530267 0.54705 0.592541 0.732729 0.50585 0.460859 0.640468 0.558444 0.475636 0.405155 0.329867 0.464322 0.460118 0.302413 0.425091 0.320135 0.407029 0.473004 0.461828 0.513657 0.523421 0.513067 0.267303 0.597983 0.393354 0.390015 0.451898 0.526422 0.41969 0.392515 0.643041 0.540761 0.46473 0.376639 0.398567 0.4725 0.401991 0.267317 0.388949 0.310152 0.378531 0.339608 0.368537 0.464192 0.312308 0.504928 0.416191 0.304088 0.425743 0.319957 0.424029 0.491711 0.472824 0.400216 0.397108 0.393212 0.424845 0.408159 0.528068
0.570755 0.582473 0.416729 0.605121 0.476071 0.644979 0.596711 0.702572 0.433945 0.531699 0.575049 0.587692 0.619697 0.665692 0.514903 0.613993 0.610425 0.716806 0.516353 0.666399 0.593885 0.564028 0.570397 0.610888 0.557613 0.587074 0.703078 0.458194 0.71746 0.619161 0.694425 0.694741 0.554997 0.466233 0.514245 0.566289 0.666714 0.528852 0.483203 0.605618 0.601499 0.53156 0.549053 0.596373 0.741066 0.506183 0.459188 0.646088 0.560955 0.474576 0.401204 0.323222 0.462787 0.458386 0.294936 0.421952 0.313219 0.403118 0.471781 0.460239 0.514263 0.524367 0.513609 0.258942 0.602104 0.388906 0.385493 0.449817 0.527572 0.416295 0.388125 0.648813 0.542508 0.463207 0.371654 0.394382 0.47135 0.397909 0.258979 0.384359 0.302905 0.373604 0.33326 0.36319 0.462617 0.305147 0.505056 0.41273 0.296647 0.422651 0.312974 0.420778 0.491346 0.471597 0.396115 0.392852 0.388774 0.421648 0.404402 0.52921
0.573612 0.585758 0.413468 0.609316 0.475135 0.650507 0.600565 0.709833 0.431303 0.533009 0.578086 0.591237 0.624394 0.671919 0.51551 0.618453 0.614769 0.724422 0.517035 0.672674 0.597673 0.566596 0.573283 0.615267 0.559986 0.590574 0.710357 0.45653 0.725062 0.623795 0.701431 0.701781 0.55719 0.464832 0.514848 0.569001 0.672945 0.530042 0.482583 0.609777 0.605506 0.53285 0.551024 0.600177 0.749202 0.506435 0.457559 0.651679 0.563425 0.473534 0.397265 0.316593 0.461233 0.45664 0.28764 0.418785 0.306406 0.399273 0.470573 0.458599 0.514892 0.525275 0.514183 0.250823 0.606169 0.384485 0.381023 0.447816 0.528672 0.412963 0.383778 0.65449 0.544276 0.461712 0.366722 0.390187 0.470193 0.393844 0.250819 0.379778 0.295748 0.368682 0.327026 0.357912 0.461053 0.298091 0.505217 0.409214 0.28935 0.419578 0.306089 0.417556 0.490995 0.470427 0.392029 0.388633 0.384374 0.418505 0.400604 0.530386
0.57646 0.589015 0.410242 0.613491 0.474126 0.655982 0.604391 0.71698 0.428635 0.534257 0.581052 0.594751 0.628996 0.678001 0.51606 0.622879 0.619043 0.731837 0.517693 0.678829 0.60139 0.569167 0.576043 0.619607 0.562394 0.594006 0.717463 0.45481 0.732522 0.628452 0.708313 0.708674 0.559412 0.463442 0.515468 0.571635 0.679128 0.531194 0.481951 0.613965 0.609468 0.534095 0.552945 0.603968 0.757155 0.506711 0.455897 0.657177 0.56595 0.472495 0.393367 0.310124 0.459686 0.45498 0.280496 0.415677 0.2997 0.39544 0.469425 0.456989 0.51544 0.526231 0.514726 0.242917 0.610193 0.380126 0.376582 0.445725 0.529814 0.409587 0.379471 0.660078 0.546025 0.460211 0.361851 0.386057 0.469048 0.389796 0.242934 0.375243 0.288781 0.363814 0.320868 0.352702 0.459516 0.291214 0.505297 0.405763 0.282218 0.416578 0.29936 0.414347 0.490633 0.469224 0.387972 0.384465 0.380004 0.415357 0.396871 0.531595
0.579283 0.592252 0.407004 0.617545 0.473177 0.661382 0.608185 0.723983 0.426037 0.535567 0.583976 0.598236 0.633596 0.683989 0.516636 0.627279 0.623298 0.739114 0.518352 0.68491 0.605103 0.571692 0.578874 0.623921 0.564691 0.597433 0.724459 0.453104 0.739812 0.632964 0.715088 0.71546 0.56157 0.462139 0.516097 0.574274 0.685203 0.532373 0.481334 0.618091 0.613442 0.535351 0.554888 0.607698 0.764835 0.507001 0.454281 0.662567 0.568425 0.471424 0.389471 0.303787 0.458172 0.453311 0.27347 0.412625 0.293158 0.391649 0.468215 0.455404 0.51602 0.527175 0.515287 0.235216 0.614161 0.375821 0.372243 0.443745 0.530914 0.406284 0.375178 0.665585 0.547742 0.458719 0.35705 0.381952 0.467869 0.38581 0.235261 0.370743 0.281947 0.359023 0.314769 0.347608 0.457977 0.284474 0.505447 0.402297 0.275211 0.413588 0.292764 0.411195 0.490299 0.468033 0.383975 0.380306 0.375703 0.412222 0.393164 0.532802
0.582029 0.595495 0.40382 0.621603 0.47219 0.666746 0.611952 0.730797 0.423474 0.536828 0.586953 0.601669 0.638099 0.689924 0.517221 0.631622 0.627514 0.746243 0.519056 0.690846 0.608756 0.574206 0.581697 0.628148 0.567025 0.600827 0.731295 0.451392 0.746883 0.637481 0.72173 0.72208 0.563753 0.460795 0.516714 0.57689 0.69115 0.533503 0.480708 0.622182 0.617325 0.536609 0.556804 0.611388 0.772323 0.50732 0.452642 0.667913 0.570865 0.470395 0.385707 0.297558 0.456634 0.451629 0.266586 0.409548 0.286705 0.387884 0.466993 0.453831 0.516561 0.52813 0.515852 0.227725 0.618121 0.371555 0.367891 0.441774 0.532009 0.402966 0.370967 0.671019 0.549482 0.457265 0.352359 0.377872 0.46669 0.381871 0.227765 0.366329 0.275202 0.354258 0.308792 0.342546 0.456469 0.277825 0.505589 0.398893 0.268402 0.410615 0.286268 0.408034 0.489959 0.466855 0.379987 0.376163 0.371405 0.409154 0.389495 0.533979
0.5848 0.598653 0.400691 0.625675 0.471232 0.671995 0.61566 0.737471 0.420924 0.538118 0.589889 0.605055 0.642568 0.695739 0.51783 0.635922 0.631681 0.753209 0.519737 0.696726 0.612382 0.576748 0.584487 0.632387 0.569382 0.604217 0.737982 0.449727 0.753802 0.641907 0.728229 0.728553 0.565935 0.459442 0.517353 0.579493 0.697071 0.534644 0.480052 0.62617 0.621197 0.537864 0.558716 0.615067 0.779598 0.507608 0.451075 0.673213 0.573311 0.469371 0.381887 0.291454 0.45509 0.449955 0.259895 0.406515 0.280397 0.38414 0.465747 0.452208 0.517139 0.529044 0.516372 0.220473 0.622056 0.367317 0.363578 0.439761 0.533091 0.399689 0.366775 0.676395 0.551201 0.455796 0.347659 0.373837 0.465522 0.377954 0.220457 0.361935 0.268628 0.349558 0.302899 0.337483 0.454969 0.271331 0.505727 0.395526 0.261719 0.407643 0.279888 0.404864 0.489637 0.465652 0.375988 0.372051 0.367201 0.406078 0.38584 0.535085
0.58753 0.601842 0.39759 0.629668 0.470245 0.677143 0.619355 0.744004 0.418362 0.53937 0.592768 0.6084 0.646989 0.701442 0.518346 0.640168 0.635798 0.759967 0.520393 0.702498 0.615968 0.579244 0.587284 0.636584 0.571692 0.607588 0.744531 0.448082 0.760556 0.646318 0.734575 0.734892 0.568053 0.458099 0.517987 0.581988 0.702837 0.535761 0.479485 0.630153 0.624979 0.539088 0.560641 0.618694 0.786644 0.50791 0.449475 0.678398 0.575765 0.468329 0.378113 0.285457 0.453558 0.44829 0.253314 0.403534 0.27424 0.380495 0.464551 0.450643 0.517724 0.52994 0.51692 0.2134 0.625906 0.363083 0.359302 0.437832 0.534177 0.396452 0.362703 0.681648 0.552923 0.454348 0.343069 0.369834 0.464359 0.374095 0.213407 0.357567 0.262237 0.3449 0.297133 0.332555 0.453474 0.265023 0.505816 0.39218 0.255207 0.404692 0.273648 0.401783 0.489262 0.464456 0.372035 0.368036 0.36302 0.403056 0.382219 0.536204
0.590265 0.605007 0.394542 0.633647 0.469302 0.682255 0.623029 0.750383 0.415845 0.540694 0.595663 0.611788 0.651341 0.707064 0.518891 0.644322 0.639889 0.766542 0.52102 0.708171 0.619539 0.58175 0.590043 0.640735 0.573993 0.610943 0.750946 0.446431 0.767124 0.650643 0.740799 0.741089 0.570217 0.45677 0.518647 0.584523 0.708522 0.536887 0.478875 0.634102 0.628746 0.540301 0.562515 0.622266 0.793487 0.508217 0.447912 0.683515 0.578245 0.467278 0.374386 0.279594 0.452056 0.44668 0.246886 0.400534 0.268176 0.376818 0.46331 0.449076 0.518285 0.530873 0.517485 0.206511 0.62977 0.35892 0.355123 0.435926 0.535214 0.393197 0.358664 0.686843 0.554686 0.452928 0.33854 0.365858 0.463226 0.370288 0.206555 0.353233 0.255956 0.340322 0.29139 0.327678 0.451954 0.258803 0.505914 0.388836 0.248782 0.401775 0.267529 0.398713 0.488931 0.463257 0.368113 0.364008 0.358839 0.400006 0.378638 0.537314
0.593004 0.608099 0.391533 0.637557 0.468385 0.687358 0.626636 0.756619 0.413379 0.541969 0.598586 0.615108 0.655673 0.712583 0.519416 0.648435 0.6439 0.772944 0.521685 0.713781 0.623109 0.584223 0.592833 0.644814 0.576287 0.614265 0.757206 0.444772 0.773542 0.654952 0.746864 0.747164 0.57233 0.455448 0.519314 0.587027 0.714162 0.537986 0.478253 0.638033 0.632518 0.541487 0.564413 0.625828 0.800138 0.508602 0.446362 0.688541 0.580711 0.466246 0.370729 0.273813 0.450575 0.445061 0.240621 0.397617 0.262214 0.373188 0.462089 0.447517 0.518874 0.53181 0.518013 0.199883 0.633546 0.354806 0.351002 0.433991 0.536255 0.389985 0.354636 0.691988 0.556408 0.451527 0.334078 0.361915 0.462079 0.366499 0.19991 0.348984 0.249832 0.335826 0.285809 0.322892 0.450417 0.252714 0.506001 0.385548 0.242541 0.398871 0.261536 0.395633 0.488644 0.461979 0.364259 0.360022 0.354706 0.396972 0.375109 0.538413
0.595719 0.611242 0.388525 0.641496 0.467483 0.692329 0.630215 0.762729 0.410961 0.543235 0.601444 0.61841 0.659894 0.718005 0.519965 0.65254 0.647906 0.779205 0.522402 0.719277 0.626608 0.586676 0.595555 0.648903 0.578565 0.617548 0.763346 0.443135 0.779774 0.659194 0.752816 0.753119 0.574432 0.454122 0.519952 0.589528 0.719636 0.539061 0.477689 0.641904 0.636188 0.542685 0.566275 0.62937 0.806576 0.508927 0.444789 0.693499 0.583144 0.465218 0.367076 0.268106 0.449024 0.443448 0.234478 0.394695 0.25639 0.369568 0.460861 0.445972 0.519451 0.532672 0.518553 0.193431 0.637315 0.350724 0.346874 0.432048 0.537283 0.386815 0.350692 0.697023 0.558093 0.450093 0.329627 0.358003 0.460956 0.362745 0.19341 0.344746 0.243828 0.331368 0.280303 0.318141 0.448905 0.246771 0.506054 0.382257 0.23644 0.396067 0.255666 0.392569 0.488279 0.460773 0.360479 0.356057 0.350607 0.393995 0.371617 0.539524
0.598352 0.614345 0.385519 0.645327 0.46656 0.69722 0.633766 0.768665 0.408448 0.5445 0.604325 0.621702 0.664081 0.723346 0.520465 0.656574 0.65185 0.785302 0.52306 0.724655 0.630136 0.589098 0.598244 0.652927 0.580781 0.620793 0.76931 0.441509 0.785882 0.663384 0.758605 0.758937 0.576545 0.452822 0.520637 0.591964 0.725037 0.540161 0.477191 0.645789 0.639835 0.543842 0.568179 0.63279 0.812819 0.509283 0.443263 0.698387 0.585592 0.464187 0.36346 0.262517 0.447536 0.441888 0.228498 0.391826 0.25074 0.366015 0.459631 0.44445 0.520003 0.533554 0.519119 0.187192 0.641014 0.346613 0.34282 0.430116 0.53831 0.383664 0.346786 0.702058 0.55978 0.448728 0.325256 0.354124 0.459846 0.359036 0.187164 0.340577 0.237955 0.326979 0.274874 0.313446 0.447403 0.240972 0.506127 0.379002 0.230465 0.39331 0.249921 0.389504 0.487967 0.459504 0.356721 0.352149 0.34657 0.391048 0.368218 0.540645
0.600987 0.617402 0.382591 0.649157 0.46561 0.701995 0.637261 0.774457 0.405999 0.54574 0.607144 0.624982 0.668208 0.72862 0.520989 0.660602 0.655742 0.791222 0.523739 0.729983 0.633551 0.5915 0.600924 0.656912 0.583035 0.624003 0.77513 0.439875 0.791804 0.667461 0.764286 0.764601 0.578633 0.451529 0.521348 0.594389 0.730335 0.541252 0.476634 0.649596 0.643491 0.544997 0.570054 0.636222 0.818886 0.509635 0.441762 0.70323 0.587962 0.463135 0.359902 0.25706 0.446048 0.440283 0.222664 0.388946 0.245159 0.362506 0.458425 0.442942 0.520555 0.534411 0.519662 0.181111 0.644677 0.342606 0.338828 0.428237 0.539301 0.380495 0.342953 0.706949 0.561492 0.447352 0.320943 0.350303 0.458745 0.355345 0.181087 0.336473 0.232243 0.322645 0.269568 0.308864 0.445934 0.235302 0.50611 0.375771 0.224676 0.390537 0.244308 0.386472 0.487643 0.458273 0.353 0.348265 0.342566 0.38809 0.364805 0.541749
0.603595 0.620406 0.37973 0.652923 0.464704 0.706744 0.640777 0.780138 0.403623 0.546981 0.609927 0.62819 0.672306 0.73377 0.521512 0.664582 0.659632 0.796981 0.524405 0.73521 0.636953 0.593895 0.603575 0.6609 0.58531 0.627174 0.780828 0.438255 0.797577 0.671537 0.769846 0.77013 0.580694 0.450258 0.522046 0.59681 0.735507 0.542334 0.476161 0.653376 0.647067 0.546138 0.57187 0.639625 0.824751 0.509985 0.440189 0.707966 0.59035 0.462102 0.356366 0.251685 0.444558 0.438703 0.216954 0.386083 0.239719 0.35903 0.457243 0.441463 0.521154 0.53523 0.520203 0.175232 0.648353 0.338628 0.334897 0.426351 0.540285 0.377402 0.33918 0.711782 0.563159 0.446016 0.316734 0.346541 0.457618 0.3517 0.175205 0.332403 0.226637 0.318359 0.264383 0.304314 0.444437 0.22975 0.506126 0.372538 0.219024 0.387813 0.238786 0.383464 0.487319 0.457044 0.349281 0.344471 0.338597 0.385179 0.361429 0.542846
0.606199 0.623425 0.376879 0.656641 0.463755 0.71142 0.644202 0.785671 0.401267 0.548259 0.612692 0.631413 0.676289 0.738814 0.522038 0.668452 0.663449 0.802574 0.525059 0.740322 0.640317 0.596295 0.606292 0.664859 0.58753 0.63035 0.786379 0.436648 0.803176 0.675532 0.775277 0.775535 0.582773 0.44895 0.522721 0.599214 0.740579 0.54346 0.475688 0.657135 0.650635 0.547216 0.573699 0.64299 0.830449 0.510334 0.438701 0.712596 0.592701 0.461034 0.352863 0.246423 0.443111 0.437095 0.211411 0.383239 0.2344 0.355557 0.456003 0.439971 0.521708 0.536105 0.52075 0.169545 0.652 0.334724 0.330977 0.424491 0.541257 0.374278 0.335425 0.716495 0.564884 0.444673 0.31258 0.342781 0.456491 0.348078 0.169529 0.328322 0.221168 0.314123 0.259232 0.299845 0.442936 0.224345 0.506163 0.369359 0.213496 0.385147 0.23339 0.380451 0.486987 0.455825 0.345632 0.340665 0.334674 0.382262 0.358066 0.543901
0.608746 0.626398 0.374117 0.66032 0.462827 0.716049 0.647584 0.79107 0.398921 0.549487 0.615422 0.634558 0.680287 0.743743 0.522549 0.672296 0.667243 0.80804 0.525753 0.745336 0.643674 0.598672 0.608935 0.668706 0.589768 0.633515 0.791815 0.435035 0.808643 0.679459 0.780569 0.780831 0.58482 0.447676 0.523446 0.601617 0.745607 0.544517 0.475235 0.66083 0.654135 0.548365 0.575506 0.646308 0.835951 0.510728 0.437214 0.717173 0.595051 0.460017 0.349407 0.241274 0.441677 0.435539 0.206033 0.380463 0.229239 0.352112 0.454746 0.438491 0.522272 0.536983 0.521295 0.164023 0.655605 0.330825 0.327127 0.422635 0.542255 0.371196 0.331718 0.721149 0.566545 0.443307 0.308494 0.339091 0.455331 0.344526 0.16404 0.324305 0.215862 0.309963 0.254156 0.295462 0.44146 0.219087 0.506183 0.366182 0.208133 0.382502 0.228128 0.377465 0.486671 0.454599 0.341975 0.33689 0.330762 0.379375 0.354751 0.54494
0.611313 0.629323 0.371323 0.66402 0.461951 0.720596 0.650987 0.796304 0.396607 0.55074 0.618173 0.637707 0.684179 0.748626 0.523032 0.676079 0.671004 0.813359 0.526377 0.750286 0.64699 0.600999 0.611546 0.672547 0.591962 0.636648 0.797102 0.433447 0.813942 0.683367 0.785718 0.785997 0.586911 0.44647 0.524231 0.603952 0.750534 0.545543 0.474788 0.664495 0.657633 0.549474 0.577294 0.649593 0.841282 0.511124 0.435756 0.721712 0.597407 0.458972 0.345974 0.236178 0.440206 0.433899 0.200755 0.377691 0.224181 0.348711 0.453513 0.436991 0.522794 0.537817 0.521814 0.158713 0.659179 0.326974 0.32333 0.420801 0.543231 0.368126 0.328058 0.725735 0.568197 0.442 0.304484 0.335429 0.454203 0.340978 0.158733 0.320311 0.210663 0.305865 0.249214 0.291113 0.439979 0.21393 0.506221 0.363025 0.20287 0.37988 0.222973 0.37452 0.486313 0.453328 0.338403 0.333182 0.326926 0.376477 0.351478 0.545918
0.613861 0.632259 0.368588 0.667694 0.461086 0.72509 0.654392 0.801419 0.394296 0.552002 0.620919 0.640829 0.688 0.753407 0.523515 0.679835 0.674711 0.818543 0.527034 0.755112 0.650313 0.603337 0.614159 0.676334 0.594173 0.639759 0.802229 0.431849 0.819096 0.68721 0.790754 0.791029 0.588935 0.445227 0.52497 0.606289 0.755367 0.546576 0.474362 0.668119 0.661064 0.550564 0.579077 0.652814 0.846426 0.511547 0.434305 0.726145 0.599765 0.457972 0.342579 0.231245 0.438668 0.4323 0.195614 0.374963 0.219259 0.345363 0.45222 0.435536 0.523379 0.538612 0.52235 0.153552 0.662706 0.323142 0.319562 0.418988 0.544185 0.365076 0.324449 0.730218 0.569909 0.44069 0.30054 0.331818 0.453115 0.337476 0.153594 0.316396 0.205587 0.301815 0.244401 0.286831 0.438453 0.20891 0.506197 0.359907 0.197756 0.377351 0.217951 0.371578 0.486037 0.452049 0.334856 0.329515 0.323102 0.373576 0.348224 0.54688
0.616434 0.635138 0.365928 0.671307 0.460268 0.729477 0.657709 0.806397 0.391979 0.553311 0.623626 0.64389 0.691795 0.75807 0.523978 0.683567 0.678331 0.823561 0.527674 0.759855 0.653617 0.605675 0.616742 0.680129 0.596367 0.64283 0.807234 0.430254 0.82411 0.691005 0.795666 0.795925 0.590925 0.444007 0.525722 0.608609 0.760109 0.547596 0.47395 0.671732 0.664473 0.551691 0.58085 0.656043 0.851414 0.51191 0.43282 0.730521 0.602093 0.456902 0.339234 0.226392 0.437141 0.430765 0.190607 0.372219 0.214436 0.342048 0.450936 0.434117 0.523914 0.539378 0.522892 0.148549 0.666162 0.319354 0.315876 0.417164 0.545136 0.362109 0.320946 0.734597 0.57164 0.43936 0.296672 0.328237 0.452043 0.333998 0.148603 0.312518 0.200688 0.297784 0.239629 0.282618 0.436983 0.204007 0.506138 0.356836 0.192743 0.374839 0.213009 0.368635 0.485702 0.450737 0.331287 0.325893 0.319382 0.370737 0.345014 0.547874
0.618932 0.638027 0.363275 0.67487 0.459362 0.733833 0.661003 0.811249 0.389729 0.554515 0.626324 0.646916 0.695472 0.762653 0.52445 0.687208 0.681951 0.828433 0.528364 0.764503 0.656869 0.607943 0.619272 0.683851 0.598573 0.645889 0.812108 0.428641 0.828981 0.694757 0.800483 0.800699 0.592925 0.442762 0.526457 0.610911 0.764762 0.548621 0.473543 0.675308 0.667814 0.552817 0.582657 0.659242 0.856242 0.512337 0.43141 0.734797 0.604434 0.455847 0.335916 0.221653 0.435632 0.429207 0.185746 0.369539 0.209727 0.338787 0.449676 0.432673 0.52449 0.540164 0.52337 0.143743 0.669617 0.315601 0.312222 0.415326 0.546081 0.359139 0.317484 0.738963 0.573345 0.438069 0.29286 0.324686 0.450968 0.330585 0.14379 0.308667 0.19589 0.293809 0.234938 0.278462 0.43556 0.199218 0.50607 0.35378 0.187869 0.372289 0.208199 0.365725 0.485363 0.449422 0.327799 0.322275 0.315687 0.367933 0.341847 0.548881
0.621431 0.64089 0.360692 0.678399 0.45854 0.738081 0.664294 0.816015 0.387422 0.555737 0.628993 0.649966 0.699187 0.76714 0.524907 0.690799 0.685544 0.833164 0.529011 0.769091 0.660095 0.61025 0.621842 0.687523 0.600741 0.648928 0.816883 0.427068 0.833687 0.698426 0.805159 0.805363 0.594909 0.441471 0.527215 0.613127 0.769353 0.549647 0.473145 0.678818 0.671137 0.553892 0.584397 0.662329 0.860908 0.512765 0.429974 0.738986 0.60676 0.454835 0.332641 0.21703 0.434157 0.427677 0.181024 0.366868 0.20513 0.335547 0.448385 0.431227 0.525056 0.54096 0.523891 0.139088 0.673027 0.311909 0.308621 0.413521 0.547051 0.356138 0.31408 0.743233 0.575008 0.436747 0.289155 0.321133 0.449858 0.327228 0.139133 0.304858 0.191182 0.289916 0.23036 0.274405 0.434123 0.194566 0.50603 0.350752 0.183154 0.369839 0.203455 0.362795 0.485069 0.448076 0.324322 0.318674 0.312007 0.365177 0.338698 0.549846
0.62392 0.643739 0.358148 0.681825 0.457685 0.742226 0.667551 0.820628 0.385198 0.556987 0.631655 0.652957 0.7028 0.771539 0.525353 0.694357 0.689065 0.837731 0.529706 0.773574 0.66329 0.612522 0.624426 0.691166 0.602906 0.65195 0.821494 0.42549 0.838258 0.702052 0.809717 0.809928 0.596898 0.440236 0.528052 0.615374 0.773852 0.550665 0.472802 0.682306 0.674422 0.554963 0.586116 0.665412 0.865413 0.51322 0.428576 0.743087 0.609063 0.453808 0.329392 0.212455 0.432682 0.426164 0.176411 0.3642 0.200652 0.332338 0.447096 0.429821 0.525649 0.541703 0.524413 0.134588 0.676423 0.308242 0.305072 0.411813 0.547976 0.353159 0.310748 0.747414 0.576706 0.435466 0.285488 0.317659 0.448809 0.32384 0.134648 0.301086 0.186601 0.286091 0.225841 0.270423 0.432633 0.190025 0.505946 0.34772 0.178532 0.367435 0.198851 0.359892 0.484773 0.446769 0.320919 0.315121 0.30837 0.362418 0.335598 0.550781
0.626366 0.646573 0.355655 0.685299 0.456853 0.746328 0.670741 0.825145 0.382992 0.55824 0.634257 0.655921 0.706367 0.775854 0.525761 0.697884 0.692569 0.84215 0.530358 0.777988 0.666464 0.614762 0.626983 0.694775 0.605036 0.6549 0.82601 0.423923 0.842711 0.705601 0.814162 0.814363 0.598894 0.439032 0.528892 0.617619 0.778247 0.551662 0.472477 0.685735 0.677701 0.556015 0.587815 0.668429 0.869772 0.513681 0.427175 0.747137 0.611343 0.452786 0.326199 0.208031 0.431202 0.424648 0.17193 0.361594 0.196326 0.329106 0.445784 0.428423 0.526216 0.542414 0.524923 0.130251 0.6798 0.304623 0.301571 0.410044 0.548915 0.35024 0.307447 0.751545 0.578421 0.434216 0.281878 0.314198 0.447736 0.320509 0.130296 0.297366 0.182151 0.282332 0.221442 0.266472 0.431162 0.185584 0.505872 0.344717 0.174051 0.365043 0.194341 0.357 0.484428 0.445462 0.317553 0.311591 0.30475 0.359674 0.332547 0.551736
0.628805 0.649344 0.353185 0.688731 0.456029 0.750357 0.673919 0.829533 0.380787 0.559519 0.636903 0.658863 0.709856 0.78006 0.526216 0.70131 0.696036 0.846465 0.530999 0.782304 0.669624 0.616998 0.6295 0.698356 0.607189 0.657878 0.830407 0.422356 0.847044 0.709124 0.818464 0.818676 0.60083 0.437771 0.529719 0.619766 0.782551 0.552594 0.472207 0.689154 0.680875 0.557053 0.5895 0.671422 0.873948 0.514183 0.425799 0.751099 0.613667 0.451745 0.323024 0.203622 0.429723 0.423117 0.167545 0.358988 0.192053 0.325945 0.444462 0.427016 0.526765 0.543093 0.525398 0.126055 0.683093 0.301047 0.298095 0.408327 0.549746 0.347319 0.304216 0.755602 0.580129 0.432883 0.278375 0.310785 0.446654 0.317195 0.12606 0.293613 0.177788 0.278596 0.217138 0.262604 0.429663 0.181274 0.505739 0.341808 0.169683 0.36268 0.189957 0.354125 0.484128 0.444136 0.314198 0.308113 0.301168 0.356908 0.329512 0.552696
0.631185 0.652128 0.350745 0.692115 0.455257 0.75431 0.677027 0.833839 0.3786 0.560802 0.639479 0.661783 0.713306 0.784184 0.526616 0.704703 0.699447 0.850665 0.531694 0.786524 0.672745 0.619198 0.632042 0.701913 0.609323 0.660828 0.834687 0.4208 0.851238 0.712564 0.822656 0.822882 0.602811 0.436577 0.530567 0.621932 0.786794 0.553566 0.471894 0.692559 0.684036 0.558124 0.591202 0.674383 0.877991 0.514678 0.424403 0.75498 0.616 0.450711 0.319899 0.199359 0.428212 0.421594 0.163295 0.356459 0.187906 0.322769 0.443155 0.425594 0.527323 0.543818 0.525918 0.121985 0.686355 0.297519 0.294721 0.406601 0.550641 0.344407 0.301037 0.75958 0.581824 0.431595 0.274898 0.307428 0.44559 0.313947 0.122022 0.289942 0.173572 0.274914 0.212901 0.258807 0.428181 0.177065 0.505558 0.338932 0.16544 0.360336 0.185672 0.351251 0.483845 0.442784 0.310886 0.304706 0.297645 0.354233 0.326536 0.55365
0.63356 0.654868 0.348373 0.695468 0.454475 0.758219 0.680144 0.837994 0.376415 0.562084 0.642045 0.664705 0.716716 0.788212 0.526991 0.708072 0.702849 0.854751 0.532292 0.790678 0.675829 0.621411 0.634558 0.705402 0.611467 0.663702 0.838838 0.419248 0.855283 0.715998 0.826761 0.826963 0.604763 0.435363 0.531464 0.624064 0.790944 0.554525 0.471582 0.695902 0.687121 0.55915 0.592869 0.677342 0.881927 0.515139 0.423028 0.758806 0.618308 0.449666 0.316793 0.195213 0.426747 0.420111 0.159145 0.353892 0.183852 0.319624 0.441814 0.424192 0.527899 0.544472 0.526423 0.118065 0.689607 0.294033 0.291324 0.404925 0.551515 0.341516 0.297893 0.763488 0.583501 0.430356 0.271511 0.304107 0.444493 0.310695 0.118104 0.286301 0.169457 0.271355 0.208767 0.2551 0.426725 0.17298 0.505346 0.336007 0.161289 0.358049 0.1815 0.348408 0.483522 0.441392 0.3076 0.301311 0.294184 0.351541 0.323579 0.554531
0.635909 0.657562 0.346058 0.698783 0.453674 0.762056 0.683212 0.842025 0.374324 0.563342 0.64463 0.66758 0.720048 0.79218 0.527334 0.711393 0.706189 0.858699 0.532974 0.794756 0.678872 0.623583 0.637036 0.708855 0.613599 0.666583 0.842872 0.417692 0.859226 0.719368 0.830754 0.830932 0.606698 0.434194 0.532295 0.626198 0.795009 0.555447 0.471331 0.699227 0.690194 0.560158 0.594563 0.680231 0.885702 0.515631 0.421624 0.762542 0.620565 0.448644 0.313699 0.19115 0.425292 0.418639 0.155142 0.351378 0.179904 0.316578 0.440464 0.422816 0.528486 0.545149 0.526891 0.114275 0.69283 0.29055 0.288027 0.403226 0.552367 0.338686 0.294842 0.767337 0.585205 0.42915 0.26818 0.300804 0.443452 0.3075 0.114305 0.282704 0.165442 0.267787 0.204723 0.251441 0.425283 0.168997 0.505203 0.33311 0.157255 0.355854 0.177413 0.345554 0.483223 0.439998 0.304357 0.297905 0.290732 0.348892 0.320664 0.555392
0.638251 0.66031 0.343746 0.702009 0.452872 0.765821 0.686221 0.845973 0.372238 0.564644 0.647206 0.670443 0.723318 0.796033 0.52775 0.71463 0.709479 0.862514 0.533682 0.798733 0.681923 0.625708 0.639528 0.71228 0.61571 0.669417 0.846821 0.416175 0.863053 0.722647 0.834639 0.834795 0.608604 0.433015 0.533195 0.628282 0.798991 0.556397 0.47112 0.702516 0.693233 0.561154 0.596217 0.683078 0.88935 0.516163 0.420298 0.766219 0.622841 0.447654 0.310661 0.187162 0.423857 0.417187 0.151236 0.348893 0.176055 0.313511 0.439094 0.421468 0.529033 0.545843 0.527416 0.110626 0.695993 0.287116 0.284782 0.401584 0.553215 0.335839 0.29185 0.771081 0.586871 0.427937 0.264926 0.297532 0.442364 0.30434 0.110656 0.279148 0.161554 0.264273 0.200701 0.247848 0.42381 0.16513 0.505007 0.33026 0.15335 0.353591 0.173404 0.342722 0.482913 0.438569 0.301131 0.294572 0.287286 0.34619 0.317808 0.556306
0.640611 0.66298 0.341513 0.705241 0.452103 0.769533 0.689242 0.849787 0.370127 0.565947 0.649725 0.673241 0.726531 0.799823 0.528076 0.717849 0.712691 0.866232 0.534389 0.802646 0.684921 0.627851 0.642013 0.715677 0.617802 0.672269 0.850643 0.414653 0.866743 0.725879 0.838397 0.838564 0.610517 0.431847 0.534106 0.630339 0.802883 0.557347 0.470882 0.705726 0.696283 0.562169 0.597852 0.685941 0.892893 0.516703 0.418936 0.769828 0.625145 0.446606 0.307659 0.183261 0.4224 0.415657 0.147444 0.346416 0.172326 0.310503 0.437718 0.420126 0.529529 0.54647 0.527943 0.107084 0.699119 0.283761 0.281588 0.399929 0.553997 0.332976 0.288874 0.774767 0.588546 0.42671 0.261721 0.294295 0.441323 0.301174 0.107134 0.27566 0.15778 0.260827 0.196808 0.244308 0.422362 0.161366 0.504755 0.327422 0.149539 0.351386 0.169502 0.3399 0.482616 0.437179 0.297954 0.29128 0.283895 0.343555 0.314954 0.557179
0.64293 0.665621 0.339324 0.708427 0.451323 0.773175 0.692197 0.853495 0.368087 0.567179 0.652236 0.676049 0.729691 0.803515 0.52839 0.721028 0.715856 0.869832 0.535077 0.806473 0.687899 0.629977 0.644499 0.719042 0.619929 0.675031 0.85438 0.413139 0.870311 0.729085 0.842075 0.842241 0.612444 0.430677 0.535018 0.632361 0.806705 0.558268 0.470683 0.708906 0.699241 0.563175 0.599446 0.688701 0.896307 0.517252 0.417641 0.77333 0.627432 0.445528 0.304698 0.179468 0.42093 0.414169 0.143748 0.343967 0.168666 0.307524 0.436278 0.418816 0.530097 0.547153 0.528444 0.10369 0.702226 0.280362 0.278426 0.398331 0.554846 0.330146 0.285986 0.778388 0.590234 0.425518 0.258583 0.291061 0.440298 0.298063 0.103742 0.272208 0.154058 0.257427 0.192994 0.240816 0.420914 0.15767 0.504529 0.324613 0.145829 0.349203 0.165688 0.33708 0.482312 0.435781 0.294821 0.288036 0.280532 0.340938 0.312181 0.558059
0.645181 0.66828 0.337151 0.711572 0.450524 0.776748 0.695154 0.857117 0.366044 0.568428 0.654763 0.678811 0.732777 0.807155 0.528716 0.724142 0.719007 0.873315 0.535776 0.810224 0.690823 0.632084 0.646936 0.722367 0.622019 0.677897 0.857983 0.411617 0.873785 0.732218 0.845658 0.845819 0.614301 0.429491 0.53589 0.634382 0.810449 0.559169 0.470526 0.712092 0.702181 0.564176 0.601026 0.691456 0.89959 0.517809 0.416343 0.776775 0.629733 0.444419 0.301765 0.175764 0.419508 0.412702 0.140172 0.341544 0.165115 0.304574 0.434901 0.417406 0.530649 0.547777 0.528904 0.100401 0.705264 0.277013 0.275289 0.396771 0.555646 0.327367 0.283083 0.781928 0.591951 0.424265 0.255512 0.287854 0.439223 0.294983 0.100458 0.268815 0.150485 0.254089 0.189255 0.237401 0.419476 0.154105 0.504264 0.321843 0.142235 0.347086 0.161971 0.334274 0.482018 0.434339 0.291742 0.284819 0.277196 0.338367 0.309432 0.558908
0.647409 0.670918 0.335011 0.714722 0.449751 0.780242 0.698036 0.860628 0.364021 0.56968 0.657243 0.6815 0.735836 0.810676 0.52904 0.727211 0.72213 0.876684 0.536406 0.81388 0.693738 0.634132 0.649381 0.725676 0.624131 0.680654 0.861515 0.410066 0.877152 0.735321 0.849155 0.849309 0.616143 0.428348 0.53683 0.636408 0.814136 0.56005 0.470419 0.715232 0.705043 0.565172 0.602599 0.694149 0.90274 0.518336 0.415108 0.78017 0.631976 0.443389 0.298868 0.17217 0.418075 0.411202 0.136683 0.339161 0.161643 0.301693 0.4335 0.416047 0.531211 0.548404 0.5294 0.0972386 0.70829 0.273755 0.272247 0.395171 0.556439 0.324584 0.280222 0.785423 0.593639 0.423076 0.252534 0.284695 0.438132 0.291919 0.0972871 0.26546 0.146981 0.250781 0.18559 0.234061 0.418007 0.150634 0.504013 0.319101 0.138729 0.345016 0.15833 0.331508 0.481717 0.432913 0.288649 0.28163 0.273895 0.33583 0.30669 0.559754
0.649694 0.673529 0.332953 0.717805 0.448977 0.783661 0.700915 0.86404 0.362003 0.570914 0.659715 0.684178 0.738878 0.814139 0.529353 0.730238 0.725182 0.879972 0.537069 0.817515 0.696642 0.636211 0.651806 0.728915 0.626243 0.683378 0.864971 0.408526 0.880413 0.738338 0.852551 0.852695 0.618034 0.42716 0.537819 0.638368 0.817749 0.560983 0.470326 0.718379 0.707893 0.566162 0.604114 0.696773 0.905812 0.518905 0.413825 0.783493 0.634208 0.442353 0.296008 0.168652 0.416621 0.40976 0.133306 0.336847 0.158285 0.298805 0.432067 0.414753 0.531781 0.549002 0.529895 0.0941775 0.711257 0.2705 0.269248 0.39363 0.557217 0.321817 0.277455 0.788845 0.595299 0.421935 0.249602 0.281556 0.437081 0.288915 0.0942188 0.262118 0.14359 0.247512 0.182015 0.230758 0.416547 0.147242 0.50371 0.316359 0.135326 0.343019 0.154787 0.32873 0.481444 0.431463 0.285614 0.278472 0.270631 0.333267 0.303974 0.560568
0.651948 0.676093 0.330916 0.720869 0.448226 0.787064 0.703713 0.867357 0.360042 0.572188 0.662133 0.68686 0.741808 0.817551 0.529646 0.733229 0.728207 0.883165 0.537753 0.82104 0.699495 0.638236 0.654233 0.732162 0.628333 0.686047 0.868285 0.407035 0.88356 0.741333 0.855851 0.855998 0.619865 0.426025 0.538804 0.640298 0.821263 0.561862 0.470263 0.721462 0.710718 0.567105 0.60568 0.699403 0.908754 0.519536 0.412548 0.786769 0.636514 0.441288 0.293187 0.165189 0.415118 0.408296 0.130009 0.334554 0.155022 0.295931 0.430618 0.413383 0.532364 0.549541 0.530444 0.0912292 0.71421 0.267291 0.266265 0.392022 0.557962 0.319072 0.274759 0.792196 0.596965 0.4208 0.246749 0.278481 0.435991 0.285917 0.0912682 0.25878 0.140274 0.244344 0.1785 0.227537 0.415085 0.143964 0.503375 0.313662 0.13202 0.341063 0.151327 0.325937 0.481213 0.430002 0.282611 0.275353 0.267443 0.33076 0.301309 0.561447
0.654151 0.67861 0.328932 0.723909 0.447495 0.790408 0.706516 0.870581 0.358104 0.57342 0.66456 0.689551 0.744718 0.820857 0.529949 0.736155 0.731212 0.886249 0.53841 0.824482 0.702353 0.640265 0.656629 0.735387 0.630416 0.688727 0.871484 0.405531 0.886638 0.744265 0.859081 0.859199 0.62173 0.424946 0.539836 0.642234 0.824734 0.562681 0.470155 0.724514 0.713491 0.56809 0.607242 0.702016 0.911615 0.520138 0.411302 0.789949 0.638744 0.440178 0.290371 0.161794 0.41365 0.406858 0.126787 0.332237 0.151841 0.293126 0.429135 0.412069 0.532925 0.55008 0.530972 0.0883758 0.717118 0.264063 0.263336 0.390464 0.558694 0.316361 0.272136 0.795486 0.598645 0.419629 0.243884 0.275436 0.434904 0.282985 0.0884258 0.255507 0.137058 0.241221 0.175069 0.224343 0.413588 0.140764 0.503019 0.310966 0.128796 0.339105 0.147972 0.323165 0.480939 0.428509 0.279646 0.272261 0.264255 0.328247 0.298747 0.562247
0.656358 0.681113 0.327012 0.72692 0.446778 0.793654 0.709327 0.873707 0.356186 0.574712 0.666986 0.692185 0.747572 0.824115 0.530235 0.739024 0.734135 0.889232 0.539111 0.827894 0.705164 0.642297 0.659024 0.7385 0.632468 0.691415 0.874611 0.404041 0.889616 0.747172 0.862196 0.862321 0.623557 0.423821 0.540891 0.644125 0.82811 0.563523 0.470147 0.727555 0.716258 0.569019 0.608752 0.704621 0.914366 0.520773 0.410076 0.793107 0.641031 0.439067 0.287618 0.158505 0.412198 0.405398 0.123672 0.329958 0.148757 0.290371 0.427615 0.410743 0.533454 0.550598 0.531468 0.0856194 0.719998 0.260909 0.260463 0.388922 0.559451 0.313639 0.269521 0.79872 0.600341 0.418475 0.241123 0.27243 0.43386 0.280068 0.0856668 0.252245 0.133913 0.238122 0.171692 0.221231 0.41213 0.137669 0.502632 0.308281 0.125675 0.337238 0.144729 0.320447 0.480706 0.426977 0.276704 0.269182 0.261122 0.325701 0.296194 0.563055
0.658523 0.683623 0.325103 0.729875 0.446034 0.796845 0.712062 0.876745 0.354319 0.575968 0.669365 0.694786 0.750388 0.827284 0.530481 0.741855 0.737091 0.89212 0.539745 0.831196 0.708001 0.644297 0.661413 0.741624 0.634569 0.69408 0.877668 0.402516 0.892493 0.750025 0.865212 0.86534 0.625433 0.422719 0.541982 0.645995 0.831405 0.564404 0.470147 0.730548 0.718989 0.569947 0.610262 0.707131 0.917029 0.521384 0.408852 0.796222 0.643301 0.437992 0.284855 0.155274 0.410765 0.40392 0.120642 0.327698 0.145745 0.287627 0.426096 0.409421 0.534016 0.551103 0.531966 0.0829732 0.722847 0.257757 0.257668 0.387374 0.560156 0.310968 0.266967 0.801887 0.602071 0.417352 0.238414 0.269449 0.432818 0.27718 0.0830158 0.249025 0.130887 0.235093 0.168403 0.218161 0.41067 0.134635 0.502214 0.305608 0.122635 0.335365 0.141523 0.317696 0.480466 0.425437 0.273786 0.266173 0.257988 0.32326 0.293646 0.563857
0.660678 0.686079 0.323255 0.732801 0.445314 0.79999 0.714785 0.879695 0.35246 0.577244 0.671749 0.697387 0.753121 0.830412 0.530732 0.744627 0.73996 0.894921 0.540427 0.834436 0.710768 0.64628 0.663779 0.744677 0.636612 0.696682 0.880633 0.401033 0.895282 0.752821 0.868139 0.868296 0.627252 0.421637 0.543066 0.647837 0.834628 0.565247 0.470175 0.733468 0.721668 0.570883 0.611762 0.70957 0.91959 0.522043 0.407651 0.799249 0.645548 0.436943 0.282131 0.152089 0.409301 0.402483 0.117716 0.325504 0.142837 0.284888 0.424603 0.408138 0.534591 0.551625 0.532448 0.0804062 0.725731 0.254661 0.25487 0.385859 0.56084 0.308311 0.264468 0.804963 0.603833 0.416221 0.235763 0.266522 0.431784 0.274297 0.0804621 0.245853 0.127934 0.232107 0.165157 0.215135 0.409227 0.131667 0.501827 0.302964 0.119683 0.333556 0.138421 0.314962 0.48018 0.423937 0.270918 0.263201 0.254902 0.320778 0.291161 0.564605
0.662858 0.688496 0.321445 0.735703 0.444621 0.803065 0.71748 0.882574 0.350623 0.578487 0.674124 0.699937 0.755831 0.83344 0.530993 0.747359 0.742798 0.897635 0.541197 0.83759 0.713533 0.648272 0.66609 0.74773 0.638708 0.69926 0.883506 0.399522 0.897975 0.75557 0.871006 0.871162 0.629093 0.420528 0.544151 0.649676 0.837784 0.566119 0.470209 0.736396 0.724301 0.57178 0.613308 0.712001 0.922065 0.522685 0.40649 0.80219 0.647818 0.435791 0.27946 0.148999 0.407788 0.401051 0.114875 0.323334 0.139986 0.282223 0.42306 0.406838 0.535143 0.552092 0.532972 0.077942 0.72855 0.251615 0.252111 0.384388 0.561492 0.305648 0.262039 0.808006 0.605573 0.415052 0.23318 0.263615 0.430708 0.271461 0.0779877 0.24272 0.12506 0.229174 0.161988 0.212199 0.407762 0.128802 0.501379 0.300335 0.116825 0.331751 0.13538 0.31226 0.479947 0.422384 0.268043 0.260229 0.251862 0.318336 0.28869 0.565299
0.664986 0.69096 0.319706 0.738591 0.443947 0.806043 0.720159 0.885361 0.348809 0.579757 0.676481 0.702481 0.758501 0.83638 0.531206 0.750061 0.745607 0.900251 0.541956 0.840706 0.716231 0.650203 0.668424 0.750741 0.640726 0.701845 0.886309 0.398016 0.900595 0.758273 0.873779 0.873938 0.630931 0.419457 0.545231 0.651467 0.840894 0.566922 0.470268 0.739263 0.726931 0.572684 0.61481 0.714397 0.924442 0.523395 0.405327 0.805086 0.650062 0.434675 0.276816 0.145978 0.406276 0.399634 0.112124 0.321163 0.137189 0.279544 0.421452 0.405562 0.53575 0.552586 0.533486 0.0755701 0.731351 0.248592 0.249407 0.382851 0.562177 0.303019 0.259671 0.810975 0.607336 0.413964 0.230663 0.26074 0.429674 0.268672 0.0755968 0.2396 0.122261 0.226267 0.158887 0.209304 0.406303 0.126031 0.500903 0.297779 0.114057 0.329986 0.13242 0.309563 0.479666 0.420824 0.265229 0.257326 0.24882 0.315904 0.286223 0.566004
0.667079 0.693357 0.317984 0.741433 0.443217 0.809009 0.722792 0.888068 0.347008 0.581039 0.678805 0.705 0.761111 0.839286 0.53145 0.752726 0.748353 0.902798 0.542644 0.843746 0.71894 0.652109 0.670748 0.753728 0.642807 0.704426 0.889013 0.396531 0.903136 0.761001 0.876476 0.876635 0.632717 0.418341 0.546315 0.653289 0.843937 0.56776 0.470343 0.742131 0.729476 0.5736 0.616315 0.716758 0.926732 0.524129 0.404181 0.807945 0.652306 0.433562 0.274192 0.143051 0.404832 0.398214 0.109429 0.319035 0.134484 0.276922 0.419899 0.40433 0.536303 0.553042 0.534033 0.0732712 0.734115 0.245614 0.246752 0.381389 0.562804 0.30038 0.257321 0.813885 0.609086 0.412871 0.228185 0.257897 0.428607 0.265896 0.0733036 0.236513 0.11954 0.223461 0.155863 0.206464 0.404836 0.12333 0.500436 0.295199 0.111365 0.328252 0.129537 0.306852 0.47936 0.419281 0.262461 0.254407 0.245808 0.313462 0.283852 0.566725
0.669168 0.695726 0.316349 0.744257 0.442514 0.811904 0.725409 0.890717 0.345213 0.582309 0.68116 0.707494 0.763677 0.842108 0.531628 0.755365 0.751071 0.90526 0.543351 0.846719 0.721586 0.65404 0.673121 0.756683 0.644858 0.706958 0.891639 0.395108 0.905591 0.763628 0.879116 0.879262 0.63451 0.417228 0.547443 0.655131 0.846903 0.568563 0.470481 0.744938 0.731983 0.574457 0.617803 0.719112 0.928944 0.524843 0.403056 0.810721 0.654524 0.432448 0.271637 0.140184 0.403342 0.396796 0.106837 0.316934 0.131842 0.274335 0.418317 0.403076 0.536869 0.553463 0.534496 0.0710447 0.736838 0.242663 0.244139 0.379943 0.563467 0.297768 0.254983 0.816728 0.610785 0.411814 0.225792 0.255092 0.42756 0.26318 0.0710862 0.233469 0.116917 0.220682 0.152892 0.20366 0.403308 0.120703 0.499953 0.292667 0.108754 0.326582 0.126727 0.304135 0.479027 0.417715 0.259715 0.251544 0.242839 0.311058 0.281475 0.567421
0.671221 0.698089 0.314743 0.747001 0.441863 0.814788 0.72798 0.893288 0.343444 0.583621 0.68346 0.709993 0.766175 0.844842 0.531808 0.757941 0.753756 0.907651 0.544104 0.849633 0.724203 0.65597 0.675467 0.759624 0.646884 0.709458 0.894219 0.393614 0.90798 0.766176 0.881661 0.881818 0.636251 0.416158 0.548618 0.656887 0.849827 0.569324 0.470618 0.747734 0.734472 0.575329 0.61923 0.721389 0.931084 0.525639 0.401956 0.813425 0.656779 0.431326 0.26907 0.137373 0.401915 0.395369 0.104309 0.314843 0.129273 0.271775 0.416686 0.401876 0.537355 0.553892 0.535046 0.0689018 0.739538 0.23973 0.241538 0.378537 0.564127 0.295171 0.252701 0.819515 0.612546 0.410754 0.223429 0.252323 0.426519 0.260498 0.0689467 0.230478 0.11435 0.217944 0.149996 0.200942 0.401819 0.118148 0.499461 0.29013 0.106208 0.324901 0.124009 0.301473 0.478733 0.416127 0.256997 0.248709 0.23992 0.308681 0.279164 0.56815
0.673282 0.700433 0.313122 0.749754 0.441192 0.817583 0.730542 0.895791 0.341729 0.584919 0.685774 0.712445 0.768624 0.847532 0.531976 0.760473 0.756423 0.909982 0.544808 0.852471 0.726795 0.657878 0.677812 0.76251 0.648915 0.711932 0.896711 0.392122 0.910284 0.768689 0.884149 0.884281 0.638038 0.415096 0.549785 0.658622 0.852657 0.570164 0.470767 0.750522 0.736933 0.576185 0.620716 0.72365 0.933138 0.526448 0.400822 0.816111 0.65902 0.430159 0.266521 0.134623 0.400433 0.393896 0.101856 0.312762 0.126768 0.269232 0.415086 0.400635 0.537938 0.554292 0.535515 0.0668399 0.742215 0.236837 0.23902 0.377121 0.564759 0.292606 0.250475 0.822248 0.614303 0.409725 0.22114 0.249542 0.42549 0.257833 0.0668692 0.227486 0.111848 0.215236 0.147153 0.198251 0.40032 0.115681 0.498906 0.287612 0.10373 0.323287 0.121343 0.298797 0.478481 0.414483 0.254337 0.245892 0.237061 0.306309 0.276882 0.56883
0.675306 0.702782 0.311584 0.752481 0.440495 0.820325 0.73306 0.898209 0.340049 0.586168 0.688048 0.714884 0.771032 0.850159 0.532113 0.762974 0.75905 0.912221 0.545499 0.855257 0.729396 0.659791 0.68014 0.765343 0.650945 0.714421 0.899135 0.390674 0.912534 0.771173 0.886563 0.886691 0.639759 0.414029 0.551014 0.66037 0.855447 0.570921 0.470935 0.753253 0.739352 0.577031 0.622178 0.72586 0.935131 0.527226 0.399704 0.818725 0.661273 0.428999 0.264024 0.131936 0.398929 0.392486 0.0994725 0.31073 0.124348 0.266702 0.413366 0.399393 0.538527 0.554679 0.53604 0.0648545 0.744834 0.233999 0.236526 0.375674 0.565355 0.290063 0.248301 0.824909 0.616058 0.408705 0.218899 0.246824 0.424502 0.255181 0.0648776 0.224532 0.109423 0.212587 0.144393 0.195591 0.398829 0.113262 0.498312 0.285128 0.101312 0.321732 0.118731 0.296153 0.478192 0.412845 0.251699 0.243097 0.234224 0.30399 0.274583 0.569525
0.677349 0.705076 0.310108 0.755155 0.439843 0.823012 0.735536 0.900551 0.338347 0.587386 0.690298 0.717301 0.77341 0.852722 0.532299 0.765441 0.76163 0.914403 0.546209 0.857975 0.731944 0.661657 0.682456 0.768172 0.652958 0.716893 0.901512 0.389262 0.914713 0.773624 0.888921 0.889022 0.641542 0.412969 0.552241 0.662043 0.858176 0.571631 0.471166 0.755955 0.741738 0.577881 0.623612 0.728027 0.93705 0.52807 0.398638 0.821298 0.663495 0.427853 0.261571 0.129312 0.397473 0.391055 0.0971412 0.308716 0.121994 0.264206 0.411685 0.398182 0.539119 0.5551 0.536566 0.0629393 0.747435 0.231205 0.234091 0.374271 0.56597 0.287506 0.246186 0.827547 0.617815 0.407725 0.216719 0.244141 0.423455 0.252555 0.0629558 0.221614 0.107079 0.209958 0.141683 0.193005 0.397374 0.110908 0.497652 0.28269 0.0989718 0.320195 0.116187 0.293512 0.47792 0.41113 0.249086 0.240313 0.231388 0.301689 0.272342 0.570218
0.679342 0.707345 0.308694 0.757854 0.439167 0.825637 0.738007 0.902833 0.336707 0.588621 0.692586 0.719655 0.775733 0.855263 0.532364 0.767825 0.764178 0.916508 0.54697 0.860629 0.734492 0.663555 0.684747 0.770972 0.654949 0.719323 0.903791 0.387749 0.916817 0.776007 0.891206 0.891308 0.643282 0.411926 0.55355 0.66371 0.860842 0.572401 0.471416 0.758616 0.744074 0.578745 0.625032 0.730174 0.938911 0.528915 0.397566 0.823784 0.665732 0.426762 0.259144 0.126765 0.396007 0.389604 0.0948899 0.306714 0.119719 0.261784 0.41 0.396975 0.539695 0.555425 0.537101 0.0610819 0.749994 0.22839 0.231666 0.372901 0.566563 0.284984 0.244098 0.830133 0.619594 0.406714 0.214575 0.241445 0.422485 0.249985 0.0611031 0.218714 0.104799 0.207397 0.139027 0.190409 0.395893 0.108627 0.497078 0.280234 0.0966797 0.318653 0.113696 0.29091 0.477643 0.409463 0.246482 0.237558 0.228581 0.299365 0.270129 0.570872
0.681346 0.709632 0.307266 0.760509 0.438512 0.828232 0.740432 0.905046 0.335024 0.589915 0.694832 0.722014 0.778019 0.857727 0.532487 0.770217 0.766684 0.918548 0.547675 0.863247 0.737044 0.665435 0.687108 0.773692 0.656969 0.721757 0.906023 0.386303 0.918851 0.778398 0.893436 0.893521 0.644992 0.410901 0.554821 0.665355 0.863451 0.573107 0.471739 0.761229 0.746404 0.579601 0.626435 0.732273 0.940701 0.529736 0.396489 0.82623 0.667925 0.425621 0.256768 0.124288 0.394504 0.388185 0.0927035 0.304758 0.117489 0.259351 0.408343 0.395741 0.54029 0.555725 0.537614 0.0592913 0.752568 0.225613 0.229298 0.371537 0.567152 0.282503 0.242077 0.832663 0.621366 0.405742 0.212498 0.23883 0.421537 0.247433 0.0593097 0.215827 0.102576 0.204882 0.136432 0.187906 0.394378 0.10642 0.496467 0.277797 0.0945002 0.317192 0.111269 0.288293 0.477431 0.407758 0.243913 0.23484 0.225813 0.297047 0.26798 0.571518
0.683316 0.71188 0.305901 0.763114 0.437884 0.830747 0.742863 0.907182 0.333392 0.591197 0.697053 0.724342 0.780263 0.86015 0.532638 0.772511 0.76917 0.920527 0.548396 0.865785 0.73952 0.667254 0.689375 0.776429 0.659005 0.724205 0.908185 0.384862 0.92082 0.780695 0.895599 0.895675 0.646705 0.409888 0.556167 0.666981 0.865982 0.573882 0.47203 0.763828 0.748669 0.580496 0.627832 0.734364 0.942433 0.530598 0.395376 0.828632 0.670166 0.424451 0.254407 0.121863 0.393003 0.38682 0.090585 0.302807 0.11534 0.25697 0.406589 0.394534 0.540864 0.55608 0.538126 0.0575658 0.755111 0.222892 0.226975 0.370177 0.567714 0.279958 0.240067 0.835146 0.623128 0.404745 0.210449 0.236208 0.420575 0.244907 0.0575745 0.212975 0.100404 0.202392 0.13389 0.185451 0.392898 0.104278 0.495737 0.275386 0.0923459 0.315776 0.108908 0.285667 0.477158 0.406035 0.241376 0.232146 0.223071 0.294764 0.265822 0.57211
0.685225 0.714129 0.304603 0.765692 0.437272 0.833209 0.745243 0.90928 0.331768 0.592479 0.699254 0.726631 0.782459 0.862506 0.532732 0.774813 0.771611 0.922435 0.5491 0.868288 0.741992 0.669047 0.691637 0.779117 0.660952 0.726601 0.910268 0.383426 0.922722 0.782952 0.897689 0.897771 0.648434 0.408854 0.557458 0.668575 0.868475 0.574617 0.472377 0.766399 0.750922 0.581314 0.62916 0.736438 0.944113 0.531479 0.394322 0.830964 0.672415 0.423265 0.252066 0.119487 0.391509 0.385435 0.088527 0.300897 0.11322 0.254617 0.404875 0.393323 0.541487 0.556359 0.538634 0.0559043 0.757622 0.220182 0.224672 0.368863 0.568249 0.277472 0.238139 0.837584 0.624917 0.403751 0.208458 0.233586 0.419578 0.242415 0.0559041 0.210193 0.0982974 0.199956 0.131413 0.183039 0.391422 0.102191 0.495034 0.273007 0.0902826 0.31439 0.106619 0.283089 0.476891 0.4043 0.238817 0.229498 0.220359 0.292473 0.2637 0.572725
0.687139 0.71637 0.303306 0.768238 0.436642 0.835662 0.747601 0.91131 0.330161 0.593771 0.701445 0.728902 0.7846 0.86479 0.532832 0.777077 0.774034 0.924288 0.549793 0.870726 0.744414 0.670837 0.693935 0.781806 0.662937 0.728978 0.912314 0.381955 0.924566 0.785175 0.899726 0.899815 0.650189 0.407805 0.558759 0.670165 0.87089 0.575319 0.472756 0.768949 0.75318 0.582161 0.630529 0.738456 0.945726 0.532399 0.393272 0.833279 0.674586 0.422052 0.249775 0.117167 0.390053 0.384021 0.0865345 0.298986 0.111178 0.252258 0.403087 0.392142 0.542105 0.556572 0.539129 0.0542975 0.760103 0.217494 0.22243 0.367528 0.568808 0.274993 0.23626 0.839946 0.626719 0.402774 0.206535 0.231033 0.418571 0.239908 0.0542973 0.207436 0.0962642 0.197574 0.128988 0.180684 0.389932 0.100144 0.494256 0.270644 0.0882477 0.313032 0.104372 0.280481 0.476672 0.402507 0.236324 0.226872 0.217664 0.290221 0.261605 0.573311
0.68902 0.718561 0.302087 0.77075 0.436053 0.838052 0.749938 0.913283 0.328574 0.595076 0.703615 0.731158 0.786682 0.867037 0.532873 0.779297 0.776421 0.926091 0.550506 0.873113 0.746825 0.672657 0.696212 0.784457 0.664912 0.731322 0.914285 0.380481 0.926367 0.78734 0.901692 0.901784 0.651885 0.406762 0.560155 0.671736 0.873312 0.575999 0.473112 0.771449 0.755364 0.582961 0.631891 0.740453 0.947284 0.533333 0.392256 0.835526 0.676788 0.420871 0.247496 0.114901 0.388606 0.382619 0.0845893 0.297085 0.109189 0.24991 0.401292 0.391003 0.542718 0.556815 0.539649 0.0527363 0.762563 0.214848 0.220226 0.366183 0.569396 0.272533 0.234413 0.842261 0.628496 0.401808 0.204658 0.228532 0.417589 0.23748 0.052744 0.204702 0.0943021 0.19524 0.126615 0.178391 0.388437 0.0981747 0.493534 0.268304 0.0862935 0.311674 0.102198 0.277888 0.476399 0.400713 0.233869 0.224252 0.215014 0.287965 0.25956 0.573892
0.690876 0.720737 0.300886 0.773232 0.435424 0.840394 0.75228 0.915197 0.327075 0.596343 0.705795 0.733397 0.788726 0.869231 0.532908 0.781507 0.778764 0.927835 0.551226 0.87546 0.749222 0.674435 0.698486 0.787085 0.666884 0.733668 0.916204 0.379038 0.928084 0.789475 0.903616 0.90372 0.653631 0.40574 0.561507 0.673288 0.875644 0.576663 0.473525 0.773926 0.757507 0.583747 0.633231 0.742383 0.948787 0.534265 0.391253 0.837739 0.679037 0.419664 0.245225 0.112686 0.387127 0.381196 0.0826892 0.295263 0.10724 0.247609 0.399479 0.389898 0.543281 0.557012 0.540176 0.051228 0.764991 0.212265 0.218062 0.364912 0.569921 0.270116 0.232591 0.844538 0.630347 0.400841 0.202818 0.226026 0.416586 0.235023 0.0512437 0.201989 0.0923711 0.192917 0.124287 0.176105 0.386973 0.0962416 0.492735 0.265958 0.0843818 0.310378 0.100071 0.275298 0.476097 0.39887 0.231428 0.221644 0.212367 0.285752 0.257557 0.574448
0.692767 0.722882 0.299731 0.775673 0.434811 0.842682 0.75454 0.917065 0.325578 0.597642 0.707957 0.735598 0.790735 0.871375 0.532995 0.783638 0.781063 0.929518 0.551986 0.877756 0.751599 0.676216 0.700733 0.789679 0.66884 0.73596 0.918062 0.377589 0.929763 0.791594 0.905472 0.905598 0.65533 0.404721 0.562904 0.674775 0.87791 0.577319 0.473922 0.776383 0.75963 0.584583 0.634573 0.744338 0.950237 0.535247 0.390266 0.839888 0.681249 0.418456 0.243005 0.110506 0.385634 0.379803 0.0808545 0.293468 0.105364 0.245318 0.397653 0.38874 0.543858 0.557221 0.540658 0.0497811 0.767381 0.209702 0.215935 0.363654 0.570488 0.267701 0.230822 0.846785 0.632156 0.399917 0.201031 0.22356 0.41561 0.232622 0.0497983 0.199284 0.0904946 0.190667 0.122008 0.173879 0.385395 0.0943742 0.49196 0.263621 0.0825221 0.309137 0.0980088 0.272715 0.475855 0.397029 0.228998 0.219116 0.209783 0.283542 0.255595 0.575029
0.694681 0.725016 0.298593 0.778111 0.434239 0.844921 0.756782 0.918872 0.324098 0.59896 0.71008 0.7378 0.792708 0.873476 0.53307 0.785733 0.783315 0.931154 0.552719 0.879999 0.753963 0.677927 0.702961 0.792229 0.670824 0.738264 0.919876 0.376174 0.931387 0.793643 0.907294 0.907421 0.657091 0.403696 0.564361 0.676335 0.880134 0.578022 0.474377 0.778826 0.761742 0.585376 0.635869 0.746263 0.951641 0.536255 0.389347 0.841987 0.683483 0.417234 0.240814 0.108395 0.384114 0.378376 0.0790675 0.291724 0.103524 0.243073 0.39579 0.387609 0.544418 0.557383 0.541194 0.0483758 0.769761 0.207175 0.213854 0.362372 0.571004 0.265283 0.229127 0.848962 0.633981 0.398987 0.199294 0.221111 0.414593 0.230239 0.0483947 0.196629 0.0886736 0.188441 0.119772 0.171694 0.383936 0.0925771 0.491179 0.261349 0.0807106 0.307914 0.0959921 0.270188 0.47561 0.395179 0.226621 0.216579 0.207227 0.281341 0.253675 0.575554
0.69655 0.7271 0.297536 0.780504 0.433691 0.847139 0.758969 0.920633 0.322649 0.600261 0.712224 0.739971 0.794644 0.875529 0.533124 0.787804 0.785542 0.932727 0.553502 0.88219 0.756324 0.679655 0.705192 0.794757 0.672781 0.740541 0.92164 0.374691 0.932962 0.795667 0.909066 0.909188 0.658761 0.402661 0.565815 0.677795 0.882298 0.578692 0.474847 0.78125 0.76378 0.586185 0.637191 0.748136 0.952989 0.537245 0.388374 0.844037 0.685689 0.416022 0.238652 0.106334 0.382649 0.376974 0.0773208 0.289968 0.101748 0.240833 0.393915 0.38649 0.545013 0.557511 0.541735 0.0470241 0.772132 0.204621 0.211798 0.361126 0.571455 0.262918 0.227447 0.851113 0.635812 0.398073 0.197626 0.218689 0.413567 0.2279 0.0470379 0.194028 0.0868869 0.186251 0.117568 0.169541 0.382421 0.0908229 0.49031 0.259078 0.0789523 0.306719 0.094019 0.267628 0.475364 0.393287 0.224301 0.214101 0.204691 0.2792 0.251775 0.576044
0.698393 0.729199 0.296581 0.782892 0.4331 0.8493 0.761176 0.92234 0.321178 0.601612 0.714337 0.742131 0.796528 0.877522 0.533139 0.78982 0.787746 0.934257 0.55422 0.88434 0.75865 0.681366 0.707404 0.797251 0.67474 0.742816 0.923342 0.37327 0.93449 0.797642 0.910772 0.9109 0.660473 0.401618 0.567292 0.679271 0.884437 0.579335 0.475388 0.783636 0.765775 0.586964 0.638517 0.749963 0.954292 0.538321 0.387437 0.846058 0.687917 0.414806 0.236553 0.104309 0.38111 0.375549 0.075637 0.288194 0.100028 0.238612 0.392045 0.385341 0.545642 0.557599 0.542286 0.0457233 0.774453 0.202108 0.20976 0.35993 0.571921 0.260528 0.225803 0.853223 0.63764 0.397144 0.196016 0.216286 0.412623 0.225542 0.0457277 0.191429 0.0851675 0.184082 0.115442 0.167431 0.380905 0.0891069 0.489432 0.256782 0.0772473 0.305505 0.0921023 0.265116 0.475093 0.391404 0.221966 0.211602 0.202187 0.277024 0.249869 0.576577
0.700208 0.731256 0.295551 0.785222 0.43257 0.851415 0.763329 0.923999 0.319746 0.602948 0.716437 0.744251 0.798351 0.879469 0.533125 0.791809 0.789921 0.935745 0.554966 0.886436 0.760959 0.683033 0.709573 0.799733 0.676699 0.745052 0.925007 0.371799 0.935965 0.799546 0.912438 0.91257 0.662187 0.400596 0.568823 0.680712 0.886517 0.579965 0.475982 0.785995 0.767751 0.58777 0.639815 0.751772 0.955556 0.539409 0.386508 0.848031 0.690161 0.413541 0.234441 0.102364 0.379621 0.374141 0.0739996 0.2865 0.0983557 0.236447 0.390155 0.384192 0.546202 0.557724 0.542789 0.0444576 0.77674 0.199601 0.207775 0.358699 0.572356 0.258158 0.224194 0.855292 0.639506 0.396222 0.194397 0.213892 0.411599 0.2232 0.0444606 0.188855 0.0834984 0.182 0.113345 0.165374 0.379334 0.087455 0.488534 0.254512 0.0755863 0.304403 0.0902354 0.262551 0.474867 0.389498 0.219684 0.209144 0.199721 0.274889 0.248003 0.577086
0.70202 0.733301 0.29459 0.787529 0.432049 0.853498 0.765474 0.925633 0.318319 0.60427 0.718517 0.746339 0.800164 0.881373 0.533062 0.793764 0.792074 0.937193 0.55577 0.88848 0.763215 0.684701 0.711795 0.802182 0.678662 0.747313 0.926621 0.370319 0.937405 0.801469 0.914073 0.914192 0.663838 0.399583 0.570365 0.682138 0.888568 0.580616 0.476574 0.788333 0.769709 0.588525 0.641048 0.753545 0.956774 0.540498 0.385613 0.84996 0.692382 0.41233 0.232369 0.100443 0.378079 0.37273 0.0724165 0.284818 0.0967152 0.234289 0.388279 0.383071 0.546824 0.557768 0.543341 0.0432363 0.779005 0.197162 0.205806 0.357505 0.5728 0.25581 0.222637 0.857312 0.641378 0.395342 0.192846 0.211564 0.41063 0.220926 0.0432403 0.18631 0.0818602 0.179926 0.111298 0.163359 0.377812 0.0858256 0.48757 0.252264 0.0739791 0.303307 0.0884169 0.260029 0.474619 0.387519 0.2174 0.206731 0.197283 0.272805 0.246189 0.577573
0.703764 0.735354 0.293711 0.789856 0.431508 0.855542 0.767594 0.927209 0.316912 0.605648 0.720607 0.74842 0.8019 0.88324 0.533071 0.795668 0.794179 0.9386 0.556565 0.890487 0.765476 0.68639 0.714001 0.804603 0.680572 0.749537 0.928192 0.368865 0.938785 0.803342 0.915648 0.915769 0.665498 0.398634 0.571927 0.683556 0.890563 0.581243 0.477174 0.790622 0.77161 0.589319 0.64233 0.755297 0.957949 0.541584 0.384737 0.85184 0.694587 0.411103 0.230287 0.0985526 0.376522 0.371352 0.0708736 0.28317 0.0951264 0.232197 0.386315 0.381942 0.547445 0.557911 0.543856 0.0420617 0.781241 0.194759 0.203895 0.35631 0.573193 0.253476 0.221145 0.859287 0.643217 0.39442 0.191321 0.209282 0.409636 0.218684 0.0420627 0.183813 0.0802919 0.177878 0.109288 0.161383 0.376288 0.0842648 0.486561 0.250068 0.0724341 0.30225 0.0866354 0.257512 0.474386 0.385546 0.215151 0.204349 0.194871 0.270724 0.244422 0.577999
0.705522 0.737362 0.292865 0.792112 0.431007 0.857542 0.769694 0.92873 0.31553 0.607015 0.722673 0.750496 0.80367 0.885071 0.533036 0.797562 0.796242 0.939962 0.557314 0.892447 0.767703 0.688056 0.716203 0.806948 0.682501 0.751765 0.929725 0.367402 0.940136 0.805161 0.917183 0.917296 0.667166 0.397645 0.573513 0.684912 0.892535 0.581874 0.477884 0.792878 0.773522 0.590088 0.643576 0.757019 0.959089 0.542759 0.383845 0.853684 0.6968 0.409868 0.228237 0.0967146 0.375016 0.369933 0.0693803 0.281526 0.093583 0.230111 0.384337 0.380815 0.548002 0.557975 0.544409 0.0409167 0.783467 0.192357 0.202007 0.355112 0.573539 0.251146 0.219656 0.861217 0.645094 0.39354 0.18985 0.20702 0.408656 0.216473 0.0409251 0.181329 0.0787546 0.175881 0.107315 0.159455 0.374743 0.0827382 0.485564 0.247847 0.0709139 0.301245 0.0849046 0.254999 0.474126 0.383562 0.212946 0.201972 0.192481 0.268609 0.242655 0.578478
0.707261 0.739381 0.292062 0.794363 0.430484 0.859502 0.771771 0.930218 0.314162 0.608353 0.724746 0.752545 0.805357 0.886843 0.532959 0.799414 0.798289 0.941276 0.558105 0.894365 0.769909 0.68972 0.718428 0.809333 0.684456 0.753941 0.931221 0.36591 0.941452 0.806959 0.918672 0.918778 0.668838 0.396675 0.575178 0.686264 0.894447 0.582506 0.47857 0.795126 0.775365 0.590846 0.644811 0.758676 0.96019 0.543934 0.38296 0.855494 0.699026 0.408575 0.226229 0.0949017 0.373498 0.368526 0.0679238 0.279884 0.0920809 0.228038 0.382339 0.379679 0.548662 0.558031 0.544956 0.0398196 0.785648 0.189977 0.20015 0.353914 0.57398 0.248808 0.218226 0.863123 0.646994 0.392651 0.188443 0.204787 0.407652 0.214296 0.0398278 0.178879 0.0772564 0.173895 0.105412 0.157579 0.373206 0.0812495 0.484531 0.245633 0.0694373 0.30023 0.0832101 0.252517 0.473909 0.381573 0.210761 0.199639 0.19009 0.266537 0.24092 0.578882
0.708971 0.741389 0.291288 0.796623 0.429991 0.861398 0.773779 0.931661 0.312802 0.609723 0.726784 0.754554 0.807017 0.888592 0.532917 0.801241 0.800321 0.942556 0.558901 0.896254 0.772092 0.69134 0.720598 0.811659 0.686391 0.756115 0.932665 0.364411 0.942727 0.808716 0.920118 0.920227 0.670472 0.395671 0.576849 0.687631 0.896301 0.583109 0.479286 0.797336 0.777236 0.591601 0.646008 0.760323 0.961254 0.545089 0.382061 0.857278 0.701246 0.407264 0.224266 0.0931676 0.371972 0.367103 0.0665097 0.278274 0.0906233 0.225955 0.380333 0.378619 0.549269 0.55802 0.545493 0.0387503 0.787803 0.187633 0.198353 0.352793 0.574393 0.246522 0.216813 0.864968 0.648881 0.391781 0.18707 0.202573 0.406667 0.212094 0.0387716 0.176456 0.0758 0.17197 0.103546 0.155729 0.371666 0.0798004 0.483486 0.243468 0.0680092 0.299282 0.081552 0.250028 0.473697 0.379585 0.208585 0.197325 0.187751 0.264505 0.239213 0.579309
0.710664 0.743369 0.290561 0.79882 0.42945 0.863275 0.775808 0.933065 0.311453 0.611121 0.72881 0.756538 0.808636 0.890304 0.532838 0.803043 0.802302 0.943797 0.559698 0.8981 0.774236 0.692922 0.722742 0.813954 0.688295 0.758293 0.934067 0.362929 0.943965 0.810428 0.921531 0.92164 0.672118 0.394646 0.578575 0.688916 0.898132 0.583701 0.480001 0.799528 0.779009 0.59239 0.647205 0.76196 0.962282 0.546291 0.381198 0.85901 0.703433 0.406027 0.222345 0.0914675 0.37045 0.365709 0.065139 0.276714 0.0892173 0.223936 0.378356 0.377535 0.54991 0.558056 0.546079 0.0377193 0.789961 0.185308 0.196586 0.35165 0.574754 0.244237 0.215464 0.866782 0.650764 0.390927 0.185712 0.200361 0.405678 0.209941 0.0377407 0.174037 0.0743891 0.170055 0.101707 0.153903 0.370126 0.0784012 0.482428 0.241318 0.0666217 0.298347 0.0799378 0.247569 0.473437 0.377576 0.206432 0.195055 0.185425 0.262478 0.237542 0.579695
0.712389 0.745375 0.289831 0.800984 0.429006 0.865127 0.777779 0.934419 0.310104 0.612497 0.730875 0.758467 0.810191 0.891984 0.532755 0.804817 0.804266 0.94499 0.560472 0.899906 0.776385 0.694481 0.724912 0.816247 0.690181 0.760438 0.935441 0.361503 0.945169 0.81214 0.922896 0.92301 0.673747 0.393643 0.580271 0.690205 0.89994 0.584324 0.480823 0.801699 0.780789 0.593146 0.648442 0.763556 0.963272 0.547493 0.380374 0.860692 0.705635 0.404711 0.220426 0.0897813 0.368916 0.364255 0.063807 0.275152 0.0878477 0.221939 0.376341 0.376467 0.550537 0.558008 0.546703 0.036723 0.792087 0.183046 0.194816 0.350536 0.575099 0.241953 0.214102 0.868559 0.652646 0.390088 0.184394 0.198185 0.404715 0.20782 0.0367511 0.171669 0.0730173 0.168207 0.0999159 0.152131 0.368574 0.0770365 0.481282 0.23916 0.0652707 0.297507 0.0783751 0.24512 0.473212 0.375528 0.204321 0.192792 0.183139 0.26049 0.235909 0.580082
0.714065 0.747309 0.289194 0.803117 0.428491 0.866921 0.779749 0.935754 0.308823 0.613894 0.732909 0.760376 0.8117 0.893611 0.532633 0.806562 0.806199 0.94616 0.561308 0.901663 0.778502 0.696062 0.72706 0.818515 0.692109 0.76258 0.936754 0.360044 0.946327 0.813777 0.924233 0.924343 0.675334 0.392682 0.582011 0.691512 0.901695 0.58493 0.481638 0.803825 0.782547 0.593932 0.649664 0.765168 0.964234 0.548707 0.379552 0.862311 0.707854 0.403409 0.218532 0.0881617 0.367372 0.362862 0.0624915 0.273643 0.086508 0.219985 0.374294 0.375443 0.551231 0.557942 0.547257 0.0357635 0.794198 0.180788 0.193091 0.349472 0.575424 0.239716 0.212828 0.870298 0.654546 0.389283 0.183111 0.19607 0.403779 0.205672 0.035791 0.169318 0.071678 0.166363 0.0981493 0.150388 0.367035 0.0757058 0.480111 0.237 0.0639523 0.296634 0.0768427 0.242644 0.472984 0.373474 0.202188 0.190542 0.180902 0.258482 0.234275 0.580487
0.715713 0.749248 0.288576 0.805213 0.428011 0.868706 0.781715 0.937035 0.307598 0.615253 0.73493 0.762299 0.813183 0.895188 0.532527 0.808274 0.808093 0.947295 0.56212 0.903377 0.7806 0.697671 0.729235 0.820787 0.694003 0.764685 0.938036 0.358603 0.947453 0.815421 0.925523 0.925625 0.676971 0.391702 0.583752 0.692777 0.903415 0.585556 0.48248 0.805941 0.784257 0.594675 0.65082 0.766717 0.965166 0.549962 0.378721 0.863942 0.710067 0.402097 0.216663 0.0865562 0.365821 0.361446 0.0612307 0.272159 0.0852031 0.218044 0.372198 0.374386 0.551889 0.557858 0.547807 0.0348346 0.796293 0.178576 0.191415 0.348377 0.575779 0.237483 0.211569 0.872012 0.656446 0.388476 0.181901 0.193958 0.402857 0.203607 0.0348548 0.166998 0.0703778 0.164566 0.0964327 0.148658 0.365457 0.0744089 0.478931 0.234893 0.0626646 0.295789 0.0753546 0.240166 0.472753 0.371409 0.200085 0.188293 0.178674 0.256496 0.232665 0.58087
0.71736 0.751162 0.288032 0.807294 0.427573 0.870454 0.783653 0.938289 0.30633 0.616565 0.736912 0.764228 0.814653 0.896744 0.532391 0.80997 0.809962 0.948386 0.562936 0.905069 0.782672 0.699229 0.731395 0.822981 0.695921 0.76676 0.939289 0.357202 0.948548 0.817052 0.926772 0.92688 0.678614 0.390736 0.585545 0.694069 0.905102 0.586116 0.483396 0.808028 0.785921 0.595371 0.652011 0.76826 0.966067 0.55127 0.377939 0.865525 0.712269 0.400777 0.214799 0.0849924 0.364294 0.36006 0.0600033 0.270642 0.0839367 0.216092 0.370094 0.373359 0.552563 0.557759 0.548348 0.0339388 0.798351 0.176365 0.189752 0.347289 0.576141 0.235226 0.210356 0.873671 0.658397 0.38768 0.180723 0.191869 0.401901 0.201545 0.0339494 0.164686 0.0691093 0.162833 0.0947474 0.146975 0.36384 0.0731435 0.477758 0.232782 0.0614174 0.295002 0.0739001 0.237722 0.472525 0.369307 0.198005 0.186067 0.176474 0.254496 0.231083 0.581201
0.719047 0.753096 0.287493 0.809346 0.427112 0.872171 0.785513 0.93951 0.305039 0.617962 0.738902 0.766116 0.816085 0.898263 0.532245 0.811576 0.811816 0.94945 0.563775 0.906719 0.784734 0.700747 0.733559 0.825184 0.697817 0.768852 0.940509 0.355759 0.949617 0.818607 0.928012 0.928101 0.680254 0.389764 0.587371 0.695308 0.906758 0.586697 0.484266 0.810076 0.787591 0.596087 0.653151 0.769724 0.966938 0.552546 0.37715 0.867068 0.714495 0.399408 0.212976 0.0834591 0.362757 0.35867 0.058818 0.269168 0.0827137 0.214191 0.367995 0.3723 0.553163 0.557653 0.54891 0.0330709 0.800378 0.174188 0.188108 0.346227 0.576455 0.232987 0.209152 0.87532 0.660312 0.386885 0.179562 0.18979 0.400925 0.199519 0.0330808 0.162405 0.0678818 0.161108 0.093107 0.145323 0.362281 0.0719219 0.476539 0.230696 0.0602069 0.294221 0.072489 0.235296 0.472308 0.367161 0.195976 0.183868 0.174263 0.252525 0.229563 0.581518
0.720717 0.754963 0.287027 0.811383 0.426632 0.873839 0.787374 0.940687 0.303821 0.619316 0.740853 0.767984 0.81748 0.899752 0.532097 0.813205 0.813639 0.950486 0.564639 0.908336 0.78676 0.702304 0.735697 0.827351 0.699739 0.770913 0.941688 0.354286 0.950643 0.820123 0.929202 0.929296 0.681828 0.388774 0.589164 0.696536 0.908368 0.587273 0.485229 0.812125 0.789239 0.596818 0.654279 0.771174 0.967778 0.553859 0.376348 0.868567 0.71668 0.39807 0.211196 0.0819718 0.361117 0.357252 0.057657 0.267699 0.0815214 0.212286 0.36585 0.371291 0.553806 0.557519 0.549467 0.0322278 0.802404 0.17203 0.186503 0.345162 0.576737 0.230776 0.208033 0.876912 0.662241 0.386123 0.178432 0.187727 0.39994 0.197505 0.0322391 0.160164 0.0666698 0.159424 0.0914817 0.143709 0.360665 0.07073 0.475266 0.22863 0.0590212 0.293513 0.0711157 0.23287 0.472037 0.365013 0.193974 0.181703 0.172107 0.250572 0.228049 0.581808
0.722375 0.75682 0.286634 0.813418 0.426205 0.875492 0.789213 0.941842 0.302628 0.620749 0.74282 0.769855 0.818848 0.9012 0.531897 0.814791 0.815415 0.951487 0.565489 0.909913 0.788807 0.703825 0.737825 0.829461 0.701622 0.772982 0.942839 0.352824 0.951638 0.821633 0.930348 0.930458 0.683444 0.387786 0.591046 0.697732 0.909949 0.587802 0.486181 0.814154 0.790867 0.597559 0.655376 0.772624 0.968598 0.555173 0.375608 0.870039 0.718908 0.396725 0.209435 0.0805289 0.359558 0.35586 0.0565326 0.266292 0.0803638 0.210448 0.3637 0.370286 0.554483 0.557403 0.55009 0.0314118 0.804392 0.169899 0.184934 0.344106 0.576991 0.228539 0.206936 0.878494 0.664225 0.385332 0.177389 0.18572 0.398965 0.195531 0.0314239 0.15792 0.0655038 0.157747 0.0898989 0.142135 0.359089 0.0695737 0.47399 0.226555 0.05788 0.292795 0.0697655 0.230472 0.471784 0.362845 0.191975 0.179571 0.169958 0.248642 0.226551 0.582098
0.723994 0.758673 0.286258 0.815414 0.425771 0.877087 0.791069 0.942965 0.301498 0.622189 0.744753 0.77167 0.820156 0.902617 0.531681 0.816369 0.817201 0.95246 0.566368 0.911456 0.790814 0.705325 0.739974 0.831595 0.703466 0.775017 0.943962 0.351368 0.952609 0.823106 0.931471 0.931574 0.685061 0.386776 0.59294 0.698926 0.9115 0.588302 0.487197 0.816157 0.792423 0.598279 0.656497 0.774051 0.969388 0.556528 0.374859 0.871474 0.721099 0.395337 0.207669 0.079101 0.358008 0.354458 0.0554194 0.264927 0.0792329 0.208622 0.361535 0.369319 0.555114 0.557264 0.550676 0.0306273 0.806378 0.167788 0.183378 0.343056 0.577223 0.226383 0.205849 0.880013 0.66617 0.384523 0.17635 0.183728 0.397991 0.19359 0.0306368 0.15572 0.0643701 0.156103 0.0883507 0.140583 0.357497 0.0684419 0.472661 0.224527 0.0567685 0.292142 0.068443 0.228077 0.471546 0.360644 0.190006 0.177441 0.167839 0.246711 0.225079 0.582386
0.725626 0.760509 0.285901 0.8174 0.425404 0.87867 0.792899 0.944054 0.300351 0.623616 0.746716 0.773448 0.821449 0.904018 0.531539 0.817879 0.818941 0.953406 0.567224 0.912963 0.792802 0.706799 0.742061 0.833695 0.705361 0.777045 0.945043 0.349894 0.953555 0.82456 0.932571 0.932672 0.686705 0.385777 0.594824 0.700081 0.91301 0.588856 0.488321 0.818138 0.793958 0.598967 0.657617 0.775463 0.970151 0.557921 0.374117 0.872903 0.723309 0.393993 0.205916 0.0777127 0.356473 0.35304 0.0543452 0.263569 0.078159 0.206823 0.359363 0.368301 0.555812 0.557016 0.551269 0.0298623 0.808332 0.165699 0.181837 0.342025 0.577476 0.224211 0.204832 0.881523 0.668128 0.383773 0.175343 0.181741 0.397007 0.191631 0.0298704 0.153519 0.0632829 0.154487 0.0868318 0.139059 0.355921 0.0673489 0.471336 0.222464 0.0556862 0.291521 0.0671594 0.225701 0.471322 0.358429 0.188083 0.175312 0.165742 0.244816 0.223628 0.582711
0.727204 0.76232 0.285594 0.819364 0.424983 0.880219 0.794721 0.945117 0.299215 0.625026 0.748637 0.775219 0.8227 0.905385 0.531343 0.819359 0.82065 0.954318 0.568077 0.914459 0.79479 0.708269 0.744157 0.835779 0.70723 0.779086 0.946112 0.348424 0.954467 0.826 0.933638 0.933735 0.688315 0.384839 0.596735 0.701248 0.914499 0.589376 0.489443 0.82008 0.795484 0.599728 0.658753 0.776815 0.970884 0.559339 0.373392 0.874284 0.725517 0.392598 0.204211 0.0763581 0.354895 0.351644 0.0533068 0.262246 0.0771035 0.205041 0.357122 0.367281 0.556484 0.55675 0.55187 0.0291241 0.810261 0.163645 0.180343 0.340983 0.577696 0.222081 0.203832 0.883014 0.670099 0.383039 0.174374 0.179779 0.396055 0.189685 0.0291277 0.15136 0.0622063 0.152891 0.0853533 0.137584 0.35436 0.0662826 0.469955 0.220419 0.054631 0.290962 0.0659064 0.223323 0.471105 0.3562 0.186152 0.173203 0.163665 0.24296 0.222195 0.582994
0.72878 0.764133 0.28532 0.821288 0.424582 0.881726 0.796508 0.946149 0.298082 0.626394 0.750592 0.776949 0.823956 0.906719 0.5311 0.820857 0.822334 0.955208 0.568974 0.9159 0.796735 0.709729 0.746251 0.837834 0.709077 0.781108 0.94714 0.346953 0.955352 0.827401 0.934676 0.934773 0.689898 0.383866 0.598711 0.702382 0.915946 0.589932 0.490543 0.822013 0.796996 0.600477 0.659863 0.778148 0.971598 0.560776 0.372728 0.875632 0.727723 0.391238 0.202523 0.075032 0.353301 0.350256 0.0522912 0.260898 0.0760652 0.20326 0.354855 0.366325 0.557202 0.55654 0.552499 0.0284062 0.812152 0.161607 0.178874 0.339949 0.577927 0.219942 0.202873 0.884472 0.672089 0.382298 0.173421 0.177841 0.3951 0.187786 0.0284096 0.149205 0.0611623 0.151336 0.0838934 0.136123 0.352821 0.0652538 0.468566 0.218405 0.0535993 0.290411 0.0646784 0.220969 0.470883 0.35394 0.184232 0.171123 0.161643 0.241092 0.220807 0.583305
0.730314 0.765921 0.285104 0.823194 0.424197 0.883211 0.798244 0.947149 0.296973 0.627826 0.752489 0.778671 0.825161 0.908021 0.530903 0.82227 0.823975 0.956071 0.569849 0.917319 0.798678 0.711176 0.748392 0.83985 0.710906 0.783128 0.948144 0.345494 0.956215 0.828793 0.93569 0.935789 0.691491 0.382844 0.600702 0.703534 0.917351 0.590442 0.491669 0.823913 0.798468 0.601184 0.660955 0.779447 0.97229 0.562226 0.37208 0.876938 0.729922 0.389858 0.200844 0.073743 0.351769 0.348812 0.0513125 0.259594 0.075055 0.201532 0.352547 0.365337 0.55783 0.556281 0.553108 0.027713 0.814034 0.159608 0.177454 0.338985 0.578135 0.217804 0.201949 0.885894 0.674088 0.381589 0.172537 0.175911 0.394112 0.185907 0.027717 0.14711 0.0601447 0.149838 0.0824745 0.134684 0.35117 0.0642472 0.467123 0.216422 0.0525982 0.289932 0.0634781 0.218591 0.470595 0.351686 0.182323 0.169068 0.159626 0.239236 0.219432 0.583571
0.731851 0.767678 0.284923 0.825088 0.423805 0.884677 0.799957 0.948126 0.295906 0.629267 0.754416 0.780362 0.826325 0.909306 0.53067 0.823697 0.825615 0.956911 0.570734 0.918712 0.800633 0.71264 0.750482 0.841849 0.712734 0.785093 0.949115 0.344003 0.957048 0.83013 0.936675 0.936765 0.693032 0.381891 0.602679 0.704687 0.91874 0.590927 0.492846 0.825823 0.799916 0.601901 0.662054 0.780762 0.972956 0.563735 0.371415 0.87822 0.732129 0.388456 0.199198 0.072467 0.350153 0.347368 0.0503613 0.258334 0.07408 0.199784 0.350244 0.364342 0.558507 0.555992 0.553741 0.0270408 0.81592 0.157598 0.17605 0.338044 0.578348 0.215697 0.201067 0.887298 0.676074 0.380893 0.171672 0.174046 0.393205 0.184047 0.0270531 0.145026 0.0591599 0.148343 0.0810821 0.133292 0.349579 0.063258 0.465681 0.214456 0.0516312 0.289479 0.0623115 0.216227 0.470348 0.34941 0.180465 0.167042 0.157641 0.237361 0.218072 0.583835
0.733371 0.769416 0.284769 0.826925 0.4234 0.886109 0.80166 0.949074 0.294803 0.630731 0.756291 0.782061 0.827465 0.910532 0.530447 0.825079 0.827231 0.957723 0.57163 0.920067 0.802556 0.714057 0.752593 0.843834 0.714566 0.787063 0.950062 0.342529 0.957868 0.831458 0.93764 0.937718 0.694632 0.380925 0.604727 0.705777 0.920101 0.591442 0.494071 0.827671 0.801335 0.602635 0.663123 0.78202 0.973609 0.565264 0.370758 0.87946 0.734333 0.38701 0.197613 0.071212 0.348533 0.345972 0.0494287 0.257049 0.0731313 0.198084 0.34792 0.363405 0.559212 0.555693 0.554421 0.0263951 0.817759 0.155624 0.174648 0.337118 0.578528 0.213604 0.200219 0.888648 0.678062 0.380192 0.170838 0.172198 0.392245 0.182221 0.026403 0.142965 0.0581932 0.146878 0.0797122 0.131926 0.34795 0.062311 0.464224 0.212497 0.0506861 0.28902 0.0611734 0.213879 0.4701 0.347054 0.178623 0.16505 0.155651 0.235543 0.216732 0.584077
0.7349 0.771176 0.284689 0.828779 0.422946 0.88752 0.803345 0.950007 0.293698 0.632151 0.758141 0.783723 0.828579 0.91174 0.530197 0.826469 0.828811 0.958513 0.572497 0.921396 0.80445 0.715487 0.754657 0.845788 0.716419 0.789 0.950978 0.341066 0.958654 0.832752 0.938575 0.93865 0.696203 0.379913 0.606784 0.706842 0.921426 0.591915 0.495296 0.829494 0.802723 0.603346 0.664177 0.783262 0.974239 0.566796 0.370126 0.880674 0.73652 0.385544 0.195986 0.0699936 0.346951 0.344549 0.0485216 0.255811 0.0722012 0.196359 0.345558 0.362442 0.559884 0.555351 0.555078 0.0257699 0.819581 0.153664 0.173302 0.336167 0.578729 0.21149 0.199383 0.889988 0.680059 0.379506 0.170009 0.170366 0.391288 0.180379 0.0257752 0.140906 0.05726 0.145423 0.0783869 0.130592 0.346336 0.0613675 0.462728 0.210531 0.0497633 0.288567 0.0600638 0.21156 0.469878 0.344717 0.176792 0.163062 0.153702 0.233734 0.215429 0.584273
0.736399 0.772902 0.284633 0.830597 0.422567 0.888908 0.805009 0.95091 0.292647 0.633659 0.760001 0.785399 0.829687 0.91293 0.52995 0.82781 0.830395 0.959282 0.573454 0.922696 0.806306 0.716924 0.756742 0.847719 0.718244 0.790936 0.951872 0.339563 0.959426 0.834012 0.93949 0.939551 0.69779 0.378932 0.608834 0.707944 0.92272 0.592379 0.496563 0.831307 0.804127 0.604053 0.665242 0.784509 0.974843 0.568317 0.36951 0.881875 0.738734 0.384094 0.194407 0.0688049 0.345302 0.343137 0.0476335 0.254597 0.0713222 0.194683 0.343213 0.361415 0.560566 0.555011 0.5557 0.0251622 0.821365 0.151745 0.171978 0.335235 0.578892 0.209432 0.198562 0.891295 0.682073 0.378785 0.169221 0.168533 0.390351 0.178577 0.0251643 0.138885 0.0563554 0.144031 0.0770877 0.129262 0.34475 0.0604753 0.461186 0.208564 0.0488602 0.288183 0.0589842 0.20925 0.469618 0.342365 0.17497 0.161091 0.151767 0.231952 0.214126 0.584508
0.737886 0.774634 0.284617 0.832409 0.422248 0.890266 0.806651 0.951789 0.291617 0.635138 0.761873 0.787052 0.830746 0.914092 0.529703 0.829112 0.831919 0.960029 0.574365 0.923969 0.808165 0.718381 0.758776 0.84965 0.72006 0.792847 0.952742 0.338079 0.960167 0.835243 0.940368 0.940446 0.699376 0.377965 0.610948 0.709 0.924001 0.592856 0.497853 0.833094 0.805453 0.604775 0.666274 0.785739 0.975435 0.569894 0.368897 0.883025 0.740904 0.382613 0.19283 0.0676472 0.343673 0.341679 0.0467704 0.253403 0.0704491 0.193038 0.340851 0.360461 0.561251 0.554611 0.55633 0.0245739 0.823184 0.149849 0.170678 0.334357 0.579036 0.207347 0.197807 0.892567 0.684062 0.378118 0.168497 0.166739 0.389382 0.176789 0.0245753 0.136884 0.0554677 0.142649 0.0758058 0.127973 0.343138 0.0596015 0.459621 0.206619 0.0479947 0.287808 0.0579351 0.206966 0.469384 0.34 0.173162 0.159162 0.149861 0.230171 0.212859 0.584699
0.739373 0.776313 0.284637 0.834191 0.421893 0.891606 0.808293 0.952645 0.290572 0.636597 0.763755 0.788684 0.831778 0.915222 0.529436 0.830413 0.833447 0.960759 0.575306 0.92521 0.810007 0.719763 0.760883 0.851551 0.721864 0.794752 0.953593 0.33659 0.960893 0.836455 0.941222 0.94131 0.70096 0.376992 0.613048 0.710022 0.925246 0.593341 0.499183 0.834873 0.806783 0.605482 0.667311 0.786922 0.976007 0.571512 0.368304 0.884168 0.743106 0.38114 0.191299 0.0665173 0.342055 0.340253 0.0459345 0.252253 0.069603 0.191395 0.338455 0.359485 0.561978 0.554246 0.556989 0.0240008 0.824952 0.147967 0.169401 0.333457 0.579185 0.205296 0.197084 0.89381 0.686095 0.377476 0.167802 0.164992 0.388428 0.17502 0.0240057 0.134895 0.0546085 0.141313 0.0745497 0.126718 0.341513 0.058749 0.458014 0.204671 0.0471487 0.287456 0.0568989 0.204654 0.469153 0.33761 0.171386 0.157239 0.147978 0.228393 0.211602 0.584883
0.740831 0.777952 0.284691 0.835978 0.421567 0.892911 0.809925 0.953467 0.28957 0.638043 0.765564 0.790244 0.832789 0.91633 0.529176 0.831679 0.834944 0.961458 0.57626 0.926442 0.811837 0.721182 0.762993 0.8534 0.723681 0.796677 0.954415 0.335095 0.961598 0.837656 0.942049 0.942138 0.702534 0.375975 0.615223 0.711015 0.926479 0.593784 0.500596 0.836662 0.808103 0.60619 0.66832 0.788083 0.976561 0.573159 0.367705 0.885275 0.745254 0.379663 0.189806 0.0654116 0.340466 0.338789 0.0451155 0.251107 0.0687919 0.189783 0.336095 0.358511 0.562674 0.553835 0.557639 0.0234445 0.82672 0.146107 0.168145 0.332562 0.579267 0.20323 0.196349 0.895037 0.688143 0.376805 0.167117 0.163234 0.387499 0.17327 0.0234509 0.132928 0.0537794 0.139995 0.0733302 0.125475 0.33988 0.0579239 0.456402 0.202743 0.046328 0.287132 0.0558932 0.202351 0.468948 0.335179 0.169612 0.155319 0.146091 0.226626 0.210403 0.585015
0.742298 0.779604 0.284813 0.837716 0.421246 0.894178 0.811497 0.954276 0.288584 0.639544 0.767375 0.791818 0.833767 0.917419 0.528884 0.83292 0.836393 0.962144 0.57724 0.927653 0.813637 0.72254 0.765046 0.855249 0.725514 0.79857 0.955221 0.33361 0.96228 0.838818 0.942868 0.942953 0.704119 0.37499 0.617388 0.712012 0.927679 0.594208 0.502028 0.838395 0.809375 0.606875 0.669375 0.789215 0.977098 0.574848 0.367087 0.886365 0.747421 0.378158 0.188327 0.0643257 0.338841 0.337365 0.04432 0.24997 0.0679894 0.188163 0.333692 0.357531 0.563376 0.553407 0.558251 0.0229051 0.82845 0.144256 0.166894 0.331687 0.5794 0.201185 0.195647 0.896248 0.690206 0.376204 0.166487 0.161479 0.38657 0.171529 0.0229133 0.130989 0.052952 0.138666 0.0721452 0.124261 0.338283 0.0571155 0.454797 0.200865 0.0455197 0.286846 0.0549027 0.200067 0.468736 0.332717 0.167864 0.153419 0.144233 0.224864 0.209203 0.585156
0.743738 0.781275 0.284943 0.839439 0.42092 0.895429 0.813075 0.955066 0.287592 0.640973 0.769209 0.793365 0.83472 0.91848 0.528585 0.834141 0.837842 0.962813 0.578217 0.928818 0.815413 0.723907 0.767119 0.857042 0.727332 0.800471 0.956002 0.332137 0.962947 0.839931 0.943656 0.943742 0.705655 0.373996 0.619556 0.712981 0.928846 0.594641 0.503488 0.84011 0.810612 0.607578 0.670351 0.790366 0.977623 0.576499 0.366523 0.887406 0.749579 0.376645 0.186838 0.0632653 0.337194 0.335888 0.0435502 0.248823 0.0672133 0.18656 0.331282 0.356611 0.564113 0.552993 0.558931 0.0223818 0.830144 0.142446 0.165657 0.330828 0.579495 0.199163 0.194994 0.897419 0.692252 0.375542 0.165847 0.159741 0.385626 0.169824 0.0223935 0.129078 0.0521569 0.137379 0.0709737 0.123074 0.336666 0.05633 0.45312 0.198977 0.0447309 0.286608 0.05394 0.197804 0.468521 0.330295 0.166136 0.151544 0.142426 0.223122 0.208 0.585275
0.745165 0.782891 0.285102 0.841148 0.420614 0.896664 0.814637 0.955836 0.286618 0.642438 0.771014 0.79492 0.835646 0.919522 0.528271 0.835303 0.83924 0.96346 0.579206 0.92997 0.817184 0.725251 0.769177 0.858835 0.729141 0.802391 0.956766 0.330667 0.963596 0.841041 0.944427 0.944511 0.70723 0.37297 0.621759 0.713933 0.929996 0.595098 0.504974 0.841807 0.811839 0.608286 0.671346 0.791504 0.978125 0.578212 0.365989 0.888452 0.751745 0.375136 0.185387 0.0622304 0.335591 0.334487 0.0427974 0.247694 0.0664552 0.18501 0.328834 0.355649 0.564858 0.552542 0.559573 0.0218772 0.831846 0.140671 0.16446 0.329953 0.579586 0.197144 0.19435 0.898565 0.694321 0.374876 0.165298 0.158058 0.384689 0.168101 0.0218883 0.127183 0.0513716 0.136108 0.069829 0.121938 0.334997 0.0555655 0.451374 0.197076 0.0439703 0.286396 0.0529989 0.195536 0.468282 0.327842 0.164427 0.149666 0.140649 0.221393 0.206843 0.585374
0.746576 0.784504 0.28531 0.842827 0.420324 0.897874 0.81618 0.956587 0.28565 0.643957 0.772818 0.79644 0.83655 0.920539 0.527927 0.83648 0.840636 0.96409 0.580146 0.931086 0.818928 0.726616 0.771225 0.860609 0.730958 0.804251 0.957517 0.329212 0.964225 0.842138 0.945159 0.945261 0.708799 0.37195 0.623989 0.714882 0.931131 0.595547 0.506507 0.843487 0.813033 0.608977 0.67231 0.792591 0.978617 0.58 0.365469 0.889463 0.753938 0.373601 0.183942 0.061205 0.333975 0.333041 0.0420642 0.246622 0.0657248 0.183466 0.326354 0.354751 0.565564 0.552121 0.560265 0.0213878 0.833536 0.138909 0.163282 0.329123 0.579691 0.195182 0.193757 0.899699 0.696422 0.374233 0.16475 0.156389 0.383767 0.166411 0.0213975 0.1253 0.0506146 0.134852 0.0687028 0.120802 0.333369 0.0548178 0.449653 0.195209 0.043228 0.286228 0.0520878 0.193281 0.468112 0.325371 0.16273 0.147829 0.138856 0.219682 0.205732 0.585518
0.748023 0.786127 0.28557 0.844497 0.420036 0.899052 0.817707 0.957316 0.284692 0.645442 0.774588 0.797953 0.837433 0.92154 0.52758 0.837644 0.84202 0.964706 0.581141 0.932187 0.820664 0.727931 0.773277 0.862351 0.732741 0.806116 0.958241 0.327742 0.964836 0.843219 0.945885 0.945988 0.710369 0.370964 0.626263 0.715828 0.932236 0.595997 0.508063 0.845148 0.814202 0.609713 0.673319 0.793679 0.979092 0.581719 0.364919 0.890442 0.756149 0.372053 0.18254 0.0602111 0.332329 0.3316 0.0413535 0.245554 0.0650178 0.181943 0.323863 0.353836 0.566282 0.551628 0.560939 0.0209141 0.835213 0.13715 0.162164 0.328291 0.579743 0.193187 0.193199 0.900798 0.698483 0.373634 0.164216 0.154723 0.382844 0.164735 0.0209216 0.123431 0.0498785 0.133622 0.0675903 0.119673 0.331695 0.0540982 0.447889 0.193344 0.0424963 0.286069 0.0511928 0.191065 0.467939 0.322858 0.161046 0.145979 0.137104 0.218001 0.204627 0.585626
0.749416 0.787731 0.285856 0.846163 0.419796 0.900213 0.819223 0.958029 0.283773 0.64694 0.776359 0.799461 0.838278 0.922498 0.527249 0.838773 0.843388 0.965301 0.582178 0.933272 0.822389 0.72923 0.775318 0.864075 0.734533 0.807979 0.958939 0.326254 0.965424 0.844277 0.946593 0.946694 0.711928 0.369974 0.628535 0.716754 0.933304 0.596448 0.509628 0.846785 0.81537 0.610367 0.674334 0.794725 0.979553 0.583506 0.364427 0.891385 0.758301 0.370534 0.181133 0.0592292 0.330678 0.330145 0.0406534 0.244501 0.0643312 0.180451 0.321361 0.352917 0.566994 0.55107 0.561635 0.0204513 0.836853 0.135404 0.161032 0.327515 0.57982 0.191205 0.192616 0.901889 0.700581 0.373013 0.163729 0.153082 0.38187 0.16308 0.0204616 0.121596 0.0491606 0.132436 0.0665194 0.118575 0.330067 0.0533994 0.446115 0.191534 0.0417892 0.285938 0.0503211 0.188859 0.467735 0.320322 0.159362 0.14417 0.135361 0.216307 0.203518 0.585733
0.75082 0.789309 0.286184 0.847799 0.41949 0.901355 0.82071 0.958722 0.282839 0.648481 0.778131 0.800927 0.839106 0.923465 0.526871 0.839904 0.844736 0.965881 0.58317 0.934327 0.824091 0.730526 0.777362 0.865803 0.73629 0.80983 0.959625 0.32475 0.966003 0.845302 0.947277 0.947371 0.7135 0.368932 0.630856 0.717658 0.934365 0.596884 0.511251 0.848401 0.81653 0.611053 0.675306 0.795743 0.980003 0.585302 0.363907 0.89234 0.760453 0.368964 0.179761 0.0582777 0.328995 0.328734 0.0399769 0.243477 0.0636564 0.178999 0.318821 0.352021 0.567735 0.550523 0.562314 0.0200063 0.838459 0.133691 0.159934 0.326713 0.579824 0.189214 0.19209 0.902956 0.702682 0.372385 0.163247 0.15146 0.38093 0.161466 0.0200134 0.119793 0.0484614 0.131271 0.065461 0.1175 0.328451 0.0527117 0.444309 0.189682 0.0410992 0.28589 0.049463 0.186641 0.46752 0.317819 0.157712 0.142373 0.133649 0.214627 0.202446 0.585822
0.752177 0.79088 0.286546 0.849428 0.419233 0.902467 0.822166 0.959392 0.281937 0.650018 0.779895 0.802394 0.839894 0.9244 0.526494 0.84099 0.846051 0.966451 0.584145 0.935361 0.825779 0.731823 0.779392 0.867503 0.738052 0.81165 0.960297 0.323278 0.966564 0.846292 0.947945 0.948036 0.715042 0.3679 0.633203 0.718589 0.935397 0.597298 0.51291 0.850005 0.817656 0.611698 0.676276 0.79677 0.980438 0.587101 0.363439 0.893265 0.76262 0.367377 0.178421 0.0573417 0.327309 0.327288 0.0393096 0.242423 0.0630133 0.17754 0.316275 0.351103 0.568497 0.549964 0.56301 0.0195703 0.84006 0.132016 0.158845 0.325911 0.579859 0.187276 0.191634 0.904003 0.704783 0.371825 0.162784 0.149831 0.379952 0.15984 0.0195787 0.118011 0.0477878 0.130124 0.0644241 0.116444 0.326803 0.0520389 0.442473 0.187885 0.0404339 0.285824 0.0486234 0.184436 0.467314 0.315289 0.156105 0.140595 0.131964 0.212992 0.201385 0.5859
0.753562 0.792443 0.286995 0.851008 0.418956 0.903577 0.823616 0.960046 0.281028 0.651556 0.781642 0.803837 0.840651 0.925315 0.526109 0.842047 0.847322 0.967001 0.585119 0.93637 0.827462 0.733108 0.781388 0.869186 0.73981 0.813451 0.960938 0.321776 0.967111 0.847254 0.948599 0.948694 0.716591 0.366887 0.63556 0.719499 0.936411 0.597731 0.514597 0.851604 0.818742 0.612375 0.677238 0.797763 0.980856 0.588958 0.362934 0.894164 0.76473 0.365804 0.177068 0.0564298 0.325644 0.325852 0.0386608 0.241426 0.0623885 0.176103 0.313725 0.350229 0.569296 0.549413 0.563728 0.0191517 0.841671 0.130341 0.157787 0.325116 0.579903 0.185342 0.191185 0.905015 0.7069 0.371232 0.16238 0.14824 0.379037 0.15826 0.0191578 0.116227 0.0471296 0.128986 0.0634163 0.115433 0.325135 0.0513858 0.440643 0.186056 0.0397872 0.285786 0.0477925 0.182238 0.46711 0.312717 0.154507 0.138837 0.1303 0.211374 0.200362 0.58592
0.754918 0.794027 0.287446 0.85258 0.418713 0.904664 0.825065 0.960691 0.280131 0.653097 0.783361 0.805229 0.841422 0.926209 0.525667 0.843096 0.848601 0.967539 0.586151 0.937365 0.829129 0.734363 0.783377 0.870806 0.741607 0.815222 0.96157 0.320271 0.967647 0.848205 0.949239 0.949329 0.71817 0.365902 0.637906 0.720403 0.937411 0.598121 0.516298 0.853154 0.81985 0.613059 0.678176 0.798746 0.981264 0.590846 0.362457 0.895039 0.766892 0.364199 0.175747 0.0555382 0.323995 0.324439 0.0380342 0.240444 0.0617729 0.174683 0.311153 0.349321 0.569986 0.5488 0.564426 0.018744 0.843248 0.128695 0.156742 0.324331 0.579867 0.183422 0.190771 0.90601 0.709017 0.370639 0.161998 0.146655 0.378071 0.15666 0.018747 0.114453 0.0464936 0.127898 0.06243 0.114436 0.323474 0.0507552 0.438739 0.184238 0.0391474 0.28578 0.0469932 0.180071 0.46688 0.310123 0.152932 0.137102 0.128628 0.209749 0.199355 0.585974
0.756259 0.795567 0.287951 0.854135 0.418407 0.905724 0.826453 0.961318 0.279271 0.654681 0.7851 0.806652 0.842148 0.927084 0.525277 0.844116 0.849883 0.968054 0.587233 0.938348 0.8308 0.735621 0.785367 0.872444 0.743345 0.817007 0.962189 0.318774 0.968169 0.849179 0.949858 0.949942 0.719712 0.364911 0.640311 0.721256 0.938388 0.598515 0.518095 0.854692 0.820916 0.613757 0.679121 0.799724 0.981662 0.592754 0.362007 0.895896 0.769023 0.362618 0.174413 0.0546553 0.322305 0.322977 0.0374288 0.239501 0.0611719 0.173275 0.308602 0.34843 0.570743 0.548173 0.565121 0.0183418 0.844821 0.127079 0.155734 0.323566 0.579838 0.181505 0.190369 0.906979 0.711152 0.370064 0.161627 0.145084 0.377109 0.155088 0.018349 0.112714 0.0458646 0.126813 0.0614566 0.11346 0.32181 0.0501413 0.436807 0.182461 0.0385291 0.285811 0.0462207 0.177916 0.466681 0.307542 0.151366 0.135356 0.126961 0.208103 0.198385 0.58602
0.757593 0.797089 0.288502 0.855677 0.418146 0.906757 0.827866 0.961927 0.278393 0.656203 0.786846 0.808033 0.84285 0.927939 0.524819 0.845112 0.851105 0.968561 0.58825 0.939306 0.832432 0.736835 0.787388 0.874076 0.74512 0.818817 0.962791 0.317307 0.968672 0.850106 0.95045 0.950535 0.721241 0.363898 0.642743 0.722119 0.939335 0.598885 0.519882 0.856217 0.821981 0.614408 0.680011 0.800646 0.982052 0.594625 0.361609 0.896726 0.771164 0.361002 0.173117 0.0537945 0.320659 0.321509 0.0368331 0.238583 0.0605988 0.171868 0.30602 0.347565 0.571478 0.547538 0.565921 0.0179581 0.846385 0.125456 0.154722 0.322833 0.57982 0.179584 0.189993 0.90794 0.713311 0.369526 0.161313 0.143539 0.376192 0.15355 0.0179648 0.110995 0.0452549 0.125722 0.0604945 0.112498 0.320114 0.0495378 0.434876 0.180673 0.0379296 0.285814 0.0454588 0.175763 0.466456 0.305 0.149814 0.133658 0.125319 0.20648 0.197418 0.58602
0.75895 0.798611 0.289081 0.857193 0.417935 0.907774 0.829237 0.962516 0.277554 0.657753 0.788574 0.809386 0.843544 0.928784 0.524363 0.846111 0.852321 0.969053 0.589329 0.940243 0.834074 0.738054 0.789376 0.875672 0.746877 0.820598 0.963375 0.315835 0.969161 0.850999 0.951036 0.951115 0.722758 0.362886 0.645191 0.722951 0.940267 0.599281 0.52175 0.857731 0.822998 0.615118 0.680954 0.80156 0.982429 0.596568 0.361153 0.897528 0.773291 0.359347 0.171859 0.0529624 0.319003 0.320076 0.0362475 0.237667 0.0600475 0.170492 0.303398 0.346731 0.572278 0.546897 0.566644 0.0175813 0.847925 0.123857 0.153752 0.322111 0.579782 0.177672 0.189646 0.908865 0.71547 0.368981 0.161023 0.14202 0.375284 0.151998 0.0175893 0.109316 0.0446579 0.124646 0.0595683 0.11156 0.318424 0.0489531 0.432907 0.178908 0.0373399 0.285885 0.0447081 0.17364 0.466198 0.302388 0.148264 0.131968 0.123708 0.204877 0.19646 0.586049
0.760282 0.800136 0.2897 0.858701 0.417658 0.908772 0.830612 0.963088 0.276709 0.659308 0.790303 0.810725 0.844179 0.929608 0.523879 0.847077 0.853507 0.969532 0.590406 0.941162 0.835669 0.739299 0.791331 0.877249 0.748615 0.822363 0.963944 0.314318 0.96964 0.851892 0.951602 0.951676 0.724327 0.361846 0.647678 0.723778 0.941173 0.599702 0.523629 0.859218 0.824019 0.615817 0.681871 0.802459 0.982795 0.59853 0.360713 0.89833 0.775398 0.357737 0.170584 0.0521382 0.317328 0.318613 0.0356801 0.236788 0.0595063 0.169115 0.300773 0.345827 0.573072 0.546219 0.567352 0.017215 0.849451 0.122268 0.152776 0.321411 0.579717 0.175781 0.189326 0.909783 0.717631 0.368423 0.160765 0.140533 0.374367 0.150487 0.0172236 0.107637 0.0440821 0.123617 0.0586586 0.110635 0.316735 0.0483925 0.430907 0.17714 0.0367637 0.286044 0.0439816 0.1715 0.465994 0.299791 0.14676 0.13029 0.122131 0.203282 0.195503 0.586023
0.761596 0.801615 0.29034 0.860201 0.417388 0.909749 0.831968 0.963645 0.275891 0.660847 0.792024 0.812011 0.844797 0.930411 0.523446 0.848006 0.854679 0.969995 0.591492 0.942052 0.837253 0.740517 0.793313 0.878815 0.75036 0.824091 0.964498 0.312871 0.970104 0.852781 0.952155 0.952234 0.725856 0.360832 0.650132 0.724589 0.942062 0.600091 0.52556 0.860707 0.825004 0.616519 0.682753 0.803327 0.983151 0.600547 0.3603 0.899094 0.777497 0.356098 0.169321 0.0513333 0.31564 0.317163 0.0351258 0.235931 0.0589829 0.167743 0.298113 0.344995 0.573818 0.545477 0.568102 0.0168598 0.850977 0.120714 0.151828 0.320682 0.579649 0.173897 0.189043 0.910682 0.719809 0.367872 0.16051 0.139051 0.373471 0.148993 0.0168707 0.105984 0.0435193 0.122599 0.0577623 0.109737 0.315054 0.0478454 0.428869 0.175378 0.0362068 0.286215 0.0432689 0.169376 0.465768 0.297158 0.145237 0.128619 0.120566 0.201696 0.194592 0.586022
0.762889 0.80308 0.291037 0.861668 0.417159 0.910703 0.83331 0.964187 0.275095 0.662427 0.793742 0.813292 0.845385 0.931199 0.522998 0.84894 0.855818 0.970451 0.5926 0.942931 0.838863 0.741704 0.795273 0.880343 0.752077 0.825821 0.965039 0.311379 0.970558 0.853645 0.952697 0.952773 0.727421 0.359825 0.652609 0.72543 0.942949 0.60044 0.527489 0.862173 0.825943 0.617204 0.683644 0.804203 0.983496 0.602564 0.359884 0.899847 0.779612 0.354464 0.16809 0.0505323 0.313914 0.315688 0.0345906 0.235066 0.0584762 0.166416 0.295462 0.344143 0.574603 0.544746 0.568828 0.0165154 0.852452 0.11919 0.150911 0.319997 0.579549 0.172018 0.188767 0.911577 0.721967 0.36732 0.160284 0.137595 0.37254 0.147497 0.0165306 0.104363 0.0429632 0.12159 0.0568835 0.10885 0.313335 0.047307 0.426803 0.173647 0.035664 0.286361 0.0425667 0.16728 0.465563 0.294544 0.143731 0.126975 0.119039 0.20012 0.193685 0.586027
0.764194 0.804536 0.29177 0.863144 0.416883 0.911651 0.834639 0.964724 0.274288 0.663996 0.795418 0.814549 0.845959 0.931977 0.522547 0.849856 0.856959 0.970892 0.5937 0.943791 0.84044 0.742903 0.79727 0.881867 0.753844 0.827544 0.965563 0.309896 0.970992 0.854486 0.95322 0.953297 0.728955 0.358793 0.655063 0.726229 0.943812 0.600847 0.529439 0.863641 0.826866 0.61787 0.684552 0.805063 0.983827 0.604579 0.359507 0.900593 0.781735 0.352784 0.166905 0.0497554 0.31222 0.314221 0.0340579 0.234241 0.0579809 0.165103 0.292776 0.343301 0.575395 0.544038 0.569569 0.0161812 0.853912 0.117664 0.150004 0.319303 0.579491 0.170172 0.188545 0.91244 0.724113 0.366769 0.16008 0.136148 0.371668 0.146024 0.0161954 0.102754 0.0424251 0.120623 0.0560239 0.107985 0.31164 0.0467849 0.424692 0.171908 0.0351255 0.286572 0.0418825 0.165185 0.465308 0.291884 0.142255 0.125366 0.11752 0.198561 0.192787 0.586008
0.765446 0.805972 0.292516 0.864584 0.416641 0.912576 0.835946 0.965244 0.273479 0.665521 0.797091 0.815813 0.846517 0.932742 0.522057 0.850729 0.858078 0.971329 0.594791 0.944638 0.841974 0.744081 0.799239 0.883391 0.755569 0.829261 0.966079 0.30842 0.971421 0.855277 0.953735 0.953806 0.730466 0.357802 0.657615 0.72698 0.944663 0.601244 0.531381 0.865082 0.827782 0.618581 0.685471 0.805917 0.984153 0.606637 0.359143 0.901302 0.783839 0.351104 0.165736 0.0489916 0.310507 0.312754 0.0335423 0.233441 0.0575003 0.1638 0.29011 0.34246 0.576161 0.543254 0.570325 0.015854 0.855369 0.116158 0.149112 0.318648 0.579356 0.168323 0.188307 0.913293 0.726289 0.366247 0.159904 0.134723 0.370717 0.144561 0.0158714 0.101147 0.0419042 0.119662 0.0551741 0.107129 0.309922 0.0462743 0.422618 0.170192 0.0346073 0.286811 0.0412193 0.1631 0.46512 0.289174 0.140801 0.123752 0.116007 0.197042 0.191924 0.585913
0.766719 0.807394 0.29332 0.865992 0.416476 0.913468 0.837229 0.965762 0.272686 0.66712 0.79875 0.817076 0.847043 0.933479 0.521564 0.851596 0.859161 0.971746 0.595927 0.945465 0.843513 0.745248 0.801221 0.884878 0.757296 0.830962 0.96657 0.306963 0.971837 0.856072 0.954237 0.954308 0.731982 0.356766 0.660167 0.727751 0.945494 0.601594 0.533418 0.866511 0.828718 0.619295 0.686333 0.806735 0.984466 0.608742 0.358778 0.901988 0.785928 0.349397 0.164559 0.0482495 0.308813 0.311262 0.0330462 0.232629 0.0570317 0.162494 0.287408 0.34161 0.576927 0.54243 0.571053 0.0155377 0.856809 0.114671 0.148247 0.317972 0.57927 0.166492 0.188102 0.914129 0.728457 0.365733 0.159768 0.133298 0.369794 0.143123 0.0155562 0.0995494 0.0413963 0.118732 0.0543449 0.106306 0.308238 0.045774 0.420523 0.168464 0.0341027 0.287062 0.040568 0.161038 0.464946 0.286491 0.139379 0.122157 0.114524 0.195533 0.191065 0.585884
0.767985 0.808807 0.294196 0.867394 0.416278 0.91435 0.838527 0.966258 0.271914 0.668674 0.800427 0.81834 0.847555 0.934206 0.521065 0.85243 0.860271 0.972155 0.597029 0.946279 0.845053 0.746395 0.803151 0.886341 0.758986 0.832652 0.967059 0.305519 0.972242 0.856846 0.954724 0.954791 0.733519 0.355747 0.662715 0.728507 0.946304 0.601952 0.535476 0.867894 0.829602 0.620013 0.687205 0.807535 0.984773 0.610931 0.358452 0.902679 0.788027 0.347745 0.163383 0.0475114 0.307086 0.309788 0.0325608 0.231868 0.0565876 0.161228 0.284723 0.34077 0.577728 0.541576 0.571843 0.0152302 0.858236 0.113225 0.147425 0.317329 0.579126 0.164653 0.187945 0.914938 0.730633 0.365183 0.159642 0.131882 0.368856 0.141689 0.0152468 0.0979766 0.0408939 0.117794 0.053531 0.105502 0.306575 0.0452888 0.418385 0.166759 0.0336043 0.287342 0.0399357 0.158986 0.464744 0.283827 0.137936 0.120586 0.113057 0.194023 0.190238 0.585846
0.769263 0.810211 0.295114 0.868794 0.416127 0.915233 0.83978 0.966738 0.271132 0.670263 0.802064 0.819576 0.848039 0.934929 0.520521 0.853276 0.861327 0.972555 0.59812 0.947076 0.846588 0.747533 0.805106 0.887788 0.7607 0.834315 0.967534 0.30405 0.972638 0.857595 0.955198 0.955259 0.734997 0.354683 0.665322 0.729273 0.947098 0.602318 0.537557 0.869279 0.830484 0.620704 0.688116 0.808331 0.985071 0.613067 0.358108 0.903329 0.790102 0.34603 0.162221 0.0467974 0.305392 0.308285 0.0320827 0.231108 0.0561612 0.15995 0.282059 0.339966 0.578506 0.540762 0.572644 0.0149358 0.859653 0.111799 0.146591 0.316672 0.578997 0.162844 0.187806 0.915752 0.732834 0.364702 0.159536 0.130487 0.36794 0.140289 0.0149486 0.0964383 0.040409 0.116918 0.0527413 0.10472 0.304839 0.0448204 0.416215 0.165082 0.0331269 0.287662 0.0393024 0.156952 0.464536 0.281126 0.136517 0.119039 0.111592 0.192548 0.189453 0.585723
0.770509 0.811572 0.296051 0.870166 0.41594 0.916095 0.841023 0.967211 0.270355 0.671884 0.803732 0.820781 0.848497 0.935629 0.519998 0.854115 0.862392 0.972946 0.599267 0.947857 0.848068 0.748652 0.807048 0.889218 0.762367 0.835979 0.967995 0.302559 0.973028 0.858318 0.955656 0.955714 0.736488 0.353651 0.667934 0.729995 0.947872 0.60269 0.53967 0.870648 0.831338 0.621441 0.688998 0.809117 0.98536 0.61521 0.357779 0.90399 0.792201 0.344324 0.161077 0.046096 0.30367 0.30677 0.0316193 0.230364 0.0557411 0.158708 0.279328 0.339193 0.579335 0.539903 0.573457 0.0146437 0.861055 0.11037 0.145807 0.316064 0.578836 0.161073 0.187696 0.91652 0.735033 0.364236 0.159453 0.129104 0.367037 0.138862 0.0146575 0.0949172 0.0399413 0.116024 0.0519557 0.103951 0.303144 0.0443668 0.414017 0.163429 0.0326633 0.288009 0.0386927 0.154944 0.464329 0.278419 0.135105 0.117478 0.110145 0.191059 0.188658 0.585637
0.771772 0.812957 0.297023 0.871518 0.41579 0.916957 0.842243 0.967677 0.269631 0.673499 0.80537 0.821965 0.848941 0.936302 0.519446 0.854923 0.8634 0.973321 0.60043 0.948629 0.849545 0.749736 0.808985 0.890632 0.764026 0.837663 0.968444 0.30107 0.973402 0.859047 0.956109 0.956156 0.737999 0.352634 0.67056 0.730722 0.948637 0.603043 0.541775 0.871995 0.832151 0.622146 0.689827 0.809883 0.985642 0.617425 0.357477 0.904623 0.794281 0.342579 0.15996 0.0454096 0.301959 0.305287 0.031165 0.229659 0.0553356 0.157465 0.276631 0.338382 0.580153 0.539043 0.574233 0.0143611 0.862422 0.10895 0.145011 0.315434 0.578652 0.159269 0.187627 0.917302 0.737231 0.363789 0.159415 0.127757 0.366087 0.137492 0.0143743 0.0934019 0.0394822 0.115148 0.05118 0.103174 0.301442 0.0439176 0.411839 0.161738 0.0322041 0.288397 0.0380897 0.152906 0.464102 0.275739 0.13369 0.115965 0.108731 0.189583 0.187893 0.585547
0.773009 0.814362 0.298046 0.872851 0.415621 0.917796 0.843447 0.968125 0.268887 0.675085 0.806974 0.823154 0.849373 0.936971 0.518877 0.855693 0.864435 0.973686 0.601595 0.949377 0.851024 0.750838 0.810898 0.89203 0.765693 0.839322 0.968882 0.299566 0.973766 0.859745 0.956545 0.956583 0.739497 0.351581 0.673175 0.731468 0.949388 0.603336 0.543937 0.873349 0.832949 0.622809 0.690643 0.810648 0.985919 0.619633 0.357192 0.905235 0.796336 0.340873 0.158883 0.0447341 0.300225 0.30376 0.0307217 0.228927 0.0549432 0.15625 0.273934 0.337554 0.580947 0.538159 0.575054 0.0140869 0.863797 0.107559 0.144236 0.314832 0.578478 0.157495 0.187548 0.918053 0.739433 0.363301 0.159389 0.126433 0.365164 0.136112 0.0140992 0.0919137 0.0390297 0.11431 0.05043 0.102439 0.299721 0.0434805 0.409615 0.160089 0.031754 0.288823 0.0375011 0.150911 0.463887 0.273011 0.132294 0.114455 0.107323 0.188105 0.187127 0.585464
0.774238 0.815697 0.299103 0.874179 0.415477 0.918613 0.844651 0.96856 0.268169 0.676677 0.808576 0.824351 0.849784 0.937627 0.518323 0.856462 0.865442 0.974045 0.602775 0.950111 0.852493 0.751952 0.812799 0.893408 0.767352 0.840955 0.969308 0.298076 0.974117 0.860422 0.956964 0.957008 0.740989 0.350531 0.675785 0.732129 0.950127 0.603642 0.546169 0.874686 0.833738 0.623531 0.691456 0.811383 0.986185 0.62184 0.356905 0.905821 0.798427 0.339135 0.157774 0.0440702 0.298533 0.302282 0.0302938 0.228226 0.054568 0.155027 0.271208 0.336745 0.581719 0.537204 0.575874 0.0138202 0.865156 0.106173 0.143466 0.314242 0.578312 0.155725 0.187525 0.918793 0.741637 0.362817 0.159389 0.125109 0.364237 0.134764 0.0138308 0.0904483 0.0385909 0.113476 0.0496871 0.101724 0.298002 0.0430561 0.407389 0.158441 0.0313183 0.289236 0.0369239 0.148934 0.463629 0.270279 0.130926 0.112966 0.10595 0.186649 0.186407 0.585321
0.77547 0.817037 0.300196 0.87551 0.415306 0.919409 0.845833 0.96899 0.26744 0.678265 0.810191 0.825512 0.850168 0.938266 0.517717 0.857222 0.866429 0.974395 0.603941 0.950837 0.853967 0.753052 0.814714 0.894768 0.769023 0.842592 0.969723 0.296555 0.974466 0.861129 0.957373 0.957424 0.742512 0.349472 0.678432 0.732845 0.950848 0.603952 0.548407 0.876005 0.83453 0.624281 0.69228 0.812115 0.986442 0.624098 0.356643 0.906386 0.800489 0.337391 0.15669 0.0434159 0.296834 0.300795 0.029869 0.227553 0.0542091 0.153825 0.268476 0.335937 0.582524 0.536271 0.57666 0.0135592 0.866507 0.104801 0.142724 0.313619 0.578098 0.153963 0.187498 0.919512 0.743838 0.36237 0.159394 0.123813 0.363293 0.133433 0.0135699 0.0889915 0.0381588 0.112659 0.048955 0.101011 0.296301 0.0426419 0.405101 0.156822 0.0308896 0.289676 0.0363614 0.146979 0.463462 0.267578 0.129545 0.111483 0.104596 0.185208 0.185639 0.585215
0.776669 0.818384 0.301336 0.876798 0.415156 0.920198 0.846993 0.969407 0.266751 0.679869 0.811762 0.826653 0.850534 0.938892 0.51714 0.857943 0.867392 0.974735 0.605145 0.951536 0.855413 0.754143 0.816601 0.896109 0.770671 0.844224 0.970131 0.295088 0.974804 0.861811 0.957774 0.957816 0.744033 0.34843 0.681056 0.733554 0.951555 0.604289 0.550659 0.877309 0.835305 0.624995 0.693092 0.812842 0.986694 0.626415 0.356385 0.906954 0.802515 0.335627 0.155641 0.0427822 0.295129 0.299284 0.0294592 0.226912 0.0538575 0.152654 0.265735 0.335109 0.58338 0.535352 0.577495 0.0133061 0.867843 0.103441 0.142002 0.313055 0.577878 0.15223 0.187491 0.920216 0.746039 0.361887 0.159441 0.122516 0.362356 0.132116 0.0133167 0.0875517 0.0377493 0.111849 0.0482518 0.100316 0.29459 0.0422437 0.402794 0.155159 0.0304759 0.290161 0.0358133 0.145024 0.46328 0.264801 0.128206 0.110005 0.103251 0.183767 0.184907 0.585033
0.777867 0.819707 0.302544 0.878098 0.415008 0.92097 0.848146 0.969813 0.266103 0.681464 0.813348 0.82778 0.850905 0.939522 0.516608 0.85867 0.868343 0.975068 0.606324 0.952236 0.856842 0.755189 0.818475 0.897452 0.772329 0.845849 0.970529 0.293604 0.975135 0.862463 0.958169 0.958196 0.745552 0.34734 0.683743 0.734234 0.952256 0.604617 0.552947 0.878603 0.836032 0.625741 0.69396 0.81355 0.986939 0.628753 0.356131 0.907494 0.80457 0.33382 0.154565 0.042158 0.293413 0.297774 0.0290563 0.226267 0.0535107 0.151496 0.262972 0.334305 0.584224 0.534403 0.578317 0.0130601 0.869159 0.102102 0.141299 0.312461 0.57764 0.150502 0.187527 0.920905 0.748267 0.361452 0.159563 0.121242 0.361519 0.1308 0.0130698 0.0861537 0.0373452 0.11104 0.0475511 0.0996345 0.292845 0.0418538 0.400437 0.15354 0.0300688 0.290706 0.0352773 0.143085 0.463065 0.26203 0.126873 0.10856 0.101914 0.182348 0.184222 0.584814
0.77903 0.821018 0.303793 0.879361 0.414876 0.921731 0.849315 0.970209 0.265425 0.683067 0.81493 0.828883 0.851236 0.940124 0.516012 0.859378 0.869297 0.975394 0.607526 0.952926 0.858244 0.756266 0.820362 0.898772 0.773972 0.847476 0.970915 0.292099 0.975457 0.863102 0.958549 0.958573 0.747051 0.346272 0.686418 0.734904 0.952933 0.604945 0.555309 0.879851 0.836731 0.626495 0.694783 0.814219 0.987181 0.631075 0.355899 0.908026 0.80662 0.331991 0.153535 0.041541 0.29169 0.296256 0.0286605 0.225627 0.0531918 0.150362 0.260204 0.333532 0.585048 0.53338 0.579172 0.0128212 0.870492 0.100793 0.140604 0.311918 0.577437 0.14877 0.18759 0.921588 0.750493 0.360996 0.159677 0.119964 0.360628 0.129485 0.0128281 0.0847573 0.0369548 0.110282 0.0468608 0.0989671 0.291116 0.0414748 0.398095 0.151918 0.0296739 0.29124 0.0347548 0.141161 0.462838 0.25928 0.125533 0.107109 0.100582 0.180941 0.183534 0.58466
0.780242 0.822316 0.305078 0.880633 0.41475 0.922481 0.850449 0.970593 0.264729 0.684696 0.816478 0.82999 0.851562 0.940713 0.515439 0.860071 0.870213 0.975709 0.608719 0.953605 0.859657 0.75732 0.822249 0.900076 0.775625 0.849054 0.971295 0.290633 0.975772 0.863737 0.95893 0.958944 0.748537 0.345187 0.689119 0.735539 0.953598 0.6052 0.557653 0.881106 0.837458 0.627208 0.695572 0.814897 0.987414 0.633422 0.355667 0.90854 0.808637 0.330192 0.152519 0.04094 0.289963 0.294729 0.0282726 0.224994 0.0528783 0.149233 0.257465 0.332764 0.585899 0.532376 0.580047 0.0125877 0.871769 0.0995028 0.139912 0.311371 0.577194 0.147053 0.187658 0.922256 0.752704 0.360583 0.159815 0.118696 0.35972 0.128187 0.0125958 0.0833837 0.0365697 0.109517 0.0462003 0.0983294 0.289369 0.0411084 0.395725 0.150322 0.0292878 0.291816 0.0342324 0.139265 0.462619 0.256507 0.124198 0.105662 0.0992923 0.179519 0.182852 0.584513
0.78145 0.823597 0.306433 0.881875 0.414641 0.923207 0.851587 0.970967 0.264082 0.686324 0.818051 0.831057 0.851842 0.941301 0.514854 0.860765 0.871115 0.976015 0.609954 0.954259 0.861042 0.75832 0.824109 0.901363 0.777254 0.850664 0.971662 0.289126 0.976078 0.864341 0.959294 0.95931 0.75 0.3441 0.691823 0.736195 0.954258 0.605489 0.560027 0.882353 0.838137 0.627924 0.696353 0.815535 0.987641 0.6358 0.355453 0.909038 0.810648 0.328384 0.151489 0.0403538 0.288235 0.293214 0.0278929 0.22439 0.0525725 0.148112 0.254723 0.331982 0.586761 0.531313 0.580896 0.0123579 0.873046 0.0982141 0.139234 0.310832 0.576902 0.145359 0.187774 0.922906 0.754919 0.360128 0.159987 0.117456 0.35882 0.126921 0.0123675 0.0820164 0.0361977 0.108775 0.0455481 0.0976865 0.287609 0.0407567 0.39328 0.14873 0.0289138 0.292445 0.0337266 0.137373 0.462413 0.253724 0.122908 0.104243 0.0980151 0.178122 0.1822 0.584329
0.782631 0.824894 0.30777 0.883101 0.414517 0.923929 0.852672 0.971337 0.263435 0.687929 0.819604 0.832096 0.852085 0.94187 0.514218 0.861422 0.87201 0.976316 0.611169 0.954901 0.862439 0.759369 0.825954 0.902637 0.778905 0.852235 0.972019 0.287657 0.976376 0.864918 0.959642 0.959657 0.751508 0.342979 0.694571 0.73685 0.954893 0.605781 0.562474 0.883584 0.838811 0.628636 0.697122 0.81619 0.987862 0.638201 0.355294 0.909528 0.812659 0.326538 0.150486 0.0397759 0.286506 0.291674 0.0275326 0.22379 0.052286 0.147029 0.251918 0.33123 0.587577 0.530246 0.581746 0.0121341 0.874321 0.0969424 0.138563 0.310341 0.576597 0.143675 0.1879 0.923541 0.757154 0.359714 0.160151 0.116212 0.357925 0.125643 0.0121464 0.0806624 0.0358234 0.108056 0.044904 0.09706 0.2859 0.0404103 0.390839 0.147135 0.0285426 0.293107 0.0332278 0.135525 0.462221 0.250956 0.121651 0.102857 0.0967395 0.17674 0.181566 0.584157
0.783794 0.826181 0.309184 0.884321 0.414381 0.92464 0.853759 0.971701 0.262783 0.68956 0.821141 0.833142 0.852339 0.942436 0.513589 0.862048 0.872901 0.976607 0.612419 0.955536 0.8638 0.760382 0.827816 0.903905 0.780533 0.853821 0.972372 0.286146 0.976664 0.865498 0.959979 0.959994 0.753017 0.341868 0.697298 0.737458 0.955525 0.606133 0.564934 0.884796 0.839474 0.629404 0.697909 0.816807 0.988078 0.64061 0.355112 0.910004 0.814673 0.32471 0.149514 0.0392087 0.284796 0.29016 0.0271709 0.223201 0.0520046 0.145925 0.249159 0.330478 0.588395 0.529158 0.582615 0.0119181 0.875596 0.0956889 0.137936 0.309826 0.576283 0.142009 0.188051 0.924147 0.75939 0.35924 0.160323 0.115013 0.356993 0.124394 0.0119283 0.0793248 0.0354644 0.10732 0.0442755 0.0964474 0.284165 0.0400647 0.388375 0.145544 0.0281833 0.29374 0.0327452 0.13366 0.461989 0.248192 0.120388 0.101475 0.0954902 0.175358 0.180921 0.583934
0.784939 0.827448 0.310636 0.885541 0.414263 0.925325 0.854847 0.972061 0.262156 0.691202 0.822693 0.834199 0.852564 0.942988 0.512956 0.862681 0.873763 0.976889 0.613646 0.956152 0.865163 0.761392 0.829659 0.905149 0.782152 0.855397 0.972713 0.284638 0.976949 0.866078 0.960313 0.960323 0.75451 0.340778 0.700052 0.738109 0.95615 0.606458 0.567429 0.885992 0.840099 0.630163 0.698746 0.817436 0.988285 0.643035 0.354958 0.910456 0.816675 0.322877 0.148548 0.0386547 0.283063 0.288633 0.0268238 0.222664 0.0517348 0.144864 0.2464 0.329721 0.589208 0.528042 0.583474 0.0117067 0.87685 0.0944444 0.137304 0.30932 0.575958 0.140369 0.188212 0.924763 0.761611 0.358815 0.160555 0.113824 0.356099 0.123149 0.0117162 0.0780018 0.035114 0.106609 0.0436586 0.0958377 0.282442 0.0397349 0.385904 0.143986 0.0278337 0.294437 0.0322669 0.131818 0.461767 0.245435 0.119135 0.100109 0.0942496 0.173984 0.180331 0.583659
0.786121 0.828729 0.312114 0.886727 0.41416 0.926006 0.855918 0.972408 0.26153 0.692842 0.824207 0.835206 0.852798 0.943533 0.512357 0.863305 0.874599 0.977167 0.614931 0.956762 0.866514 0.762364 0.831514 0.906374 0.783743 0.856943 0.973044 0.283154 0.977222 0.866631 0.960631 0.960639 0.756004 0.339686 0.702787 0.738756 0.956757 0.606801 0.56994 0.887161 0.84074 0.630904 0.699555 0.818045 0.988491 0.645486 0.354852 0.910901 0.818662 0.321044 0.147605 0.0381092 0.281337 0.2871 0.0264834 0.222155 0.0514817 0.143811 0.243654 0.328952 0.590001 0.526921 0.584343 0.0115034 0.878072 0.093231 0.136695 0.308833 0.575649 0.138722 0.188406 0.925366 0.763811 0.358434 0.160816 0.112639 0.355222 0.121915 0.0115106 0.0767006 0.034779 0.105909 0.043053 0.0952495 0.280701 0.0394108 0.383449 0.142447 0.0274905 0.29517 0.0318039 0.12998 0.461535 0.24266 0.117886 0.0987535 0.0930244 0.172631 0.179754 0.583456
0.787269 0.829979 0.313624 0.887929 0.414068 0.926675 0.856993 0.972743 0.260896 0.694515 0.825719 0.83622 0.852994 0.944061 0.511705 0.863918 0.875451 0.977441 0.616207 0.957355 0.867856 0.763303 0.833339 0.907588 0.785344 0.85849 0.973372 0.281679 0.977493 0.867176 0.960942 0.960953 0.75748 0.338565 0.705535 0.739378 0.957359 0.60709 0.572474 0.888345 0.841378 0.631709 0.700343 0.818639 0.98869 0.647952 0.354676 0.91134 0.820645 0.319187 0.14665 0.0375773 0.279578 0.285544 0.0261508 0.221649 0.051237 0.142733 0.240882 0.328206 0.590825 0.525756 0.585262 0.011302 0.879288 0.0920174 0.136095 0.308331 0.5753 0.137105 0.188646 0.925937 0.766027 0.358016 0.161087 0.111477 0.354364 0.120698 0.0113107 0.0754055 0.0344481 0.105214 0.0424548 0.0946569 0.278926 0.0391051 0.380949 0.140912 0.0271556 0.295934 0.031346 0.128165 0.461329 0.239854 0.116632 0.0974136 0.0918097 0.171282 0.179168 0.583231
0.788424 0.831203 0.315211 0.889103 0.414006 0.92733 0.858039 0.973071 0.260266 0.696183 0.827233 0.837211 0.85315 0.944577 0.511084 0.864503 0.876271 0.977701 0.617495 0.957947 0.869171 0.764299 0.835149 0.908794 0.786938 0.860014 0.973687 0.280168 0.977753 0.867706 0.961243 0.961247 0.758991 0.337501 0.708303 0.739966 0.957945 0.6074 0.575094 0.889506 0.841962 0.632443 0.701082 0.819242 0.988885 0.650389 0.354499 0.911777 0.822636 0.31733 0.145698 0.037053 0.277789 0.283989 0.0258295 0.221131 0.0509984 0.141675 0.238119 0.327476 0.591666 0.524585 0.586201 0.011107 0.880475 0.0908365 0.135507 0.307832 0.574913 0.135507 0.188904 0.926508 0.768244 0.357578 0.161381 0.110301 0.353456 0.119508 0.0111161 0.0741361 0.0341226 0.104542 0.0418699 0.0941027 0.277194 0.0387967 0.378412 0.139377 0.0268243 0.29671 0.0309011 0.12635 0.46115 0.237098 0.115424 0.0960603 0.0906209 0.169967 0.178609 0.582985
0.789579 0.83245 0.316782 0.890249 0.413917 0.927975 0.859068 0.973395 0.259645 0.697855 0.828742 0.838207 0.853307 0.945082 0.510399 0.865099 0.877073 0.977959 0.618743 0.958526 0.870475 0.765231 0.83694 0.909973 0.788513 0.861537 0.973993 0.278669 0.978007 0.868214 0.961538 0.961545 0.7605 0.336367 0.711055 0.740579 0.958519 0.607629 0.577695 0.890656 0.842542 0.633227 0.701855 0.819797 0.989074 0.652917 0.354413 0.912187 0.824605 0.315477 0.144781 0.0365288 0.276058 0.282403 0.0255123 0.220646 0.0507671 0.140644 0.235353 0.326758 0.592518 0.523422 0.587168 0.0109183 0.881675 0.0896472 0.134925 0.307351 0.574574 0.133886 0.189185 0.927074 0.770465 0.357198 0.161702 0.109146 0.352536 0.118297 0.0109272 0.0728914 0.0338039 0.103889 0.0412944 0.0935442 0.275464 0.0385081 0.37588 0.13786 0.0265095 0.297492 0.0304603 0.124561 0.460935 0.234365 0.114232 0.0947454 0.0894557 0.168638 0.178042 0.582788
0.790719 0.833671 0.318482 0.891391 0.413829 0.928605 0.86008 0.97371 0.259023 0.699509 0.830239 0.839162 0.853453 0.94559 0.509773 0.865674 0.877889 0.97821 0.620046 0.959089 0.871792 0.766198 0.838739 0.911142 0.79008 0.863026 0.974292 0.27719 0.978258 0.868715 0.961815 0.961833 0.761959 0.335288 0.713853 0.741183 0.959085 0.607926 0.580346 0.891792 0.843085 0.633986 0.702611 0.820368 0.989259 0.655462 0.354272 0.912595 0.826569 0.313595 0.143866 0.036014 0.274301 0.280866 0.0251974 0.22017 0.0505414 0.139622 0.232586 0.326019 0.593316 0.522183 0.588058 0.0107331 0.882843 0.0884753 0.134365 0.306909 0.574191 0.132292 0.189475 0.927632 0.772696 0.356815 0.162029 0.107991 0.351623 0.11712 0.0107411 0.0716565 0.0334998 0.103241 0.0407333 0.0930001 0.273732 0.038221 0.373266 0.136349 0.0261983 0.298345 0.0300287 0.12279 0.460738 0.231611 0.113043 0.0934474 0.0882785 0.167325 0.177498 0.582481
0.791849 0.834855 0.32023 0.892521 0.413772 0.929219 0.861095 0.974013 0.258448 0.701166 0.831747 0.84011 0.85359 0.94609 0.509068 0.86621 0.878645 0.97846 0.621358 0.959639 0.873079 0.767163 0.840524 0.912306 0.79163 0.864519 0.974584 0.275702 0.978504 0.869205 0.962089 0.96211 0.763439 0.334223 0.716661 0.741736 0.959641 0.608196 0.583004 0.89292 0.843622 0.634757 0.70335 0.820925 0.989437 0.658014 0.354164 0.912973 0.828497 0.311702 0.142958 0.0355191 0.27256 0.279309 0.0248948 0.219721 0.0503217 0.138603 0.22985 0.325314 0.594146 0.520938 0.588963 0.0105526 0.884026 0.0873245 0.13381 0.306413 0.573772 0.1307 0.189784 0.928173 0.774918 0.35646 0.16239 0.10687 0.350761 0.115943 0.0105611 0.0704481 0.0331929 0.102604 0.0401795 0.0924853 0.271974 0.0379447 0.370682 0.134861 0.0258968 0.299224 0.0296097 0.121041 0.460496 0.228844 0.111858 0.0921543 0.0871387 0.166019 0.177007 0.582203
0.792961 0.836059 0.321967 0.893648 0.413698 0.929825 0.862112 0.974316 0.257867 0.70281 0.833241 0.841027 0.853679 0.946584 0.508392 0.866742 0.87942 0.978699 0.622646 0.96019 0.874383 0.768079 0.842297 0.913456 0.793205 0.866015 0.974871 0.274228 0.978741 0.869691 0.962358 0.962376 0.764939 0.333105 0.719462 0.742317 0.960185 0.60847 0.585689 0.894024 0.844158 0.635532 0.704084 0.821472 0.989612 0.660556 0.354044 0.91334 0.830423 0.309806 0.142081 0.0350274 0.270793 0.277738 0.0246004 0.219269 0.0501289 0.137596 0.227062 0.324568 0.594974 0.51964 0.589906 0.0103766 0.885193 0.0861817 0.133265 0.305927 0.573367 0.129138 0.190131 0.928691 0.777128 0.356092 0.162778 0.105765 0.349905 0.114777 0.0103862 0.0692521 0.0329064 0.101976 0.0396427 0.0919688 0.270246 0.0376776 0.368085 0.133364 0.0255967 0.300118 0.0291946 0.119328 0.460287 0.226063 0.110695 0.0908809 0.0860159 0.164728 0.176527 0.581959
0.794055 0.837249 0.323728 0.894748 0.413667 0.930429 0.8631 0.974609 0.257259 0.704511 0.834712 0.841968 0.853745 0.947055 0.507721 0.867271 0.880187 0.978931 0.623945 0.960728 0.875665 0.769009 0.844075 0.914581 0.794809 0.867486 0.975149 0.272766 0.97897 0.870161 0.962616 0.96264 0.766438 0.332012 0.722282 0.742889 0.960721 0.608726 0.588434 0.895124 0.844655 0.636269 0.704818 0.821998 0.989781 0.663125 0.353943 0.913703 0.832371 0.307902 0.141201 0.0345453 0.269054 0.276213 0.0243104 0.218839 0.0499422 0.136611 0.224304 0.323835 0.595821 0.51839 0.590859 0.0102057 0.886351 0.0850664 0.132738 0.305459 0.572939 0.127595 0.190507 0.929215 0.779311 0.355725 0.163177 0.104669 0.349007 0.113634 0.0102135 0.0680665 0.0326205 0.101367 0.0391111 0.0914696 0.268478 0.037417 0.365417 0.131877 0.0252994 0.301011 0.0287885 0.117602 0.460101 0.223278 0.109534 0.0896354 0.0848964 0.163455 0.176019 0.581699
0.795153 0.838419 0.325544 0.895842 0.413643 0.931033 0.864066 0.974894 0.256689 0.706204 0.836177 0.842887 0.853787 0.947511 0.50702 0.867795 0.88093 0.979158 0.625276 0.961257 0.876919 0.769936 0.845843 0.915696 0.796373 0.868942 0.975424 0.271297 0.979198 0.870651 0.962871 0.96289 0.76794 0.330919 0.725069 0.743458 0.96125 0.609034 0.59121 0.896216 0.845172 0.637011 0.705554 0.822523 0.989947 0.665702 0.353845 0.914054 0.834251 0.305987 0.140337 0.0340735 0.267321 0.274622 0.0240223 0.21843 0.049756 0.135626 0.221569 0.323099 0.596699 0.517102 0.591793 0.0100383 0.887482 0.0839673 0.132243 0.305006 0.572509 0.126049 0.190867 0.929732 0.781495 0.355378 0.163566 0.103587 0.348155 0.1125 0.0100468 0.0668903 0.0323414 0.100771 0.0385889 0.0909912 0.266723 0.0371652 0.362796 0.130421 0.0250123 0.301952 0.0283974 0.115912 0.45987 0.220575 0.108373 0.0883954 0.0837855 0.162196 0.175544 0.581439
0.796276 0.839598 0.327396 0.896913 0.413543 0.931619 0.865031 0.975171 0.256157 0.707884 0.837639 0.843778 0.853862 0.947963 0.506324 0.868286 0.881661 0.979378 0.626583 0.961773 0.878172 0.770854 0.847608 0.91679 0.797928 0.870407 0.975691 0.269794 0.979419 0.871116 0.963121 0.963141 0.769439 0.329817 0.727907 0.744025 0.961768 0.609291 0.593956 0.897283 0.84565 0.637754 0.706298 0.823031 0.990111 0.668286 0.35376 0.91439 0.83613 0.304084 0.13949 0.0336057 0.265538 0.273029 0.0237416 0.218056 0.0495789 0.134661 0.218843 0.322362 0.597562 0.515771 0.592721 0.00987445 0.888619 0.0828763 0.131758 0.304569 0.572009 0.124518 0.191266 0.930236 0.783723 0.355037 0.163997 0.102501 0.347258 0.111367 0.00988476 0.0657336 0.0320758 0.100184 0.0380769 0.0905039 0.264978 0.0369177 0.360145 0.12896 0.0247351 0.302964 0.0280039 0.114233 0.459642 0.217859 0.107236 0.0871571 0.0826929 0.16096 0.175079 0.581134
0.797398 0.840779 0.329326 0.89797 0.413431 0.932184 0.865999 0.975441 0.255573 0.709545 0.839069 0.844664 0.853895 0.948407 0.505617 0.868771 0.882398 0.979594 0.627967 0.962275 0.879394 0.771734 0.849355 0.917871 0.799445 0.871879 0.975951 0.268327 0.979631 0.871556 0.963355 0.963379 0.770923 0.328674 0.730745 0.744552 0.962274 0.609597 0.596734 0.898349 0.846127 0.63847 0.70703 0.823549 0.990268 0.670888 0.353669 0.914711 0.838021 0.302123 0.138642 0.0331516 0.26378 0.271454 0.0234689 0.217701 0.0494116 0.133703 0.216084 0.321657 0.598408 0.514432 0.593667 0.00971534 0.889735 0.0818023 0.131268 0.304159 0.571574 0.122992 0.191657 0.930736 0.785924 0.354692 0.164467 0.101446 0.346374 0.110234 0.00972538 0.064593 0.0318153 0.0996162 0.0375744 0.0900469 0.263212 0.0366769 0.357483 0.127507 0.0244629 0.303995 0.0276222 0.112567 0.459391 0.215094 0.106105 0.0859534 0.0816066 0.159703 0.174594 0.580843
0.798514 0.841918 0.33126 0.899012 0.413336 0.932747 0.866951 0.975708 0.255043 0.711261 0.840512 0.845527 0.853902 0.948849 0.504952 0.869253 0.883107 0.979809 0.629348 0.962771 0.880628 0.772644 0.851096 0.91894 0.800973 0.873304 0.976206 0.26685 0.979844 0.871974 0.963595 0.963614 0.772433 0.327543 0.733502 0.745099 0.962773 0.60984 0.599583 0.899403 0.846569 0.639283 0.707735 0.824037 0.990424 0.673496 0.353644 0.915032 0.839877 0.300195 0.137808 0.0327009 0.262052 0.269918 0.0232024 0.217359 0.0492544 0.132767 0.213334 0.32095 0.599263 0.513076 0.594633 0.00956038 0.890851 0.0807378 0.130782 0.303738 0.571098 0.121476 0.192153 0.93121 0.788143 0.354333 0.16495 0.100403 0.345496 0.109134 0.00957174 0.0634624 0.0315626 0.0990671 0.0370846 0.0895904 0.26146 0.0364453 0.354754 0.126057 0.0241982 0.305051 0.0272469 0.110913 0.459179 0.212376 0.104995 0.0847602 0.0805465 0.158464 0.174139 0.580508
0.799614 0.84305 0.333257 0.900041 0.413275 0.933309 0.867907 0.97597 0.25452 0.712952 0.841923 0.84639 0.853908 0.949275 0.504244 0.869711 0.883822 0.980016 0.630739 0.963249 0.881844 0.773549 0.852836 0.919998 0.802503 0.874738 0.976455 0.265369 0.98005 0.872392 0.96382 0.963838 0.773933 0.326401 0.736299 0.745627 0.963262 0.610125 0.602401 0.900446 0.847031 0.64003 0.708454 0.824526 0.990576 0.676173 0.353638 0.915343 0.84175 0.298295 0.136981 0.0322549 0.260296 0.268354 0.022937 0.217024 0.049107 0.131821 0.210598 0.320244 0.600082 0.511784 0.595648 0.00940851 0.891941 0.0796887 0.130314 0.303313 0.570658 0.120001 0.192638 0.931676 0.790333 0.353988 0.165489 0.0993722 0.344612 0.108037 0.00942192 0.0623472 0.031311 0.0985169 0.036591 0.0891415 0.259701 0.0362178 0.352056 0.124635 0.0239339 0.306101 0.0268782 0.109269 0.458971 0.209647 0.103891 0.0835711 0.0795074 0.157226 0.173713 0.580216
0.800683 0.844186 0.335289 0.901091 0.413195 0.933855 0.868829 0.976223 0.253985 0.714623 0.843338 0.847241 0.853899 0.949698 0.503519 0.870163 0.884519 0.980215 0.632095 0.963733 0.883047 0.774416 0.854563 0.921043 0.804047 0.876137 0.976698 0.263874 0.980249 0.872818 0.96404 0.964059 0.775409 0.32526 0.739096 0.746174 0.963733 0.610366 0.605269 0.901477 0.847479 0.640834 0.709136 0.825009 0.990724 0.678842 0.353604 0.91564 0.843616 0.296309 0.136178 0.0318189 0.258554 0.266773 0.0226808 0.216718 0.0489712 0.13089 0.207861 0.319539 0.600902 0.510351 0.596676 0.00926091 0.893037 0.0786453 0.129848 0.302961 0.57014 0.118524 0.193098 0.932137 0.79249 0.353664 0.166014 0.0983459 0.34376 0.106961 0.00927489 0.0612579 0.0310718 0.097979 0.036106 0.0887116 0.257926 0.0360021 0.349337 0.123212 0.0236833 0.307188 0.0265137 0.107642 0.458753 0.206915 0.102775 0.0823978 0.0784685 0.156016 0.173309 0.579854
0.801744 0.84531 0.337388 0.902106 0.41321 0.934395 0.869771 0.97647 0.253452 0.716277 0.844776 0.848076 0.853863 0.950111 0.502798 0.870624 0.885213 0.98041 0.633465 0.964199 0.884247 0.775295 0.856271 0.922076 0.805538 0.877554 0.976933 0.26238 0.980447 0.87323 0.964257 0.964271 0.776857 0.324086 0.741914 0.746686 0.964206 0.610613 0.608102 0.902494 0.847892 0.641638 0.709806 0.825496 0.990869 0.681517 0.353608 0.915916 0.845441 0.294361 0.135369 0.0313929 0.256791 0.26521 0.0224244 0.216367 0.0488419 0.129964 0.205148 0.318841 0.601783 0.508978 0.597677 0.00911632 0.894121 0.0776184 0.129424 0.302616 0.569661 0.117048 0.193636 0.932589 0.794684 0.353389 0.166557 0.0973264 0.342891 0.10591 0.00913183 0.0601765 0.0308308 0.0974475 0.0356389 0.0882864 0.256191 0.0357898 0.346629 0.121802 0.0234412 0.308301 0.0261576 0.106044 0.458526 0.204203 0.101689 0.0812339 0.0774419 0.154823 0.172871 0.579538
0.802822 0.846418 0.339516 0.903116 0.413209 0.934925 0.870698 0.976714 0.252935 0.71797 0.846177 0.848905 0.853819 0.950513 0.502083 0.871055 0.885885 0.980601 0.634881 0.964658 0.885441 0.776152 0.85796 0.923089 0.807032 0.878946 0.977163 0.26094 0.980637 0.873611 0.964463 0.964476 0.778326 0.32297 0.744729 0.747174 0.964667 0.610867 0.611016 0.903494 0.84831 0.642411 0.710539 0.825935 0.99101 0.68421 0.353593 0.916179 0.847258 0.292418 0.134549 0.0309724 0.255007 0.263645 0.0221755 0.216091 0.0487194 0.129059 0.202454 0.318151 0.602658 0.507558 0.598661 0.00897736 0.895188 0.0766154 0.128975 0.302284 0.569125 0.115615 0.1942 0.933039 0.79688 0.353124 0.167143 0.0963194 0.342017 0.104866 0.00898876 0.0591154 0.0305974 0.0969301 0.0351812 0.0878805 0.254416 0.0355851 0.34396 0.120412 0.0231949 0.309462 0.0258097 0.104471 0.458325 0.201514 0.100608 0.0800813 0.076432 0.153645 0.172482 0.579186
0.803908 0.847516 0.341687 0.904121 0.413188 0.935449 0.871617 0.976955 0.252426 0.719681 0.847571 0.849702 0.853752 0.95091 0.501361 0.871482 0.886562 0.980788 0.636265 0.965116 0.886624 0.777009 0.859651 0.924094 0.808498 0.880336 0.977388 0.259418 0.980824 0.873991 0.964667 0.964675 0.779811 0.321815 0.747557 0.747672 0.965125 0.611138 0.613944 0.904485 0.848709 0.643196 0.711216 0.826374 0.991147 0.686894 0.353608 0.916434 0.849079 0.290482 0.133757 0.030558 0.253275 0.262067 0.0219343 0.215842 0.0486044 0.128148 0.199771 0.317435 0.603579 0.506099 0.599644 0.00884083 0.896232 0.0756144 0.128538 0.301931 0.568601 0.114163 0.194781 0.933463 0.79903 0.352807 0.167737 0.0953217 0.341113 0.103818 0.00885025 0.0580712 0.0303643 0.0964042 0.0347321 0.0874803 0.252641 0.0353865 0.341218 0.119016 0.0229564 0.310628 0.025467 0.102899 0.4581 0.198848 0.0995277 0.0789378 0.0754427 0.152452 0.172098 0.578787
0.805 0.848599 0.343883 0.905102 0.413186 0.935974 0.872503 0.977189 0.251936 0.721375 0.848969 0.850529 0.853657 0.951301 0.500633 0.871903 0.887231 0.980974 0.637662 0.96556 0.887779 0.77786 0.861311 0.925092 0.809987 0.881709 0.977607 0.257961 0.98101 0.874363 0.964862 0.964869 0.781274 0.320665 0.750332 0.748183 0.965571 0.611397 0.61687 0.905484 0.849096 0.643957 0.711906 0.826812 0.991281 0.689637 0.353603 0.91669 0.850885 0.288549 0.132996 0.0301516 0.251509 0.260477 0.0217026 0.215572 0.0484994 0.12726 0.197086 0.316736 0.604484 0.50461 0.600622 0.0087068 0.897287 0.0746222 0.128146 0.301589 0.56805 0.112718 0.195375 0.933896 0.8012 0.35252 0.168377 0.0943349 0.34022 0.102771 0.00871611 0.0570506 0.0301437 0.0958885 0.0342892 0.0870829 0.250895 0.0351929 0.338495 0.117633 0.0227242 0.311834 0.0251343 0.101351 0.457909 0.196172 0.0984821 0.0778167 0.0744546 0.151274 0.171753 0.578437
0.806114 0.849686 0.346145 0.906074 0.413168 0.936487 0.873366 0.97742 0.251414 0.723051 0.850368 0.851296 0.853544 0.951683 0.499916 0.872288 0.88787 0.981152 0.639114 0.966 0.888924 0.778702 0.862975 0.926061 0.811437 0.883081 0.977819 0.256483 0.981188 0.87474 0.965048 0.965059 0.78274 0.319486 0.753156 0.748683 0.96601 0.611654 0.619814 0.906469 0.849476 0.644778 0.712608 0.827255 0.991413 0.692375 0.353625 0.916917 0.85267 0.286571 0.132227 0.0297519 0.249759 0.258925 0.0214727 0.215313 0.0484068 0.126385 0.194444 0.316064 0.605338 0.503077 0.601619 0.00857611 0.898335 0.0736477 0.127763 0.301238 0.567497 0.111296 0.195986 0.934314 0.803379 0.352198 0.169023 0.0933647 0.339356 0.101738 0.00858594 0.0560286 0.029929 0.095411 0.0338523 0.0866899 0.249144 0.0350143 0.335727 0.116274 0.0224965 0.313073 0.0248043 0.0998118 0.457614 0.193488 0.0974423 0.0767139 0.0734742 0.150088 0.171416 0.57803
0.807153 0.850747 0.34847 0.90704 0.413162 0.936981 0.874227 0.977645 0.25093 0.724743 0.851745 0.852072 0.853433 0.952059 0.49917 0.87267 0.88851 0.981326 0.640539 0.966427 0.890061 0.77953 0.864629 0.927017 0.81291 0.884442 0.978029 0.254991 0.98136 0.875114 0.965232 0.965243 0.784205 0.318284 0.755945 0.749167 0.966441 0.611906 0.622796 0.907429 0.849837 0.645589 0.713326 0.827687 0.991543 0.6951 0.353637 0.917142 0.854459 0.284605 0.131457 0.0293587 0.24799 0.25735 0.0212487 0.21507 0.048322 0.125521 0.191783 0.315374 0.606208 0.501577 0.602671 0.0084474 0.899348 0.0726855 0.127394 0.300869 0.566982 0.109891 0.19658 0.934733 0.805536 0.351937 0.169703 0.0924224 0.338487 0.100719 0.00845725 0.0550348 0.0297175 0.0949208 0.0334255 0.0863022 0.247382 0.0348388 0.332916 0.11492 0.0222747 0.31432 0.0244791 0.0982898 0.457377 0.190849 0.096404 0.075624 0.0725176 0.148923 0.171078 0.577633
0.808213 0.851821 0.350884 0.908006 0.413163 0.937469 0.875095 0.977866 0.250446 0.726449 0.853128 0.85285 0.853297 0.952434 0.498462 0.873039 0.889136 0.981495 0.641998 0.966848 0.891187 0.78034 0.866275 0.927966 0.81435 0.885787 0.978234 0.25354 0.981529 0.875471 0.965406 0.965418 0.785664 0.317089 0.758752 0.749673 0.966866 0.612223 0.625792 0.908379 0.85018 0.646366 0.713993 0.828072 0.991668 0.697847 0.35366 0.917361 0.856233 0.282657 0.130733 0.0289758 0.246241 0.25577 0.0210249 0.21482 0.0482366 0.124647 0.189124 0.314639 0.607113 0.500056 0.603637 0.00832156 0.900357 0.0717301 0.12705 0.300533 0.566407 0.108471 0.197222 0.935137 0.807689 0.351648 0.170417 0.091469 0.337589 0.0997051 0.00833326 0.0540525 0.0295076 0.0944545 0.0330049 0.0859392 0.245625 0.0346593 0.330127 0.113577 0.0220535 0.315614 0.0241607 0.0967847 0.457132 0.188207 0.0953732 0.0745396 0.0715666 0.14776 0.17075 0.577248
0.809289 0.852901 0.353272 0.908941 0.413144 0.937954 0.875954 0.978084 0.249982 0.728118 0.854489 0.853582 0.85313 0.952796 0.497715 0.873386 0.889742 0.981664 0.643416 0.967262 0.892293 0.78114 0.86789 0.928905 0.815768 0.887124 0.978431 0.25206 0.981692 0.875816 0.965578 0.965586 0.787108 0.3159 0.761565 0.75019 0.967287 0.612479 0.628831 0.909337 0.8505 0.647122 0.714661 0.828448 0.991789 0.700597 0.353708 0.917578 0.857971 0.280679 0.129971 0.0285956 0.244432 0.254197 0.0208053 0.214621 0.0481656 0.123796 0.186486 0.313946 0.607953 0.498501 0.604694 0.00819988 0.901355 0.0707955 0.126692 0.300211 0.565796 0.10709 0.1979 0.935531 0.809862 0.35137 0.17111 0.0905255 0.336701 0.0987037 0.00821108 0.0530806 0.0293045 0.0939838 0.0325948 0.0855834 0.243849 0.0344924 0.327329 0.11222 0.0218439 0.316925 0.0238528 0.0953108 0.4569 0.18556 0.094364 0.0734546 0.0706303 0.146612 0.170436 0.576831
0.810346 0.853952 0.355698 0.909878 0.413137 0.938417 0.876794 0.978294 0.24952 0.729797 0.855846 0.854333 0.852934 0.953148 0.496975 0.873724 0.890344 0.981828 0.644836 0.967672 0.893391 0.781951 0.869499 0.929834 0.817203 0.888438 0.978623 0.250591 0.981851 0.876141 0.965743 0.965747 0.788559 0.314686 0.764333 0.750687 0.967697 0.61271 0.631847 0.910269 0.850829 0.647888 0.715313 0.828841 0.991908 0.703332 0.35374 0.917775 0.859727 0.278687 0.129229 0.0282196 0.242673 0.25259 0.0205958 0.214429 0.0481056 0.122943 0.183832 0.313252 0.608826 0.496946 0.605714 0.00808145 0.902351 0.0698714 0.126357 0.299884 0.565213 0.105711 0.198585 0.935913 0.81199 0.351088 0.171835 0.0895764 0.335867 0.0977219 0.00809186 0.052124 0.0291121 0.0935249 0.0321883 0.0852286 0.242093 0.034325 0.324516 0.110881 0.021636 0.318288 0.0235505 0.0938344 0.456703 0.182936 0.0933421 0.072398 0.0697026 0.14547 0.170148 0.576418
0.811402 0.854957 0.358174 0.910805 0.413157 0.93889 0.877636 0.9785 0.249063 0.731474 0.857209 0.855071 0.852753 0.953505 0.49625 0.87405 0.890956 0.981987 0.646279 0.968077 0.894487 0.782723 0.871091 0.930753 0.81866 0.889773 0.978815 0.24915 0.982006 0.876457 0.96591 0.965905 0.790025 0.313489 0.767105 0.751131 0.968097 0.612929 0.634885 0.911188 0.851145 0.648716 0.715995 0.829228 0.992024 0.706124 0.353795 0.917957 0.861466 0.276672 0.128514 0.0278495 0.240943 0.251004 0.0203861 0.214276 0.0480578 0.1221 0.18123 0.312567 0.609694 0.495387 0.606811 0.00796438 0.903347 0.0689663 0.126017 0.299617 0.564602 0.104333 0.199298 0.936291 0.814099 0.350844 0.172564 0.0886513 0.334979 0.0967501 0.00797525 0.0511776 0.0289196 0.0930793 0.0317881 0.0848629 0.240322 0.0341601 0.321699 0.109567 0.0214315 0.319717 0.0232513 0.0923825 0.456489 0.180335 0.0923324 0.0713532 0.0687926 0.144334 0.169832 0.576007
0.812471 0.855987 0.360722 0.91174 0.413141 0.939348 0.878448 0.978702 0.2486 0.733137 0.858547 0.855798 0.85254 0.953845 0.495516 0.874372 0.891522 0.982141 0.647722 0.968472 0.895584 0.783481 0.872679 0.931649 0.820077 0.891072 0.979001 0.247693 0.982162 0.876793 0.966063 0.966059 0.7915 0.312286 0.769917 0.751569 0.968492 0.613174 0.637936 0.9121 0.851436 0.649537 0.716653 0.829609 0.992138 0.708893 0.353856 0.918132 0.863171 0.274669 0.12781 0.0274916 0.239179 0.249439 0.020181 0.214101 0.0480131 0.121306 0.178645 0.311919 0.610557 0.493821 0.607885 0.00785083 0.904322 0.0680673 0.125691 0.299269 0.563986 0.102971 0.200064 0.936657 0.816276 0.350571 0.173363 0.0877334 0.334116 0.0957835 0.00786133 0.0502486 0.0287337 0.0926399 0.031401 0.0845119 0.238567 0.0340063 0.318902 0.108245 0.0212343 0.321138 0.0229577 0.0909471 0.456255 0.177764 0.0913307 0.0703219 0.0678851 0.143201 0.169562 0.575589
0.813532 0.857006 0.363321 0.912642 0.41318 0.939802 0.879275 0.978893 0.248145 0.734836 0.859886 0.856509 0.852306 0.954182 0.494758 0.874695 0.892078 0.982293 0.649168 0.968865 0.896673 0.78424 0.874242 0.932535 0.821492 0.892379 0.979181 0.246232 0.982312 0.877094 0.966208 0.96621 0.792944 0.3111 0.772738 0.752004 0.968883 0.61344 0.641049 0.912992 0.851735 0.650385 0.717353 0.829981 0.992249 0.711707 0.3539 0.918301 0.864859 0.272693 0.127106 0.027136 0.237425 0.247862 0.0199809 0.213986 0.0479745 0.120501 0.176042 0.311235 0.611407 0.492251 0.608944 0.0077389 0.905277 0.0671803 0.125363 0.298996 0.563369 0.101638 0.200827 0.937021 0.818369 0.350347 0.174171 0.0868409 0.333249 0.0948181 0.00775077 0.0493437 0.0285557 0.0922155 0.0310125 0.0841918 0.236827 0.0338612 0.316092 0.106945 0.021039 0.322541 0.0226705 0.0895407 0.455935 0.175173 0.0903464 0.0692915 0.0669973 0.142097 0.169295 0.57514
0.81457 0.857991 0.365956 0.913537 0.413215 0.940259 0.880087 0.979086 0.247666 0.736554 0.861193 0.857228 0.852099 0.954515 0.493992 0.875012 0.892621 0.98244 0.65067 0.969248 0.897771 0.784984 0.875811 0.933412 0.822875 0.893676 0.979357 0.24476 0.982458 0.877407 0.966355 0.966351 0.794367 0.309869 0.775488 0.752431 0.969262 0.613685 0.644158 0.91389 0.85202 0.651203 0.718013 0.830345 0.992358 0.714522 0.354003 0.918459 0.866552 0.270697 0.126408 0.0267872 0.235661 0.246302 0.0197836 0.213855 0.0479355 0.119703 0.173472 0.310559 0.612296 0.490591 0.610016 0.00762968 0.906216 0.066307 0.125056 0.298725 0.562754 0.100282 0.201619 0.937371 0.820483 0.350136 0.175013 0.0859556 0.33239 0.0938674 0.00764299 0.0484427 0.0283799 0.0917994 0.0306293 0.0838716 0.23504 0.0337201 0.313251 0.105672 0.0208512 0.324016 0.0223863 0.088168 0.455733 0.172609 0.0893677 0.068281 0.0661204 0.141009 0.169049 0.574672
0.815595 0.858979 0.368574 0.914431 0.413211 0.9407 0.880886 0.979273 0.247215 0.738261 0.862493 0.857911 0.85183 0.954841 0.493212 0.875303 0.893201 0.982583 0.652154 0.969619 0.898837 0.785715 0.877371 0.934274 0.824277 0.894955 0.979526 0.243268 0.982601 0.877693 0.966487 0.966494 0.795805 0.30864 0.778271 0.752868 0.969641 0.613874 0.647264 0.914764 0.852267 0.652043 0.718675 0.830698 0.992465 0.717343 0.354109 0.918602 0.868222 0.268707 0.12572 0.0264458 0.233941 0.244687 0.0195889 0.213748 0.0479163 0.11891 0.170917 0.309901 0.613197 0.488937 0.611063 0.00752332 0.907147 0.0654468 0.12476 0.298502 0.562089 0.0989598 0.20243 0.937719 0.822586 0.349883 0.175859 0.0850827 0.331545 0.0929166 0.0075348 0.0475573 0.0282107 0.0913867 0.0302523 0.0835433 0.233284 0.0335832 0.31037 0.104384 0.0206633 0.325521 0.022105 0.0867916 0.455535 0.17007 0.0884004 0.0672869 0.0652442 0.139907 0.168817 0.574211
0.816631 0.859951 0.371274 0.915307 0.413245 0.941136 0.881686 0.979458 0.246778 0.739956 0.863789 0.858585 0.851551 0.955158 0.492405 0.875601 0.893733 0.982723 0.65368 0.969987 0.899884 0.786451 0.878915 0.935122 0.825694 0.896231 0.979694 0.241829 0.982743 0.877982 0.966618 0.966628 0.797251 0.307419 0.78103 0.753311 0.970008 0.614124 0.650408 0.915643 0.852531 0.652869 0.719328 0.831051 0.992569 0.720143 0.354203 0.918763 0.869883 0.266702 0.125028 0.02611 0.232189 0.243086 0.0193993 0.213667 0.0478992 0.118112 0.168404 0.30926 0.614093 0.487297 0.612115 0.00741825 0.908077 0.0645938 0.12449 0.298241 0.561442 0.0976692 0.203267 0.938064 0.824678 0.349674 0.176732 0.0842089 0.330709 0.0919928 0.00742935 0.0466833 0.0280452 0.0910051 0.029885 0.0832288 0.231518 0.0334533 0.307521 0.103106 0.020483 0.327075 0.0218296 0.0854281 0.455323 0.16755 0.0874441 0.0662977 0.0643892 0.138807 0.168579 0.573725
0.81766 0.860945 0.37402 0.916189 0.413259 0.941559 0.882476 0.979638 0.246349 0.741617 0.865089 0.859251 0.851263 0.955469 0.491623 0.875875 0.894295 0.982858 0.655164 0.970347 0.900921 0.787177 0.88045 0.935964 0.827047 0.897504 0.979856 0.240364 0.982881 0.878246 0.966748 0.966757 0.798681 0.306193 0.783744 0.753733 0.970368 0.614377 0.653559 0.916514 0.852783 0.653681 0.719965 0.831389 0.992672 0.722972 0.354358 0.918917 0.871521 0.264672 0.12436 0.02578 0.23046 0.241502 0.019215 0.213587 0.0478867 0.117341 0.165878 0.308595 0.614962 0.485669 0.613215 0.00731572 0.908994 0.0637616 0.124228 0.297966 0.560767 0.0963757 0.204118 0.938397 0.826763 0.34943 0.177619 0.0833557 0.329827 0.0910547 0.00732672 0.0458218 0.0278821 0.0906219 0.0295234 0.0829175 0.229776 0.0333295 0.304666 0.101852 0.0203038 0.328617 0.0215613 0.0840744 0.455024 0.165044 0.086497 0.0653185 0.0635563 0.137714 0.168347 0.573214
0.818687 0.861917 0.376827 0.917047 0.413294 0.941973 0.883254 0.979816 0.245924 0.743298 0.866376 0.859909 0.850966 0.955783 0.490848 0.876139 0.894818 0.982994 0.656657 0.970703 0.901972 0.787918 0.881979 0.936796 0.828403 0.898733 0.980016 0.238923 0.983015 0.878534 0.966868 0.966882 0.800109 0.304993 0.786504 0.75419 0.970721 0.614625 0.656714 0.917374 0.853039 0.65451 0.720577 0.83172 0.992772 0.725792 0.354487 0.919047 0.873151 0.262677 0.123699 0.0254551 0.228707 0.239909 0.0190319 0.2135 0.047888 0.116558 0.163372 0.307956 0.615847 0.484034 0.61427 0.00721597 0.909904 0.0629277 0.123964 0.297675 0.560044 0.0950756 0.204978 0.938721 0.828835 0.349179 0.178531 0.0824952 0.329014 0.0901272 0.00722741 0.0449702 0.0277229 0.0902288 0.0291731 0.0826172 0.228013 0.0332152 0.301778 0.100596 0.0201296 0.330217 0.0212985 0.082748 0.45484 0.162554 0.0855671 0.0643665 0.0627253 0.136638 0.168103 0.572748
0.819728 0.862862 0.379649 0.917895 0.413348 0.942386 0.884039 0.979988 0.245485 0.745025 0.867645 0.860569 0.850635 0.956087 0.490072 0.876419 0.895342 0.983126 0.658181 0.971057 0.903004 0.788638 0.88349 0.937622 0.829785 0.899975 0.98017 0.237479 0.983144 0.878821 0.966991 0.967004 0.801571 0.303776 0.789223 0.75462 0.97107 0.614879 0.659886 0.918218 0.853289 0.65532 0.721168 0.832023 0.992869 0.728599 0.354601 0.919177 0.87477 0.260651 0.123049 0.0251346 0.226926 0.238308 0.0188579 0.213445 0.0478938 0.115762 0.160904 0.307303 0.616711 0.482363 0.615321 0.00711953 0.910796 0.0621126 0.123731 0.297411 0.559334 0.0938231 0.20588 0.939039 0.830914 0.348989 0.179483 0.0816475 0.328146 0.0892218 0.00713074 0.0441377 0.0275695 0.0898464 0.028822 0.0823412 0.226264 0.033092 0.298932 0.0993574 0.0199524 0.331831 0.0210373 0.0814265 0.454567 0.160064 0.0846385 0.0634113 0.0619027 0.135578 0.167875 0.572247
0.820746 0.863834 0.382543 0.918734 0.413388 0.942802 0.884788 0.980156 0.245094 0.746707 0.868907 0.861199 0.850291 0.956386 0.489289 0.876666 0.895864 0.983253 0.659664 0.971406 0.904005 0.789365 0.884985 0.938434 0.831155 0.9012 0.980323 0.236068 0.983271 0.879093 0.967104 0.967123 0.802998 0.302526 0.791948 0.755054 0.971415 0.615182 0.663061 0.919061 0.853511 0.656125 0.721831 0.832343 0.992965 0.731447 0.354736 0.919292 0.876384 0.258633 0.122402 0.024812 0.225178 0.236769 0.0186837 0.213429 0.0479021 0.114998 0.158438 0.306654 0.617596 0.480654 0.616408 0.00702481 0.911697 0.061307 0.123497 0.297196 0.558645 0.0925575 0.206794 0.939351 0.832975 0.348799 0.180441 0.0808069 0.327285 0.0883135 0.00703519 0.043319 0.0274157 0.0894726 0.0284759 0.0820641 0.224501 0.0329841 0.296042 0.0981508 0.0197864 0.333441 0.0207841 0.0801273 0.454326 0.157617 0.0837139 0.0624738 0.0611 0.134525 0.167662 0.57174
0.821748 0.86476 0.385505 0.91957 0.413437 0.943202 0.885515 0.980321 0.244726 0.748388 0.870166 0.86183 0.849947 0.956666 0.488564 0.876892 0.896364 0.98338 0.661191 0.971746 0.90502 0.790053 0.886485 0.939229 0.832474 0.90242 0.980473 0.234655 0.983395 0.879377 0.967211 0.967226 0.804436 0.301315 0.794625 0.755459 0.971756 0.61541 0.666233 0.919894 0.853717 0.656977 0.722456 0.832643 0.993058 0.734245 0.35484 0.919395 0.877988 0.256609 0.121755 0.0245041 0.223453 0.235166 0.0185152 0.213376 0.0479267 0.114239 0.155982 0.306008 0.618458 0.47893 0.617507 0.00693244 0.91258 0.0605085 0.123252 0.296949 0.557892 0.0913031 0.207752 0.939653 0.835009 0.348596 0.181436 0.0799865 0.326466 0.0874211 0.00694222 0.0425107 0.0272674 0.0891077 0.028139 0.0817836 0.222754 0.032878 0.293199 0.0969317 0.0196255 0.335116 0.020533 0.0788256 0.454116 0.155179 0.0828272 0.0615458 0.060302 0.133447 0.16747 0.571237
0.822759 0.86569 0.388481 0.920396 0.413473 0.943599 0.886257 0.980488 0.244307 0.750054 0.871417 0.862445 0.8496 0.95695 0.487775 0.877122 0.896845 0.9835 0.662674 0.972075 0.906018 0.790749 0.887955 0.940015 0.833833 0.903622 0.980617 0.23326 0.983517 0.879615 0.967315 0.967335 0.805854 0.300099 0.797339 0.755874 0.972088 0.615648 0.669407 0.920729 0.853901 0.657787 0.723073 0.83296 0.993149 0.7371 0.354974 0.91949 0.879551 0.254621 0.121124 0.0241966 0.221721 0.233611 0.0183495 0.213372 0.0479511 0.113499 0.153553 0.305386 0.619329 0.477227 0.618604 0.00684165 0.913457 0.0597104 0.123039 0.296716 0.557152 0.0900692 0.208718 0.939952 0.837034 0.34844 0.182447 0.0791735 0.325609 0.0865228 0.00685062 0.0417182 0.0271211 0.0887543 0.0278052 0.0815185 0.221012 0.032781 0.290287 0.0957144 0.0194645 0.336802 0.0202847 0.0775523 0.453834 0.152758 0.0819289 0.0606315 0.0595157 0.132403 0.167263 0.570726
0.823795 0.86662 0.391519 0.921215 0.413503 0.943986 0.887 0.980645 0.243896 0.751718 0.872653 0.863046 0.849207 0.957234 0.486979 0.877345 0.897337 0.983621 0.664189 0.972405 0.907 0.791449 0.889415 0.940798 0.835169 0.904821 0.980756 0.231831 0.983635 0.879849 0.967408 0.967437 0.80728 0.298909 0.799978 0.75629 0.972418 0.615875 0.672583 0.921553 0.854064 0.658594 0.723713 0.833253 0.993238 0.739936 0.355075 0.919575 0.881114 0.252573 0.120502 0.023897 0.219994 0.232016 0.0181869 0.213389 0.0479791 0.112756 0.151166 0.304725 0.620233 0.475472 0.619697 0.0067528 0.914322 0.058942 0.122825 0.296494 0.556466 0.0888378 0.209701 0.940248 0.83905 0.348217 0.183449 0.0783618 0.324746 0.0856595 0.00676228 0.0409456 0.0269847 0.088405 0.0274833 0.0812493 0.219305 0.0326855 0.287441 0.0945167 0.0193085 0.338498 0.0200387 0.0762927 0.453602 0.150379 0.0810332 0.0597271 0.0587513 0.131369 0.167085 0.570189
0.82479 0.86755 0.394577 0.922024 0.41352 0.944366 0.887737 0.9808 0.243513 0.753416 0.873899 0.863666 0.848796 0.957507 0.486182 0.877555 0.897824 0.983739 0.665748 0.972727 0.907988 0.792105 0.890846 0.941558 0.836506 0.906006 0.980893 0.23042 0.983752 0.880093 0.967503 0.967536 0.808681 0.297684 0.80262 0.756707 0.972743 0.616195 0.675739 0.922336 0.85425 0.659402 0.724337 0.833532 0.993326 0.742792 0.355233 0.91964 0.882665 0.250549 0.119895 0.0236022 0.218246 0.23041 0.0180274 0.213424 0.0480179 0.112023 0.148792 0.304108 0.621085 0.473705 0.620768 0.0066658 0.915189 0.0581811 0.122617 0.296277 0.55572 0.0876304 0.210694 0.940536 0.841056 0.34806 0.184491 0.0775592 0.323925 0.0847901 0.00667535 0.0401712 0.0268512 0.0880576 0.0271628 0.0809907 0.217558 0.0325902 0.284575 0.0933353 0.0191565 0.340302 0.0198018 0.0750651 0.453335 0.148016 0.0801439 0.0588434 0.0579938 0.130335 0.166892 0.569652
0.825808 0.86849 0.397631 0.922824 0.413571 0.944754 0.888472 0.980952 0.243133 0.755083 0.875129 0.864258 0.848388 0.957784 0.485376 0.877754 0.898291 0.983854 0.66726 0.973044 0.908968 0.792769 0.892288 0.942305 0.837824 0.907172 0.981027 0.229003 0.983865 0.880331 0.967593 0.967622 0.810101 0.29645 0.805253 0.757119 0.973061 0.616459 0.678959 0.92313 0.854404 0.660267 0.724988 0.833833 0.993412 0.745592 0.355337 0.91971 0.884196 0.248515 0.119276 0.0233081 0.216499 0.228816 0.0178704 0.21345 0.0480674 0.111308 0.146424 0.303461 0.621978 0.471918 0.621881 0.0065799 0.916049 0.0574306 0.122429 0.296064 0.554935 0.0864245 0.21172 0.94082 0.843052 0.347919 0.185582 0.0767583 0.323113 0.083944 0.00659045 0.0394106 0.026724 0.0877134 0.0268484 0.0807458 0.215806 0.0325066 0.281697 0.0921743 0.0190053 0.34209 0.0195665 0.0738383 0.453109 0.145657 0.0792698 0.057975 0.0572329 0.12931 0.166739 0.569077
0.826789 0.869394 0.400774 0.923606 0.413702 0.945133 0.889193 0.981104 0.242743 0.756752 0.876351 0.864841 0.847959 0.958056 0.484629 0.877933 0.898767 0.983965 0.668788 0.973354 0.909927 0.793424 0.893712 0.943054 0.839125 0.908332 0.981155 0.227598 0.983976 0.880538 0.967678 0.967706 0.811516 0.295187 0.807865 0.757507 0.973371 0.616701 0.682169 0.923917 0.854574 0.661075 0.72565 0.834078 0.993496 0.748402 0.35549 0.919768 0.885738 0.246453 0.118672 0.0230201 0.214757 0.227238 0.0177148 0.213498 0.0481044 0.11061 0.144071 0.302847 0.622855 0.470163 0.623013 0.00649553 0.916896 0.0566893 0.12223 0.295879 0.554174 0.0852377 0.212766 0.9411 0.845048 0.347741 0.186673 0.0759769 0.322268 0.083085 0.00650636 0.0386628 0.0265952 0.0873752 0.0265392 0.0805014 0.214079 0.0324238 0.278836 0.0910109 0.0188553 0.343893 0.0193389 0.0726346 0.452895 0.143333 0.0784134 0.0571108 0.0564875 0.128282 0.166571 0.568471
0.827796 0.870305 0.403962 0.924396 0.413771 0.945504 0.889897 0.981249 0.242359 0.758404 0.877552 0.865411 0.847507 0.958318 0.48381 0.878119 0.89922 0.984075 0.670323 0.973661 0.910909 0.794074 0.895126 0.943794 0.840412 0.90948 0.981284 0.226179 0.984083 0.88076 0.96776 0.967788 0.812952 0.293942 0.810465 0.757887 0.973676 0.616963 0.685386 0.924681 0.854714 0.66195 0.726233 0.834359 0.993579 0.751217 0.355663 0.919828 0.887231 0.244431 0.118075 0.022742 0.21302 0.225635 0.0175623 0.213553 0.0481681 0.109894 0.141756 0.302216 0.623708 0.468362 0.62412 0.00641379 0.917741 0.0559531 0.122059 0.295696 0.553373 0.0840672 0.213862 0.941376 0.847043 0.347594 0.187795 0.0751891 0.321476 0.0822457 0.00642467 0.0379297 0.0264704 0.0870486 0.0262338 0.0802681 0.212337 0.0323438 0.276002 0.0898531 0.0187094 0.345744 0.0191106 0.071442 0.452644 0.141012 0.0775668 0.05625 0.0557499 0.127279 0.166411 0.567898
0.828797 0.871181 0.407183 0.925172 0.413848 0.945859 0.890609 0.981393 0.24199 0.760077 0.87878 0.865985 0.84706 0.95857 0.483014 0.878299 0.89968 0.984179 0.671889 0.97396 0.911858 0.7947 0.896516 0.944525 0.8417 0.910629 0.981409 0.224808 0.984189 0.880972 0.967844 0.967865 0.814351 0.292705 0.813078 0.758284 0.973977 0.617183 0.688571 0.925442 0.854854 0.662787 0.726855 0.834632 0.99366 0.754012 0.355834 0.919879 0.888724 0.242409 0.117492 0.0224623 0.211314 0.224065 0.0174128 0.213618 0.0482279 0.109186 0.139441 0.30157 0.624588 0.466493 0.625258 0.00633351 0.918569 0.0552254 0.121872 0.295509 0.552597 0.0829011 0.214932 0.941644 0.849007 0.34744 0.18893 0.0744163 0.320612 0.0814104 0.00634494 0.03721 0.0263458 0.086717 0.0259336 0.0800404 0.21061 0.0322676 0.273184 0.088713 0.0185681 0.34762 0.0188869 0.0702595 0.452391 0.138735 0.0767208 0.0554176 0.055026 0.126297 0.166257 0.567291
0.829814 0.872065 0.410422 0.925943 0.413971 0.946217 0.8913 0.981536 0.241605 0.761724 0.879976 0.86653 0.846577 0.958819 0.482247 0.878459 0.900134 0.984282 0.673483 0.974258 0.912798 0.795348 0.897885 0.945251 0.842968 0.911757 0.981533 0.223421 0.984295 0.881183 0.967915 0.967934 0.815755 0.291438 0.815678 0.758661 0.974275 0.617414 0.6918 0.926203 0.855 0.663646 0.727482 0.834903 0.993738 0.756811 0.35601 0.919918 0.890202 0.240394 0.116907 0.0221854 0.209602 0.222467 0.0172622 0.213713 0.0483047 0.108497 0.13717 0.30096 0.625456 0.464643 0.626427 0.00625549 0.919382 0.0545137 0.121714 0.295344 0.551769 0.0817558 0.216026 0.94191 0.850956 0.347303 0.190081 0.073664 0.319806 0.0805843 0.00626545 0.0365044 0.0262228 0.0863982 0.0256439 0.079809 0.208898 0.0322012 0.270341 0.0875826 0.0184296 0.349489 0.0186645 0.0691121 0.452114 0.13647 0.075886 0.0545891 0.0543129 0.125293 0.166154 0.566776
0.830834 0.872947 0.413728 0.926696 0.414058 0.94658 0.891988 0.981674 0.241186 0.763403 0.881176 0.867072 0.846078 0.95907 0.481468 0.878617 0.900559 0.984384 0.675037 0.974546 0.913722 0.795962 0.899256 0.945968 0.844224 0.912874 0.981648 0.222053 0.984395 0.881403 0.967991 0.968002 0.8172 0.29016 0.81826 0.759044 0.974562 0.617664 0.695022 0.926953 0.855118 0.664486 0.728083 0.835126 0.993816 0.759624 0.356187 0.919968 0.89167 0.23835 0.116331 0.0219113 0.207895 0.220877 0.0171174 0.21384 0.0483801 0.10783 0.134934 0.300367 0.626322 0.462817 0.627586 0.00617811 0.920196 0.0538115 0.121574 0.295197 0.550941 0.0806124 0.217165 0.942163 0.852901 0.347159 0.191275 0.072909 0.319021 0.0797676 0.00618751 0.035812 0.026106 0.0860897 0.0253518 0.0795837 0.207181 0.0321289 0.267511 0.0864664 0.0182937 0.351377 0.0184472 0.0679595 0.45187 0.13425 0.0750589 0.0537737 0.0536054 0.124313 0.166028 0.566176
0.831802 0.873826 0.417112 0.927432 0.414125 0.94693 0.892672 0.981808 0.240807 0.765056 0.882339 0.867616 0.845575 0.959311 0.480631 0.878769 0.900982 0.984483 0.676613 0.974831 0.914638 0.796601 0.900629 0.946666 0.8455 0.913979 0.981761 0.220662 0.984492 0.881603 0.968058 0.968063 0.818592 0.288902 0.820824 0.759428 0.974849 0.6179 0.698218 0.927701 0.855238 0.665363 0.72869 0.835374 0.993892 0.762419 0.356374 0.919995 0.893133 0.236317 0.115766 0.0216436 0.206175 0.219285 0.0169756 0.213959 0.0484645 0.107136 0.132706 0.299734 0.627142 0.460906 0.6287 0.00610269 0.921006 0.0531128 0.121426 0.29502 0.550159 0.0794943 0.218278 0.942413 0.854818 0.347017 0.19249 0.072165 0.318154 0.0789848 0.00611202 0.0351285 0.0259876 0.0857924 0.0250672 0.0793552 0.205491 0.0320652 0.264654 0.0853586 0.0181578 0.353317 0.0182376 0.0668292 0.451637 0.13203 0.0742406 0.0529623 0.0529061 0.123347 0.16592 0.565606
0.832789 0.874683 0.420509 0.92817 0.414225 0.947284 0.893349 0.981941 0.240464 0.766728 0.883494 0.868153 0.845056 0.95955 0.47979 0.878902 0.901407 0.984579 0.678183 0.975113 0.915538 0.79719 0.901981 0.94735 0.846741 0.91508 0.981876 0.21925 0.984589 0.881806 0.96812 0.968126 0.819995 0.287619 0.823349 0.759763 0.975131 0.618121 0.701444 0.928438 0.855341 0.666191 0.729316 0.835609 0.993965 0.765216 0.35659 0.920007 0.894556 0.234344 0.115198 0.0213846 0.204445 0.217725 0.0168401 0.214095 0.0485562 0.106468 0.130515 0.299116 0.627993 0.458999 0.629848 0.00602915 0.921792 0.0524261 0.121286 0.294868 0.549294 0.0783906 0.219454 0.94266 0.85673 0.346878 0.193738 0.0714434 0.317317 0.0781932 0.00603816 0.0344626 0.0258804 0.0854865 0.0247851 0.0791442 0.203772 0.0320046 0.261845 0.0842656 0.0180276 0.355305 0.0180279 0.0657084 0.451381 0.129815 0.0734343 0.0521657 0.0522266 0.122388 0.165844 0.564998
0.833765 0.875546 0.423948 0.928887 0.414273 0.947625 0.894027 0.982072 0.240125 0.768396 0.884672 0.868692 0.844491 0.959784 0.478987 0.879034 0.901841 0.984674 0.679782 0.975387 0.916447 0.797793 0.903331 0.948026 0.848006 0.916178 0.981981 0.21788 0.984686 0.882 0.968171 0.968187 0.821393 0.286383 0.825887 0.760089 0.975409 0.618342 0.704638 0.929155 0.855462 0.667047 0.72991 0.835841 0.994038 0.768006 0.35681 0.920026 0.895964 0.232321 0.11463 0.0211241 0.202734 0.21614 0.0167034 0.214243 0.0486556 0.105798 0.128329 0.298498 0.628871 0.457129 0.630988 0.00595803 0.922582 0.0517496 0.121175 0.294721 0.548479 0.077285 0.220672 0.942895 0.858636 0.346761 0.195004 0.0707173 0.316514 0.0774107 0.00596479 0.0337978 0.0257733 0.0851864 0.0245062 0.0789431 0.202059 0.0319469 0.259006 0.0831822 0.0179001 0.357285 0.017822 0.0646102 0.451145 0.127636 0.0726328 0.05137 0.0515545 0.121422 0.165732 0.564389
0.834748 0.876393 0.427418 0.929617 0.414329 0.947959 0.894694 0.982198 0.239762 0.770041 0.885824 0.869209 0.843923 0.960011 0.478228 0.879161 0.902268 0.984767 0.681369 0.975662 0.917343 0.798391 0.904642 0.94869 0.84923 0.917256 0.982086 0.21651 0.984776 0.882193 0.968225 0.968241 0.822769 0.285105 0.828397 0.760462 0.975679 0.618599 0.707843 0.929869 0.855553 0.667845 0.730501 0.836061 0.994108 0.770753 0.357031 0.920035 0.897378 0.23032 0.11408 0.0208684 0.201075 0.214582 0.0165709 0.214412 0.048757 0.105116 0.126181 0.297879 0.629693 0.455235 0.632131 0.00588791 0.923375 0.0510757 0.121074 0.29457 0.547623 0.0761952 0.221882 0.943136 0.860515 0.346599 0.196306 0.0699924 0.315696 0.0766387 0.00589428 0.0331412 0.0256716 0.0848944 0.0242326 0.0787296 0.200346 0.031896 0.256192 0.0821025 0.0177771 0.359303 0.0176206 0.0635376 0.450871 0.125496 0.0718434 0.0505943 0.0508861 0.120434 0.165642 0.56374
0.835744 0.877222 0.430906 0.930332 0.414444 0.948291 0.895368 0.982322 0.239417 0.77169 0.886971 0.869699 0.843347 0.960239 0.477441 0.879258 0.902676 0.984858 0.682978 0.975929 0.918228 0.798939 0.905958 0.949347 0.850437 0.918321 0.982187 0.215104 0.984867 0.882361 0.968267 0.968288 0.824132 0.283854 0.83086 0.760776 0.975948 0.618866 0.711003 0.930583 0.855645 0.668715 0.731082 0.836268 0.994179 0.773524 0.357234 0.920044 0.898754 0.228313 0.113511 0.0206179 0.199378 0.213023 0.0164417 0.214582 0.0488666 0.104454 0.124051 0.297284 0.630568 0.453275 0.633274 0.00581947 0.924154 0.0504151 0.120977 0.294437 0.546781 0.0751106 0.223142 0.943364 0.862398 0.346511 0.197624 0.0692886 0.3149 0.0758665 0.00582431 0.0325022 0.0255685 0.0846199 0.0239673 0.0785333 0.198626 0.0318426 0.253369 0.0810397 0.0176551 0.361339 0.0174181 0.0624751 0.450629 0.123372 0.0710538 0.0498292 0.0502358 0.119513 0.165576 0.563106
0.836719 0.878059 0.434459 0.931036 0.414581 0.948619 0.896021 0.982444 0.239086 0.773321 0.888104 0.870199 0.842752 0.960461 0.476694 0.879365 0.903076 0.984947 0.684566 0.976189 0.919112 0.799551 0.907245 0.950001 0.851643 0.919379 0.982286 0.21373 0.984956 0.882529 0.968313 0.968329 0.825511 0.282588 0.83333 0.761152 0.976211 0.619144 0.714205 0.931287 0.855719 0.669599 0.731649 0.836472 0.994247 0.776312 0.357461 0.920044 0.900136 0.226306 0.112974 0.0203703 0.197708 0.21144 0.0163169 0.214793 0.048979 0.103786 0.121946 0.296679 0.63144 0.451366 0.634412 0.00575208 0.924922 0.0497659 0.120877 0.294288 0.545904 0.0740473 0.224414 0.943598 0.864273 0.346387 0.198967 0.0685858 0.31411 0.0750962 0.00575548 0.0318788 0.0254707 0.0843504 0.023703 0.0783329 0.196923 0.0317902 0.250589 0.0799958 0.017532 0.363391 0.0172224 0.0614256 0.450378 0.121278 0.0702803 0.0490687 0.0495814 0.118556 0.165484 0.56245
0.837707 0.878876 0.438043 0.931746 0.414711 0.948946 0.896661 0.982563 0.238728 0.774959 0.88924 0.870695 0.842145 0.960684 0.475884 0.87945 0.903485 0.985033 0.686185 0.976447 0.919971 0.800117 0.908525 0.950647 0.852838 0.920423 0.982384 0.212381 0.985043 0.882718 0.968352 0.968368 0.826862 0.281305 0.835793 0.761505 0.976473 0.619401 0.717404 0.931975 0.855787 0.670444 0.732248 0.836651 0.994313 0.779061 0.357656 0.920041 0.901495 0.224296 0.112426 0.0201268 0.19601 0.209866 0.0161912 0.215013 0.0491052 0.103137 0.11987 0.296067 0.632304 0.449447 0.635562 0.00568538 0.925671 0.0491247 0.120791 0.294209 0.545039 0.0729928 0.225682 0.943819 0.866109 0.346277 0.200318 0.0678906 0.3133 0.0743422 0.00568767 0.0312619 0.0253703 0.0840817 0.0234431 0.0781464 0.195214 0.0317503 0.247792 0.0789557 0.0174145 0.365498 0.0170285 0.0603854 0.450137 0.119196 0.0695159 0.0483213 0.0489436 0.117645 0.165413 0.561762
0.838678 0.879687 0.441643 0.932435 0.414865 0.949271 0.897288 0.982681 0.23837 0.776593 0.890387 0.871202 0.841536 0.960904 0.47508 0.87951 0.903885 0.985119 0.687821 0.976703 0.920827 0.800682 0.909793 0.95128 0.854068 0.921462 0.982481 0.211043 0.985127 0.882875 0.968394 0.968409 0.828226 0.280012 0.838215 0.761833 0.976733 0.619657 0.720585 0.932664 0.855845 0.671287 0.732843 0.83686 0.994378 0.781799 0.357876 0.920028 0.90285 0.222291 0.111895 0.0198889 0.194358 0.20832 0.0160673 0.215207 0.049239 0.102481 0.117809 0.295445 0.633137 0.447463 0.636695 0.00562001 0.926427 0.0484881 0.12072 0.294097 0.544172 0.071948 0.22697 0.944042 0.867929 0.34621 0.201709 0.0672037 0.312479 0.0735988 0.00562219 0.0306569 0.025281 0.0838319 0.0231874 0.0779604 0.193526 0.0317072 0.245004 0.0779181 0.0172947 0.3676 0.0168384 0.0593635 0.44988 0.11715 0.0687424 0.0475846 0.0483179 0.116705 0.165329 0.561088
0.839654 0.880494 0.445234 0.933129 0.415018 0.949585 0.897913 0.982795 0.238031 0.778218 0.891496 0.871678 0.840874 0.961117 0.474278 0.879579 0.904285 0.9852 0.689447 0.97695 0.921679 0.801254 0.911043 0.951902 0.855269 0.922495 0.982575 0.20971 0.985211 0.883035 0.968433 0.968441 0.829601 0.278749 0.840625 0.762176 0.976985 0.619932 0.723776 0.933348 0.855897 0.672179 0.733447 0.837046 0.994442 0.784569 0.358058 0.920013 0.904171 0.22029 0.111374 0.01965 0.192693 0.20677 0.015947 0.21544 0.0493699 0.101855 0.115773 0.294817 0.633992 0.445488 0.637835 0.0055558 0.927175 0.0478578 0.120659 0.294012 0.543272 0.0709201 0.228281 0.944255 0.869741 0.346138 0.203118 0.0665203 0.311678 0.0728589 0.00555796 0.0300573 0.0251881 0.0835705 0.0229393 0.0777922 0.191845 0.0316762 0.242202 0.0769064 0.0171795 0.369769 0.0166535 0.0583612 0.449646 0.115116 0.0679869 0.0468622 0.0476998 0.115789 0.165255 0.560385
0.840626 0.88131 0.448884 0.9338 0.415113 0.9499 0.898549 0.982908 0.237697 0.779827 0.892617 0.872158 0.840208 0.961327 0.473506 0.879644 0.904676 0.985279 0.691095 0.9772 0.922522 0.801826 0.912282 0.952518 0.856445 0.923521 0.982666 0.208363 0.985293 0.883186 0.968459 0.968475 0.83097 0.277493 0.843013 0.762514 0.977237 0.620192 0.72695 0.934024 0.855971 0.67301 0.734072 0.837233 0.994505 0.787282 0.358294 0.919984 0.905481 0.218302 0.110868 0.0194176 0.191008 0.20522 0.0158315 0.21569 0.0495161 0.101218 0.113761 0.29421 0.634842 0.443546 0.638978 0.0054929 0.927908 0.0472523 0.120603 0.293946 0.542366 0.0699077 0.229631 0.944458 0.871558 0.346042 0.204535 0.0658448 0.310861 0.0721215 0.00549499 0.0294685 0.025101 0.083327 0.0226926 0.0776002 0.190168 0.031642 0.239454 0.0758795 0.0170676 0.371963 0.0164712 0.0573808 0.449389 0.113115 0.0672467 0.0461435 0.0470876 0.114879 0.165214 0.559695
0.841607 0.882093 0.452602 0.934478 0.415283 0.950209 0.899176 0.983014 0.237352 0.781436 0.893724 0.872632 0.839523 0.961528 0.472722 0.879682 0.905035 0.985359 0.692721 0.977439 0.923351 0.802391 0.91352 0.953134 0.857632 0.924535 0.982757 0.207032 0.98537 0.883351 0.968486 0.968505 0.832325 0.276191 0.845379 0.762882 0.977483 0.620456 0.730117 0.934693 0.856016 0.673842 0.734668 0.837421 0.994568 0.78998 0.358544 0.919957 0.906779 0.216335 0.110353 0.0191891 0.189352 0.203665 0.0157122 0.21596 0.0496617 0.100586 0.111778 0.293598 0.635681 0.441525 0.640154 0.00543154 0.928635 0.0466396 0.12054 0.293879 0.541463 0.0689043 0.230991 0.944654 0.873351 0.345982 0.205957 0.0651786 0.310055 0.0714055 0.00543392 0.0288955 0.0250147 0.0830664 0.0224501 0.0774326 0.18848 0.0316138 0.23669 0.0748807 0.0169557 0.374182 0.0162892 0.0564112 0.449171 0.111123 0.0665037 0.0454337 0.0464763 0.113973 0.165153 0.559023
0.842566 0.882895 0.456363 0.935149 0.415412 0.950518 0.899795 0.983121 0.237029 0.783004 0.894801 0.873077 0.838847 0.961728 0.471919 0.87974 0.90541 0.985435 0.694344 0.977678 0.924175 0.802956 0.91474 0.95372 0.858799 0.925526 0.982842 0.205698 0.985446 0.883503 0.968506 0.968527 0.833664 0.274929 0.847726 0.763205 0.977721 0.62073 0.733262 0.935361 0.856055 0.67467 0.735239 0.837603 0.994629 0.792697 0.358747 0.919914 0.908071 0.214379 0.109844 0.0189649 0.1877 0.202102 0.0155993 0.216236 0.049818 0.0999697 0.109802 0.29298 0.63651 0.439482 0.641328 0.00537101 0.92935 0.0460466 0.120503 0.293811 0.540561 0.0679195 0.232391 0.944848 0.87512 0.345906 0.207433 0.0645201 0.309273 0.0706896 0.0053726 0.0283349 0.0249362 0.0828197 0.0222109 0.0772472 0.186836 0.0315947 0.233925 0.073899 0.0168506 0.376423 0.0161105 0.0554525 0.448913 0.109165 0.0657682 0.0447343 0.0458874 0.113051 0.165116 0.558304
0.843512 0.883655 0.460166 0.935808 0.415556 0.950817 0.900397 0.98323 0.236701 0.784584 0.895896 0.873532 0.838136 0.961922 0.471129 0.879772 0.905772 0.985512 0.695917 0.977915 0.924998 0.803484 0.915951 0.954307 0.859943 0.92652 0.982925 0.204363 0.985522 0.883639 0.968532 0.96855 0.834988 0.27358 0.850033 0.763548 0.977952 0.62101 0.736412 0.936023 0.856086 0.67556 0.735844 0.83777 0.994688 0.795376 0.358985 0.919854 0.909336 0.21239 0.109348 0.0187434 0.186052 0.200566 0.0154884 0.216525 0.0499853 0.0993423 0.107863 0.292385 0.637345 0.437486 0.642552 0.00531171 0.930057 0.045465 0.120482 0.293743 0.539631 0.0669411 0.233778 0.945044 0.876882 0.345826 0.20892 0.0638638 0.308488 0.0699912 0.00531368 0.0277801 0.0248567 0.0825797 0.0219752 0.0770822 0.185192 0.0315714 0.231204 0.0729276 0.0167462 0.378658 0.0159358 0.0545112 0.448643 0.107233 0.0650416 0.0440512 0.045304 0.112148 0.165068 0.557623
0.844481 0.884435 0.46402 0.936461 0.415729 0.95112 0.901008 0.983335 0.236376 0.786136 0.896962 0.873966 0.837413 0.962112 0.470357 0.879793 0.906128 0.985585 0.697536 0.978148 0.925802 0.803998 0.917151 0.954888 0.861081 0.9275 0.983007 0.203053 0.985594 0.8838 0.968548 0.968566 0.836303 0.272323 0.852361 0.763876 0.978177 0.621307 0.739511 0.936671 0.856113 0.676426 0.736446 0.837938 0.994747 0.798058 0.359233 0.91979 0.910589 0.21042 0.108859 0.018527 0.184401 0.199008 0.01538 0.216831 0.0501551 0.0987662 0.105937 0.291779 0.638201 0.435465 0.643731 0.00525445 0.930765 0.0448861 0.120445 0.293685 0.538659 0.0659612 0.235211 0.945231 0.878624 0.345757 0.210443 0.0632249 0.307692 0.0692848 0.00525529 0.0272396 0.0247789 0.0823369 0.021744 0.0769162 0.183581 0.0315539 0.228493 0.0719664 0.016642 0.380912 0.0157621 0.0535838 0.448409 0.105324 0.064341 0.0433682 0.0447264 0.111256 0.165041 0.5569
0.845434 0.885205 0.467842 0.937092 0.415882 0.951413 0.90161 0.983439 0.236052 0.787733 0.89803 0.874407 0.836681 0.962307 0.469503 0.879826 0.906487 0.985658 0.699178 0.978378 0.926594 0.804527 0.918334 0.955461 0.862223 0.928462 0.983085 0.201756 0.985666 0.883938 0.968563 0.968577 0.837626 0.271023 0.854647 0.764175 0.978409 0.621571 0.742614 0.937325 0.856135 0.677316 0.73701 0.838113 0.994804 0.800745 0.359467 0.919724 0.911834 0.208422 0.108363 0.0183128 0.182749 0.197455 0.0152711 0.217159 0.0503248 0.0981655 0.104058 0.291208 0.639005 0.433426 0.644931 0.00519701 0.931455 0.0443144 0.120435 0.293645 0.537701 0.0650043 0.236661 0.945419 0.880371 0.345688 0.212013 0.0625883 0.306932 0.0685842 0.00519862 0.0267055 0.024704 0.082105 0.0215168 0.0767498 0.181983 0.0315406 0.225782 0.0710089 0.0165409 0.383235 0.0155923 0.0526665 0.448206 0.103436 0.0636303 0.0426935 0.0441612 0.110355 0.165019 0.556187
0.84639 0.885966 0.471679 0.937721 0.416074 0.951706 0.902209 0.983539 0.235749 0.789304 0.899099 0.874835 0.835901 0.962494 0.468693 0.879838 0.906836 0.985727 0.700782 0.978603 0.927396 0.805052 0.919491 0.956014 0.863347 0.92942 0.983164 0.200449 0.985736 0.884078 0.968573 0.968587 0.838957 0.269745 0.856917 0.76449 0.978634 0.621822 0.745755 0.937962 0.856147 0.678125 0.737584 0.838257 0.994859 0.803417 0.359717 0.919653 0.913053 0.206453 0.107883 0.0181007 0.181122 0.195921 0.0151662 0.217506 0.0505035 0.0975839 0.10219 0.290589 0.639857 0.431394 0.646139 0.00514044 0.932135 0.043754 0.120432 0.293575 0.536735 0.0640597 0.2381 0.945599 0.882082 0.345607 0.213555 0.0619598 0.306167 0.0678887 0.00514333 0.0261846 0.0246311 0.0818856 0.0212941 0.0766021 0.180356 0.0315303 0.223085 0.0700718 0.0164382 0.385532 0.0154223 0.0517709 0.448004 0.10157 0.0629364 0.0420338 0.0435993 0.109474 0.165 0.555475
0.847343 0.886726 0.475555 0.938345 0.416236 0.951997 0.902807 0.983641 0.235449 0.790894 0.900146 0.87526 0.835136 0.962676 0.467875 0.879859 0.907182 0.985796 0.702399 0.978826 0.928173 0.805589 0.920644 0.956573 0.864453 0.930376 0.983238 0.199145 0.985807 0.884215 0.968578 0.968588 0.840285 0.268478 0.859159 0.764775 0.978854 0.622077 0.748886 0.938584 0.856159 0.678969 0.738142 0.83841 0.994914 0.80604 0.359953 0.919573 0.914272 0.204525 0.1074 0.01789 0.179515 0.194393 0.015063 0.217868 0.0506884 0.0970047 0.100353 0.289985 0.640634 0.429338 0.647286 0.00508603 0.932812 0.0432024 0.120434 0.293519 0.535774 0.0631266 0.239623 0.945779 0.883783 0.345553 0.215124 0.0613336 0.305406 0.0672029 0.00508788 0.0256706 0.0245598 0.0816628 0.0210773 0.0764385 0.178735 0.0315242 0.220393 0.069123 0.0163393 0.387932 0.0152545 0.0508809 0.447787 0.0997485 0.0622462 0.0413816 0.0430422 0.108578 0.165006 0.55476
0.848322 0.887466 0.479473 0.938973 0.416401 0.952281 0.903402 0.983739 0.235134 0.792451 0.901179 0.875691 0.834336 0.962857 0.467049 0.879855 0.907543 0.985862 0.704045 0.979042 0.928942 0.806093 0.921772 0.957119 0.865554 0.931317 0.983311 0.197831 0.985874 0.884346 0.968583 0.968595 0.841591 0.267213 0.861384 0.765097 0.979074 0.622333 0.751963 0.939201 0.856149 0.679788 0.738711 0.838564 0.994967 0.808633 0.360192 0.919502 0.915468 0.202584 0.106961 0.0176821 0.177892 0.192881 0.0149594 0.218255 0.0508902 0.0964138 0.0985394 0.289358 0.641428 0.42734 0.648474 0.0050324 0.933498 0.0426615 0.120435 0.293453 0.534824 0.0622088 0.241131 0.945949 0.885458 0.345482 0.216743 0.0607167 0.304608 0.0665293 0.00503428 0.0251641 0.024497 0.0814458 0.0208588 0.0762827 0.177143 0.0315224 0.217745 0.0681859 0.0162411 0.390356 0.0150907 0.0500065 0.44755 0.0979378 0.0615614 0.0407434 0.0425049 0.107698 0.164983 0.554001
0.849263 0.88821 0.48345 0.939596 0.416591 0.952561 0.903983 0.983835 0.234824 0.793973 0.902203 0.876104 0.833541 0.963033 0.466267 0.879849 0.907877 0.98593 0.705667 0.979258 0.929702 0.806599 0.922898 0.957659 0.866658 0.932245 0.983381 0.196538 0.98594 0.884467 0.968585 0.968592 0.842884 0.265894 0.863569 0.765399 0.979289 0.622625 0.755046 0.939814 0.856158 0.680615 0.739282 0.838731 0.99502 0.811234 0.360455 0.919421 0.916645 0.200659 0.106483 0.0174757 0.176279 0.191361 0.0148576 0.218614 0.051089 0.095831 0.0967433 0.288739 0.642193 0.425279 0.649649 0.00497944 0.934166 0.0421208 0.120451 0.293397 0.533826 0.0612967 0.242685 0.946124 0.887123 0.345441 0.218345 0.0601048 0.303842 0.0658628 0.00498133 0.0246691 0.0244285 0.0812348 0.020647 0.0761372 0.17552 0.0315167 0.215086 0.0672739 0.0161477 0.39277 0.0149268 0.0491508 0.447291 0.0961507 0.0608918 0.0401177 0.0419712 0.106844 0.164987 0.553285
0.850201 0.888963 0.487424 0.940205 0.416803 0.952834 0.90456 0.983929 0.234524 0.795519 0.903218 0.876522 0.832683 0.9632 0.46547 0.879828 0.908218 0.985993 0.70729 0.979467 0.930464 0.80712 0.924007 0.958195 0.867745 0.93316 0.983451 0.195243 0.986005 0.884597 0.968584 0.968585 0.844174 0.264585 0.865725 0.765742 0.979499 0.622917 0.758069 0.940429 0.856142 0.681456 0.739824 0.838848 0.995072 0.813811 0.360721 0.91934 0.917811 0.198722 0.106018 0.0172759 0.174678 0.189857 0.0147588 0.219013 0.0512994 0.0952682 0.094976 0.288133 0.642995 0.423231 0.650816 0.00492762 0.934831 0.0415858 0.120468 0.293385 0.532833 0.0603974 0.244221 0.946291 0.888767 0.345437 0.220016 0.0595037 0.303038 0.0652017 0.00492933 0.0241856 0.0243642 0.081029 0.0204357 0.0759912 0.173925 0.0315185 0.212438 0.0663668 0.0160542 0.395233 0.0147702 0.0483082 0.447041 0.0943946 0.0602266 0.0394963 0.0414426 0.10598 0.16498 0.552502
0.851172 0.889681 0.491411 0.940812 0.416982 0.953115 0.905137 0.984023 0.234208 0.797076 0.904227 0.876905 0.831859 0.963365 0.464672 0.879807 0.908552 0.98606 0.708915 0.979678 0.931226 0.807651 0.925111 0.958721 0.868799 0.934054 0.983517 0.19397 0.986069 0.884715 0.968576 0.968577 0.845487 0.263264 0.867884 0.766049 0.979707 0.623226 0.761087 0.941025 0.856121 0.682277 0.740386 0.838966 0.995122 0.816382 0.360977 0.919236 0.918952 0.196825 0.105539 0.017078 0.173073 0.188333 0.0146614 0.219446 0.0515064 0.0946993 0.0932327 0.287534 0.643737 0.421128 0.652029 0.00487661 0.935471 0.0410558 0.120483 0.293358 0.531849 0.0595062 0.245847 0.946459 0.890394 0.345382 0.221671 0.0589066 0.302259 0.0645368 0.00487904 0.0237075 0.0243037 0.0808258 0.0202258 0.0758466 0.172316 0.0315288 0.209823 0.0654811 0.0159626 0.397781 0.0146153 0.0474821 0.446834 0.0926607 0.0595695 0.0388857 0.0409168 0.105134 0.164988 0.551704
0.852116 0.890413 0.495494 0.941415 0.417178 0.953392 0.905711 0.984115 0.233886 0.798657 0.905243 0.877285 0.830988 0.963526 0.463867 0.879771 0.908869 0.98612 0.710523 0.979883 0.931966 0.808144 0.926204 0.95924 0.869873 0.934937 0.983584 0.192692 0.986132 0.884833 0.968563 0.968572 0.846775 0.261954 0.869998 0.766341 0.979915 0.623531 0.76408 0.941625 0.856103 0.683099 0.740973 0.839099 0.995173 0.818926 0.361235 0.919138 0.920079 0.194906 0.105076 0.0168842 0.171484 0.18682 0.0145648 0.21988 0.0517241 0.0941296 0.0915107 0.286952 0.644538 0.41906 0.653191 0.00482685 0.936109 0.0405416 0.120512 0.29336 0.53088 0.0586329 0.247435 0.94662 0.892022 0.345365 0.223382 0.0583265 0.301508 0.0638839 0.00482896 0.0232362 0.0242435 0.0806254 0.0200201 0.0757105 0.170717 0.0315411 0.2072 0.0645918 0.0158704 0.400274 0.0144612 0.0466646 0.446573 0.090953 0.0589162 0.0382837 0.0404037 0.104265 0.165001 0.550941
0.853046 0.891113 0.499522 0.942 0.417376 0.953657 0.906273 0.984202 0.23357 0.800179 0.906238 0.877674 0.830091 0.963682 0.463077 0.879721 0.909195 0.986182 0.712173 0.980085 0.932699 0.808625 0.927285 0.959748 0.870945 0.935804 0.983644 0.191432 0.986191 0.884932 0.968555 0.96856 0.848037 0.260664 0.872102 0.76664 0.980114 0.623787 0.767058 0.942211 0.856069 0.683923 0.741557 0.839231 0.995221 0.821482 0.361486 0.919022 0.921206 0.193001 0.104628 0.0166921 0.169887 0.185329 0.0144739 0.220306 0.0519469 0.0935725 0.0898322 0.286353 0.645328 0.416987 0.654337 0.00477849 0.936755 0.0400257 0.120532 0.29334 0.529891 0.0577709 0.249053 0.946776 0.893615 0.345363 0.225132 0.0577419 0.300787 0.063238 0.00478022 0.0227759 0.0241879 0.080422 0.0198171 0.0755746 0.169116 0.0315575 0.204606 0.0637088 0.0157816 0.402768 0.0143107 0.0458619 0.446293 0.089258 0.0582802 0.03769 0.039899 0.103432 0.165034 0.550127
0.853994 0.891811 0.50358 0.942588 0.417578 0.953928 0.906839 0.984291 0.233273 0.801708 0.907224 0.878062 0.829182 0.963846 0.462288 0.879689 0.909514 0.98624 0.713792 0.980283 0.933429 0.809142 0.928349 0.960262 0.872013 0.936671 0.983706 0.190193 0.986249 0.885033 0.968539 0.968545 0.849304 0.259366 0.874153 0.766912 0.980315 0.624066 0.770031 0.942792 0.856018 0.684757 0.74216 0.839346 0.995268 0.82399 0.361695 0.918908 0.92232 0.191104 0.10418 0.0165011 0.168285 0.183826 0.0143852 0.220785 0.0521876 0.0930302 0.0881676 0.285773 0.646134 0.414841 0.655522 0.0047301 0.9374 0.0395312 0.120593 0.293335 0.528917 0.0569096 0.250711 0.94693 0.895187 0.345324 0.22686 0.0571565 0.300039 0.0625986 0.00473182 0.0223241 0.024135 0.0802315 0.019624 0.0754401 0.167571 0.0315773 0.20207 0.0628506 0.0156965 0.405308 0.0141606 0.0450728 0.446049 0.0876216 0.0576392 0.0371004 0.0393975 0.102598 0.165051 0.549321
0.85493 0.892507 0.507683 0.943163 0.417779 0.95419 0.907382 0.984375 0.232992 0.803221 0.9082 0.878431 0.828263 0.964006 0.461508 0.879623 0.90984 0.986297 0.715421 0.980481 0.934143 0.809612 0.929384 0.960754 0.873063 0.937521 0.983765 0.188932 0.986306 0.885137 0.968521 0.96852 0.850586 0.258094 0.876219 0.767207 0.980509 0.624376 0.773016 0.943367 0.855992 0.685584 0.742692 0.839444 0.995316 0.826491 0.361938 0.918793 0.923423 0.189237 0.103736 0.0163127 0.166702 0.182348 0.0142925 0.221257 0.0524194 0.0924718 0.0865407 0.28517 0.646894 0.412708 0.656695 0.0046831 0.938032 0.0390342 0.120664 0.293337 0.527905 0.0560679 0.252356 0.947085 0.896749 0.345322 0.228648 0.0565873 0.299273 0.0619691 0.00468506 0.0218811 0.0240797 0.0800485 0.0194307 0.0753174 0.166005 0.0315998 0.199514 0.0619967 0.0156123 0.407843 0.0140147 0.0442941 0.445781 0.0859889 0.0570101 0.0365256 0.0389032 0.101771 0.165079 0.548518
0.855879 0.893211 0.511812 0.943727 0.418002 0.954457 0.907939 0.984459 0.232744 0.804709 0.909171 0.878808 0.827334 0.964161 0.460719 0.879551 0.910154 0.986353 0.717067 0.980673 0.934852 0.810081 0.930417 0.961241 0.874079 0.938364 0.983823 0.187671 0.986361 0.885242 0.968502 0.96851 0.851854 0.256837 0.878239 0.767487 0.980704 0.624671 0.775984 0.943929 0.855963 0.686464 0.743238 0.839528 0.995362 0.828959 0.362173 0.918671 0.924501 0.187357 0.103292 0.0161294 0.165165 0.180837 0.0142039 0.221723 0.0526621 0.0919269 0.0849344 0.284582 0.647646 0.410628 0.657906 0.0046374 0.938668 0.0385465 0.120734 0.293351 0.526797 0.0552386 0.254056 0.947228 0.898298 0.345299 0.230468 0.0560154 0.298524 0.0613451 0.00463901 0.0214475 0.024031 0.0798507 0.0192373 0.0751888 0.164453 0.0316255 0.196985 0.061146 0.0155281 0.410449 0.0138696 0.0435197 0.445572 0.0843965 0.0563837 0.0359582 0.0384142 0.100941 0.165091 0.547738
0.85681 0.893905 0.515958 0.94429 0.418166 0.954713 0.908481 0.984541 0.232466 0.80616 0.910126 0.879165 0.8264 0.964307 0.459957 0.879466 0.910469 0.986409 0.718712 0.980863 0.935555 0.81058 0.931441 0.961722 0.87512 0.939212 0.983882 0.186394 0.986417 0.885356 0.968476 0.968486 0.853118 0.255556 0.880239 0.767763 0.980893 0.624957 0.77891 0.944487 0.855921 0.687275 0.743764 0.839609 0.995407 0.831404 0.362383 0.918532 0.925558 0.185509 0.102847 0.0159496 0.163621 0.179316 0.0141161 0.222213 0.0529098 0.0913908 0.0833387 0.283956 0.648422 0.408468 0.659102 0.00459166 0.939273 0.0380636 0.120804 0.293378 0.525765 0.0544104 0.255754 0.947376 0.899832 0.345293 0.232325 0.0554631 0.297836 0.0607298 0.00459315 0.0210227 0.0239817 0.0796625 0.0190495 0.0750493 0.162925 0.0316486 0.194444 0.0603057 0.0154469 0.413007 0.0137257 0.0427704 0.445351 0.0828326 0.0557641 0.0353929 0.0379312 0.100126 0.165123 0.5469
0.857749 0.8946 0.520172 0.944853 0.418372 0.954973 0.90901 0.984622 0.232179 0.807622 0.911081 0.879514 0.825428 0.964454 0.45916 0.879389 0.910796 0.986463 0.720351 0.981047 0.936247 0.811021 0.932458 0.962198 0.876135 0.940046 0.983938 0.185167 0.986472 0.885458 0.968448 0.968461 0.854366 0.254265 0.88221 0.768056 0.981078 0.625287 0.781829 0.945039 0.855847 0.688116 0.744335 0.839736 0.995451 0.833842 0.36262 0.918391 0.926613 0.183656 0.102402 0.0157711 0.162046 0.177802 0.0140323 0.22271 0.0531684 0.0908528 0.0817712 0.283344 0.649175 0.406323 0.660283 0.00454764 0.939876 0.0375863 0.120898 0.293372 0.524708 0.0535966 0.257506 0.947523 0.901346 0.345288 0.234191 0.054912 0.297119 0.0601161 0.00454865 0.0206059 0.0239367 0.0794854 0.0188602 0.0749324 0.161356 0.0316762 0.191939 0.0594864 0.0153674 0.415625 0.013586 0.0420301 0.445145 0.0812812 0.0551575 0.0348407 0.0374637 0.0993169 0.165186 0.546076
0.85868 0.89528 0.52434 0.945405 0.418571 0.955232 0.909527 0.984705 0.231882 0.809118 0.912008 0.879847 0.824419 0.9646 0.458377 0.879304 0.911087 0.986515 0.722019 0.981228 0.936939 0.811508 0.933457 0.962665 0.877165 0.940874 0.98399 0.183926 0.986523 0.885542 0.968418 0.968431 0.855594 0.252969 0.884155 0.768351 0.981266 0.625592 0.784711 0.945584 0.855756 0.68894 0.744888 0.839828 0.995495 0.836251 0.362863 0.918251 0.927651 0.181798 0.101973 0.0155967 0.160512 0.176334 0.0139474 0.223209 0.0534233 0.0903145 0.0802303 0.282701 0.649929 0.404195 0.661463 0.00450404 0.94048 0.0371237 0.120977 0.293396 0.523659 0.052802 0.259273 0.947662 0.902848 0.345274 0.2361 0.0543682 0.296354 0.0595127 0.00450454 0.0201948 0.0238936 0.0793034 0.0186756 0.0748041 0.159824 0.0317084 0.189466 0.0586694 0.0152868 0.418294 0.01345 0.041305 0.444984 0.0797521 0.0545581 0.0342965 0.0369991 0.0985039 0.165235 0.545265
0.859589 0.895948 0.528536 0.945936 0.41883 0.955483 0.910052 0.984785 0.231603 0.810556 0.912942 0.88021 0.823429 0.964745 0.457581 0.879218 0.911382 0.986566 0.723689 0.98141 0.937626 0.811959 0.934439 0.963123 0.878173 0.941687 0.984041 0.182695 0.986574 0.885644 0.968387 0.9684 0.856812 0.251689 0.886078 0.768623 0.98145 0.625921 0.787565 0.946122 0.855693 0.689758 0.745449 0.839908 0.995537 0.838636 0.363087 0.918116 0.928674 0.179992 0.101544 0.0154238 0.159002 0.17486 0.0138627 0.223753 0.0536944 0.0897896 0.0787172 0.282098 0.650672 0.402012 0.662687 0.00446135 0.94107 0.0366648 0.12108 0.293442 0.522607 0.0520134 0.261033 0.947795 0.904334 0.345301 0.238022 0.0538314 0.295591 0.0589169 0.0044619 0.019794 0.0238494 0.0791299 0.0184954 0.0746798 0.158292 0.0317445 0.186997 0.0578745 0.0152069 0.420929 0.0133127 0.0405852 0.444724 0.0782514 0.0539651 0.0337629 0.036539 0.0976944 0.165279 0.544414
0.860517 0.896621 0.532782 0.946474 0.419087 0.955731 0.910565 0.984862 0.231351 0.812004 0.913869 0.880553 0.822417 0.964888 0.456824 0.879119 0.911675 0.986615 0.725324 0.981589 0.938289 0.812388 0.935412 0.963575 0.879156 0.942484 0.98409 0.18148 0.986625 0.88573 0.968345 0.968367 0.858045 0.250413 0.887974 0.76891 0.981629 0.626218 0.790429 0.946648 0.85562 0.690551 0.746016 0.839979 0.995579 0.841013 0.3633 0.917948 0.929691 0.178167 0.101118 0.0152517 0.157471 0.173369 0.0137815 0.224318 0.0539619 0.0892814 0.0772174 0.281507 0.651432 0.399853 0.663855 0.00441917 0.941667 0.0362054 0.121183 0.293489 0.52154 0.0512382 0.262833 0.947922 0.905806 0.345305 0.239955 0.0532993 0.294874 0.0583319 0.00441943 0.0194003 0.023807 0.0789574 0.0183192 0.07456 0.156781 0.0317871 0.184541 0.0570889 0.0151295 0.423547 0.0131799 0.0398756 0.444481 0.0767713 0.0533741 0.0332368 0.0360863 0.0968946 0.165351 0.543622
0.86143 0.897293 0.536985 0.947007 0.419357 0.955976 0.911067 0.984937 0.231097 0.81346 0.914775 0.880891 0.821361 0.965027 0.456019 0.878991 0.911973 0.986665 0.726932 0.981764 0.938952 0.812822 0.936368 0.96402 0.880136 0.943274 0.984138 0.180254 0.986671 0.885827 0.968302 0.968323 0.859273 0.249096 0.889862 0.769184 0.981803 0.626533 0.793257 0.947185 0.855557 0.691389 0.74655 0.840069 0.995621 0.843352 0.363512 0.917774 0.930691 0.176323 0.100707 0.0150829 0.155967 0.17192 0.0137016 0.224877 0.0542385 0.0887556 0.0757511 0.280884 0.652174 0.397729 0.665032 0.00437864 0.94225 0.0357603 0.121304 0.293585 0.520484 0.0504762 0.264651 0.948056 0.907253 0.34537 0.241941 0.0527625 0.294151 0.0577536 0.0043775 0.0190159 0.023768 0.0788031 0.0181457 0.0744456 0.155259 0.0318301 0.182146 0.0562995 0.0150521 0.426196 0.0130435 0.0391785 0.444241 0.0753143 0.0528031 0.0327247 0.0356436 0.0961027 0.165407 0.542745
0.86233 0.89795 0.541247 0.947526 0.419607 0.956217 0.911587 0.985013 0.230837 0.81491 0.915677 0.881217 0.820314 0.965161 0.455239 0.878875 0.912267 0.986712 0.728571 0.981935 0.939614 0.813282 0.93732 0.964463 0.881103 0.944051 0.984187 0.179061 0.986717 0.885912 0.968252 0.968282 0.860486 0.247826 0.891714 0.769445 0.981976 0.626857 0.796026 0.947717 0.855504 0.692221 0.747073 0.840164 0.995662 0.845654 0.363739 0.917612 0.931673 0.174542 0.100275 0.0149159 0.154446 0.170465 0.0136221 0.225472 0.0545151 0.0882346 0.0743155 0.280292 0.652935 0.395531 0.666173 0.0043385 0.942828 0.0353156 0.121426 0.29363 0.519417 0.0497225 0.266513 0.948187 0.908673 0.345377 0.243931 0.0522349 0.293431 0.0571711 0.00433703 0.0186392 0.023731 0.0786476 0.017972 0.0743128 0.153734 0.031878 0.179756 0.0555168 0.0149792 0.428871 0.0129133 0.0384965 0.444036 0.0738832 0.0522352 0.0322136 0.0352051 0.0953304 0.165458 0.54185
0.863226 0.898596 0.54554 0.948056 0.419803 0.956457 0.912097 0.985086 0.230595 0.816346 0.916574 0.881537 0.819235 0.965295 0.454474 0.878748 0.912552 0.98676 0.730232 0.982103 0.940264 0.813747 0.938262 0.964907 0.882079 0.94482 0.984231 0.177854 0.986763 0.885993 0.968202 0.968231 0.861715 0.246516 0.893538 0.769707 0.982148 0.627173 0.798799 0.94823 0.855445 0.693029 0.747621 0.84025 0.995703 0.847948 0.364003 0.917452 0.932648 0.172755 0.0998686 0.0147526 0.152984 0.16903 0.0135425 0.22604 0.054815 0.0877448 0.0729059 0.279726 0.653682 0.39332 0.66735 0.00429865 0.943402 0.0348811 0.121559 0.29368 0.518329 0.0489791 0.268366 0.948322 0.910094 0.345431 0.245937 0.051718 0.292738 0.0566041 0.00429706 0.0182677 0.0236957 0.0784704 0.0178037 0.0741967 0.152267 0.0319223 0.177376 0.0547541 0.014905 0.431628 0.0127843 0.037826 0.443823 0.0724757 0.0516759 0.0317113 0.0347804 0.0945419 0.165511 0.54098
0.864139 0.899223 0.549841 0.948569 0.420098 0.956704 0.912604 0.985159 0.230359 0.817792 0.917453 0.881861 0.818144 0.965427 0.45367 0.878613 0.912835 0.986804 0.731827 0.982271 0.940904 0.814168 0.939184 0.965337 0.883027 0.945577 0.984276 0.176656 0.986806 0.886079 0.968154 0.968181 0.862914 0.245229 0.895344 0.769986 0.982317 0.6275 0.801561 0.948747 0.855385 0.693849 0.748206 0.840343 0.995742 0.850191 0.364246 0.917286 0.933608 0.170957 0.0994469 0.0145927 0.151488 0.167587 0.0134654 0.226684 0.0551247 0.087248 0.0714961 0.279162 0.65443 0.391117 0.668473 0.00425885 0.94397 0.0344509 0.121681 0.293786 0.517312 0.048239 0.27024 0.94845 0.911497 0.345433 0.247948 0.0512135 0.292023 0.0560421 0.00425755 0.0179038 0.0236591 0.0783061 0.0176388 0.0740852 0.15079 0.0319719 0.175003 0.0540057 0.0148309 0.434364 0.0126553 0.0371672 0.443602 0.0710902 0.0511244 0.0312134 0.0343517 0.0937555 0.165582 0.540078
0.865033 0.899842 0.554171 0.949081 0.420323 0.956941 0.913105 0.985232 0.230129 0.81922 0.918337 0.882185 0.817051 0.965553 0.452896 0.878471 0.913109 0.986849 0.733489 0.982434 0.94154 0.814606 0.940103 0.965753 0.883984 0.946336 0.984318 0.175472 0.986849 0.886178 0.968097 0.968133 0.864097 0.243972 0.897119 0.770239 0.982481 0.627818 0.804288 0.949249 0.855305 0.694624 0.748776 0.840416 0.99578 0.852456 0.364441 0.917108 0.934557 0.169175 0.0990291 0.014432 0.149995 0.166138 0.0133926 0.227319 0.0554377 0.086733 0.0701306 0.278582 0.655154 0.388914 0.66966 0.00422103 0.944531 0.0340311 0.12182 0.293873 0.516185 0.047515 0.272137 0.948568 0.912878 0.345486 0.250014 0.0507052 0.291309 0.0554777 0.00421959 0.0175502 0.0236261 0.0781595 0.0174749 0.0739652 0.149332 0.032027 0.172656 0.053261 0.0147608 0.437141 0.0125314 0.0365182 0.443401 0.0697402 0.0505767 0.0307257 0.0339308 0.0930028 0.165687 0.539134
0.865913 0.900483 0.558464 0.949587 0.420555 0.957174 0.913602 0.985303 0.229874 0.820612 0.919209 0.882503 0.815917 0.965675 0.452147 0.878301 0.913389 0.98689 0.735119 0.982599 0.942167 0.815062 0.94101 0.966174 0.884922 0.947076 0.98436 0.174258 0.986892 0.886247 0.968041 0.968076 0.865277 0.242679 0.89886 0.770482 0.98264 0.628144 0.806992 0.949746 0.855218 0.695432 0.7493 0.840476 0.995818 0.854693 0.364621 0.916925 0.935489 0.167418 0.098632 0.0142756 0.14852 0.164715 0.0133193 0.227957 0.055758 0.086245 0.0687833 0.277996 0.65581 0.386733 0.670792 0.00418299 0.945086 0.0336139 0.121984 0.293925 0.515071 0.0468007 0.274072 0.948693 0.914241 0.345544 0.252089 0.0502012 0.290591 0.054917 0.00418151 0.0172027 0.023597 0.0780076 0.0173112 0.0738483 0.147847 0.0320835 0.17035 0.0525155 0.0146926 0.439954 0.0124071 0.0358857 0.44315 0.0683983 0.0500297 0.0302466 0.0335149 0.0922405 0.165782 0.538225
0.866811 0.901092 0.562727 0.95008 0.420843 0.9574 0.914097 0.985371 0.229616 0.822023 0.920076 0.882816 0.814774 0.965788 0.451349 0.878162 0.913669 0.986934 0.736737 0.982757 0.942793 0.815479 0.941902 0.966584 0.885865 0.947809 0.9844 0.173062 0.986932 0.886332 0.967988 0.968017 0.866475 0.241443 0.90059 0.770748 0.982801 0.628497 0.809689 0.950246 0.855139 0.696213 0.749852 0.84055 0.995855 0.856902 0.364775 0.916733 0.93641 0.165652 0.0982458 0.0141215 0.147035 0.16327 0.013248 0.228615 0.0560739 0.0857548 0.0674597 0.277389 0.656523 0.384541 0.671949 0.00414502 0.945638 0.0332044 0.122126 0.29405 0.513943 0.0460965 0.275996 0.94881 0.915586 0.345604 0.254194 0.0497184 0.28987 0.054377 0.00414376 0.016865 0.0235725 0.0778485 0.0171516 0.0737456 0.14639 0.032145 0.168052 0.0517841 0.0146247 0.442803 0.0122848 0.0352643 0.44291 0.0670879 0.0494892 0.0297737 0.0331036 0.0914989 0.165881 0.537257
0.867698 0.901716 0.567017 0.95058 0.421142 0.957637 0.914599 0.98544 0.229332 0.823437 0.920937 0.883114 0.813563 0.965908 0.450535 0.877995 0.913951 0.986975 0.738395 0.982913 0.9434 0.815874 0.942788 0.966991 0.886786 0.948531 0.98444 0.171852 0.986975 0.8864 0.967929 0.967949 0.867654 0.240145 0.902305 0.771013 0.982958 0.628842 0.81232 0.950734 0.855061 0.697036 0.750375 0.840631 0.995892 0.859088 0.364917 0.916548 0.937317 0.163922 0.0978544 0.0139699 0.145564 0.161845 0.0131769 0.229263 0.0564009 0.0852596 0.0661612 0.276788 0.65717 0.382347 0.673089 0.00410837 0.946187 0.0328053 0.122291 0.294181 0.512803 0.0454002 0.277958 0.948927 0.916907 0.345625 0.256352 0.0492262 0.28917 0.0538385 0.00410781 0.0165308 0.0235412 0.0777037 0.0169942 0.0736427 0.144942 0.0322065 0.165781 0.051075 0.01456 0.445601 0.0121652 0.0346443 0.442675 0.0658009 0.0489627 0.0293104 0.0327049 0.0907465 0.165947 0.536332
0.868599 0.902327 0.571367 0.951071 0.421426 0.957863 0.91508 0.985508 0.229053 0.824821 0.921785 0.88341 0.812367 0.96603 0.449743 0.877828 0.914212 0.987015 0.740051 0.983069 0.944006 0.816336 0.94366 0.967394 0.887709 0.94924 0.984479 0.170673 0.987018 0.886465 0.967864 0.967889 0.868834 0.238858 0.903985 0.771284 0.983116 0.629181 0.814951 0.951223 0.854974 0.697833 0.75095 0.840681 0.995927 0.861247 0.365096 0.916346 0.938204 0.162201 0.0974464 0.0138184 0.144129 0.160437 0.0131072 0.229932 0.056738 0.0847618 0.0648794 0.276166 0.657849 0.38017 0.674225 0.00407269 0.946726 0.0324109 0.122478 0.294329 0.511684 0.0447117 0.279945 0.949039 0.918213 0.345661 0.258527 0.0487394 0.288496 0.0533019 0.00407197 0.0162038 0.0235122 0.0775643 0.016838 0.07352 0.143511 0.0322721 0.163543 0.0503663 0.0144914 0.448498 0.0120456 0.034042 0.442422 0.0645451 0.0484386 0.0288581 0.0323101 0.0900044 0.166019 0.535406
0.869483 0.902928 0.575698 0.951554 0.421693 0.958098 0.915552 0.985573 0.228803 0.826219 0.92263 0.883682 0.811145 0.966141 0.448931 0.877665 0.91449 0.987057 0.741675 0.983223 0.9446 0.816759 0.944525 0.96779 0.888649 0.949946 0.984515 0.169484 0.987056 0.88653 0.967801 0.967824 0.869982 0.23757 0.905638 0.77153 0.983267 0.629467 0.817554 0.951703 0.854884 0.698663 0.751485 0.840757 0.995963 0.86338 0.365293 0.916157 0.939081 0.160455 0.0970637 0.0136712 0.142705 0.159054 0.0130385 0.230631 0.0570695 0.0842941 0.0636254 0.275573 0.658531 0.377945 0.675375 0.0040373 0.947247 0.032023 0.122681 0.294442 0.51057 0.0440369 0.281975 0.949158 0.919497 0.345753 0.260711 0.0482585 0.287785 0.0527775 0.00403749 0.0158807 0.0234865 0.0774227 0.0166867 0.073426 0.142069 0.032341 0.16135 0.0496643 0.0144259 0.451372 0.0119287 0.0334496 0.442174 0.0632948 0.0479244 0.0284085 0.0319206 0.0892565 0.166136 0.534453
0.870373 0.90352 0.580009 0.952023 0.421998 0.958322 0.916029 0.985636 0.228525 0.8276 0.923462 0.88397 0.809929 0.96625 0.448171 0.877488 0.914746 0.987095 0.743282 0.983376 0.94519 0.817174 0.945365 0.968176 0.889545 0.950634 0.98455 0.168332 0.987094 0.886579 0.967732 0.967751 0.871128 0.236287 0.907262 0.771748 0.983416 0.629827 0.820133 0.952169 0.854807 0.699457 0.752029 0.840803 0.995998 0.865486 0.365502 0.915961 0.939942 0.158741 0.0966751 0.0135251 0.141271 0.157634 0.0129722 0.231358 0.0574133 0.0838261 0.062402 0.274974 0.659226 0.375743 0.676533 0.00400206 0.947773 0.0316407 0.122863 0.294563 0.509459 0.0433768 0.283966 0.949273 0.920771 0.345811 0.262914 0.0477953 0.287085 0.0522585 0.00400267 0.015565 0.0234597 0.0772774 0.0165378 0.0733313 0.140646 0.0324077 0.159138 0.0489723 0.0143613 0.45426 0.0118134 0.0328665 0.441973 0.0620715 0.0474041 0.0279628 0.0315343 0.0885137 0.166217 0.533522
0.871261 0.904101 0.584352 0.952495 0.422294 0.958555 0.916517 0.985699 0.228299 0.82897 0.924286 0.884256 0.808683 0.966359 0.447401 0.877301 0.915002 0.987135 0.744917 0.983525 0.945774 0.817571 0.946204 0.968556 0.890439 0.951316 0.984584 0.167171 0.987133 0.886656 0.967661 0.967677 0.872274 0.235008 0.908872 0.771976 0.983565 0.630174 0.822688 0.95263 0.854716 0.700258 0.752599 0.840832 0.996032 0.867596 0.36566 0.915737 0.940799 0.157031 0.0962851 0.0133807 0.139837 0.156262 0.0129055 0.232073 0.0577756 0.0833589 0.0612028 0.27438 0.659891 0.373537 0.677667 0.00396753 0.948289 0.0312591 0.123054 0.294699 0.508346 0.0427229 0.286007 0.949384 0.922034 0.345909 0.265179 0.0473278 0.286405 0.0517378 0.00396831 0.0152567 0.0234368 0.0771509 0.0163912 0.0732399 0.139218 0.0324796 0.156951 0.0482885 0.0142959 0.45716 0.0116989 0.0322919 0.441769 0.0608708 0.0468987 0.0275247 0.031155 0.0877854 0.166303 0.532514
0.872136 0.904701 0.58867 0.952958 0.422558 0.95878 0.916987 0.985762 0.228052 0.830323 0.925095 0.884542 0.807438 0.966462 0.446661 0.877119 0.915279 0.987172 0.746516 0.983672 0.946355 0.818006 0.947024 0.968935 0.891323 0.951985 0.984618 0.166015 0.98717 0.886734 0.96758 0.967603 0.873411 0.23379 0.910448 0.772226 0.983709 0.630502 0.825208 0.953088 0.85466 0.701008 0.753119 0.840872 0.996065 0.869664 0.36586 0.915515 0.94163 0.155349 0.0958929 0.0132407 0.138416 0.154884 0.0128405 0.232801 0.0581291 0.0828913 0.0600248 0.273779 0.660531 0.371354 0.678826 0.00393413 0.948799 0.0308866 0.123259 0.294854 0.507204 0.0420805 0.288048 0.949486 0.923271 0.345985 0.267475 0.0468615 0.285725 0.0512121 0.00393425 0.0149538 0.0234151 0.0770162 0.0162452 0.0731347 0.137838 0.0325554 0.154784 0.047625 0.0142336 0.460059 0.0115862 0.0317302 0.44161 0.0596754 0.046403 0.0270907 0.030783 0.0870608 0.166378 0.531486
0.873027 0.905274 0.59297 0.953413 0.422873 0.959004 0.917452 0.985826 0.22783 0.831637 0.925899 0.884823 0.806149 0.966565 0.445888 0.8769 0.915537 0.987209 0.748134 0.983818 0.946927 0.818392 0.947843 0.969305 0.89219 0.952652 0.984649 0.164867 0.987207 0.886781 0.967501 0.967524 0.874541 0.232494 0.91201 0.772469 0.983854 0.630878 0.827706 0.953549 0.854556 0.701792 0.753666 0.840906 0.996098 0.871705 0.366048 0.915295 0.942451 0.153668 0.0955084 0.0131014 0.137016 0.153516 0.0127775 0.233562 0.0584952 0.0824415 0.0588572 0.273149 0.661165 0.369152 0.679986 0.0039005 0.949306 0.0305196 0.123479 0.295009 0.506068 0.0414426 0.290099 0.949593 0.924481 0.346089 0.269793 0.0464047 0.285042 0.0507106 0.00390108 0.014658 0.0233913 0.0768915 0.016101 0.0730426 0.136432 0.0326411 0.152635 0.0469685 0.0141725 0.463017 0.0114757 0.0311811 0.441406 0.0585183 0.0459113 0.0266673 0.0304124 0.0863419 0.166476 0.530537
0.873891 0.905856 0.597294 0.953871 0.423133 0.959233 0.917914 0.985888 0.227589 0.832985 0.9267 0.885094 0.804844 0.966662 0.445148 0.876686 0.915791 0.987241 0.749732 0.98396 0.947487 0.818792 0.948642 0.969666 0.893057 0.95331 0.984679 0.163734 0.98724 0.886822 0.96742 0.967441 0.875642 0.23125 0.913544 0.772697 0.983998 0.631233 0.830164 0.954 0.854476 0.702525 0.754225 0.840925 0.996131 0.873734 0.366185 0.915064 0.943272 0.152011 0.0951258 0.0129646 0.135623 0.152161 0.0127157 0.23438 0.0588666 0.0819797 0.0577085 0.272532 0.661795 0.36691 0.681116 0.00386788 0.949808 0.0301531 0.123698 0.295146 0.504944 0.0408096 0.292206 0.949693 0.925692 0.346187 0.272069 0.0459525 0.284337 0.0502057 0.0038677 0.0143675 0.0233761 0.0767593 0.0159617 0.072946 0.135038 0.0327236 0.15055 0.0463125 0.0141121 0.46597 0.0113663 0.0306395 0.441215 0.0573777 0.0454295 0.0262515 0.0300454 0.0856212 0.166583 0.529545
0.874756 0.906424 0.601621 0.954316 0.423507 0.95945 0.918361 0.985949 0.227365 0.834297 0.927495 0.885366 0.80353 0.966763 0.444407 0.876479 0.916037 0.987278 0.751326 0.984101 0.948039 0.819172 0.94943 0.970027 0.89392 0.953964 0.984708 0.16261 0.987277 0.886884 0.967333 0.967355 0.876745 0.230011 0.915056 0.772889 0.984137 0.631525 0.8326 0.954445 0.85438 0.703302 0.754767 0.840971 0.996163 0.875704 0.366313 0.914826 0.944071 0.150371 0.0947355 0.0128294 0.134236 0.150783 0.0126538 0.235145 0.0592484 0.0815319 0.0565864 0.271913 0.662408 0.364733 0.682241 0.0038354 0.950316 0.0297909 0.123942 0.295332 0.503833 0.0401896 0.29431 0.949793 0.926874 0.34631 0.2744 0.0454949 0.283636 0.0497063 0.00383617 0.0140835 0.0233636 0.0766231 0.0158242 0.0728458 0.133665 0.0328101 0.148473 0.0456624 0.0140546 0.468928 0.0112578 0.0301118 0.441016 0.0562566 0.0449477 0.0258441 0.0296926 0.0849029 0.166672 0.528529
0.875622 0.906987 0.605982 0.954755 0.423823 0.959663 0.91882 0.98601 0.227164 0.835611 0.928274 0.885622 0.802194 0.966853 0.443645 0.876224 0.916288 0.987315 0.752963 0.984239 0.948593 0.819555 0.950197 0.970384 0.894775 0.954607 0.984737 0.161473 0.98731 0.886937 0.967245 0.967267 0.87785 0.228741 0.916552 0.773118 0.984274 0.631911 0.835035 0.954887 0.854287 0.70407 0.755288 0.841001 0.996195 0.877644 0.366442 0.914596 0.944866 0.148738 0.0943695 0.0126953 0.132852 0.149426 0.0125928 0.235908 0.0596252 0.0810784 0.0554866 0.271324 0.66299 0.362511 0.68344 0.00380403 0.950815 0.0294422 0.124199 0.295538 0.502632 0.0395886 0.296383 0.94989 0.928059 0.346413 0.276775 0.0450594 0.282958 0.0492048 0.00380464 0.0138033 0.0233455 0.0765046 0.0156858 0.0727491 0.132284 0.0328953 0.146387 0.0450238 0.0139954 0.471852 0.0111514 0.0295902 0.440849 0.0551615 0.044472 0.0254396 0.029342 0.0841956 0.166793 0.52753
0.87648 0.907564 0.610374 0.955195 0.424216 0.959883 0.919287 0.986071 0.226917 0.836887 0.929057 0.885872 0.800832 0.966955 0.442873 0.875984 0.916554 0.987347 0.754567 0.984375 0.949138 0.819945 0.95097 0.970736 0.89562 0.955237 0.984766 0.160364 0.987344 0.887005 0.96715 0.967174 0.878963 0.227509 0.918022 0.773371 0.984412 0.632266 0.837413 0.955321 0.854191 0.704846 0.755823 0.841053 0.996226 0.879588 0.366596 0.914355 0.945649 0.147124 0.0939987 0.0125637 0.131489 0.148069 0.0125346 0.236717 0.0600234 0.0806242 0.0544079 0.270707 0.663609 0.360326 0.684561 0.00377316 0.951302 0.029097 0.124459 0.295734 0.501515 0.0389847 0.29852 0.949995 0.929228 0.346526 0.279145 0.0446184 0.282283 0.0487168 0.00377387 0.0135327 0.023328 0.0763801 0.0155493 0.0726422 0.130922 0.0329895 0.144339 0.0443907 0.0139397 0.474815 0.0110461 0.0290765 0.440647 0.054091 0.0440077 0.0250429 0.028999 0.083498 0.166895 0.526521
0.87732 0.908123 0.614719 0.955621 0.424591 0.960093 0.919732 0.986126 0.226668 0.838189 0.929819 0.886113 0.799456 0.967045 0.442098 0.875729 0.916801 0.98738 0.756146 0.984506 0.949672 0.820331 0.951723 0.971075 0.896443 0.955861 0.984792 0.159259 0.987375 0.887059 0.967051 0.967079 0.880047 0.226242 0.919463 0.773616 0.984546 0.632627 0.839791 0.955751 0.854079 0.705563 0.75639 0.841067 0.996256 0.881474 0.366718 0.914114 0.946412 0.145526 0.0936293 0.0124342 0.130126 0.14673 0.0124763 0.237547 0.0604286 0.0801855 0.0533471 0.270082 0.664191 0.358074 0.685634 0.0037428 0.951786 0.0287575 0.124715 0.295958 0.50033 0.0384007 0.300682 0.950086 0.93037 0.346619 0.281571 0.0441835 0.281593 0.04823 0.00374344 0.0132663 0.0233148 0.0762633 0.015416 0.0725378 0.129581 0.0330867 0.142313 0.0437724 0.0138823 0.477814 0.0109427 0.0285723 0.440417 0.0530336 0.043544 0.0246498 0.0286536 0.0828121 0.166964 0.52547
0.878176 0.908662 0.61901 0.956046 0.424877 0.960306 0.920184 0.986183 0.226433 0.839463 0.930585 0.886363 0.798053 0.967132 0.441293 0.875472 0.917055 0.987413 0.757741 0.984639 0.9502 0.820681 0.95247 0.971414 0.89726 0.956479 0.984817 0.158155 0.987406 0.887106 0.966955 0.966983 0.881141 0.225007 0.920887 0.773845 0.984677 0.632996 0.842117 0.956172 0.853978 0.706332 0.75692 0.841096 0.996286 0.883353 0.366812 0.913853 0.947163 0.143953 0.0932719 0.0123053 0.128783 0.145407 0.0124197 0.238396 0.0608419 0.0797326 0.0523038 0.269496 0.664807 0.355803 0.686776 0.0037125 0.952258 0.0284255 0.124974 0.296181 0.499235 0.0378198 0.302869 0.950181 0.931495 0.346717 0.283988 0.0437537 0.280913 0.0477527 0.00371383 0.0130024 0.0233018 0.0761502 0.0152877 0.0724416 0.128253 0.0331827 0.140308 0.0431677 0.0138273 0.480829 0.0108411 0.0280804 0.440277 0.051997 0.0430851 0.024263 0.0283211 0.0821178 0.167071 0.524455
0.879024 0.90921 0.623349 0.956465 0.425238 0.96052 0.920616 0.986237 0.226194 0.840728 0.931348 0.886599 0.796665 0.967217 0.440556 0.875203 0.917316 0.987444 0.759343 0.984768 0.950722 0.821057 0.9532 0.971756 0.898069 0.957089 0.984839 0.15706 0.987437 0.887153 0.966854 0.96688 0.882209 0.223744 0.922286 0.774046 0.984809 0.633332 0.844421 0.956596 0.85387 0.707059 0.757475 0.84111 0.996315 0.885222 0.366959 0.913604 0.947897 0.142369 0.0928986 0.0121798 0.127451 0.144053 0.0123651 0.239247 0.0612565 0.0792928 0.0512776 0.268874 0.665439 0.353555 0.687909 0.00368319 0.952733 0.0280898 0.125243 0.296392 0.498109 0.0372468 0.305071 0.950266 0.93259 0.346835 0.286443 0.043325 0.280236 0.0472794 0.00368472 0.0127461 0.0232927 0.076043 0.0151574 0.0723394 0.126943 0.0332827 0.138344 0.0425556 0.0137714 0.483851 0.0107408 0.0275939 0.440151 0.0509737 0.0426353 0.0238881 0.0279963 0.0814213 0.16718 0.523438
0.879866 0.909761 0.627634 0.956882 0.42559 0.960734 0.921051 0.986292 0.225974 0.841981 0.932092 0.88686 0.795234 0.967306 0.439784 0.874924 0.917561 0.987474 0.760937 0.984894 0.951224 0.821438 0.953912 0.972091 0.89887 0.957681 0.984865 0.155992 0.987467 0.887202 0.966745 0.966774 0.883274 0.222521 0.923677 0.77427 0.984939 0.633705 0.8467 0.957017 0.853799 0.707749 0.758017 0.841146 0.996344 0.887042 0.367065 0.913335 0.948632 0.140809 0.092536 0.0120548 0.126123 0.142725 0.0123107 0.240095 0.061675 0.0788549 0.0502782 0.268239 0.666061 0.351329 0.689012 0.00365425 0.953203 0.0277643 0.125534 0.296622 0.496932 0.0366835 0.307324 0.950354 0.933688 0.346965 0.288929 0.0428999 0.279575 0.0468098 0.00365647 0.0124931 0.0232816 0.075924 0.0150288 0.0722461 0.125602 0.0333881 0.136404 0.0419527 0.0137177 0.486875 0.0106404 0.0271201 0.439992 0.0499728 0.0421885 0.0235125 0.0276702 0.0807268 0.167293 0.522415
0.880713 0.910292 0.631945 0.957297 0.426016 0.960945 0.92149 0.986347 0.225718 0.843231 0.932819 0.88712 0.793786 0.967387 0.439007 0.874649 0.917817 0.987504 0.762571 0.98502 0.95174 0.821828 0.95463 0.972417 0.899663 0.958271 0.984884 0.154909 0.987496 0.887247 0.966637 0.966671 0.884323 0.221293 0.925049 0.774473 0.985066 0.634083 0.848937 0.957421 0.853706 0.708468 0.758568 0.841145 0.996373 0.888849 0.367161 0.913074 0.949355 0.139275 0.0921745 0.0119319 0.124839 0.141383 0.0122554 0.240995 0.0621018 0.0784257 0.049289 0.267675 0.666622 0.349083 0.690153 0.00362586 0.953668 0.027445 0.125825 0.296836 0.495752 0.0361321 0.309564 0.950441 0.934781 0.347127 0.291442 0.0424935 0.27891 0.0463399 0.0036282 0.0122465 0.0232698 0.0758055 0.0149044 0.072149 0.124313 0.033493 0.134472 0.0413615 0.013664 0.4899 0.0105424 0.0266518 0.439812 0.0489943 0.0417572 0.0231454 0.0273475 0.0800523 0.167419 0.521332
0.881563 0.910827 0.636185 0.957707 0.426426 0.961158 0.921919 0.986402 0.225484 0.844469 0.93354 0.887374 0.792333 0.967465 0.438243 0.87433 0.918058 0.987534 0.76417 0.985144 0.952244 0.822215 0.955334 0.972736 0.90044 0.958855 0.984907 0.153823 0.987522 0.887301 0.966528 0.96656 0.885382 0.220075 0.92638 0.774682 0.985188 0.634457 0.851174 0.957823 0.853602 0.70918 0.759123 0.841155 0.996402 0.89065 0.367277 0.912816 0.950071 0.137755 0.0918202 0.0118103 0.12354 0.140065 0.0122016 0.241861 0.0625441 0.0779929 0.0483203 0.267082 0.667214 0.346838 0.69125 0.00359832 0.954133 0.0271227 0.126119 0.297086 0.494576 0.0355855 0.311833 0.950528 0.935846 0.347286 0.293942 0.0420908 0.278248 0.0458765 0.00359948 0.0120061 0.0232642 0.0756983 0.0147796 0.0720428 0.123019 0.0335985 0.132565 0.0407857 0.0136105 0.492973 0.0104452 0.0261941 0.439603 0.0480412 0.0413278 0.0227852 0.0270321 0.0793671 0.167529 0.520274
0.882376 0.911362 0.640452 0.958112 0.426779 0.96136 0.922362 0.986451 0.22528 0.845702 0.934263 0.887613 0.790819 0.967545 0.437468 0.87401 0.918299 0.987562 0.765802 0.985269 0.952734 0.822577 0.956023 0.973044 0.901219 0.959431 0.984927 0.152737 0.987549 0.887372 0.966424 0.966451 0.886427 0.218855 0.927702 0.774865 0.98531 0.634823 0.853358 0.958225 0.853486 0.709875 0.759687 0.841136 0.996429 0.892408 0.367386 0.912554 0.950769 0.136231 0.0914615 0.0116891 0.122254 0.138746 0.0121481 0.242774 0.0629891 0.0775664 0.0473728 0.266481 0.667793 0.344605 0.692311 0.00357109 0.954587 0.0268102 0.126432 0.297338 0.49338 0.0350505 0.31411 0.950618 0.936899 0.347399 0.296501 0.0416967 0.277587 0.0454247 0.00357207 0.0117707 0.0232599 0.0755986 0.0146546 0.0719638 0.121748 0.0337155 0.130707 0.0402233 0.0135581 0.496011 0.0103502 0.0257459 0.439466 0.0471043 0.0408988 0.0224307 0.0267212 0.0786974 0.167619 0.51919
0.883212 0.911876 0.644716 0.958511 0.427146 0.961565 0.922793 0.986504 0.225064 0.846923 0.934978 0.887856 0.789315 0.967621 0.436701 0.873716 0.918546 0.987591 0.767394 0.985391 0.95322 0.82294 0.9567 0.973354 0.90199 0.959987 0.984946 0.151665 0.987578 0.887439 0.966309 0.966335 0.887446 0.217628 0.928978 0.775101 0.985429 0.635169 0.855527 0.958626 0.853374 0.710558 0.760272 0.841124 0.996456 0.894138 0.367463 0.912282 0.951455 0.134718 0.0911114 0.0115728 0.120965 0.137453 0.012096 0.243711 0.0634461 0.0771451 0.0464527 0.265851 0.668387 0.342403 0.693414 0.00354419 0.955035 0.0265011 0.126747 0.297586 0.492224 0.0345207 0.316415 0.950705 0.937936 0.347588 0.299082 0.0413084 0.276931 0.0449826 0.00354583 0.0115402 0.0232521 0.0754824 0.0145342 0.0718722 0.120489 0.0338311 0.12884 0.0396661 0.0135072 0.499091 0.0102572 0.0253003 0.4393 0.0461786 0.0404745 0.0220807 0.0264147 0.0780413 0.167745 0.518158
0.88405 0.91239 0.648956 0.958902 0.427537 0.961772 0.923219 0.986556 0.224856 0.848143 0.935676 0.88809 0.787794 0.967696 0.435952 0.873396 0.918789 0.98762 0.768998 0.985512 0.953699 0.823333 0.957371 0.97366 0.902746 0.960539 0.984964 0.150608 0.987604 0.887479 0.966193 0.966217 0.888459 0.216415 0.930245 0.775334 0.985549 0.635531 0.85767 0.959015 0.853303 0.711249 0.760814 0.841125 0.996482 0.895859 0.367489 0.912008 0.952131 0.133214 0.0907559 0.0114573 0.119683 0.136156 0.0120461 0.244651 0.0639041 0.0767275 0.0455404 0.265247 0.668966 0.340182 0.694481 0.00351754 0.95548 0.0261946 0.127066 0.297837 0.491052 0.0339963 0.318723 0.950802 0.938966 0.347726 0.301661 0.0409164 0.276293 0.044534 0.00351903 0.0113137 0.0232518 0.0753725 0.0144154 0.0717692 0.119232 0.0339482 0.127006 0.0391098 0.0134561 0.502184 0.0101651 0.0248631 0.439146 0.0452721 0.0400659 0.0217417 0.0261118 0.0773838 0.167853 0.517043
0.884873 0.912888 0.653194 0.959284 0.427971 0.961974 0.923638 0.986607 0.224632 0.849334 0.936383 0.888323 0.786257 0.967766 0.435137 0.873084 0.919021 0.987647 0.770559 0.985629 0.954181 0.823703 0.958029 0.973964 0.903497 0.961083 0.984984 0.149552 0.987632 0.887527 0.966074 0.966096 0.889468 0.215206 0.931484 0.77552 0.985665 0.635879 0.859774 0.959401 0.853212 0.711937 0.761351 0.841098 0.996509 0.897559 0.36759 0.91173 0.952804 0.131717 0.0904071 0.0113442 0.11841 0.134871 0.0119944 0.245648 0.0643706 0.0763098 0.0446476 0.264587 0.669478 0.337934 0.695574 0.00349161 0.955922 0.0258966 0.127429 0.298078 0.489848 0.033482 0.32102 0.950881 0.939973 0.347922 0.304296 0.040527 0.275672 0.0440973 0.00349217 0.0110928 0.0232492 0.0752579 0.0142996 0.071671 0.11797 0.0340718 0.125207 0.0385697 0.0134047 0.50525 0.0100731 0.0244357 0.43898 0.0443875 0.0396562 0.0214047 0.0258162 0.0767362 0.167964 0.515958
0.88569 0.913397 0.657398 0.959672 0.428401 0.962169 0.924055 0.986658 0.224413 0.850537 0.937085 0.888549 0.784693 0.967839 0.434375 0.872737 0.919268 0.987673 0.772158 0.985746 0.954654 0.824081 0.958679 0.974257 0.904236 0.961621 0.985004 0.148499 0.987658 0.887566 0.965949 0.965973 0.890475 0.213972 0.932724 0.77577 0.985777 0.636256 0.86186 0.959782 0.853131 0.712692 0.761862 0.841072 0.996535 0.899221 0.367674 0.911453 0.953469 0.130237 0.0900633 0.0112329 0.117164 0.13358 0.0119455 0.246624 0.0648452 0.0758911 0.0437757 0.264 0.670058 0.335699 0.696654 0.00346552 0.956353 0.0256064 0.127743 0.298346 0.488634 0.0329792 0.323384 0.95097 0.940967 0.348057 0.306955 0.0401487 0.275017 0.0436637 0.00346611 0.0108757 0.023248 0.0751608 0.0141863 0.0715722 0.11673 0.034201 0.123423 0.0380378 0.0133543 0.508342 0.00998335 0.0240145 0.43887 0.0435161 0.0392458 0.0210735 0.025524 0.0760954 0.168067 0.514813
0.886488 0.913895 0.661637 0.96006 0.4288 0.962371 0.92447 0.986708 0.224175 0.851711 0.937764 0.888799 0.78309 0.967909 0.433626 0.872384 0.919498 0.987696 0.773759 0.985862 0.955113 0.824443 0.959321 0.974548 0.904969 0.962151 0.985019 0.147455 0.987684 0.887596 0.965825 0.965842 0.891453 0.212766 0.933931 0.776023 0.985892 0.636597 0.863908 0.960166 0.853026 0.713351 0.762398 0.84105 0.996561 0.900859 0.367706 0.911169 0.954118 0.128789 0.0897256 0.0111238 0.11592 0.132305 0.0118953 0.247615 0.065319 0.0754791 0.0429147 0.263416 0.670601 0.333454 0.697754 0.00344015 0.95678 0.0253151 0.128099 0.298665 0.487439 0.0324848 0.325742 0.951051 0.941941 0.348218 0.309638 0.0397745 0.274377 0.0432327 0.00344046 0.0106651 0.0232462 0.0750445 0.0140752 0.0714672 0.115472 0.0343269 0.121646 0.0375079 0.0133049 0.511437 0.00989245 0.0236005 0.43873 0.0426641 0.0388477 0.0207492 0.0252316 0.0754564 0.168197 0.513695
0.887296 0.914402 0.665846 0.960435 0.429239 0.962567 0.924884 0.986756 0.22395 0.852886 0.938436 0.889044 0.78147 0.967975 0.432869 0.872035 0.91975 0.987721 0.775325 0.985973 0.955571 0.824796 0.959951 0.974839 0.905707 0.962676 0.985036 0.146384 0.98771 0.887628 0.965695 0.965715 0.892456 0.211563 0.935117 0.776217 0.986002 0.636994 0.865933 0.96055 0.852917 0.714021 0.76291 0.841023 0.996586 0.902481 0.367694 0.910881 0.95476 0.127347 0.0893838 0.011014 0.11469 0.13107 0.0118504 0.248595 0.0658073 0.0750759 0.0420778 0.262781 0.671112 0.331246 0.69885 0.00341494 0.957209 0.0250316 0.128446 0.29897 0.486251 0.0319911 0.328129 0.951135 0.942898 0.348392 0.312334 0.0394037 0.273719 0.0428117 0.00341558 0.0104574 0.023246 0.0749296 0.0139623 0.0713632 0.114222 0.0344627 0.119898 0.0369854 0.0132547 0.514557 0.00980374 0.0231956 0.438594 0.0418326 0.038458 0.0204265 0.0249469 0.0748061 0.168287 0.512541
0.888094 0.91491 0.669992 0.960807 0.429676 0.962767 0.925285 0.986803 0.223718 0.854056 0.939096 0.889261 0.779827 0.96804 0.432089 0.871665 0.919986 0.987744 0.776881 0.986082 0.956026 0.825183 0.960568 0.975125 0.90644 0.9632 0.985049 0.145354 0.987733 0.887665 0.965561 0.965587 0.893448 0.210353 0.93628 0.776444 0.986114 0.63739 0.86795 0.960919 0.852828 0.714674 0.763425 0.841001 0.996611 0.90408 0.367728 0.910583 0.955386 0.125925 0.0890381 0.0109065 0.113494 0.129826 0.0118053 0.249585 0.0662982 0.0746599 0.0412539 0.262163 0.671655 0.329004 0.699882 0.00339013 0.957627 0.0247474 0.128794 0.299278 0.48508 0.0315129 0.33053 0.951223 0.943843 0.348581 0.315077 0.039033 0.273104 0.0423931 0.00339049 0.0102531 0.0232472 0.0748132 0.0138531 0.071247 0.113008 0.0345949 0.118161 0.036471 0.0132045 0.517674 0.00971522 0.0228005 0.438441 0.0410151 0.0380766 0.0201076 0.0246653 0.0741711 0.168412 0.511435
0.888908 0.915398 0.674162 0.961169 0.430106 0.962967 0.925686 0.986851 0.223508 0.85521 0.939744 0.88948 0.778169 0.968106 0.431322 0.871303 0.920229 0.987769 0.778445 0.986192 0.956471 0.825523 0.961181 0.975404 0.90715 0.963717 0.985065 0.144332 0.987758 0.887708 0.965418 0.965456 0.894426 0.209138 0.937429 0.776654 0.986224 0.637773 0.869922 0.961291 0.852749 0.715349 0.763964 0.840961 0.996635 0.905652 0.367734 0.910287 0.956009 0.124517 0.0887211 0.0108002 0.112287 0.128589 0.01176 0.250598 0.0667842 0.0742536 0.04044 0.261529 0.672189 0.32676 0.70095 0.00336567 0.958043 0.0244696 0.129165 0.299576 0.483872 0.0310448 0.332935 0.951309 0.944772 0.348747 0.317824 0.0386648 0.272458 0.0419786 0.00336619 0.0100544 0.0232508 0.0747045 0.0137473 0.0711573 0.111817 0.0347333 0.116465 0.0359594 0.0131546 0.520826 0.00962847 0.0224134 0.43829 0.0402101 0.0376936 0.0197983 0.0243904 0.073542 0.168511 0.510307
0.889712 0.915896 0.67829 0.961541 0.430536 0.963162 0.926089 0.986897 0.223275 0.856368 0.94041 0.889703 0.776469 0.968169 0.43057 0.870919 0.92047 0.987792 0.779999 0.986301 0.956911 0.825872 0.961786 0.97568 0.907864 0.964223 0.98508 0.143295 0.987783 0.887744 0.965281 0.965318 0.895406 0.207929 0.93855 0.776882 0.986331 0.638149 0.871878 0.96165 0.852671 0.716027 0.764514 0.840941 0.996659 0.907215 0.36771 0.90999 0.956617 0.123106 0.0884 0.0106954 0.111086 0.127365 0.0117169 0.251632 0.0672819 0.073851 0.0396523 0.260949 0.672671 0.324507 0.701984 0.00334206 0.958453 0.0241957 0.129552 0.299931 0.482673 0.0305755 0.335359 0.951401 0.94569 0.348942 0.320603 0.0383008 0.271855 0.041564 0.00334197 0.00985918 0.0232579 0.0746024 0.0136391 0.0710568 0.11063 0.0348681 0.114786 0.0354567 0.013108 0.523996 0.0095438 0.0220318 0.43818 0.0394206 0.0373121 0.0194934 0.0241168 0.0729155 0.168631 0.509186
0.890522 0.916377 0.682397 0.961907 0.431025 0.963361 0.926483 0.986943 0.223062 0.857522 0.941054 0.88992 0.774752 0.968223 0.429771 0.870519 0.9207 0.987814 0.78154 0.986407 0.957345 0.826224 0.962377 0.975952 0.90857 0.964722 0.985092 0.142282 0.987807 0.887789 0.965138 0.965171 0.896356 0.206742 0.939656 0.777093 0.986439 0.638564 0.873793 0.962009 0.852568 0.716711 0.765026 0.840908 0.996682 0.908751 0.367657 0.909671 0.957218 0.121723 0.0880621 0.0105937 0.109904 0.126149 0.0116723 0.252684 0.0677986 0.0734706 0.0388795 0.260335 0.673171 0.32229 0.702985 0.00331808 0.958861 0.0239286 0.129912 0.300253 0.48148 0.0301179 0.337817 0.951487 0.946599 0.34915 0.323421 0.0379386 0.27126 0.0411592 0.00331827 0.00966967 0.0232642 0.0744974 0.0135306 0.0709512 0.109446 0.0350131 0.113117 0.0349627 0.0130608 0.527139 0.00945859 0.0216573 0.438069 0.0386513 0.0369474 0.0191927 0.0238495 0.0722871 0.168748 0.508038
0.891332 0.916857 0.686477 0.962255 0.431481 0.963557 0.926871 0.986989 0.222895 0.858651 0.9417 0.890128 0.773043 0.968281 0.429002 0.870134 0.920946 0.987835 0.783115 0.986513 0.957776 0.826592 0.962961 0.97622 0.909256 0.965216 0.985107 0.141261 0.987829 0.887825 0.964994 0.965021 0.897297 0.205543 0.940744 0.777308 0.986541 0.638912 0.875692 0.962358 0.852476 0.717367 0.765566 0.840872 0.996705 0.910256 0.367653 0.909355 0.957811 0.120336 0.0877337 0.0104927 0.108736 0.124933 0.0116281 0.253754 0.0683194 0.0730731 0.0381216 0.259728 0.673662 0.320034 0.704039 0.00329482 0.959259 0.0236658 0.130316 0.300587 0.480281 0.0296653 0.340312 0.951567 0.947496 0.349296 0.326223 0.037587 0.270647 0.0407548 0.0032949 0.00948126 0.0232693 0.0744023 0.0134277 0.070832 0.108268 0.03515 0.111493 0.0344774 0.0130147 0.530233 0.00937494 0.0212923 0.437932 0.0378984 0.0365839 0.0188931 0.0235829 0.071666 0.168865 0.506837
0.892142 0.917336 0.690506 0.962604 0.431994 0.963752 0.927254 0.987035 0.222668 0.859799 0.942334 0.890334 0.771328 0.968331 0.428262 0.869735 0.921167 0.987855 0.784654 0.986617 0.9582 0.826971 0.963534 0.976485 0.909937 0.9657 0.985119 0.140242 0.987853 0.887846 0.964846 0.964873 0.898238 0.204325 0.941812 0.777502 0.986643 0.639293 0.877545 0.962702 0.852403 0.718026 0.766109 0.840819 0.996727 0.911725 0.367608 0.909038 0.95839 0.11898 0.0874205 0.0103929 0.10757 0.123718 0.0115867 0.254834 0.068853 0.0726858 0.0373769 0.259069 0.674119 0.317776 0.705066 0.00327236 0.959656 0.0234059 0.130709 0.300927 0.479089 0.0292222 0.342815 0.951637 0.948368 0.349523 0.329081 0.0372383 0.270011 0.0403579 0.00327216 0.00929863 0.0232736 0.0743058 0.0133257 0.0707242 0.107113 0.0353028 0.109909 0.0339996 0.0129694 0.533374 0.00929147 0.0209285 0.437772 0.0371603 0.0362228 0.018604 0.0233244 0.0710537 0.168979 0.505663
0.892941 0.917807 0.6946 0.962949 0.432453 0.963941 0.927653 0.987079 0.222462 0.860905 0.942963 0.89055 0.76958 0.968378 0.427495 0.869327 0.921402 0.987876 0.786177 0.986722 0.958619 0.827351 0.964095 0.97674 0.910617 0.966172 0.985129 0.139234 0.987871 0.887885 0.964696 0.96471 0.899172 0.203161 0.942864 0.777729 0.986746 0.639666 0.879398 0.963046 0.852317 0.718654 0.76664 0.840761 0.996751 0.913173 0.367547 0.908734 0.958962 0.117629 0.0871104 0.0102945 0.106421 0.122507 0.0115465 0.255932 0.0693797 0.0722908 0.0366483 0.258464 0.674582 0.315588 0.706052 0.00325015 0.960052 0.0231486 0.131109 0.301305 0.47788 0.0287887 0.345321 0.951721 0.949228 0.349765 0.331919 0.036898 0.2694 0.0399647 0.00324994 0.0091194 0.0232814 0.0742043 0.0132249 0.0706111 0.105944 0.0354539 0.108324 0.0335315 0.0129213 0.536573 0.00921087 0.0205774 0.437672 0.0364383 0.0358684 0.0183165 0.0230695 0.0704544 0.1691 0.504451
0.893718 0.918265 0.698612 0.963292 0.432957 0.964127 0.928027 0.987125 0.22227 0.86201 0.943579 0.890752 0.767831 0.968426 0.426756 0.868901 0.921635 0.987895 0.787697 0.986821 0.959035 0.827742 0.964649 0.976994 0.911298 0.96664 0.985142 0.138229 0.987891 0.887913 0.964538 0.964551 0.900096 0.202005 0.943896 0.77794 0.986846 0.640051 0.881205 0.963391 0.852262 0.71928 0.767199 0.840704 0.996773 0.914606 0.367471 0.908416 0.959525 0.116303 0.0867805 0.0101978 0.105263 0.121311 0.0115054 0.257071 0.0699132 0.0719108 0.0359332 0.257849 0.675068 0.3134 0.707067 0.00322785 0.960439 0.0228968 0.131534 0.301674 0.476711 0.028356 0.347821 0.951798 0.950084 0.349969 0.334798 0.0365576 0.268803 0.0395756 0.00322782 0.00894368 0.0232884 0.0741086 0.0131238 0.0705067 0.104792 0.0356097 0.106759 0.0330667 0.0128762 0.539691 0.00913231 0.0202268 0.437558 0.0357184 0.0355151 0.0180352 0.022814 0.0698531 0.169199 0.503278
0.894508 0.918718 0.702584 0.963628 0.433426 0.964321 0.928411 0.987168 0.222057 0.863102 0.944186 0.890955 0.766028 0.96847 0.426024 0.868472 0.921888 0.987914 0.789232 0.986919 0.959447 0.828095 0.9652 0.977245 0.911962 0.967106 0.985153 0.137247 0.987912 0.887931 0.96438 0.964399 0.901031 0.200811 0.944914 0.778157 0.986946 0.640463 0.882988 0.963728 0.852184 0.719911 0.7677 0.840655 0.996795 0.916021 0.367361 0.908085 0.960081 0.114979 0.08644 0.0101028 0.104122 0.120123 0.011467 0.258191 0.0704726 0.0715322 0.0352367 0.257177 0.675523 0.311143 0.708085 0.00320608 0.960823 0.0226472 0.13196 0.302046 0.475532 0.0279351 0.350357 0.951878 0.950911 0.350186 0.3377 0.0362209 0.268187 0.0391959 0.00320559 0.00877103 0.0232996 0.0739969 0.0130237 0.0704021 0.103682 0.0357701 0.105215 0.032608 0.0128342 0.542858 0.00905511 0.0198837 0.437438 0.0350227 0.0351699 0.0177592 0.0225637 0.069246 0.169294 0.502069
0.89529 0.919154 0.706563 0.963966 0.433966 0.964505 0.928781 0.987212 0.221847 0.864179 0.944788 0.891162 0.764221 0.968515 0.425223 0.868056 0.922129 0.987933 0.790761 0.987015 0.959851 0.828441 0.965742 0.977493 0.912606 0.967562 0.985163 0.136278 0.987932 0.887963 0.964225 0.964239 0.901956 0.199619 0.945906 0.778341 0.987044 0.640883 0.884728 0.964057 0.852082 0.720508 0.768244 0.840598 0.996816 0.917414 0.367276 0.907762 0.960626 0.113674 0.0861261 0.010009 0.10299 0.118952 0.0114298 0.259353 0.0710339 0.0711434 0.034555 0.256578 0.675916 0.308932 0.709051 0.00318471 0.961203 0.0224004 0.132411 0.302404 0.47435 0.0275246 0.352905 0.95196 0.951732 0.350437 0.340604 0.0358917 0.267564 0.0388186 0.00318431 0.0086032 0.02331 0.0739057 0.0129272 0.0702976 0.102565 0.0359379 0.103695 0.0321544 0.0127922 0.546001 0.00897855 0.019549 0.437348 0.034339 0.0348258 0.0174915 0.0223175 0.0686489 0.169354 0.500856
0.896052 0.919608 0.710492 0.964294 0.434444 0.964692 0.929143 0.987253 0.221656 0.865244 0.945397 0.891378 0.762381 0.968559 0.424453 0.867616 0.922362 0.987951 0.792278 0.987112 0.960252 0.828809 0.966274 0.977736 0.913249 0.968016 0.985171 0.135305 0.987952 0.887989 0.964057 0.964071 0.902861 0.198457 0.946878 0.778532 0.987139 0.641304 0.886452 0.964386 0.851994 0.721139 0.768799 0.840531 0.996837 0.918776 0.367162 0.907451 0.961159 0.112376 0.0857996 0.00991598 0.101873 0.117787 0.0113941 0.260532 0.0715996 0.0707808 0.0338833 0.255958 0.676385 0.306706 0.710058 0.00316339 0.961577 0.0221557 0.13287 0.302809 0.473185 0.0271167 0.355473 0.952043 0.952537 0.350682 0.343579 0.0355589 0.266974 0.0384447 0.00316253 0.00843841 0.0233178 0.0738147 0.0128306 0.0701927 0.101455 0.0361022 0.102189 0.0317048 0.0127485 0.549206 0.00889983 0.0192179 0.437257 0.0336725 0.0344843 0.0172256 0.0220758 0.0680437 0.169479 0.499614
0.896812 0.92007 0.714402 0.964621 0.43497 0.964873 0.929518 0.987296 0.221462 0.866314 0.945983 0.891563 0.760497 0.968595 0.423693 0.86716 0.922599 0.987968 0.793783 0.987208 0.960644 0.829145 0.966803 0.977977 0.913886 0.968461 0.985181 0.134308 0.987972 0.888025 0.963895 0.963904 0.903753 0.19731 0.947838 0.778722 0.987232 0.641687 0.888161 0.964713 0.851916 0.721752 0.769337 0.840485 0.996858 0.920127 0.367032 0.90712 0.961685 0.111103 0.0854791 0.00982495 0.100771 0.116627 0.0113583 0.261721 0.0721661 0.0703972 0.0332259 0.255315 0.676823 0.30449 0.71106 0.00314281 0.961949 0.0219159 0.133331 0.3032 0.471961 0.0267156 0.358091 0.952114 0.953319 0.350947 0.346559 0.0352342 0.266387 0.038082 0.00314204 0.00827691 0.0233262 0.0737086 0.0127362 0.0700887 0.10035 0.0362737 0.100708 0.0312674 0.0127059 0.55235 0.00882411 0.0188971 0.437142 0.0330182 0.0341468 0.0169636 0.0218361 0.0674512 0.169583 0.498373
0.897567 0.92051 0.718267 0.96494 0.435495 0.965057 0.929895 0.987337 0.221273 0.86737 0.946552 0.891761 0.758604 0.968632 0.422922 0.866705 0.922833 0.987986 0.795279 0.987302 0.961025 0.829517 0.967321 0.978213 0.914515 0.968896 0.985192 0.133338 0.987989 0.888042 0.963727 0.963734 0.904637 0.196151 0.948782 0.778948 0.987327 0.642113 0.889842 0.965036 0.851842 0.722358 0.769891 0.840429 0.996879 0.921428 0.366886 0.906794 0.962204 0.109843 0.0851618 0.00973418 0.0996728 0.115483 0.0113223 0.262892 0.0727495 0.0700268 0.0325817 0.254676 0.677261 0.302312 0.712062 0.00312264 0.962318 0.0216797 0.133789 0.303596 0.470777 0.0263221 0.360716 0.952188 0.954096 0.351193 0.349566 0.0349127 0.265771 0.0377082 0.00312153 0.00811928 0.0233376 0.0736126 0.0126442 0.0699871 0.0992854 0.0364469 0.0992504 0.0308302 0.0126632 0.555563 0.00874856 0.0185782 0.437062 0.0323833 0.0338206 0.0167056 0.0216018 0.066859 0.169703 0.497087
0.898325 0.920956 0.722112 0.965254 0.436042 0.965247 0.930272 0.987379 0.221066 0.868423 0.947126 0.891956 0.756674 0.968668 0.422177 0.86624 0.923049 0.988006 0.796774 0.987393 0.961403 0.82986 0.967828 0.978448 0.915141 0.969324 0.985201 0.132379 0.988007 0.888065 0.963548 0.963558 0.905512 0.195011 0.949704 0.779124 0.987418 0.642535 0.891482 0.965351 0.851792 0.722918 0.770446 0.84037 0.996899 0.92273 0.366757 0.906453 0.962708 0.108589 0.0848604 0.00964379 0.0985847 0.11433 0.0112846 0.264098 0.0733528 0.0696457 0.0319509 0.254003 0.677678 0.300124 0.713056 0.00310241 0.962683 0.0214472 0.134264 0.304025 0.469518 0.0259315 0.363343 0.952271 0.954861 0.35143 0.352572 0.0345934 0.265163 0.0373486 0.00310106 0.00796512 0.0233511 0.073516 0.0125533 0.069872 0.0982021 0.0366224 0.0978237 0.0304043 0.0126208 0.558708 0.00867567 0.018269 0.436982 0.0317549 0.0334969 0.0164534 0.0213743 0.0662763 0.169813 0.495846
0.899076 0.921395 0.725941 0.965568 0.436609 0.965426 0.930631 0.987422 0.220892 0.869454 0.947694 0.892154 0.754775 0.968694 0.421368 0.865757 0.923285 0.988022 0.798257 0.987483 0.961771 0.830232 0.968327 0.97868 0.915774 0.969751 0.985212 0.131433 0.988022 0.888092 0.963372 0.963386 0.906384 0.193866 0.950618 0.779336 0.987508 0.642935 0.893098 0.965667 0.851724 0.723487 0.770966 0.840292 0.996919 0.92401 0.3666 0.906109 0.963219 0.107356 0.0845534 0.00955649 0.0975034 0.113203 0.011252 0.265339 0.0739583 0.0692842 0.031334 0.253365 0.67811 0.297908 0.714041 0.00308268 0.963047 0.0212177 0.134756 0.304467 0.468357 0.0255504 0.366006 0.952354 0.955613 0.351654 0.355594 0.0342833 0.264591 0.0369887 0.00308105 0.00781423 0.023365 0.0734272 0.0124642 0.0697606 0.0971338 0.0368022 0.0964207 0.0299888 0.0125784 0.561869 0.00860218 0.0179633 0.436868 0.0311385 0.0331797 0.0162013 0.0211483 0.0656916 0.169921 0.494621
0.89982 0.921831 0.729728 0.96588 0.437158 0.96561 0.930994 0.987465 0.220697 0.870483 0.948264 0.892351 0.752829 0.968725 0.420623 0.865264 0.923511 0.988038 0.799691 0.987574 0.962142 0.830611 0.96882 0.978906 0.916385 0.970173 0.985218 0.130467 0.988038 0.888121 0.963196 0.963211 0.907247 0.192744 0.951509 0.779547 0.987599 0.643334 0.894697 0.965977 0.851678 0.724068 0.771512 0.840223 0.996938 0.925272 0.36647 0.905774 0.963718 0.106123 0.084248 0.00946939 0.0964464 0.112062 0.0112169 0.266589 0.0745614 0.068918 0.0307258 0.252676 0.678532 0.295725 0.715005 0.00306261 0.963406 0.0209926 0.135254 0.304882 0.467122 0.0251724 0.368709 0.952438 0.95636 0.351919 0.358617 0.0339774 0.264006 0.0366318 0.00306153 0.00766635 0.0233815 0.0733434 0.0123743 0.0696522 0.0960874 0.0369823 0.095021 0.0295756 0.0125363 0.56503 0.0085293 0.0176635 0.436827 0.0305363 0.0328614 0.0159599 0.020922 0.0651148 0.170016 0.493371
0.90057 0.92226 0.733523 0.966192 0.437697 0.965796 0.931353 0.987505 0.220514 0.871492 0.948819 0.89254 0.750857 0.968757 0.419826 0.864775 0.92374 0.988053 0.801139 0.987663 0.962506 0.830978 0.969305 0.97913 0.917003 0.970582 0.985227 0.129497 0.988055 0.888155 0.963007 0.963026 0.908103 0.191614 0.952376 0.77975 0.98769 0.643735 0.896284 0.966283 0.85162 0.724676 0.772073 0.840146 0.996957 0.926505 0.366266 0.905417 0.964201 0.104911 0.0839327 0.00938432 0.0954029 0.110944 0.0111859 0.267803 0.0751809 0.0685564 0.0301344 0.25204 0.67892 0.293546 0.715977 0.00304311 0.963753 0.0207722 0.135739 0.305364 0.465942 0.0248024 0.371434 0.952509 0.957091 0.352195 0.361679 0.0336759 0.263384 0.0362832 0.00304225 0.00752342 0.0233927 0.0732421 0.0122863 0.0695492 0.0950414 0.0371679 0.0936649 0.0291677 0.0124949 0.56818 0.00845928 0.01737 0.436759 0.0299476 0.0325527 0.0157166 0.0207031 0.0645352 0.170124 0.492119
0.901293 0.922677 0.737274 0.96649 0.43828 0.965971 0.931704 0.987545 0.220302 0.87249 0.949372 0.892736 0.74887 0.968783 0.419068 0.864261 0.923973 0.988067 0.802612 0.98775 0.962872 0.83137 0.969782 0.97935 0.917612 0.970989 0.985234 0.128544 0.988072 0.888173 0.962814 0.962845 0.908964 0.190504 0.953242 0.779922 0.987775 0.644176 0.897817 0.966585 0.851588 0.725231 0.772614 0.840065 0.996977 0.927725 0.36602 0.905066 0.964677 0.103701 0.0836235 0.00930046 0.0943607 0.109841 0.0111524 0.269096 0.0758026 0.0681943 0.029557 0.251376 0.679297 0.291334 0.716872 0.0030239 0.964101 0.0205562 0.136247 0.305833 0.464757 0.024436 0.374114 0.952593 0.957803 0.352438 0.364738 0.0333724 0.26281 0.0359306 0.00302346 0.00738116 0.0234052 0.0731461 0.0122005 0.0694438 0.0940014 0.0373542 0.0923106 0.0287631 0.0124538 0.571328 0.00838796 0.0170796 0.436653 0.0293732 0.0322512 0.0154805 0.0204855 0.0639682 0.170223 0.490842
0.902022 0.923105 0.741001 0.966791 0.438821 0.966149 0.932069 0.987586 0.220076 0.873491 0.949926 0.892941 0.74689 0.968806 0.418278 0.863761 0.9242 0.988082 0.804062 0.987835 0.963233 0.831738 0.970247 0.979566 0.91821 0.971391 0.985237 0.127601 0.988089 0.888195 0.962618 0.962651 0.909811 0.18939 0.954083 0.780155 0.987862 0.644565 0.899331 0.966888 0.851533 0.72575 0.773161 0.839977 0.996995 0.92891 0.365796 0.904727 0.965148 0.102506 0.0833313 0.00921544 0.0933403 0.108758 0.0111207 0.270363 0.0764159 0.0678391 0.0289882 0.250753 0.679699 0.289187 0.717796 0.00300488 0.964438 0.0203413 0.136774 0.306286 0.463528 0.0240772 0.376805 0.95267 0.958512 0.352718 0.367859 0.033073 0.262219 0.0355839 0.00300485 0.0072427 0.0234255 0.0730583 0.0121148 0.0693257 0.0929698 0.0375441 0.0909839 0.0283712 0.0124129 0.574436 0.00831835 0.0167951 0.436605 0.0288094 0.031949 0.0152465 0.020273 0.0634048 0.170312 0.489542
0.902751 0.923511 0.744673 0.967094 0.439412 0.966328 0.932426 0.987625 0.219889 0.87449 0.950473 0.893148 0.74489 0.968836 0.41751 0.863221 0.924422 0.988095 0.805518 0.987921 0.963583 0.832107 0.970705 0.97978 0.918797 0.971788 0.985241 0.126673 0.988105 0.888207 0.962427 0.962455 0.910645 0.188268 0.954912 0.780332 0.987945 0.645008 0.900834 0.967188 0.851495 0.726312 0.77371 0.839877 0.997013 0.930068 0.365589 0.904377 0.965612 0.101332 0.0830391 0.009133 0.0923197 0.107664 0.0110892 0.271665 0.0770471 0.06749 0.0284342 0.250119 0.680104 0.287024 0.718715 0.00298627 0.964775 0.0201289 0.137309 0.30676 0.462312 0.0237283 0.379568 0.952747 0.959199 0.353006 0.370986 0.0327786 0.261682 0.0352399 0.00298675 0.00710711 0.0234384 0.0729601 0.0120317 0.0692039 0.0919404 0.037738 0.0896596 0.0279834 0.0123725 0.577599 0.00824977 0.0165181 0.436562 0.0282531 0.0316543 0.0150158 0.020057 0.0628426 0.170409 0.48825
0.903478 0.923916 0.748284 0.967388 0.439994 0.966503 0.93279 0.987664 0.219695 0.875472 0.951018 0.893347 0.742794 0.968857 0.416752 0.862679 0.924654 0.98811 0.806961 0.988004 0.963929 0.832471 0.971159 0.97999 0.919376 0.972179 0.985243 0.125746 0.988122 0.888245 0.96223 0.962255 0.911473 0.187118 0.955731 0.780539 0.988027 0.645434 0.902311 0.967481 0.851438 0.726804 0.774243 0.839762 0.997032 0.931224 0.365383 0.904028 0.966065 0.100167 0.0827301 0.00905256 0.0913111 0.106589 0.0110597 0.272998 0.0776903 0.0671529 0.02789 0.249468 0.680482 0.284854 0.719631 0.0029681 0.965108 0.0199197 0.13783 0.30726 0.461118 0.0233783 0.38229 0.952831 0.959887 0.35329 0.374182 0.0324926 0.261101 0.0349035 0.00296876 0.00697443 0.0234579 0.0728675 0.0119473 0.0690871 0.0909419 0.0379346 0.0883641 0.0276024 0.012335 0.580777 0.00818137 0.0162486 0.436515 0.0277128 0.0313618 0.0147914 0.0198432 0.0622946 0.170457 0.48695
0.904194 0.924326 0.751889 0.967678 0.440612 0.966679 0.933141 0.987701 0.219469 0.876458 0.951546 0.893542 0.740694 0.968881 0.415962 0.862136 0.924898 0.988123 0.808414 0.988088 0.964279 0.832847 0.971606 0.980197 0.919945 0.972562 0.98525 0.124836 0.988139 0.888264 0.962025 0.96205 0.912301 0.185999 0.956532 0.780732 0.98811 0.645882 0.903768 0.967769 0.851375 0.727301 0.774767 0.839657 0.997049 0.932359 0.365093 0.903668 0.96651 0.099017 0.0824227 0.008974 0.0902997 0.105514 0.0110306 0.274323 0.0783572 0.066789 0.0273587 0.248832 0.680853 0.282683 0.720558 0.00295027 0.965438 0.0197171 0.138374 0.307757 0.459902 0.0230384 0.385037 0.952914 0.96056 0.353579 0.377345 0.0322022 0.260529 0.0345707 0.00295119 0.0068453 0.0234764 0.072776 0.0118631 0.0689712 0.0899387 0.0381343 0.0870924 0.0272304 0.0122953 0.583924 0.00811505 0.0159846 0.436442 0.0271867 0.0310763 0.0145711 0.0196359 0.0617459 0.170536 0.485661
0.904915 0.924734 0.755449 0.967959 0.44123 0.966849 0.933481 0.987741 0.219263 0.877439 0.952075 0.893743 0.738572 0.968907 0.415171 0.861565 0.925128 0.988138 0.809842 0.988167 0.964617 0.833227 0.972047 0.980398 0.920509 0.972938 0.985254 0.123921 0.988152 0.888291 0.961818 0.961843 0.913123 0.184915 0.957313 0.780931 0.988191 0.646308 0.905191 0.968049 0.851345 0.727775 0.775301 0.839572 0.997067 0.933474 0.364848 0.903327 0.966948 0.0978861 0.0821351 0.00889502 0.0893222 0.104448 0.0110007 0.275633 0.0790216 0.0664398 0.0268327 0.248163 0.681209 0.28051 0.72147 0.00293287 0.965764 0.0195161 0.138919 0.308304 0.458682 0.0227068 0.387843 0.952993 0.961221 0.353846 0.380516 0.031919 0.259973 0.0342419 0.00293309 0.00671894 0.0234959 0.0726839 0.0117846 0.0688382 0.0889498 0.0383437 0.085828 0.0268607 0.0122575 0.587093 0.00804944 0.0157195 0.4364 0.0266695 0.0307953 0.0143527 0.0194327 0.0611982 0.170634 0.484302
0.905636 0.92514 0.758988 0.96824 0.441898 0.967023 0.933839 0.98778 0.219062 0.878393 0.952587 0.893922 0.736451 0.968922 0.414386 0.86099 0.925368 0.988152 0.811273 0.98825 0.964954 0.833606 0.972478 0.980601 0.921058 0.973306 0.985259 0.123002 0.988168 0.888322 0.961604 0.961632 0.913924 0.183808 0.958068 0.781118 0.988271 0.64679 0.906595 0.968331 0.851332 0.728269 0.775841 0.839506 0.997084 0.934583 0.364584 0.902973 0.967382 0.0967584 0.081834 0.00881682 0.0883396 0.103399 0.0109714 0.277014 0.0797022 0.0660913 0.0263207 0.247529 0.681522 0.278385 0.722356 0.00291572 0.966087 0.0193163 0.139481 0.308812 0.457497 0.0223818 0.39061 0.953065 0.96187 0.35414 0.383725 0.0316401 0.25939 0.0339214 0.00291563 0.0065939 0.023514 0.0725615 0.0117051 0.0687252 0.0879775 0.0385473 0.0845975 0.0264942 0.0122202 0.590235 0.00798365 0.0154618 0.436318 0.0261598 0.0305174 0.0141376 0.0192315 0.0606489 0.170708 0.482939
0.906332 0.925549 0.762482 0.968523 0.44256 0.967194 0.934181 0.98782 0.218871 0.879316 0.953101 0.894123 0.734251 0.968935 0.413588 0.86041 0.925594 0.988167 0.812697 0.988328 0.965283 0.833975 0.972906 0.980797 0.921604 0.973671 0.985262 0.122088 0.988183 0.88835 0.961389 0.961423 0.914729 0.182698 0.958823 0.781312 0.988348 0.647251 0.907966 0.968614 0.851302 0.728761 0.776393 0.839403 0.997101 0.935672 0.364251 0.902617 0.967806 0.095659 0.0815234 0.00874154 0.0873669 0.102366 0.0109427 0.278438 0.080364 0.0657616 0.0258248 0.246869 0.681822 0.276246 0.723276 0.00289841 0.96641 0.0191195 0.140059 0.309352 0.456277 0.022056 0.393375 0.953149 0.962509 0.354456 0.38694 0.0313707 0.2588 0.0335964 0.00289819 0.0064722 0.0235298 0.0724778 0.0116257 0.068597 0.0869915 0.03877 0.0833743 0.0261291 0.0121824 0.593356 0.0079177 0.0152114 0.436265 0.0256587 0.0302458 0.0139265 0.019032 0.0601051 0.17076 0.481586
0.907018 0.925941 0.765943 0.968802 0.443191 0.967367 0.934523 0.987856 0.218668 0.880256 0.953605 0.894315 0.732098 0.968946 0.412804 0.859822 0.925828 0.988181 0.814121 0.988406 0.965605 0.834353 0.973329 0.980994 0.922156 0.974028 0.985266 0.12116 0.988197 0.888368 0.961165 0.961204 0.915536 0.181599 0.959563 0.781525 0.988426 0.647698 0.909315 0.968886 0.851262 0.729236 0.776952 0.839297 0.997118 0.936727 0.363894 0.902256 0.968228 0.0945618 0.0812222 0.00866544 0.0864156 0.101314 0.0109132 0.279829 0.0810514 0.0654127 0.025335 0.246217 0.68218 0.274086 0.724158 0.002882 0.96672 0.0189247 0.140634 0.309914 0.455083 0.0217376 0.396175 0.953231 0.963142 0.354775 0.390184 0.0310933 0.258249 0.033277 0.00288143 0.00635303 0.0235516 0.0723784 0.0115494 0.0684618 0.0860469 0.0389857 0.0821825 0.0257722 0.0121458 0.596435 0.00785369 0.0149649 0.43624 0.0251748 0.0299767 0.0137196 0.0188389 0.0595786 0.170837 0.480212
0.907709 0.926342 0.769379 0.969076 0.443863 0.967536 0.93486 0.987892 0.218461 0.8812 0.954107 0.894494 0.729913 0.968954 0.412021 0.859228 0.926048 0.988192 0.815517 0.988484 0.965928 0.834733 0.973745 0.981187 0.922693 0.974384 0.98527 0.120256 0.988211 0.888371 0.960941 0.960982 0.916318 0.180516 0.960288 0.781719 0.988504 0.648181 0.910665 0.969156 0.851238 0.72968 0.777479 0.839167 0.997134 0.93777 0.363539 0.901881 0.968641 0.0934557 0.08092 0.00859045 0.0854564 0.100276 0.0108872 0.281275 0.0817521 0.065065 0.0248546 0.245561 0.682513 0.271964 0.724997 0.00286587 0.967031 0.0187309 0.141237 0.310484 0.45389 0.0214274 0.399013 0.953309 0.963757 0.355096 0.393462 0.0308206 0.257647 0.0329634 0.00286508 0.00623547 0.0235732 0.0722732 0.0114743 0.0683308 0.0850941 0.0392102 0.0810031 0.0254239 0.0121086 0.599516 0.0077901 0.0147216 0.436208 0.0247029 0.029706 0.0135142 0.0186478 0.0590539 0.170939 0.478829
0.908402 0.926742 0.772759 0.969348 0.444482 0.967706 0.935196 0.987928 0.21825 0.882113 0.954598 0.894691 0.727659 0.968964 0.411191 0.858637 0.926272 0.988207 0.816904 0.988558 0.966241 0.835102 0.974149 0.981379 0.923221 0.974731 0.985272 0.119362 0.988225 0.888388 0.960722 0.960761 0.9171 0.179437 0.961005 0.781955 0.988577 0.648626 0.911987 0.96942 0.851237 0.730138 0.778019 0.839054 0.997151 0.938789 0.363189 0.901512 0.969046 0.0923834 0.0806316 0.0085173 0.0845175 0.0992513 0.0108612 0.282702 0.0824515 0.0647284 0.0243857 0.244938 0.682878 0.269805 0.725864 0.00284931 0.96734 0.018543 0.141866 0.310992 0.452696 0.021122 0.401863 0.953398 0.964364 0.355414 0.396745 0.0305515 0.257079 0.0326527 0.00284902 0.00612229 0.0235933 0.0721823 0.0113986 0.0681948 0.0841548 0.0394396 0.0798438 0.0250809 0.0120712 0.602645 0.00772822 0.014483 0.436239 0.0242346 0.0294428 0.0133116 0.0184612 0.058516 0.170995 0.477426
0.909098 0.927118 0.776137 0.969621 0.445184 0.967876 0.935533 0.987966 0.218059 0.883008 0.955084 0.894856 0.72543 0.968968 0.410401 0.858047 0.926498 0.98822 0.818291 0.988632 0.96655 0.83552 0.974546 0.981569 0.92375 0.975074 0.985275 0.118458 0.988239 0.888412 0.960498 0.960534 0.917865 0.178387 0.9617 0.782174 0.988652 0.649091 0.913286 0.969684 0.851236 0.730597 0.778569 0.838928 0.997166 0.939794 0.362816 0.901142 0.969442 0.0913293 0.0803342 0.00844488 0.0835933 0.0982344 0.0108368 0.284131 0.0831618 0.0643927 0.0239319 0.244293 0.683169 0.267689 0.72671 0.00283278 0.967647 0.0183585 0.142481 0.311576 0.451509 0.0208189 0.404719 0.953482 0.964955 0.35577 0.400048 0.0302862 0.256502 0.0323453 0.00283333 0.00601137 0.02362 0.0720891 0.0113256 0.068071 0.0832253 0.0396678 0.078698 0.024742 0.0120342 0.605751 0.00766644 0.0142496 0.436212 0.0237819 0.0291861 0.0131161 0.0182777 0.0579979 0.171055 0.476032
0.909798 0.927517 0.779442 0.969884 0.445864 0.968048 0.935874 0.988001 0.217899 0.883892 0.955568 0.895037 0.723151 0.968974 0.409585 0.857419 0.92673 0.988233 0.819696 0.988706 0.966851 0.835896 0.974938 0.981751 0.924265 0.975414 0.985278 0.117574 0.988251 0.888426 0.96027 0.960312 0.918624 0.177306 0.96238 0.782355 0.988727 0.649566 0.914568 0.969947 0.851232 0.731032 0.779109 0.838785 0.997182 0.940778 0.362409 0.900771 0.969833 0.0902936 0.080047 0.00837419 0.0826744 0.0972436 0.010812 0.285594 0.0838855 0.0640581 0.0234833 0.243654 0.683464 0.26553 0.7275 0.00281691 0.967951 0.0181757 0.143108 0.312185 0.450329 0.0205236 0.407574 0.953565 0.965542 0.356097 0.403367 0.0300293 0.255919 0.0320433 0.00281816 0.00590217 0.0236424 0.0719946 0.0112526 0.0679418 0.0823052 0.039909 0.0775777 0.0244066 0.0119984 0.608863 0.00760671 0.014021 0.436206 0.0233356 0.028933 0.0129218 0.0180952 0.0574758 0.171116 0.474636
0.910487 0.927911 0.782715 0.970141 0.446539 0.968213 0.936205 0.988038 0.217711 0.884791 0.956044 0.895239 0.720911 0.968972 0.408761 0.856786 0.926961 0.988246 0.821077 0.988779 0.967156 0.836289 0.975321 0.98193 0.924788 0.975747 0.985279 0.116704 0.988264 0.888461 0.960035 0.960078 0.919383 0.176216 0.963047 0.782546 0.9888 0.650029 0.915827 0.970211 0.85125 0.731428 0.77966 0.83868 0.997198 0.941747 0.36198 0.900402 0.970217 0.0892584 0.0797503 0.00830406 0.0817655 0.0962572 0.0107868 0.28706 0.0846176 0.0637232 0.023042 0.242997 0.683777 0.263401 0.72835 0.00280156 0.968251 0.0179936 0.143738 0.312767 0.449164 0.0202308 0.410495 0.953659 0.966122 0.356401 0.406745 0.0297757 0.255367 0.0317442 0.00280277 0.00579501 0.0236661 0.0718992 0.0111805 0.0678119 0.0813907 0.0401496 0.0764735 0.0240731 0.0119602 0.611982 0.00754697 0.0137973 0.436171 0.0229003 0.0286798 0.0127304 0.0179137 0.0569586 0.171187 0.473199
0.911157 0.928284 0.785952 0.970398 0.447288 0.968378 0.936535 0.988073 0.217515 0.885682 0.956515 0.895424 0.71861 0.968973 0.407959 0.856139 0.927201 0.988256 0.822416 0.988852 0.967457 0.83666 0.975702 0.98211 0.92529 0.976073 0.985279 0.115821 0.988276 0.888475 0.959795 0.95984 0.920144 0.175136 0.963711 0.782748 0.988873 0.650473 0.917072 0.970462 0.851249 0.731838 0.780199 0.838536 0.997213 0.942693 0.361535 0.900024 0.970596 0.0882375 0.0794579 0.00823686 0.0808575 0.0952674 0.010763 0.288527 0.0853457 0.0633892 0.0226136 0.242325 0.684032 0.261296 0.729145 0.00278644 0.968545 0.0178155 0.144385 0.313361 0.447966 0.0199408 0.413395 0.95374 0.966692 0.356785 0.410078 0.029519 0.254805 0.0314507 0.00278749 0.00569127 0.0236887 0.0717977 0.0111086 0.0676779 0.0804922 0.0403904 0.0753907 0.0237451 0.0119251 0.615041 0.00748846 0.013578 0.436202 0.0224724 0.0284298 0.0125439 0.0177381 0.0564455 0.171226 0.471805
0.911837 0.928672 0.789182 0.97065 0.448008 0.968539 0.936876 0.988109 0.217359 0.886544 0.95698 0.895612 0.716292 0.968968 0.407163 0.855482 0.92743 0.988268 0.823773 0.988924 0.967751 0.837063 0.976076 0.982288 0.925791 0.976393 0.98528 0.114935 0.988289 0.888485 0.95955 0.959599 0.920868 0.174078 0.964357 0.782947 0.988945 0.65093 0.91827 0.970713 0.851263 0.732278 0.780754 0.838392 0.997228 0.943635 0.36114 0.899649 0.970969 0.0872321 0.0791767 0.00816797 0.0799481 0.0942958 0.0107394 0.290025 0.086082 0.0630523 0.0221941 0.241632 0.684326 0.25911 0.729941 0.00277093 0.968836 0.0176401 0.145028 0.314005 0.446769 0.019658 0.416292 0.953836 0.967248 0.357166 0.413474 0.0292631 0.254244 0.0311621 0.00277261 0.00558878 0.0237138 0.0716972 0.0110382 0.0675397 0.0795951 0.0406398 0.0743172 0.0234252 0.0118904 0.618109 0.00743097 0.0133626 0.436225 0.0220502 0.0281845 0.01236 0.0175619 0.0559395 0.171273 0.470388
0.912504 0.929046 0.792372 0.970899 0.448812 0.968706 0.937204 0.988147 0.217148 0.88742 0.957436 0.895807 0.713907 0.968965 0.406378 0.854822 0.92765 0.98828 0.825126 0.988997 0.968041 0.837448 0.976444 0.98246 0.926292 0.976711 0.985282 0.114057 0.9883 0.888496 0.959303 0.959353 0.921599 0.173027 0.964993 0.783138 0.989015 0.65139 0.919459 0.970965 0.851295 0.732692 0.781293 0.838239 0.997242 0.944548 0.360692 0.899257 0.971336 0.0862409 0.078912 0.00810123 0.0790595 0.0933246 0.0107178 0.291529 0.086841 0.0627214 0.0217835 0.240954 0.684579 0.256951 0.730752 0.00275587 0.969129 0.0174663 0.1457 0.314612 0.445581 0.019379 0.419206 0.953923 0.967796 0.357509 0.41686 0.0290151 0.253692 0.0308685 0.0027575 0.0054877 0.0237402 0.0715937 0.0109691 0.0674028 0.078715 0.0408896 0.0732598 0.0231101 0.0118533 0.621147 0.00737222 0.0131498 0.436241 0.0216404 0.0279389 0.0121791 0.0173886 0.0554333 0.171342 0.468923
0.913171 0.929417 0.795544 0.971148 0.449617 0.968869 0.937527 0.988181 0.216922 0.888269 0.957895 0.89599 0.711561 0.968958 0.405545 0.854157 0.927888 0.988291 0.826491 0.989067 0.968326 0.837813 0.976804 0.982633 0.92679 0.977023 0.985285 0.113193 0.988314 0.888524 0.959051 0.959096 0.922322 0.171933 0.965617 0.783332 0.989083 0.651831 0.92064 0.971215 0.851323 0.733102 0.781858 0.838089 0.997257 0.945455 0.360205 0.898871 0.971695 0.0852457 0.0786397 0.00803578 0.0781992 0.0923548 0.0106947 0.293089 0.0876021 0.0623886 0.0213798 0.240304 0.684783 0.254829 0.731576 0.00274066 0.96942 0.0172951 0.146371 0.315235 0.444418 0.0191016 0.422136 0.954014 0.968333 0.3579 0.420257 0.028771 0.253127 0.0305772 0.00274297 0.00538903 0.0237607 0.0715034 0.0108993 0.0672626 0.0778506 0.0411411 0.0722158 0.0227989 0.0118172 0.624192 0.00731418 0.0129422 0.436269 0.0212404 0.0277059 0.012001 0.0172154 0.0549464 0.171403 0.467499
0.913838 0.929786 0.798633 0.971393 0.450328 0.969034 0.937842 0.988216 0.216695 0.889125 0.958345 0.896172 0.709179 0.968947 0.404752 0.853471 0.928121 0.988301 0.827841 0.989137 0.968609 0.838198 0.977157 0.982802 0.927283 0.977333 0.985289 0.112342 0.988326 0.888553 0.958804 0.958846 0.923034 0.170894 0.96622 0.783545 0.98915 0.652278 0.92178 0.971457 0.851358 0.733515 0.7824 0.837939 0.997271 0.946333 0.359716 0.898492 0.972046 0.0842832 0.0783657 0.00797213 0.0773278 0.0914047 0.0106738 0.294612 0.0883685 0.0620599 0.0209805 0.239615 0.684986 0.252726 0.732351 0.00272608 0.969705 0.0171283 0.147062 0.31589 0.443228 0.0188316 0.425068 0.954094 0.968862 0.358333 0.423675 0.0285254 0.252565 0.0302912 0.00272858 0.00529326 0.023787 0.0714128 0.0108322 0.0671207 0.0769894 0.0413958 0.0711963 0.0224938 0.0117824 0.62719 0.00725812 0.0127362 0.436324 0.0208438 0.0274693 0.0118252 0.0170465 0.0544397 0.171469 0.466072
0.914491 0.930148 0.801707 0.971633 0.451127 0.969195 0.938179 0.98825 0.216481 0.889972 0.958792 0.896359 0.706761 0.968945 0.403873 0.852794 0.928356 0.988313 0.829179 0.989202 0.968885 0.838603 0.977507 0.982973 0.927765 0.977636 0.985291 0.111494 0.988338 0.888571 0.958549 0.958579 0.923744 0.169853 0.966822 0.783734 0.989219 0.65277 0.922898 0.9717 0.851384 0.733907 0.782924 0.837813 0.997286 0.947201 0.359241 0.8981 0.972392 0.0833273 0.0780904 0.00790731 0.076486 0.0904622 0.0106529 0.296168 0.0891398 0.0617408 0.0205943 0.238938 0.6852 0.250631 0.733164 0.00271169 0.969982 0.0169649 0.14776 0.316574 0.44204 0.0185696 0.428022 0.954193 0.969384 0.358702 0.427096 0.0282818 0.252008 0.0300135 0.00271382 0.00519939 0.0238112 0.0713234 0.0107644 0.0669701 0.0761495 0.0416496 0.0702046 0.0221942 0.011749 0.630234 0.00720196 0.0125373 0.436323 0.0204587 0.0272411 0.0116537 0.0168792 0.0539391 0.17152 0.464611
0.915139 0.930521 0.804739 0.971873 0.451855 0.969358 0.938504 0.988285 0.216243 0.890818 0.959234 0.89656 0.704293 0.968928 0.403042 0.852086 0.928579 0.988327 0.830506 0.98927 0.969157 0.839024 0.97785 0.983138 0.928254 0.97793 0.985292 0.110637 0.98835 0.888583 0.958282 0.958321 0.92445 0.168826 0.967417 0.783958 0.989287 0.653262 0.924016 0.971936 0.851418 0.734283 0.783446 0.837646 0.9973 0.94806 0.358707 0.897703 0.972738 0.0823838 0.077808 0.00784385 0.0756525 0.0895128 0.0106313 0.297784 0.0899233 0.0614182 0.0202154 0.238265 0.685462 0.248558 0.733924 0.0026972 0.970259 0.0167989 0.148468 0.317241 0.440861 0.0183121 0.431007 0.95429 0.969896 0.359087 0.430522 0.028046 0.251438 0.0297396 0.00269989 0.00510699 0.0238367 0.0712352 0.0106987 0.066826 0.0753019 0.0419147 0.0692249 0.0218946 0.0117138 0.63325 0.0071471 0.0123401 0.436347 0.0200818 0.0270123 0.0114837 0.0167165 0.053441 0.171568 0.463161
0.915791 0.930883 0.807724 0.972111 0.452646 0.96952 0.938818 0.98832 0.216012 0.891655 0.959663 0.896735 0.701859 0.968913 0.402226 0.851369 0.928812 0.988338 0.83183 0.989336 0.969429 0.839463 0.978185 0.9833 0.928737 0.978226 0.985293 0.109785 0.988361 0.888615 0.958013 0.958055 0.925137 0.167786 0.967992 0.784178 0.989353 0.65376 0.925104 0.972169 0.851464 0.734675 0.783995 0.837501 0.997314 0.948896 0.358192 0.897327 0.973074 0.081451 0.0775406 0.00778167 0.0748119 0.0885822 0.0106094 0.299383 0.0907289 0.0611088 0.0198455 0.237581 0.685725 0.246506 0.734673 0.00268371 0.970533 0.0166421 0.149176 0.317926 0.439662 0.018058 0.433971 0.954385 0.970403 0.359495 0.433959 0.0278097 0.25088 0.029469 0.00268658 0.00501641 0.0238633 0.071142 0.0106353 0.0666785 0.0744688 0.0421786 0.0682457 0.0216022 0.0116814 0.636234 0.00709372 0.0121464 0.436375 0.0197116 0.0267903 0.011315 0.0165551 0.0529664 0.171598 0.461695
0.916436 0.931228 0.810699 0.972347 0.453445 0.969679 0.939127 0.988354 0.215791 0.892488 0.960087 0.896924 0.699377 0.968894 0.401399 0.850638 0.929047 0.98835 0.833154 0.989403 0.96969 0.839846 0.978516 0.98346 0.929211 0.978517 0.985296 0.108946 0.988372 0.888649 0.957747 0.957785 0.925842 0.166758 0.968564 0.784408 0.989419 0.654241 0.926184 0.972399 0.851512 0.735048 0.784551 0.83735 0.997328 0.949717 0.357615 0.896952 0.9734 0.0805219 0.0772728 0.00771964 0.0739719 0.0876721 0.0105905 0.300979 0.0915353 0.0607851 0.019483 0.236917 0.685965 0.244445 0.735447 0.00266979 0.970796 0.016485 0.149908 0.318637 0.438456 0.0178101 0.436968 0.954483 0.970898 0.359904 0.437427 0.0275787 0.250329 0.0291925 0.00267269 0.00492864 0.0238884 0.0710418 0.0105708 0.0665391 0.07364 0.0424491 0.0672785 0.0213157 0.0116482 0.639234 0.00703988 0.0119576 0.436423 0.019352 0.0265701 0.0111503 0.0163953 0.052482 0.171617 0.460247
0.917081 0.931583 0.813604 0.972574 0.45429 0.969843 0.93945 0.988388 0.215546 0.8933 0.960511 0.89711 0.696841 0.96887 0.400531 0.849881 0.929277 0.988361 0.834459 0.989466 0.969949 0.840268 0.978844 0.983619 0.929675 0.978806 0.9853 0.108099 0.988383 0.888678 0.957482 0.957514 0.926524 0.165725 0.969117 0.784596 0.989482 0.654713 0.927247 0.97263 0.851564 0.735417 0.785072 0.837218 0.997341 0.950527 0.35706 0.89654 0.973732 0.0795993 0.0770019 0.00765893 0.0731413 0.086749 0.0105712 0.3026 0.0923465 0.0604678 0.0191274 0.236228 0.686173 0.242366 0.736201 0.00265656 0.971063 0.0163312 0.150661 0.319322 0.437264 0.0175644 0.43993 0.954573 0.971382 0.360332 0.440918 0.027347 0.249767 0.0289267 0.00265978 0.00484251 0.0239164 0.0709457 0.0105072 0.0663855 0.0728294 0.0427249 0.0663365 0.0210346 0.0116145 0.642186 0.00698706 0.0117739 0.436439 0.0189994 0.0263535 0.010988 0.0162399 0.0520078 0.171655 0.458767
0.917718 0.931941 0.816465 0.972804 0.455082 0.970001 0.939763 0.988423 0.215354 0.894098 0.960928 0.89728 0.694301 0.968851 0.399675 0.84913 0.929498 0.988371 0.835741 0.989529 0.97021 0.840683 0.979165 0.983772 0.93014 0.979088 0.9853 0.107261 0.988393 0.888708 0.957204 0.957232 0.927206 0.164692 0.969665 0.784782 0.989544 0.655169 0.928281 0.972851 0.851644 0.735771 0.785628 0.837032 0.997354 0.951321 0.356494 0.896152 0.974051 0.0786993 0.0767242 0.00759903 0.0723319 0.0858534 0.0105527 0.304234 0.0931677 0.0601458 0.0187786 0.235546 0.686393 0.24031 0.736947 0.00264342 0.97133 0.0161782 0.15142 0.320046 0.436062 0.0173226 0.442947 0.954671 0.971857 0.360744 0.44448 0.0271175 0.249268 0.0286591 0.0026462 0.00475835 0.0239471 0.070847 0.0104454 0.0662392 0.072026 0.0430131 0.0654122 0.0207559 0.0115804 0.645125 0.00693445 0.0115919 0.436468 0.0186538 0.0261416 0.0108299 0.0160867 0.051531 0.171678 0.457279
0.918332 0.932292 0.819301 0.973029 0.45593 0.970159 0.940078 0.988456 0.215156 0.894894 0.961348 0.897472 0.691723 0.968828 0.398803 0.848406 0.929727 0.988381 0.837018 0.98959 0.97046 0.841102 0.979484 0.983921 0.930588 0.979361 0.985301 0.106419 0.988404 0.888703 0.956922 0.956955 0.927876 0.163646 0.970197 0.785006 0.989605 0.655645 0.929293 0.973076 0.851732 0.736069 0.786179 0.836868 0.997367 0.952102 0.355908 0.895748 0.974364 0.077804 0.0764469 0.00753872 0.0715318 0.0849563 0.0105348 0.305916 0.0940003 0.0598345 0.018438 0.234862 0.686591 0.238264 0.737678 0.00263007 0.971595 0.0160276 0.152179 0.320793 0.434877 0.0170833 0.445952 0.954769 0.97232 0.361179 0.448011 0.0268969 0.248764 0.0283905 0.00263373 0.00467512 0.0239736 0.0707425 0.0103849 0.066085 0.0712226 0.0433065 0.0645046 0.0204803 0.0115455 0.648098 0.00688325 0.0114154 0.436521 0.0183176 0.0259349 0.0106727 0.0159361 0.051057 0.171691 0.455798
0.918946 0.93265 0.822135 0.973253 0.456732 0.970321 0.940386 0.98849 0.214952 0.895688 0.961757 0.897646 0.689131 0.968803 0.397901 0.847633 0.929969 0.988393 0.838287 0.98965 0.970712 0.841529 0.979793 0.984072 0.931034 0.979632 0.985301 0.105595 0.988415 0.888735 0.956638 0.956667 0.928534 0.162662 0.970721 0.785223 0.989667 0.65612 0.930291 0.973299 0.851808 0.736438 0.786725 0.83671 0.99738 0.952864 0.355301 0.89534 0.974673 0.0769235 0.0761763 0.00747998 0.0707509 0.084074 0.010517 0.30762 0.0948529 0.0595265 0.0181019 0.234164 0.686729 0.23626 0.738362 0.00261703 0.971856 0.0158771 0.152951 0.321507 0.433647 0.0168521 0.449016 0.954865 0.972784 0.361608 0.451519 0.0266754 0.248222 0.0281292 0.00262086 0.00459366 0.0239995 0.0706415 0.0103216 0.0659326 0.0704259 0.0436033 0.0635938 0.020209 0.0115116 0.651061 0.00683227 0.0112404 0.436598 0.0179877 0.0257304 0.0105178 0.0157858 0.0505846 0.171698 0.454304
0.91956 0.932996 0.82489 0.973475 0.457619 0.970474 0.940705 0.988525 0.214731 0.89649 0.962157 0.897836 0.686514 0.968776 0.397 0.846841 0.930208 0.988403 0.839544 0.989711 0.970964 0.841944 0.980101 0.98422 0.931485 0.979906 0.985301 0.104773 0.988426 0.888749 0.956341 0.956375 0.929197 0.161643 0.971232 0.785443 0.989726 0.656615 0.931276 0.973516 0.85188 0.736745 0.787257 0.83655 0.997393 0.953611 0.354703 0.894938 0.974979 0.0760616 0.0759153 0.00742229 0.0699725 0.0831829 0.0105004 0.309337 0.0957009 0.0592103 0.0177739 0.233464 0.686919 0.234223 0.739081 0.00260425 0.972116 0.0157329 0.153745 0.322237 0.432514 0.0166256 0.452081 0.954964 0.973238 0.36205 0.455065 0.026458 0.247681 0.0278719 0.00260815 0.00451406 0.0240313 0.0705437 0.0102578 0.0657748 0.0696459 0.0438942 0.062721 0.0199414 0.0114797 0.654021 0.00678259 0.0110671 0.436637 0.017664 0.0255284 0.010366 0.0156389 0.0501187 0.171678 0.452784
0.920185 0.933344 0.827621 0.97369 0.458492 0.970629 0.941015 0.988558 0.214503 0.897271 0.96256 0.898023 0.683864 0.96875 0.396119 0.846078 0.930445 0.988413 0.840773 0.989771 0.971208 0.842392 0.9804 0.984365 0.931923 0.98017 0.985302 0.103941 0.988438 0.888784 0.956044 0.956082 0.929851 0.160635 0.971735 0.78565 0.989785 0.657083 0.932245 0.973734 0.851958 0.737041 0.787785 0.836399 0.997406 0.954349 0.354023 0.89454 0.975274 0.0752059 0.075653 0.00736539 0.0692042 0.0822973 0.0104854 0.311065 0.0965695 0.058897 0.0174548 0.232793 0.687109 0.232167 0.739739 0.00259156 0.972368 0.0155818 0.154541 0.323 0.431333 0.0163981 0.455087 0.955057 0.973682 0.362499 0.458576 0.02624 0.247146 0.0276217 0.00259552 0.00443702 0.02406 0.0704431 0.0101974 0.0656079 0.0688808 0.0441945 0.0618465 0.0196803 0.0114467 0.656939 0.00673178 0.0108983 0.436719 0.0173479 0.0253284 0.0102177 0.015495 0.049659 0.171692 0.451258
0.920789 0.933682 0.830318 0.9739 0.45943 0.970782 0.941326 0.988589 0.214311 0.898039 0.962956 0.898194 0.681245 0.968721 0.395227 0.845259 0.930665 0.988424 0.84202 0.989829 0.971448 0.842841 0.980698 0.984505 0.932355 0.980428 0.985308 0.103128 0.988447 0.888804 0.955738 0.955778 0.930503 0.159636 0.972226 0.785897 0.989843 0.657564 0.933187 0.973945 0.852057 0.73735 0.788327 0.836233 0.997418 0.955063 0.353326 0.894136 0.975569 0.0743634 0.0753801 0.00731021 0.0684334 0.0814344 0.0104685 0.312774 0.0974497 0.0585844 0.0171403 0.232086 0.687284 0.230148 0.740442 0.00257955 0.972615 0.0154387 0.155352 0.323842 0.430161 0.0161758 0.458128 0.955161 0.974119 0.363033 0.462096 0.026022 0.246603 0.0273703 0.00258312 0.00436124 0.0240909 0.0703464 0.0101393 0.0654419 0.0681198 0.0445004 0.0609948 0.0194195 0.0114148 0.659835 0.00668247 0.0107327 0.436803 0.0170386 0.0251327 0.0100712 0.0153518 0.0491997 0.171702 0.449757
0.921391 0.934012 0.833 0.974114 0.46033 0.970936 0.941627 0.988621 0.214092 0.898794 0.963344 0.898373 0.678527 0.96869 0.394327 0.844437 0.930899 0.988432 0.84329 0.989886 0.971691 0.843256 0.980988 0.984648 0.932775 0.980682 0.985312 0.102285 0.988456 0.888818 0.95543 0.955469 0.931146 0.158635 0.972708 0.786128 0.9899 0.658067 0.934121 0.974159 0.852155 0.737634 0.788877 0.836049 0.997431 0.95577 0.352649 0.893733 0.97586 0.0735232 0.075116 0.00725464 0.0676899 0.0805822 0.0104531 0.3145 0.0983363 0.0582783 0.0168338 0.231384 0.687382 0.228149 0.741102 0.00256694 0.97286 0.0152961 0.156172 0.324612 0.428978 0.0159572 0.461166 0.955261 0.974546 0.363481 0.46565 0.0258169 0.246072 0.0271239 0.00257062 0.0042873 0.0241216 0.0702349 0.0100807 0.0652764 0.0673779 0.0448007 0.0601546 0.0191653 0.0113831 0.662714 0.00663454 0.0105699 0.436926 0.016736 0.0249388 0.00992799 0.0152133 0.0487488 0.171679 0.4483
0.921988 0.934358 0.835644 0.974322 0.46122 0.971085 0.941935 0.988653 0.213855 0.89955 0.963734 0.898558 0.675835 0.968652 0.39341 0.843647 0.931132 0.988442 0.844522 0.989943 0.971925 0.84372 0.981273 0.984787 0.933191 0.980933 0.985314 0.101481 0.988465 0.888843 0.955121 0.955151 0.931789 0.157656 0.973183 0.786372 0.989958 0.658564 0.935039 0.974369 0.852259 0.737888 0.789434 0.835872 0.997442 0.95647 0.351973 0.893321 0.976142 0.0727038 0.0748388 0.00719938 0.066938 0.0797152 0.0104389 0.31628 0.0992186 0.0579816 0.0165334 0.230671 0.687504 0.22617 0.741759 0.00255487 0.973105 0.0151535 0.157011 0.325443 0.427823 0.0157439 0.46424 0.955367 0.974962 0.363981 0.469221 0.0256087 0.245544 0.0268743 0.00255873 0.0042148 0.0241518 0.0701297 0.0100233 0.0651011 0.0666204 0.0451169 0.059323 0.0189139 0.0113493 0.665568 0.00658659 0.0104105 0.437031 0.0164377 0.0247498 0.00978569 0.015075 0.0482987 0.171674 0.446794
0.922594 0.934693 0.838202 0.974525 0.462178 0.971237 0.942237 0.988683 0.213614 0.900289 0.964122 0.898757 0.673152 0.968614 0.392522 0.842811 0.931372 0.988453 0.845756 0.99 0.972156 0.844182 0.981553 0.984926 0.933602 0.981182 0.985318 0.100679 0.988474 0.888859 0.954814 0.954837 0.932409 0.156679 0.97365 0.786607 0.990016 0.659085 0.935939 0.974573 0.852379 0.738149 0.789989 0.835682 0.997454 0.957152 0.351238 0.892908 0.976424 0.0718936 0.0745724 0.00714678 0.0661988 0.07888 0.010424 0.318045 0.100102 0.0576754 0.0162376 0.229962 0.68764 0.2242 0.74235 0.00254281 0.973341 0.015016 0.157847 0.326299 0.426637 0.0155348 0.467323 0.955468 0.975375 0.364479 0.472769 0.0254048 0.24502 0.0266364 0.00254652 0.00414342 0.0241851 0.0700152 0.0099659 0.0649327 0.0658924 0.0454301 0.0585151 0.0186693 0.0113178 0.668405 0.00653865 0.0102542 0.437129 0.016147 0.0245584 0.00964566 0.0149386 0.0478496 0.171675 0.445252
0.92319 0.935031 0.840748 0.974727 0.463122 0.971392 0.942534 0.988714 0.21338 0.901024 0.964497 0.898944 0.670396 0.968575 0.391601 0.841953 0.931597 0.988463 0.846969 0.990056 0.972389 0.844641 0.981829 0.985064 0.934008 0.981429 0.985322 0.0998809 0.988484 0.888871 0.954503 0.954515 0.933032 0.155706 0.974109 0.786823 0.990071 0.659559 0.936821 0.974777 0.852504 0.738426 0.790549 0.835468 0.997466 0.957821 0.350497 0.892515 0.9767 0.0710954 0.0743082 0.00709386 0.0654594 0.0780422 0.0104113 0.319792 0.101009 0.0573699 0.0159512 0.229267 0.687723 0.222186 0.742988 0.00253101 0.973582 0.0148798 0.158692 0.32714 0.425469 0.0153286 0.47042 0.955574 0.975782 0.364947 0.476394 0.0252028 0.244478 0.0263927 0.00253459 0.0040735 0.0242175 0.0699068 0.00991016 0.0647561 0.0651581 0.0457523 0.0577192 0.018424 0.0112828 0.671231 0.00649236 0.0101005 0.437246 0.0158618 0.0243712 0.00950923 0.0148037 0.0474106 0.171629 0.443661
0.923772 0.935357 0.843245 0.97493 0.464064 0.971543 0.942836 0.988745 0.213162 0.901758 0.964871 0.899126 0.66761 0.968536 0.390702 0.841093 0.931823 0.988473 0.848195 0.990111 0.972613 0.845092 0.982102 0.985198 0.934401 0.98167 0.985325 0.0990762 0.988493 0.888893 0.954179 0.954198 0.933645 0.154711 0.974558 0.787077 0.990124 0.660071 0.937692 0.97498 0.852639 0.738702 0.791092 0.835275 0.997477 0.958483 0.34979 0.892112 0.976971 0.0703194 0.0740642 0.00704152 0.0647266 0.0772001 0.0103967 0.321589 0.10193 0.0570657 0.0156693 0.228568 0.687833 0.220218 0.743598 0.00251966 0.973821 0.0147476 0.159563 0.327997 0.424283 0.015124 0.473549 0.955678 0.976179 0.365433 0.479993 0.0249996 0.24399 0.0261572 0.00252287 0.00400457 0.024247 0.0697907 0.00985594 0.0645855 0.0644447 0.0460819 0.0569424 0.0181838 0.0112504 0.674063 0.00644705 0.00995006 0.437343 0.0155819 0.024187 0.00937519 0.0146707 0.0469748 0.171593 0.442113
0.924349 0.935687 0.84572 0.975134 0.465055 0.971694 0.943136 0.988777 0.212926 0.902468 0.965239 0.899313 0.66482 0.968487 0.389786 0.840234 0.932063 0.988483 0.849399 0.990165 0.972836 0.845538 0.982367 0.985332 0.934795 0.981908 0.985326 0.0982809 0.988502 0.888908 0.953855 0.953872 0.934243 0.153758 0.974993 0.787309 0.990179 0.660582 0.938545 0.975176 0.852773 0.738919 0.791653 0.835087 0.997489 0.959123 0.348981 0.891691 0.977236 0.0695387 0.0738016 0.00699047 0.0639999 0.076374 0.0103837 0.32343 0.10286 0.0567679 0.0153942 0.227853 0.687937 0.218291 0.744209 0.00250833 0.97406 0.0146177 0.16045 0.328871 0.423097 0.0149237 0.476675 0.955779 0.976569 0.365947 0.483592 0.0247989 0.243477 0.0259189 0.00251161 0.0039372 0.0242781 0.0696814 0.00980178 0.0644107 0.0637224 0.0464161 0.0561734 0.0179485 0.0112177 0.676857 0.00640043 0.00980103 0.437472 0.0153098 0.0240129 0.00924196 0.0145392 0.0465351 0.171559 0.440535
0.924926 0.936011 0.848174 0.97533 0.466055 0.97184 0.94343 0.988808 0.212678 0.903177 0.965601 0.899502 0.662037 0.968444 0.388881 0.839342 0.932289 0.988492 0.85058 0.990217 0.973061 0.846007 0.982627 0.985464 0.935196 0.982141 0.985326 0.0975078 0.988513 0.888942 0.953521 0.953545 0.934853 0.152792 0.975424 0.787541 0.990232 0.66111 0.93938 0.975373 0.852925 0.73914 0.792214 0.834876 0.9975 0.959758 0.348181 0.891277 0.977498 0.0687572 0.0735417 0.00693955 0.0632939 0.0755598 0.0103708 0.325263 0.103817 0.0564696 0.0151284 0.227116 0.688035 0.216329 0.744831 0.00249701 0.974288 0.0144858 0.161344 0.32977 0.421948 0.014727 0.479785 0.955886 0.97696 0.36646 0.487203 0.0246051 0.242957 0.0256898 0.00250051 0.00387142 0.0243119 0.069565 0.00974919 0.0642337 0.0630311 0.0467617 0.0554158 0.0177152 0.0111863 0.679656 0.00635512 0.00965423 0.437618 0.0150422 0.023834 0.00911166 0.0144127 0.0461057 0.171511 0.438952
0.925516 0.936345 0.850585 0.975521 0.46704 0.971987 0.943724 0.988839 0.212424 0.903886 0.965969 0.899685 0.659146 0.968398 0.38795 0.838451 0.932522 0.988503 0.851783 0.990269 0.973271 0.846474 0.982884 0.985596 0.93559 0.982371 0.985326 0.0967266 0.988525 0.88897 0.953178 0.953202 0.935455 0.151822 0.975845 0.787803 0.990284 0.661616 0.94021 0.975565 0.853051 0.739372 0.792791 0.834684 0.997512 0.960375 0.347389 0.890855 0.977758 0.067999 0.0732862 0.00689024 0.0626043 0.0747468 0.0103588 0.327127 0.104767 0.0561766 0.014867 0.226401 0.688126 0.214366 0.745416 0.00248664 0.974513 0.0143575 0.162252 0.330667 0.420804 0.0145365 0.482919 0.955999 0.97734 0.367035 0.490885 0.0244108 0.242446 0.0254636 0.00248925 0.00380677 0.0243441 0.0694595 0.00969643 0.064057 0.0623446 0.0471068 0.0546646 0.0174889 0.0111552 0.682423 0.00631065 0.00951146 0.437751 0.0147825 0.0236598 0.00898334 0.014284 0.045672 0.171459 0.437349
0.926068 0.936677 0.852959 0.975717 0.468063 0.97214 0.944012 0.988869 0.212215 0.904603 0.966322 0.899867 0.656284 0.96835 0.387045 0.837537 0.932758 0.988513 0.852961 0.990322 0.973481 0.846955 0.983139 0.985724 0.935972 0.982599 0.985328 0.0959422 0.988535 0.888993 0.952827 0.952857 0.936047 0.150857 0.976261 0.788038 0.990337 0.662161 0.94102 0.975757 0.853218 0.739594 0.793333 0.83446 0.997523 0.960989 0.346507 0.890442 0.97801 0.067242 0.0730338 0.0068408 0.0619167 0.0739419 0.0103471 0.329012 0.105731 0.0558854 0.0146103 0.225674 0.688213 0.212421 0.745978 0.00247569 0.974737 0.0142313 0.163171 0.331585 0.419618 0.0143458 0.486069 0.956114 0.977713 0.367576 0.494543 0.0242177 0.241946 0.0252398 0.00247824 0.0037439 0.0243726 0.0693553 0.00964417 0.0638697 0.0616674 0.0474525 0.0539288 0.0172617 0.0111221 0.685199 0.00626678 0.00937004 0.437834 0.0145275 0.023493 0.00885755 0.0141601 0.0452446 0.171424 0.435738
0.926626 0.936993 0.855282 0.975906 0.46909 0.972287 0.944305 0.988902 0.211991 0.905305 0.966677 0.900059 0.653422 0.968293 0.386114 0.83661 0.932984 0.988522 0.854127 0.990372 0.973695 0.847421 0.983389 0.985848 0.936351 0.982821 0.98533 0.0951591 0.988544 0.889021 0.952478 0.9525 0.936643 0.14992 0.976666 0.788256 0.990388 0.662711 0.941802 0.975946 0.853395 0.739794 0.793899 0.834242 0.997534 0.961581 0.345618 0.890027 0.978255 0.0664976 0.0727821 0.00679229 0.0612434 0.0731441 0.0103371 0.33093 0.106705 0.0555972 0.0143563 0.224967 0.688274 0.210476 0.74652 0.00246509 0.974966 0.0141033 0.164117 0.332525 0.418473 0.0141573 0.489239 0.956231 0.978079 0.36807 0.49816 0.024031 0.241429 0.0250168 0.00246794 0.00368205 0.0244024 0.0692516 0.00959322 0.0636738 0.0609951 0.0478039 0.0532065 0.0170394 0.0110898 0.687922 0.0062232 0.00923379 0.437968 0.0142758 0.023324 0.00873319 0.0140339 0.0448362 0.171385 0.434132
0.927181 0.937312 0.857599 0.976099 0.470157 0.972438 0.944601 0.988935 0.211742 0.906006 0.967027 0.900245 0.650513 0.968235 0.385185 0.835678 0.933214 0.988533 0.855316 0.990423 0.973902 0.84792 0.983633 0.985974 0.936727 0.983042 0.985332 0.0944041 0.988553 0.88906 0.952119 0.952147 0.937219 0.148967 0.977062 0.788545 0.990439 0.663242 0.942579 0.976132 0.853539 0.739955 0.79446 0.834035 0.997545 0.962172 0.344767 0.889601 0.978504 0.0657722 0.0725169 0.0067454 0.0605784 0.0723604 0.0103238 0.332841 0.107682 0.0553064 0.0141108 0.224241 0.688343 0.208555 0.747065 0.00245456 0.975188 0.0139808 0.165065 0.333419 0.417357 0.013972 0.492416 0.95635 0.978434 0.36866 0.501797 0.0238406 0.240889 0.024796 0.00245719 0.00362154 0.0244384 0.0691382 0.00954279 0.063483 0.0603301 0.0481683 0.0524953 0.0168218 0.0110601 0.690635 0.00618053 0.00909845 0.438141 0.0140299 0.0231579 0.00861114 0.0139125 0.0444245 0.171332 0.432513
0.927737 0.937623 0.859866 0.976282 0.471218 0.972586 0.94489 0.988965 0.211483 0.906694 0.967373 0.900445 0.647601 0.968179 0.384236 0.834728 0.933446 0.988543 0.856482 0.990473 0.974106 0.848407 0.983874 0.986095 0.937095 0.983257 0.985335 0.0936426 0.988562 0.889076 0.951756 0.951785 0.937789 0.148009 0.977449 0.788779 0.990488 0.663752 0.943342 0.976315 0.853692 0.740176 0.795018 0.833818 0.997555 0.962744 0.343885 0.889188 0.978745 0.0650375 0.0722448 0.00669971 0.0599102 0.0715734 0.0103138 0.334804 0.108669 0.0550117 0.0138692 0.22351 0.688372 0.206631 0.747596 0.00244394 0.975409 0.013858 0.166031 0.334333 0.416195 0.0137942 0.495578 0.956467 0.978789 0.369184 0.505457 0.0236546 0.240391 0.0245821 0.00244643 0.00356304 0.0244689 0.0690153 0.00949232 0.0632975 0.0596635 0.0485432 0.0517932 0.0166041 0.0110293 0.69335 0.00613768 0.00896653 0.438268 0.0137881 0.0229979 0.00849074 0.013793 0.0440072 0.171247 0.430909
0.928292 0.937947 0.862111 0.976468 0.472274 0.972733 0.94518 0.988994 0.211218 0.907391 0.967714 0.90064 0.644637 0.968121 0.383288 0.833763 0.933678 0.988553 0.857619 0.990522 0.974308 0.848933 0.984113 0.986214 0.937469 0.983473 0.985339 0.0928789 0.988571 0.889096 0.951391 0.951417 0.938356 0.147066 0.977829 0.789006 0.990536 0.664301 0.94409 0.976494 0.853877 0.740352 0.795584 0.8336 0.997566 0.963307 0.342999 0.888772 0.978982 0.0643227 0.0719946 0.00665364 0.0592567 0.0708107 0.0103044 0.336748 0.109671 0.054728 0.0136334 0.222804 0.6884 0.20472 0.74811 0.0024336 0.975623 0.0137377 0.167007 0.335288 0.415068 0.013617 0.498734 0.95658 0.979136 0.369767 0.509098 0.0234736 0.239872 0.0243679 0.00243577 0.00350508 0.0245013 0.0688978 0.0094438 0.0631056 0.0590007 0.0489141 0.0510981 0.0163927 0.0109996 0.696013 0.00609683 0.00883554 0.438464 0.0135527 0.0228362 0.0083723 0.0136742 0.0435898 0.171185 0.429312
0.928845 0.938253 0.864303 0.976651 0.473322 0.972881 0.945468 0.989026 0.210999 0.908072 0.968044 0.900833 0.641666 0.968061 0.382323 0.832756 0.933925 0.988563 0.858754 0.990571 0.974508 0.849418 0.984346 0.986332 0.937827 0.983685 0.985341 0.0921114 0.988582 0.88912 0.951012 0.951043 0.938916 0.146131 0.978205 0.789277 0.990585 0.664849 0.944825 0.976674 0.854072 0.740488 0.79615 0.833379 0.997576 0.963858 0.342089 0.888354 0.979213 0.0636282 0.0717526 0.00660925 0.0586079 0.0700505 0.0102949 0.338687 0.110692 0.0544458 0.0134022 0.222081 0.688429 0.202814 0.748648 0.00242347 0.97584 0.0136209 0.168001 0.336293 0.413925 0.0134425 0.501871 0.956699 0.979471 0.370322 0.512758 0.0232904 0.23937 0.0241513 0.0024253 0.00344868 0.0245352 0.0687807 0.0093959 0.0629181 0.0583545 0.0492899 0.0504298 0.0161844 0.010971 0.698661 0.00605438 0.00870765 0.438614 0.013324 0.022681 0.00825549 0.0135576 0.0431855 0.171112 0.427679
0.929386 0.938565 0.86647 0.976829 0.474422 0.973021 0.945766 0.989057 0.210745 0.908741 0.968374 0.901015 0.638676 0.967998 0.381371 0.831768 0.934157 0.988573 0.859892 0.99062 0.974704 0.849915 0.984572 0.986449 0.938188 0.983893 0.985345 0.0913495 0.988591 0.88914 0.950628 0.950661 0.939479 0.145189 0.97857 0.789506 0.990632 0.665404 0.945551 0.976857 0.854273 0.740634 0.796692 0.833144 0.997586 0.964403 0.341105 0.887956 0.979438 0.062931 0.0714976 0.00656376 0.0579621 0.069278 0.0102856 0.34064 0.111715 0.0541547 0.0131753 0.221332 0.688469 0.200904 0.749166 0.00241333 0.976049 0.0135047 0.16901 0.337278 0.41279 0.0132697 0.505101 0.956815 0.979802 0.370896 0.516399 0.023114 0.238837 0.0239396 0.0024152 0.00339268 0.0245667 0.0686665 0.00934609 0.0627257 0.0577085 0.0496673 0.0497612 0.0159776 0.0109413 0.701292 0.00601301 0.00858138 0.438792 0.0130995 0.0225209 0.00814178 0.0134426 0.0427828 0.171014 0.42609
0.929928 0.938872 0.868593 0.977004 0.475545 0.973167 0.946048 0.989087 0.210528 0.90942 0.968701 0.901183 0.63559 0.967933 0.380458 0.830761 0.934388 0.988584 0.86103 0.990668 0.974899 0.850417 0.984796 0.986562 0.938533 0.984097 0.985347 0.0905938 0.988601 0.889161 0.95025 0.95028 0.940035 0.144273 0.978928 0.78978 0.990681 0.66591 0.94627 0.977029 0.854477 0.740759 0.797224 0.832911 0.997596 0.964931 0.340151 0.88757 0.979667 0.0622587 0.0712367 0.00652083 0.0573306 0.0685326 0.0102775 0.342607 0.112759 0.0538638 0.0129515 0.220618 0.688501 0.19901 0.749638 0.00240377 0.97626 0.0133912 0.170031 0.338281 0.411721 0.013102 0.508332 0.956935 0.980128 0.371491 0.520107 0.0229381 0.238314 0.0237326 0.00240484 0.00333862 0.0245963 0.0685463 0.00929817 0.0625165 0.0570861 0.050048 0.0491019 0.0157745 0.0109088 0.703979 0.00597135 0.00845646 0.438968 0.0128792 0.0223715 0.00802953 0.0133274 0.0423787 0.170928 0.424445
0.930454 0.939176 0.870704 0.977177 0.476662 0.973311 0.946334 0.989119 0.210271 0.910074 0.969026 0.901381 0.63253 0.967864 0.379487 0.82975 0.934628 0.988596 0.862146 0.990716 0.975085 0.85089 0.985016 0.986673 0.938883 0.984297 0.985349 0.0898463 0.98861 0.889189 0.949861 0.949898 0.940582 0.143364 0.979278 0.790055 0.990729 0.666457 0.946971 0.977203 0.854675 0.740853 0.797769 0.832684 0.997606 0.965455 0.339151 0.887163 0.979888 0.0615829 0.070991 0.0064777 0.0567005 0.0677854 0.0102707 0.344637 0.113785 0.0535712 0.0127327 0.219893 0.688462 0.197117 0.750123 0.00239422 0.976467 0.0132782 0.171078 0.339318 0.410612 0.0129353 0.511546 0.957052 0.980449 0.372082 0.523746 0.022764 0.237807 0.0235287 0.00239503 0.0032853 0.0246315 0.06843 0.00925218 0.0623248 0.0564695 0.050438 0.0484611 0.0155782 0.0108779 0.706635 0.00593129 0.00833557 0.439156 0.0126619 0.0222211 0.00791837 0.0132154 0.0419789 0.170837 0.422778
0.930984 0.939483 0.872787 0.977355 0.477819 0.973453 0.946621 0.989149 0.21001 0.910714 0.969347 0.901558 0.629453 0.967791 0.378526 0.828704 0.934849 0.988607 0.863255 0.990761 0.97527 0.851419 0.985232 0.986784 0.939232 0.984497 0.985355 0.0891233 0.988621 0.889223 0.949469 0.949503 0.941116 0.142446 0.979621 0.790329 0.990776 0.667027 0.947663 0.977374 0.854911 0.740949 0.798305 0.832435 0.997616 0.965968 0.338165 0.886752 0.980107 0.0609064 0.0707372 0.00643507 0.0560817 0.0670641 0.0102632 0.346652 0.114834 0.0532857 0.0125212 0.219144 0.688472 0.195291 0.750612 0.00238404 0.97667 0.0131689 0.172101 0.340358 0.40949 0.0127725 0.514779 0.957178 0.980771 0.372645 0.527435 0.0225933 0.237295 0.023325 0.00238529 0.00323266 0.0246634 0.068309 0.00920606 0.0621337 0.0558545 0.0508432 0.0478321 0.015381 0.0108469 0.709195 0.00589094 0.00821788 0.439343 0.0124519 0.0220733 0.0078096 0.0131053 0.0415859 0.170746 0.421123
0.931493 0.939799 0.874828 0.977524 0.478965 0.973591 0.946905 0.98918 0.209734 0.911358 0.969666 0.901763 0.62635 0.967717 0.377511 0.827652 0.935084 0.988617 0.864351 0.990808 0.975453 0.851922 0.985446 0.986894 0.939575 0.984694 0.985362 0.0883828 0.988632 0.889255 0.949063 0.949096 0.941656 0.141515 0.979955 0.790592 0.990822 0.667588 0.948351 0.977547 0.855161 0.741014 0.798891 0.832185 0.997626 0.96647 0.337134 0.886319 0.980322 0.0602464 0.0704969 0.00639299 0.0554645 0.0663315 0.0102546 0.348735 0.115893 0.0529995 0.0123122 0.218368 0.688457 0.193439 0.75107 0.0023748 0.97687 0.0130606 0.173149 0.341428 0.408355 0.0126141 0.51801 0.957307 0.981084 0.373246 0.531164 0.0224246 0.236752 0.0231208 0.00237628 0.00318119 0.0246953 0.068194 0.00916104 0.0619339 0.0552458 0.051242 0.0472091 0.015186 0.0108149 0.711754 0.00585223 0.00810166 0.439569 0.0122423 0.0219242 0.00770367 0.0129971 0.0411926 0.170649 0.419467
0.932015 0.940099 0.87683 0.977691 0.480099 0.973733 0.947196 0.98921 0.209478 0.911994 0.96998 0.901976 0.623244 0.967637 0.376526 0.826592 0.93532 0.988627 0.865456 0.990852 0.975636 0.852438 0.985657 0.987005 0.939906 0.984886 0.985367 0.0876523 0.988643 0.889264 0.948663 0.94869 0.942186 0.140586 0.980284 0.790846 0.990867 0.66815 0.94902 0.977718 0.855381 0.741107 0.799481 0.831908 0.997636 0.966967 0.336114 0.885901 0.980533 0.0595937 0.0702532 0.00635134 0.054867 0.0656097 0.0102489 0.350779 0.116974 0.0527201 0.0121066 0.21762 0.688448 0.191574 0.751526 0.0023653 0.977067 0.0129522 0.174238 0.342455 0.407255 0.0124555 0.5212 0.957437 0.981391 0.373862 0.534847 0.0222526 0.236228 0.02292 0.00236685 0.00313142 0.0247282 0.0680652 0.00911534 0.0617401 0.0546471 0.051658 0.0465928 0.0149938 0.0107849 0.714332 0.00581447 0.00798718 0.439744 0.0120385 0.0217815 0.00759898 0.0128892 0.0408109 0.170532 0.417829
0.932531 0.940392 0.878822 0.977856 0.481272 0.973871 0.947483 0.989242 0.20918 0.912617 0.970292 0.902165 0.620123 0.967563 0.375494 0.825527 0.935549 0.988637 0.866559 0.990897 0.975817 0.852961 0.985865 0.987112 0.940247 0.985077 0.98537 0.086922 0.988653 0.889298 0.948248 0.948272 0.942697 0.139686 0.980608 0.79113 0.99091 0.668675 0.949672 0.97788 0.855614 0.741199 0.800074 0.831638 0.997645 0.967456 0.335061 0.885503 0.980741 0.0589409 0.0699983 0.00631016 0.0542735 0.0648864 0.0102425 0.352834 0.118041 0.052438 0.0119045 0.216866 0.688444 0.189739 0.751946 0.00235638 0.977262 0.0128472 0.175332 0.34356 0.406103 0.0123005 0.524406 0.957566 0.981692 0.374485 0.538535 0.0220877 0.235699 0.0227224 0.00235758 0.00308213 0.0247578 0.0679442 0.00907121 0.0615361 0.0540636 0.0520771 0.0459841 0.0148051 0.0107544 0.71686 0.00577654 0.00787568 0.439909 0.0118403 0.0216391 0.00749438 0.0127852 0.0404244 0.170423 0.416173
0.933031 0.940679 0.880783 0.978019 0.482514 0.974014 0.94776 0.989273 0.208921 0.913242 0.970599 0.902364 0.616962 0.967486 0.37449 0.824423 0.935773 0.988646 0.867648 0.990942 0.975996 0.853481 0.98607 0.987217 0.940576 0.985263 0.985374 0.086191 0.988665 0.889342 0.947823 0.947853 0.943208 0.13877 0.980928 0.791423 0.990954 0.66927 0.950309 0.978046 0.855832 0.741237 0.800644 0.831398 0.997654 0.967937 0.333988 0.885097 0.980944 0.0583116 0.0697616 0.00627091 0.0536826 0.0641673 0.0102369 0.354914 0.119128 0.0521574 0.0117105 0.216133 0.688396 0.187906 0.752338 0.00234689 0.977459 0.0127423 0.176422 0.344635 0.404946 0.0121481 0.527625 0.9577 0.981988 0.375179 0.542193 0.0219274 0.235175 0.022527 0.00234843 0.00303398 0.0247872 0.0678123 0.00902576 0.0613242 0.0534765 0.0525063 0.0453989 0.0146221 0.0107246 0.719409 0.00573885 0.00776433 0.440102 0.0116446 0.0215037 0.0073924 0.0126812 0.0400422 0.170301 0.414552
0.933539 0.940967 0.882714 0.978178 0.48372 0.974155 0.948055 0.989301 0.208664 0.913865 0.970901 0.902547 0.613784 0.967402 0.373444 0.82331 0.936008 0.988656 0.868734 0.990985 0.976174 0.854031 0.98627 0.987321 0.940901 0.985449 0.985378 0.0854517 0.988675 0.889374 0.947403 0.947429 0.943725 0.137873 0.98124 0.791707 0.990998 0.669847 0.950938 0.978212 0.856088 0.741309 0.801245 0.831139 0.997663 0.968403 0.332878 0.884693 0.981149 0.0576863 0.0695184 0.00623054 0.053106 0.0634671 0.0102328 0.357028 0.120239 0.0518767 0.0115168 0.215374 0.688344 0.186085 0.752748 0.00233809 0.977648 0.0126394 0.177539 0.345753 0.403803 0.0119991 0.530866 0.957827 0.982276 0.375837 0.545903 0.021768 0.234667 0.0223343 0.00233921 0.00298677 0.0248218 0.0676768 0.00898391 0.0611101 0.0528995 0.0529383 0.0448106 0.0144411 0.0106946 0.721886 0.00570057 0.0076572 0.440329 0.0114556 0.0213678 0.00729112 0.0125798 0.039668 0.17018 0.41286
0.934043 0.941252 0.884604 0.978335 0.484922 0.974296 0.948335 0.989332 0.208363 0.914491 0.9712 0.902734 0.610542 0.967313 0.372407 0.822174 0.936242 0.988666 0.869823 0.991029 0.976345 0.854572 0.986467 0.987423 0.941232 0.985631 0.985383 0.0847307 0.988685 0.889398 0.946964 0.946999 0.944222 0.136982 0.981547 0.791995 0.991039 0.670434 0.951557 0.978372 0.856337 0.741352 0.801817 0.830863 0.997672 0.968863 0.331789 0.884261 0.981349 0.0570681 0.0692708 0.00619094 0.0525348 0.0627716 0.0102271 0.359157 0.121369 0.0515893 0.0113291 0.214595 0.688281 0.184277 0.753098 0.00232896 0.977839 0.0125377 0.178652 0.34686 0.402642 0.0118503 0.534084 0.957963 0.982562 0.376497 0.549552 0.021607 0.234195 0.0221407 0.00233028 0.00294047 0.0248548 0.0675402 0.00894057 0.0608815 0.0523317 0.0533698 0.0442391 0.0142635 0.0106655 0.724388 0.00566289 0.00755032 0.440587 0.0112707 0.0212306 0.00719244 0.0124769 0.0392986 0.170033 0.41114
0.934538 0.941538 0.886475 0.978493 0.486191 0.974437 0.948607 0.989361 0.208111 0.915102 0.971492 0.902929 0.607304 0.967219 0.371378 0.821052 0.936477 0.988676 0.870896 0.991071 0.976512 0.85513 0.986661 0.987524 0.941549 0.985809 0.985387 0.0840126 0.988695 0.889422 0.946524 0.946558 0.94474 0.136098 0.981845 0.792244 0.991081 0.671 0.95217 0.978532 0.856594 0.741399 0.802388 0.830589 0.997681 0.969312 0.330617 0.883853 0.981543 0.0564551 0.0690242 0.00615282 0.0519667 0.0620811 0.0102223 0.361327 0.122484 0.0513102 0.011144 0.213835 0.688247 0.182481 0.753491 0.00232006 0.97803 0.0124346 0.179795 0.347981 0.401528 0.0117063 0.537271 0.958098 0.982839 0.377163 0.55325 0.021446 0.233656 0.0219566 0.0023218 0.0028952 0.0248854 0.0674029 0.00889957 0.0606706 0.0517704 0.0538055 0.0436749 0.0140872 0.010635 0.726885 0.00562468 0.00744693 0.44081 0.0110885 0.0210959 0.00709432 0.0123772 0.0389318 0.169892 0.409429
0.935033 0.941821 0.88829 0.97865 0.487508 0.974572 0.948891 0.989389 0.207806 0.915718 0.971786 0.903128 0.604005 0.967121 0.370346 0.81991 0.936712 0.988689 0.871971 0.991114 0.976677 0.855672 0.986852 0.987627 0.941865 0.985984 0.985394 0.0833007 0.988706 0.889465 0.946074 0.946114 0.945238 0.135197 0.982138 0.792524 0.991124 0.671562 0.95277 0.97869 0.856871 0.74143 0.802952 0.830312 0.99769 0.969752 0.329452 0.883452 0.981736 0.0558609 0.0687747 0.00611521 0.0514123 0.0614013 0.0102188 0.363478 0.123624 0.0510298 0.0109643 0.213059 0.688178 0.180681 0.753881 0.00231175 0.978217 0.0123359 0.180939 0.349164 0.400421 0.0115652 0.540532 0.958239 0.983113 0.377852 0.556979 0.0212882 0.233129 0.0217681 0.00231303 0.00285015 0.0249106 0.0672637 0.00885726 0.0604462 0.0512089 0.0542548 0.0431207 0.013912 0.0106067 0.72934 0.00558826 0.0073451 0.441047 0.0109095 0.0209659 0.00699798 0.0122796 0.0385628 0.169733 0.407758
0.935523 0.942113 0.890092 0.978805 0.488798 0.974714 0.949163 0.989419 0.207516 0.916309 0.972072 0.903329 0.600718 0.967018 0.369319 0.818758 0.936947 0.988701 0.873031 0.991157 0.976842 0.856227 0.987041 0.987723 0.942179 0.986157 0.985399 0.082585 0.988716 0.889509 0.945624 0.945663 0.945724 0.134304 0.982427 0.79278 0.991167 0.672144 0.953355 0.978842 0.857165 0.741425 0.803519 0.829989 0.997698 0.970183 0.328301 0.883039 0.981928 0.0552744 0.0685326 0.00607771 0.0508626 0.0607324 0.0102135 0.365679 0.124775 0.0507525 0.0107875 0.212296 0.688067 0.178896 0.754308 0.0023032 0.978402 0.0122399 0.182092 0.350328 0.399326 0.011426 0.543828 0.958376 0.983382 0.378531 0.560661 0.0211346 0.232625 0.0215855 0.00230464 0.00280669 0.0249406 0.0671302 0.00881462 0.0602384 0.0506544 0.0547122 0.0425748 0.0137384 0.0105772 0.731762 0.00555191 0.00724434 0.441279 0.0107318 0.0208383 0.00690372 0.0121831 0.038201 0.169569 0.406075
0.936007 0.942401 0.891875 0.978959 0.49008 0.974849 0.949441 0.989449 0.207223 0.916901 0.972354 0.903516 0.597419 0.966916 0.368266 0.817574 0.937176 0.988708 0.874061 0.991197 0.977002 0.856796 0.987222 0.98782 0.942486 0.986327 0.985403 0.0818984 0.988725 0.889554 0.945161 0.945211 0.946213 0.133411 0.982712 0.793078 0.991209 0.672704 0.953929 0.978993 0.857428 0.741426 0.804104 0.829698 0.997706 0.970606 0.327121 0.882634 0.982111 0.0546943 0.0682933 0.00603999 0.0503148 0.0600677 0.0102123 0.367859 0.125964 0.0504832 0.0106134 0.211528 0.687929 0.177139 0.754668 0.00229493 0.978583 0.0121449 0.183291 0.351512 0.398228 0.0112884 0.547018 0.958514 0.983647 0.379217 0.564347 0.0209828 0.232129 0.0214013 0.00229639 0.00276468 0.0249722 0.0669999 0.00877331 0.0600217 0.0501059 0.0551793 0.0420374 0.0135709 0.0105458 0.734241 0.00551713 0.00714679 0.441576 0.0105603 0.0207141 0.0068113 0.0120874 0.0378372 0.169449 0.404349
0.936493 0.942685 0.893608 0.97911 0.491406 0.974986 0.94971 0.989478 0.206958 0.917489 0.972636 0.903725 0.594072 0.966812 0.367241 0.816397 0.937404 0.988721 0.875098 0.991238 0.977164 0.857361 0.987405 0.987917 0.942791 0.986497 0.985408 0.0812047 0.988737 0.889587 0.944689 0.944744 0.946696 0.132522 0.982989 0.793362 0.99125 0.673259 0.954496 0.979143 0.857716 0.741442 0.804675 0.829422 0.997715 0.971023 0.325919 0.882214 0.982296 0.0541192 0.0680566 0.00600309 0.0497704 0.0594035 0.0102096 0.370098 0.127133 0.050214 0.0104432 0.210766 0.687778 0.175378 0.755027 0.00228692 0.978759 0.0120494 0.184489 0.352707 0.397077 0.011153 0.55029 0.958661 0.983905 0.379959 0.568052 0.0208298 0.231629 0.0212225 0.00228792 0.00272294 0.0250019 0.0668539 0.00873335 0.0598094 0.049567 0.0556502 0.0415089 0.0134059 0.0105154 0.736633 0.00548238 0.00704989 0.441852 0.0103907 0.0205868 0.00671995 0.011994 0.0374809 0.169292 0.402621
0.936962 0.942972 0.895313 0.979258 0.492733 0.975125 0.949978 0.989506 0.206675 0.918079 0.972911 0.903932 0.590746 0.966712 0.366173 0.815175 0.937646 0.988736 0.876128 0.991279 0.977318 0.857926 0.987582 0.988011 0.943078 0.986664 0.985415 0.0805078 0.988746 0.889631 0.944211 0.944268 0.947176 0.131661 0.983263 0.793677 0.99129 0.673852 0.955044 0.979294 0.858024 0.741437 0.805268 0.82914 0.997723 0.971425 0.324712 0.8818 0.982477 0.0535529 0.0678169 0.00596721 0.0492308 0.0587438 0.0102067 0.372379 0.128317 0.0499399 0.0102779 0.209973 0.687661 0.173577 0.755339 0.00227892 0.978939 0.011955 0.185717 0.353913 0.395985 0.0110191 0.553554 0.958804 0.984163 0.380723 0.571715 0.0206793 0.231135 0.0210428 0.00227939 0.00268225 0.0250342 0.0667134 0.00869218 0.05959 0.0490359 0.0561277 0.0409861 0.0132408 0.0104842 0.739023 0.00544819 0.00695581 0.442131 0.0102251 0.0204668 0.00663012 0.011902 0.0371324 0.169119 0.400854
0.937428 0.943261 0.896991 0.979406 0.494071 0.975257 0.950248 0.989536 0.206385 0.91864 0.973186 0.904137 0.587366 0.966607 0.365112 0.813958 0.937887 0.988748 0.877176 0.991319 0.977474 0.858494 0.987759 0.988103 0.943369 0.986831 0.985423 0.0798163 0.988756 0.88967 0.943731 0.943789 0.947654 0.130809 0.983534 0.794008 0.99133 0.674462 0.955596 0.979441 0.858337 0.741437 0.805861 0.828806 0.997731 0.971825 0.323447 0.881402 0.982655 0.0530018 0.0675865 0.00593175 0.0487083 0.0580997 0.0102043 0.374641 0.129521 0.0496704 0.0101143 0.209186 0.687504 0.171837 0.755648 0.00227059 0.979118 0.0118611 0.186943 0.355129 0.394855 0.0108887 0.556784 0.958943 0.984417 0.381459 0.575374 0.0205312 0.230628 0.020868 0.00227145 0.00264239 0.0250663 0.0665629 0.0086533 0.0593655 0.0485069 0.05662 0.0404773 0.0130781 0.0104543 0.741403 0.0054146 0.00686179 0.442417 0.0100643 0.020343 0.00654252 0.0118112 0.036782 0.168955 0.399151
0.937905 0.943533 0.898648 0.979551 0.495355 0.975392 0.950513 0.989564 0.206047 0.919217 0.973455 0.904328 0.583972 0.966501 0.363998 0.812704 0.938117 0.988758 0.878185 0.991357 0.977624 0.859072 0.987931 0.988192 0.943669 0.986992 0.98543 0.0791244 0.988769 0.889705 0.943241 0.943306 0.948119 0.12994 0.983794 0.794302 0.991368 0.675061 0.956137 0.979586 0.85868 0.741399 0.80647 0.828502 0.99774 0.972222 0.322208 0.880994 0.982829 0.05245 0.0673566 0.00589624 0.0481958 0.0574584 0.010203 0.376934 0.130728 0.0494066 0.00995593 0.208399 0.687366 0.170098 0.755939 0.00226262 0.979296 0.0117692 0.18824 0.356367 0.393729 0.0107611 0.560034 0.959092 0.984662 0.382201 0.579013 0.0203817 0.230109 0.0206935 0.0022634 0.00260306 0.0250957 0.0664087 0.00861392 0.0591285 0.0479976 0.0571102 0.0399739 0.0129184 0.0104253 0.743713 0.00538114 0.00677019 0.44273 0.00990696 0.0202239 0.00645476 0.011718 0.0364348 0.16878 0.397435
0.938364 0.943818 0.900285 0.979695 0.496702 0.975524 0.950776 0.989594 0.205752 0.919779 0.973726 0.90453 0.58057 0.966388 0.362938 0.811443 0.938344 0.98877 0.879182 0.991396 0.977775 0.859642 0.9881 0.988283 0.943956 0.987151 0.985436 0.0784433 0.98878 0.889742 0.942744 0.942806 0.948579 0.129074 0.98405 0.794608 0.991407 0.675653 0.956673 0.97973 0.858998 0.741373 0.807052 0.828158 0.997748 0.972607 0.320906 0.880614 0.983001 0.0519094 0.0671285 0.00586195 0.0476781 0.0568353 0.0102016 0.379229 0.131947 0.0491419 0.00979955 0.207603 0.687216 0.168364 0.756207 0.00225497 0.97947 0.0116799 0.189485 0.357674 0.392637 0.0106334 0.563288 0.959247 0.984905 0.382909 0.582714 0.0202365 0.229632 0.0205177 0.00225568 0.0025646 0.025126 0.0662631 0.00857553 0.0589034 0.0474796 0.0576136 0.0394844 0.0127597 0.0103961 0.746032 0.00534808 0.00668067 0.443032 0.00975159 0.0201113 0.00636861 0.0116288 0.0360917 0.168585 0.395701
0.938824 0.94409 0.90189 0.979839 0.498092 0.975657 0.951044 0.989622 0.205455 0.920346 0.973992 0.904732 0.577123 0.966276 0.361814 0.810195 0.938583 0.988782 0.880183 0.991433 0.977922 0.86021 0.988265 0.988371 0.944244 0.987308 0.985442 0.0777567 0.98879 0.889783 0.942244 0.942303 0.949041 0.128218 0.984302 0.794913 0.991444 0.676234 0.957192 0.979874 0.859314 0.74132 0.807638 0.827851 0.997756 0.972982 0.319613 0.880203 0.983171 0.0513618 0.0668911 0.00582735 0.0471601 0.0562003 0.0102001 0.381539 0.133167 0.0488722 0.00964647 0.206847 0.687075 0.166667 0.756469 0.00224701 0.97964 0.0115887 0.190759 0.358974 0.391533 0.0105077 0.56651 0.959403 0.985144 0.383668 0.586371 0.0200936 0.229079 0.0203462 0.00224765 0.00252708 0.0251588 0.0661203 0.00853765 0.0586783 0.0469755 0.0581215 0.0389931 0.0126049 0.0103661 0.748312 0.0053149 0.00659338 0.443384 0.00959977 0.0200003 0.00628463 0.0115407 0.0357514 0.168397 0.39394
0.939283 0.944367 0.903467 0.979983 0.499523 0.975787 0.951311 0.989651 0.205107 0.920904 0.974256 0.904943 0.573676 0.966154 0.360658 0.808923 0.938823 0.988792 0.881204 0.991469 0.97807 0.860784 0.988428 0.988459 0.944516 0.987464 0.985447 0.0770732 0.988801 0.889816 0.941729 0.941797 0.949497 0.127364 0.98455 0.795246 0.991482 0.676798 0.957696 0.980009 0.859652 0.741243 0.808234 0.827526 0.997763 0.973349 0.31828 0.879802 0.983337 0.0508305 0.0666533 0.00579219 0.0466442 0.055575 0.0101987 0.383853 0.134399 0.0486125 0.00949698 0.206062 0.68685 0.165011 0.756736 0.00223981 0.979808 0.0115019 0.192058 0.360276 0.390405 0.0103856 0.569804 0.959552 0.98538 0.384444 0.590004 0.019947 0.228534 0.0201792 0.0022397 0.00248999 0.0251886 0.065974 0.0084994 0.0584383 0.0464724 0.0586333 0.0385229 0.0124517 0.0103376 0.750581 0.00528265 0.00650726 0.443695 0.00945076 0.0198887 0.0062006 0.0114547 0.0354123 0.168186 0.392187
0.939728 0.944648 0.905028 0.980121 0.500893 0.975921 0.951583 0.98968 0.204805 0.921449 0.974516 0.905134 0.570203 0.966035 0.359524 0.80762 0.939069 0.988803 0.88221 0.991508 0.978219 0.861382 0.98859 0.988545 0.944799 0.987616 0.985457 0.0763853 0.988812 0.889872 0.941214 0.941279 0.949953 0.126507 0.984792 0.795584 0.99152 0.677421 0.958195 0.98015 0.859984 0.741157 0.808841 0.8272 0.997771 0.97371 0.316915 0.879418 0.983501 0.0503162 0.0664211 0.00575903 0.0461442 0.0549591 0.0101978 0.386162 0.135652 0.0483441 0.00935082 0.20525 0.686637 0.163322 0.756985 0.00223213 0.979975 0.011416 0.193365 0.361596 0.389326 0.0102657 0.573079 0.959703 0.985612 0.385197 0.593698 0.0198063 0.227997 0.0200095 0.00223188 0.00245375 0.0252192 0.0658205 0.00846429 0.058209 0.0459771 0.0591563 0.0380558 0.0122997 0.0103078 0.752854 0.00525068 0.00642201 0.444022 0.00930348 0.0197773 0.00611815 0.0113712 0.0350812 0.167982 0.390402
0.940175 0.944924 0.906544 0.980262 0.502336 0.976053 0.951848 0.98971 0.204481 0.921999 0.974774 0.905345 0.566715 0.96591 0.358367 0.806316 0.939298 0.988815 0.883187 0.991543 0.97836 0.861978 0.98875 0.988629 0.945076 0.987766 0.985467 0.0757047 0.988823 0.889914 0.940686 0.940753 0.95039 0.125679 0.985031 0.795917 0.991557 0.678053 0.958687 0.980289 0.860322 0.741063 0.809439 0.826873 0.997779 0.974067 0.315549 0.879046 0.983663 0.0498067 0.0661897 0.00572593 0.0456521 0.0543624 0.0101969 0.38854 0.13692 0.0480802 0.00920737 0.20441 0.686448 0.161638 0.757224 0.00222472 0.980141 0.0113304 0.194683 0.362927 0.388229 0.0101476 0.576317 0.959863 0.985837 0.385991 0.597363 0.0196713 0.227497 0.0198494 0.00222425 0.00241797 0.0252471 0.0656769 0.00842717 0.057964 0.0454892 0.05968 0.0375996 0.0121506 0.0102798 0.755108 0.00521829 0.00633848 0.444354 0.00916184 0.0196687 0.00603777 0.0112879 0.0347485 0.167761 0.388588
0.940615 0.945199 0.908038 0.980395 0.503831 0.976181 0.952104 0.989739 0.204181 0.922542 0.975032 0.90554 0.56322 0.965783 0.357225 0.804987 0.939535 0.988826 0.88417 0.99158 0.9785 0.862551 0.988906 0.988713 0.945345 0.987913 0.985475 0.0750334 0.988836 0.889959 0.940147 0.940221 0.950831 0.124842 0.985264 0.796269 0.991593 0.678637 0.959176 0.980422 0.860688 0.74096 0.810051 0.826522 0.997786 0.974417 0.314181 0.878652 0.983819 0.0492964 0.0659616 0.00569422 0.0451655 0.0537577 0.010196 0.390886 0.138196 0.0478129 0.00906582 0.203622 0.686257 0.159976 0.757416 0.0022169 0.980304 0.0112455 0.196009 0.364238 0.387108 0.0100294 0.579634 0.960016 0.98606 0.386779 0.601011 0.0195362 0.226985 0.0196822 0.00221688 0.00238321 0.0252747 0.0655264 0.00839184 0.0577263 0.0449973 0.0602164 0.0371481 0.0120025 0.0102516 0.757342 0.00518608 0.00625648 0.444665 0.00902184 0.0195611 0.0059583 0.0112043 0.0344172 0.167543 0.386815
0.941062 0.945469 0.909516 0.980532 0.505291 0.976311 0.952369 0.989768 0.203848 0.923083 0.975286 0.905745 0.559699 0.965651 0.356082 0.803658 0.939773 0.988838 0.885129 0.991616 0.978639 0.86315 0.989058 0.988798 0.945615 0.988059 0.985483 0.0743707 0.988846 0.890001 0.939617 0.939688 0.951268 0.123998 0.985492 0.796614 0.991628 0.679263 0.959653 0.980557 0.861064 0.740878 0.810631 0.826167 0.997793 0.974762 0.312817 0.878251 0.983976 0.0487855 0.0657359 0.00566281 0.0446867 0.0531558 0.0101965 0.393323 0.139462 0.0475531 0.00892798 0.202823 0.686024 0.158319 0.757615 0.00220967 0.980465 0.0111637 0.197364 0.365597 0.386013 0.00991458 0.582891 0.960173 0.986279 0.387533 0.60461 0.0194025 0.226479 0.0195208 0.00220953 0.00234892 0.025302 0.0653725 0.00835622 0.0574926 0.0445179 0.0607582 0.0367076 0.0118584 0.0102231 0.759512 0.00515519 0.0061754 0.445022 0.00888358 0.0194554 0.00587884 0.0111219 0.034093 0.167315 0.385038
0.941505 0.945739 0.910962 0.980667 0.506772 0.97644 0.952633 0.989796 0.203489 0.923619 0.975537 0.905955 0.556212 0.965514 0.354895 0.802284 0.940006 0.988849 0.886094 0.991652 0.978777 0.863752 0.98921 0.988879 0.945878 0.988201 0.985492 0.0737079 0.988856 0.890038 0.939059 0.939141 0.951694 0.123157 0.985716 0.79694 0.991663 0.679873 0.960118 0.980692 0.861443 0.740733 0.811229 0.825785 0.997801 0.9751 0.311395 0.877859 0.984131 0.0482907 0.065506 0.00563173 0.0442181 0.0525646 0.0101973 0.395769 0.140775 0.0472828 0.00879244 0.202013 0.685765 0.156678 0.757828 0.00220231 0.980629 0.0110827 0.198731 0.366985 0.384933 0.00980221 0.586156 0.960334 0.986494 0.388388 0.608243 0.0192684 0.225915 0.0193607 0.00220245 0.00231561 0.0253363 0.0652256 0.00832035 0.0572501 0.0440423 0.0613213 0.0362706 0.0117162 0.010194 0.761705 0.0051249 0.00609588 0.445402 0.00874982 0.0193532 0.00580237 0.0110391 0.0337673 0.167063 0.383229
0.941942 0.946008 0.912385 0.9808 0.508254 0.976573 0.952888 0.989826 0.203125 0.924172 0.97578 0.906171 0.552663 0.965377 0.353712 0.80089 0.94024 0.988863 0.887066 0.991689 0.978909 0.86434 0.98936 0.98896 0.946138 0.988341 0.985502 0.0730519 0.988869 0.890084 0.938499 0.938578 0.952121 0.122315 0.985936 0.797299 0.9917 0.680513 0.960573 0.980826 0.861804 0.740577 0.811829 0.825423 0.997808 0.975434 0.310014 0.877458 0.984282 0.0477913 0.0652704 0.00560141 0.0437534 0.0519796 0.0101991 0.39822 0.142102 0.0470203 0.00866035 0.201185 0.685557 0.155037 0.757998 0.00219522 0.980789 0.0110037 0.200134 0.368379 0.383875 0.00969028 0.589403 0.960496 0.986705 0.389216 0.611856 0.0191385 0.225367 0.0192043 0.00219557 0.00228287 0.0253625 0.0650751 0.00828442 0.0570056 0.0435778 0.0618922 0.0358315 0.0115774 0.0101655 0.763868 0.00509497 0.00601843 0.445778 0.00861823 0.0192529 0.00572717 0.0109588 0.0334438 0.166845 0.381457
0.942364 0.946276 0.913801 0.98093 0.509818 0.976704 0.953154 0.989856 0.202784 0.924697 0.976025 0.906367 0.549067 0.96524 0.352531 0.799507 0.940474 0.988872 0.888008 0.991723 0.979046 0.86497 0.989507 0.989039 0.946397 0.988481 0.985511 0.0723939 0.988881 0.890139 0.937936 0.938011 0.95254 0.121482 0.98615 0.797646 0.991735 0.681105 0.961023 0.980955 0.862166 0.740407 0.812434 0.825061 0.997815 0.975763 0.308581 0.877062 0.98443 0.0473118 0.0650474 0.00557143 0.0432918 0.0513992 0.0102036 0.400664 0.143427 0.0467613 0.00853099 0.20037 0.685265 0.153403 0.758168 0.00218812 0.980948 0.0109257 0.201528 0.369804 0.382758 0.00958295 0.592645 0.960657 0.986912 0.390061 0.615462 0.0190093 0.224842 0.0190488 0.00218889 0.00225056 0.0253932 0.0649232 0.00824891 0.0567631 0.0431168 0.0624617 0.0354092 0.0114394 0.0101381 0.766026 0.00506492 0.00594253 0.446158 0.00848903 0.0191509 0.00565173 0.0108794 0.0331201 0.166589 0.379632
0.942806 0.946537 0.915186 0.981057 0.511368 0.976833 0.953413 0.989887 0.202415 0.925221 0.976267 0.906561 0.54541 0.965095 0.351349 0.798113 0.9407 0.988884 0.888943 0.991757 0.97918 0.865588 0.989649 0.989115 0.946656 0.98862 0.985522 0.0717425 0.988892 0.890194 0.937363 0.937437 0.952957 0.120633 0.98636 0.798016 0.991766 0.681744 0.96146 0.981081 0.862557 0.740232 0.813056 0.824691 0.997821 0.976082 0.307125 0.876672 0.984576 0.0468397 0.0648249 0.00554149 0.0428398 0.050819 0.0102064 0.40311 0.144776 0.0465067 0.0084038 0.199552 0.684965 0.151786 0.758334 0.00218107 0.981103 0.0108482 0.202961 0.371254 0.381695 0.00947488 0.595866 0.960814 0.987118 0.390941 0.619037 0.0188838 0.224309 0.0188929 0.00218205 0.00221893 0.0254199 0.0647702 0.00821536 0.0565074 0.0426661 0.063046 0.0349881 0.0113019 0.0101076 0.768155 0.00503604 0.00586807 0.446552 0.00836276 0.0190554 0.00557862 0.0108037 0.0328083 0.166325 0.377822
0.943226 0.946805 0.916547 0.981184 0.512956 0.976959 0.95367 0.989918 0.202052 0.925749 0.976504 0.906761 0.541768 0.964948 0.350177 0.796639 0.940942 0.988898 0.889886 0.99179 0.97931 0.866218 0.989789 0.98919 0.946911 0.988756 0.985533 0.0710856 0.988904 0.890254 0.936772 0.936848 0.953375 0.119795 0.986566 0.798392 0.991799 0.682382 0.961893 0.981207 0.86295 0.740045 0.81367 0.824347 0.997828 0.976398 0.305642 0.876292 0.984723 0.0463692 0.0646056 0.00551112 0.0423899 0.0502446 0.0102084 0.405591 0.146118 0.0462486 0.00827878 0.198705 0.684663 0.150192 0.758518 0.00217418 0.981254 0.0107724 0.204434 0.372704 0.380628 0.00937015 0.599094 0.960982 0.987321 0.39181 0.622627 0.0187552 0.223789 0.0187372 0.00217496 0.00218823 0.0254471 0.0646118 0.00818225 0.0562605 0.0422153 0.0636332 0.0345803 0.0111672 0.0100782 0.770266 0.00500679 0.00579421 0.447023 0.00823818 0.0189602 0.00550736 0.0107286 0.0324996 0.166064 0.375957
0.943648 0.947071 0.917878 0.981311 0.514543 0.977085 0.953931 0.989946 0.201681 0.926276 0.976742 0.906969 0.538098 0.9648 0.348962 0.795206 0.941185 0.98891 0.890813 0.991823 0.979437 0.866832 0.989928 0.989266 0.947164 0.988891 0.985545 0.0704349 0.988916 0.89033 0.936183 0.936277 0.953791 0.118956 0.98677 0.798762 0.991831 0.683049 0.962319 0.98133 0.86335 0.739869 0.814264 0.823964 0.997835 0.976706 0.304174 0.875901 0.984864 0.0459123 0.0643781 0.00548164 0.0419487 0.0496835 0.0102112 0.408068 0.147493 0.0459855 0.0081558 0.197852 0.684355 0.148585 0.758641 0.00216729 0.981405 0.0106961 0.205906 0.374159 0.379528 0.00926445 0.602354 0.961143 0.987518 0.392719 0.626222 0.018632 0.223272 0.018585 0.00216802 0.00215787 0.0254732 0.0644678 0.00814839 0.0560052 0.0417716 0.0642497 0.0341739 0.0110353 0.0100491 0.77238 0.00497767 0.00572191 0.447445 0.00811857 0.018867 0.00543618 0.0106542 0.0321873 0.165783 0.374168
0.944058 0.947329 0.919193 0.981437 0.516128 0.977213 0.954192 0.989975 0.201299 0.926798 0.97697 0.907186 0.534453 0.964647 0.347747 0.793777 0.941429 0.988924 0.891738 0.991855 0.979563 0.867482 0.990067 0.989342 0.947412 0.989023 0.985554 0.0698092 0.988929 0.890396 0.935579 0.935674 0.954186 0.11814 0.986967 0.799143 0.991862 0.683699 0.962735 0.981458 0.863742 0.739705 0.814836 0.823578 0.997841 0.977008 0.302637 0.875527 0.985005 0.0454535 0.0641414 0.00545342 0.0415135 0.0491217 0.0102146 0.410592 0.148853 0.0457335 0.00803755 0.197006 0.684051 0.146985 0.758765 0.00216067 0.981558 0.0106239 0.207386 0.37565 0.378494 0.00916345 0.605592 0.961316 0.987712 0.393649 0.629791 0.0185089 0.222764 0.0184382 0.00216147 0.00212812 0.0255023 0.0643103 0.00811486 0.0557456 0.0413381 0.0648563 0.0337763 0.0109031 0.0100199 0.774446 0.00494917 0.00565261 0.447844 0.00799913 0.0187735 0.0053669 0.0105775 0.0318793 0.165484 0.372346
0.944465 0.94759 0.920487 0.98156 0.517739 0.977338 0.954446 0.990004 0.200911 0.927306 0.977201 0.907409 0.530729 0.964486 0.346551 0.792266 0.941664 0.98894 0.892654 0.991888 0.97969 0.868105 0.990201 0.989415 0.947657 0.989153 0.985567 0.0691682 0.988943 0.890445 0.934967 0.935066 0.954588 0.117334 0.987163 0.799518 0.991894 0.684347 0.963149 0.981578 0.864148 0.739513 0.815429 0.823185 0.997848 0.977307 0.301093 0.875139 0.98514 0.0450143 0.0639217 0.00542537 0.0410749 0.0485701 0.0102175 0.413109 0.150269 0.045472 0.00791924 0.19618 0.683759 0.145401 0.758857 0.00215417 0.981705 0.0105507 0.208874 0.377125 0.377437 0.00906219 0.608798 0.96149 0.987903 0.394576 0.633329 0.0183887 0.222204 0.0182909 0.00215492 0.00209869 0.0255297 0.0641467 0.00808377 0.0554906 0.040908 0.065474 0.0333786 0.0107732 0.00999072 0.776534 0.00492102 0.00558231 0.44827 0.0078814 0.0186816 0.0052979 0.0105032 0.0315787 0.165179 0.370548
0.944886 0.947847 0.921759 0.981682 0.519358 0.977466 0.954705 0.990032 0.200514 0.927823 0.977428 0.907633 0.527019 0.964326 0.345345 0.790726 0.941905 0.988953 0.893581 0.991921 0.979812 0.868758 0.990333 0.989487 0.947899 0.98928 0.985577 0.0685383 0.988956 0.890493 0.934332 0.934448 0.954993 0.116515 0.987355 0.799894 0.991925 0.685016 0.96356 0.981699 0.864563 0.739271 0.816065 0.822797 0.997854 0.977599 0.299583 0.874747 0.985276 0.0445701 0.0636911 0.00539673 0.040647 0.0480178 0.0102211 0.415663 0.151662 0.0452106 0.00780528 0.195358 0.683431 0.143841 0.758947 0.00214747 0.98185 0.0104796 0.210394 0.378598 0.376328 0.00896363 0.612029 0.961668 0.988089 0.395494 0.636876 0.0182677 0.22167 0.0181419 0.00214869 0.00206998 0.0255592 0.0639967 0.00805194 0.055239 0.0404787 0.0660946 0.0329957 0.0106474 0.00996154 0.778571 0.00489346 0.00551352 0.448726 0.00776646 0.0185912 0.00523021 0.0104316 0.0312769 0.164885 0.368726
0.945304 0.948102 0.923006 0.981801 0.521002 0.977591 0.954959 0.99006 0.200152 0.928328 0.977655 0.907861 0.523355 0.964167 0.34413 0.789178 0.942141 0.988966 0.894496 0.991953 0.979933 0.869403 0.990465 0.989559 0.948129 0.989406 0.985589 0.0679055 0.98897 0.890567 0.933698 0.933824 0.955386 0.11569 0.987543 0.800263 0.991957 0.685666 0.963959 0.981817 0.864986 0.739029 0.81665 0.822411 0.99786 0.977886 0.298036 0.874358 0.985409 0.0441348 0.0634742 0.00536914 0.0402154 0.047476 0.0102258 0.418244 0.153049 0.0449582 0.00769199 0.194513 0.683092 0.142283 0.759006 0.00214162 0.981996 0.0104086 0.211938 0.380163 0.375281 0.00886734 0.615283 0.961845 0.988272 0.396413 0.640417 0.0181478 0.221142 0.0180002 0.00214216 0.00204192 0.0255836 0.0638374 0.00802142 0.0549876 0.0400575 0.0667236 0.0326196 0.0105223 0.00993246 0.780623 0.00486538 0.00544569 0.449157 0.00765442 0.0185014 0.0051632 0.010362 0.0309755 0.164587 0.366906
0.945716 0.94835 0.924239 0.981922 0.522649 0.977715 0.955218 0.990089 0.199781 0.928823 0.97788 0.90808 0.519567 0.964004 0.342879 0.787635 0.942381 0.988981 0.895392 0.991983 0.980053 0.870074 0.990593 0.989631 0.948369 0.989529 0.985603 0.0672869 0.988984 0.890641 0.933061 0.933187 0.955783 0.114878 0.987728 0.800669 0.991988 0.686317 0.964353 0.981934 0.865419 0.738812 0.817296 0.821989 0.997867 0.97817 0.296465 0.873989 0.98554 0.043701 0.0632425 0.00534192 0.0398018 0.0469368 0.0102307 0.420838 0.154492 0.0447034 0.007581 0.193678 0.682734 0.140736 0.759082 0.00213558 0.982143 0.0103367 0.213501 0.38172 0.3742 0.00877128 0.618491 0.96202 0.988452 0.397365 0.64395 0.0180301 0.220598 0.0178595 0.00213598 0.00201449 0.025608 0.0636782 0.00799066 0.0547333 0.0396353 0.0673645 0.0322414 0.0103978 0.00990304 0.782595 0.00483834 0.00537989 0.449619 0.00754398 0.0184125 0.00509687 0.0102922 0.0306743 0.164282 0.365073
0.946118 0.9486 0.925448 0.982038 0.524335 0.977841 0.955466 0.990116 0.199361 0.929316 0.9781 0.908297 0.515838 0.963837 0.341669 0.78606 0.942611 0.988995 0.896278 0.992014 0.980168 0.870704 0.990719 0.989701 0.948597 0.989654 0.985615 0.0666595 0.988997 0.89071 0.932413 0.932539 0.956172 0.114072 0.987906 0.801094 0.992018 0.686986 0.964737 0.982052 0.865848 0.73856 0.81792 0.821586 0.997873 0.978443 0.294873 0.873625 0.985668 0.0432763 0.0630246 0.00531568 0.0393931 0.0464106 0.0102363 0.423438 0.155956 0.0444503 0.00747139 0.192817 0.682375 0.139215 0.759137 0.00212909 0.982287 0.0102672 0.215077 0.383295 0.373117 0.00867946 0.62174 0.962196 0.988627 0.398331 0.647456 0.0179123 0.220075 0.0177166 0.00212957 0.00198721 0.0256361 0.0635093 0.00795947 0.0544697 0.0392279 0.0680169 0.0318809 0.0102744 0.00987531 0.784575 0.00481188 0.00531442 0.450063 0.00743607 0.018325 0.00503136 0.0102214 0.030384 0.163973 0.363215
0.946519 0.948854 0.92662 0.982151 0.526053 0.97796 0.955727 0.990145 0.19894 0.929802 0.978314 0.908537 0.512129 0.96366 0.340452 0.784451 0.942846 0.989008 0.897168 0.992044 0.980288 0.871355 0.990843 0.989769 0.948825 0.989775 0.985632 0.0660364 0.98901 0.890777 0.931758 0.931878 0.956555 0.113277 0.988082 0.801498 0.992051 0.687677 0.96511 0.982167 0.866279 0.738279 0.818539 0.821148 0.99788 0.978709 0.293273 0.873272 0.985798 0.0428534 0.062801 0.00528969 0.0389787 0.0458825 0.0102401 0.426063 0.157409 0.0441937 0.00736373 0.191957 0.681988 0.137702 0.759159 0.00212257 0.982426 0.0101995 0.216685 0.384846 0.372033 0.00858848 0.624985 0.962367 0.988799 0.39932 0.650974 0.0177955 0.219557 0.0175748 0.00212349 0.0019605 0.0256612 0.0633492 0.00792734 0.0542061 0.0388206 0.0686809 0.0315189 0.0101542 0.0098456 0.786533 0.00478545 0.00524929 0.450551 0.00732904 0.0182417 0.00496739 0.010155 0.0300957 0.163673 0.361411
0.946902 0.94911 0.927779 0.982267 0.527785 0.978083 0.955985 0.990175 0.198543 0.930285 0.978529 0.908752 0.508379 0.963483 0.339181 0.782822 0.943084 0.989022 0.898045 0.992075 0.980402 0.872006 0.990964 0.989838 0.949055 0.989896 0.985646 0.0654185 0.989024 0.890833 0.931093 0.931205 0.956933 0.112486 0.988255 0.80191 0.992081 0.688363 0.965479 0.982282 0.866723 0.737968 0.81917 0.820715 0.997885 0.978973 0.291696 0.872911 0.985924 0.0424357 0.0625864 0.00526333 0.038577 0.045358 0.0102453 0.428698 0.158873 0.0439416 0.00725846 0.191111 0.681598 0.1362 0.759191 0.00211646 0.982566 0.0101303 0.218289 0.386461 0.370994 0.00849732 0.628187 0.962539 0.988971 0.400344 0.654427 0.0176857 0.219002 0.0174343 0.00211735 0.00193433 0.0256904 0.0631803 0.00789816 0.053952 0.0384225 0.0693588 0.0311696 0.0100361 0.00981593 0.788464 0.0047595 0.00518638 0.451078 0.00722536 0.0181608 0.0049049 0.0100884 0.0298127 0.163347 0.359553
0.947291 0.949369 0.928925 0.982379 0.529554 0.978201 0.956238 0.990205 0.198147 0.930764 0.97874 0.908964 0.504571 0.963303 0.337926 0.781196 0.943324 0.989036 0.898926 0.992106 0.980516 0.87267 0.991084 0.989903 0.949264 0.990014 0.985662 0.0647995 0.989037 0.890892 0.930416 0.930531 0.95731 0.111682 0.988424 0.802307 0.992112 0.689076 0.965843 0.982395 0.867167 0.737659 0.819799 0.820295 0.997891 0.979237 0.290057 0.872543 0.986046 0.0420258 0.06236 0.00523791 0.0381766 0.0448395 0.0102517 0.431391 0.160342 0.043681 0.00715737 0.190266 0.681147 0.134688 0.759212 0.00211057 0.982705 0.0100639 0.219937 0.388105 0.369919 0.00840914 0.631402 0.962712 0.989139 0.40134 0.657893 0.0175734 0.218475 0.0172995 0.00211157 0.00190894 0.025716 0.0630129 0.00786917 0.0536905 0.0380311 0.0700433 0.0308226 0.00991902 0.00978593 0.790383 0.00473239 0.00512462 0.451626 0.00712394 0.0180811 0.00484242 0.010022 0.0295327 0.16302 0.357696
0.947674 0.949624 0.93004 0.982491 0.531291 0.978325 0.956485 0.990234 0.197733 0.931246 0.978951 0.909191 0.500765 0.963115 0.336625 0.779581 0.943554 0.98905 0.899804 0.992134 0.980629 0.87333 0.991201 0.98997 0.949484 0.990129 0.985675 0.0641921 0.989053 0.890952 0.929721 0.929835 0.957679 0.110893 0.988592 0.802731 0.992143 0.689756 0.966199 0.982507 0.867622 0.737344 0.820396 0.819872 0.997897 0.979493 0.288437 0.872165 0.986167 0.0416258 0.0621369 0.00521325 0.037784 0.0443278 0.0102566 0.434076 0.16183 0.0434296 0.00705687 0.189415 0.680727 0.133206 0.759202 0.00210461 0.982839 0.00999857 0.221628 0.38976 0.368868 0.0083206 0.634607 0.962888 0.989305 0.40234 0.661351 0.0174607 0.217912 0.0171638 0.00210569 0.00188408 0.0257441 0.0628524 0.00783962 0.053424 0.0376344 0.0707373 0.0304762 0.00980478 0.00975672 0.792296 0.004706 0.0050644 0.45213 0.00702424 0.0180014 0.00478175 0.00995716 0.0292486 0.162671 0.35586
0.948063 0.949884 0.931144 0.982601 0.533052 0.978443 0.956736 0.990263 0.197339 0.931723 0.979156 0.909427 0.496973 0.962921 0.335351 0.777924 0.943784 0.989067 0.900674 0.992163 0.980736 0.874011 0.991316 0.990034 0.949703 0.990244 0.985688 0.0635936 0.989069 0.891029 0.929016 0.929133 0.958059 0.110104 0.988755 0.803164 0.992172 0.69047 0.966555 0.982618 0.868082 0.737012 0.821043 0.819417 0.997902 0.979743 0.286794 0.87181 0.986289 0.0412274 0.0619138 0.00518804 0.0373965 0.0438168 0.0102615 0.436801 0.163349 0.0431725 0.00695907 0.188575 0.680291 0.131718 0.759166 0.00209919 0.982975 0.00993406 0.223352 0.391489 0.36779 0.00823455 0.637836 0.963069 0.989468 0.403338 0.66482 0.0173499 0.217347 0.0170283 0.00209983 0.00185951 0.0257707 0.0626789 0.00781068 0.0531563 0.0372486 0.0714537 0.0301335 0.00969074 0.00972878 0.794182 0.00468045 0.00500392 0.452627 0.00692515 0.0179205 0.00472185 0.00989202 0.0289707 0.162336 0.353992
0.948438 0.950139 0.932215 0.982713 0.534847 0.978563 0.956988 0.990292 0.196888 0.932182 0.97936 0.909647 0.493169 0.962736 0.334059 0.776222 0.944019 0.98908 0.901533 0.992192 0.980843 0.874682 0.99143 0.990097 0.949916 0.990357 0.985703 0.062997 0.989086 0.891114 0.928291 0.928419 0.958428 0.10932 0.988917 0.803623 0.992201 0.691184 0.966898 0.982727 0.868537 0.736667 0.821671 0.818936 0.997908 0.979989 0.285154 0.87145 0.986407 0.0408322 0.0616896 0.00516451 0.0370144 0.0433132 0.0102691 0.439512 0.164874 0.0429228 0.00686227 0.187689 0.679845 0.130262 0.759116 0.00209356 0.983105 0.0098709 0.225075 0.393191 0.366725 0.00814859 0.641063 0.963249 0.989628 0.404329 0.668239 0.017241 0.216803 0.0168952 0.00209418 0.00183545 0.0257951 0.0625188 0.00778172 0.0528848 0.0368655 0.0721693 0.0298027 0.00958007 0.00970003 0.796041 0.00465513 0.00494562 0.453121 0.00683 0.0178424 0.00466286 0.00982863 0.0286946 0.16198 0.352151
0.948818 0.950377 0.933275 0.982823 0.53666 0.97868 0.957237 0.990321 0.19645 0.932648 0.979563 0.909878 0.489296 0.962531 0.332781 0.774468 0.944268 0.989095 0.902395 0.99222 0.98095 0.875368 0.991542 0.990161 0.950124 0.990468 0.98572 0.062387 0.989102 0.891187 0.927573 0.927695 0.958794 0.108529 0.989075 0.804094 0.99223 0.691904 0.967245 0.982838 0.869026 0.736302 0.822287 0.818466 0.997913 0.980231 0.28346 0.871095 0.986524 0.0404495 0.0614645 0.00514032 0.0366365 0.0428208 0.0102752 0.442238 0.166427 0.042674 0.00676766 0.18684 0.679373 0.128806 0.759061 0.00208762 0.983236 0.00980785 0.226805 0.394899 0.365633 0.00806402 0.64423 0.963439 0.989785 0.405357 0.671623 0.0171324 0.216255 0.0167645 0.00208869 0.00181177 0.0258206 0.0623354 0.00775297 0.0526082 0.0364937 0.0729034 0.0294766 0.00946816 0.00967189 0.797886 0.00463049 0.00488852 0.453616 0.00673649 0.0177685 0.00460434 0.00976556 0.0284231 0.161593 0.350268
0.949188 0.950619 0.934317 0.982932 0.538519 0.9788 0.957485 0.99035 0.196033 0.933106 0.979763 0.910113 0.485397 0.962331 0.331505 0.772701 0.944502 0.989111 0.903249 0.992248 0.98106 0.876043 0.991651 0.990223 0.950342 0.990579 0.985736 0.0617949 0.989119 0.891273 0.92684 0.926958 0.959151 0.107739 0.98923 0.804516 0.99226 0.692622 0.967585 0.982947 0.869512 0.735972 0.822913 0.818004 0.997919 0.980466 0.281804 0.87075 0.986639 0.0400725 0.0612481 0.00511713 0.0362648 0.0423378 0.0102803 0.444966 0.167978 0.0424268 0.00667528 0.18595 0.678867 0.127375 0.758966 0.0020821 0.983367 0.00974462 0.228565 0.39662 0.364547 0.00798201 0.647394 0.963629 0.989939 0.406396 0.675015 0.0170236 0.215695 0.0166336 0.00208327 0.00178876 0.0258451 0.0621671 0.00772578 0.0523313 0.0361195 0.0736501 0.0291526 0.00935903 0.00964375 0.799724 0.00460654 0.00483157 0.454172 0.00664427 0.0176944 0.00454619 0.00970305 0.0281528 0.161218 0.34838
0.949561 0.95086 0.935344 0.983036 0.540417 0.978916 0.957733 0.990379 0.195575 0.933555 0.97996 0.91035 0.481537 0.962127 0.3302 0.770905 0.94474 0.989127 0.904113 0.992276 0.981165 0.876732 0.99176 0.990285 0.950551 0.990689 0.985755 0.0612006 0.989134 0.89136 0.926084 0.926213 0.959503 0.106975 0.989383 0.804963 0.992287 0.693357 0.967911 0.983052 0.869994 0.735576 0.823546 0.817521 0.997925 0.980698 0.280088 0.870415 0.986751 0.039692 0.061032 0.00509506 0.0358966 0.0418472 0.0102877 0.447758 0.169585 0.0421796 0.00658385 0.185067 0.678379 0.125954 0.758904 0.00207646 0.983496 0.00968276 0.230304 0.398383 0.363462 0.00790253 0.650567 0.963819 0.990091 0.407454 0.678415 0.0169199 0.215139 0.0165048 0.00207792 0.00176622 0.0258644 0.0619848 0.00769797 0.0520499 0.0357512 0.0743967 0.0288371 0.00925236 0.00961603 0.801527 0.00458249 0.00477606 0.454712 0.00655408 0.0176202 0.00449023 0.00964113 0.0278844 0.160834 0.346506
0.94993 0.951101 0.936351 0.98314 0.542305 0.979029 0.957983 0.990407 0.195108 0.934018 0.980156 0.91058 0.477665 0.961916 0.328834 0.769105 0.944975 0.989143 0.904943 0.992304 0.981267 0.877424 0.991866 0.990344 0.950755 0.990795 0.985771 0.0606061 0.989149 0.891449 0.925344 0.925459 0.959859 0.106188 0.989532 0.805407 0.992316 0.694127 0.968232 0.983156 0.870475 0.735181 0.824184 0.817032 0.99793 0.980927 0.278378 0.870072 0.986863 0.0393132 0.0608099 0.00507111 0.0355295 0.0413651 0.0102935 0.45053 0.171187 0.0419338 0.00649356 0.184191 0.677817 0.124522 0.758805 0.00207112 0.983628 0.00962259 0.232109 0.400155 0.362407 0.00782232 0.653724 0.964009 0.990238 0.408511 0.681812 0.0168138 0.214585 0.016377 0.00207254 0.00174411 0.0258881 0.0617992 0.00767004 0.0517758 0.0353881 0.0751564 0.0285273 0.00914739 0.00958736 0.80334 0.00455842 0.00472156 0.455272 0.00646462 0.0175497 0.00443525 0.00958331 0.0276213 0.160432 0.344615
0.950297 0.951345 0.937345 0.983243 0.544176 0.979149 0.958228 0.990437 0.194653 0.934489 0.980351 0.91082 0.473766 0.961696 0.327509 0.767278 0.945209 0.989158 0.905765 0.992331 0.981368 0.878116 0.991971 0.990405 0.950964 0.990899 0.98579 0.0600248 0.989166 0.891547 0.924561 0.92468 0.960209 0.105421 0.989677 0.805871 0.992343 0.694881 0.968549 0.983261 0.870964 0.734803 0.824819 0.816512 0.997935 0.981151 0.276671 0.869726 0.986971 0.0389415 0.0605922 0.00504784 0.035169 0.0408867 0.0103001 0.453345 0.172779 0.0416876 0.00640695 0.183328 0.677344 0.123111 0.758703 0.00206566 0.983756 0.00956458 0.233916 0.401929 0.361351 0.00774525 0.656904 0.964198 0.990384 0.409606 0.685126 0.0167099 0.214034 0.0162513 0.00206683 0.00172237 0.0259051 0.0616256 0.00764377 0.051497 0.0350267 0.0759421 0.0282214 0.00904273 0.009558 0.805135 0.00453428 0.00466825 0.455862 0.0063774 0.0174757 0.00437982 0.00952431 0.027356 0.160028 0.342711
0.950666 0.951591 0.938331 0.98335 0.546101 0.979267 0.958477 0.990467 0.194213 0.934933 0.980542 0.911058 0.469843 0.961475 0.326164 0.765458 0.945447 0.989173 0.906582 0.992358 0.981469 0.87881 0.992075 0.990463 0.951161 0.991003 0.985808 0.0594473 0.989183 0.891639 0.923775 0.923904 0.960554 0.10466 0.989821 0.806324 0.992369 0.69563 0.968858 0.983362 0.87148 0.734363 0.825475 0.816019 0.99794 0.98137 0.274906 0.869397 0.987076 0.0385777 0.060377 0.00502588 0.0348129 0.0404156 0.010309 0.456148 0.17442 0.0414441 0.00632158 0.182443 0.676817 0.121738 0.758573 0.0020602 0.98388 0.00950684 0.235751 0.403776 0.360314 0.00767005 0.66005 0.96439 0.990528 0.410663 0.68841 0.016607 0.213505 0.0161247 0.00206139 0.00170097 0.0259183 0.0614441 0.00761703 0.0512268 0.0346707 0.0767399 0.027921 0.00893919 0.00952721 0.806902 0.00450925 0.00461503 0.456479 0.00629138 0.0174072 0.00432549 0.00946617 0.0270962 0.159613 0.34081
0.951026 0.951837 0.939286 0.98345 0.548006 0.97938 0.958722 0.990495 0.193745 0.935377 0.98073 0.911288 0.465938 0.96125 0.324783 0.763631 0.945685 0.98919 0.907399 0.992385 0.981565 0.879512 0.992178 0.990521 0.951355 0.991105 0.985826 0.0588757 0.9892 0.891734 0.922983 0.923109 0.960894 0.103903 0.989963 0.806769 0.992396 0.6964 0.969168 0.983466 0.871973 0.733919 0.826111 0.815481 0.997945 0.981587 0.273174 0.869051 0.987183 0.0382177 0.0601604 0.00500434 0.0344636 0.039946 0.010318 0.458965 0.176048 0.0412015 0.00623663 0.181561 0.676278 0.120338 0.758424 0.00205528 0.984005 0.00944883 0.237593 0.405619 0.359254 0.00759389 0.663179 0.964588 0.990668 0.41181 0.691733 0.0165049 0.21292 0.016 0.00205638 0.00167993 0.0259383 0.0612685 0.00759036 0.0509449 0.0343203 0.077547 0.0276273 0.00883764 0.00949826 0.80866 0.00448601 0.00456375 0.457118 0.00620681 0.0173378 0.00427314 0.00940848 0.0268411 0.159219 0.338925
0.951379 0.952075 0.940229 0.98355 0.550009 0.979496 0.958965 0.990521 0.193261 0.935829 0.980918 0.911522 0.46204 0.961022 0.323426 0.761771 0.945917 0.989206 0.908209 0.992411 0.98166 0.88021 0.992277 0.990579 0.95155 0.991205 0.985845 0.0583012 0.989217 0.891819 0.922164 0.922299 0.961234 0.103136 0.990101 0.807236 0.992423 0.697186 0.969467 0.983563 0.872504 0.733462 0.826759 0.81497 0.99795 0.981798 0.271448 0.868735 0.987286 0.0378677 0.0599526 0.0049831 0.0341169 0.0394815 0.0103254 0.461816 0.177709 0.0409579 0.00615423 0.180672 0.675693 0.118974 0.758309 0.00205036 0.984129 0.00939237 0.239462 0.407525 0.358214 0.00751926 0.666305 0.964778 0.990806 0.412916 0.695026 0.0164079 0.212375 0.0158773 0.00205138 0.00165973 0.0259602 0.0610764 0.00756459 0.0506645 0.0339781 0.0783606 0.0273321 0.00873822 0.00946921 0.810375 0.00446237 0.00451241 0.457768 0.00612392 0.0172693 0.00422026 0.00934988 0.0265862 0.1588 0.33702
0.951729 0.952305 0.941157 0.983648 0.551993 0.979613 0.9592 0.99055 0.19278 0.93627 0.981101 0.911763 0.458138 0.960791 0.322046 0.759851 0.946138 0.989224 0.909011 0.992438 0.981759 0.880905 0.992377 0.990634 0.951745 0.991305 0.985864 0.057734 0.989236 0.891926 0.921349 0.921463 0.961567 0.102372 0.990236 0.807706 0.992449 0.697977 0.969764 0.983664 0.873015 0.733 0.827405 0.814447 0.997956 0.982009 0.269682 0.868413 0.987391 0.0375199 0.0597399 0.00496174 0.0337761 0.0390229 0.0103339 0.464651 0.179369 0.0407111 0.00607321 0.179787 0.67509 0.117603 0.758122 0.00204557 0.984251 0.00933979 0.241353 0.409423 0.357201 0.00744637 0.669366 0.964974 0.990943 0.414058 0.698299 0.0163084 0.2118 0.0157578 0.00204652 0.00163963 0.0259763 0.0608913 0.00753925 0.0503882 0.0336375 0.0791884 0.0270441 0.00863809 0.00944024 0.812093 0.00443914 0.00446217 0.458407 0.00604352 0.0172028 0.00416837 0.00929409 0.0263306 0.158345 0.335102
0.952079 0.952543 0.942076 0.983747 0.553938 0.979731 0.959443 0.990578 0.192287 0.936692 0.981284 0.912008 0.454222 0.960548 0.320664 0.757936 0.946371 0.989243 0.90982 0.992466 0.981857 0.88161 0.992474 0.99069 0.951931 0.991403 0.985883 0.0571668 0.989255 0.892018 0.920517 0.920624 0.961898 0.10161 0.990368 0.808201 0.992475 0.69876 0.97006 0.98376 0.873534 0.732505 0.828059 0.813906 0.99796 0.982216 0.26789 0.868099 0.987491 0.0371753 0.0595245 0.00494073 0.0334368 0.0385739 0.010343 0.467587 0.181042 0.0404776 0.00599404 0.17889 0.674507 0.116239 0.757952 0.00204063 0.984371 0.00928496 0.243268 0.41134 0.356144 0.00737454 0.672511 0.965169 0.991078 0.415229 0.701595 0.0162118 0.211249 0.0156366 0.00204176 0.00161995 0.0259952 0.0607062 0.00751388 0.0501139 0.0332965 0.0800289 0.0267573 0.00854039 0.00941 0.813792 0.00441704 0.00441218 0.459055 0.00596437 0.0171347 0.00411722 0.0092408 0.0260818 0.157924 0.333224
0.952428 0.952773 0.942976 0.983845 0.555932 0.979847 0.959677 0.990606 0.191794 0.937131 0.981468 0.912239 0.450267 0.960295 0.319311 0.755986 0.946608 0.98926 0.910622 0.992491 0.98195 0.882309 0.99257 0.990745 0.952127 0.991501 0.985904 0.0566032 0.989274 0.892124 0.919672 0.919783 0.962229 0.100855 0.990498 0.808722 0.992499 0.699583 0.97035 0.983857 0.874056 0.731996 0.828729 0.813352 0.997965 0.982415 0.26609 0.86778 0.98759 0.0368336 0.0593141 0.0049201 0.0331005 0.0381284 0.0103503 0.470474 0.18275 0.0402402 0.00591633 0.177979 0.673895 0.114886 0.757742 0.00203556 0.984489 0.0092317 0.245219 0.413255 0.355082 0.00730252 0.675604 0.965367 0.991211 0.416401 0.704854 0.0161157 0.210686 0.015515 0.00203706 0.00160058 0.0260155 0.0605274 0.007489 0.0498328 0.0329571 0.0808788 0.0264818 0.008445 0.00938062 0.815473 0.00439533 0.00436401 0.45973 0.00588588 0.0170724 0.00406682 0.00918783 0.0258357 0.157453 0.33129
0.952779 0.953017 0.943857 0.983942 0.557939 0.979962 0.959915 0.990636 0.191287 0.937561 0.981648 0.912477 0.446356 0.960048 0.317903 0.754032 0.94685 0.989278 0.911426 0.992517 0.982042 0.883009 0.992664 0.990799 0.952307 0.991597 0.985923 0.0560441 0.989293 0.892239 0.918823 0.918929 0.962553 0.100091 0.990626 0.809212 0.992523 0.700344 0.970631 0.983952 0.874583 0.7315 0.829408 0.812766 0.99797 0.982613 0.264269 0.867466 0.987689 0.0364964 0.0591033 0.00489959 0.0327703 0.0376876 0.0103583 0.473394 0.18445 0.0400015 0.00583968 0.177078 0.673254 0.113552 0.757513 0.00203071 0.984609 0.00917765 0.247168 0.415226 0.35403 0.00723343 0.678661 0.965564 0.991341 0.41752 0.708112 0.0160202 0.210111 0.0153954 0.00203209 0.00158148 0.0260315 0.0603345 0.00746273 0.0495539 0.0326309 0.0817526 0.0262099 0.00834989 0.00935023 0.817128 0.00437345 0.00431634 0.460406 0.00580874 0.0170104 0.00401711 0.00913468 0.0256001 0.157006 0.329377
0.953123 0.953251 0.944731 0.984037 0.560029 0.980073 0.960148 0.990664 0.19079 0.937992 0.981822 0.912723 0.442363 0.959787 0.316512 0.752029 0.947082 0.989299 0.91222 0.992542 0.982134 0.883729 0.992756 0.990853 0.952493 0.991693 0.985943 0.0554908 0.989312 0.892355 0.917949 0.91804 0.962869 0.0993421 0.990751 0.809742 0.992548 0.701116 0.970911 0.984047 0.875135 0.730972 0.830057 0.812207 0.997975 0.982806 0.262468 0.867147 0.987786 0.0361627 0.05888 0.00487942 0.0324457 0.037249 0.0103685 0.476307 0.186174 0.0397589 0.00576417 0.176175 0.672633 0.112233 0.757271 0.00202598 0.984726 0.00912391 0.24919 0.417161 0.35294 0.00716336 0.681729 0.965763 0.991466 0.418718 0.711375 0.0159267 0.209544 0.0152779 0.00202723 0.00156239 0.0260486 0.0601562 0.0074377 0.0492698 0.0323059 0.0826237 0.0259376 0.00825634 0.00932028 0.818804 0.00435174 0.00426989 0.461087 0.00573475 0.0169484 0.00396851 0.00908197 0.0253583 0.156557 0.327466
0.953457 0.953483 0.945582 0.984133 0.562057 0.980184 0.960385 0.990692 0.190283 0.938429 0.981996 0.91296 0.438403 0.959525 0.315097 0.749999 0.94732 0.989318 0.912995 0.992568 0.982225 0.884432 0.992848 0.990906 0.952682 0.991785 0.985963 0.054937 0.98933 0.892465 0.917047 0.917137 0.963185 0.0986023 0.990874 0.810266 0.992572 0.701934 0.971187 0.984141 0.875667 0.730429 0.830699 0.811636 0.997979 0.982997 0.260664 0.866867 0.98788 0.0358298 0.0586711 0.00485906 0.0321186 0.0368182 0.0103767 0.47925 0.187936 0.0395247 0.00569145 0.175266 0.671944 0.110921 0.757047 0.00202128 0.984838 0.00907077 0.251206 0.419132 0.351921 0.00709527 0.684831 0.965962 0.991592 0.419947 0.714545 0.015831 0.208954 0.0151634 0.00202275 0.00154363 0.0260652 0.0599601 0.00741385 0.0489866 0.0319782 0.0835228 0.0256771 0.00816415 0.00929051 0.820411 0.00433004 0.00422427 0.461779 0.00566116 0.0168888 0.00392064 0.00903006 0.0251215 0.156071 0.325551
0.953793 0.953717 0.946417 0.984226 0.564125 0.9803 0.960627 0.990722 0.189757 0.938857 0.982169 0.913204 0.434451 0.959262 0.313671 0.747973 0.947562 0.989336 0.913777 0.992594 0.982313 0.885142 0.992938 0.990957 0.952865 0.991878 0.985984 0.054397 0.98935 0.892584 0.916134 0.916218 0.963504 0.0978576 0.990996 0.810761 0.992597 0.702782 0.971451 0.984232 0.876198 0.729855 0.831376 0.811063 0.997984 0.983187 0.258827 0.866577 0.987973 0.0355011 0.0584576 0.00483917 0.0317984 0.0363836 0.010386 0.48224 0.18972 0.039285 0.00561914 0.174367 0.671277 0.109606 0.756766 0.00201631 0.984952 0.00901935 0.253268 0.421119 0.35083 0.0070297 0.687891 0.966158 0.991716 0.42112 0.717721 0.0157389 0.208364 0.0150504 0.00201788 0.00152548 0.0260789 0.0597718 0.00739066 0.0486981 0.0316601 0.0844604 0.0254177 0.00807254 0.00926161 0.82202 0.00430883 0.00417957 0.462485 0.00558895 0.0168288 0.00387351 0.0089786 0.0248791 0.155582 0.323646
0.954127 0.953951 0.947238 0.984319 0.566242 0.980409 0.960862 0.990752 0.18923 0.939272 0.982341 0.913443 0.430514 0.958985 0.312229 0.745931 0.947797 0.989354 0.914544 0.992618 0.982404 0.88585 0.993026 0.991008 0.953032 0.991969 0.986004 0.0538568 0.989368 0.89271 0.915208 0.915294 0.963817 0.0971271 0.991115 0.811284 0.992621 0.703633 0.971712 0.984324 0.876728 0.72929 0.832068 0.810468 0.997988 0.983373 0.257008 0.866281 0.988065 0.0351743 0.0582457 0.00481936 0.0314809 0.0359539 0.0103952 0.485259 0.191504 0.0390483 0.00554793 0.173466 0.670609 0.108324 0.756493 0.00201209 0.985068 0.00896746 0.255334 0.423132 0.349741 0.00696442 0.690916 0.966359 0.991836 0.422341 0.720871 0.0156462 0.207781 0.0149354 0.00201365 0.00150733 0.0260856 0.0595877 0.00736781 0.0484164 0.0313445 0.0854024 0.0251598 0.0079815 0.00923475 0.82363 0.00428832 0.0041346 0.463203 0.00551874 0.0167686 0.00382717 0.00892814 0.0246459 0.155099 0.321749
0.954454 0.954181 0.948046 0.984411 0.568403 0.980521 0.961095 0.990781 0.188689 0.939686 0.98251 0.913681 0.426529 0.958713 0.310789 0.74387 0.948037 0.989372 0.915304 0.992641 0.982492 0.886565 0.993111 0.991058 0.953216 0.992059 0.986025 0.0533122 0.989388 0.892832 0.914282 0.914367 0.964129 0.0963884 0.991232 0.81182 0.992644 0.70447 0.971971 0.984415 0.877283 0.728655 0.83275 0.809849 0.997993 0.983553 0.25517 0.865996 0.988156 0.0348612 0.058028 0.00480028 0.0311643 0.0355361 0.0104052 0.488279 0.193297 0.0388139 0.00547833 0.172557 0.669915 0.107045 0.756169 0.00200787 0.985179 0.00891651 0.257428 0.425193 0.348689 0.00689939 0.694009 0.966559 0.991955 0.423587 0.724002 0.015555 0.207189 0.0148221 0.00200953 0.00148963 0.0260968 0.0593989 0.00734435 0.0481278 0.0310375 0.0863423 0.0249109 0.00789143 0.0092062 0.825211 0.00426814 0.00409099 0.463935 0.00545016 0.0167131 0.00378098 0.00887889 0.0244161 0.154611 0.319845
0.954776 0.954412 0.94884 0.984502 0.570509 0.980633 0.961322 0.990811 0.188141 0.940093 0.982678 0.913923 0.422573 0.958432 0.309342 0.741725 0.948274 0.989392 0.916052 0.992666 0.982577 0.887288 0.993196 0.991107 0.953395 0.992146 0.986046 0.0527784 0.989406 0.892953 0.91333 0.913418 0.964436 0.0956585 0.991346 0.812334 0.992669 0.705308 0.972231 0.984503 0.877872 0.728046 0.83343 0.809207 0.997998 0.98373 0.253297 0.865738 0.988245 0.0345489 0.0578253 0.00478189 0.0308572 0.0351217 0.0104149 0.491292 0.195102 0.0385822 0.00540998 0.171665 0.669208 0.105786 0.755866 0.00200358 0.98529 0.00886636 0.259577 0.427263 0.347584 0.00683786 0.697066 0.966765 0.992071 0.424872 0.727075 0.0154652 0.206597 0.01471 0.00200529 0.00147247 0.0261077 0.0592 0.00732133 0.0478424 0.0307254 0.0872964 0.0246567 0.00780287 0.00917622 0.826815 0.00424764 0.00404812 0.464689 0.00538203 0.0166559 0.00373576 0.00883128 0.0241852 0.154106 0.317941
0.955105 0.954634 0.949622 0.984588 0.572575 0.980741 0.961553 0.990841 0.187583 0.940508 0.982845 0.914157 0.418612 0.958143 0.307916 0.739624 0.948507 0.989411 0.916807 0.992689 0.982658 0.888008 0.99328 0.991158 0.953569 0.992234 0.986069 0.0522472 0.989427 0.89309 0.912374 0.912441 0.964742 0.0949305 0.99146 0.812891 0.992692 0.706172 0.97248 0.984593 0.878426 0.727452 0.834092 0.80858 0.998002 0.983906 0.251448 0.865465 0.988334 0.0342354 0.0576167 0.00476294 0.0305502 0.0347047 0.0104261 0.494313 0.196932 0.0383468 0.00534152 0.170749 0.668432 0.104523 0.755555 0.00199912 0.985399 0.00881689 0.261709 0.429354 0.346537 0.00677487 0.70009 0.966971 0.992185 0.426155 0.73017 0.0153768 0.206001 0.0146017 0.00200097 0.00145544 0.0261198 0.0590005 0.00729891 0.0475572 0.0304201 0.0882685 0.024412 0.00771544 0.00914835 0.828369 0.00422808 0.00400621 0.465455 0.00531478 0.0166006 0.00369112 0.00878202 0.0239562 0.153586 0.316015
0.955429 0.954867 0.950398 0.984677 0.574767 0.980847 0.961783 0.99087 0.187011 0.94092 0.983012 0.914413 0.414618 0.957853 0.306477 0.737495 0.948741 0.989431 0.917563 0.992712 0.982742 0.888745 0.993363 0.991208 0.953739 0.992321 0.986092 0.0517162 0.989449 0.893227 0.911391 0.911463 0.96504 0.0941896 0.991571 0.813466 0.992715 0.707007 0.972729 0.984682 0.878994 0.726776 0.834765 0.807946 0.998006 0.984077 0.249607 0.865174 0.98842 0.0339296 0.0574138 0.00474512 0.0302529 0.0342897 0.0104359 0.497384 0.198783 0.038119 0.00527565 0.169836 0.667707 0.103278 0.755214 0.00199497 0.985509 0.00876631 0.263868 0.431471 0.345464 0.00671344 0.703093 0.967175 0.992297 0.427408 0.73325 0.0152862 0.205421 0.014492 0.00199685 0.00143876 0.0261341 0.0587981 0.00727669 0.0472713 0.0301131 0.0892597 0.0241691 0.00763041 0.00912036 0.829902 0.00420801 0.00396503 0.466305 0.00524818 0.0165448 0.00364704 0.00873301 0.0237277 0.153065 0.314047
0.95575 0.955094 0.951149 0.984766 0.576951 0.980955 0.962014 0.990899 0.186421 0.94132 0.983173 0.914658 0.410649 0.957555 0.305059 0.735292 0.948978 0.989451 0.918323 0.992735 0.982825 0.889471 0.993444 0.991255 0.953914 0.992407 0.986113 0.0511939 0.989468 0.893363 0.910401 0.910455 0.965339 0.0934552 0.991679 0.814034 0.992737 0.707863 0.972972 0.984769 0.879571 0.726111 0.835461 0.80731 0.99801 0.984245 0.247705 0.864899 0.988507 0.0336249 0.0572059 0.00472802 0.0299547 0.0338888 0.010446 0.500473 0.200652 0.0378815 0.00521048 0.168936 0.666929 0.102047 0.754839 0.00199104 0.985618 0.00871957 0.266076 0.433612 0.344391 0.00665283 0.706059 0.96738 0.992408 0.42872 0.736287 0.0151985 0.204834 0.0143848 0.00199245 0.00142278 0.0261407 0.0586031 0.00725465 0.0469853 0.0298122 0.0902615 0.0239314 0.00754493 0.00909108 0.831454 0.00418815 0.00392429 0.467091 0.00518484 0.01649 0.00360395 0.00868731 0.0234991 0.152553 0.312108
0.956067 0.955323 0.951891 0.984854 0.579148 0.981062 0.962249 0.990929 0.18588 0.941722 0.983336 0.914899 0.406619 0.957245 0.303638 0.733055 0.949214 0.989472 0.919063 0.992757 0.982909 0.8902 0.993523 0.991302 0.954086 0.99249 0.986137 0.0506697 0.989488 0.893502 0.909381 0.909455 0.965638 0.0927242 0.991786 0.814584 0.992759 0.708759 0.973209 0.984855 0.880153 0.725469 0.836141 0.806625 0.998015 0.984413 0.245801 0.864645 0.98859 0.0333245 0.0569986 0.00471074 0.0296607 0.0334903 0.0104584 0.503543 0.202542 0.0376555 0.00514724 0.167995 0.666143 0.100823 0.754465 0.00198666 0.985729 0.00867267 0.268333 0.435758 0.34332 0.00659366 0.70907 0.967585 0.992516 0.430013 0.739296 0.0151132 0.204263 0.0142768 0.00198829 0.00140671 0.0261478 0.0584105 0.00723056 0.0466919 0.0295237 0.091284 0.0236996 0.00746198 0.00906157 0.832975 0.00416874 0.00388398 0.467913 0.00512175 0.0164362 0.00356101 0.00864137 0.0232784 0.152012 0.310212
0.956383 0.955549 0.952616 0.984937 0.581372 0.981171 0.962479 0.990956 0.185278 0.942114 0.983496 0.915147 0.402653 0.956938 0.302169 0.730783 0.949445 0.989492 0.9198 0.99278 0.982988 0.890908 0.993602 0.991349 0.954248 0.992573 0.986161 0.0501601 0.989507 0.893663 0.908364 0.908426 0.965934 0.0919972 0.991889 0.815206 0.992781 0.70967 0.973443 0.98494 0.880744 0.724844 0.83682 0.805939 0.998019 0.984576 0.243896 0.864395 0.988674 0.0330252 0.0567831 0.00469301 0.0293693 0.0330938 0.0104699 0.506647 0.204487 0.0374238 0.00508478 0.167088 0.665383 0.099612 0.754056 0.00198228 0.985834 0.00862668 0.270572 0.437935 0.342234 0.0065345 0.712033 0.967796 0.992624 0.43133 0.742294 0.015031 0.20367 0.0141724 0.00198418 0.00139118 0.0261569 0.0582108 0.00720923 0.0464009 0.0292369 0.0923157 0.023468 0.00737981 0.00903206 0.834477 0.00414881 0.00384412 0.468755 0.00505931 0.0163834 0.00351867 0.0085961 0.0230577 0.151462 0.308299
0.956692 0.95577 0.953335 0.985021 0.583634 0.981279 0.962709 0.990985 0.184681 0.942506 0.983653 0.915397 0.398634 0.956621 0.300685 0.72852 0.949682 0.989514 0.920536 0.992802 0.983068 0.891641 0.99368 0.991395 0.954408 0.992655 0.986185 0.0496451 0.989528 0.893798 0.907313 0.907379 0.966234 0.0912839 0.991991 0.815785 0.992804 0.710563 0.973674 0.985024 0.881317 0.724154 0.837527 0.805245 0.998023 0.984733 0.242009 0.864154 0.988754 0.0327303 0.0565636 0.00467534 0.0290866 0.0327046 0.0104819 0.509823 0.206366 0.0371946 0.00502358 0.166158 0.664561 0.0984159 0.753661 0.00197816 0.985939 0.00858137 0.272858 0.440112 0.341173 0.00647711 0.715002 0.967995 0.992731 0.432674 0.745257 0.0149469 0.203071 0.0140696 0.00198002 0.00137563 0.0261684 0.058011 0.00718665 0.0461073 0.0289492 0.0933877 0.0232423 0.00729763 0.00900234 0.835978 0.00412945 0.0038059 0.469592 0.00499869 0.016332 0.0034769 0.00855005 0.0228387 0.150902 0.306366
0.957005 0.956002 0.954041 0.985104 0.585867 0.981387 0.962938 0.991014 0.184083 0.942899 0.983808 0.915648 0.394636 0.956298 0.29924 0.726234 0.949903 0.989535 0.921255 0.992823 0.983148 0.892369 0.993757 0.991441 0.954572 0.992736 0.986209 0.0491364 0.989548 0.893938 0.906254 0.906331 0.966521 0.0905768 0.992092 0.816366 0.992826 0.711469 0.9739 0.985108 0.881913 0.723454 0.838243 0.804551 0.998027 0.98489 0.240101 0.863912 0.988837 0.0324405 0.0563624 0.00465856 0.0288043 0.0323154 0.0104928 0.512938 0.208287 0.0369679 0.00496368 0.165246 0.66371 0.097241 0.753231 0.00197437 0.986042 0.00853733 0.275192 0.442322 0.340113 0.00641972 0.71792 0.968205 0.992833 0.434059 0.748215 0.0148614 0.202443 0.0139657 0.00197608 0.00136055 0.0261768 0.0578001 0.00716482 0.0458164 0.0286666 0.094456 0.0230222 0.00721813 0.00897281 0.837447 0.00410985 0.00376815 0.470461 0.00493977 0.0162803 0.00343624 0.00850717 0.0226211 0.15034 0.304432
0.957314 0.956221 0.95473 0.985186 0.588132 0.981493 0.963166 0.991043 0.183486 0.943282 0.983961 0.9159 0.390654 0.955973 0.297776 0.723939 0.95013 0.989556 0.921975 0.992846 0.983225 0.893111 0.993832 0.991486 0.954735 0.992816 0.986236 0.0486338 0.98957 0.894084 0.905161 0.905247 0.966805 0.0898719 0.992191 0.816956 0.992847 0.712389 0.974127 0.98519 0.882505 0.722739 0.83895 0.80382 0.998031 0.985044 0.238183 0.863694 0.988917 0.032151 0.0561439 0.00464101 0.0285272 0.031931 0.0105026 0.516066 0.210242 0.0367379 0.00490517 0.164297 0.662873 0.0960604 0.752793 0.00197018 0.986145 0.0084922 0.277511 0.444576 0.339035 0.00636275 0.720863 0.968405 0.992935 0.435447 0.751139 0.0147783 0.201838 0.0138613 0.00197227 0.00134572 0.0261775 0.0575974 0.00714202 0.0455272 0.0283881 0.0955425 0.0228045 0.00713817 0.00894474 0.838921 0.00409123 0.00373017 0.471342 0.00488107 0.0162308 0.00339667 0.00846343 0.0224096 0.149785 0.302497
0.957621 0.956442 0.955409 0.985268 0.590427 0.981597 0.963396 0.991072 0.182857 0.943673 0.984113 0.916147 0.386657 0.955628 0.296283 0.721574 0.950359 0.989578 0.922691 0.992868 0.9833 0.893845 0.993907 0.991529 0.954893 0.992894 0.986262 0.0481326 0.989591 0.894243 0.90407 0.904157 0.967092 0.0891384 0.992288 0.817563 0.992868 0.713328 0.974352 0.985271 0.883098 0.722016 0.839634 0.803083 0.998035 0.985196 0.236268 0.863456 0.988996 0.0318672 0.0559376 0.00462425 0.0282509 0.0315548 0.0105127 0.51921 0.212227 0.0365052 0.0048475 0.163366 0.662 0.0948866 0.752321 0.00196621 0.986247 0.0084502 0.279911 0.44685 0.337929 0.00630764 0.723773 0.968615 0.993035 0.436816 0.754085 0.0146994 0.201206 0.0137598 0.00196842 0.00133118 0.0261834 0.057386 0.00711983 0.0452372 0.0281133 0.0966591 0.0225894 0.00706018 0.00891479 0.840381 0.00407315 0.00369335 0.472233 0.00482457 0.0161802 0.00335666 0.00842091 0.022199 0.149215 0.300562
0.957922 0.956669 0.956075 0.985349 0.592742 0.981707 0.963618 0.991101 0.182254 0.944062 0.984262 0.916404 0.382669 0.955284 0.294763 0.71918 0.950589 0.9896 0.923393 0.992889 0.983375 0.894584 0.99398 0.991572 0.95504 0.992972 0.986287 0.0476285 0.989614 0.894385 0.902949 0.903035 0.967368 0.088425 0.992382 0.818172 0.992889 0.714237 0.974567 0.985351 0.883706 0.72128 0.84034 0.802348 0.998038 0.985347 0.234363 0.86323 0.989073 0.0315939 0.0557245 0.00460777 0.0279758 0.0311807 0.010524 0.522393 0.214232 0.0362824 0.00479038 0.162423 0.661072 0.0937445 0.751864 0.00196242 0.986349 0.00840736 0.282308 0.449169 0.33686 0.00625376 0.72667 0.968824 0.993133 0.438253 0.756978 0.0146184 0.2006 0.0136568 0.00196485 0.00131679 0.0261892 0.0571828 0.00709945 0.0449358 0.0278451 0.0977748 0.0223786 0.0069844 0.00888594 0.841815 0.00405455 0.00365751 0.473153 0.00476796 0.0161317 0.00331757 0.00837873 0.0219902 0.14864 0.298647
0.958225 0.95689 0.956733 0.985431 0.595073 0.981809 0.963839 0.99113 0.181613 0.944441 0.984409 0.916662 0.378687 0.954934 0.293221 0.716766 0.950817 0.989624 0.924102 0.992909 0.983451 0.895314 0.994051 0.991616 0.95519 0.993048 0.986313 0.0471324 0.989635 0.894537 0.901821 0.901901 0.967647 0.087711 0.992475 0.818805 0.99291 0.715199 0.974781 0.985432 0.884286 0.720524 0.841044 0.801591 0.998042 0.985494 0.232433 0.863007 0.989149 0.0313149 0.0555199 0.00459159 0.027698 0.0308137 0.0105369 0.525596 0.216237 0.0360571 0.0047348 0.161476 0.660155 0.0925912 0.751377 0.00195846 0.98645 0.00836486 0.284763 0.45151 0.335766 0.00620085 0.729551 0.969029 0.993229 0.43969 0.759853 0.0145383 0.199947 0.0135577 0.00196101 0.00130278 0.0261948 0.0569671 0.00707906 0.0446477 0.0275797 0.0989377 0.0221657 0.00690878 0.00885685 0.843247 0.0040361 0.00362157 0.47412 0.00471297 0.0160856 0.00328005 0.00833555 0.0217878 0.148057 0.296706
0.958529 0.957107 0.957384 0.985511 0.597375 0.981916 0.964066 0.99116 0.180996 0.944823 0.984555 0.916927 0.374724 0.954576 0.291689 0.714327 0.951048 0.989647 0.92482 0.992931 0.983523 0.896065 0.994122 0.991657 0.955337 0.993124 0.98634 0.0466392 0.989656 0.8947 0.900662 0.900754 0.967925 0.0870059 0.992567 0.81943 0.99293 0.716121 0.974993 0.985514 0.884905 0.719779 0.841751 0.800856 0.998046 0.985638 0.230505 0.862782 0.989227 0.0310407 0.0552978 0.0045757 0.0274291 0.0304498 0.010547 0.528782 0.218278 0.0358291 0.0046801 0.160531 0.659182 0.0914603 0.75082 0.00195486 0.986551 0.00832502 0.287189 0.453859 0.334669 0.00614794 0.732423 0.969235 0.993324 0.441151 0.762699 0.0144603 0.19932 0.0134606 0.00195744 0.0012888 0.0261999 0.0567471 0.00705799 0.0443559 0.0273145 0.100092 0.0219622 0.00683415 0.00882759 0.844663 0.00401799 0.00358663 0.475094 0.00465904 0.0160397 0.00324237 0.00829332 0.021584 0.147468 0.294712
0.958823 0.957324 0.958026 0.985588 0.599742 0.982023 0.964294 0.991189 0.180361 0.945206 0.984702 0.917196 0.370804 0.954214 0.290176 0.71183 0.951279 0.98967 0.92552 0.992951 0.983595 0.896805 0.994192 0.991698 0.955495 0.993199 0.986367 0.0461507 0.989679 0.894858 0.899476 0.8996 0.968202 0.0862949 0.992656 0.820067 0.992951 0.717087 0.975203 0.985592 0.885512 0.71896 0.842474 0.800107 0.998049 0.985782 0.228547 0.862587 0.989301 0.030774 0.0550949 0.00455974 0.0271638 0.0300908 0.0105595 0.532018 0.220363 0.0356072 0.00462652 0.159596 0.658222 0.0903389 0.750275 0.00195124 0.986651 0.00828425 0.289678 0.456202 0.333557 0.00609614 0.735268 0.96944 0.993417 0.442577 0.765524 0.0143825 0.198666 0.0133633 0.00195426 0.00127537 0.0262021 0.0565369 0.00703804 0.0440614 0.0270488 0.10126 0.0217587 0.00675978 0.00879855 0.846053 0.00400093 0.00355248 0.476057 0.00460598 0.0159927 0.00320499 0.00825107 0.0213781 0.146862 0.292733
0.959117 0.957544 0.958647 0.985666 0.602138 0.982127 0.964522 0.991217 0.179707 0.945584 0.984846 0.91745 0.366838 0.953839 0.288662 0.709345 0.951511 0.989693 0.926202 0.99297 0.983666 0.897519 0.994261 0.99174 0.95565 0.993272 0.986395 0.0456629 0.989703 0.895024 0.898304 0.898399 0.968475 0.0855984 0.992743 0.820726 0.99297 0.718074 0.975411 0.985669 0.886122 0.718155 0.84317 0.799316 0.998053 0.98592 0.226592 0.862407 0.989373 0.0305096 0.0548927 0.00454395 0.0269049 0.0297302 0.01057 0.535249 0.222445 0.0353861 0.00457379 0.158654 0.657249 0.0892304 0.749671 0.00194793 0.98675 0.00824306 0.292207 0.458547 0.332401 0.00604547 0.738086 0.969647 0.993509 0.444089 0.768326 0.0143074 0.198026 0.0132665 0.00195065 0.00126229 0.0262059 0.056324 0.00701764 0.0437694 0.0267855 0.102471 0.0215582 0.00668623 0.00877047 0.847435 0.00398284 0.00351873 0.477045 0.00455332 0.0159452 0.00316835 0.00820977 0.0211786 0.146264 0.290751
0.959411 0.957766 0.959259 0.985741 0.604522 0.98223 0.964745 0.991246 0.179087 0.945959 0.984985 0.917709 0.362881 0.953458 0.287117 0.706826 0.951736 0.989716 0.926888 0.992988 0.983736 0.898253 0.994329 0.99178 0.9558 0.993344 0.986426 0.0451787 0.989725 0.895206 0.897089 0.897191 0.968743 0.0848984 0.99283 0.821391 0.99299 0.71903 0.975611 0.985744 0.886733 0.717311 0.843908 0.798511 0.998057 0.986059 0.224623 0.862225 0.989444 0.0302414 0.0546816 0.0045286 0.0266405 0.0293724 0.0105839 0.538512 0.224549 0.0351698 0.00452191 0.157679 0.656249 0.0881333 0.749088 0.00194465 0.986843 0.00820285 0.29471 0.460911 0.331227 0.00599504 0.740889 0.969855 0.993598 0.445645 0.771138 0.0142325 0.197382 0.0131699 0.00194744 0.00124941 0.0262088 0.056111 0.00699792 0.043473 0.026528 0.103691 0.0213633 0.00661475 0.00874068 0.848803 0.00396588 0.00348566 0.47806 0.00450191 0.0158998 0.00313225 0.00817026 0.0209814 0.145645 0.288785
0.959701 0.957984 0.959855 0.985817 0.606917 0.982333 0.964967 0.991275 0.178445 0.946335 0.985123 0.917985 0.35893 0.953076 0.285525 0.704275 0.951973 0.989739 0.927569 0.993009 0.983807 0.899006 0.994396 0.99182 0.955947 0.993416 0.986454 0.0446916 0.989749 0.895393 0.895854 0.89597 0.969017 0.0841976 0.992915 0.822051 0.99301 0.720046 0.97581 0.985819 0.887362 0.716462 0.844642 0.797674 0.99806 0.986196 0.222674 0.862039 0.989515 0.029982 0.05448 0.00451372 0.0263799 0.0290175 0.010596 0.541789 0.226663 0.0349413 0.0044709 0.156754 0.655221 0.0870291 0.748493 0.0019411 0.986939 0.00816298 0.297241 0.463322 0.330125 0.00594589 0.743726 0.970064 0.993687 0.447169 0.773913 0.0141558 0.196729 0.0130734 0.00194381 0.00123672 0.0262085 0.0559017 0.00697756 0.0431807 0.0262744 0.104919 0.0211691 0.00654545 0.00871101 0.850154 0.0039493 0.00345308 0.479082 0.00445149 0.0158538 0.00309632 0.00813199 0.0207844 0.145026 0.286813
0.959992 0.958207 0.960448 0.985893 0.609313 0.982437 0.965192 0.991304 0.1778 0.946707 0.985262 0.918256 0.354955 0.952687 0.283932 0.70171 0.952204 0.989763 0.928245 0.993029 0.983877 0.899739 0.994462 0.991858 0.956098 0.993487 0.986481 0.0442131 0.989775 0.895565 0.89459 0.894709 0.969283 0.0834968 0.992998 0.822695 0.993029 0.721061 0.976009 0.985892 0.887977 0.715609 0.845369 0.796837 0.998064 0.986331 0.220729 0.861868 0.989584 0.0297254 0.0542686 0.00449872 0.0261248 0.0286684 0.0106089 0.54506 0.228799 0.0347263 0.00442099 0.155786 0.65415 0.0859465 0.74788 0.00193794 0.987032 0.00812402 0.299845 0.465761 0.328975 0.00589685 0.746524 0.970276 0.993774 0.448695 0.77665 0.0140798 0.196058 0.012984 0.00194058 0.00122421 0.0262075 0.0556865 0.00695874 0.0428766 0.026021 0.106193 0.0209781 0.00647522 0.00868137 0.85149 0.00393224 0.00342073 0.480134 0.00440162 0.015811 0.00306143 0.00809183 0.0205906 0.144373 0.284825
0.96028 0.95843 0.961024 0.985968 0.611739 0.982542 0.96541 0.991333 0.177126 0.947079 0.985399 0.918529 0.351002 0.95228 0.282378 0.699118 0.952433 0.989787 0.928917 0.993049 0.983945 0.900464 0.994527 0.991896 0.956243 0.993557 0.986509 0.0437399 0.9898 0.895766 0.893312 0.893446 0.969544 0.0828076 0.993081 0.823353 0.993048 0.72211 0.976201 0.985967 0.888622 0.714732 0.846112 0.795953 0.998067 0.986464 0.21877 0.861707 0.989651 0.0294696 0.0540623 0.00448392 0.0258726 0.0283166 0.0106213 0.548376 0.23097 0.0345064 0.00437205 0.154848 0.653056 0.0848711 0.7472 0.00193445 0.987125 0.00808546 0.302476 0.468252 0.327843 0.0058493 0.749309 0.970484 0.993859 0.450268 0.779376 0.0140048 0.195406 0.012892 0.00193708 0.00121192 0.0262051 0.0554735 0.00694002 0.0425785 0.0257706 0.107482 0.0207877 0.00640607 0.00865309 0.852807 0.00391516 0.00338912 0.481172 0.00435294 0.0157677 0.00302697 0.00805506 0.0204046 0.14373 0.28287
0.960558 0.958648 0.961595 0.986039 0.614169 0.982645 0.96563 0.991362 0.176449 0.947455 0.985535 0.918795 0.347101 0.951863 0.280815 0.696485 0.952668 0.989813 0.929592 0.993067 0.984013 0.901218 0.994591 0.991934 0.956378 0.993626 0.986537 0.0432778 0.989826 0.895966 0.892019 0.892161 0.969803 0.0821076 0.993161 0.824009 0.993068 0.723121 0.976396 0.986039 0.88923 0.713803 0.846851 0.795109 0.99807 0.986592 0.216838 0.861558 0.98972 0.0292176 0.0538447 0.0044695 0.0256225 0.0279799 0.0106335 0.551687 0.23319 0.0342849 0.00432395 0.153906 0.651991 0.0838129 0.746552 0.00193122 0.987217 0.00804803 0.30513 0.470737 0.32674 0.0058021 0.752093 0.970693 0.993943 0.451876 0.782067 0.0139323 0.19476 0.0127985 0.00193391 0.00119967 0.0262004 0.0552606 0.00692153 0.0422868 0.0255227 0.10878 0.0206017 0.00633691 0.00862308 0.854138 0.00389822 0.00335752 0.482257 0.00430529 0.0157237 0.00299346 0.00801883 0.0202135 0.14307 0.280905
0.960843 0.958864 0.96216 0.986108 0.616578 0.982747 0.965848 0.991392 0.175764 0.947817 0.98567 0.919057 0.343193 0.951439 0.279235 0.693832 0.952892 0.989838 0.930249 0.993085 0.984082 0.901951 0.994654 0.991974 0.956519 0.993694 0.986566 0.0428103 0.98985 0.896159 0.890696 0.890817 0.970062 0.0814132 0.993239 0.824699 0.993087 0.724128 0.976582 0.98611 0.889857 0.712854 0.847583 0.794249 0.998073 0.98672 0.214902 0.861385 0.989787 0.0289727 0.0536349 0.00445507 0.0253764 0.0276413 0.0106453 0.554991 0.235395 0.0340639 0.00427652 0.152946 0.650897 0.0827731 0.745813 0.00192747 0.987309 0.00801015 0.307788 0.473268 0.325595 0.00575544 0.75485 0.970906 0.994025 0.453446 0.78479 0.0138595 0.194094 0.0127088 0.00193068 0.00118781 0.0261963 0.0550466 0.00690244 0.041999 0.0252806 0.110101 0.0204189 0.00626935 0.00859435 0.855453 0.00388214 0.0033268 0.48334 0.00425836 0.0156811 0.00295997 0.00798132 0.0200238 0.142427 0.278938
0.961125 0.959076 0.962714 0.986177 0.619022 0.982848 0.966057 0.991421 0.175065 0.948183 0.985804 0.919321 0.339296 0.951012 0.277657 0.691118 0.95312 0.989864 0.930906 0.993103 0.984147 0.9027 0.994716 0.992013 0.95666 0.99376 0.986593 0.0423596 0.989873 0.896352 0.889356 0.889473 0.970319 0.0807233 0.993317 0.825384 0.993106 0.72519 0.976766 0.986183 0.890479 0.711906 0.848317 0.793368 0.998076 0.986844 0.212946 0.861251 0.989852 0.0287342 0.0534337 0.00444163 0.0251297 0.0273088 0.0106595 0.558328 0.237585 0.0338462 0.00422993 0.151979 0.649751 0.0817269 0.745148 0.00192416 0.9874 0.00797202 0.310486 0.475766 0.324456 0.00570976 0.75758 0.971113 0.994105 0.45504 0.787457 0.0137887 0.193436 0.0126154 0.00192728 0.00117609 0.0261931 0.0548239 0.00688447 0.0417017 0.0250372 0.111456 0.0202379 0.00620276 0.00856535 0.856747 0.00386593 0.00329692 0.484425 0.00421232 0.0156414 0.0029268 0.00794424 0.0198377 0.141775 0.276967
0.961403 0.95929 0.963254 0.986249 0.621493 0.982947 0.966271 0.99145 0.174358 0.948544 0.985934 0.91958 0.33542 0.950574 0.276118 0.688379 0.953347 0.989888 0.931558 0.993122 0.984213 0.903433 0.994777 0.992049 0.956791 0.993826 0.986626 0.0419076 0.989899 0.896552 0.888005 0.88812 0.970571 0.0800352 0.993395 0.826088 0.993125 0.726246 0.976948 0.986254 0.891109 0.710904 0.849058 0.792454 0.998079 0.986965 0.210962 0.861132 0.989918 0.0284917 0.0532242 0.00442773 0.0248936 0.0269783 0.0106735 0.561688 0.239841 0.0336291 0.00418439 0.151033 0.648566 0.0806861 0.744393 0.00192112 0.987491 0.00793579 0.313226 0.478385 0.323314 0.00566466 0.760348 0.971323 0.994186 0.456628 0.790088 0.0137187 0.192777 0.0125248 0.00192386 0.00116475 0.0261851 0.0545987 0.00686619 0.0414086 0.0247986 0.112809 0.0200633 0.00613704 0.00853486 0.85804 0.00384987 0.00326756 0.485567 0.00416777 0.0156019 0.00289449 0.00790808 0.0196507 0.141112 0.274987
0.96168 0.959506 0.963781 0.986319 0.623997 0.983049 0.966481 0.991481 0.173645 0.948904 0.986062 0.919855 0.331548 0.95013 0.274503 0.68562 0.953577 0.989912 0.932199 0.99314 0.984277 0.904168 0.994837 0.992084 0.956926 0.993891 0.986656 0.0414483 0.989925 0.896752 0.886597 0.886732 0.970823 0.0793558 0.99347 0.826802 0.993143 0.727297 0.977127 0.986325 0.891751 0.709969 0.849823 0.791541 0.998083 0.987085 0.20898 0.861009 0.989981 0.0282511 0.0530075 0.00441388 0.0246582 0.0266496 0.0106855 0.565041 0.24212 0.0334133 0.00413914 0.150074 0.647393 0.0796783 0.743647 0.00191804 0.987579 0.00789965 0.316021 0.480963 0.322147 0.00562112 0.763048 0.971533 0.994265 0.458267 0.792703 0.0136481 0.192114 0.0124357 0.00192061 0.00115357 0.0261814 0.0543663 0.00684826 0.0411047 0.0245629 0.114208 0.0198882 0.00607275 0.00850671 0.859301 0.00383339 0.00323838 0.486728 0.00412361 0.0155605 0.00286285 0.00787213 0.0194669 0.140446 0.272995
0.961958 0.959726 0.964312 0.98639 0.626517 0.983147 0.966694 0.991511 0.172927 0.949261 0.98619 0.920124 0.327684 0.949675 0.27293 0.682852 0.953803 0.989937 0.932843 0.993157 0.984339 0.904918 0.994897 0.99212 0.957065 0.993956 0.986683 0.0410069 0.989951 0.896966 0.885205 0.885325 0.971076 0.0786667 0.993543 0.827517 0.993159 0.728405 0.977301 0.986392 0.892394 0.70898 0.850566 0.790606 0.998086 0.987202 0.207025 0.860897 0.990043 0.0280108 0.0528016 0.0043988 0.0244232 0.0263278 0.0106972 0.568443 0.24442 0.0332005 0.004095 0.149113 0.64617 0.0786749 0.742871 0.00191553 0.987668 0.00786369 0.318838 0.48354 0.321009 0.00557827 0.765712 0.971745 0.994342 0.45999 0.795312 0.0135803 0.191434 0.0123459 0.00191722 0.0011425 0.0261683 0.0541459 0.00682987 0.0408107 0.0243338 0.115633 0.0197212 0.00600884 0.00847934 0.86056 0.00381731 0.00321038 0.487929 0.00408021 0.0155217 0.00283118 0.00783683 0.0192875 0.139757 0.271021
0.962231 0.959937 0.964827 0.986455 0.629035 0.983245 0.96691 0.99154 0.172187 0.949621 0.986315 0.920392 0.323795 0.949207 0.271305 0.680041 0.954033 0.989963 0.933475 0.993175 0.984405 0.905675 0.994956 0.992155 0.957201 0.99402 0.986716 0.0405638 0.989977 0.897187 0.883772 0.883911 0.971321 0.077987 0.993616 0.828258 0.993177 0.729485 0.977474 0.986461 0.893017 0.707932 0.851318 0.789656 0.998089 0.987317 0.205033 0.860794 0.990106 0.0277731 0.05259 0.00438522 0.0241937 0.0260082 0.0107104 0.57186 0.246771 0.0329872 0.00405151 0.148167 0.644952 0.0776817 0.742086 0.00191258 0.987756 0.00782882 0.321707 0.486186 0.319864 0.00553599 0.768338 0.971956 0.994418 0.461672 0.797845 0.0135108 0.190753 0.0122582 0.00191397 0.00113151 0.0261586 0.0539213 0.00681117 0.0405216 0.0241032 0.117064 0.0195512 0.00594494 0.00845005 0.86178 0.00380187 0.00318231 0.489104 0.00403792 0.0154837 0.00280008 0.00780182 0.0191102 0.139081 0.269076
0.962506 0.960151 0.965325 0.986524 0.631564 0.983345 0.96712 0.991569 0.171449 0.949975 0.986439 0.920665 0.319902 0.948732 0.269686 0.677181 0.954266 0.989991 0.934101 0.993193 0.984465 0.906422 0.995013 0.992189 0.957335 0.994083 0.986747 0.0401284 0.990002 0.897414 0.882332 0.88246 0.97157 0.0773128 0.993685 0.828997 0.993194 0.730572 0.977646 0.986532 0.893654 0.706859 0.852097 0.788671 0.998092 0.987431 0.203078 0.860676 0.990168 0.0275402 0.0523805 0.00437257 0.023965 0.0256902 0.0107232 0.57529 0.249129 0.0327765 0.00400988 0.147214 0.643728 0.0766889 0.741265 0.00190938 0.987842 0.00779442 0.324593 0.488823 0.318727 0.00549374 0.770983 0.97217 0.994493 0.463372 0.800367 0.013442 0.190074 0.0121715 0.0019109 0.00112094 0.0261488 0.0536957 0.00679296 0.0402283 0.0238762 0.118543 0.0193838 0.00588326 0.00841908 0.863023 0.00378661 0.00315466 0.490312 0.00399542 0.0154486 0.00276942 0.00776828 0.0189338 0.138418 0.267105
0.962779 0.960366 0.96582 0.986591 0.634118 0.983445 0.967328 0.991597 0.170704 0.950329 0.986564 0.920938 0.316077 0.948247 0.268044 0.674295 0.954492 0.990016 0.93473 0.993211 0.984525 0.907166 0.995069 0.992224 0.957465 0.994145 0.986779 0.0396891 0.99003 0.897655 0.880852 0.880977 0.971813 0.0766457 0.993755 0.829735 0.993212 0.731666 0.977812 0.986599 0.894305 0.705813 0.852869 0.787673 0.998095 0.987545 0.201088 0.860591 0.990229 0.0273052 0.0521724 0.00435956 0.0237406 0.0253761 0.0107346 0.578711 0.251496 0.0325637 0.00396908 0.146265 0.642443 0.0757158 0.740397 0.0019067 0.98793 0.00776011 0.327491 0.491537 0.317569 0.00545261 0.773591 0.972376 0.994566 0.465135 0.80286 0.0133792 0.189389 0.0120843 0.00190809 0.00111046 0.0261355 0.0534723 0.00677644 0.0399299 0.023647 0.12004 0.0192199 0.00582131 0.0083884 0.864236 0.00377171 0.00312772 0.491545 0.0039542 0.015413 0.00273959 0.00773347 0.0187568 0.137747 0.265118
0.963051 0.960581 0.966309 0.986658 0.63664 0.983539 0.967544 0.991626 0.16997 0.950672 0.986686 0.921222 0.31227 0.947755 0.2664 0.671428 0.954717 0.990044 0.935352 0.993229 0.98459 0.907913 0.995125 0.992259 0.957599 0.994205 0.986811 0.0392566 0.990057 0.897885 0.879344 0.879457 0.972053 0.0759707 0.993823 0.830497 0.99323 0.732745 0.977978 0.986664 0.894964 0.704744 0.853632 0.786669 0.998098 0.987658 0.199119 0.860508 0.990289 0.0270731 0.0519656 0.00434633 0.0235163 0.0250687 0.0107478 0.582155 0.253878 0.0323557 0.00392834 0.145324 0.641155 0.0747438 0.739528 0.00190363 0.988016 0.00772711 0.330417 0.494265 0.316391 0.00541099 0.776209 0.972584 0.994638 0.46688 0.805337 0.0133133 0.188691 0.0119981 0.00190498 0.00110022 0.026124 0.053246 0.00675943 0.0396382 0.0234236 0.121572 0.0190583 0.00576065 0.00835832 0.865458 0.00375699 0.00310132 0.49275 0.00391433 0.015377 0.00270969 0.00770139 0.0185873 0.137052 0.263136
0.963318 0.960799 0.966786 0.986722 0.639215 0.983636 0.967761 0.991654 0.169215 0.951029 0.986807 0.921497 0.308504 0.947249 0.264794 0.668497 0.954946 0.990072 0.935975 0.993245 0.984655 0.908646 0.995179 0.99229 0.957733 0.994266 0.986843 0.0388287 0.990086 0.898117 0.877802 0.87793 0.972293 0.0753003 0.99389 0.83124 0.993248 0.733877 0.978136 0.986729 0.89562 0.70364 0.854408 0.785664 0.998101 0.987767 0.197138 0.860446 0.990348 0.0268445 0.0517546 0.00433331 0.0232956 0.0247652 0.0107609 0.585583 0.256262 0.0321477 0.0038883 0.144354 0.63984 0.0737865 0.738657 0.00190102 0.988101 0.00769433 0.333398 0.496982 0.315207 0.0053701 0.778763 0.972795 0.994709 0.468631 0.807812 0.013249 0.187987 0.0119125 0.00190198 0.00109011 0.0261087 0.0530174 0.00674278 0.0393482 0.0232013 0.123106 0.0188974 0.00570003 0.00832838 0.866628 0.00374258 0.00307551 0.494006 0.00387393 0.0153387 0.0026803 0.00766707 0.0184164 0.136332 0.261168
0.963585 0.961014 0.96726 0.986785 0.641775 0.983735 0.967975 0.991684 0.168426 0.951369 0.986926 0.92178 0.304699 0.946735 0.263161 0.665548 0.955178 0.990101 0.936596 0.993262 0.984718 0.909381 0.995233 0.992324 0.957868 0.994325 0.986876 0.0383923 0.990113 0.898359 0.876247 0.876385 0.972532 0.0746312 0.993956 0.832027 0.993264 0.734995 0.978293 0.986794 0.896273 0.702543 0.855188 0.784649 0.998103 0.987875 0.195182 0.860361 0.990406 0.0266168 0.0515451 0.00432104 0.023081 0.0244625 0.0107729 0.589027 0.258711 0.0319382 0.00384941 0.143397 0.638532 0.072841 0.737733 0.00189797 0.988186 0.00766282 0.336347 0.499728 0.314041 0.00532969 0.781326 0.973003 0.994778 0.470419 0.810265 0.0131835 0.187295 0.0118288 0.00189934 0.00108023 0.0260929 0.0527948 0.00672551 0.0390556 0.0229845 0.124667 0.0187379 0.00563959 0.00829801 0.867819 0.00372774 0.00304994 0.495288 0.00383474 0.0153036 0.00265167 0.00763475 0.0182491 0.135652 0.259229
0.963843 0.961232 0.967726 0.986851 0.6444 0.983833 0.96818 0.991714 0.167678 0.951708 0.987044 0.922067 0.30091 0.946204 0.261543 0.662551 0.955407 0.990129 0.937206 0.993279 0.984778 0.910113 0.995287 0.992355 0.957992 0.994384 0.986905 0.0379672 0.990141 0.898602 0.874658 0.874782 0.972766 0.0739703 0.99402 0.832798 0.993282 0.73615 0.978452 0.986859 0.89694 0.701381 0.855961 0.783635 0.998107 0.987981 0.193209 0.860309 0.990462 0.0263957 0.0513338 0.00430835 0.0228651 0.0241629 0.0107852 0.592431 0.261169 0.0317314 0.00381053 0.142447 0.637187 0.0719079 0.736814 0.00189502 0.988268 0.00763014 0.339396 0.502475 0.312835 0.00529058 0.783911 0.973214 0.994846 0.472205 0.8127 0.0131186 0.186564 0.0117462 0.00189636 0.00107051 0.0260743 0.0525704 0.00670825 0.0387675 0.0227735 0.12627 0.0185838 0.00558117 0.00826963 0.869014 0.00371331 0.00302435 0.496565 0.00379664 0.0152688 0.00262312 0.00760374 0.0180817 0.134951 0.257259
0.9641 0.961441 0.968179 0.986915 0.646945 0.983929 0.968385 0.991745 0.16689 0.952052 0.987161 0.922339 0.297179 0.945667 0.259932 0.659503 0.955635 0.990158 0.937816 0.993297 0.984837 0.910857 0.995338 0.992387 0.958122 0.994441 0.986939 0.0375505 0.990169 0.89886 0.873038 0.873165 0.972998 0.0733196 0.994083 0.833552 0.993298 0.7373 0.97861 0.986922 0.897601 0.700191 0.856749 0.782552 0.998109 0.988085 0.191234 0.860254 0.99052 0.0261744 0.0511169 0.0042956 0.0226523 0.0238667 0.0107977 0.595857 0.263652 0.0315263 0.0037721 0.141487 0.635829 0.0709762 0.735878 0.00189252 0.988351 0.00759888 0.342444 0.505309 0.311654 0.00525199 0.786448 0.973424 0.994914 0.474069 0.815079 0.0130566 0.185855 0.0116632 0.00189341 0.00106111 0.0260531 0.0523341 0.00669237 0.0384777 0.0225647 0.127911 0.0184295 0.00552406 0.00824076 0.870207 0.00369877 0.00299988 0.497928 0.00375938 0.0152343 0.00259496 0.00757229 0.0179151 0.134238 0.25529
0.964358 0.961651 0.968632 0.986976 0.649516 0.984023 0.968597 0.991775 0.166096 0.952394 0.987277 0.922622 0.293439 0.945119 0.258278 0.656413 0.955862 0.990186 0.938426 0.993313 0.984895 0.91159 0.995389 0.992419 0.958251 0.9945 0.986971 0.037139 0.990197 0.89912 0.871406 0.871534 0.973227 0.0726522 0.994145 0.834338 0.993314 0.738496 0.978766 0.986986 0.898255 0.698998 0.857532 0.781493 0.998112 0.988189 0.189291 0.860221 0.990575 0.025957 0.0509038 0.00428348 0.02244 0.0235711 0.01081 0.599317 0.266154 0.0313222 0.00373511 0.140505 0.63439 0.0700626 0.734886 0.00188991 0.988434 0.00756692 0.345537 0.508099 0.310432 0.00521393 0.788942 0.973633 0.99498 0.475958 0.817436 0.0129911 0.185173 0.011582 0.00189072 0.00105163 0.0260328 0.0521125 0.00667717 0.0381835 0.0223544 0.129577 0.0182794 0.00546713 0.00821173 0.871365 0.00368547 0.00297552 0.499263 0.00372276 0.0151985 0.00256755 0.00754075 0.0177505 0.133515 0.253325
0.96462 0.961864 0.969073 0.987038 0.652089 0.98412 0.968802 0.991804 0.16532 0.952732 0.987393 0.922905 0.289725 0.94456 0.256585 0.65331 0.956086 0.990213 0.939029 0.993329 0.984952 0.912324 0.995441 0.992452 0.958383 0.994556 0.987003 0.0367254 0.990225 0.899393 0.869743 0.869872 0.973455 0.0719986 0.994206 0.83512 0.993331 0.739688 0.978921 0.987048 0.898915 0.697793 0.858358 0.780379 0.998114 0.988289 0.187346 0.860196 0.99063 0.0257389 0.0506909 0.00427058 0.0222343 0.0232779 0.0108235 0.602779 0.268676 0.0311224 0.00369895 0.139551 0.632954 0.0691646 0.733883 0.00188695 0.988513 0.00753589 0.348651 0.510953 0.309171 0.00517561 0.791398 0.973841 0.995045 0.477897 0.819766 0.0129272 0.184416 0.0115003 0.00188841 0.00104254 0.0260142 0.0518812 0.00666118 0.0378895 0.0221432 0.131259 0.0181308 0.00541116 0.00818083 0.872524 0.00367121 0.00295165 0.50061 0.00368678 0.0151645 0.00254037 0.00751012 0.0175891 0.132811 0.251361
0.964874 0.96207 0.969503 0.9871 0.65471 0.984212 0.969013 0.991833 0.164521 0.953066 0.987504 0.923193 0.286003 0.943985 0.254928 0.650208 0.956309 0.990242 0.939626 0.993344 0.985008 0.91306 0.995491 0.992481 0.958509 0.994612 0.987036 0.0363184 0.990254 0.899668 0.868054 0.868189 0.973684 0.0713406 0.994266 0.835942 0.993347 0.740891 0.979074 0.98711 0.899598 0.696555 0.859143 0.77923 0.998117 0.988389 0.185388 0.860162 0.990685 0.0255199 0.0504888 0.00425865 0.0220257 0.022989 0.0108354 0.60625 0.271206 0.0309186 0.00366299 0.138585 0.631469 0.0682696 0.732846 0.00188459 0.988594 0.00750602 0.351809 0.513792 0.307944 0.00513742 0.793851 0.974053 0.99511 0.479807 0.822077 0.0128648 0.183702 0.011421 0.00188545 0.00103369 0.0259904 0.0516444 0.00664447 0.0376054 0.0219419 0.132986 0.0179843 0.00535678 0.00815103 0.873659 0.00365719 0.00292772 0.50201 0.00365162 0.0151317 0.00251352 0.00747899 0.0174286 0.132086 0.249405
0.965134 0.962273 0.969926 0.987162 0.657315 0.984305 0.969213 0.991863 0.16371 0.953387 0.987616 0.923471 0.282327 0.943403 0.25329 0.647045 0.956535 0.99027 0.940218 0.993359 0.985066 0.913799 0.99554 0.992512 0.958632 0.994667 0.98707 0.0359155 0.990285 0.899934 0.866345 0.866453 0.973909 0.0706963 0.994325 0.836752 0.993362 0.74204 0.979224 0.987173 0.900266 0.695301 0.859933 0.778078 0.99812 0.988487 0.183449 0.860179 0.99074 0.0253062 0.0502777 0.00424649 0.0218229 0.0227027 0.0108475 0.609734 0.273765 0.0307092 0.00362801 0.137606 0.630007 0.0673792 0.731836 0.00188221 0.988673 0.00747648 0.354996 0.516657 0.306715 0.00510017 0.796317 0.974263 0.995173 0.481731 0.824375 0.0128033 0.182952 0.0113422 0.00188314 0.00102485 0.0259707 0.0514114 0.00662852 0.0373159 0.0217432 0.134736 0.0178408 0.00530177 0.00812249 0.874824 0.00364364 0.00290431 0.503394 0.00361619 0.0150967 0.00248717 0.00744963 0.0172676 0.131351 0.247454
0.96539 0.962482 0.970342 0.987223 0.65994 0.984397 0.969415 0.991893 0.16288 0.953716 0.987727 0.923748 0.278642 0.942806 0.251655 0.643855 0.956759 0.9903 0.940808 0.993375 0.985122 0.914528 0.995588 0.992542 0.958759 0.994721 0.987104 0.0355116 0.990313 0.900205 0.8646 0.864682 0.974128 0.0700508 0.994382 0.837538 0.993377 0.743252 0.979371 0.987234 0.900944 0.694019 0.860744 0.776925 0.998122 0.988586 0.181489 0.860184 0.990793 0.0250967 0.0500616 0.00423443 0.0216199 0.0224239 0.0108581 0.613271 0.276371 0.0305078 0.00359375 0.136648 0.628485 0.0665098 0.730777 0.00187993 0.988751 0.00744757 0.358228 0.519564 0.305452 0.00506359 0.798744 0.974475 0.995235 0.483696 0.826638 0.012742 0.182207 0.011263 0.00188058 0.00101606 0.0259477 0.0511715 0.00661298 0.0370269 0.0215415 0.136505 0.0177004 0.00524788 0.00809202 0.875951 0.00363017 0.0028814 0.504826 0.00358208 0.0150628 0.00246149 0.00741909 0.0171098 0.130616 0.245492
0.965643 0.962687 0.970755 0.987285 0.662604 0.984492 0.969613 0.991924 0.162068 0.954042 0.987837 0.924031 0.275061 0.942197 0.249991 0.640579 0.956991 0.990331 0.941399 0.99339 0.985178 0.915255 0.995636 0.992571 0.95888 0.994775 0.987137 0.0351148 0.990344 0.900483 0.862831 0.862904 0.974347 0.0694 0.994438 0.838381 0.993392 0.744492 0.979515 0.987295 0.901622 0.692702 0.861576 0.775732 0.998124 0.988682 0.179542 0.860193 0.990844 0.0248909 0.0498412 0.00422306 0.021421 0.0221496 0.0108689 0.616726 0.279022 0.0303028 0.00355945 0.135697 0.626935 0.0656232 0.729696 0.00187718 0.988828 0.00741891 0.361434 0.522458 0.30421 0.00502862 0.801195 0.974678 0.995296 0.485675 0.828868 0.0126821 0.181459 0.0111834 0.00187799 0.00100753 0.0259222 0.0509407 0.00659753 0.0367363 0.0213477 0.138304 0.0175626 0.00519418 0.00806288 0.877068 0.00361621 0.00285859 0.50628 0.00354779 0.0150313 0.00243592 0.00739004 0.0169566 0.129853 0.243524
0.965898 0.962901 0.971162 0.987345 0.665261 0.984585 0.969815 0.991953 0.161238 0.954366 0.987945 0.924296 0.271448 0.941583 0.248367 0.637311 0.957225 0.990361 0.941979 0.993405 0.985234 0.915982 0.995683 0.992599 0.959 0.994828 0.987172 0.0347244 0.990373 0.900757 0.861028 0.861093 0.974566 0.0687617 0.994495 0.839204 0.993407 0.745744 0.97966 0.987352 0.902283 0.691364 0.862405 0.774504 0.998126 0.988778 0.177586 0.860215 0.990895 0.0246884 0.0496332 0.00421236 0.0212236 0.0218738 0.0108795 0.620208 0.281705 0.0301032 0.00352621 0.13471 0.625322 0.0647547 0.728574 0.00187473 0.988905 0.00738974 0.364733 0.525408 0.30295 0.00499339 0.803615 0.974886 0.995356 0.487657 0.831058 0.0126249 0.180717 0.0111056 0.00187534 0.000999154 0.0258968 0.0506986 0.00658123 0.0364519 0.0211522 0.140142 0.0174242 0.00514139 0.00803349 0.878177 0.00360312 0.0028365 0.507713 0.00351477 0.0149997 0.00241088 0.00736021 0.0168019 0.129103 0.24154
0.966149 0.963108 0.971555 0.987403 0.667989 0.984678 0.970015 0.991982 0.16042 0.954699 0.988053 0.924591 0.267863 0.940942 0.246698 0.634002 0.957454 0.990392 0.942547 0.993418 0.98529 0.91671 0.995729 0.992628 0.959127 0.994882 0.987209 0.0343307 0.990404 0.90103 0.859196 0.859253 0.974786 0.0681072 0.994551 0.840037 0.993422 0.746987 0.9798 0.987412 0.902966 0.690004 0.863229 0.773269 0.998129 0.98887 0.175652 0.86023 0.990945 0.0244853 0.0494139 0.00420041 0.0210262 0.0216039 0.0108897 0.623704 0.284405 0.0299061 0.00349315 0.133751 0.623759 0.0639029 0.727393 0.00187227 0.988981 0.00736101 0.368055 0.528332 0.301702 0.00495904 0.805996 0.97509 0.995415 0.4897 0.833236 0.0125654 0.179965 0.0110294 0.0018729 0.000990903 0.0258656 0.0504586 0.00656564 0.0361597 0.0209555 0.142024 0.0172841 0.00508851 0.00800477 0.879282 0.00359022 0.002815 0.509232 0.0034826 0.014968 0.00238612 0.00733209 0.0166482 0.128347 0.239592
0.966399 0.963313 0.971944 0.987462 0.670678 0.984769 0.970209 0.992012 0.159572 0.955021 0.988161 0.924889 0.264297 0.940287 0.244967 0.630645 0.957681 0.990423 0.943118 0.993433 0.985344 0.917426 0.995775 0.992658 0.959248 0.994933 0.987243 0.0339415 0.990435 0.901331 0.85734 0.857371 0.975001 0.0674657 0.994605 0.840907 0.993435 0.748249 0.979941 0.987469 0.903635 0.688615 0.864031 0.772029 0.998131 0.98896 0.173729 0.860267 0.990993 0.024284 0.049202 0.00418937 0.0208313 0.0213353 0.0108998 0.627197 0.287121 0.0297069 0.00346092 0.132782 0.622148 0.0630617 0.726224 0.00186994 0.989057 0.00733198 0.371419 0.531257 0.300441 0.00492512 0.808366 0.975294 0.995472 0.491682 0.835402 0.0125079 0.179205 0.0109527 0.00187064 0.000982923 0.0258352 0.0502133 0.00655101 0.0358689 0.0207618 0.143927 0.0171482 0.00503714 0.00797492 0.880347 0.00357723 0.00279373 0.510749 0.00345107 0.0149327 0.00236154 0.00730356 0.0164955 0.12759 0.237633
0.966651 0.96352 0.972327 0.987518 0.67337 0.984862 0.970404 0.992043 0.158717 0.955341 0.988268 0.925176 0.260776 0.939618 0.243269 0.627298 0.957912 0.990454 0.943668 0.993448 0.985399 0.918155 0.99582 0.992685 0.959365 0.994984 0.987278 0.0335589 0.990466 0.901631 0.855429 0.855447 0.975214 0.0668306 0.994657 0.841732 0.99345 0.749544 0.980081 0.987524 0.904307 0.6872 0.864831 0.770767 0.998133 0.989051 0.171799 0.860325 0.991043 0.0240814 0.0489838 0.00417847 0.0206384 0.0210701 0.0109107 0.630754 0.289882 0.0295095 0.00343011 0.131782 0.620508 0.0622284 0.725035 0.00186795 0.989131 0.00730488 0.374753 0.534293 0.299176 0.00489116 0.810699 0.975501 0.995529 0.493719 0.837564 0.012451 0.178455 0.0108759 0.00186848 0.000974975 0.0258008 0.0499756 0.00653542 0.0355765 0.0205704 0.145851 0.0170156 0.00498588 0.00794385 0.881427 0.0035643 0.00277298 0.512293 0.0034196 0.0149018 0.00233731 0.0072773 0.01635 0.126841 0.235675
0.966896 0.963726 0.97271 0.987577 0.676101 0.984953 0.9706 0.992073 0.157825 0.95566 0.988372 0.925466 0.257261 0.938942 0.241607 0.623903 0.958139 0.990485 0.944234 0.993463 0.985453 0.918886 0.995864 0.992713 0.959488 0.995035 0.987311 0.0331819 0.990495 0.901935 0.853492 0.853499 0.975431 0.0661955 0.994709 0.842584 0.993464 0.750804 0.980214 0.98758 0.904969 0.685776 0.86566 0.769449 0.998136 0.98914 0.169867 0.860389 0.991091 0.0238812 0.0487642 0.00416741 0.0204505 0.0208091 0.0109212 0.634238 0.292655 0.0293168 0.00339953 0.13081 0.618836 0.0614039 0.723791 0.00186615 0.989205 0.00727752 0.378166 0.537339 0.297906 0.00485818 0.813019 0.975707 0.995584 0.495774 0.839707 0.0123928 0.17768 0.0108001 0.00186611 0.000967118 0.0257651 0.0497299 0.00651924 0.0352889 0.0203801 0.147824 0.0168884 0.00493605 0.00791266 0.882496 0.00355121 0.00275208 0.513887 0.00338872 0.0148654 0.0023132 0.00724954 0.0162031 0.126088 0.23375
0.967136 0.963933 0.973083 0.987633 0.678809 0.985044 0.970789 0.992102 0.156946 0.955975 0.988474 0.925753 0.253742 0.938249 0.239892 0.620417 0.958363 0.990516 0.944796 0.993478 0.985506 0.919602 0.995907 0.992742 0.959608 0.995084 0.987349 0.0328046 0.990526 0.902262 0.85151 0.851536 0.975644 0.0655581 0.994761 0.843441 0.993478 0.752122 0.980345 0.987635 0.905645 0.684308 0.866481 0.768125 0.998138 0.989228 0.16795 0.860463 0.991137 0.023685 0.0485432 0.00415685 0.0202609 0.0205501 0.0109306 0.637732 0.295443 0.0291161 0.00336855 0.12983 0.617157 0.0605953 0.722512 0.00186369 0.989279 0.00725062 0.38164 0.54041 0.296668 0.0048256 0.815332 0.975916 0.995639 0.497935 0.841813 0.0123358 0.176918 0.0107266 0.00186369 0.000959383 0.025737 0.0494804 0.00650529 0.0350052 0.020196 0.149829 0.0167615 0.00488691 0.00788391 0.883549 0.00353853 0.0027315 0.515512 0.00335848 0.0148333 0.00228979 0.00722202 0.0160542 0.125318 0.231821
0.967379 0.964138 0.973452 0.987688 0.681544 0.985136 0.970981 0.992134 0.156054 0.956292 0.988575 0.926064 0.250291 0.937543 0.238226 0.616948 0.958594 0.990548 0.945348 0.993491 0.985558 0.920332 0.99595 0.992769 0.959732 0.995133 0.987386 0.0324277 0.990559 0.90257 0.849492 0.849519 0.975852 0.0649198 0.994811 0.844312 0.993491 0.753437 0.980474 0.987691 0.906318 0.682822 0.867287 0.766762 0.99814 0.989315 0.166007 0.860535 0.991185 0.0234915 0.0483269 0.00414682 0.0200705 0.0202971 0.0109393 0.641245 0.29823 0.0289197 0.00333859 0.128843 0.615435 0.0597872 0.721228 0.00186202 0.989352 0.00722481 0.38513 0.543493 0.29532 0.00479364 0.817598 0.976119 0.995693 0.500102 0.843916 0.0122812 0.176126 0.0106519 0.00186147 0.00095201 0.0257018 0.0492389 0.00649224 0.0347169 0.0200123 0.151868 0.0166383 0.00483883 0.00785398 0.884607 0.00352627 0.00271159 0.517141 0.00332859 0.0147997 0.00226695 0.00719543 0.0159099 0.124529 0.229869
0.967623 0.964343 0.97381 0.987745 0.684266 0.985226 0.971176 0.992165 0.155175 0.956614 0.988675 0.926367 0.246866 0.936816 0.236526 0.613474 0.958815 0.990579 0.945898 0.993505 0.98561 0.921043 0.995993 0.992796 0.959856 0.995182 0.987421 0.0320553 0.990591 0.90288 0.847469 0.847495 0.976062 0.0642948 0.994861 0.8452 0.993506 0.754762 0.980604 0.987747 0.906999 0.681333 0.868124 0.765411 0.998143 0.9894 0.164082 0.86063 0.991232 0.0233002 0.0481105 0.0041357 0.0198873 0.0200423 0.0109491 0.644813 0.301076 0.0287286 0.00330936 0.127873 0.613646 0.0589905 0.719931 0.00185983 0.989425 0.00719814 0.388652 0.546625 0.294002 0.00476176 0.819887 0.97632 0.995746 0.502283 0.845979 0.0122275 0.175336 0.0105795 0.00185931 0.000944712 0.0256672 0.049004 0.00647817 0.0344334 0.0198334 0.15391 0.0165125 0.00479147 0.00782384 0.885649 0.00351464 0.00269227 0.518778 0.00329909 0.014767 0.00224456 0.00716846 0.0157663 0.123759 0.22794
0.967864 0.96455 0.974159 0.9878 0.686982 0.985317 0.97137 0.992194 0.154274 0.956927 0.988774 0.926669 0.243457 0.936071 0.234845 0.609886 0.959041 0.990611 0.946448 0.993519 0.985663 0.921756 0.996034 0.992823 0.959974 0.995229 0.987458 0.0316888 0.990622 0.903199 0.845397 0.845392 0.97627 0.0636747 0.99491 0.846098 0.993521 0.756097 0.980735 0.987802 0.907675 0.679758 0.868949 0.764033 0.998145 0.989485 0.162187 0.860714 0.991279 0.0231044 0.0478908 0.00412517 0.019707 0.0197943 0.0109604 0.648362 0.303922 0.0285384 0.00328029 0.126883 0.611886 0.0582136 0.718573 0.00185771 0.989498 0.00717245 0.392219 0.549772 0.292702 0.00473002 0.822127 0.976519 0.995799 0.504459 0.848029 0.0121712 0.174537 0.0105085 0.00185741 0.000937433 0.0256326 0.048756 0.00646322 0.0341485 0.0196555 0.156034 0.0163897 0.00474368 0.00779513 0.886688 0.003503 0.00267315 0.520472 0.00327048 0.0147349 0.00222173 0.00714152 0.0156243 0.122955 0.225999
0.968102 0.964753 0.974506 0.987854 0.689686 0.985407 0.971558 0.992225 0.153388 0.957235 0.988873 0.92697 0.240042 0.935322 0.233134 0.606318 0.959262 0.990644 0.946988 0.993533 0.985715 0.922462 0.996075 0.992849 0.960091 0.995276 0.987495 0.0313254 0.990652 0.90352 0.843282 0.843252 0.976477 0.0630591 0.994958 0.846987 0.993535 0.757432 0.980863 0.987854 0.908351 0.678198 0.869773 0.76262 0.998147 0.989569 0.160332 0.860828 0.991325 0.0229183 0.0476679 0.00411478 0.0195287 0.0195487 0.01097 0.651911 0.30685 0.0283476 0.0032513 0.125914 0.610072 0.0574369 0.717166 0.00185516 0.989571 0.00714585 0.395844 0.552917 0.291386 0.00469987 0.824348 0.976722 0.995851 0.506652 0.850065 0.0121152 0.173725 0.010439 0.0018553 0.000929957 0.025596 0.0485027 0.00644916 0.0338634 0.0194786 0.158174 0.0162666 0.00469627 0.00776625 0.887727 0.00349121 0.00265455 0.522203 0.00324268 0.0147025 0.00219921 0.00711478 0.015485 0.122176 0.224033
0.968339 0.964959 0.974851 0.987906 0.692406 0.985497 0.971747 0.992254 0.152476 0.957544 0.98897 0.927275 0.236666 0.934558 0.231474 0.602654 0.959483 0.990677 0.947532 0.993548 0.985764 0.923174 0.996115 0.992875 0.960208 0.995322 0.98753 0.0309609 0.990685 0.903854 0.841139 0.841129 0.976677 0.0624389 0.995005 0.847891 0.993549 0.758784 0.98099 0.987907 0.909016 0.676635 0.870622 0.761173 0.998148 0.989651 0.158465 0.860948 0.991369 0.0227314 0.0474491 0.00410433 0.0193519 0.0193054 0.0109789 0.655465 0.309818 0.0281567 0.00322352 0.124928 0.608249 0.0566709 0.715755 0.00185313 0.989642 0.00711962 0.399468 0.556062 0.290025 0.00467018 0.826563 0.976923 0.995902 0.508916 0.85204 0.0120618 0.172908 0.0103683 0.00185312 0.000922976 0.0255606 0.0482537 0.00643535 0.0335881 0.019302 0.160363 0.0161461 0.00465021 0.0077361 0.888758 0.00347932 0.00263569 0.523935 0.00321486 0.0146736 0.00217729 0.00708912 0.0153438 0.121383 0.222101
0.96858 0.965164 0.975188 0.98796 0.69514 0.985587 0.971938 0.992286 0.151578 0.957858 0.989067 0.927578 0.233309 0.93378 0.229743 0.598992 0.959711 0.990708 0.948075 0.993562 0.985817 0.923894 0.996155 0.9929 0.960332 0.995368 0.987566 0.0306025 0.990716 0.904193 0.838956 0.838956 0.976881 0.0618358 0.995051 0.848814 0.993563 0.760144 0.981115 0.98796 0.909699 0.675011 0.871455 0.759714 0.99815 0.98973 0.156604 0.861077 0.991412 0.0225426 0.0472201 0.00409434 0.0191746 0.0190673 0.0109882 0.658969 0.312752 0.0279679 0.00319603 0.123955 0.606363 0.0559222 0.714354 0.00185119 0.989712 0.00709458 0.403123 0.559219 0.288696 0.00464031 0.828751 0.977127 0.995951 0.511184 0.853976 0.0120095 0.172105 0.010297 0.00185122 0.000916053 0.0255214 0.0480109 0.00642068 0.0333104 0.0191265 0.16256 0.0160291 0.00460383 0.00770623 0.889764 0.00346781 0.00261714 0.525744 0.00318791 0.0146405 0.00215653 0.00706416 0.0152061 0.12057 0.220159
0.968811 0.965369 0.975515 0.988012 0.697884 0.985678 0.972126 0.992315 0.150644 0.958164 0.989162 0.927876 0.229981 0.932967 0.22804 0.595296 0.959926 0.99074 0.948608 0.993576 0.985867 0.924585 0.996194 0.992926 0.960454 0.995414 0.987602 0.0302533 0.990748 0.904543 0.836738 0.836725 0.977081 0.0612249 0.995097 0.849743 0.993576 0.761561 0.981237 0.988012 0.910373 0.673356 0.872319 0.758215 0.998152 0.989809 0.154752 0.861237 0.991457 0.0223572 0.0469941 0.0040839 0.0190002 0.0188287 0.010998 0.662498 0.315757 0.0277784 0.00316971 0.122974 0.604463 0.0551749 0.71291 0.00184909 0.989783 0.0070698 0.406815 0.562448 0.287295 0.00461075 0.830911 0.977325 0.996 0.513465 0.855928 0.011956 0.171296 0.0102281 0.00184914 0.000909369 0.0254751 0.0477634 0.00640778 0.0330277 0.0189491 0.164836 0.0159131 0.00455872 0.00767653 0.890772 0.00345592 0.0025996 0.527544 0.00316109 0.0146072 0.00213556 0.007039 0.0150725 0.119768 0.218193
0.969047 0.965574 0.975832 0.988062 0.700569 0.985767 0.972318 0.992344 0.149722 0.958474 0.989257 0.928169 0.226698 0.932143 0.22632 0.591525 0.960143 0.990773 0.949138 0.993589 0.985917 0.925274 0.996233 0.992952 0.96057 0.995459 0.987642 0.0299044 0.990782 0.904904 0.834473 0.834486 0.977282 0.0606156 0.995141 0.850689 0.99359 0.762947 0.981354 0.988063 0.911049 0.671655 0.873173 0.756681 0.998154 0.989887 0.152913 0.861407 0.991499 0.0221733 0.0467689 0.0040741 0.0188292 0.0185941 0.011007 0.666042 0.31877 0.0275933 0.00314274 0.122004 0.602501 0.0544357 0.711436 0.00184732 0.989852 0.00704523 0.410541 0.565704 0.285926 0.00458215 0.833053 0.977527 0.996048 0.515723 0.857831 0.0119034 0.170453 0.010161 0.00184699 0.000902726 0.025431 0.0475154 0.00639413 0.0327472 0.0187785 0.167133 0.0158009 0.00451491 0.00764547 0.89177 0.00344503 0.00258191 0.529364 0.00313479 0.0145748 0.00211491 0.00701493 0.0149369 0.118963 0.216265
0.969281 0.965777 0.976149 0.988113 0.703318 0.985855 0.972498 0.992374 0.148795 0.958773 0.989352 0.928481 0.223404 0.931286 0.224623 0.587771 0.960371 0.990805 0.94966 0.993602 0.985967 0.925962 0.996271 0.992976 0.960694 0.995502 0.987678 0.0295613 0.990816 0.905269 0.832166 0.832182 0.977481 0.0600113 0.995185 0.851632 0.993603 0.764341 0.981476 0.988113 0.911716 0.670001 0.874006 0.755133 0.998156 0.989966 0.151062 0.861593 0.991541 0.0219948 0.0465438 0.0040638 0.018665 0.0183622 0.0110153 0.669565 0.321842 0.0274069 0.00311652 0.121043 0.600521 0.0537003 0.709902 0.00184569 0.989919 0.00702084 0.41428 0.568993 0.284599 0.0045541 0.835161 0.977725 0.996095 0.517999 0.859745 0.0118503 0.169628 0.0100919 0.00184544 0.00089623 0.0253899 0.047269 0.00638106 0.0324752 0.0186079 0.169453 0.0156878 0.00447057 0.00761497 0.892781 0.00343372 0.00256455 0.531202 0.00310868 0.0145439 0.00209443 0.00699077 0.0148031 0.118147 0.214345
0.96951 0.965975 0.976462 0.988166 0.706087 0.985942 0.972687 0.992405 0.147851 0.959079 0.989444 0.928789 0.220146 0.930428 0.222926 0.584017 0.960591 0.990838 0.950189 0.993616 0.986018 0.926662 0.996308 0.993001 0.960812 0.995546 0.987713 0.0292172 0.990849 0.905631 0.829834 0.829832 0.977681 0.0594115 0.995228 0.852563 0.993616 0.76576 0.981592 0.988163 0.912393 0.668295 0.874838 0.753522 0.998157 0.990042 0.149243 0.861767 0.991581 0.0218119 0.0463194 0.00405374 0.0184937 0.0181316 0.011024 0.673036 0.324944 0.0272295 0.00309149 0.120079 0.598547 0.0529722 0.708353 0.00184376 0.989988 0.00699481 0.418106 0.572228 0.283222 0.00452674 0.837266 0.977923 0.996141 0.52037 0.86161 0.0117999 0.168801 0.010025 0.00184366 0.000889877 0.025347 0.0470168 0.00636886 0.0321946 0.0184391 0.171804 0.0155742 0.00442786 0.00758625 0.893759 0.00342249 0.00254758 0.533084 0.00308356 0.0145134 0.00207405 0.00696721 0.0146684 0.117345 0.212424
0.969744 0.966176 0.976772 0.988216 0.708831 0.986026 0.972872 0.992434 0.146897 0.959381 0.989536 0.92909 0.216964 0.929549 0.221225 0.580201 0.960817 0.990871 0.950712 0.993628 0.986068 0.927353 0.996345 0.993024 0.960928 0.99559 0.98775 0.0288817 0.990881 0.906002 0.827451 0.827433 0.977874 0.0588137 0.995271 0.853531 0.993628 0.767192 0.981711 0.988214 0.913054 0.666517 0.875692 0.75188 0.998159 0.990117 0.147413 0.861983 0.991621 0.0216379 0.0460865 0.00404448 0.0183307 0.0179041 0.0110309 0.67661 0.328057 0.0270433 0.0030662 0.11911 0.596491 0.0522503 0.706788 0.00184179 0.990057 0.00697031 0.421947 0.575517 0.281822 0.00449983 0.839346 0.978115 0.996186 0.522715 0.863498 0.0117504 0.167966 0.00995697 0.00184184 0.000883602 0.0253025 0.0467689 0.00635607 0.0319203 0.0182739 0.174221 0.0154623 0.00438481 0.00755714 0.894742 0.00341125 0.00253075 0.535038 0.00305897 0.014483 0.00205426 0.00694446 0.014537 0.116531 0.210492
0.969974 0.966384 0.977076 0.988267 0.711586 0.986114 0.97305 0.992465 0.145944 0.959683 0.989625 0.92939 0.213805 0.928657 0.219481 0.576397 0.961034 0.990904 0.951228 0.993641 0.986115 0.928037 0.996381 0.993047 0.961052 0.995632 0.987787 0.0285443 0.990913 0.906382 0.825034 0.824995 0.97807 0.0582205 0.995313 0.854506 0.993641 0.768645 0.981828 0.988263 0.913732 0.664683 0.876538 0.750217 0.998161 0.990192 0.145603 0.862179 0.991661 0.0214626 0.045857 0.00403451 0.018166 0.0176804 0.0110395 0.680106 0.331248 0.0268561 0.00304178 0.118147 0.594399 0.0515498 0.705168 0.00184023 0.990126 0.00694541 0.425803 0.578843 0.280401 0.004473 0.841412 0.978309 0.996231 0.525114 0.865346 0.0117011 0.16713 0.0098891 0.00184044 0.000877503 0.0252514 0.0465188 0.00634461 0.0316406 0.0181085 0.176673 0.0153535 0.00434191 0.00752709 0.895727 0.0034003 0.0025149 0.536983 0.00303485 0.0144528 0.00203481 0.00692017 0.0144079 0.115712 0.208529
0.970205 0.966584 0.977372 0.988315 0.714304 0.986199 0.973233 0.992496 0.145006 0.959979 0.989712 0.929702 0.210645 0.927733 0.217766 0.572537 0.961258 0.990939 0.951733 0.993653 0.986164 0.928729 0.996417 0.993071 0.961171 0.995674 0.987824 0.0282107 0.990946 0.906762 0.82256 0.822527 0.97826 0.0576269 0.995353 0.855466 0.993654 0.770112 0.981941 0.988314 0.914427 0.662842 0.877385 0.748549 0.998162 0.990265 0.143785 0.862391 0.991701 0.0212895 0.0456262 0.00402487 0.0180057 0.0174569 0.0110465 0.683629 0.334439 0.0266758 0.00301768 0.117177 0.592313 0.0508509 0.703519 0.00183858 0.990193 0.00692229 0.429687 0.582179 0.278977 0.00444682 0.843464 0.978503 0.996275 0.527558 0.86716 0.0116526 0.166268 0.00982202 0.00183884 0.000871631 0.0252082 0.046267 0.00633199 0.0313667 0.0179469 0.179193 0.015248 0.00430065 0.00749853 0.896686 0.00338948 0.00249865 0.538934 0.00301048 0.0144218 0.00201546 0.00689779 0.0142784 0.114886 0.206594
0.97043 0.966786 0.977663 0.988363 0.717065 0.986285 0.97341 0.992527 0.144053 0.960275 0.989801 0.930007 0.207524 0.926785 0.216077 0.568598 0.961473 0.990973 0.952241 0.993665 0.986212 0.929411 0.996452 0.993095 0.961289 0.995715 0.987862 0.0278802 0.990981 0.907147 0.820039 0.820029 0.978452 0.0570458 0.995392 0.856441 0.993667 0.771565 0.982049 0.988363 0.915091 0.660973 0.87824 0.746827 0.998163 0.990337 0.141986 0.862635 0.991741 0.021117 0.045387 0.00401423 0.0178448 0.0172394 0.0110549 0.68716 0.337697 0.0264984 0.00299418 0.116234 0.590205 0.0501627 0.701801 0.00183649 0.990261 0.00689936 0.433626 0.585505 0.277548 0.0044203 0.845512 0.978692 0.996319 0.530018 0.868964 0.0116039 0.165385 0.00975516 0.00183718 0.000865766 0.0251591 0.0460125 0.00632091 0.0310949 0.0177885 0.181716 0.0151425 0.0042597 0.00746776 0.897663 0.00337858 0.00248264 0.540949 0.00298709 0.0143897 0.0019965 0.00687537 0.0141515 0.114065 0.204659
0.970655 0.966987 0.97795 0.988411 0.719833 0.986372 0.973588 0.992555 0.143068 0.960578 0.989886 0.930324 0.204415 0.925823 0.214358 0.564622 0.961693 0.991007 0.952754 0.993677 0.98626 0.930074 0.996487 0.993117 0.961408 0.995757 0.987903 0.0275563 0.991016 0.907539 0.817487 0.817484 0.978643 0.0564589 0.995432 0.857404 0.993678 0.773027 0.982162 0.988412 0.915767 0.659097 0.879116 0.745106 0.998165 0.990409 0.140199 0.862901 0.991779 0.0209407 0.04516 0.00400463 0.0176863 0.0170234 0.01106 0.6907 0.34098 0.0263205 0.0029714 0.115276 0.588018 0.0494843 0.700043 0.00183498 0.990327 0.00687808 0.437577 0.588867 0.27607 0.00439384 0.847518 0.978884 0.996362 0.532525 0.870732 0.0115543 0.164517 0.00969077 0.00183579 0.000860088 0.0251014 0.0457562 0.00630907 0.0308206 0.017631 0.184265 0.0150385 0.00421978 0.0074379 0.898613 0.00336823 0.00246689 0.542991 0.00296432 0.0143596 0.00197826 0.00685231 0.0140259 0.113232 0.202739
0.970877 0.967192 0.978233 0.988459 0.722619 0.986457 0.973771 0.992586 0.142094 0.960869 0.989974 0.930652 0.20137 0.924833 0.212645 0.560608 0.961916 0.991041 0.953255 0.99369 0.986308 0.930749 0.996521 0.993139 0.96153 0.995797 0.987945 0.0272342 0.991051 0.907947 0.814897 0.814878 0.978832 0.055872 0.995471 0.858386 0.99369 0.774543 0.982272 0.988458 0.916437 0.657204 0.87999 0.743335 0.998167 0.990479 0.138418 0.863152 0.991819 0.0207652 0.0449291 0.00399482 0.0175294 0.0168114 0.0110669 0.694241 0.344226 0.026141 0.00294866 0.114337 0.585819 0.0488234 0.698263 0.00183359 0.990391 0.0068557 0.441577 0.592242 0.274573 0.00436861 0.849542 0.979076 0.996403 0.53503 0.87249 0.0115044 0.163624 0.00962512 0.00183464 0.000854325 0.0250476 0.0454884 0.0062979 0.0305489 0.017474 0.186873 0.0149359 0.0041799 0.00740785 0.899561 0.00335746 0.00245142 0.545074 0.00294203 0.0143263 0.00195963 0.00682954 0.0138987 0.112405 0.200812
0.971095 0.967393 0.978514 0.988509 0.725374 0.98654 0.973953 0.992615 0.141145 0.961163 0.990058 0.93097 0.198329 0.923825 0.210936 0.556555 0.962138 0.991076 0.953753 0.993702 0.986356 0.931408 0.996555 0.993163 0.961653 0.995838 0.987986 0.0269101 0.991087 0.908354 0.81227 0.812228 0.979017 0.0552888 0.995509 0.859393 0.993702 0.776029 0.982382 0.988508 0.91711 0.655271 0.880862 0.741482 0.998169 0.990549 0.136649 0.863412 0.991858 0.0205974 0.0446966 0.00398544 0.0173753 0.0165992 0.0110733 0.697765 0.347519 0.0259642 0.00292636 0.11336 0.583548 0.0481592 0.696505 0.00183211 0.990457 0.00683373 0.445634 0.59561 0.273093 0.00434377 0.851512 0.979267 0.996444 0.537557 0.874217 0.0114567 0.162742 0.00955855 0.00183306 0.000848666 0.0249886 0.0452193 0.00628631 0.0302821 0.0173204 0.189535 0.0148322 0.00413945 0.00737888 0.900487 0.00334761 0.00243609 0.547183 0.00291984 0.0142949 0.00194205 0.00680592 0.0137759 0.111574 0.1989
0.971318 0.967596 0.978787 0.988558 0.728088 0.986622 0.974124 0.992644 0.140125 0.96145 0.990142 0.931296 0.19532 0.922784 0.209241 0.552506 0.96236 0.991111 0.954244 0.993714 0.986405 0.932066 0.996588 0.993185 0.961771 0.995877 0.988028 0.0265944 0.991122 0.908764 0.809613 0.809545 0.979203 0.0547126 0.995547 0.860373 0.993714 0.777541 0.982489 0.988555 0.917783 0.653312 0.881743 0.739635 0.99817 0.990618 0.134879 0.863705 0.991897 0.0204275 0.0444652 0.00397575 0.0172191 0.0163932 0.011078 0.701235 0.350884 0.0257888 0.00290411 0.112406 0.581275 0.0475065 0.694624 0.00183071 0.990521 0.00681285 0.449703 0.599033 0.271629 0.00431884 0.853463 0.979457 0.996484 0.540134 0.875927 0.0114093 0.161856 0.00949382 0.00183179 0.000843251 0.0249305 0.044958 0.00627428 0.0300165 0.0171662 0.192251 0.0147329 0.00410029 0.00734717 0.901446 0.00333748 0.00242098 0.549285 0.00289794 0.0142611 0.00192488 0.00678335 0.013653 0.110753 0.196998
0.971538 0.9678 0.979055 0.988607 0.730816 0.986706 0.974297 0.992673 0.139147 0.961741 0.990225 0.931608 0.192353 0.921721 0.207527 0.548388 0.962583 0.991146 0.954727 0.993726 0.986453 0.932718 0.996621 0.993207 0.961891 0.995916 0.988066 0.0262832 0.991158 0.909164 0.806887 0.806792 0.979384 0.0541389 0.995584 0.861358 0.993725 0.779054 0.982599 0.9886 0.918454 0.651264 0.882598 0.73778 0.998171 0.990686 0.133122 0.86399 0.991931 0.0202589 0.0442228 0.00396641 0.0170661 0.0161857 0.0110845 0.704723 0.35429 0.0256163 0.00288198 0.11146 0.578944 0.0468567 0.692769 0.00182954 0.990583 0.00679082 0.453836 0.602476 0.270131 0.00429471 0.85539 0.979646 0.996524 0.542735 0.877613 0.011361 0.160956 0.00943018 0.00182999 0.000838076 0.0248747 0.0446977 0.00626293 0.0297481 0.0170116 0.195006 0.0146318 0.00406162 0.0073179 0.902364 0.00332719 0.00240664 0.551452 0.00287632 0.0142296 0.00190752 0.00676153 0.0135312 0.109919 0.195094
0.97176 0.968 0.979317 0.988654 0.733566 0.986789 0.974472 0.992702 0.138135 0.962029 0.990308 0.931938 0.189428 0.920629 0.205781 0.544237 0.962798 0.99118 0.955212 0.993738 0.986498 0.933388 0.996653 0.99323 0.962013 0.995955 0.988107 0.0259761 0.991193 0.909578 0.80413 0.804015 0.979563 0.053569 0.99562 0.862352 0.993737 0.780551 0.982705 0.988647 0.919126 0.649168 0.883478 0.735877 0.998172 0.990755 0.131389 0.864311 0.991968 0.0200945 0.043991 0.00395599 0.0169114 0.0159814 0.0110889 0.70821 0.357663 0.0254411 0.00286135 0.110511 0.576584 0.0462241 0.690874 0.00182844 0.990646 0.00676966 0.458001 0.605917 0.268594 0.0042703 0.857293 0.979834 0.996563 0.54537 0.8793 0.0113164 0.160053 0.00936641 0.0018287 0.000832846 0.0248149 0.0444349 0.00625032 0.029484 0.0168613 0.197805 0.0145324 0.0040231 0.00728783 0.903298 0.00331724 0.00239206 0.553596 0.00285606 0.0141993 0.00189056 0.00673954 0.0134119 0.109088 0.193187
0.971978 0.968203 0.979577 0.988698 0.736292 0.986872 0.974644 0.992732 0.137128 0.962315 0.99039 0.932263 0.186507 0.91953 0.204067 0.540064 0.963022 0.991215 0.955694 0.99375 0.986543 0.93405 0.996685 0.993253 0.962144 0.995992 0.988149 0.0256697 0.99123 0.909992 0.801311 0.801201 0.979742 0.0530012 0.995656 0.863346 0.993748 0.782117 0.982812 0.988695 0.919797 0.647079 0.884348 0.733911 0.998174 0.990821 0.129667 0.864649 0.992003 0.0199299 0.0437569 0.00394756 0.0167623 0.0157803 0.0110933 0.711684 0.361115 0.0252705 0.00284057 0.109564 0.574162 0.0455866 0.688943 0.00182721 0.990709 0.00674845 0.462136 0.609377 0.267062 0.00424631 0.859199 0.98002 0.996601 0.548023 0.880935 0.0112719 0.159137 0.00930427 0.00182756 0.000827747 0.0247508 0.0441795 0.00623934 0.0292188 0.0167139 0.200634 0.0144348 0.00398519 0.00725849 0.904213 0.00330775 0.00237806 0.555823 0.00283569 0.0141675 0.00187382 0.00671753 0.0132926 0.108255 0.191268
0.972197 0.968405 0.979834 0.988744 0.73902 0.986954 0.974817 0.992761 0.136115 0.962602 0.990469 0.932594 0.183628 0.918401 0.202328 0.535918 0.963248 0.99125 0.956165 0.993761 0.98659 0.934706 0.996716 0.993275 0.962264 0.996029 0.988189 0.0253641 0.991264 0.910429 0.798424 0.798335 0.979917 0.052436 0.995691 0.864357 0.99376 0.783659 0.982918 0.988741 0.920465 0.644976 0.885223 0.731901 0.998175 0.990889 0.127962 0.864992 0.99204 0.0197634 0.0435101 0.00393793 0.0166162 0.0155798 0.0110966 0.715151 0.364581 0.0250961 0.00282066 0.108614 0.571709 0.0449593 0.686963 0.00182603 0.990772 0.00672634 0.466363 0.61283 0.26554 0.00422266 0.861078 0.980206 0.996639 0.550719 0.882555 0.0112264 0.158214 0.00924365 0.00182582 0.000822772 0.024685 0.0439177 0.00622842 0.028954 0.0165713 0.203547 0.0143429 0.00394838 0.00722844 0.905123 0.0032982 0.00236431 0.558039 0.00281487 0.0141333 0.00185721 0.00669631 0.0131756 0.107413 0.189366
0.972416 0.968603 0.980085 0.98879 0.741763 0.987034 0.974989 0.992791 0.135109 0.962886 0.990548 0.932914 0.180791 0.917249 0.200625 0.531684 0.963469 0.991287 0.956646 0.993772 0.986636 0.935361 0.996747 0.993295 0.962387 0.996066 0.988229 0.0250656 0.9913 0.910862 0.795521 0.795417 0.980091 0.0518763 0.995726 0.865366 0.993773 0.785228 0.983022 0.988785 0.92113 0.642807 0.886098 0.729882 0.998176 0.990956 0.126248 0.865341 0.992075 0.0196005 0.0432692 0.00392857 0.0164705 0.0153828 0.0110995 0.718629 0.368137 0.0249241 0.00280056 0.107656 0.569244 0.0443398 0.684911 0.00182465 0.990833 0.00670575 0.47059 0.616331 0.263982 0.00419927 0.862942 0.980392 0.996675 0.553403 0.884168 0.0111817 0.157305 0.00918336 0.00182456 0.000817784 0.0246211 0.0436498 0.00621758 0.0286939 0.0164277 0.206515 0.0142464 0.00391097 0.00719842 0.906025 0.0032887 0.00235046 0.560297 0.00279476 0.0140978 0.00184084 0.00667395 0.0130607 0.106585 0.187465
0.972629 0.968801 0.980333 0.988835 0.744506 0.987114 0.975161 0.992821 0.134073 0.963166 0.990626 0.933236 0.177974 0.916071 0.198909 0.527433 0.963691 0.991322 0.957111 0.993782 0.986683 0.935991 0.996777 0.993317 0.962514 0.996103 0.98827 0.0247693 0.991334 0.911301 0.792574 0.792438 0.980269 0.0513222 0.99576 0.866381 0.993784 0.786801 0.983123 0.988832 0.921799 0.640652 0.886965 0.727803 0.998177 0.991021 0.124564 0.865716 0.99211 0.0194377 0.0430368 0.00391908 0.0163258 0.0151887 0.0111017 0.722089 0.371689 0.0247531 0.00278144 0.106703 0.566776 0.0437268 0.682849 0.00182342 0.990894 0.00668421 0.474823 0.619813 0.262422 0.00417657 0.86478 0.980575 0.996712 0.556104 0.885767 0.0111362 0.156398 0.00912185 0.00182358 0.000812963 0.0245559 0.0433876 0.0062067 0.0284345 0.0162811 0.209511 0.0141542 0.00387514 0.00716907 0.90692 0.00327894 0.00233707 0.562615 0.00277533 0.0140658 0.00182494 0.00665349 0.0129454 0.105748 0.185606
0.972843 0.969003 0.980578 0.98888 0.747237 0.987194 0.975329 0.99285 0.133056 0.963446 0.990704 0.933573 0.175176 0.914846 0.197195 0.523176 0.963915 0.991358 0.957581 0.993794 0.986729 0.936638 0.996807 0.993337 0.962634 0.996139 0.988311 0.0244711 0.991369 0.911765 0.789543 0.789401 0.980441 0.0507672 0.995794 0.867399 0.993795 0.788355 0.983224 0.988877 0.922463 0.638468 0.887847 0.725726 0.998179 0.991086 0.122899 0.866098 0.992144 0.0192774 0.0427872 0.00390982 0.0161828 0.0149988 0.0111037 0.725523 0.375291 0.0245819 0.00276212 0.105761 0.564213 0.0431185 0.680727 0.00182245 0.990954 0.00666414 0.479104 0.62329 0.260796 0.00415395 0.866594 0.980756 0.996747 0.558828 0.88733 0.0110912 0.155463 0.00906033 0.00182243 0.000808374 0.024486 0.0431288 0.00619502 0.0281729 0.0161383 0.212596 0.0140631 0.00383944 0.00714015 0.907811 0.00326924 0.00232399 0.564941 0.00275638 0.0140332 0.00180885 0.00663268 0.012832 0.104915 0.183725
0.973058 0.969208 0.980816 0.988925 0.749968 0.987275 0.975496 0.992879 0.132011 0.963725 0.990781 0.933904 0.172414 0.913608 0.195471 0.518859 0.964138 0.991394 0.958041 0.993805 0.986775 0.937272 0.996837 0.99336 0.962755 0.996175 0.988354 0.0241785 0.991404 0.912223 0.786481 0.786312 0.980614 0.05022 0.995827 0.868404 0.993806 0.789936 0.983326 0.988921 0.923126 0.636214 0.888746 0.72358 0.99818 0.991149 0.121257 0.866502 0.992179 0.0191162 0.0425431 0.00390045 0.016041 0.014809 0.0111053 0.72892 0.37892 0.0244132 0.00274286 0.104814 0.56166 0.0425237 0.678569 0.00182143 0.991012 0.00664273 0.483372 0.626772 0.259206 0.00413165 0.868405 0.980936 0.996783 0.561599 0.888874 0.0110462 0.154544 0.00900117 0.00182129 0.000803825 0.0244161 0.0428591 0.00618458 0.0279189 0.0159942 0.215725 0.0139713 0.00380477 0.00711095 0.908708 0.00325953 0.00231117 0.567277 0.00273766 0.0140019 0.00179331 0.00661198 0.012719 0.104058 0.181828
0.973268 0.969408 0.981052 0.988968 0.75266 0.987353 0.975662 0.992909 0.130965 0.964008 0.990856 0.934232 0.169683 0.912337 0.193744 0.514505 0.964355 0.99143 0.958496 0.993816 0.986822 0.937917 0.996866 0.993379 0.962886 0.99621 0.988395 0.0238932 0.99144 0.912684 0.783353 0.783167 0.980782 0.0496795 0.995859 0.869432 0.993816 0.791542 0.983427 0.988964 0.923793 0.633907 0.889637 0.721401 0.998181 0.991211 0.119613 0.866907 0.992212 0.0189564 0.0423021 0.00389143 0.0158997 0.014624 0.0111041 0.732352 0.382609 0.0242431 0.00272387 0.103856 0.559018 0.0419388 0.67637 0.00182037 0.991071 0.00662224 0.487676 0.63032 0.257586 0.00410948 0.870186 0.981116 0.996817 0.564409 0.890419 0.0110019 0.153602 0.00894122 0.00182047 0.00079925 0.024347 0.0425894 0.00617389 0.0276636 0.0158522 0.218905 0.0138802 0.00377009 0.00708121 0.909602 0.00325068 0.00229864 0.56968 0.00271919 0.013969 0.00177823 0.00659075 0.0126091 0.103204 0.179965
0.973479 0.969604 0.981286 0.989008 0.755356 0.987434 0.975827 0.992939 0.129916 0.964294 0.99093 0.934568 0.166984 0.911041 0.191999 0.510123 0.96458 0.991465 0.958948 0.993827 0.986869 0.938555 0.996894 0.9934 0.963018 0.996245 0.988436 0.0236067 0.991476 0.913149 0.78015 0.779955 0.980953 0.0491371 0.995892 0.87047 0.993827 0.793144 0.983526 0.989009 0.924446 0.63157 0.890521 0.719186 0.998182 0.991273 0.117994 0.867317 0.992245 0.0188005 0.0420592 0.00388191 0.0157615 0.0144396 0.0111062 0.735782 0.386344 0.0240786 0.00270578 0.102908 0.556375 0.0413614 0.674128 0.00181968 0.991129 0.00660244 0.492045 0.633862 0.255986 0.00408762 0.871941 0.981295 0.996851 0.567242 0.891932 0.0109581 0.152661 0.00888275 0.00181948 0.000794941 0.0242759 0.0423197 0.00616279 0.0274054 0.015713 0.222109 0.0137935 0.00373617 0.00705178 0.910485 0.00324163 0.002286 0.572076 0.00270078 0.0139347 0.00176324 0.00657171 0.0124989 0.102358 0.178116
0.973686 0.969802 0.981511 0.98905 0.758066 0.987514 0.975995 0.992969 0.128872 0.964568 0.991005 0.934909 0.164316 0.909711 0.190313 0.505729 0.964801 0.991502 0.959396 0.993837 0.986915 0.939187 0.996922 0.993421 0.963145 0.996279 0.988478 0.0233295 0.991513 0.913628 0.776919 0.776703 0.981122 0.0485956 0.995924 0.871521 0.993837 0.794777 0.983625 0.989053 0.925104 0.629203 0.891411 0.716917 0.998183 0.991334 0.116364 0.867754 0.992278 0.0186451 0.0418151 0.00387298 0.0156232 0.0142573 0.0111064 0.739168 0.390104 0.0239151 0.00268851 0.101958 0.553692 0.0407905 0.671869 0.00181888 0.991187 0.00658177 0.496428 0.637431 0.254323 0.00406724 0.873695 0.981474 0.996883 0.570095 0.893427 0.0109139 0.151703 0.00882605 0.0018186 0.00079063 0.0242013 0.042045 0.00615237 0.0271504 0.0155781 0.225388 0.0137064 0.00370238 0.00702191 0.911349 0.00323306 0.00227348 0.57447 0.00268328 0.0139012 0.00174868 0.00655195 0.0123901 0.101516 0.176267
0.973897 0.970001 0.981736 0.989092 0.76078 0.987593 0.97616 0.992997 0.127826 0.964839 0.991079 0.935242 0.161675 0.908343 0.188591 0.501318 0.965017 0.991538 0.959841 0.993847 0.98696 0.939808 0.99695 0.993441 0.963271 0.996313 0.988521 0.0230494 0.991549 0.9141 0.773608 0.773386 0.98129 0.0480556 0.995955 0.872563 0.993847 0.796399 0.983721 0.989095 0.92577 0.626779 0.892301 0.714576 0.998184 0.991393 0.114742 0.868212 0.992308 0.0184909 0.0415644 0.00386445 0.0154866 0.0140806 0.0111074 0.742557 0.393864 0.0237511 0.00267111 0.101019 0.550983 0.0402333 0.66956 0.00181801 0.991246 0.00656247 0.500869 0.641013 0.252688 0.00404618 0.875416 0.981652 0.996916 0.573001 0.894893 0.0108723 0.150726 0.00876841 0.00181784 0.000786502 0.0241268 0.0417736 0.00614113 0.026897 0.0154399 0.228694 0.0136187 0.003669 0.00699261 0.912226 0.00322425 0.00226192 0.576965 0.00266602 0.013869 0.00173431 0.00653215 0.0122838 0.100668 0.174398
0.974106 0.970202 0.981959 0.989134 0.763486 0.987673 0.976328 0.993027 0.126768 0.965107 0.991151 0.935576 0.159081 0.906924 0.186895 0.496882 0.965237 0.991574 0.960288 0.993857 0.987007 0.940428 0.996977 0.99346 0.963402 0.996346 0.988565 0.0227777 0.991585 0.914588 0.770275 0.770044 0.981453 0.0475276 0.995985 0.873608 0.993857 0.798011 0.983814 0.989138 0.926428 0.624362 0.893213 0.712231 0.998184 0.991452 0.11314 0.868674 0.99234 0.018337 0.0413173 0.00385586 0.0153509 0.0139031 0.0111073 0.745919 0.39768 0.0235895 0.00265435 0.100078 0.548246 0.0396772 0.667176 0.00181711 0.991304 0.00654303 0.505359 0.644587 0.251027 0.00402598 0.877133 0.981828 0.996948 0.575929 0.896333 0.0108288 0.149747 0.00871087 0.00181695 0.000782507 0.024051 0.0415015 0.00613147 0.0266485 0.0153071 0.232102 0.013532 0.00363544 0.00696408 0.913095 0.0032157 0.00225029 0.579494 0.00264939 0.0138326 0.00171988 0.00651242 0.0121758 0.0998093 0.172557
0.974319 0.970401 0.982177 0.989178 0.766176 0.987751 0.97649 0.993056 0.125706 0.965378 0.991223 0.935913 0.156533 0.905488 0.185189 0.492361 0.965461 0.991612 0.960723 0.993869 0.987053 0.941044 0.997003 0.993481 0.96353 0.996379 0.988606 0.0225086 0.991621 0.91507 0.766862 0.766648 0.981619 0.0469927 0.996016 0.874657 0.993868 0.799649 0.983909 0.989181 0.927091 0.62186 0.894111 0.709828 0.998185 0.991511 0.111572 0.86916 0.992371 0.0181861 0.0410756 0.003847 0.0152162 0.0137306 0.0111053 0.74927 0.401576 0.0234345 0.00263755 0.0991344 0.545474 0.0391307 0.664775 0.00181633 0.991362 0.0065219 0.50985 0.648162 0.24935 0.00400562 0.878804 0.982004 0.99698 0.578883 0.897785 0.0107869 0.148798 0.00865469 0.00181611 0.000778557 0.0239749 0.0412298 0.00612122 0.0264016 0.0151736 0.235559 0.0134467 0.00360219 0.00693356 0.913944 0.00320715 0.00223855 0.582053 0.00263278 0.0137977 0.00170625 0.00649407 0.0120691 0.0989498 0.170714
0.974527 0.9706 0.98239 0.989221 0.768843 0.987832 0.976655 0.993085 0.124647 0.965646 0.991293 0.936247 0.153979 0.904011 0.183504 0.48789 0.96568 0.991648 0.961162 0.993878 0.987098 0.941658 0.99703 0.993501 0.963661 0.996412 0.988648 0.0222415 0.991659 0.915571 0.763394 0.763176 0.981782 0.0464634 0.996045 0.875708 0.993879 0.801304 0.984003 0.989222 0.927745 0.6193 0.895024 0.707418 0.998186 0.99157 0.110021 0.869658 0.992402 0.0180355 0.0408295 0.00383767 0.015083 0.0135596 0.0111035 0.752625 0.405474 0.0232752 0.00262124 0.0982071 0.54259 0.038591 0.66231 0.00181521 0.991419 0.0065021 0.514382 0.651764 0.247662 0.00398631 0.880487 0.982177 0.997011 0.581801 0.899209 0.010746 0.14779 0.0085982 0.00181571 0.000774751 0.0239 0.0409627 0.00611024 0.0261521 0.0150418 0.239056 0.0133636 0.00357034 0.00690309 0.914796 0.0031988 0.0022272 0.584623 0.00261702 0.0137622 0.00169214 0.00647423 0.0119636 0.0980989 0.168881
0.974734 0.970802 0.982599 0.989263 0.771513 0.98791 0.976815 0.993114 0.123585 0.965914 0.991364 0.936585 0.151468 0.902505 0.181808 0.483369 0.965908 0.991685 0.961593 0.993888 0.987145 0.942268 0.997055 0.993521 0.963798 0.996444 0.988689 0.021975 0.991698 0.916073 0.759893 0.759654 0.981945 0.0459466 0.996074 0.876779 0.99389 0.802964 0.984098 0.989264 0.928401 0.616706 0.895929 0.704939 0.998187 0.991628 0.108487 0.870156 0.992433 0.017885 0.0405869 0.00382901 0.0149514 0.0133889 0.0110998 0.75594 0.409394 0.0231143 0.0026052 0.0972689 0.539733 0.0380529 0.659819 0.00181431 0.991476 0.00648283 0.518951 0.655353 0.245951 0.00396634 0.882136 0.982352 0.997042 0.584777 0.900598 0.0107061 0.146781 0.00854064 0.0018149 0.000770937 0.0238199 0.0406874 0.00610006 0.0259058 0.0149133 0.242639 0.01328 0.00353878 0.00687417 0.91565 0.00319047 0.00221593 0.587198 0.00260043 0.0137281 0.00167878 0.00645341 0.0118613 0.0972582 0.167046
0.974945 0.971004 0.982808 0.989304 0.774152 0.987987 0.976978 0.993143 0.122496 0.966176 0.991432 0.936931 0.148961 0.900962 0.180084 0.47879 0.966132 0.991721 0.962021 0.993899 0.987192 0.942879 0.99708 0.993539 0.96393 0.996475 0.988733 0.0217141 0.991735 0.916574 0.756299 0.756053 0.982104 0.0454215 0.996103 0.877859 0.993899 0.804633 0.98419 0.989304 0.929066 0.614123 0.896834 0.702409 0.998188 0.991686 0.106942 0.870673 0.992464 0.0177349 0.0403315 0.00381976 0.0148241 0.0132202 0.0110971 0.759244 0.413401 0.022956 0.00258928 0.096334 0.536811 0.0375284 0.657281 0.00181372 0.991531 0.00646339 0.523525 0.658975 0.244255 0.00394666 0.883759 0.982522 0.997072 0.587794 0.901987 0.0106627 0.145787 0.00848341 0.0018141 0.000767306 0.0237414 0.0404226 0.00608909 0.0256634 0.0147818 0.246276 0.0131959 0.00350789 0.00684583 0.916493 0.0031818 0.00220479 0.589867 0.00258474 0.0136909 0.00166554 0.0064336 0.0117582 0.0964082 0.165211
0.975149 0.971204 0.983012 0.989342 0.776804 0.988066 0.977135 0.993172 0.121427 0.966448 0.991501 0.93727 0.146518 0.899382 0.178367 0.474196 0.966351 0.991758 0.962442 0.993908 0.987239 0.943476 0.997105 0.993558 0.964067 0.996506 0.988775 0.0214555 0.991771 0.917086 0.752675 0.752387 0.982265 0.0449004 0.996131 0.878935 0.993909 0.806292 0.984283 0.989347 0.929717 0.611468 0.897733 0.699851 0.998189 0.991743 0.105424 0.87121 0.992494 0.0175866 0.0400814 0.00381104 0.0146933 0.0130544 0.0110926 0.762542 0.417374 0.0227944 0.00257381 0.0954031 0.533825 0.0370033 0.654679 0.00181301 0.991586 0.00644387 0.528121 0.66262 0.242521 0.00392696 0.88539 0.982695 0.997101 0.590812 0.903354 0.0106197 0.144772 0.00842868 0.00181306 0.000763744 0.0236623 0.0401506 0.00607866 0.0254205 0.0146503 0.249962 0.0131151 0.00347698 0.00681684 0.917339 0.00317393 0.00219401 0.592509 0.00256931 0.0136527 0.00165269 0.00641392 0.0116577 0.0955633 0.16339
0.975348 0.971406 0.983213 0.989383 0.77942 0.988145 0.977293 0.993201 0.120353 0.966711 0.991569 0.937613 0.144098 0.897748 0.176677 0.469597 0.966564 0.991796 0.962867 0.993918 0.987284 0.944073 0.997131 0.993577 0.964203 0.996536 0.988818 0.0211979 0.991808 0.917603 0.748966 0.748715 0.982421 0.0443845 0.996158 0.880026 0.99392 0.807971 0.984375 0.989389 0.930368 0.608748 0.898612 0.697217 0.998189 0.991801 0.103917 0.871746 0.992523 0.0174386 0.0398207 0.00380212 0.0145662 0.0128928 0.0110879 0.765796 0.421432 0.0226394 0.00255883 0.0944833 0.53084 0.0364913 0.65207 0.00181234 0.991642 0.00642453 0.532759 0.666252 0.240808 0.00390802 0.887012 0.982868 0.99713 0.593861 0.904704 0.0105773 0.143741 0.00837428 0.0018125 0.000760357 0.0235749 0.0398817 0.00606885 0.0251842 0.0145267 0.253704 0.0130342 0.00344681 0.0067879 0.91818 0.00316563 0.00218296 0.595201 0.00255441 0.0136129 0.00163989 0.00639529 0.0115577 0.0947119 0.16157
0.975552 0.971607 0.983414 0.989423 0.78206 0.988222 0.977452 0.993231 0.119278 0.96698 0.991636 0.937953 0.141712 0.896093 0.174989 0.464971 0.966784 0.991833 0.96329 0.993928 0.98733 0.94467 0.997155 0.993596 0.964338 0.996566 0.988862 0.0209442 0.991846 0.918113 0.745198 0.744953 0.982578 0.0438699 0.996185 0.881094 0.993931 0.809648 0.984465 0.989429 0.931015 0.606036 0.899512 0.69456 0.99819 0.991856 0.102413 0.8723 0.992551 0.0172922 0.0395678 0.00379278 0.0144409 0.0127316 0.0110803 0.76908 0.425495 0.0224837 0.00254391 0.0935719 0.527764 0.0359827 0.649342 0.00181198 0.991697 0.00640583 0.537378 0.669871 0.239033 0.00388953 0.888593 0.983034 0.997158 0.59693 0.906019 0.0105358 0.14274 0.00831992 0.00181208 0.000756982 0.0234923 0.0396067 0.00605887 0.0249425 0.014401 0.257522 0.0129537 0.00341694 0.00675865 0.919019 0.0031576 0.00217231 0.597989 0.00253959 0.0135769 0.00162736 0.00637661 0.0114569 0.0938618 0.159759
0.975756 0.971807 0.983608 0.989463 0.784663 0.988299 0.977607 0.99326 0.118213 0.967242 0.991703 0.938297 0.13934 0.894391 0.173281 0.460371 0.967 0.991872 0.96371 0.993938 0.987376 0.945266 0.997179 0.993616 0.964473 0.996596 0.988905 0.0206943 0.991883 0.918631 0.741366 0.741089 0.982733 0.0433634 0.996213 0.882171 0.99394 0.811334 0.984554 0.98947 0.931662 0.603274 0.900431 0.691814 0.99819 0.991911 0.100928 0.872889 0.992581 0.0171495 0.0393166 0.00378372 0.0143165 0.0125732 0.0110742 0.772315 0.42961 0.022326 0.00252917 0.0926632 0.524676 0.0354836 0.646584 0.0018113 0.991749 0.00638603 0.542018 0.673512 0.237302 0.00387143 0.890158 0.983197 0.997186 0.600018 0.907325 0.0104953 0.141711 0.00826601 0.00181136 0.000753625 0.0234061 0.0393333 0.00604914 0.0247062 0.0142772 0.261393 0.0128746 0.00338828 0.00672938 0.919848 0.00314963 0.00216223 0.600781 0.00252477 0.0135362 0.0016151 0.00635749 0.0113585 0.0930208 0.15793
0.975951 0.972011 0.9838 0.989503 0.787302 0.988371 0.977761 0.993287 0.117126 0.967499 0.991768 0.938653 0.137014 0.892653 0.171584 0.45571 0.967221 0.991909 0.964126 0.993949 0.987422 0.945857 0.997201 0.993635 0.964619 0.996625 0.988948 0.0204442 0.99192 0.91916 0.737479 0.737221 0.982888 0.0428575 0.996239 0.883249 0.993951 0.813033 0.984644 0.989511 0.932304 0.600427 0.901342 0.689027 0.998191 0.991966 0.0994622 0.873466 0.99261 0.0170054 0.0390559 0.00377452 0.0141936 0.012416 0.0110682 0.77554 0.433782 0.0221709 0.00251494 0.0917441 0.521504 0.0349901 0.643799 0.00181072 0.991803 0.00636764 0.54667 0.677172 0.23549 0.00385309 0.891711 0.983365 0.997214 0.603156 0.908634 0.0104567 0.140671 0.00821247 0.00181068 0.000750413 0.0233188 0.0390593 0.00603912 0.0244735 0.0141563 0.265347 0.0127958 0.00335878 0.0067013 0.920667 0.00314141 0.00215199 0.603584 0.00251067 0.0134992 0.00160316 0.00634011 0.011261 0.0921802 0.156139
0.976154 0.972215 0.98399 0.989541 0.789872 0.988447 0.977914 0.993316 0.116052 0.967756 0.991831 0.939006 0.134735 0.890873 0.169893 0.451039 0.967448 0.991948 0.964537 0.993959 0.987467 0.946438 0.997225 0.993653 0.96476 0.996653 0.988992 0.0202001 0.991959 0.919708 0.733516 0.733266 0.983043 0.0423599 0.996264 0.88433 0.993959 0.814767 0.984733 0.98955 0.932944 0.597545 0.902233 0.686239 0.998191 0.992019 0.0980105 0.87406 0.992638 0.0168609 0.038794 0.0037656 0.0140722 0.0122622 0.0110591 0.778727 0.438012 0.0220173 0.00250108 0.0908315 0.518345 0.0345045 0.640991 0.00181031 0.991857 0.00634834 0.551407 0.680842 0.233695 0.00383518 0.893225 0.98353 0.99724 0.606282 0.909931 0.0104161 0.139627 0.00815927 0.00181028 0.000747207 0.023231 0.0387837 0.00603002 0.0242443 0.0140316 0.269314 0.0127186 0.00332969 0.00667208 0.921491 0.00313387 0.00214224 0.606466 0.00249703 0.0134582 0.00159101 0.00632149 0.0111618 0.0913283 0.154345
0.976351 0.972412 0.984175 0.98958 0.792457 0.988522 0.978067 0.993346 0.114953 0.968012 0.991896 0.939355 0.132489 0.889057 0.168191 0.446331 0.967665 0.991985 0.964943 0.993969 0.987512 0.947018 0.997247 0.993671 0.964902 0.996682 0.989035 0.0199586 0.991995 0.92025 0.729479 0.729234 0.983194 0.0418686 0.99629 0.885419 0.993968 0.816485 0.984823 0.989589 0.933583 0.594593 0.90313 0.683358 0.998192 0.992073 0.0965561 0.874677 0.992666 0.0167186 0.038528 0.00375677 0.0139509 0.0121093 0.0110524 0.781924 0.442232 0.0218675 0.0024875 0.0899165 0.515155 0.0340198 0.63813 0.00181016 0.99191 0.00633147 0.55613 0.684489 0.231905 0.00381764 0.894742 0.983693 0.997267 0.609482 0.911204 0.0103766 0.138595 0.00810737 0.00180963 0.000744141 0.0231431 0.0385053 0.00601986 0.0240129 0.013912 0.273361 0.0126451 0.00330107 0.00664339 0.922318 0.00312602 0.00213262 0.609357 0.00248373 0.013417 0.00157937 0.00630357 0.0110665 0.0904855 0.152569
0.97655 0.972606 0.984359 0.989621 0.79501 0.988597 0.978219 0.993376 0.11388 0.968269 0.991959 0.939714 0.130233 0.887193 0.166521 0.441586 0.967887 0.992023 0.965348 0.993979 0.987559 0.947589 0.997269 0.99369 0.965047 0.996711 0.989079 0.0197216 0.992032 0.920797 0.725398 0.725145 0.983346 0.0413756 0.996315 0.886492 0.993978 0.818219 0.98491 0.989629 0.934221 0.591628 0.90402 0.680462 0.998192 0.992126 0.0951142 0.875301 0.992693 0.016578 0.0382682 0.00374806 0.0138318 0.0119597 0.0110453 0.785122 0.446533 0.0217125 0.00247381 0.0890095 0.511884 0.0335466 0.63521 0.00180955 0.991962 0.00631286 0.560829 0.688163 0.230088 0.00380079 0.896248 0.983856 0.997293 0.612704 0.912459 0.0103369 0.137531 0.00805489 0.00180918 0.000741238 0.0230491 0.0382255 0.00600991 0.0237797 0.0137926 0.277448 0.0125695 0.00327321 0.00661475 0.923131 0.00311762 0.0021234 0.612228 0.00247031 0.0133778 0.00156795 0.00628647 0.0109696 0.0896346 0.150786
0.976749 0.9728 0.98454 0.98966 0.797574 0.98867 0.978374 0.993404 0.112783 0.968521 0.992022 0.940065 0.128028 0.885269 0.164832 0.436837 0.968108 0.992061 0.965744 0.993989 0.987605 0.948156 0.997291 0.993709 0.965194 0.996738 0.989122 0.0194858 0.992068 0.921351 0.721287 0.721034 0.983494 0.0408854 0.99634 0.887594 0.993989 0.819945 0.984999 0.989666 0.93486 0.588631 0.90491 0.677482 0.998192 0.992179 0.0936937 0.875953 0.99272 0.016435 0.0380134 0.00373903 0.0137152 0.011812 0.0110371 0.788269 0.450836 0.0215645 0.00246085 0.0881036 0.508606 0.0330737 0.63219 0.00180937 0.992013 0.00629434 0.565561 0.691848 0.228258 0.00378274 0.897731 0.984018 0.997318 0.61597 0.913694 0.0102976 0.136468 0.00800384 0.00180889 0.000738355 0.0229567 0.0379377 0.00600113 0.0235546 0.0136728 0.281642 0.0124955 0.00324569 0.00658655 0.923953 0.00311049 0.00211414 0.615141 0.00245751 0.0133359 0.00155665 0.00626776 0.0108766 0.0887833 0.149028
0.976948 0.972994 0.984716 0.9897 0.800116 0.988742 0.978522 0.993433 0.111704 0.968775 0.992083 0.94042 0.125846 0.883282 0.163151 0.432062 0.968324 0.992099 0.966141 0.993998 0.987652 0.948727 0.997313 0.993728 0.965336 0.996765 0.989166 0.0192514 0.992105 0.921907 0.717067 0.716833 0.983641 0.0403975 0.996364 0.888693 0.993998 0.821667 0.985087 0.989705 0.93549 0.585557 0.905829 0.674483 0.998192 0.99223 0.0922962 0.876616 0.992746 0.0162978 0.0377519 0.00373024 0.0136004 0.0116651 0.0110262 0.791373 0.455159 0.0214153 0.00244793 0.0871924 0.505313 0.0326164 0.629113 0.00180878 0.992064 0.00627642 0.570338 0.69553 0.226414 0.00376554 0.899196 0.984176 0.997344 0.619227 0.914912 0.0102589 0.135395 0.00795233 0.00180839 0.000735662 0.0228638 0.0376613 0.00599139 0.0233279 0.013553 0.285927 0.0124213 0.00321809 0.00655855 0.924758 0.00310331 0.00210534 0.618075 0.00244489 0.0132945 0.00154594 0.00624963 0.0107818 0.0879256 0.147274
0.977145 0.973189 0.98489 0.98974 0.802642 0.988815 0.978672 0.993462 0.110625 0.96903 0.992144 0.940772 0.123704 0.88126 0.161463 0.427317 0.968545 0.992136 0.966531 0.994009 0.987697 0.949297 0.997333 0.993746 0.965483 0.996792 0.989211 0.0190199 0.992143 0.922464 0.712818 0.712541 0.983789 0.0399116 0.996388 0.889792 0.994007 0.823408 0.985174 0.989743 0.936119 0.582449 0.90674 0.671402 0.998193 0.992281 0.0908972 0.877265 0.992774 0.0161571 0.0374932 0.00372149 0.0134843 0.0115206 0.011015 0.794434 0.459547 0.0212626 0.00243532 0.0862901 0.501949 0.0321627 0.625998 0.0018086 0.992116 0.00625903 0.575154 0.699176 0.224555 0.00374883 0.900654 0.984336 0.997368 0.622496 0.916114 0.0102202 0.134335 0.00790117 0.0018085 0.000733049 0.0227642 0.0373798 0.00598249 0.0231005 0.0134363 0.290248 0.012348 0.00319122 0.00652958 0.925557 0.00309528 0.00209637 0.621073 0.00243287 0.013254 0.00153521 0.00623135 0.0106906 0.0870918 0.145519
0.977344 0.97339 0.985064 0.989777 0.805153 0.988885 0.978818 0.99349 0.109538 0.969281 0.992204 0.941136 0.12159 0.879196 0.159784 0.4225 0.968767 0.992173 0.966914 0.994019 0.987741 0.949847 0.997354 0.993764 0.965638 0.996819 0.989256 0.0187898 0.992181 0.923027 0.708453 0.708186 0.983935 0.0394341 0.996411 0.890863 0.994016 0.825138 0.98526 0.989781 0.93675 0.579291 0.907635 0.668246 0.998193 0.992333 0.0895166 0.877957 0.9928 0.0160194 0.0372302 0.00371274 0.0133694 0.0113776 0.0110064 0.79748 0.463958 0.0211125 0.00242276 0.0853971 0.498519 0.0317133 0.622838 0.00180853 0.992165 0.0062415 0.579958 0.702879 0.222685 0.00373215 0.902081 0.984492 0.997392 0.625812 0.917312 0.0101808 0.133252 0.00785152 0.00180808 0.000730526 0.02267 0.0371006 0.00597383 0.022874 0.013323 0.294644 0.012275 0.00316504 0.00650109 0.926359 0.00308842 0.00208769 0.624058 0.00242103 0.0132104 0.00152466 0.00621346 0.0105992 0.0862519 0.143778
0.977541 0.973595 0.985235 0.989816 0.807645 0.988955 0.978969 0.993518 0.108441 0.969531 0.992264 0.941503 0.119515 0.877046 0.15812 0.417724 0.968984 0.992212 0.967297 0.994029 0.987785 0.950401 0.997374 0.993783 0.965796 0.996845 0.989302 0.0185665 0.99222 0.923593 0.704008 0.703802 0.984082 0.0389616 0.996434 0.891948 0.994026 0.826892 0.985346 0.989818 0.937385 0.576084 0.908526 0.665051 0.998193 0.992384 0.0881607 0.878655 0.992827 0.0158832 0.0369705 0.00370424 0.0132558 0.0112372 0.0109953 0.800549 0.468454 0.0209628 0.0024104 0.084505 0.495074 0.031272 0.619658 0.00180849 0.992215 0.00622358 0.584782 0.706555 0.220796 0.003716 0.903491 0.98465 0.997416 0.629121 0.918486 0.0101412 0.132168 0.00779973 0.00180774 0.000728062 0.0225694 0.0368186 0.00596424 0.0226527 0.0132086 0.299111 0.0122032 0.00313849 0.00647248 0.927167 0.00308095 0.00207935 0.6271 0.0024091 0.0131712 0.00151476 0.00619535 0.0105105 0.0854128 0.142043
0.977734 0.97379 0.985401 0.989853 0.810127 0.989027 0.979115 0.993546 0.107364 0.969782 0.992322 0.941871 0.117466 0.874859 0.156471 0.412905 0.969205 0.992251 0.967676 0.994039 0.987832 0.95095 0.997394 0.993801 0.965946 0.996871 0.989347 0.0183433 0.992258 0.924165 0.699548 0.699315 0.984223 0.0384953 0.996457 0.893059 0.994036 0.828659 0.985432 0.989858 0.938013 0.572838 0.909441 0.661796 0.998194 0.992433 0.0868103 0.879377 0.992854 0.0157456 0.0367068 0.00369614 0.0131446 0.0110982 0.0109833 0.803595 0.472935 0.0208116 0.00239892 0.0836142 0.491559 0.0308342 0.616376 0.0018082 0.992265 0.00620501 0.589596 0.710197 0.21891 0.00370019 0.904891 0.984804 0.997439 0.632512 0.919642 0.0101019 0.131078 0.00775161 0.00180776 0.000725653 0.022469 0.0365318 0.00595584 0.022434 0.0130955 0.303649 0.0121326 0.00311321 0.00644349 0.927967 0.00307394 0.00207069 0.630181 0.0023972 0.0131293 0.00150453 0.00617723 0.01042 0.0845718 0.140297
0.977928 0.973988 0.985565 0.989893 0.812611 0.989097 0.979261 0.993575 0.106274 0.970029 0.992381 0.942238 0.115449 0.872629 0.15483 0.408078 0.969424 0.992289 0.968051 0.994049 0.987879 0.9515 0.997414 0.993819 0.966098 0.996896 0.989391 0.0181229 0.992295 0.92474 0.695009 0.694779 0.984365 0.038031 0.996479 0.894153 0.994046 0.830397 0.985517 0.989896 0.938644 0.56956 0.910355 0.658527 0.998194 0.992482 0.0854829 0.880099 0.992879 0.0156112 0.0364386 0.00368761 0.0130314 0.0109628 0.0109699 0.806614 0.477466 0.020666 0.00238731 0.0827259 0.488025 0.0304054 0.613026 0.001808 0.992315 0.0061871 0.59442 0.713877 0.216995 0.00368408 0.906276 0.984958 0.997461 0.635896 0.920801 0.0100627 0.129979 0.0077028 0.00180773 0.000723305 0.0223686 0.0362483 0.00594612 0.0222142 0.0129841 0.308262 0.0120618 0.00308734 0.00641619 0.928753 0.0030668 0.00206247 0.633277 0.00238578 0.0130894 0.00149439 0.00616044 0.0103322 0.0837317 0.138579
0.978119 0.974183 0.985726 0.989934 0.815104 0.98917 0.979408 0.993603 0.105182 0.970273 0.992437 0.94261 0.113439 0.870332 0.153199 0.403243 0.969641 0.992326 0.968421 0.994058 0.987927 0.952039 0.997433 0.993837 0.966255 0.996921 0.989437 0.0179041 0.992333 0.925334 0.690408 0.690137 0.984506 0.0375715 0.996502 0.895261 0.994054 0.832149 0.985604 0.989936 0.939264 0.566226 0.911263 0.655155 0.998194 0.992531 0.084163 0.880839 0.992904 0.0154753 0.036165 0.00367866 0.0129205 0.0108288 0.010957 0.809632 0.482067 0.02052 0.00237584 0.0818346 0.484436 0.029981 0.609629 0.00180771 0.992363 0.00616943 0.59928 0.717512 0.215053 0.00366863 0.907634 0.985112 0.997483 0.639321 0.921925 0.0100231 0.128887 0.0076538 0.00180762 0.000721037 0.0222664 0.035968 0.00593685 0.0219979 0.0128735 0.312894 0.0119909 0.00306273 0.00638783 0.929535 0.00306019 0.00205428 0.63637 0.00237501 0.0130491 0.00148456 0.00614237 0.0102465 0.0828999 0.13687
0.978309 0.974379 0.985883 0.989973 0.817526 0.989241 0.979552 0.993632 0.10408 0.970514 0.992493 0.942971 0.111466 0.867948 0.151556 0.398389 0.969862 0.992364 0.968794 0.994068 0.987975 0.952583 0.997453 0.993855 0.966413 0.996946 0.989481 0.0176876 0.992371 0.925921 0.685712 0.685431 0.984648 0.0371091 0.996524 0.896337 0.994064 0.8339 0.985688 0.989975 0.93989 0.562819 0.912156 0.65171 0.998194 0.99258 0.0828773 0.881617 0.992931 0.0153414 0.0358978 0.00367024 0.0128134 0.0106984 0.0109425 0.812597 0.486708 0.0203734 0.00236497 0.0809483 0.480764 0.0295643 0.606183 0.0018075 0.992411 0.0061523 0.604142 0.721143 0.21311 0.00365327 0.908988 0.985263 0.997504 0.642725 0.923028 0.00998462 0.127772 0.0076053 0.00180811 0.000718824 0.0221614 0.0356878 0.00592801 0.0217843 0.0127632 0.317614 0.0119228 0.00303826 0.00636056 0.930306 0.00305359 0.00204649 0.639526 0.00236386 0.0130063 0.00147531 0.00612446 0.0101606 0.0820696 0.135154
0.978501 0.974579 0.986039 0.990008 0.819999 0.989311 0.979695 0.993659 0.102989 0.970759 0.99255 0.943346 0.109527 0.865515 0.149924 0.393529 0.970083 0.992402 0.969161 0.994077 0.988021 0.953118 0.997471 0.993873 0.966571 0.99697 0.989525 0.017477 0.992409 0.926512 0.680951 0.680721 0.984787 0.0366543 0.996545 0.89743 0.994075 0.835662 0.985771 0.990013 0.940518 0.559351 0.913056 0.648191 0.998194 0.992629 0.0815901 0.882393 0.992956 0.015209 0.0356311 0.00366144 0.012701 0.0105687 0.0109271 0.815547 0.491343 0.0202299 0.00235472 0.0800686 0.477087 0.0291488 0.602668 0.00180772 0.992461 0.00613495 0.609003 0.724783 0.211173 0.00363783 0.910325 0.985413 0.997526 0.646183 0.924137 0.00994576 0.126647 0.00755676 0.00180818 0.000716768 0.0220562 0.0354077 0.00591779 0.0215719 0.0126542 0.322414 0.0118518 0.00301508 0.00633249 0.931093 0.00304632 0.00203883 0.642736 0.0023536 0.0129607 0.00146598 0.00610753 0.0100764 0.0812348 0.133456
0.97869 0.974776 0.986192 0.990048 0.822405 0.989381 0.979835 0.993688 0.101901 0.971 0.992607 0.94373 0.107634 0.863036 0.148291 0.388655 0.970298 0.99244 0.969524 0.994087 0.988069 0.953656 0.99749 0.993892 0.966729 0.996994 0.989569 0.0172672 0.992447 0.927111 0.676099 0.675916 0.984925 0.0362018 0.996566 0.898519 0.994084 0.837438 0.985856 0.990052 0.94113 0.555858 0.913947 0.644613 0.998194 0.992678 0.0803135 0.883176 0.992982 0.0150767 0.0353597 0.00365252 0.0125939 0.0104395 0.0109106 0.818477 0.496006 0.0200864 0.00234432 0.0792021 0.473352 0.0287399 0.599134 0.00180791 0.992509 0.00611777 0.613892 0.728397 0.209242 0.00362363 0.911639 0.985562 0.997547 0.649669 0.925223 0.00990821 0.125546 0.00750903 0.00180809 0.000714779 0.0219521 0.0351279 0.00590916 0.0213587 0.0125475 0.327273 0.0117836 0.00299078 0.00630527 0.931861 0.00303978 0.00203108 0.645938 0.00234282 0.0129177 0.00145726 0.00608957 0.00999116 0.0804003 0.131762
0.978877 0.974969 0.986342 0.990086 0.824817 0.989451 0.979979 0.993715 0.100821 0.971242 0.992661 0.944094 0.105756 0.860492 0.14668 0.383785 0.970517 0.992477 0.969886 0.994096 0.988114 0.954179 0.997508 0.993908 0.966893 0.997017 0.989613 0.0170599 0.992486 0.927708 0.671182 0.670987 0.985064 0.0357562 0.996587 0.899609 0.994094 0.839185 0.985942 0.990089 0.941739 0.552311 0.91484 0.641022 0.998193 0.992726 0.0790593 0.88397 0.993006 0.0149475 0.0350908 0.00364393 0.0124875 0.0103126 0.0108941 0.821365 0.500757 0.0199444 0.00233373 0.0783247 0.469554 0.0283372 0.595479 0.00180783 0.992556 0.00610051 0.618783 0.732012 0.207288 0.00360903 0.912937 0.985708 0.997567 0.653127 0.926299 0.00986969 0.12442 0.00746219 0.0018083 0.000712902 0.0218469 0.0348483 0.00590056 0.0211475 0.0124415 0.332184 0.0117183 0.00296743 0.006277 0.932619 0.00303346 0.00202338 0.649165 0.00233284 0.0128719 0.00144857 0.00607304 0.00990661 0.0795739 0.130075
0.979065 0.975165 0.986493 0.990124 0.827209 0.989522 0.980121 0.993744 0.0997315 0.971487 0.992714 0.944474 0.103917 0.857886 0.145042 0.378869 0.970735 0.992515 0.970244 0.994106 0.988163 0.954703 0.997526 0.993924 0.967057 0.997041 0.989658 0.0168533 0.992525 0.928309 0.666229 0.666034 0.985197 0.0353118 0.996607 0.90069 0.994103 0.840958 0.986023 0.990125 0.942352 0.548706 0.915725 0.637313 0.998193 0.992772 0.0778282 0.88477 0.993031 0.0148178 0.0348235 0.00363569 0.0123823 0.0101875 0.0108762 0.824247 0.505558 0.0198043 0.00232341 0.0774624 0.46575 0.0279391 0.591766 0.00180813 0.992604 0.00608276 0.623691 0.735649 0.205326 0.00359447 0.914225 0.98585 0.997587 0.656637 0.92735 0.00983167 0.123278 0.00741636 0.00180861 0.000711143 0.0217396 0.0345654 0.00589145 0.0209376 0.0123377 0.337237 0.01165 0.00294439 0.00624913 0.933388 0.00302689 0.002016 0.652412 0.00232298 0.012828 0.0014399 0.00605577 0.00982338 0.0787363 0.128404
0.979255 0.975362 0.986639 0.990161 0.829594 0.989591 0.980262 0.993771 0.098651 0.971726 0.992769 0.944846 0.102114 0.855202 0.143391 0.373978 0.970959 0.992553 0.970594 0.994115 0.988211 0.955229 0.997544 0.993941 0.967218 0.997063 0.989703 0.0166517 0.992564 0.928915 0.66118 0.660976 0.985333 0.0348742 0.996627 0.901758 0.994112 0.842741 0.986104 0.990163 0.942962 0.545088 0.916614 0.633588 0.998193 0.992818 0.076596 0.885566 0.993055 0.0146873 0.0345615 0.00362682 0.0122774 0.0100639 0.0108585 0.827114 0.510327 0.0196637 0.00231376 0.0765891 0.461887 0.0275511 0.588015 0.00180827 0.99265 0.00606516 0.628629 0.739258 0.203355 0.00357993 0.91549 0.985992 0.997607 0.660139 0.928383 0.00979335 0.122137 0.00737132 0.00180885 0.000709288 0.0216287 0.0342782 0.00588237 0.0207293 0.0122332 0.342318 0.0115846 0.00292189 0.0062223 0.93414 0.00302049 0.00200878 0.655653 0.00231373 0.0127813 0.00143144 0.00603825 0.00974174 0.0779139 0.126727
0.979444 0.975555 0.986785 0.990198 0.831958 0.989658 0.980405 0.9938 0.0975587 0.971967 0.992822 0.945229 0.100313 0.852428 0.14175 0.369088 0.971177 0.992591 0.970941 0.994125 0.98826 0.955737 0.997561 0.993958 0.967382 0.997086 0.989748 0.0164522 0.992603 0.92952 0.656067 0.655844 0.985464 0.0344399 0.996647 0.902844 0.99412 0.844507 0.986188 0.990201 0.943569 0.541413 0.917496 0.62979 0.998193 0.992864 0.0753854 0.886396 0.99308 0.0145596 0.0342885 0.00361835 0.0121739 0.00994168 0.0108412 0.829924 0.515186 0.0195222 0.00230425 0.0757265 0.458031 0.0271633 0.584209 0.00180865 0.992697 0.00604764 0.633552 0.742876 0.201365 0.00356614 0.916732 0.986134 0.997626 0.66367 0.929433 0.00975455 0.121005 0.00732456 0.00180923 0.000707664 0.0215204 0.0340024 0.00587323 0.0205224 0.0121315 0.347503 0.011519 0.00290008 0.00619469 0.934896 0.00301425 0.00200179 0.658973 0.00230417 0.0127343 0.00142319 0.00601943 0.00965883 0.0770804 0.125066
0.97963 0.975747 0.986927 0.990235 0.834313 0.989726 0.980543 0.993826 0.0964778 0.972206 0.992876 0.945607 0.0985511 0.849617 0.140109 0.364201 0.971393 0.992629 0.971286 0.994136 0.988309 0.956258 0.997578 0.993975 0.967549 0.997108 0.989793 0.0162562 0.992641 0.930128 0.650923 0.650659 0.985595 0.0340043 0.996666 0.90392 0.99413 0.8463 0.986271 0.99024 0.944173 0.537684 0.918393 0.625924 0.998192 0.99291 0.074193 0.887243 0.993104 0.0144309 0.0340207 0.00360931 0.0120724 0.00982065 0.0108219 0.83269 0.520027 0.0193822 0.00229427 0.0748632 0.454071 0.0267805 0.580322 0.00180877 0.992743 0.00603014 0.638437 0.746445 0.199348 0.0035528 0.917982 0.986277 0.997645 0.667219 0.930452 0.00971623 0.119863 0.00727877 0.00180945 0.000706093 0.0214076 0.0337227 0.00586338 0.0203163 0.012029 0.35271 0.0114526 0.00287809 0.00616787 0.935654 0.00300831 0.0019949 0.662267 0.00229476 0.0126852 0.00141536 0.00600093 0.0095789 0.0762543 0.123423
0.979818 0.975942 0.987068 0.990274 0.836646 0.989795 0.980685 0.993853 0.0953903 0.972445 0.992928 0.945991 0.0968055 0.846715 0.138468 0.359301 0.971608 0.992664 0.971632 0.994145 0.988358 0.956764 0.997594 0.993992 0.967717 0.997131 0.989838 0.01606 0.992678 0.930749 0.645653 0.645412 0.985729 0.0335734 0.996685 0.905008 0.99414 0.848066 0.986352 0.990278 0.944775 0.533889 0.919294 0.621964 0.998192 0.992955 0.0729977 0.888081 0.993128 0.0143061 0.0337523 0.00360107 0.0119691 0.00970142 0.0108007 0.835488 0.52494 0.0192454 0.00228532 0.0740134 0.450095 0.0264035 0.576417 0.00180922 0.992788 0.00601438 0.643376 0.750039 0.197376 0.00353885 0.919217 0.986417 0.997663 0.670758 0.931449 0.00967912 0.118731 0.00723331 0.00181011 0.000704702 0.0212963 0.0334407 0.00585328 0.0201132 0.0119293 0.358009 0.0113857 0.00285707 0.00614055 0.936401 0.00300217 0.00198854 0.665613 0.00228559 0.0126376 0.00140773 0.0059842 0.00949782 0.075442 0.121784
0.980004 0.976139 0.987207 0.990312 0.838949 0.989863 0.980822 0.99388 0.0943121 0.972681 0.99298 0.946387 0.0950836 0.843732 0.136863 0.354419 0.971829 0.992701 0.971974 0.994154 0.988406 0.957263 0.99761 0.994009 0.967886 0.997152 0.989882 0.015864 0.992713 0.931371 0.640344 0.640089 0.98586 0.033149 0.996703 0.906089 0.99415 0.849842 0.986435 0.990316 0.945376 0.530086 0.920174 0.617986 0.998192 0.993001 0.0718303 0.888933 0.993152 0.0141804 0.0334768 0.00359292 0.0118655 0.00958685 0.0107806 0.838213 0.529869 0.0191059 0.00227616 0.0731733 0.446069 0.0260402 0.572444 0.0018092 0.992833 0.00599691 0.648266 0.753605 0.195338 0.00352524 0.920437 0.986557 0.997681 0.674298 0.932446 0.00964162 0.117577 0.00718875 0.00181061 0.000703222 0.0211808 0.0331554 0.00584342 0.0199165 0.0118287 0.363414 0.0113229 0.0028357 0.00611345 0.937152 0.00299625 0.00198191 0.669013 0.00227664 0.0125909 0.0014001 0.00596662 0.0094162 0.0746165 0.120152
0.980187 0.976329 0.987344 0.990349 0.841246 0.989929 0.98096 0.993907 0.093223 0.972914 0.99303 0.946763 0.0933885 0.840665 0.135266 0.34954 0.972049 0.992738 0.972308 0.994164 0.988456 0.957759 0.997626 0.994026 0.968061 0.997173 0.989927 0.0156724 0.992752 0.931992 0.63493 0.634725 0.985988 0.0327296 0.996721 0.907166 0.994159 0.851628 0.986516 0.990354 0.945967 0.526163 0.921052 0.613917 0.998191 0.993046 0.0706878 0.889801 0.993175 0.0140538 0.0331997 0.00358398 0.0117649 0.00947295 0.0107588 0.84092 0.534816 0.0189677 0.00226751 0.0723134 0.441993 0.0256725 0.568366 0.00180968 0.992876 0.00597933 0.653119 0.757167 0.19331 0.00351157 0.921639 0.986695 0.997699 0.677899 0.933413 0.00960429 0.116405 0.00714442 0.0018107 0.000701877 0.0210659 0.0328721 0.00583484 0.0197181 0.0117293 0.36887 0.011258 0.00281488 0.00608646 0.937896 0.00299056 0.00197529 0.672438 0.00226819 0.0125425 0.00139237 0.00594916 0.00933859 0.073796 0.118523
0.980372 0.976521 0.987479 0.990387 0.843516 0.989995 0.981098 0.993934 0.0921569 0.973147 0.993081 0.947145 0.0917176 0.837534 0.13367 0.344629 0.972271 0.992775 0.972641 0.994173 0.988509 0.958249 0.997642 0.994043 0.968238 0.997194 0.989974 0.015485 0.992788 0.932619 0.629442 0.629268 0.986116 0.0323107 0.996739 0.908249 0.994168 0.853386 0.986597 0.990391 0.946553 0.522207 0.921933 0.609763 0.99819 0.993092 0.0695399 0.890677 0.993198 0.0139308 0.0329234 0.0035752 0.0116662 0.009359 0.0107349 0.84361 0.539787 0.0188286 0.00225913 0.071462 0.437869 0.0253115 0.564257 0.00181044 0.99292 0.00596268 0.658064 0.760719 0.191251 0.00349818 0.922826 0.98683 0.997716 0.681529 0.934376 0.00956446 0.115241 0.00710018 0.00181139 0.000700698 0.0209523 0.0325901 0.00582479 0.019522 0.0116316 0.374405 0.0111948 0.00279445 0.00605972 0.938629 0.00298508 0.00196917 0.675861 0.00225967 0.0124926 0.00138499 0.00593276 0.00925911 0.072993 0.116907
0.98055 0.976717 0.987612 0.990424 0.845769 0.990062 0.981234 0.99396 0.0910805 0.973381 0.993131 0.947525 0.0900782 0.834327 0.132069 0.339736 0.972488 0.992813 0.972969 0.994182 0.988558 0.958742 0.997657 0.99406 0.968418 0.997214 0.99002 0.0152999 0.992826 0.933243 0.623909 0.623725 0.986245 0.0318968 0.996757 0.909312 0.994178 0.85517 0.986679 0.990426 0.947143 0.518188 0.922803 0.605536 0.998189 0.993138 0.0684181 0.891566 0.993222 0.0138057 0.0326446 0.00356672 0.0115691 0.00924914 0.010712 0.846273 0.544822 0.01869 0.00225124 0.0706286 0.433736 0.0249575 0.560038 0.00181132 0.992963 0.00594692 0.662968 0.764244 0.189213 0.00348519 0.923976 0.986965 0.997734 0.685182 0.935335 0.00952795 0.114086 0.00705587 0.00181211 0.000699416 0.0208339 0.032315 0.00581575 0.0193277 0.0115334 0.379959 0.0111315 0.00277428 0.00603313 0.939371 0.00297944 0.00196278 0.679271 0.0022517 0.0124441 0.00137787 0.00591573 0.00918081 0.0721858 0.115309
0.980736 0.97691 0.987739 0.990462 0.848012 0.990129 0.981374 0.993988 0.0899976 0.973615 0.993179 0.947922 0.0884679 0.831037 0.130503 0.334879 0.972706 0.992852 0.973296 0.994192 0.988606 0.95923 0.997672 0.994078 0.968603 0.997235 0.990064 0.0151187 0.992864 0.933869 0.618318 0.618074 0.986372 0.0314847 0.996774 0.910398 0.994187 0.856945 0.986759 0.990462 0.947721 0.514095 0.923674 0.601255 0.998189 0.993183 0.0673108 0.892461 0.993244 0.013684 0.0323675 0.00355817 0.0114716 0.0091383 0.0106887 0.848896 0.549925 0.0185574 0.00224304 0.0698002 0.429571 0.0246042 0.5558 0.00181198 0.993007 0.00592949 0.667871 0.767775 0.187159 0.00347227 0.925123 0.987099 0.99775 0.68881 0.936276 0.00949188 0.11291 0.00701151 0.00181301 0.000698193 0.0207168 0.0320299 0.0058065 0.0191356 0.0114378 0.385628 0.0110688 0.00275462 0.006007 0.940101 0.00297334 0.00195655 0.68276 0.00224354 0.0123928 0.00137106 0.00589891 0.00910489 0.0713793 0.113722
0.980917 0.977097 0.987867 0.990498 0.850233 0.990194 0.981511 0.994015 0.0889108 0.973846 0.993228 0.948316 0.0868809 0.827656 0.128912 0.329951 0.972921 0.99289 0.973621 0.994202 0.988657 0.959717 0.997688 0.994095 0.968788 0.997254 0.99011 0.0149374 0.992901 0.934495 0.612623 0.612388 0.986498 0.0310779 0.996791 0.911461 0.994198 0.858712 0.986842 0.990501 0.948302 0.50999 0.924549 0.596896 0.998188 0.993226 0.0662152 0.89337 0.993267 0.013562 0.0320978 0.0035498 0.0113761 0.00903128 0.0106631 0.851491 0.555037 0.0184245 0.00223557 0.0689728 0.425389 0.0242586 0.551531 0.00181254 0.99305 0.0059134 0.672721 0.771283 0.185107 0.0034598 0.926255 0.987231 0.997767 0.692485 0.937213 0.00945457 0.111746 0.00696915 0.00181365 0.00069726 0.0206015 0.031747 0.00579809 0.0189425 0.0113388 0.391371 0.0110073 0.00273517 0.00598101 0.940821 0.00296761 0.00195052 0.686282 0.00223576 0.0123422 0.00136434 0.00588213 0.00902957 0.0705748 0.112144
0.981096 0.977291 0.987995 0.990536 0.852455 0.990259 0.981645 0.994042 0.0878432 0.974082 0.993276 0.948716 0.0853111 0.824162 0.12734 0.325068 0.973141 0.992927 0.97394 0.994211 0.988707 0.960203 0.997702 0.994112 0.96897 0.997275 0.990156 0.014762 0.992939 0.935127 0.606854 0.606645 0.986623 0.0306804 0.996808 0.912541 0.994207 0.860493 0.986922 0.990539 0.94889 0.505828 0.925403 0.592485 0.998187 0.99327 0.0651367 0.894298 0.993289 0.0134424 0.0318194 0.0035411 0.0112803 0.00892492 0.0106386 0.854045 0.560146 0.0182885 0.00222791 0.0681501 0.421113 0.0239169 0.547149 0.00181317 0.993091 0.00589646 0.67761 0.774779 0.183074 0.00344671 0.927396 0.987362 0.997782 0.696177 0.938145 0.00941882 0.110572 0.00692527 0.00181441 0.000696362 0.0204801 0.0314652 0.00578908 0.0187531 0.0112446 0.397174 0.0109449 0.00271617 0.00595498 0.941545 0.00296157 0.0019448 0.689801 0.00222748 0.012292 0.00135792 0.00586537 0.00895372 0.0697729 0.110576
0.981274 0.977479 0.98812 0.990574 0.854641 0.990326 0.98178 0.994068 0.0867784 0.97431 0.993324 0.949111 0.0837653 0.820618 0.125774 0.320248 0.973355 0.992965 0.974255 0.994221 0.988758 0.960681 0.997716 0.994128 0.969156 0.997293 0.990201 0.014585 0.992976 0.935765 0.601006 0.600837 0.986747 0.0302845 0.996825 0.913601 0.994217 0.862245 0.987001 0.990576 0.949472 0.501568 0.926266 0.588006 0.998186 0.993313 0.0640668 0.895223 0.993312 0.013322 0.0315432 0.00353234 0.0111866 0.00882115 0.010613 0.856612 0.565292 0.0181563 0.00222035 0.0673245 0.416861 0.0235778 0.542712 0.00181374 0.993133 0.00588013 0.682417 0.778212 0.180967 0.00343491 0.928518 0.987491 0.997798 0.699819 0.939052 0.00937977 0.109397 0.00688312 0.00181515 0.00069551 0.0203599 0.0311845 0.00577877 0.0185651 0.0111512 0.403057 0.0108829 0.00269745 0.0059287 0.942259 0.00295579 0.00193924 0.693322 0.00222033 0.012242 0.00135142 0.00584913 0.00887969 0.0689751 0.109032
0.981454 0.977671 0.988245 0.99061 0.856799 0.99039 0.981915 0.994094 0.0857223 0.974535 0.993371 0.949509 0.0822605 0.816995 0.124195 0.315355 0.973577 0.993 0.974568 0.994231 0.988809 0.961159 0.99773 0.994146 0.969341 0.997312 0.990247 0.0144121 0.993014 0.936405 0.595115 0.594959 0.986872 0.0298884 0.996841 0.914658 0.994227 0.863986 0.987081 0.990614 0.950045 0.497226 0.927124 0.583478 0.998185 0.993355 0.0630152 0.896165 0.993334 0.0132036 0.0312652 0.00352402 0.011092 0.00871857 0.0105874 0.859117 0.570494 0.0180222 0.00221317 0.066517 0.412549 0.0232466 0.538214 0.00181476 0.993174 0.00586294 0.68725 0.781656 0.178881 0.00342279 0.929615 0.987621 0.997813 0.703516 0.93995 0.00934302 0.108214 0.00684159 0.00181596 0.00069467 0.0202401 0.0309 0.00576926 0.0183793 0.0110579 0.408961 0.0108217 0.00267912 0.00590168 0.942977 0.00295027 0.0019337 0.696859 0.00221272 0.0121919 0.00134528 0.00583203 0.00880438 0.0681706 0.107476
0.981633 0.977864 0.988369 0.990649 0.858953 0.990455 0.982051 0.99412 0.0846631 0.974765 0.993418 0.949906 0.0807916 0.813271 0.12263 0.31048 0.973799 0.993038 0.974882 0.994241 0.988862 0.961632 0.997743 0.994163 0.969529 0.99733 0.990292 0.0142393 0.993051 0.937046 0.589164 0.58899 0.986993 0.0295017 0.996858 0.915713 0.994237 0.865755 0.987166 0.990654 0.950604 0.492912 0.927979 0.578888 0.998184 0.993397 0.0619742 0.89711 0.993356 0.013086 0.0309854 0.00351615 0.0109997 0.00861783 0.0105613 0.861612 0.575745 0.0178883 0.00220609 0.0657057 0.408219 0.0229207 0.533648 0.00181597 0.993215 0.00584691 0.692083 0.785097 0.176809 0.0034114 0.9307 0.987749 0.997829 0.707212 0.940823 0.00930645 0.107024 0.00680004 0.00181658 0.000694039 0.0201208 0.0306152 0.00575996 0.0181943 0.0109664 0.415009 0.010761 0.00266113 0.00587618 0.943683 0.00294476 0.00192828 0.7004 0.0022058 0.0121416 0.00133942 0.00581576 0.00872979 0.0673889 0.105941
0.981812 0.978056 0.988488 0.990687 0.861078 0.99052 0.982183 0.994146 0.0836072 0.974989 0.993465 0.950309 0.0793172 0.809426 0.121083 0.305673 0.974018 0.993074 0.97519 0.99425 0.988914 0.9621 0.997757 0.99418 0.969724 0.997349 0.990339 0.0140696 0.993088 0.937689 0.583165 0.582982 0.987114 0.0291136 0.996873 0.916767 0.994247 0.867519 0.987247 0.990692 0.951173 0.488522 0.928826 0.574192 0.998184 0.993439 0.0609493 0.898059 0.993377 0.0129692 0.030709 0.00350778 0.0109073 0.00851762 0.0105353 0.864075 0.580924 0.0177555 0.00219904 0.0648946 0.403834 0.0225958 0.529032 0.00181685 0.993256 0.00583081 0.696885 0.788539 0.174725 0.00339961 0.931767 0.987874 0.997843 0.710904 0.941697 0.00926943 0.105831 0.00675876 0.00181749 0.0006934 0.0200015 0.0303343 0.00575026 0.0180099 0.010875 0.421081 0.0106999 0.00264325 0.00585018 0.944386 0.0029397 0.00192321 0.703951 0.00219921 0.0120896 0.00133363 0.00579852 0.00865771 0.0665996 0.104421
0.981987 0.978247 0.988606 0.990725 0.863201 0.990582 0.982317 0.994172 0.0825616 0.975213 0.993509 0.950715 0.0778762 0.805515 0.119533 0.30083 0.974238 0.993112 0.975494 0.99426 0.988966 0.962561 0.99777 0.994196 0.969916 0.997366 0.990386 0.0139027 0.993125 0.938335 0.577102 0.576861 0.987231 0.0287323 0.996888 0.917812 0.994256 0.869245 0.987327 0.99073 0.951737 0.484118 0.92968 0.569368 0.998182 0.993481 0.0599333 0.899031 0.9934 0.0128534 0.0304324 0.00349889 0.0108165 0.00841936 0.0105078 0.866507 0.586185 0.0176221 0.00219208 0.0640871 0.39941 0.0222785 0.524343 0.00181786 0.993296 0.00581411 0.701685 0.791927 0.172614 0.00338824 0.932816 0.987997 0.997857 0.714611 0.942554 0.00923143 0.104646 0.00671884 0.00181851 0.000692856 0.0198771 0.0300548 0.00574087 0.0178277 0.0107842 0.427261 0.0106383 0.00262564 0.0058252 0.945083 0.00293493 0.00191815 0.707517 0.0021928 0.0120381 0.00132808 0.00578309 0.00858487 0.0658126 0.102905
0.982162 0.978433 0.988722 0.990762 0.865287 0.990645 0.982448 0.994196 0.0815083 0.975438 0.993553 0.951116 0.0764582 0.801517 0.118003 0.296063 0.974453 0.993149 0.975794 0.994269 0.989018 0.963024 0.997782 0.994214 0.970108 0.997384 0.990432 0.0137414 0.993162 0.938977 0.570936 0.570703 0.987348 0.0283593 0.996903 0.918855 0.994266 0.871002 0.987407 0.990767 0.952296 0.479611 0.930525 0.564501 0.998181 0.993524 0.0589374 0.899995 0.993422 0.012738 0.0301488 0.00348999 0.0107279 0.00832182 0.0104768 0.868902 0.591447 0.0174891 0.00218545 0.0632827 0.394943 0.0219651 0.519588 0.00181901 0.993336 0.00579667 0.706477 0.795275 0.170495 0.00337702 0.933869 0.988122 0.997871 0.718311 0.943413 0.00919497 0.103448 0.00667893 0.00181968 0.000692415 0.0197522 0.0297718 0.00573082 0.0176448 0.0106948 0.433519 0.0105775 0.00260866 0.00579971 0.945779 0.0029298 0.00191332 0.711122 0.00218635 0.0119854 0.00132276 0.00576647 0.00851356 0.0650314 0.101397
0.982338 0.978623 0.988837 0.990799 0.867358 0.990709 0.982578 0.994223 0.0804685 0.975662 0.993597 0.951523 0.0750511 0.797357 0.11647 0.291263 0.97467 0.993186 0.976091 0.99428 0.98907 0.963477 0.997795 0.994231 0.970306 0.997401 0.990479 0.0135802 0.993198 0.939622 0.564658 0.56447 0.987462 0.0279856 0.996918 0.919894 0.994276 0.872758 0.987487 0.990806 0.952856 0.475061 0.931381 0.559563 0.99818 0.993565 0.0579564 0.900979 0.993442 0.0126226 0.0298688 0.00348108 0.0106402 0.00822604 0.0104482 0.871295 0.596743 0.0173557 0.0021792 0.0624821 0.390453 0.0216601 0.514798 0.00182028 0.993376 0.00578065 0.711233 0.798633 0.168361 0.0033658 0.9349 0.988246 0.997885 0.722016 0.944252 0.00915912 0.102241 0.00663839 0.00182086 0.000692094 0.0196296 0.0294872 0.00572092 0.0174663 0.0106051 0.439804 0.010518 0.00259164 0.00577323 0.946474 0.00292505 0.00190816 0.714765 0.00218018 0.0119312 0.00131717 0.00574978 0.00844331 0.0642386 0.0999027
0.98251 0.978808 0.988951 0.990837 0.869421 0.990771 0.982709 0.994247 0.0794391 0.975883 0.993641 0.951929 0.0736749 0.793137 0.114931 0.286529 0.974892 0.993223 0.976389 0.99429 0.989121 0.963922 0.997807 0.994248 0.970505 0.997418 0.990524 0.0134171 0.993234 0.940269 0.558332 0.558169 0.987577 0.0276198 0.996933 0.920928 0.994286 0.874494 0.987567 0.990842 0.953408 0.470486 0.93222 0.554571 0.998179 0.993608 0.0569857 0.901957 0.993463 0.0125093 0.0295954 0.00347247 0.0105512 0.00813164 0.0104172 0.873653 0.602041 0.0172264 0.00217277 0.0616875 0.385961 0.0213551 0.50996 0.00182141 0.993416 0.00576372 0.715949 0.80197 0.166251 0.00335489 0.935914 0.988364 0.997898 0.725718 0.945083 0.00912228 0.10105 0.00659935 0.00182223 0.000691689 0.0195054 0.0292057 0.00571093 0.0172908 0.010518 0.446157 0.0104582 0.00257545 0.00574694 0.947167 0.00292006 0.00190359 0.718382 0.00217429 0.0118767 0.00131214 0.00573253 0.00837433 0.0634621 0.0984263
0.982684 0.978994 0.989063 0.990875 0.871477 0.990835 0.982837 0.994271 0.0784076 0.976103 0.993683 0.952343 0.0723286 0.788788 0.113398 0.281804 0.975112 0.993259 0.976682 0.994299 0.989174 0.964365 0.997819 0.994266 0.970702 0.997434 0.99057 0.0132589 0.99327 0.940923 0.551966 0.551831 0.987693 0.0272522 0.996947 0.921964 0.994296 0.876229 0.987647 0.990879 0.953963 0.465846 0.933055 0.549505 0.998178 0.993648 0.0560251 0.902945 0.993484 0.0123939 0.0293201 0.00346353 0.0104625 0.0080409 0.0103856 0.875993 0.60736 0.0170964 0.0021669 0.0609112 0.381436 0.0210581 0.505084 0.00182268 0.993455 0.00574647 0.720697 0.805261 0.164132 0.00334359 0.936923 0.988482 0.99791 0.729457 0.945905 0.00908595 0.099858 0.00656055 0.00182368 0.000691634 0.0193813 0.0289228 0.00570019 0.0171142 0.0104314 0.452525 0.0103982 0.0025592 0.00572231 0.947842 0.002915 0.0018993 0.722017 0.00216827 0.0118225 0.00130729 0.00571512 0.00830698 0.0626859 0.0969557
0.982854 0.979177 0.989174 0.990914 0.873491 0.990897 0.982965 0.994296 0.0773879 0.976324 0.993726 0.952759 0.0709992 0.784345 0.111894 0.277074 0.975329 0.993296 0.976974 0.994309 0.989229 0.964805 0.997831 0.994282 0.970902 0.99745 0.990615 0.0131016 0.993306 0.941583 0.545504 0.545395 0.987804 0.0268959 0.996962 0.922987 0.994307 0.877945 0.987726 0.990918 0.954511 0.461129 0.933887 0.544335 0.998176 0.993689 0.0550774 0.903944 0.993507 0.0122814 0.0290403 0.00345553 0.0103762 0.00795009 0.0103527 0.878287 0.612735 0.016965 0.00216078 0.0601313 0.376873 0.0207631 0.500035 0.00182401 0.993494 0.00573018 0.725384 0.808543 0.162014 0.00333297 0.937922 0.988601 0.997922 0.733167 0.946726 0.009048 0.0986583 0.00652184 0.00182467 0.000691586 0.0192525 0.0286419 0.00569044 0.0169412 0.010347 0.458974 0.0103398 0.00254292 0.00569687 0.948525 0.00291044 0.00189515 0.725671 0.00216231 0.0117675 0.00130242 0.00569789 0.0082384 0.0619073 0.09551
0.983025 0.979364 0.989285 0.990952 0.875491 0.990959 0.983094 0.994321 0.0763613 0.976541 0.993768 0.953176 0.0696934 0.779786 0.110358 0.27241 0.975546 0.993332 0.977261 0.99432 0.989282 0.965242 0.997842 0.994298 0.9711 0.997466 0.990661 0.0129476 0.993341 0.942228 0.539048 0.538862 0.987918 0.0265374 0.996976 0.923999 0.994317 0.879663 0.987806 0.990955 0.955054 0.456381 0.934719 0.539162 0.998175 0.993729 0.0541367 0.904939 0.993529 0.0121699 0.0287633 0.00344723 0.0102903 0.00786178 0.0103208 0.880566 0.618084 0.0168347 0.00215473 0.0593567 0.372256 0.0204783 0.494998 0.0018257 0.993533 0.00571343 0.73006 0.811787 0.159913 0.00332277 0.938908 0.988717 0.997935 0.736882 0.947526 0.00900939 0.0974675 0.00648356 0.0018263 0.000691614 0.0191251 0.02837 0.00567976 0.0167667 0.0102606 0.465531 0.0102804 0.00252766 0.00567203 0.949199 0.00290556 0.00189119 0.729313 0.0021567 0.0117116 0.00129793 0.0056804 0.00817115 0.0611327 0.0940649
0.983192 0.979547 0.989394 0.990991 0.877462 0.991022 0.983223 0.994346 0.0753316 0.976763 0.993809 0.953594 0.068397 0.775125 0.108861 0.267757 0.975762 0.993368 0.977541 0.99433 0.989335 0.96568 0.997853 0.994316 0.97131 0.997481 0.990706 0.0127968 0.993378 0.942885 0.532545 0.532338 0.988028 0.0261857 0.99699 0.925018 0.994328 0.881362 0.987885 0.990994 0.955597 0.451599 0.935545 0.533903 0.998173 0.993768 0.0532187 0.905961 0.993548 0.0120599 0.0284851 0.00343879 0.0102049 0.00777275 0.0102862 0.8828 0.623407 0.016704 0.00214907 0.0585831 0.367634 0.0201916 0.489894 0.00182737 0.993571 0.00569585 0.734724 0.814993 0.157789 0.00331206 0.939876 0.988832 0.997947 0.74061 0.948318 0.00897107 0.0962742 0.00644596 0.00182767 0.0006917 0.0189955 0.0280898 0.00566862 0.0165964 0.0101752 0.47212 0.0102215 0.00251247 0.00564693 0.949871 0.00290044 0.00188717 0.732979 0.00215111 0.0116564 0.00129377 0.00566322 0.00810456 0.0603828 0.0926278
0.983361 0.97973 0.989501 0.991029 0.87942 0.991082 0.983353 0.994372 0.0743104 0.976981 0.993849 0.954007 0.0671304 0.770341 0.107355 0.263145 0.975979 0.993403 0.97782 0.99434 0.989389 0.966118 0.997864 0.994333 0.971516 0.997496 0.990753 0.0126484 0.993414 0.94353 0.525936 0.525758 0.988138 0.0258338 0.997003 0.926029 0.994338 0.883059 0.987964 0.991032 0.95614 0.446755 0.936368 0.528567 0.998172 0.993808 0.0523118 0.906983 0.99357 0.0119502 0.0282021 0.00343045 0.0101211 0.00768654 0.0102517 0.885004 0.628785 0.0165766 0.0021435 0.0578148 0.363005 0.0199108 0.484707 0.00182887 0.993609 0.00567831 0.739353 0.818201 0.155693 0.00330171 0.940845 0.988946 0.997959 0.744336 0.949103 0.00893403 0.0950908 0.00640882 0.00182926 0.000691774 0.0188652 0.0278121 0.00565838 0.0164288 0.0100905 0.478758 0.0101621 0.00249781 0.00562162 0.950547 0.00289608 0.00188339 0.736655 0.00214572 0.0116004 0.00128956 0.00564662 0.00803777 0.0596131 0.0911935
0.983525 0.97991 0.989607 0.991067 0.881391 0.991143 0.983479 0.994398 0.0733084 0.977199 0.993888 0.954424 0.0658843 0.765444 0.105892 0.258557 0.976192 0.993439 0.978096 0.99435 0.989445 0.966541 0.997875 0.99435 0.971727 0.997511 0.990799 0.0125024 0.99345 0.94417 0.519282 0.519153 0.988248 0.0254865 0.997018 0.927035 0.994348 0.884757 0.988045 0.991071 0.956669 0.441867 0.93718 0.52314 0.99817 0.993847 0.0514168 0.907995 0.993592 0.0118412 0.0279224 0.00342113 0.0100373 0.00760082 0.0102159 0.887182 0.63419 0.016447 0.00213823 0.0570541 0.358339 0.0196309 0.479494 0.00183067 0.993645 0.00566199 0.743949 0.821386 0.153575 0.00329155 0.941793 0.989058 0.99797 0.748069 0.949863 0.0088957 0.0939007 0.0063705 0.00183068 0.000692146 0.0187359 0.0275341 0.00564796 0.0162607 0.010007 0.485444 0.0101048 0.002483 0.00559694 0.9512 0.00289151 0.00187959 0.740337 0.0021406 0.0115429 0.00128546 0.00563098 0.00797338 0.0588591 0.0897775
0.98369 0.980095 0.989711 0.991107 0.883318 0.991203 0.983608 0.994423 0.0723073 0.977416 0.993929 0.954837 0.0646699 0.76048 0.104426 0.254032 0.976409 0.993474 0.978368 0.994361 0.989499 0.96696 0.997885 0.994367 0.971936 0.997526 0.990844 0.0123552 0.993486 0.944799 0.51262 0.51245 0.988357 0.0251468 0.997031 0.92802 0.994359 0.886448 0.988124 0.991109 0.957192 0.436921 0.937996 0.51769 0.998168 0.993886 0.0505361 0.909018 0.993613 0.0117336 0.0276444 0.00341223 0.00995316 0.00751669 0.0101806 0.889339 0.63959 0.0163211 0.00213335 0.0562968 0.353653 0.0193549 0.474231 0.00183253 0.993682 0.00564512 0.7485 0.824538 0.151485 0.00328233 0.942725 0.989171 0.997981 0.751794 0.950623 0.00885619 0.0927062 0.0063327 0.00183231 0.000692351 0.0186079 0.0272582 0.00563698 0.0160909 0.00992476 0.492231 0.0100462 0.0024683 0.00557207 0.951861 0.00288641 0.00187607 0.743993 0.00213556 0.0114851 0.00128162 0.00561419 0.00790869 0.0581063 0.0884029
0.983855 0.980277 0.989813 0.991144 0.885226 0.991264 0.983736 0.994447 0.0713186 0.977631 0.993968 0.955251 0.0634697 0.755341 0.10296 0.249515 0.976629 0.993509 0.978637 0.994372 0.989553 0.967378 0.997895 0.994384 0.972148 0.99754 0.990891 0.0122119 0.993521 0.94544 0.505913 0.505724 0.988463 0.0248084 0.997044 0.929005 0.99437 0.888123 0.988203 0.991147 0.957724 0.431926 0.938808 0.512161 0.998167 0.993926 0.0496828 0.910037 0.993635 0.0116292 0.0273668 0.00340427 0.00987206 0.00743416 0.0101463 0.891458 0.644982 0.0161949 0.00212847 0.055545 0.348971 0.0190854 0.468934 0.0018343 0.993719 0.00562749 0.753 0.827654 0.14939 0.0032726 0.943652 0.989282 0.997992 0.755556 0.951371 0.00881777 0.0915037 0.00629591 0.00183419 0.000692802 0.018474 0.026981 0.00562561 0.0159297 0.00984378 0.498977 0.00998934 0.00245433 0.00554748 0.952511 0.00288173 0.0018728 0.747679 0.00213071 0.0114274 0.00127816 0.00559658 0.00784282 0.0573686 0.0870085
0.984019 0.98046 0.989913 0.991183 0.887104 0.991323 0.983861 0.994471 0.0703232 0.977846 0.994005 0.955672 0.0622905 0.750072 0.101495 0.245004 0.976841 0.993544 0.978905 0.994382 0.989608 0.967795 0.997905 0.994401 0.972359 0.997554 0.990937 0.012071 0.993556 0.946082 0.499088 0.498937 0.98857 0.024478 0.997056 0.929995 0.994381 0.889798 0.988282 0.991186 0.958241 0.426903 0.939612 0.506574 0.998165 0.993964 0.0488313 0.911074 0.993655 0.0115217 0.0270935 0.00339668 0.00979211 0.00735285 0.0101095 0.893537 0.650367 0.0160677 0.00212364 0.0548058 0.344267 0.0188199 0.463568 0.00183597 0.993756 0.00560969 0.757512 0.830742 0.147286 0.00326328 0.944557 0.989389 0.998002 0.759244 0.952108 0.00877962 0.0903177 0.00625936 0.00183591 0.000693344 0.018346 0.026707 0.00561482 0.0157669 0.00976215 0.505774 0.0099307 0.0024405 0.00552304 0.953157 0.00287763 0.00186925 0.75132 0.0021262 0.0113686 0.0012748 0.00557933 0.00777952 0.0566207 0.0856383
0.984181 0.980643 0.990013 0.991222 0.888983 0.991383 0.983987 0.994496 0.0693434 0.978059 0.994044 0.956089 0.0611271 0.744668 0.100067 0.240517 0.977053 0.993579 0.979171 0.994393 0.989663 0.968203 0.997915 0.994417 0.972571 0.997568 0.990982 0.0119317 0.993591 0.946727 0.492259 0.492073 0.988675 0.0241475 0.997069 0.930976 0.99439 0.891466 0.988362 0.991225 0.958763 0.421799 0.940408 0.500909 0.998162 0.994003 0.0479978 0.91211 0.993676 0.0114165 0.0268229 0.00338842 0.00971108 0.00727283 0.0100712 0.895593 0.655739 0.0159416 0.00211911 0.0540646 0.339523 0.0185578 0.458158 0.00183756 0.993791 0.00559247 0.761967 0.833811 0.145181 0.00325392 0.945449 0.989497 0.998012 0.762958 0.952845 0.00874294 0.0891331 0.00622352 0.00183784 0.000693857 0.0182149 0.026432 0.00560328 0.0156077 0.00968214 0.512611 0.00987306 0.00242692 0.00549829 0.953798 0.00287333 0.00186607 0.755006 0.00212181 0.0113102 0.0012714 0.00556267 0.0077157 0.0558725 0.0842842
0.98434 0.980824 0.990114 0.991263 0.890825 0.991441 0.984114 0.99452 0.0683619 0.978272 0.994082 0.956511 0.059992 0.739129 0.0986182 0.23604 0.97727 0.993615 0.979429 0.994404 0.989719 0.968609 0.997924 0.994435 0.972791 0.997581 0.991028 0.0117945 0.993626 0.94737 0.485419 0.485195 0.98878 0.0238245 0.997082 0.931947 0.994401 0.893102 0.988442 0.991263 0.959288 0.416739 0.941191 0.495179 0.998161 0.994041 0.0471785 0.913137 0.993697 0.0113108 0.026549 0.00338022 0.00963008 0.00719348 0.0100327 0.897629 0.661152 0.0158172 0.00211474 0.0533242 0.334779 0.0183043 0.452684 0.00183971 0.993826 0.00557588 0.766387 0.83687 0.143105 0.00324385 0.946336 0.989604 0.998022 0.766679 0.953569 0.00870486 0.0879371 0.00618664 0.00183947 0.000694476 0.0180858 0.026159 0.00559206 0.0154491 0.009603 0.519463 0.00981448 0.00241378 0.00547477 0.954428 0.00286916 0.00186284 0.758667 0.00211746 0.0112514 0.00126808 0.00554515 0.00765413 0.055139 0.0829392
0.984503 0.981002 0.99021 0.991302 0.892641 0.991498 0.98424 0.994543 0.0673988 0.978479 0.99412 0.956929 0.058876 0.733528 0.0971912 0.231629 0.977484 0.993649 0.979686 0.994414 0.989776 0.969005 0.997933 0.994453 0.973012 0.997594 0.991076 0.0116598 0.993661 0.948008 0.478538 0.478256 0.988886 0.0235044 0.997094 0.932912 0.994412 0.894741 0.988521 0.991301 0.959791 0.411588 0.94198 0.489359 0.998159 0.994078 0.0463734 0.914172 0.993721 0.0112066 0.0262714 0.00337232 0.00955287 0.00711666 0.00999471 0.899623 0.666587 0.0156942 0.0021108 0.0525948 0.33001 0.0180538 0.447127 0.0018416 0.993861 0.0055581 0.770777 0.839865 0.141009 0.00323484 0.94721 0.989709 0.998032 0.770353 0.954285 0.00866544 0.0867472 0.00615092 0.00184165 0.000695248 0.0179531 0.0258908 0.00558096 0.015292 0.00952493 0.526394 0.00975657 0.00240093 0.00545141 0.955065 0.00286434 0.00185981 0.762292 0.00211307 0.0111924 0.00126497 0.0055285 0.00759182 0.0544091 0.0816003
0.984663 0.981182 0.990308 0.991342 0.894453 0.991557 0.984366 0.994567 0.0664268 0.978687 0.994158 0.95735 0.0577787 0.727776 0.0957638 0.227247 0.977696 0.993683 0.979938 0.994425 0.989834 0.969409 0.997941 0.99447 0.973229 0.997607 0.991121 0.0115255 0.993695 0.948637 0.471589 0.471321 0.988988 0.0231897 0.997106 0.933874 0.994423 0.896369 0.988601 0.991341 0.960301 0.406369 0.942763 0.483579 0.998157 0.994115 0.0455799 0.915218 0.993743 0.0111023 0.025999 0.00336455 0.00947457 0.00704052 0.0099564 0.901575 0.671999 0.0155686 0.00210663 0.0518647 0.325269 0.0178066 0.441579 0.00184364 0.993896 0.0055406 0.775115 0.842846 0.138937 0.00322581 0.948072 0.989812 0.998041 0.774013 0.954991 0.00862545 0.0855648 0.00611658 0.0018436 0.00069608 0.0178222 0.0256165 0.00557016 0.0151361 0.00944733 0.533324 0.0096999 0.00238862 0.00542768 0.955691 0.00286025 0.00185674 0.765963 0.00210886 0.0111336 0.00126211 0.00551108 0.00753047 0.0536855 0.0802909
0.98482 0.98136 0.990403 0.991381 0.896246 0.991615 0.984488 0.994591 0.0654693 0.978895 0.994192 0.957777 0.0566972 0.721848 0.0943457 0.222922 0.977908 0.993717 0.980188 0.994437 0.989891 0.969809 0.99795 0.994487 0.973448 0.99762 0.991168 0.0113943 0.993728 0.949264 0.464607 0.464293 0.989088 0.0228747 0.997118 0.934833 0.994434 0.897983 0.988681 0.991382 0.960808 0.401139 0.943537 0.477688 0.998155 0.994152 0.0447906 0.916251 0.993764 0.0110004 0.0257253 0.00335654 0.00939712 0.00696552 0.00991629 0.903513 0.6774 0.0154462 0.0021027 0.0511346 0.320472 0.0175618 0.435941 0.00184562 0.993931 0.00552408 0.779435 0.845785 0.136855 0.00321735 0.948915 0.989916 0.99805 0.777659 0.95569 0.00858466 0.0843829 0.00608205 0.00184628 0.000697086 0.0176892 0.0253481 0.00555932 0.0149798 0.00937028 0.540374 0.00964416 0.0023765 0.00540431 0.956306 0.00285603 0.00185419 0.769614 0.00210532 0.0110745 0.00125933 0.00549279 0.00746971 0.0529664 0.0789887
0.984976 0.981537 0.990496 0.991421 0.897998 0.991673 0.984611 0.994613 0.0645238 0.979103 0.994229 0.958205 0.0556407 0.715836 0.0929432 0.218629 0.978123 0.993751 0.980434 0.994449 0.989948 0.970205 0.997958 0.994505 0.973676 0.997632 0.991215 0.0112655 0.993762 0.949903 0.457629 0.457263 0.98919 0.0225659 0.99713 0.935772 0.994445 0.899579 0.98876 0.991421 0.961304 0.395904 0.944303 0.471728 0.998153 0.994188 0.0440136 0.91729 0.993786 0.010898 0.0254527 0.00334856 0.0093181 0.00689179 0.00987692 0.905418 0.682788 0.0153225 0.00209882 0.0504162 0.315671 0.0173198 0.430266 0.00184726 0.993966 0.00550762 0.783671 0.848704 0.134775 0.00320869 0.949755 0.990018 0.998059 0.781308 0.956372 0.00854494 0.0832148 0.00604798 0.00184875 0.000698116 0.0175584 0.0250784 0.00554754 0.0148268 0.00929454 0.547381 0.00958572 0.00236432 0.00538263 0.956915 0.00285191 0.00185163 0.773249 0.00210175 0.0110133 0.0012568 0.00547478 0.00740927 0.0522554 0.0776999
0.985132 0.981715 0.99059 0.991461 0.899738 0.991728 0.984736 0.994636 0.0635913 0.97931 0.994265 0.958627 0.0545973 0.709663 0.0915585 0.2144 0.978336 0.993784 0.980679 0.99446 0.990005 0.970598 0.997966 0.994523 0.9739 0.997643 0.991261 0.0111381 0.993796 0.950532 0.450618 0.450233 0.98929 0.0222574 0.997141 0.936697 0.994457 0.901152 0.988838 0.991461 0.961793 0.390638 0.945069 0.465715 0.99815 0.994225 0.0432505 0.918335 0.993806 0.0107969 0.0251806 0.00334078 0.00924183 0.00682008 0.00983489 0.907289 0.688188 0.0151995 0.0020949 0.0497021 0.31085 0.0170799 0.424584 0.00184932 0.994 0.00549051 0.787891 0.851571 0.132725 0.00320017 0.950586 0.990116 0.998068 0.784968 0.957051 0.00850539 0.0820417 0.00601452 0.0018508 0.00069932 0.0174281 0.0248128 0.00553609 0.0146757 0.00921678 0.55439 0.00952756 0.00235239 0.00535997 0.957528 0.00284795 0.00184899 0.776864 0.002098 0.0109518 0.00125437 0.00545851 0.00734756 0.0515477 0.0764381
0.985287 0.981892 0.990682 0.991501 0.901459 0.991784 0.984862 0.994659 0.0626513 0.979517 0.9943 0.95905 0.0535682 0.703422 0.0901772 0.210203 0.978544 0.993818 0.980925 0.994472 0.990062 0.970981 0.997974 0.99454 0.974123 0.997655 0.991306 0.0110115 0.993829 0.951163 0.443573 0.443196 0.989388 0.0219537 0.997152 0.937625 0.994469 0.902727 0.988918 0.991501 0.962287 0.385322 0.945832 0.459662 0.998148 0.994262 0.0425024 0.919384 0.993828 0.0107 0.0249114 0.00333232 0.0091662 0.00674874 0.00979158 0.909144 0.693518 0.0150746 0.00209156 0.0489968 0.306045 0.0168444 0.418847 0.00185175 0.994034 0.00547206 0.792071 0.854397 0.130665 0.00319143 0.951399 0.990214 0.998076 0.788595 0.957719 0.0084638 0.0808677 0.00598047 0.00185294 0.000700581 0.017295 0.0245472 0.0055243 0.0145241 0.00914407 0.561442 0.00947024 0.00234096 0.00533619 0.958139 0.00284442 0.00184679 0.780498 0.00209435 0.0108917 0.00125234 0.00544081 0.00728936 0.0508433 0.0751652
0.985439 0.982066 0.990772 0.99154 0.90317 0.99184 0.984982 0.994682 0.0617277 0.979723 0.994334 0.959469 0.0525644 0.697008 0.088803 0.206045 0.978753 0.99385 0.981163 0.994483 0.99012 0.971356 0.997981 0.994557 0.974351 0.997667 0.991352 0.0108866 0.993863 0.951802 0.436487 0.436099 0.989486 0.0216546 0.997162 0.93855 0.994482 0.904298 0.988996 0.991541 0.962779 0.380005 0.946593 0.453554 0.998146 0.994297 0.0417631 0.920434 0.993849 0.0106018 0.0246433 0.00332446 0.00909281 0.00667842 0.00974977 0.910951 0.69883 0.014954 0.002088 0.0483046 0.301269 0.016617 0.413076 0.00185419 0.994068 0.00545567 0.796203 0.857201 0.128619 0.00318289 0.952197 0.990309 0.998084 0.792194 0.958379 0.00842357 0.0796977 0.0059464 0.00185546 0.000701855 0.017165 0.0242821 0.00551261 0.0143762 0.00907004 0.568476 0.00941307 0.00232961 0.0053123 0.95874 0.00284092 0.00184459 0.784127 0.00209124 0.0108308 0.00125019 0.00542393 0.00723084 0.0501479 0.07392
0.985591 0.982238 0.99086 0.991578 0.904848 0.991896 0.985102 0.994704 0.0608148 0.979926 0.994367 0.959896 0.0515784 0.690445 0.0874401 0.201916 0.978961 0.993883 0.981399 0.994496 0.990176 0.97173 0.997989 0.994574 0.974575 0.997677 0.991397 0.010766 0.993896 0.952427 0.429388 0.429019 0.989584 0.0213595 0.997173 0.939466 0.994494 0.905873 0.989077 0.99158 0.963259 0.37463 0.947342 0.447438 0.998144 0.994333 0.0410435 0.921481 0.993871 0.0105038 0.0243753 0.00331677 0.00902 0.00661028 0.00970857 0.912737 0.704113 0.0148317 0.00208513 0.0476213 0.296478 0.0163879 0.407258 0.00185677 0.994102 0.00543745 0.80031 0.859958 0.126589 0.00317494 0.952991 0.990406 0.998092 0.795764 0.959031 0.00838386 0.078541 0.00591346 0.00185818 0.000703213 0.0170296 0.0240157 0.00550075 0.0142298 0.00899659 0.575545 0.00935696 0.00231907 0.00528879 0.959335 0.00283708 0.00184236 0.787709 0.00208868 0.010768 0.0012484 0.005406 0.00717407 0.0494624 0.0726848
0.985742 0.982414 0.990949 0.991618 0.906493 0.991952 0.985223 0.994727 0.0599044 0.980126 0.9944 0.960314 0.0506017 0.683798 0.0860878 0.197821 0.979168 0.993917 0.981629 0.994507 0.990234 0.972104 0.997996 0.994591 0.974803 0.997688 0.991445 0.0106469 0.993929 0.953037 0.42231 0.421924 0.989679 0.021069 0.997183 0.940382 0.994506 0.907419 0.989155 0.99162 0.963736 0.369237 0.94809 0.441232 0.998141 0.994368 0.0403304 0.92253 0.993892 0.0104069 0.0241051 0.003309 0.00894835 0.00654272 0.00966479 0.914484 0.709415 0.0147119 0.0020821 0.0469374 0.291692 0.0161667 0.401405 0.00185923 0.994134 0.00542038 0.804352 0.862699 0.124579 0.00316654 0.953772 0.990503 0.9981 0.799281 0.959665 0.00834255 0.0773841 0.00588008 0.00186044 0.000704787 0.0168945 0.0237601 0.00548786 0.014084 0.00892369 0.582638 0.00930053 0.00230876 0.00526679 0.959927 0.00283356 0.00184035 0.791292 0.00208526 0.010704 0.00124656 0.00538903 0.00711784 0.0487694 0.071462
0.985892 0.982583 0.991035 0.991658 0.90814 0.992009 0.985343 0.994749 0.0590052 0.980328 0.994433 0.960737 0.0496519 0.676987 0.0847397 0.193819 0.979376 0.99395 0.981856 0.994519 0.990292 0.972474 0.998003 0.994608 0.97503 0.997699 0.991489 0.0105294 0.993961 0.953648 0.415227 0.414843 0.989774 0.0207792 0.997194 0.941286 0.994517 0.908942 0.989233 0.991662 0.964216 0.363824 0.94883 0.434999 0.998138 0.994403 0.0396343 0.923565 0.993914 0.0103108 0.0238375 0.00330155 0.00887573 0.00647701 0.00962315 0.91622 0.714706 0.0145915 0.00207931 0.046261 0.286889 0.0159437 0.395525 0.0018616 0.994166 0.00540286 0.808369 0.865395 0.122561 0.00315898 0.954541 0.990597 0.998107 0.802776 0.9603 0.00830161 0.0762329 0.00584726 0.00186299 0.000706525 0.0167621 0.0234964 0.00547484 0.0139382 0.00885084 0.589703 0.00924359 0.00229873 0.0052448 0.960518 0.00282972 0.0018384 0.794875 0.00208231 0.0106404 0.00124503 0.00537208 0.00706042 0.048092 0.0702606
0.986042 0.982753 0.991122 0.991699 0.909765 0.992062 0.985463 0.994772 0.058104 0.980526 0.994467 0.96116 0.0487194 0.670058 0.0834074 0.18985 0.979582 0.993982 0.982084 0.994532 0.990351 0.97284 0.99801 0.994626 0.975254 0.997709 0.991534 0.0104134 0.993993 0.95427 0.408131 0.407706 0.989868 0.0204921 0.997204 0.942175 0.994528 0.910467 0.989311 0.991701 0.964681 0.358374 0.949562 0.428721 0.998135 0.994437 0.0389444 0.92462 0.993936 0.0102173 0.0235683 0.0032939 0.00880406 0.00641321 0.00957807 0.917919 0.719956 0.0144692 0.00207651 0.045588 0.282107 0.015727 0.38965 0.00186411 0.994199 0.00538654 0.812319 0.868056 0.120569 0.00315101 0.955299 0.990689 0.998114 0.806285 0.960922 0.00826141 0.0750994 0.00581502 0.00186559 0.000708294 0.0166268 0.0232377 0.0054625 0.0137967 0.00877853 0.596822 0.00918664 0.00228935 0.00522184 0.961102 0.00282692 0.00183642 0.798419 0.00207961 0.0105793 0.0012437 0.00535417 0.00700576 0.0474065 0.0690662
0.986189 0.982922 0.991207 0.99174 0.911365 0.992116 0.985586 0.994795 0.0572181 0.980728 0.994499 0.961585 0.0478066 0.663015 0.0820893 0.185927 0.979789 0.994015 0.982307 0.994545 0.99041 0.9732 0.998016 0.994643 0.975483 0.997719 0.99158 0.0102976 0.994024 0.954892 0.400992 0.400533 0.989959 0.0202119 0.997213 0.943059 0.99454 0.91197 0.989392 0.991741 0.965144 0.352917 0.950297 0.42242 0.998132 0.994472 0.0382683 0.925652 0.993958 0.0101243 0.0233054 0.00328656 0.00873291 0.00634945 0.00953397 0.919581 0.725182 0.0143499 0.00207394 0.0449166 0.277315 0.0155131 0.383762 0.00186666 0.99423 0.00536953 0.816206 0.870686 0.118581 0.0031436 0.956044 0.99078 0.998121 0.809755 0.961538 0.00822006 0.0739615 0.00578361 0.00186822 0.000710135 0.016492 0.0229822 0.00544958 0.0136578 0.00870855 0.603941 0.00912942 0.00227951 0.00519906 0.961682 0.00282366 0.001835 0.80195 0.00207704 0.0105183 0.00124243 0.00533625 0.00695083 0.0467354 0.0678774
0.986335 0.983088 0.991291 0.99178 0.912959 0.992169 0.985706 0.994817 0.0563454 0.980925 0.994531 0.962006 0.0469043 0.655824 0.0807713 0.182045 0.979992 0.994048 0.98253 0.994558 0.990468 0.973561 0.998022 0.99466 0.975711 0.997728 0.991625 0.0101839 0.994055 0.955501 0.393895 0.393441 0.99005 0.0199381 0.997223 0.943932 0.994554 0.913458 0.989471 0.991781 0.965607 0.347436 0.951017 0.416079 0.99813 0.994506 0.0376025 0.926679 0.99398 0.0100308 0.0230425 0.00327935 0.00866266 0.00628762 0.00948879 0.92121 0.730383 0.0142305 0.00207161 0.0442607 0.27252 0.0153049 0.377823 0.00186937 0.994262 0.00535211 0.820067 0.873271 0.116601 0.00313603 0.956783 0.990871 0.998127 0.813178 0.962146 0.0081791 0.0728387 0.00575223 0.00187097 0.000712069 0.0163552 0.0227213 0.00543653 0.0135192 0.00863907 0.611071 0.00907148 0.00226948 0.00517766 0.962251 0.00282027 0.0018334 0.805491 0.00207432 0.0104558 0.00124141 0.00531865 0.00689508 0.0460621 0.0667122
0.986478 0.983255 0.991373 0.991822 0.914528 0.992221 0.985825 0.994839 0.055473 0.981122 0.994562 0.962431 0.0460079 0.648519 0.0794638 0.17821 0.980195 0.994079 0.982752 0.994571 0.990527 0.973917 0.998028 0.994677 0.975944 0.997738 0.991671 0.0100723 0.994086 0.956109 0.38675 0.386381 0.990141 0.019669 0.997232 0.94479 0.994567 0.914923 0.989551 0.991822 0.966066 0.341938 0.951731 0.409734 0.998127 0.994541 0.0369453 0.927718 0.994002 0.00993631 0.0227775 0.00327132 0.00859291 0.00622598 0.00944461 0.922827 0.735573 0.014111 0.00206939 0.0436076 0.267767 0.0150985 0.371863 0.00187297 0.994294 0.00533381 0.823879 0.87581 0.114621 0.00312852 0.957514 0.99096 0.998133 0.816615 0.962744 0.00813841 0.0717185 0.00572086 0.00187367 0.000714148 0.0162185 0.022466 0.00542432 0.0133833 0.00856892 0.618212 0.00901497 0.00226065 0.0051558 0.962816 0.00281699 0.00183222 0.808974 0.00207182 0.0103928 0.00124081 0.00530137 0.0068408 0.0454004 0.0655648
0.986621 0.983424 0.991453 0.991862 0.916067 0.992275 0.985945 0.99486 0.0546095 0.981317 0.994594 0.962861 0.0451341 0.641046 0.0781766 0.174435 0.980397 0.99411 0.98297 0.994585 0.990585 0.974263 0.998034 0.994695 0.976175 0.997747 0.991716 0.0099603 0.994117 0.956711 0.379667 0.379303 0.990231 0.0194017 0.997242 0.945656 0.994581 0.916382 0.989628 0.991864 0.966517 0.336453 0.95244 0.403325 0.998124 0.994574 0.036299 0.928746 0.994023 0.00984312 0.0225179 0.00326425 0.00852383 0.00616516 0.00939882 0.924407 0.740668 0.0139942 0.00206712 0.0429645 0.263019 0.0148956 0.365909 0.0018759 0.994325 0.00531651 0.827639 0.878348 0.11267 0.00312119 0.958227 0.991047 0.998139 0.820039 0.963334 0.00809662 0.070612 0.00568879 0.0018766 0.000716311 0.0160856 0.0222159 0.00541126 0.0132457 0.00850034 0.625277 0.00895804 0.00225187 0.00513375 0.963372 0.00281394 0.00183107 0.812465 0.00206944 0.0103295 0.00124037 0.0052847 0.00678664 0.0447482 0.0644288
0.986761 0.983588 0.991533 0.991902 0.91759 0.992328 0.986065 0.994882 0.0537561 0.98151 0.994624 0.963289 0.0442825 0.633446 0.0768974 0.170661 0.980595 0.994143 0.983184 0.994598 0.990645 0.974608 0.99804 0.994713 0.976406 0.997756 0.991762 0.0098503 0.994149 0.957309 0.372592 0.372242 0.990319 0.0191393 0.997251 0.946507 0.994594 0.917814 0.989705 0.991906 0.966974 0.330966 0.953135 0.396917 0.998121 0.994608 0.035668 0.929779 0.994046 0.00975122 0.0222595 0.00325658 0.0084551 0.00610511 0.00935272 0.925956 0.745775 0.0138763 0.00206489 0.0423262 0.258324 0.0146944 0.359941 0.00187922 0.994355 0.00529847 0.831328 0.880831 0.110741 0.00311438 0.958934 0.991133 0.998145 0.823398 0.963926 0.00805389 0.0694994 0.00565645 0.00187954 0.00071858 0.0159498 0.0219614 0.00539778 0.0131111 0.00843174 0.632316 0.00890171 0.00224301 0.00511203 0.963924 0.00281093 0.00182967 0.815909 0.00206709 0.0102658 0.00123987 0.00526853 0.00673433 0.0441026 0.0632985
0.986901 0.983753 0.991613 0.991944 0.919092 0.99238 0.98618 0.994903 0.0529175 0.981706 0.994656 0.963717 0.043452 0.625762 0.0756254 0.166984 0.980795 0.994174 0.983395 0.994611 0.990705 0.974948 0.998045 0.994731 0.976632 0.997764 0.991808 0.00974292 0.99418 0.957899 0.365496 0.365181 0.990407 0.018882 0.997259 0.947348 0.994608 0.919253 0.989783 0.991948 0.967424 0.32551 0.953836 0.390471 0.998118 0.994641 0.0350418 0.930812 0.994068 0.00966069 0.0220029 0.00324887 0.00838631 0.00604704 0.00930511 0.927482 0.750816 0.0137592 0.00206299 0.0416931 0.253665 0.0144972 0.353945 0.00188238 0.994386 0.0052805 0.834958 0.883286 0.108827 0.00310759 0.959629 0.991219 0.99815 0.826753 0.964507 0.00801293 0.0683845 0.00562564 0.00188277 0.000720935 0.0158179 0.0217134 0.00538332 0.012979 0.00836436 0.63935 0.00884404 0.0022345 0.00509032 0.964471 0.00280818 0.0018285 0.819335 0.00206489 0.0102022 0.00123952 0.0052516 0.00668159 0.0434611 0.0621884
0.987041 0.983917 0.991691 0.991986 0.920568 0.992432 0.986297 0.994925 0.0520766 0.981897 0.994687 0.964134 0.042628 0.617949 0.0743737 0.163372 0.980995 0.994204 0.983602 0.994626 0.990762 0.975291 0.998051 0.99475 0.976863 0.997773 0.991852 0.00963814 0.994211 0.958488 0.358449 0.358138 0.990492 0.0186246 0.997268 0.948179 0.994622 0.920669 0.98986 0.99199 0.96787 0.319999 0.954526 0.384018 0.998115 0.994673 0.0344278 0.931824 0.99409 0.00957098 0.0217502 0.00324188 0.00831899 0.00598956 0.00925793 0.928976 0.755838 0.0136426 0.00206114 0.0410684 0.24898 0.0143054 0.34799 0.00188551 0.994417 0.00526353 0.838537 0.885704 0.106926 0.0031008 0.960315 0.991303 0.998155 0.830043 0.965078 0.00797177 0.0672923 0.00559485 0.00188585 0.000723206 0.0156832 0.0214651 0.00536973 0.0128472 0.00829643 0.646349 0.00878596 0.00222662 0.00506911 0.965008 0.00280491 0.00182763 0.822741 0.0020634 0.0101368 0.0012393 0.00523376 0.00662905 0.0428247 0.0610933
0.987178 0.98408 0.991768 0.992027 0.922028 0.992484 0.986415 0.994945 0.0512545 0.982091 0.994717 0.964554 0.0418196 0.609995 0.0731415 0.159813 0.981193 0.994234 0.983807 0.99464 0.990821 0.975627 0.998056 0.994768 0.977095 0.997781 0.991898 0.00953509 0.994242 0.959073 0.351439 0.351118 0.990578 0.0183692 0.997277 0.949 0.994635 0.922067 0.989937 0.992032 0.968313 0.314525 0.955214 0.377553 0.998112 0.994706 0.033822 0.932829 0.994113 0.0094823 0.0214946 0.00323481 0.00825259 0.00593246 0.00921064 0.930457 0.76082 0.0135253 0.0020597 0.0404436 0.244316 0.0141152 0.342053 0.00188876 0.994446 0.00524562 0.842075 0.888083 0.105028 0.00309358 0.960986 0.991386 0.99816 0.833313 0.965638 0.00793079 0.0662029 0.0055646 0.00188887 0.000725674 0.0155488 0.0212195 0.00535541 0.0127151 0.00823005 0.653313 0.00872997 0.00221871 0.00504842 0.965544 0.00280223 0.00182668 0.826084 0.0020617 0.0100721 0.00123935 0.00521699 0.00657762 0.0421926 0.0600172
0.987315 0.984241 0.991844 0.99207 0.923461 0.992535 0.986532 0.994967 0.0504342 0.982277 0.994746 0.964979 0.0410349 0.601935 0.0719203 0.156305 0.98139 0.994264 0.98401 0.994653 0.990879 0.975955 0.998061 0.994787 0.977327 0.997789 0.991943 0.00943317 0.994273 0.959664 0.344488 0.34416 0.990664 0.0181189 0.997285 0.949816 0.99465 0.923444 0.990013 0.992074 0.968747 0.309074 0.955888 0.37108 0.998109 0.994738 0.0332312 0.933825 0.994135 0.00939502 0.0212374 0.00322748 0.00818669 0.00587695 0.00916302 0.931904 0.765745 0.0134084 0.00205787 0.0398347 0.239683 0.0139284 0.336082 0.00189213 0.994476 0.00522831 0.845562 0.890406 0.103152 0.00308715 0.961658 0.991468 0.998165 0.836535 0.966186 0.00788936 0.0651233 0.00553553 0.00189188 0.000728324 0.0154174 0.0209745 0.00534171 0.012587 0.00816532 0.660268 0.00867368 0.00221112 0.00502675 0.966072 0.00279943 0.00182615 0.829415 0.00206018 0.0100084 0.00123961 0.0051994 0.00652701 0.0415665 0.058946
0.98745 0.9844 0.99192 0.992109 0.924876 0.992585 0.986649 0.994988 0.0496329 0.982464 0.994774 0.9654 0.0402532 0.593817 0.0707148 0.152862 0.981586 0.994293 0.984209 0.994667 0.990937 0.976283 0.998065 0.994804 0.977558 0.997796 0.991989 0.00933265 0.994303 0.960244 0.337525 0.337219 0.990749 0.0178742 0.997293 0.950618 0.994664 0.924813 0.99009 0.992115 0.969178 0.303583 0.956559 0.364633 0.998106 0.99477 0.0326507 0.934818 0.994158 0.00930798 0.0209846 0.0032207 0.00812106 0.00582369 0.00911432 0.933329 0.770603 0.0132943 0.00205617 0.0392304 0.235075 0.0137418 0.330119 0.00189572 0.994505 0.00521062 0.848967 0.892732 0.101309 0.0030809 0.962316 0.991549 0.998169 0.839748 0.966736 0.00784788 0.0640599 0.00550558 0.0018955 0.000730965 0.0152841 0.0207296 0.00532743 0.0124579 0.00810086 0.667177 0.00861747 0.00220339 0.00500514 0.966591 0.00279685 0.0018257 0.832733 0.00205857 0.00994249 0.00123993 0.00518294 0.00647701 0.0409426 0.0578972
0.987584 0.98456 0.991994 0.992152 0.926281 0.992635 0.986763 0.995008 0.0488284 0.982651 0.994803 0.965814 0.0394939 0.585575 0.069515 0.149452 0.98178 0.994322 0.984408 0.99468 0.990996 0.976603 0.998069 0.994822 0.977792 0.997804 0.992035 0.00923425 0.994332 0.960816 0.33064 0.330282 0.990829 0.0176292 0.997301 0.951418 0.994678 0.926175 0.990165 0.992157 0.969604 0.298171 0.957219 0.358175 0.998102 0.994802 0.0320809 0.935813 0.994181 0.0092217 0.0207362 0.00321368 0.00805638 0.0057704 0.00906625 0.934724 0.77546 0.0131788 0.00205488 0.0386278 0.230518 0.0135591 0.324168 0.00189894 0.994535 0.00519311 0.852342 0.894993 0.0994725 0.00307518 0.962963 0.991629 0.998174 0.84292 0.967268 0.00780646 0.0630046 0.0054767 0.00189906 0.000733724 0.0151508 0.0204884 0.00531259 0.0123319 0.00803802 0.67404 0.00856008 0.00219594 0.00498407 0.967106 0.00279422 0.00182541 0.836006 0.00205737 0.00987753 0.00124018 0.00516626 0.00642747 0.0403358 0.0568654
0.987717 0.984718 0.992069 0.992195 0.927662 0.992684 0.986877 0.995028 0.048034 0.982836 0.994832 0.966231 0.0387465 0.57725 0.0683434 0.146074 0.981973 0.994351 0.984604 0.994694 0.991056 0.976916 0.998073 0.994839 0.978022 0.997811 0.992081 0.00913775 0.994362 0.961386 0.323795 0.323444 0.990913 0.0173918 0.997309 0.952205 0.994692 0.927504 0.990241 0.9922 0.970024 0.292749 0.957868 0.351757 0.998099 0.994832 0.0315181 0.936805 0.994204 0.00913841 0.0204909 0.00320702 0.00799391 0.00571944 0.0090168 0.936086 0.780258 0.0130665 0.00205375 0.0380305 0.225973 0.0133812 0.318223 0.00190221 0.994564 0.0051759 0.855666 0.897213 0.0976335 0.00306868 0.9636 0.991707 0.998178 0.846071 0.967797 0.00776421 0.0619543 0.00544842 0.00190273 0.000736698 0.0150192 0.0202498 0.00529849 0.0122066 0.00797416 0.680885 0.00850435 0.00218888 0.00496421 0.967611 0.00279178 0.0018251 0.839241 0.00205624 0.00981237 0.0012411 0.00514925 0.00637939 0.0397347 0.0558412
0.987848 0.984875 0.992141 0.992237 0.929025 0.992733 0.986994 0.995049 0.047266 0.983018 0.994861 0.966644 0.038008 0.568846 0.0671717 0.142752 0.982167 0.994381 0.984796 0.994707 0.991115 0.977232 0.998077 0.994857 0.978256 0.997818 0.992125 0.00904231 0.994392 0.961948 0.316987 0.316646 0.990997 0.0171571 0.997317 0.952976 0.994707 0.928811 0.990318 0.992242 0.970441 0.287327 0.958516 0.345318 0.998095 0.994862 0.0309651 0.937788 0.994226 0.00905419 0.0202418 0.00320015 0.00793029 0.00566792 0.00896852 0.937424 0.785006 0.0129538 0.0020525 0.03744 0.221471 0.013205 0.312327 0.00190588 0.994593 0.00515872 0.858952 0.899407 0.0958298 0.00306197 0.964226 0.991785 0.998182 0.849187 0.968323 0.00772182 0.0609139 0.00541865 0.00190618 0.000739671 0.0148862 0.0200086 0.00528396 0.0120822 0.00791054 0.687672 0.00844828 0.00218242 0.00494419 0.968113 0.00278945 0.00182521 0.842454 0.00205496 0.00974699 0.00124192 0.0051319 0.00633193 0.0391368 0.0548364
0.987978 0.985029 0.992214 0.992278 0.930363 0.992782 0.987108 0.995069 0.0464873 0.983201 0.994888 0.967057 0.0372899 0.560294 0.0660168 0.139514 0.982358 0.99441 0.984987 0.994723 0.991173 0.977544 0.99808 0.994875 0.97849 0.997824 0.992171 0.00894735 0.994421 0.962506 0.310265 0.309886 0.991077 0.0169253 0.997324 0.953746 0.994722 0.930114 0.990393 0.992284 0.970852 0.281903 0.959156 0.338873 0.998091 0.994893 0.0304272 0.938759 0.994248 0.00897094 0.0199999 0.00319336 0.0078672 0.00561756 0.008921 0.93874 0.789727 0.0128397 0.00205153 0.0368576 0.217021 0.0130339 0.306413 0.00190937 0.994621 0.0051412 0.862182 0.901559 0.0940472 0.00305585 0.964848 0.991861 0.998185 0.852275 0.968843 0.0076799 0.0598784 0.00539037 0.00190953 0.000742696 0.0147553 0.0197701 0.00526886 0.0119589 0.00784801 0.694379 0.00839345 0.00217569 0.00492399 0.968613 0.00278718 0.00182486 0.84562 0.00205376 0.00968282 0.00124305 0.0051139 0.00628464 0.0385422 0.0538418
0.988108 0.985184 0.992285 0.992321 0.931693 0.992829 0.987224 0.995089 0.0457284 0.983383 0.994916 0.967468 0.0365831 0.551649 0.0648755 0.136339 0.982547 0.994438 0.985174 0.994736 0.991233 0.97785 0.998084 0.994892 0.97872 0.99783 0.992216 0.00885526 0.994451 0.963056 0.303579 0.30315 0.991159 0.0166972 0.997331 0.954507 0.994736 0.931397 0.99047 0.992327 0.971261 0.276515 0.959784 0.332464 0.998088 0.994923 0.0298971 0.939724 0.994271 0.00888681 0.0197558 0.00318602 0.00780417 0.00556833 0.00887278 0.940025 0.794351 0.0127282 0.0020504 0.0362857 0.212614 0.0128651 0.300528 0.00191308 0.99465 0.005123 0.865337 0.903672 0.0922919 0.00304969 0.965452 0.991937 0.998189 0.855327 0.969346 0.00763845 0.0588577 0.00536224 0.00191347 0.000745982 0.014625 0.0195376 0.00525378 0.0118377 0.00778567 0.701008 0.00833892 0.00217027 0.00490472 0.969103 0.00278496 0.00182519 0.848745 0.00205283 0.0096182 0.00124403 0.00509568 0.0062387 0.0379548 0.0528609
0.988234 0.985337 0.992355 0.992365 0.932999 0.992878 0.987337 0.995109 0.0449775 0.983562 0.994942 0.96788 0.0358904 0.542975 0.063733 0.133211 0.982736 0.994467 0.985357 0.99475 0.991291 0.978152 0.998087 0.994909 0.978954 0.997836 0.99226 0.00876221 0.99448 0.963601 0.296936 0.296494 0.991238 0.0164701 0.997338 0.955254 0.994751 0.93266 0.990546 0.992371 0.971661 0.271152 0.960406 0.326073 0.998084 0.994953 0.0293764 0.940693 0.994294 0.00880566 0.0195193 0.00317992 0.00774348 0.00551959 0.00882315 0.941288 0.798961 0.0126145 0.00204924 0.0357149 0.208233 0.0127002 0.294628 0.00191688 0.994678 0.00510548 0.868437 0.905754 0.0905478 0.00304387 0.966047 0.99201 0.998192 0.858337 0.969846 0.00759534 0.0578422 0.00533415 0.00191717 0.000749411 0.0144964 0.0193069 0.00523892 0.0117199 0.00772393 0.707578 0.00828332 0.00216455 0.004884 0.969591 0.00278255 0.00182558 0.851828 0.00205173 0.00955543 0.00124516 0.00507836 0.00619258 0.037374 0.0518995
0.988359 0.985489 0.992426 0.992408 0.934272 0.992925 0.98745 0.995128 0.0442278 0.983741 0.994969 0.968288 0.0352143 0.534235 0.0626063 0.13017 0.982926 0.994495 0.985541 0.994765 0.99135 0.978451 0.99809 0.994928 0.979181 0.997842 0.992304 0.00867172 0.994508 0.964143 0.290347 0.289886 0.991317 0.0162493 0.997345 0.955995 0.994766 0.933901 0.990621 0.992414 0.972055 0.265856 0.961023 0.319719 0.99808 0.994984 0.0288641 0.941658 0.994317 0.00872534 0.0192787 0.00317327 0.00768217 0.00547184 0.00877385 0.942523 0.803469 0.0125029 0.00204864 0.035159 0.203926 0.0125354 0.28881 0.00192085 0.994704 0.00508748 0.871474 0.907796 0.0888089 0.00303809 0.966634 0.992083 0.998195 0.861271 0.970336 0.00755272 0.0568411 0.00530697 0.00192086 0.000752724 0.0143664 0.0190802 0.00522439 0.0116014 0.00766295 0.714114 0.00822789 0.00215859 0.00486452 0.970073 0.0027802 0.00182576 0.854882 0.002051 0.00949164 0.00124655 0.00506121 0.00614652 0.0368023 0.0509531
0.988482 0.985642 0.992493 0.992451 0.935529 0.992973 0.987562 0.995148 0.0434979 0.98392 0.994996 0.968692 0.0345529 0.525413 0.0614861 0.127143 0.983113 0.994523 0.98572 0.99478 0.991409 0.97875 0.998093 0.994946 0.979411 0.997848 0.992348 0.00858256 0.994535 0.964675 0.283813 0.283372 0.991394 0.0160299 0.997352 0.956721 0.994782 0.93513 0.990695 0.992458 0.97245 0.260567 0.961637 0.313351 0.998076 0.995013 0.0283621 0.942603 0.994339 0.00864649 0.0190456 0.00316707 0.00762226 0.00542576 0.00872297 0.94374 0.807927 0.0123908 0.00204868 0.0346056 0.199611 0.0123752 0.283007 0.00192449 0.994732 0.00506953 0.874437 0.9098 0.0871061 0.00303254 0.967211 0.992154 0.998198 0.864192 0.970823 0.00750949 0.0558556 0.00527968 0.00192504 0.0007564 0.0142352 0.0188521 0.00520797 0.0114851 0.00760287 0.720566 0.00817142 0.00215299 0.00484448 0.97055 0.00277782 0.00182614 0.857885 0.00205058 0.00942617 0.00124795 0.00504382 0.00610168 0.0362352 0.0500148
0.988605 0.985793 0.992561 0.992493 0.936772 0.99302 0.987675 0.995167 0.0427776 0.984099 0.995021 0.969094 0.0338996 0.516472 0.0603926 0.124171 0.983298 0.994551 0.985901 0.994795 0.991468 0.979044 0.998096 0.994963 0.979638 0.997853 0.992392 0.00849551 0.994562 0.965209 0.277371 0.276923 0.99147 0.015813 0.997359 0.957438 0.994796 0.93635 0.990769 0.9925 0.972839 0.25527 0.962239 0.307045 0.998072 0.995042 0.0278686 0.943534 0.994362 0.00856736 0.0188135 0.00316081 0.00756315 0.00538027 0.00867319 0.944911 0.812305 0.0122794 0.00204821 0.0340515 0.195334 0.012216 0.277239 0.00192879 0.994759 0.00505108 0.8774 0.91176 0.085427 0.00302733 0.967777 0.992225 0.9982 0.867066 0.971301 0.00746772 0.0548763 0.00525123 0.00192905 0.000759985 0.0141042 0.0186271 0.00519301 0.011371 0.0075437 0.726989 0.00811548 0.00214769 0.00482549 0.971016 0.00277612 0.00182711 0.86086 0.00205008 0.00936159 0.00124959 0.00502564 0.00605674 0.0356709 0.0490876
0.988724 0.985942 0.992629 0.992537 0.938002 0.993068 0.987787 0.995186 0.042067 0.984274 0.995047 0.969493 0.0332553 0.507457 0.0593134 0.12127 0.983481 0.994578 0.986075 0.994809 0.991528 0.979333 0.998098 0.99498 0.979864 0.997858 0.992436 0.00840843 0.99459 0.965738 0.271013 0.270583 0.991546 0.0156045 0.997365 0.958147 0.994811 0.937547 0.990844 0.992543 0.973223 0.250072 0.962834 0.300739 0.998068 0.995071 0.0273817 0.944462 0.994385 0.00849016 0.018585 0.00315488 0.00750351 0.00533524 0.00862416 0.946074 0.816604 0.0121661 0.00204767 0.0335101 0.191115 0.0120605 0.271503 0.00193286 0.994786 0.00503282 0.880277 0.913692 0.0837707 0.00302147 0.968334 0.992296 0.998203 0.869906 0.971779 0.00742631 0.0539086 0.00522453 0.00193304 0.000763597 0.0139772 0.018403 0.00517759 0.0112559 0.00748506 0.733301 0.00806003 0.00214251 0.00480601 0.971476 0.00277416 0.0018278 0.863807 0.00204951 0.0092967 0.00125129 0.00500818 0.0060124 0.0351147 0.0481835
0.988845 0.98609 0.992695 0.99258 0.939207 0.993115 0.987897 0.995205 0.0413693 0.984448 0.995073 0.969893 0.0326287 0.498484 0.0582481 0.118417 0.983664 0.994605 0.986248 0.994825 0.991587 0.97962 0.998101 0.994998 0.98009 0.997863 0.992479 0.00832296 0.994616 0.966254 0.264703 0.264259 0.991623 0.0153972 0.997371 0.958852 0.994827 0.938725 0.990919 0.992585 0.973602 0.244894 0.963423 0.2945 0.998064 0.9951 0.0269073 0.945361 0.994409 0.00841331 0.0183564 0.00314906 0.00744446 0.00529113 0.00857317 0.947217 0.82087 0.0120561 0.00204724 0.0329763 0.186997 0.0119082 0.265861 0.0019369 0.994812 0.00501524 0.883095 0.915596 0.0821221 0.00301594 0.968883 0.992363 0.998204 0.872715 0.972244 0.00738311 0.0529608 0.00519794 0.00193737 0.000767525 0.0138487 0.0181823 0.0051618 0.011144 0.00742664 0.739543 0.00800541 0.00213802 0.00478643 0.97193 0.00277235 0.00182836 0.866691 0.00204892 0.00923216 0.0012533 0.00499007 0.00596874 0.0345664 0.0473017
0.988963 0.986234 0.99276 0.992623 0.940391 0.993161 0.988005 0.995224 0.0406714 0.98462 0.995098 0.970292 0.0320195 0.489457 0.0572071 0.11561 0.983844 0.994632 0.986419 0.99484 0.991646 0.9799 0.998103 0.995016 0.980316 0.997867 0.992522 0.00824068 0.994643 0.966767 0.25851 0.258021 0.991696 0.0151909 0.997378 0.959537 0.994842 0.939878 0.990992 0.992627 0.973977 0.239756 0.963998 0.288287 0.99806 0.995128 0.0264434 0.946264 0.994431 0.00833698 0.018129 0.00314311 0.00738583 0.00524816 0.00852301 0.948328 0.825073 0.0119454 0.00204683 0.0324491 0.182893 0.0117567 0.260232 0.0019408 0.994839 0.00499703 0.885866 0.917453 0.0805182 0.00301089 0.969425 0.99243 0.998206 0.875483 0.972697 0.00734015 0.0520317 0.00517121 0.00194182 0.000771426 0.0137225 0.0179615 0.00514706 0.0110317 0.0073675 0.745704 0.00794906 0.00213373 0.00476706 0.972379 0.00277037 0.00182878 0.869556 0.00204883 0.00916873 0.00125543 0.00497227 0.00592511 0.034029 0.0464294
0.98908 0.986378 0.992823 0.992664 0.941549 0.993206 0.988115 0.995243 0.0399876 0.984792 0.995124 0.970687 0.031424 0.480418 0.0561663 0.112872 0.984021 0.994658 0.986587 0.994856 0.991704 0.980175 0.998105 0.995033 0.980539 0.997871 0.992567 0.00815981 0.99467 0.967271 0.25238 0.25187 0.99177 0.0149882 0.997384 0.960217 0.994858 0.941023 0.991065 0.992669 0.974345 0.234656 0.964576 0.282122 0.998056 0.995156 0.0259874 0.94716 0.994455 0.00826179 0.0179043 0.00313725 0.00732897 0.00520593 0.00847333 0.949414 0.829221 0.0118369 0.00204685 0.0319387 0.178865 0.0116079 0.254665 0.00194492 0.994865 0.00497914 0.888566 0.919276 0.0789363 0.0030058 0.969957 0.992497 0.998208 0.878187 0.973143 0.00729772 0.0511108 0.00514472 0.00194627 0.000775399 0.013595 0.0177431 0.00513171 0.0109216 0.00731022 0.751793 0.00789414 0.0021296 0.0047479 0.972817 0.00276869 0.00182981 0.872376 0.00204848 0.00910415 0.00125742 0.00495427 0.00588289 0.033495 0.0455714
0.989197 0.986523 0.992887 0.992707 0.94269 0.993252 0.988224 0.995261 0.0393108 0.984962 0.995149 0.971083 0.0308316 0.471348 0.0551416 0.11018 0.984198 0.994683 0.986753 0.994871 0.991762 0.980449 0.998107 0.995052 0.980765 0.997875 0.99261 0.00807759 0.994695 0.967774 0.246287 0.245776 0.991842 0.0147878 0.99739 0.960889 0.994874 0.942153 0.991139 0.992712 0.974712 0.229647 0.965142 0.275986 0.998052 0.995184 0.0255407 0.948038 0.994479 0.00818676 0.0176835 0.00313093 0.00727151 0.00516501 0.00842365 0.950482 0.833271 0.0117276 0.00204667 0.0314271 0.174901 0.0114617 0.249116 0.00194935 0.99489 0.00496236 0.891206 0.921055 0.0773689 0.00300082 0.97048 0.992563 0.998209 0.880859 0.973586 0.0072558 0.0501984 0.00511908 0.00195038 0.000779415 0.0134678 0.0175291 0.00511551 0.0108124 0.00725447 0.757805 0.0078392 0.00212561 0.00472843 0.973249 0.00276714 0.00183101 0.875133 0.00204826 0.00903853 0.00125968 0.00493533 0.00584086 0.0329713 0.0447267
0.989312 0.986666 0.992951 0.99275 0.943811 0.993298 0.988331 0.995279 0.0386483 0.985131 0.995175 0.971474 0.0302502 0.462234 0.0541312 0.107564 0.984376 0.99471 0.986915 0.994887 0.99182 0.980721 0.998108 0.99507 0.980984 0.997879 0.992653 0.0079978 0.994721 0.968269 0.24033 0.239784 0.991914 0.0145937 0.997395 0.961552 0.994888 0.943259 0.991213 0.992755 0.975077 0.224648 0.965707 0.269904 0.998047 0.995211 0.0251014 0.94891 0.994502 0.00811333 0.0174657 0.00312487 0.00721428 0.00512436 0.00837225 0.951528 0.837269 0.0116202 0.00204628 0.0309201 0.170965 0.0113185 0.243647 0.0019538 0.994915 0.00494424 0.893805 0.922814 0.0758234 0.00299589 0.970998 0.992626 0.998211 0.883456 0.974022 0.0072127 0.0492971 0.00509471 0.00195473 0.000783498 0.0133463 0.0173163 0.00509957 0.0107049 0.00719854 0.763719 0.00778539 0.00212209 0.00471129 0.973678 0.00276592 0.00183229 0.877863 0.00204828 0.00897603 0.00126199 0.00491729 0.0057988 0.0324536 0.0438919
0.989425 0.986807 0.993012 0.992792 0.944909 0.99334 0.988438 0.995298 0.0379964 0.985298 0.995199 0.971855 0.0296807 0.453048 0.0531452 0.104986 0.98455 0.994736 0.987077 0.994903 0.991878 0.980989 0.998109 0.995088 0.981201 0.997882 0.992695 0.00792063 0.994747 0.968757 0.234433 0.233877 0.991985 0.0144049 0.9974 0.962201 0.994904 0.944346 0.991284 0.992798 0.975436 0.219689 0.966256 0.263909 0.998043 0.995238 0.0246708 0.949772 0.994526 0.00804113 0.017252 0.00311926 0.00715915 0.0050844 0.00832145 0.952542 0.841218 0.0115122 0.00204631 0.0304208 0.167072 0.0111769 0.238251 0.0019582 0.99494 0.00492686 0.896356 0.924529 0.0742952 0.00299128 0.971502 0.99269 0.998212 0.886029 0.974454 0.00717084 0.048409 0.00506898 0.00195921 0.000787764 0.0132223 0.0171034 0.0050837 0.0105966 0.00714222 0.769569 0.00773084 0.00211849 0.0046934 0.974097 0.00276484 0.00183329 0.880545 0.00204841 0.00891157 0.00126457 0.00489911 0.00575725 0.0319412 0.0430745
0.989536 0.986947 0.993072 0.992835 0.945992 0.993383 0.988544 0.995315 0.0373542 0.985463 0.995224 0.972237 0.0291315 0.443861 0.0521684 0.102467 0.984723 0.994761 0.987236 0.994919 0.991936 0.981251 0.998111 0.995104 0.981419 0.997886 0.992739 0.00784384 0.994772 0.96924 0.228645 0.228088 0.992055 0.0142169 0.997406 0.962843 0.99492 0.945419 0.991355 0.992841 0.975793 0.214801 0.966798 0.257978 0.998038 0.995265 0.0242486 0.950626 0.99455 0.00796959 0.0170383 0.00311352 0.00710132 0.00504533 0.00827058 0.95354 0.845062 0.011406 0.0020463 0.0299291 0.163258 0.0110376 0.232906 0.00196255 0.994966 0.00490874 0.898868 0.926215 0.0727841 0.00298625 0.971999 0.992751 0.998213 0.888571 0.974877 0.00712906 0.0475367 0.00504381 0.00196387 0.000792222 0.0131003 0.0168952 0.00506746 0.0104928 0.00708649 0.77532 0.00767723 0.00211516 0.00467505 0.974509 0.00276311 0.0018344 0.883189 0.00204902 0.00884734 0.0012674 0.00488126 0.00571607 0.0314353 0.0422677
0.989647 0.987088 0.993133 0.992878 0.947046 0.993427 0.988648 0.995333 0.0367133 0.985626 0.995248 0.972615 0.0285905 0.434717 0.0512038 0.0999785 0.984896 0.994786 0.987389 0.994935 0.991994 0.981513 0.998111 0.995122 0.981638 0.997889 0.992782 0.00776671 0.994798 0.969719 0.222941 0.222387 0.992122 0.0140296 0.997411 0.963472 0.994936 0.946473 0.991426 0.992883 0.976142 0.209983 0.967336 0.252105 0.998034 0.995292 0.0238345 0.951468 0.994573 0.00789917 0.0168272 0.00310805 0.0070466 0.00500738 0.00821908 0.954519 0.848881 0.0113007 0.00204655 0.0294501 0.159485 0.0109007 0.227596 0.00196707 0.994989 0.00489046 0.901316 0.927868 0.0712955 0.00298112 0.972484 0.992814 0.998214 0.89107 0.975294 0.00708707 0.0466729 0.00501969 0.00196853 0.000796798 0.0129774 0.0166927 0.00505161 0.0103902 0.00703198 0.780962 0.00762166 0.00211237 0.00465781 0.97492 0.00276194 0.00183612 0.885781 0.0020495 0.00878485 0.00127058 0.00486409 0.00567582 0.0309363 0.0414848
0.989755 0.987225 0.993193 0.992919 0.948095 0.993472 0.988754 0.99535 0.0360871 0.985786 0.99527 0.972993 0.0280575 0.4256 0.0502488 0.0975621 0.985067 0.994811 0.987541 0.994951 0.992052 0.981767 0.998112 0.99514 0.981852 0.997892 0.992826 0.00769263 0.994822 0.970188 0.217326 0.216785 0.99219 0.0138428 0.997416 0.964101 0.994951 0.947507 0.991498 0.992926 0.976487 0.205242 0.967868 0.246282 0.998029 0.995319 0.0234327 0.952301 0.994597 0.00783 0.0166174 0.00310245 0.0069928 0.00496997 0.00816899 0.955483 0.852624 0.011195 0.00204697 0.0289724 0.155789 0.0107681 0.222366 0.00197185 0.995014 0.00487217 0.903698 0.929486 0.0698424 0.00297635 0.972965 0.992874 0.998215 0.893517 0.975702 0.00704451 0.0458251 0.0049952 0.00197303 0.000801362 0.012855 0.0164909 0.00503612 0.0102866 0.00697762 0.786502 0.00756701 0.00210917 0.00463942 0.975323 0.0027609 0.00183752 0.888321 0.00204989 0.0087227 0.00127359 0.00484727 0.00563703 0.0304483 0.0407075
0.989861 0.987362 0.993252 0.992961 0.949114 0.993514 0.988859 0.995368 0.0354758 0.985946 0.995294 0.97337 0.0275391 0.416537 0.0493107 0.0951853 0.985235 0.994836 0.987691 0.994968 0.992109 0.982019 0.998113 0.995158 0.982068 0.997895 0.992868 0.00761985 0.994846 0.970647 0.211808 0.211283 0.992259 0.0136612 0.99742 0.96471 0.994968 0.948528 0.991568 0.992968 0.976829 0.200519 0.968387 0.240522 0.998024 0.995344 0.023036 0.953122 0.99462 0.00775997 0.0164112 0.00309763 0.00693961 0.00493218 0.00811927 0.956417 0.856261 0.0110897 0.00204722 0.0285039 0.152155 0.0106361 0.217211 0.00197649 0.995039 0.00485332 0.906033 0.931077 0.0684118 0.00297118 0.973431 0.992934 0.998216 0.895925 0.976097 0.00700249 0.0449912 0.00497091 0.00197752 0.000806145 0.0127335 0.0162877 0.00501996 0.0101846 0.00692454 0.791947 0.00751514 0.00210646 0.00462192 0.975722 0.00275977 0.00183928 0.890845 0.00205015 0.00866161 0.00127687 0.00483007 0.0055988 0.0299608 0.0399419
0.989967 0.987497 0.993311 0.993005 0.950125 0.993557 0.988961 0.995385 0.0348689 0.986105 0.995318 0.973737 0.027032 0.407511 0.0483827 0.092873 0.9854 0.99486 0.987839 0.994984 0.992166 0.982267 0.998114 0.995176 0.982284 0.997897 0.99291 0.00754648 0.994871 0.971105 0.206383 0.205885 0.992324 0.013482 0.997425 0.965313 0.994984 0.949532 0.991638 0.993009 0.977164 0.195883 0.968899 0.234861 0.99802 0.99537 0.022649 0.953938 0.994643 0.00769153 0.0162085 0.00309292 0.0068863 0.00489617 0.00806886 0.957336 0.859861 0.0109883 0.00204768 0.0280388 0.148578 0.0105088 0.212128 0.00198124 0.995063 0.00483661 0.908307 0.932626 0.0670004 0.00296699 0.973893 0.992994 0.998216 0.898296 0.976494 0.00696025 0.0441652 0.00494744 0.0019825 0.000810868 0.0126128 0.0160875 0.00500333 0.0100847 0.00687085 0.797322 0.00746204 0.00210391 0.00460402 0.976114 0.00275867 0.00184092 0.89331 0.0020509 0.00859789 0.00127996 0.00481162 0.00556125 0.0294804 0.039193
0.990073 0.987631 0.993369 0.993047 0.95112 0.993598 0.989063 0.995404 0.0342704 0.98626 0.99534 0.974102 0.0265333 0.398513 0.047475 0.090591 0.985564 0.994885 0.987986 0.995 0.992222 0.982512 0.998114 0.995194 0.982494 0.9979 0.992952 0.00747553 0.994895 0.971556 0.201044 0.20057 0.99239 0.0133072 0.99743 0.965909 0.995001 0.950515 0.991707 0.993051 0.977493 0.191285 0.969408 0.229293 0.998015 0.995396 0.0222685 0.954743 0.994667 0.00762365 0.0160043 0.00308781 0.00683408 0.00486068 0.00801785 0.958235 0.863357 0.0108858 0.00204812 0.0275788 0.145065 0.0103806 0.207085 0.00198606 0.995085 0.00481901 0.910551 0.934137 0.0656085 0.00296273 0.974348 0.993052 0.998216 0.900605 0.97688 0.00691813 0.0433523 0.00492274 0.00198734 0.000815789 0.0124919 0.0158905 0.0049872 0.00998739 0.00681827 0.802628 0.00740803 0.00210136 0.0045864 0.976498 0.00275737 0.00184262 0.895725 0.0020515 0.00853504 0.00128342 0.00479394 0.00552289 0.0290149 0.0384492
0.990175 0.987761 0.993427 0.993089 0.952091 0.993639 0.989166 0.995421 0.0336798 0.986416 0.995362 0.974465 0.0260419 0.389553 0.0465848 0.0883744 0.985727 0.994908 0.988132 0.995015 0.992278 0.982749 0.998115 0.995212 0.982705 0.997902 0.992993 0.00740508 0.994919 0.972002 0.195813 0.195383 0.992455 0.0131342 0.997435 0.966495 0.995018 0.951485 0.991776 0.993091 0.977819 0.186769 0.969903 0.2238 0.99801 0.99542 0.0218967 0.955532 0.994691 0.00755773 0.0158057 0.00308371 0.00678203 0.00482549 0.00796746 0.959112 0.86681 0.0107837 0.00204885 0.0271333 0.141614 0.0102579 0.202124 0.00199074 0.99511 0.0048012 0.912733 0.935626 0.0642493 0.00295835 0.974792 0.993109 0.998216 0.902882 0.977262 0.00687688 0.042551 0.00489902 0.00199194 0.000820739 0.0123721 0.0156959 0.00497041 0.00989047 0.00676711 0.807772 0.00735477 0.00209914 0.00456968 0.976876 0.00275628 0.0018447 0.898116 0.00205201 0.00847385 0.00128678 0.00477515 0.0054858 0.0285539 0.0377234
0.990279 0.987894 0.993483 0.993131 0.953044 0.99368 0.989267 0.995438 0.0330977 0.98657 0.995384 0.974825 0.0255644 0.380629 0.0457057 0.0862336 0.985887 0.994931 0.988276 0.995032 0.992333 0.982984 0.998114 0.99523 0.982914 0.997904 0.993034 0.00733751 0.994942 0.972442 0.190693 0.190255 0.992518 0.0129661 0.997439 0.967068 0.995034 0.952438 0.991844 0.993133 0.978145 0.182328 0.970397 0.218367 0.998005 0.995445 0.0215312 0.956309 0.994714 0.00749142 0.0156056 0.00307885 0.00673067 0.00479134 0.00791642 0.959971 0.870175 0.0106827 0.00204892 0.0266888 0.138218 0.0101338 0.197253 0.00199564 0.995133 0.00478293 0.914879 0.937075 0.0629182 0.00295383 0.97523 0.993166 0.998216 0.90513 0.977634 0.00683572 0.0417619 0.0048758 0.00199719 0.000825675 0.01225 0.0155051 0.00495447 0.00979432 0.00671606 0.812827 0.00730157 0.00209718 0.00455327 0.977249 0.00275578 0.00184681 0.900455 0.00205292 0.00841112 0.00129049 0.00475767 0.00544905 0.0280931 0.0370063
0.990382 0.988022 0.993538 0.993173 0.95398 0.993721 0.989368 0.995455 0.0325284 0.98672 0.995407 0.975181 0.0250945 0.371805 0.0448452 0.0841223 0.986046 0.994953 0.988416 0.995049 0.99239 0.983219 0.998114 0.995248 0.983122 0.997906 0.993074 0.0072687 0.994964 0.972877 0.185674 0.185247 0.992581 0.0128026 0.997443 0.967637 0.99505 0.953372 0.991913 0.993174 0.97846 0.177958 0.970882 0.213025 0.998 0.99547 0.0211744 0.95707 0.994737 0.00742636 0.0154097 0.00307429 0.00667963 0.00475798 0.00786586 0.960817 0.873486 0.0105845 0.00204992 0.0262517 0.134888 0.0100134 0.192467 0.00200093 0.995156 0.00476514 0.916955 0.938484 0.061608 0.00295039 0.975662 0.993223 0.998216 0.907323 0.978005 0.00679412 0.0409903 0.00485295 0.00200228 0.000830829 0.0121337 0.0153137 0.00493831 0.00969892 0.00666574 0.817786 0.00724991 0.00209513 0.00453621 0.977614 0.00275538 0.00184877 0.902748 0.00205414 0.00834799 0.00129442 0.00474039 0.00541286 0.0276428 0.0363095
0.990482 0.988148 0.993592 0.993216 0.95489 0.99376 0.989467 0.995472 0.0319704 0.986871 0.995429 0.975533 0.0246323 0.363021 0.0440006 0.0820603 0.986203 0.994976 0.988554 0.995066 0.992445 0.98345 0.998114 0.995266 0.983329 0.997908 0.993116 0.00720241 0.994987 0.973307 0.180726 0.180326 0.992643 0.012639 0.997447 0.968193 0.995067 0.954284 0.99198 0.993216 0.978772 0.173655 0.971357 0.207749 0.997995 0.995495 0.0208241 0.957824 0.99476 0.00736235 0.0152181 0.00306966 0.00662983 0.00472478 0.0078165 0.961636 0.876719 0.0104878 0.00205061 0.0258196 0.131632 0.00989396 0.187762 0.002006 0.995179 0.00474828 0.918986 0.939864 0.0603213 0.00294605 0.976084 0.993277 0.998216 0.909467 0.978367 0.00675213 0.0402308 0.00482951 0.00200727 0.00083612 0.0120188 0.0151269 0.00492178 0.00960438 0.00661653 0.822633 0.00719772 0.00209319 0.00452023 0.977977 0.00275496 0.00185111 0.905002 0.0020551 0.00828645 0.00129834 0.00472253 0.00537703 0.0271968 0.0356247
0.99058 0.988277 0.993645 0.993257 0.955786 0.9938 0.989565 0.995489 0.0314238 0.98702 0.995451 0.975884 0.0241848 0.354324 0.0431691 0.0800416 0.986362 0.994999 0.98869 0.995083 0.992501 0.983678 0.998114 0.995283 0.983531 0.99791 0.993157 0.00713838 0.99501 0.973728 0.175887 0.17549 0.992704 0.0124791 0.997451 0.968741 0.995084 0.955181 0.992047 0.993258 0.979083 0.169433 0.971822 0.202556 0.99799 0.995518 0.0204806 0.958566 0.994784 0.00729956 0.0150265 0.00306551 0.00658048 0.00469334 0.007766 0.962434 0.879879 0.0103885 0.00205142 0.0254037 0.128429 0.00977743 0.183109 0.00201111 0.995202 0.00473176 0.920981 0.941208 0.0590611 0.00294198 0.976495 0.99333 0.998216 0.911582 0.978722 0.00670954 0.0394791 0.00480622 0.00201235 0.000841387 0.0119043 0.014943 0.00490621 0.00951184 0.00656757 0.82739 0.00714517 0.00209216 0.00450355 0.978333 0.00275423 0.00185379 0.907199 0.00205609 0.00822431 0.00130219 0.00470443 0.00534215 0.0267568 0.0349568
0.990677 0.988401 0.993699 0.993298 0.956672 0.99384 0.989663 0.995506 0.0308867 0.987165 0.995473 0.976229 0.0237415 0.345691 0.042348 0.0780849 0.98652 0.995022 0.988825 0.9951 0.992555 0.9839 0.998113 0.995301 0.983729 0.997911 0.993197 0.00707383 0.995033 0.974139 0.171196 0.170759 0.992764 0.0123202 0.997455 0.96928 0.9951 0.956058 0.992113 0.993299 0.979388 0.16527 0.972289 0.197471 0.997985 0.995542 0.0201446 0.959303 0.994807 0.00723537 0.0148382 0.00306163 0.00653199 0.00466197 0.00771746 0.963221 0.88297 0.0102899 0.00205232 0.0249898 0.125297 0.00966448 0.178549 0.00201597 0.995223 0.00471344 0.922925 0.942546 0.0578268 0.00293785 0.976897 0.993383 0.998215 0.913653 0.979073 0.00666906 0.0387469 0.00478338 0.00201755 0.000846897 0.0117887 0.014759 0.00488936 0.00941889 0.00651898 0.832055 0.00709502 0.00209098 0.00448664 0.97868 0.00275308 0.00185583 0.909336 0.00205705 0.00816391 0.00130625 0.00468732 0.00530655 0.0263285 0.0342992
0.990773 0.988525 0.993751 0.993339 0.957531 0.993878 0.98976 0.995523 0.0303576 0.987312 0.995494 0.97657 0.0233094 0.33713 0.041541 0.0761569 0.986673 0.995044 0.988957 0.995117 0.992608 0.984121 0.998113 0.995319 0.983928 0.997912 0.993237 0.00700999 0.995054 0.974544 0.166557 0.166141 0.992825 0.0121657 0.997459 0.969811 0.995117 0.956921 0.992179 0.99334 0.979689 0.161186 0.972744 0.19248 0.99798 0.995564 0.0198144 0.960024 0.99483 0.00717284 0.014651 0.00305713 0.00648276 0.00463223 0.00766955 0.963983 0.885998 0.0101934 0.00205341 0.0245839 0.122214 0.00955231 0.174076 0.00202131 0.995246 0.00469548 0.924833 0.943843 0.0566064 0.0029337 0.977297 0.993436 0.998214 0.915674 0.979417 0.00662809 0.0380295 0.00476111 0.00202285 0.000852405 0.0116762 0.0145798 0.0048716 0.00932835 0.00647079 0.836598 0.00704334 0.00208983 0.00447033 0.979024 0.00275258 0.00185796 0.91146 0.00205803 0.0081024 0.00131034 0.00466918 0.00527304 0.0259042 0.0336528
0.990868 0.988646 0.993804 0.993381 0.958379 0.993917 0.989857 0.995539 0.0298313 0.987453 0.995514 0.976903 0.0228841 0.328647 0.040744 0.074289 0.986824 0.995067 0.989087 0.995133 0.992661 0.984334 0.998112 0.995337 0.984126 0.997913 0.993278 0.00694688 0.995077 0.974941 0.162039 0.161637 0.992884 0.0120118 0.997462 0.970326 0.995133 0.957764 0.992244 0.993381 0.979983 0.157171 0.973192 0.187572 0.997975 0.995587 0.0194891 0.960738 0.994854 0.00711092 0.0144659 0.00305326 0.00643489 0.00460149 0.00761982 0.964733 0.888949 0.0100981 0.00205462 0.0241848 0.119217 0.00944165 0.169702 0.00202634 0.995269 0.00467787 0.92668 0.945112 0.0554212 0.00292977 0.977691 0.993488 0.998213 0.917642 0.979755 0.00658708 0.0373232 0.00473921 0.00202789 0.00085816 0.0115636 0.0144018 0.0048546 0.00923894 0.00642245 0.841038 0.00699098 0.00208843 0.00445407 0.979363 0.00275207 0.00186043 0.913529 0.00205939 0.00804121 0.00131469 0.00465214 0.00523918 0.025484 0.0330259
0.99096 0.988766 0.993854 0.993422 0.959211 0.993955 0.989953 0.995555 0.0293163 0.987593 0.995535 0.977231 0.0224705 0.320315 0.0399693 0.072451 0.986972 0.995088 0.989213 0.995149 0.992715 0.984546 0.998111 0.995354 0.984321 0.997914 0.993316 0.00688471 0.995098 0.975336 0.157607 0.157228 0.992943 0.0118631 0.997466 0.970837 0.99515 0.958598 0.992308 0.993422 0.980271 0.153238 0.973632 0.182773 0.99797 0.99561 0.0191712 0.961444 0.994877 0.00705037 0.0142879 0.00304914 0.00638662 0.00457153 0.00757156 0.965458 0.891824 0.0100026 0.00205589 0.0237937 0.116276 0.00933438 0.165426 0.0020314 0.99529 0.00466093 0.92847 0.946345 0.0542555 0.00292601 0.978074 0.993538 0.998212 0.919591 0.980082 0.00654635 0.036632 0.00471661 0.002033 0.000863964 0.0114501 0.0142236 0.00483894 0.0091517 0.00637707 0.845371 0.0069397 0.00208752 0.00443835 0.979695 0.00275185 0.00186288 0.915561 0.00206068 0.00798007 0.00131897 0.00463452 0.00520606 0.0250748 0.0324036
0.991051 0.988882 0.993905 0.993462 0.960025 0.993993 0.990048 0.995571 0.0288167 0.987734 0.995556 0.97756 0.0220666 0.312096 0.0392038 0.0706806 0.987122 0.995111 0.989338 0.995166 0.992769 0.984754 0.99811 0.995372 0.984513 0.997914 0.993355 0.00682444 0.99512 0.975722 0.153294 0.152891 0.993001 0.0117154 0.997469 0.971337 0.995167 0.959417 0.992372 0.993463 0.980557 0.149403 0.974065 0.178061 0.997965 0.995632 0.0188587 0.962136 0.994901 0.00699071 0.0141108 0.0030449 0.00634034 0.00454212 0.00752251 0.966167 0.894641 0.00990823 0.00205707 0.0234041 0.113391 0.00922683 0.161196 0.00203675 0.995311 0.00464268 0.930225 0.947562 0.0531079 0.00292212 0.97845 0.993587 0.998211 0.921479 0.980408 0.00650637 0.0359403 0.00469545 0.00203814 0.000869824 0.0113408 0.0140478 0.00482261 0.00906302 0.00633083 0.849602 0.00689045 0.00208713 0.00442321 0.98002 0.00275134 0.00186533 0.917558 0.002062 0.00792137 0.00132357 0.00461734 0.00517331 0.0246752 0.0317948
0.99114 0.988999 0.993955 0.993502 0.960821 0.994029 0.990143 0.995587 0.0283208 0.987872 0.995576 0.977881 0.0216703 0.30397 0.0384566 0.0689479 0.987269 0.995132 0.989461 0.995184 0.992821 0.984959 0.998109 0.995389 0.984706 0.997915 0.993394 0.00676487 0.995142 0.976102 0.149091 0.148693 0.993057 0.0115686 0.997473 0.971833 0.995184 0.960217 0.992436 0.993504 0.980838 0.145642 0.974493 0.173407 0.99796 0.995654 0.0185506 0.962816 0.994923 0.00693083 0.0139355 0.00304086 0.00629419 0.00451382 0.00747419 0.966864 0.897401 0.00981588 0.00205837 0.0230243 0.110574 0.00912286 0.157078 0.00204198 0.995333 0.00462598 0.931934 0.948744 0.0519942 0.00291854 0.978821 0.993636 0.99821 0.923336 0.980728 0.00646564 0.0352746 0.00467374 0.00204319 0.000875678 0.0112328 0.0138781 0.00480583 0.00897808 0.00628356 0.853747 0.00683947 0.00208682 0.00440808 0.980337 0.00275104 0.00186813 0.919509 0.00206363 0.00786222 0.00132821 0.00459981 0.00514061 0.024281 0.0311961
0.991229 0.989114 0.994004 0.993543 0.961603 0.994066 0.990234 0.995603 0.0278362 0.988008 0.995597 0.978204 0.0212848 0.295995 0.0377246 0.0672504 0.987412 0.995153 0.989584 0.995201 0.992874 0.985162 0.998108 0.995406 0.984891 0.997915 0.993434 0.00670517 0.995163 0.976476 0.144958 0.14459 0.993113 0.011425 0.997475 0.972314 0.9952 0.960998 0.9925 0.993544 0.981113 0.141922 0.974918 0.168853 0.997954 0.995676 0.0182525 0.963477 0.994946 0.0068736 0.0137633 0.00303702 0.00624811 0.00448473 0.00742691 0.967543 0.900071 0.00972443 0.00205991 0.0226514 0.107794 0.00901982 0.153043 0.00204724 0.995354 0.0046085 0.933604 0.949892 0.0508997 0.00291499 0.979178 0.993684 0.998209 0.925152 0.981043 0.00642548 0.0346161 0.00465288 0.00204837 0.000881742 0.011124 0.0137079 0.00478846 0.00889369 0.00623779 0.857762 0.00679073 0.00208646 0.0043924 0.980651 0.00275074 0.0018711 0.921403 0.00206498 0.00780438 0.00133292 0.00458242 0.00510876 0.0238925 0.0306112
0.991317 0.98923 0.994054 0.993583 0.962374 0.994102 0.990327 0.995618 0.0273581 0.988144 0.995617 0.97852 0.0209034 0.288147 0.0369992 0.0656047 0.987555 0.995174 0.989704 0.995217 0.992925 0.98536 0.998107 0.995424 0.98508 0.997916 0.993475 0.00664796 0.995184 0.976844 0.140935 0.140579 0.993168 0.0112852 0.997478 0.97279 0.995217 0.961762 0.992561 0.993585 0.981386 0.138302 0.975331 0.164417 0.997949 0.995697 0.0179604 0.964128 0.994968 0.00681635 0.0135934 0.00303326 0.00620285 0.00445681 0.00737828 0.96821 0.902686 0.00963311 0.00206122 0.0222861 0.105084 0.00891792 0.14909 0.00205266 0.995375 0.00459019 0.935243 0.951014 0.0498223 0.00291217 0.979531 0.99373 0.998207 0.926914 0.981352 0.00638518 0.0339675 0.00463151 0.00205367 0.000887841 0.0110156 0.0135411 0.00477158 0.00880933 0.00619323 0.861693 0.00674231 0.00208652 0.00437776 0.980959 0.00275023 0.00187392 0.923266 0.00206638 0.00774696 0.00133768 0.00456561 0.00507777 0.0235078 0.030039
0.991403 0.989344 0.994102 0.993623 0.963123 0.994139 0.990419 0.995632 0.0268904 0.988278 0.995637 0.978834 0.020534 0.280401 0.0362862 0.0639982 0.987697 0.995194 0.989821 0.995234 0.992977 0.985555 0.998105 0.99544 0.985266 0.997916 0.993512 0.00659162 0.995204 0.977208 0.137024 0.136691 0.993222 0.0111473 0.997481 0.97325 0.995234 0.962517 0.992623 0.993625 0.981653 0.134753 0.975737 0.160018 0.997944 0.99572 0.0176744 0.964771 0.994991 0.00675938 0.0134252 0.00302958 0.00615792 0.00442958 0.00733155 0.968859 0.905232 0.00954261 0.00206273 0.0219259 0.102453 0.00881715 0.145228 0.00205794 0.995396 0.00457321 0.936838 0.95211 0.0487709 0.00290862 0.979877 0.993776 0.998206 0.928654 0.981654 0.00634581 0.0333365 0.00460999 0.00205907 0.000893841 0.0109118 0.0133784 0.0047543 0.00872667 0.00614845 0.86554 0.00669346 0.00208659 0.00436287 0.981265 0.00274953 0.00187696 0.925076 0.00206794 0.00768975 0.00134272 0.00454833 0.0050469 0.0231332 0.0294797
0.991487 0.989457 0.994149 0.993661 0.963859 0.994175 0.99051 0.995647 0.0264324 0.988409 0.995656 0.979142 0.0201708 0.272818 0.0355943 0.0624194 0.987835 0.995213 0.989938 0.995251 0.993027 0.985747 0.998104 0.995457 0.985448 0.997915 0.993551 0.00653533 0.995224 0.977565 0.13321 0.132889 0.993276 0.0110128 0.997483 0.973704 0.99525 0.963255 0.992685 0.993664 0.981918 0.131276 0.976134 0.155755 0.997939 0.995741 0.0173934 0.965402 0.995014 0.0067049 0.0132603 0.00302561 0.0061131 0.00440353 0.00728521 0.96949 0.907713 0.00945399 0.00206438 0.0215775 0.0998659 0.00871987 0.141443 0.00206325 0.995417 0.00455626 0.938388 0.953186 0.0477443 0.00290487 0.980219 0.993822 0.998204 0.930348 0.981953 0.00630639 0.0327167 0.00458925 0.00206457 0.000900169 0.0108101 0.0132173 0.00473734 0.00864533 0.00610367 0.869307 0.0066448 0.00208638 0.00434756 0.981564 0.0027495 0.00187968 0.926849 0.00206961 0.00763308 0.00134746 0.00453137 0.00501615 0.0227624 0.0289266
0.99157 0.989567 0.994195 0.993699 0.964574 0.994211 0.990598 0.995662 0.0259796 0.988538 0.995675 0.979442 0.0198131 0.265389 0.0349116 0.0608906 0.987971 0.995234 0.990055 0.995268 0.993076 0.985937 0.998102 0.995473 0.985629 0.997915 0.993589 0.006481 0.995244 0.977921 0.129483 0.129196 0.993329 0.0108799 0.997486 0.974151 0.995267 0.963974 0.992746 0.993704 0.982175 0.127893 0.976523 0.1516 0.997933 0.995762 0.0171203 0.966021 0.995037 0.00665036 0.0130987 0.00302233 0.00606922 0.00437748 0.00723793 0.970112 0.910151 0.00936433 0.00206639 0.0212278 0.0973539 0.00862496 0.137756 0.00206881 0.995437 0.00453931 0.939903 0.954231 0.0467295 0.00290151 0.980553 0.993867 0.998202 0.932002 0.982244 0.00626744 0.0321088 0.00456882 0.00206969 0.000906597 0.0107071 0.0130585 0.00472056 0.00856422 0.00606068 0.872965 0.00659631 0.00208672 0.00433281 0.981856 0.00274966 0.0018828 0.928579 0.00207125 0.00757506 0.00135227 0.00451422 0.00498538 0.0223984 0.0283871
0.991651 0.989675 0.994241 0.993738 0.965275 0.994246 0.990686 0.995676 0.0255373 0.988668 0.995695 0.979738 0.0194663 0.258057 0.0342439 0.0594011 0.988106 0.995254 0.990168 0.995285 0.993126 0.986122 0.9981 0.995489 0.985805 0.997915 0.993627 0.00642761 0.995264 0.978264 0.12585 0.125563 0.993381 0.0107505 0.997489 0.974596 0.995283 0.964677 0.992805 0.993744 0.982428 0.124573 0.976908 0.147538 0.997928 0.995782 0.0168496 0.966628 0.99506 0.0065954 0.0129383 0.00301921 0.00602702 0.00435192 0.00719125 0.970714 0.912505 0.00927577 0.00206845 0.0208865 0.0948939 0.00853082 0.134163 0.00207429 0.995457 0.00452176 0.941376 0.955246 0.045742 0.00289827 0.980878 0.993912 0.9982 0.933619 0.98253 0.0062286 0.0315095 0.0045492 0.00207521 0.000913098 0.0106032 0.0129003 0.0047038 0.00848482 0.00601847 0.87652 0.00654837 0.00208715 0.00431818 0.982145 0.00274975 0.00188624 0.930276 0.00207303 0.00751796 0.00135737 0.00449767 0.00495584 0.0220439 0.0278562
0.991733 0.989783 0.994286 0.993776 0.965966 0.994281 0.990774 0.995691 0.0250993 0.988796 0.995713 0.980031 0.0191272 0.250858 0.0335868 0.0579514 0.98824 0.995273 0.99028 0.995302 0.993175 0.986305 0.998098 0.995506 0.985982 0.997914 0.993663 0.00637394 0.995283 0.978603 0.122319 0.122032 0.993433 0.0106203 0.997491 0.975028 0.995301 0.965372 0.992864 0.993783 0.982679 0.121341 0.977285 0.143542 0.997922 0.995802 0.0165863 0.967225 0.995081 0.00654285 0.0127814 0.00301619 0.00598438 0.00432681 0.00714475 0.971307 0.914811 0.0091896 0.00207023 0.0205505 0.0924876 0.00843815 0.130646 0.00207989 0.995477 0.00450348 0.942804 0.956243 0.0447743 0.00289473 0.981197 0.993957 0.998198 0.935173 0.982811 0.00618999 0.0309221 0.00452943 0.00208067 0.000919383 0.0105008 0.0127494 0.00468658 0.00840748 0.00597576 0.87998 0.00650042 0.00208802 0.00430333 0.982427 0.00274951 0.00188964 0.931934 0.00207488 0.00746118 0.00136251 0.0044811 0.00492702 0.0216947 0.0273353
0.991813 0.989892 0.99433 0.993814 0.966636 0.994315 0.990861 0.995706 0.0246707 0.98892 0.995731 0.980323 0.0187967 0.243833 0.0329423 0.0565358 0.988371 0.995292 0.990387 0.995318 0.993223 0.986487 0.998096 0.995523 0.986156 0.997914 0.9937 0.0063218 0.995302 0.978933 0.118873 0.118612 0.993484 0.010493 0.997494 0.975452 0.995317 0.966048 0.992924 0.993821 0.982928 0.118189 0.977653 0.139652 0.997916 0.995822 0.0163268 0.967808 0.995104 0.00648974 0.0126261 0.00301284 0.00594323 0.00430263 0.00710053 0.971881 0.917047 0.00910516 0.00207176 0.0202195 0.0901495 0.00834641 0.12717 0.00208561 0.995497 0.00448707 0.944194 0.957217 0.0438302 0.00289128 0.981513 0.994 0.998196 0.93671 0.983087 0.00615172 0.0303466 0.00450978 0.00208644 0.000925845 0.0103994 0.0125978 0.00467009 0.00832998 0.00593325 0.883343 0.00645255 0.00208887 0.00428877 0.982706 0.00274936 0.00189248 0.933543 0.0020768 0.00740446 0.00136801 0.00446456 0.00489849 0.0213478 0.0268317
0.991891 0.989995 0.994373 0.99385 0.967292 0.99435 0.990946 0.99572 0.0242532 0.989043 0.995749 0.98061 0.0184728 0.236938 0.0323087 0.0551565 0.9885 0.995312 0.990494 0.995335 0.993273 0.986663 0.998093 0.99554 0.986328 0.997913 0.993737 0.00627071 0.995321 0.97926 0.115535 0.115282 0.993535 0.010368 0.997496 0.975866 0.995334 0.966707 0.992982 0.993857 0.983171 0.11509 0.978015 0.135873 0.997911 0.995841 0.0160764 0.968379 0.995126 0.00643843 0.0124735 0.00301006 0.00590047 0.00427817 0.00705488 0.972443 0.919239 0.00902043 0.00207356 0.0198967 0.0878703 0.00825788 0.123803 0.0020915 0.995517 0.00447022 0.945556 0.958162 0.0429024 0.00288801 0.981819 0.994041 0.998193 0.938216 0.983358 0.00611265 0.0297849 0.00449009 0.00209178 0.000932495 0.0103003 0.0124471 0.00465353 0.00825384 0.00589066 0.886629 0.00640499 0.00208957 0.00427503 0.982978 0.00274966 0.00189585 0.935114 0.00207836 0.00734948 0.00137332 0.00444886 0.00486953 0.0210139 0.0263366
0.991969 0.990099 0.994417 0.993888 0.967938 0.994384 0.991031 0.995734 0.0238424 0.989167 0.995767 0.980891 0.0181546 0.230178 0.0316933 0.0538226 0.988629 0.995331 0.9906 0.995352 0.993322 0.986838 0.998091 0.995556 0.986496 0.997913 0.993773 0.00621944 0.99534 0.979586 0.112284 0.112031 0.993585 0.0102444 0.997498 0.976269 0.995351 0.967349 0.993039 0.993895 0.983412 0.112064 0.978374 0.13216 0.997905 0.99586 0.0158292 0.968944 0.995148 0.00638775 0.0123213 0.00300715 0.00585868 0.004254 0.00700944 0.972993 0.921371 0.00893719 0.00207526 0.0195798 0.0856477 0.00816936 0.120518 0.00209753 0.995537 0.00445306 0.946877 0.959089 0.0420067 0.0028851 0.982124 0.994083 0.99819 0.939679 0.98362 0.00607504 0.0292343 0.00447105 0.00209726 0.000939114 0.0102021 0.0122993 0.00463732 0.00817805 0.00585036 0.889831 0.00635841 0.00209024 0.00426158 0.983245 0.00274999 0.00189918 0.936643 0.00208018 0.00729361 0.00137887 0.00443205 0.00484238 0.020682 0.025851
0.992044 0.990202 0.994459 0.993927 0.968567 0.994418 0.991114 0.995748 0.0234398 0.989288 0.995785 0.981167 0.0178438 0.223569 0.0310884 0.0525176 0.988753 0.995349 0.990703 0.995369 0.993369 0.987007 0.998089 0.995574 0.986662 0.997912 0.993809 0.00616931 0.995358 0.979902 0.1091 0.108874 0.993634 0.0101243 0.9975 0.97667 0.995367 0.967981 0.993098 0.993934 0.983649 0.109138 0.978725 0.12856 0.9979 0.99588 0.0155882 0.969501 0.995171 0.00633618 0.0121714 0.00300385 0.00581748 0.00423115 0.00696338 0.973528 0.923443 0.00885363 0.0020772 0.0192668 0.083471 0.00808328 0.117319 0.00210297 0.995556 0.00443621 0.948158 0.959993 0.0411205 0.00288161 0.982418 0.994124 0.998188 0.941103 0.983879 0.00603687 0.0286949 0.00445145 0.00210252 0.000945889 0.0101049 0.012153 0.00462085 0.00810458 0.00580968 0.892926 0.00631208 0.00209154 0.00424772 0.983507 0.00274991 0.00190261 0.938137 0.00208249 0.00723953 0.00138413 0.00441546 0.00481516 0.0203557 0.0253777
0.992119 0.990301 0.994502 0.993963 0.969184 0.994451 0.991195 0.995762 0.0230408 0.989408 0.995802 0.98144 0.0175403 0.217115 0.0304979 0.0512503 0.988878 0.995367 0.990805 0.995385 0.993416 0.987177 0.998087 0.99559 0.986828 0.997911 0.993844 0.00611938 0.995376 0.980211 0.106029 0.105815 0.993682 0.0100067 0.997503 0.977067 0.995384 0.968603 0.993154 0.993971 0.983878 0.106273 0.979069 0.125049 0.997895 0.995899 0.0153513 0.970047 0.995194 0.0062863 0.0120242 0.00300142 0.00577801 0.00420762 0.0069193 0.97405 0.925461 0.00877049 0.00207941 0.0189646 0.0813605 0.00799951 0.114206 0.00210833 0.995575 0.00442006 0.949418 0.960875 0.0402601 0.00287798 0.982707 0.994164 0.998185 0.942506 0.984132 0.00600045 0.0281654 0.00443132 0.00210834 0.000952915 0.01001 0.0120106 0.00460433 0.00803389 0.0057695 0.895949 0.00626593 0.00209265 0.00423428 0.983764 0.00275035 0.00190624 0.939595 0.00208458 0.00718579 0.0013897 0.00439881 0.00478838 0.020035 0.0249089
0.992194 0.9904 0.994543 0.993999 0.969791 0.994483 0.991276 0.995775 0.0226522 0.989525 0.995818 0.981708 0.0172463 0.210795 0.0299147 0.0500201 0.989002 0.995386 0.990906 0.995401 0.993462 0.987342 0.998084 0.995607 0.986991 0.99791 0.993879 0.00607069 0.995394 0.980514 0.103046 0.102838 0.993729 0.00988992 0.997505 0.977453 0.995401 0.969212 0.993209 0.994008 0.984105 0.10347 0.979407 0.121617 0.997889 0.995918 0.0151189 0.970582 0.995216 0.00623823 0.0118802 0.00299868 0.00573906 0.00418471 0.00687492 0.974559 0.927419 0.00868908 0.00208121 0.018668 0.0792926 0.00791636 0.11115 0.00211394 0.995594 0.00440397 0.950633 0.961734 0.0394118 0.00287523 0.982991 0.994204 0.998183 0.943861 0.984382 0.00596495 0.0276431 0.00441238 0.00211395 0.000959824 0.00991664 0.0118692 0.00458735 0.00796127 0.00573081 0.898882 0.00622128 0.00209387 0.00422063 0.984016 0.00275041 0.00190956 0.941028 0.00208676 0.00713174 0.00139527 0.00438328 0.00476199 0.0197222 0.0244556
0.992267 0.990498 0.994586 0.994035 0.970379 0.994515 0.991356 0.995788 0.0222764 0.989642 0.995836 0.981971 0.0169572 0.20461 0.0293482 0.0488139 0.989123 0.995404 0.991005 0.995417 0.993508 0.987504 0.998082 0.995623 0.98715 0.997908 0.993914 0.00602417 0.995412 0.980813 0.10015 0.0999334 0.993777 0.00977488 0.997507 0.97783 0.995418 0.969801 0.993265 0.994045 0.984324 0.100744 0.979737 0.118282 0.997883 0.995937 0.0148946 0.971106 0.995238 0.00618974 0.0117373 0.00299601 0.00569968 0.00416294 0.00683007 0.975059 0.92933 0.0086078 0.00208328 0.0183747 0.077272 0.00783562 0.108161 0.00211912 0.995613 0.00438707 0.951819 0.962569 0.0385775 0.00287247 0.983269 0.994242 0.99818 0.945184 0.984626 0.00592847 0.0271361 0.00439321 0.00211961 0.000966736 0.00982338 0.0117317 0.00457069 0.00789072 0.00569171 0.90174 0.00617556 0.002095 0.00420731 0.984262 0.00275056 0.00191324 0.942428 0.00208857 0.00707946 0.00140084 0.00436782 0.00473599 0.0194157 0.0240115
0.992338 0.990596 0.994626 0.994072 0.970961 0.994546 0.991434 0.995802 0.0219073 0.989754 0.995852 0.982232 0.0166729 0.198578 0.0287915 0.0476389 0.989243 0.995423 0.991102 0.995434 0.993554 0.987664 0.998079 0.995639 0.987307 0.997907 0.993948 0.00597733 0.995429 0.981107 0.0973278 0.0971346 0.993823 0.00966311 0.997509 0.978202 0.995435 0.970385 0.99332 0.994082 0.984543 0.0980981 0.980064 0.115035 0.997877 0.995955 0.014671 0.971619 0.995261 0.00614152 0.0115971 0.00299307 0.00566099 0.00414131 0.00678627 0.975547 0.931188 0.00852911 0.00208514 0.0180879 0.0753135 0.00775544 0.105279 0.00212507 0.995632 0.00437131 0.952968 0.963388 0.0377729 0.00286975 0.983542 0.994281 0.998177 0.946477 0.984868 0.00589231 0.0266418 0.00437475 0.00212536 0.000973646 0.00973081 0.0115946 0.00455405 0.00782074 0.0056524 0.904511 0.00613075 0.00209645 0.00419337 0.984508 0.00275045 0.00191714 0.94379 0.00209053 0.00702533 0.00140636 0.0043513 0.00470903 0.0191145 0.0235763
0.99241 0.990692 0.994666 0.994108 0.971528 0.994577 0.991512 0.995816 0.0215437 0.989866 0.99587 0.982488 0.0163953 0.192721 0.0282449 0.0464909 0.98936 0.995441 0.991196 0.99545 0.993599 0.987821 0.998076 0.995655 0.987463 0.997906 0.993983 0.00593179 0.995446 0.981397 0.0945813 0.0944109 0.99387 0.00955342 0.99751 0.978564 0.995451 0.970953 0.993374 0.994118 0.984759 0.0955114 0.980384 0.11188 0.997871 0.995973 0.0144525 0.97212 0.995282 0.00609494 0.0114571 0.00299088 0.00562327 0.00412099 0.00674317 0.976014 0.933012 0.00845121 0.00208669 0.0178045 0.0733949 0.00767676 0.102436 0.00213093 0.99565 0.0043554 0.954084 0.964185 0.0369897 0.00286714 0.983809 0.994318 0.998175 0.947742 0.985103 0.00585645 0.0261569 0.00435634 0.00213095 0.000980597 0.00963999 0.0114597 0.00453712 0.00775267 0.00561455 0.907209 0.00608669 0.0020977 0.00418006 0.984745 0.00275041 0.00192066 0.945116 0.00209252 0.00697305 0.00141213 0.00433567 0.004684 0.0188197 0.0231507
0.99248 0.990787 0.994705 0.994143 0.972078 0.994608 0.991589 0.99583 0.0211818 0.989978 0.995886 0.982737 0.016122 0.187022 0.0277187 0.045383 0.989477 0.995457 0.991288 0.995466 0.993644 0.987976 0.998073 0.99567 0.987615 0.997905 0.994017 0.00588669 0.995463 0.981679 0.0919239 0.0917418 0.993915 0.00944451 0.997512 0.978922 0.995467 0.971507 0.993427 0.994154 0.984973 0.0929826 0.980697 0.10878 0.997865 0.995992 0.0142402 0.972616 0.995305 0.00604818 0.0113217 0.00298791 0.00558635 0.0041 0.00669918 0.976474 0.934766 0.00837315 0.00208874 0.0175253 0.0715451 0.00759843 0.0997059 0.0021368 0.995668 0.00433966 0.955179 0.964956 0.0362237 0.0028639 0.98407 0.994355 0.998172 0.948961 0.985332 0.00582062 0.0256812 0.0043385 0.0021368 0.000987709 0.00954838 0.0113279 0.0045208 0.0076851 0.00557596 0.909816 0.00604386 0.00209911 0.00416691 0.984978 0.00275067 0.00192459 0.946413 0.00209483 0.00692156 0.001418 0.00431989 0.00465905 0.018529 0.0227331
0.992549 0.990879 0.994744 0.994179 0.972616 0.994638 0.991666 0.995843 0.02083 0.990086 0.995903 0.982985 0.0158548 0.181481 0.0271952 0.0443073 0.989593 0.995475 0.99138 0.995482 0.993688 0.988127 0.998071 0.995687 0.987766 0.997903 0.994051 0.00584168 0.99548 0.981953 0.0893341 0.0891627 0.99396 0.00933985 0.997514 0.979272 0.995483 0.972052 0.99348 0.99419 0.98518 0.0905349 0.981002 0.105781 0.99786 0.996009 0.0140325 0.973101 0.995326 0.00600318 0.0111892 0.00298582 0.00554882 0.00407937 0.00665585 0.976928 0.936464 0.00829851 0.00209062 0.0172514 0.069729 0.00752213 0.0970402 0.00214251 0.995686 0.00432369 0.956241 0.965708 0.0354699 0.00286134 0.984327 0.994392 0.998169 0.950155 0.985556 0.00578514 0.0252144 0.00432099 0.00214217 0.000994939 0.0094582 0.0111988 0.00450491 0.00761845 0.00553884 0.912348 0.00600172 0.00210068 0.0041539 0.985206 0.00275042 0.00192868 0.947666 0.00209695 0.00687082 0.00142405 0.00430398 0.00463333 0.0182464 0.0223173
0.992616 0.99097 0.994782 0.994214 0.97314 0.994669 0.991742 0.995856 0.0204883 0.990192 0.99592 0.983229 0.0155941 0.176053 0.0266807 0.0432641 0.989704 0.995492 0.991471 0.995499 0.993732 0.988278 0.998068 0.995702 0.987914 0.997901 0.994084 0.0057981 0.995497 0.982229 0.086831 0.0866587 0.994004 0.00923484 0.997515 0.979614 0.9955 0.972583 0.993532 0.994226 0.985384 0.0881462 0.981307 0.102867 0.997854 0.996026 0.0138281 0.973574 0.995347 0.0059586 0.0110595 0.00298412 0.00551252 0.00405906 0.00661373 0.977372 0.938124 0.00822327 0.00209252 0.0169854 0.0679591 0.00744763 0.0944345 0.00214787 0.995703 0.00430795 0.957276 0.966436 0.0347357 0.0028588 0.984577 0.994429 0.998166 0.951315 0.985776 0.00575093 0.0247616 0.00430393 0.00214786 0.00100211 0.00936956 0.0110697 0.00448859 0.00755279 0.00550143 0.914806 0.00595926 0.00210252 0.00414173 0.985428 0.00275077 0.00193228 0.948885 0.0020991 0.00681935 0.00143005 0.00428855 0.00460844 0.0179644 0.0219204
0.992681 0.991058 0.99482 0.994249 0.973657 0.994698 0.991817 0.995869 0.0201518 0.990299 0.995936 0.983472 0.0153394 0.170766 0.0261792 0.0422444 0.989816 0.995509 0.99156 0.995514 0.993775 0.988423 0.998065 0.995718 0.988059 0.997899 0.994117 0.0057552 0.995514 0.982497 0.0843911 0.0842307 0.994047 0.00913181 0.997517 0.979948 0.995516 0.9731 0.993585 0.994261 0.985585 0.0858294 0.981603 0.100022 0.997849 0.996044 0.0136277 0.974034 0.995369 0.0059142 0.0109288 0.00298178 0.00547624 0.00403963 0.00657211 0.977801 0.939731 0.00814866 0.0020948 0.0167225 0.0662488 0.00737452 0.0918963 0.00215341 0.995721 0.00429247 0.958273 0.967148 0.0340168 0.00285626 0.984822 0.994465 0.998163 0.952444 0.985994 0.00571547 0.0243139 0.00428622 0.00215357 0.0010094 0.00928177 0.010943 0.00447251 0.00748758 0.00546593 0.917196 0.00591699 0.00210405 0.00412914 0.985646 0.00275084 0.00193616 0.950083 0.00210105 0.00677047 0.00143623 0.0042726 0.00458447 0.0176886 0.02153
0.992746 0.991146 0.994857 0.994283 0.974156 0.994728 0.991889 0.995882 0.0198231 0.990404 0.995953 0.98371 0.0150922 0.165665 0.0256883 0.0412511 0.989927 0.995526 0.991648 0.995531 0.993818 0.988566 0.998062 0.995734 0.988203 0.997897 0.994151 0.00571263 0.99553 0.982758 0.0820122 0.0818655 0.99409 0.0090325 0.997518 0.980276 0.995531 0.973609 0.993636 0.994296 0.985784 0.0835753 0.981889 0.0972505 0.997843 0.996061 0.0134333 0.974488 0.99539 0.00587007 0.0108022 0.00297939 0.0054396 0.00402003 0.00652931 0.978218 0.941291 0.00807763 0.00209706 0.0164691 0.0645881 0.00730181 0.0894454 0.00215902 0.995738 0.00427696 0.959251 0.967852 0.0333154 0.0028534 0.985061 0.9945 0.99816 0.95355 0.986208 0.00568123 0.0238762 0.00426876 0.00215861 0.00101695 0.00919565 0.0108199 0.00445642 0.00742328 0.00542972 0.919519 0.0058751 0.00210629 0.0041166 0.985863 0.00275086 0.00194016 0.951245 0.00210309 0.00672076 0.00144244 0.00425736 0.00456072 0.0174196 0.0211495
0.99281 0.991233 0.994894 0.994319 0.974648 0.994758 0.991961 0.995895 0.0195021 0.990507 0.995969 0.983943 0.0148466 0.160665 0.0252066 0.0402775 0.990035 0.995542 0.991734 0.995546 0.99386 0.988707 0.998059 0.995749 0.988346 0.997896 0.994184 0.00567108 0.995547 0.983017 0.0797258 0.0795747 0.994133 0.00893315 0.99752 0.980594 0.995546 0.974107 0.993686 0.99433 0.985976 0.0813832 0.982171 0.0945775 0.997838 0.996077 0.0132395 0.97493 0.995411 0.00582669 0.0106766 0.00297764 0.00540531 0.0040007 0.00648909 0.978626 0.942806 0.00800409 0.00209924 0.0162188 0.0629745 0.00723013 0.087053 0.00216463 0.995755 0.00426046 0.960208 0.968536 0.0326276 0.00285107 0.985295 0.994534 0.998156 0.954625 0.986418 0.00564642 0.0234496 0.00425111 0.00216454 0.00102436 0.00911136 0.0106969 0.00444063 0.00736068 0.00539463 0.92177 0.00583453 0.00210836 0.00410386 0.986075 0.00275057 0.0019443 0.952376 0.00210546 0.00667162 0.00144855 0.00424218 0.00453723 0.017156 0.0207763
0.992873 0.991319 0.99493 0.994354 0.975126 0.994788 0.992032 0.995907 0.0191842 0.990609 0.995985 0.984172 0.0146102 0.155819 0.0247378 0.0393388 0.990142 0.995559 0.991819 0.995562 0.993902 0.988846 0.998055 0.995765 0.988485 0.997894 0.994216 0.00562857 0.995562 0.98327 0.0774991 0.0773486 0.994175 0.00883691 0.997521 0.98091 0.995562 0.974595 0.993735 0.994364 0.986168 0.0792335 0.982453 0.0919748 0.997832 0.996094 0.01305 0.975363 0.995432 0.00578413 0.010553 0.0029755 0.00536991 0.00398156 0.00644879 0.979022 0.944272 0.0079322 0.00210184 0.0159708 0.0613955 0.00716072 0.084729 0.00217034 0.995773 0.004245 0.961136 0.969195 0.03196 0.00284845 0.985528 0.994567 0.998153 0.955676 0.986621 0.00561252 0.0230285 0.00423391 0.00217023 0.00103184 0.00902817 0.0105767 0.00442507 0.0072987 0.00535942 0.923947 0.00579314 0.00211018 0.00409265 0.98628 0.00275037 0.00194805 0.953473 0.00210766 0.00662294 0.00145459 0.00422696 0.00451395 0.0168962 0.0204121
0.992935 0.991406 0.994966 0.994387 0.975596 0.994816 0.992102 0.995919 0.0188729 0.990709 0.996 0.9844 0.0143755 0.151127 0.024281 0.0384213 0.990248 0.995576 0.991902 0.995578 0.993944 0.988982 0.998052 0.99578 0.98862 0.997892 0.994249 0.00558822 0.995578 0.983515 0.0753427 0.0751985 0.994216 0.00874229 0.997522 0.981214 0.995578 0.975064 0.993784 0.994398 0.986354 0.0771483 0.982724 0.0894301 0.997826 0.99611 0.0128664 0.975795 0.995452 0.00574144 0.0104329 0.0029732 0.00533444 0.00396329 0.00640863 0.97941 0.945714 0.00786214 0.00210393 0.0157302 0.0598696 0.00709102 0.0824787 0.00217606 0.99579 0.00422988 0.962037 0.969838 0.0313031 0.00284606 0.985755 0.994601 0.998149 0.956692 0.986823 0.00557997 0.0226183 0.00421731 0.00217614 0.00103928 0.00894443 0.010458 0.00440917 0.00723763 0.00532432 0.926064 0.00575317 0.00211224 0.00408053 0.986482 0.00275078 0.00195234 0.954549 0.00210988 0.00657446 0.00146091 0.0042123 0.00449118 0.0166424 0.0200544
0.992997 0.991489 0.995001 0.994421 0.976057 0.994844 0.992172 0.995932 0.0185675 0.990808 0.996016 0.98462 0.014147 0.146529 0.0238329 0.0375338 0.990352 0.995592 0.991983 0.995593 0.993985 0.989115 0.998049 0.995795 0.988756 0.99789 0.994281 0.00554781 0.995594 0.983758 0.0732532 0.0731079 0.994256 0.00864911 0.997524 0.981516 0.995594 0.975528 0.993832 0.994431 0.986537 0.0751258 0.982991 0.0869779 0.99782 0.996126 0.0126855 0.976207 0.995472 0.00569898 0.0103147 0.00297102 0.00530004 0.00394491 0.00636852 0.979788 0.9471 0.00779187 0.00210632 0.0154946 0.0583782 0.00702252 0.0802737 0.00218166 0.995806 0.00421382 0.962916 0.970466 0.0306636 0.00284348 0.985975 0.994633 0.998146 0.957684 0.98702 0.00554705 0.0222139 0.00420043 0.00218178 0.00104692 0.0088625 0.0103403 0.00439392 0.00717765 0.00529069 0.928117 0.0057134 0.00211454 0.00406738 0.986677 0.00275088 0.00195635 0.955603 0.00211235 0.00652571 0.00146744 0.00419741 0.004469 0.016391 0.019703
0.993057 0.99157 0.995036 0.994455 0.976508 0.994872 0.99224 0.995944 0.0182681 0.990904 0.996031 0.984835 0.0139223 0.142121 0.0233946 0.0366645 0.990453 0.995609 0.992064 0.995609 0.994026 0.989245 0.998046 0.99581 0.98889 0.997888 0.994312 0.00550832 0.99561 0.983993 0.0712254 0.0710733 0.994297 0.0085574 0.997525 0.98181 0.99561 0.975982 0.99388 0.994463 0.986714 0.0731514 0.983254 0.0845913 0.997814 0.996142 0.0125096 0.976612 0.995493 0.00565823 0.0101978 0.00296933 0.00526629 0.00392709 0.00632853 0.98016 0.948452 0.00772389 0.00210876 0.0152644 0.0569286 0.00695588 0.0781431 0.00218704 0.995821 0.00419792 0.963759 0.971086 0.0300485 0.00284127 0.98619 0.994666 0.998142 0.958649 0.987213 0.00551391 0.0218203 0.00418358 0.00218745 0.00105452 0.00878254 0.010224 0.00437869 0.00711793 0.00525692 0.9301 0.00567397 0.00211659 0.00405443 0.986867 0.00275113 0.00196015 0.95662 0.00211466 0.00647878 0.00147366 0.00418213 0.00444711 0.0161454 0.0193621
0.993118 0.991653 0.99507 0.994487 0.976945 0.9949 0.992309 0.995956 0.0179748 0.991001 0.996046 0.985048 0.0137046 0.137827 0.0229702 0.0358279 0.990553 0.995624 0.992143 0.995624 0.994067 0.989374 0.998042 0.995825 0.989022 0.997885 0.994344 0.00547056 0.995625 0.984226 0.06926 0.069109 0.994337 0.00846706 0.997526 0.982102 0.995624 0.976423 0.993927 0.994496 0.98689 0.0712491 0.983512 0.0822778 0.997809 0.996158 0.0123366 0.97701 0.995513 0.00561854 0.0100821 0.00296763 0.00523324 0.00390939 0.00628852 0.980522 0.94976 0.00765466 0.00211125 0.0150377 0.0555279 0.00689087 0.0760717 0.00219259 0.995838 0.00418293 0.964587 0.97168 0.0294392 0.00283916 0.986404 0.994699 0.998139 0.959587 0.987401 0.0054806 0.0214379 0.00416719 0.00219341 0.00106213 0.00870267 0.0101121 0.00436366 0.00705931 0.00522382 0.932026 0.00563463 0.00211915 0.00404277 0.987058 0.00275144 0.00196398 0.957611 0.00211745 0.00643211 0.00148005 0.00416651 0.00442545 0.0159058 0.0190286
0.993177 0.991734 0.995103 0.994519 0.977369 0.994927 0.992376 0.995967 0.0176909 0.991095 0.99606 0.985256 0.0134922 0.133663 0.0225565 0.0350114 0.990651 0.99564 0.992221 0.99564 0.994106 0.989502 0.998039 0.99584 0.989152 0.997883 0.994375 0.00543232 0.995641 0.984454 0.0673606 0.0672019 0.994376 0.0083789 0.997527 0.982386 0.995639 0.976855 0.993974 0.994529 0.987065 0.069399 0.983764 0.0800235 0.997803 0.996174 0.0121677 0.977402 0.995533 0.00557861 0.00996785 0.00296621 0.00520027 0.00389176 0.00624973 0.980871 0.951029 0.00758772 0.00211358 0.0148147 0.05415 0.00682628 0.0740483 0.00219836 0.995854 0.0041678 0.965397 0.972259 0.0288487 0.0028368 0.986611 0.994731 0.998135 0.960501 0.987586 0.00544778 0.0210631 0.00415101 0.00219944 0.00106967 0.00862478 0.0100015 0.0043476 0.00700226 0.00519008 0.933887 0.00559601 0.00212163 0.00403117 0.987246 0.0027524 0.00196771 0.958574 0.00211987 0.00638629 0.00148634 0.00415232 0.00440406 0.0156696 0.0186995
0.993235 0.991813 0.995137 0.994552 0.977784 0.994954 0.992444 0.995978 0.0174104 0.991188 0.996074 0.985461 0.0132829 0.129621 0.0221472 0.0342157 0.990748 0.995655 0.992298 0.995654 0.994145 0.989627 0.998036 0.995854 0.989279 0.997881 0.994407 0.00539422 0.995657 0.98468 0.0655102 0.0653549 0.994414 0.00829046 0.997528 0.982667 0.995654 0.977275 0.99402 0.994561 0.987236 0.0675953 0.984015 0.0778327 0.997797 0.996189 0.0120016 0.977782 0.995553 0.00553908 0.00985912 0.00296423 0.00516806 0.00387516 0.00621159 0.981216 0.952261 0.00752192 0.00211601 0.0145974 0.052826 0.0067618 0.0720885 0.00220388 0.99587 0.00415263 0.966177 0.97283 0.0282701 0.00283427 0.986812 0.994762 0.998132 0.961394 0.987766 0.00541616 0.0206985 0.00413491 0.00220538 0.00107732 0.00854792 0.00989074 0.00433236 0.00694641 0.00515802 0.935686 0.00555841 0.00212445 0.00401955 0.987432 0.00275294 0.0019716 0.959513 0.0021223 0.00634076 0.00149265 0.00413718 0.00438301 0.0154373 0.0183819
0.993291 0.991892 0.99517 0.994584 0.978193 0.99498 0.99251 0.995989 0.0171362 0.991279 0.996089 0.985662 0.0130781 0.125699 0.0217482 0.0334549 0.990843 0.995669 0.992373 0.995669 0.994184 0.98975 0.998033 0.995869 0.989404 0.997879 0.994438 0.00535643 0.995671 0.984898 0.0637157 0.0635641 0.994452 0.00820429 0.997528 0.982937 0.99567 0.977686 0.994064 0.994593 0.987403 0.0658375 0.984257 0.0757101 0.997791 0.996205 0.0118391 0.978158 0.995573 0.00549999 0.00975098 0.00296239 0.00513658 0.00385877 0.00617291 0.98155 0.953464 0.00745702 0.0021182 0.0143852 0.051524 0.00670028 0.0701979 0.00220982 0.995885 0.00413853 0.96694 0.973381 0.0277108 0.00283156 0.987011 0.994793 0.998129 0.962262 0.987942 0.00538486 0.0203394 0.00411901 0.00221125 0.00108485 0.00847203 0.00978196 0.00431787 0.00689018 0.00512544 0.93743 0.00551989 0.00212659 0.00400797 0.987611 0.00275341 0.00197549 0.960428 0.00212471 0.00629583 0.00149909 0.00412234 0.00436286 0.0152106 0.0180715
0.993347 0.991969 0.995201 0.994616 0.978593 0.995007 0.992574 0.996001 0.0168706 0.991369 0.996103 0.98586 0.012881 0.121894 0.021354 0.0327063 0.990936 0.995684 0.992446 0.995684 0.994223 0.989869 0.998029 0.995884 0.989527 0.997876 0.994467 0.0053192 0.995686 0.985113 0.0619817 0.0618241 0.994489 0.0081189 0.997529 0.983206 0.995685 0.978087 0.994108 0.994625 0.987567 0.064131 0.984492 0.0736502 0.997785 0.996219 0.0116787 0.978521 0.995592 0.00546188 0.0096437 0.00296087 0.00510543 0.0038413 0.00613534 0.98188 0.954631 0.00739236 0.00212068 0.0141726 0.0502677 0.00663872 0.0683456 0.00221511 0.995901 0.00412418 0.967684 0.973918 0.0271593 0.00282945 0.987207 0.994824 0.998125 0.963106 0.988117 0.00535335 0.0199885 0.00410336 0.00221701 0.00109276 0.00839586 0.00967866 0.0043034 0.00683401 0.00509326 0.939135 0.00548171 0.00212915 0.00399658 0.987785 0.00275439 0.0019795 0.961322 0.00212735 0.00625078 0.00150557 0.00410717 0.00434138 0.0149892 0.0177691
0.993402 0.992044 0.995233 0.994647 0.97898 0.995033 0.992639 0.996013 0.0166099 0.991457 0.996117 0.986055 0.0126862 0.118214 0.0209731 0.0319707 0.991029 0.995698 0.99252 0.995699 0.99426 0.989986 0.998025 0.995898 0.989648 0.997873 0.994497 0.00528376 0.995701 0.985324 0.0602947 0.0601562 0.994527 0.00803641 0.99753 0.98347 0.995701 0.978476 0.994152 0.994655 0.987729 0.0624701 0.984727 0.0716488 0.99778 0.996234 0.011521 0.978877 0.995611 0.00542471 0.00953686 0.002959 0.00507348 0.00382493 0.00609778 0.982199 0.955759 0.00732769 0.00212356 0.013968 0.0490486 0.00657962 0.0665556 0.00222068 0.995917 0.00411005 0.968402 0.974438 0.0266162 0.00282712 0.987397 0.994855 0.998121 0.963928 0.988285 0.00532346 0.0196451 0.00408753 0.00222253 0.00110067 0.00831967 0.00957426 0.00428902 0.00677919 0.00506202 0.940793 0.00544549 0.00213123 0.00398598 0.98796 0.00275486 0.00198342 0.962191 0.00212983 0.00620714 0.00151212 0.00409268 0.00432131 0.0147708 0.0174705
0.993457 0.992119 0.995264 0.994678 0.979359 0.995058 0.992702 0.996024 0.0163528 0.991545 0.996131 0.986246 0.0124943 0.114642 0.0205986 0.031261 0.99112 0.995713 0.992593 0.995714 0.994297 0.990104 0.998022 0.995912 0.989767 0.997871 0.994527 0.00524878 0.995715 0.985529 0.0586629 0.0585239 0.994563 0.00795396 0.99753 0.983722 0.995716 0.978859 0.994196 0.994686 0.987886 0.0608578 0.984955 0.0697074 0.997774 0.996248 0.0113676 0.979232 0.99563 0.0053874 0.00943245 0.00295718 0.00504224 0.00380919 0.00606081 0.982512 0.956854 0.00726453 0.00212561 0.0137647 0.0478659 0.00652119 0.0648203 0.00222642 0.995932 0.00409552 0.969104 0.97495 0.0260895 0.00282495 0.987585 0.994884 0.998117 0.964725 0.988453 0.00529351 0.0193078 0.00407149 0.00222828 0.00110869 0.00824729 0.00947148 0.00427399 0.0067251 0.0050316 0.942382 0.00540909 0.00213401 0.00397521 0.988128 0.00275561 0.00198722 0.963032 0.00213237 0.00616427 0.00151855 0.00407825 0.00430147 0.0145596 0.0171757
0.99351 0.99219 0.995295 0.994708 0.97973 0.995083 0.992764 0.996036 0.0161016 0.991632 0.996145 0.986433 0.0123086 0.111202 0.0202379 0.0305733 0.991211 0.995727 0.992663 0.995729 0.994335 0.990218 0.998018 0.995926 0.989883 0.997868 0.994557 0.00521359 0.995729 0.98573 0.0570807 0.0569571 0.994598 0.00787336 0.997531 0.983971 0.99573 0.979236 0.994239 0.994716 0.988039 0.0592997 0.985177 0.0678286 0.997769 0.996263 0.0112162 0.979578 0.995649 0.00535027 0.0093295 0.00295527 0.00501171 0.00379323 0.00602462 0.98282 0.957925 0.00720242 0.00212805 0.0135657 0.0467126 0.00646273 0.0631327 0.00223206 0.995947 0.00408128 0.969779 0.975452 0.0255791 0.00282286 0.987766 0.994913 0.998113 0.965502 0.988618 0.00526341 0.0189775 0.00405657 0.00223414 0.00111658 0.008176 0.00937093 0.00426027 0.00667212 0.00500139 0.943932 0.00537314 0.00213653 0.00396436 0.988295 0.00275667 0.00199124 0.96385 0.00213504 0.00612159 0.00152548 0.00406464 0.00428165 0.0143512 0.0168891
0.993563 0.992262 0.995326 0.994739 0.980087 0.995106 0.992826 0.996046 0.0158557 0.991717 0.996158 0.986617 0.0121257 0.107841 0.0198853 0.0299063 0.991301 0.995742 0.992734 0.995743 0.994371 0.990329 0.998015 0.99594 0.989997 0.997866 0.994585 0.00517898 0.995744 0.985933 0.0555504 0.0554248 0.994634 0.0077954 0.997532 0.984217 0.995745 0.9796 0.994282 0.994745 0.988192 0.0577832 0.985398 0.0660078 0.997763 0.996277 0.0110695 0.979915 0.995668 0.0053143 0.00922979 0.00295349 0.00498194 0.00377774 0.00598786 0.983118 0.958966 0.00714267 0.00213048 0.0133744 0.045591 0.00640596 0.0614872 0.00223798 0.995962 0.00406718 0.970442 0.975934 0.025084 0.00282102 0.987947 0.994942 0.99811 0.966259 0.988779 0.00523343 0.0186598 0.00404102 0.00223942 0.00112443 0.00810535 0.00927216 0.00424627 0.00662078 0.00497134 0.945429 0.00533781 0.0021395 0.0039535 0.988458 0.00275728 0.0019952 0.964657 0.00213727 0.00607923 0.00153203 0.00404998 0.00426199 0.0141468 0.0166096
0.993615 0.992333 0.995356 0.994769 0.980443 0.995131 0.992885 0.996057 0.0156173 0.991801 0.996172 0.986797 0.0119461 0.104605 0.0195336 0.0292526 0.991388 0.995756 0.992803 0.995757 0.994407 0.990438 0.998011 0.995954 0.99011 0.997863 0.994614 0.00514624 0.995758 0.986129 0.0540667 0.053945 0.994669 0.00771798 0.997533 0.984455 0.99576 0.979959 0.994323 0.994775 0.988344 0.0563108 0.98561 0.064244 0.997758 0.99629 0.0109263 0.980245 0.995687 0.00527888 0.00913156 0.00295168 0.00495206 0.00376289 0.00595237 0.983407 0.95997 0.00708351 0.00213325 0.0131865 0.0445003 0.00634871 0.0599013 0.00224373 0.995977 0.00405272 0.971088 0.976408 0.0245897 0.00281926 0.988121 0.994971 0.998106 0.966991 0.988937 0.00520335 0.0183436 0.00402575 0.00224481 0.0011324 0.00803439 0.0091758 0.00423169 0.00656947 0.00494178 0.946884 0.00530328 0.0021418 0.0039426 0.988616 0.00275771 0.00199917 0.965435 0.00213991 0.00603712 0.00153854 0.00403612 0.00424347 0.0139463 0.0163367
0.993666 0.992403 0.995385 0.994799 0.980791 0.995156 0.992945 0.996068 0.0153803 0.991884 0.996186 0.986973 0.0117696 0.101449 0.0191932 0.0286164 0.991472 0.99577 0.992871 0.995772 0.994443 0.990547 0.998007 0.995967 0.990221 0.997861 0.994642 0.00511244 0.995771 0.986322 0.0526354 0.0525111 0.994703 0.00764169 0.997534 0.984689 0.995774 0.980306 0.994365 0.994805 0.988488 0.0548799 0.98582 0.0625326 0.997752 0.996303 0.0107842 0.980568 0.995706 0.00524511 0.00903309 0.00295028 0.00492306 0.0037482 0.00591651 0.983688 0.960942 0.00702449 0.00213579 0.0130012 0.0434424 0.0062925 0.058362 0.00224941 0.995991 0.00403875 0.971712 0.976865 0.0241123 0.00281674 0.988289 0.994998 0.998102 0.967717 0.989089 0.00517372 0.0180373 0.00401048 0.00225054 0.0011404 0.00796646 0.00908025 0.00421823 0.00651901 0.00491189 0.948288 0.00526802 0.00214467 0.00393176 0.988771 0.00275844 0.00200314 0.966195 0.00214237 0.0059956 0.00154521 0.00402304 0.00422427 0.0137483 0.0160694
0.993715 0.992471 0.995415 0.994828 0.981129 0.99518 0.993004 0.996079 0.0151494 0.991964 0.996199 0.987147 0.0115981 0.0984105 0.0188616 0.0280012 0.991558 0.995783 0.992937 0.995786 0.994478 0.990651 0.998004 0.995981 0.990333 0.997858 0.994669 0.00507979 0.995785 0.986511 0.051244 0.0511222 0.994737 0.00756664 0.997534 0.984918 0.995788 0.980651 0.994405 0.994834 0.988631 0.0534992 0.986025 0.0608722 0.997746 0.996316 0.0106467 0.980884 0.995724 0.00521016 0.00893829 0.00294868 0.0048945 0.00373369 0.00588278 0.983966 0.961893 0.00696649 0.00213854 0.0128174 0.0424152 0.00623846 0.0568685 0.00225476 0.996005 0.00402548 0.972317 0.977315 0.0236483 0.00281535 0.988458 0.995025 0.998098 0.968408 0.989237 0.00514495 0.0177374 0.00399603 0.00225634 0.00114838 0.00789777 0.00898828 0.00420477 0.00646975 0.00488364 0.949651 0.00523362 0.0021472 0.0039218 0.988924 0.00275951 0.00200727 0.966931 0.00214486 0.00595569 0.00155183 0.00400915 0.00420495 0.0135564 0.0158111
0.993766 0.99254 0.995444 0.994858 0.981457 0.995204 0.993063 0.996089 0.0149224 0.992043 0.996212 0.987315 0.011429 0.0954645 0.0185361 0.0274013 0.99164 0.995797 0.993003 0.9958 0.994512 0.990754 0.998 0.995994 0.990439 0.997856 0.994697 0.00504721 0.995798 0.986694 0.0498894 0.0497705 0.994771 0.00749271 0.997534 0.985144 0.995801 0.980985 0.994446 0.994862 0.988771 0.0521424 0.986228 0.0592553 0.997741 0.99633 0.0105111 0.981193 0.995742 0.0051759 0.0088453 0.00294706 0.00486614 0.00371856 0.00584863 0.984236 0.96281 0.0069102 0.00214086 0.0126377 0.0414175 0.00618601 0.0554203 0.00226052 0.99602 0.00401203 0.972911 0.977752 0.0231966 0.00281393 0.988621 0.995052 0.998094 0.969088 0.989385 0.00511615 0.0174484 0.00398162 0.00226177 0.00115631 0.00783036 0.00889807 0.00419087 0.00642124 0.00485567 0.950979 0.00519966 0.00215017 0.00391141 0.989073 0.00275996 0.00201162 0.967648 0.00214732 0.00591623 0.00155842 0.00399599 0.00418666 0.0133676 0.0155549
0.993815 0.992607 0.995473 0.994886 0.981779 0.995227 0.99312 0.996099 0.0146989 0.992121 0.996225 0.987483 0.011267 0.0926225 0.0182156 0.0268207 0.991722 0.995811 0.993067 0.995814 0.994546 0.990856 0.997997 0.996008 0.990545 0.997853 0.994725 0.00501632 0.995811 0.986875 0.048576 0.0484644 0.994804 0.00742112 0.997535 0.985365 0.995815 0.981311 0.994485 0.994891 0.988909 0.0508343 0.986426 0.0576902 0.997735 0.996344 0.0103786 0.981497 0.99576 0.0051425 0.00875366 0.00294525 0.00483774 0.0037044 0.00581505 0.9845 0.963705 0.00685312 0.00214343 0.012463 0.0404504 0.00613344 0.0540168 0.00226597 0.996034 0.0039981 0.973483 0.978183 0.0227541 0.00281147 0.988782 0.995078 0.99809 0.969748 0.989529 0.00508826 0.0171613 0.00396746 0.00226787 0.00116439 0.00776358 0.00880678 0.00417734 0.00637196 0.00482718 0.952266 0.00516595 0.00215321 0.00390095 0.989218 0.00276049 0.00201594 0.968344 0.00215012 0.00587684 0.00156503 0.00398224 0.00416805 0.0131828 0.0153048
0.993862 0.992673 0.9955 0.994913 0.982094 0.995251 0.993177 0.99611 0.0144832 0.992198 0.996237 0.987647 0.0111072 0.0898727 0.017906 0.0262526 0.991802 0.995824 0.99313 0.995828 0.994579 0.990957 0.997993 0.996021 0.990651 0.99785 0.994752 0.00498442 0.995825 0.987052 0.0473139 0.0471974 0.994837 0.00735029 0.997536 0.98558 0.995829 0.981631 0.994525 0.99492 0.989046 0.0495682 0.986619 0.056174 0.997729 0.996357 0.0102492 0.981793 0.995778 0.0051091 0.00866359 0.00294389 0.00481045 0.00369036 0.00578117 0.984755 0.964569 0.00679708 0.00214593 0.0122932 0.0395065 0.00608124 0.0526437 0.00227175 0.996048 0.0039854 0.974044 0.978603 0.022329 0.00280992 0.988941 0.995105 0.998086 0.97039 0.989672 0.00506005 0.016882 0.00395382 0.00227355 0.00117247 0.00769849 0.00871685 0.00416411 0.00632453 0.00479975 0.95351 0.00513235 0.00215611 0.00389021 0.989363 0.00276126 0.00202029 0.96903 0.00215285 0.00583805 0.00157184 0.00396953 0.0041501 0.0129984 0.0150614
0.993909 0.992737 0.995527 0.994941 0.982401 0.995273 0.993232 0.99612 0.0142672 0.992273 0.99625 0.987809 0.0109496 0.0872077 0.0176029 0.0257039 0.991882 0.995838 0.993192 0.995841 0.994613 0.991057 0.99799 0.996034 0.990752 0.997847 0.994778 0.00495309 0.995838 0.987225 0.0460871 0.04597 0.994869 0.00727906 0.997536 0.985794 0.995842 0.981942 0.994563 0.994948 0.989179 0.0483455 0.986809 0.0546951 0.997724 0.99637 0.0101208 0.982082 0.995796 0.00507657 0.00857596 0.00294266 0.00478278 0.00367664 0.00574719 0.985007 0.965412 0.00674171 0.00214846 0.0121249 0.0385966 0.00603042 0.051314 0.0022778 0.996062 0.00397233 0.974586 0.979007 0.0219063 0.00280792 0.989093 0.99513 0.998082 0.97102 0.989812 0.00503253 0.0166072 0.00394045 0.00227908 0.00118066 0.00763396 0.00862923 0.00415081 0.00627793 0.00477248 0.954714 0.00509913 0.00215906 0.00388018 0.989505 0.00276197 0.00202455 0.969692 0.00215533 0.005799 0.0015784 0.00395637 0.00413215 0.0128184 0.0148246
0.993957 0.992801 0.995554 0.994968 0.982697 0.995296 0.993287 0.996129 0.0140578 0.992347 0.996262 0.987965 0.0107955 0.0846214 0.0173059 0.025164 0.991959 0.99585 0.993253 0.995855 0.994646 0.991154 0.997986 0.996047 0.990855 0.997844 0.994804 0.00492329 0.995851 0.987396 0.0449013 0.0447857 0.994901 0.00720949 0.997536 0.986 0.995857 0.982244 0.994602 0.994976 0.98931 0.0471515 0.986996 0.0532809 0.997718 0.996383 0.00999726 0.982364 0.995813 0.00504352 0.00848841 0.00294091 0.00475502 0.00366294 0.00571455 0.985253 0.96623 0.00668737 0.00215092 0.0119592 0.0377076 0.00598028 0.050034 0.0022837 0.996075 0.00395863 0.975115 0.979402 0.0214985 0.00280626 0.989246 0.995156 0.998078 0.97163 0.989949 0.00500467 0.0163389 0.00392549 0.00228431 0.00118866 0.00757091 0.00854333 0.00413769 0.00623183 0.00474541 0.955883 0.00506688 0.00216197 0.00387011 0.989644 0.00276214 0.00202867 0.970338 0.00215787 0.00576091 0.00158524 0.00394314 0.00411482 0.0126447 0.0145922
0.994003 0.992864 0.995581 0.994995 0.982992 0.995318 0.993341 0.99614 0.0138566 0.99242 0.996275 0.988121 0.0106439 0.0821226 0.017016 0.0246432 0.992035 0.995863 0.993313 0.995868 0.994679 0.99125 0.997982 0.996061 0.990953 0.997841 0.994829 0.00489411 0.995864 0.987564 0.0437498 0.0436354 0.994932 0.00714203 0.997537 0.986202 0.99587 0.982542 0.994639 0.995004 0.989438 0.0459909 0.987179 0.0518971 0.997713 0.996395 0.00987372 0.98264 0.995831 0.00501331 0.0084021 0.00293918 0.00472855 0.00364982 0.00568248 0.985494 0.967024 0.00663348 0.00215336 0.0117978 0.0368434 0.0059308 0.0487817 0.00228922 0.99609 0.0039454 0.975635 0.979791 0.0210996 0.00280419 0.989391 0.995181 0.998074 0.972221 0.99008 0.00497824 0.0160808 0.00391212 0.00228973 0.00119667 0.00750961 0.00845857 0.00412451 0.00618801 0.00471872 0.957009 0.00503431 0.00216497 0.00386022 0.989779 0.00276273 0.00203292 0.970958 0.00216063 0.00572328 0.00159196 0.00393023 0.00409751 0.0124721 0.0143638
0.994047 0.992926 0.995608 0.995022 0.983278 0.995341 0.993394 0.99615 0.0136566 0.992491 0.996287 0.988274 0.010496 0.0797071 0.0167371 0.0241326 0.992109 0.995876 0.993373 0.995881 0.994711 0.991344 0.997978 0.996073 0.991051 0.997838 0.994856 0.00486395 0.995876 0.987727 0.0426302 0.0425167 0.994963 0.00707629 0.997537 0.986401 0.995883 0.982832 0.994677 0.995031 0.989563 0.0448665 0.987357 0.0505606 0.997707 0.996408 0.00975451 0.98291 0.995848 0.00498154 0.00831634 0.00293826 0.00470212 0.00363657 0.00565062 0.985726 0.967794 0.00658022 0.00215606 0.0116394 0.036005 0.00588161 0.0475712 0.00229443 0.996103 0.00393316 0.976142 0.980165 0.0207082 0.0028026 0.989536 0.995207 0.99807 0.972802 0.990211 0.00495087 0.0158244 0.00389873 0.00229517 0.00120474 0.00744936 0.00837477 0.00411102 0.00614283 0.00469286 0.958102 0.00500313 0.00216746 0.00384997 0.989913 0.00276327 0.00203684 0.971566 0.00216303 0.00568593 0.00159838 0.0039178 0.00407977 0.0123055 0.0141409
0.994092 0.992988 0.995634 0.995049 0.983557 0.995363 0.993447 0.996159 0.0134601 0.992562 0.9963 0.988425 0.0103526 0.0773736 0.0164607 0.0236372 0.992182 0.995888 0.993431 0.995895 0.994742 0.991435 0.997974 0.996086 0.991147 0.997835 0.994882 0.00483553 0.995888 0.987887 0.0415519 0.041433 0.994993 0.00701156 0.997538 0.986595 0.995897 0.983119 0.994712 0.995057 0.98969 0.0437709 0.987532 0.0492658 0.997702 0.99642 0.00963646 0.983176 0.995865 0.00495163 0.0082334 0.0029369 0.00467541 0.00362353 0.00561967 0.985957 0.968537 0.00652877 0.00215887 0.0114838 0.0351853 0.00583392 0.0464046 0.00229986 0.996116 0.00392034 0.97663 0.980527 0.0203275 0.00280095 0.989678 0.99523 0.998066 0.973366 0.990337 0.0049237 0.0155741 0.00388545 0.00230042 0.00121297 0.00739015 0.00829305 0.00409699 0.00609971 0.00466661 0.959159 0.00497281 0.00217061 0.00384014 0.990042 0.00276375 0.00204117 0.972163 0.00216571 0.00564905 0.00160521 0.00390528 0.00406235 0.0121431 0.0139248
0.994136 0.993048 0.995659 0.995075 0.983826 0.995385 0.993499 0.996169 0.0132683 0.992631 0.996312 0.988572 0.0102083 0.0751063 0.0161888 0.0231599 0.992254 0.9959 0.993488 0.995907 0.994774 0.991527 0.99797 0.996099 0.991241 0.997832 0.994908 0.00480723 0.9959 0.988045 0.0405068 0.040393 0.995023 0.00694715 0.997538 0.986786 0.99591 0.983396 0.994749 0.995084 0.989812 0.0427111 0.987703 0.0480118 0.997696 0.996432 0.00952101 0.983436 0.995882 0.00492104 0.00815206 0.00293611 0.00464965 0.0036102 0.00558798 0.986182 0.969261 0.00647881 0.00216115 0.0113303 0.0343904 0.00578688 0.045265 0.00230554 0.99613 0.00390767 0.977108 0.980884 0.0199522 0.00279919 0.989818 0.995254 0.998062 0.973916 0.990463 0.004898 0.0153282 0.0038712 0.0023056 0.00122131 0.00732919 0.00821361 0.00408418 0.00605631 0.00464064 0.960189 0.00494193 0.00217363 0.00383097 0.990169 0.00276404 0.00204485 0.972736 0.00216802 0.00561243 0.00161206 0.00389283 0.00404503 0.0119833 0.0137112
0.994178 0.993105 0.995684 0.995101 0.984095 0.995407 0.993549 0.996179 0.0130811 0.9927 0.996324 0.988715 0.0100713 0.0729274 0.0159247 0.0226889 0.992326 0.995912 0.993543 0.99592 0.994804 0.991617 0.997967 0.996112 0.991334 0.997829 0.994932 0.00477872 0.995913 0.988198 0.0394913 0.0393792 0.995053 0.00688411 0.997538 0.986972 0.995924 0.983667 0.994784 0.99511 0.989933 0.0416795 0.987868 0.0467841 0.997691 0.996445 0.00940817 0.983688 0.995898 0.00489091 0.0080717 0.0029352 0.00462364 0.00359761 0.00555724 0.9864 0.969964 0.0064293 0.00216379 0.0111808 0.0336134 0.00574074 0.0441516 0.00231118 0.996143 0.00389401 0.977568 0.981233 0.0195895 0.00279708 0.989953 0.995277 0.998058 0.974448 0.990586 0.00487254 0.0150895 0.00385833 0.00231114 0.00122936 0.00726935 0.00813399 0.00407185 0.0060126 0.00461556 0.961192 0.00491138 0.00217649 0.00382124 0.990295 0.00276545 0.00204902 0.973303 0.00217019 0.00557655 0.00161911 0.00388105 0.00402827 0.0118243 0.0135012
0.994221 0.993163 0.995709 0.995127 0.984356 0.995428 0.993599 0.996189 0.0128953 0.992767 0.996336 0.988855 0.00993636 0.0708239 0.0156667 0.0222327 0.992397 0.995924 0.993599 0.995933 0.994835 0.991704 0.997963 0.996124 0.991424 0.997826 0.994957 0.00475163 0.995925 0.988348 0.038511 0.0383967 0.995083 0.00682187 0.997539 0.987156 0.995937 0.983932 0.994819 0.995137 0.990051 0.0406767 0.988032 0.0456006 0.997685 0.996456 0.00929663 0.983937 0.995914 0.00486112 0.00799168 0.00293418 0.00459808 0.00358462 0.00552587 0.986614 0.97065 0.00637948 0.00216599 0.0110336 0.0328607 0.0056962 0.043084 0.0023166 0.996156 0.00388171 0.978018 0.98157 0.0192334 0.00279519 0.990086 0.995299 0.998055 0.974967 0.990706 0.00484663 0.014856 0.00384492 0.00231646 0.00123758 0.00721085 0.00805647 0.00405908 0.00597003 0.00459101 0.962154 0.00488112 0.00217938 0.00381139 0.990418 0.00276593 0.00205307 0.973849 0.002173 0.00554107 0.00162596 0.00386905 0.00401192 0.0116714 0.0132982
0.994263 0.993221 0.995734 0.995152 0.984614 0.995448 0.993649 0.996198 0.0127171 0.992834 0.996348 0.988995 0.00980289 0.0687869 0.0154134 0.0217881 0.992467 0.995936 0.993654 0.995945 0.994866 0.99179 0.997959 0.996136 0.991512 0.997823 0.99498 0.00472443 0.995937 0.988496 0.0375569 0.0374409 0.995112 0.00676106 0.997539 0.987334 0.99595 0.984189 0.994854 0.995162 0.990166 0.0397085 0.988192 0.044461 0.99768 0.996468 0.0091881 0.984182 0.995931 0.00483161 0.00791458 0.00293278 0.00457368 0.00357244 0.00549625 0.986823 0.971315 0.00632917 0.00216865 0.0108906 0.0321387 0.0056518 0.0420446 0.00232155 0.996169 0.00387022 0.978453 0.981901 0.0188887 0.002793 0.990217 0.995322 0.998051 0.975476 0.990824 0.00482155 0.0146271 0.00383264 0.00232168 0.00124562 0.0071535 0.0079813 0.00404657 0.00592792 0.0045662 0.963094 0.00485238 0.00218222 0.00380247 0.990539 0.00276652 0.00205719 0.974381 0.0021752 0.00550605 0.00163269 0.00385668 0.00399538 0.0115225 0.0131008
0.994304 0.993278 0.995758 0.995176 0.984863 0.995468 0.993698 0.996206 0.0125401 0.992899 0.996359 0.98913 0.00967303 0.0668126 0.0151673 0.0213554 0.992537 0.995949 0.993707 0.995957 0.994895 0.991875 0.997955 0.996149 0.991599 0.99782 0.995004 0.00469756 0.995949 0.988643 0.0366322 0.0365156 0.995141 0.00670159 0.997539 0.987509 0.995962 0.98444 0.994888 0.995187 0.990279 0.0387652 0.988348 0.0433492 0.997675 0.996479 0.00908047 0.984418 0.995947 0.00480261 0.00783788 0.00293171 0.00454903 0.00356012 0.00546659 0.987028 0.971957 0.00628067 0.00217111 0.0107506 0.0314283 0.00560817 0.0410273 0.00232694 0.996181 0.00385813 0.978879 0.982222 0.0185532 0.00279101 0.990345 0.995345 0.998047 0.975969 0.990939 0.0047967 0.0144044 0.00382028 0.00232681 0.0012538 0.00709795 0.00790547 0.00403394 0.00588686 0.00454159 0.964007 0.00482305 0.00218515 0.00379275 0.990656 0.00276713 0.00206106 0.974898 0.00217787 0.00547068 0.00163951 0.00384505 0.00397845 0.0113734 0.0129071
0.994344 0.993336 0.995783 0.995202 0.985108 0.995488 0.993746 0.996215 0.0123666 0.992963 0.996371 0.989263 0.00954636 0.0649034 0.0149297 0.0209317 0.992603 0.995961 0.99376 0.99597 0.994924 0.991957 0.997952 0.996161 0.991684 0.997817 0.995028 0.00467099 0.995961 0.988786 0.0357325 0.0356198 0.995169 0.00664278 0.997539 0.987679 0.995974 0.984687 0.994921 0.995212 0.99039 0.0378514 0.988501 0.0422744 0.99767 0.99649 0.00897626 0.98465 0.995963 0.00477478 0.00776374 0.00293053 0.00452416 0.00354819 0.00543699 0.987225 0.972585 0.00623316 0.00217409 0.0106128 0.0307409 0.00556517 0.0400466 0.00233211 0.996194 0.00384535 0.979293 0.982536 0.0182254 0.00278885 0.99047 0.995368 0.998044 0.976451 0.991051 0.00477221 0.0141814 0.00380744 0.00233229 0.00126217 0.00704104 0.00783079 0.0040215 0.00584685 0.00451716 0.964889 0.00479468 0.00218843 0.00378337 0.990772 0.00276792 0.002065 0.975404 0.00218045 0.0054365 0.00164625 0.00383311 0.0039628 0.01123 0.0127172
0.994383 0.99339 0.995806 0.995225 0.985347 0.995508 0.993793 0.996224 0.0121978 0.993027 0.996382 0.989396 0.00942286 0.0630654 0.0146948 0.0205181 0.99267 0.995972 0.993813 0.995983 0.994953 0.992038 0.997948 0.996173 0.991768 0.997814 0.995052 0.00464482 0.995973 0.988924 0.0348593 0.0347507 0.995198 0.00658427 0.997539 0.987846 0.995987 0.98493 0.994953 0.995236 0.990498 0.0369693 0.988653 0.0412338 0.997664 0.996501 0.00887369 0.984878 0.995979 0.00474687 0.00768959 0.00292978 0.00449931 0.003536 0.00540744 0.987419 0.973195 0.00618486 0.00217684 0.0104798 0.0300747 0.00552266 0.0390976 0.00233752 0.996206 0.00383323 0.979696 0.982841 0.0179053 0.00278682 0.990593 0.995389 0.99804 0.976919 0.991163 0.00474714 0.0139679 0.00379433 0.00233801 0.00127039 0.00698654 0.00775683 0.00400991 0.00580685 0.00449299 0.965743 0.00476647 0.0021913 0.00377426 0.990885 0.00276858 0.00206922 0.975896 0.00218286 0.00540226 0.00165281 0.00382185 0.00394748 0.0110878 0.0125294
0.994421 0.993444 0.995829 0.995249 0.98558 0.995528 0.99384 0.996233 0.0120326 0.99309 0.996392 0.989527 0.00929956 0.0612869 0.0144657 0.0201202 0.992736 0.995984 0.993864 0.995996 0.994982 0.992117 0.997944 0.996185 0.991853 0.99781 0.995075 0.0046192 0.995984 0.989062 0.0340181 0.0339101 0.995225 0.00652674 0.99754 0.98801 0.995999 0.985166 0.994986 0.99526 0.990606 0.0361036 0.988801 0.0402205 0.997659 0.996513 0.00877352 0.9851 0.995995 0.00471869 0.00761716 0.00292866 0.00447561 0.00352425 0.0053772 0.987609 0.973787 0.00613851 0.00217927 0.0103482 0.0294208 0.00548096 0.0381706 0.00234265 0.996219 0.00382128 0.980089 0.98314 0.0175924 0.00278513 0.990713 0.995412 0.998036 0.977372 0.991272 0.0047233 0.0137583 0.00378267 0.00234321 0.00127885 0.00693281 0.00768436 0.00399745 0.00576732 0.00446934 0.966582 0.00473808 0.00219443 0.00376552 0.990995 0.00276998 0.00207317 0.976375 0.00218563 0.00536869 0.00165926 0.00380984 0.00393222 0.0109491 0.0123474
0.994461 0.993498 0.995851 0.995275 0.985807 0.995549 0.993885 0.996241 0.0118682 0.993152 0.996404 0.989652 0.00918078 0.0595689 0.0142389 0.019725 0.992801 0.995995 0.993914 0.996008 0.995011 0.992196 0.99794 0.996196 0.991934 0.997807 0.995099 0.00459382 0.995995 0.989197 0.0332001 0.0330925 0.995252 0.00647053 0.997539 0.988173 0.996011 0.985396 0.995019 0.995285 0.990711 0.0352673 0.988949 0.0392369 0.997653 0.996524 0.00867474 0.985321 0.99601 0.00469058 0.00754639 0.00292724 0.00445308 0.00351315 0.00534864 0.987795 0.974359 0.00609265 0.00218193 0.0102198 0.028787 0.00543869 0.0372722 0.00234773 0.99623 0.00380985 0.980473 0.983432 0.0172895 0.00278353 0.990833 0.995433 0.998032 0.977811 0.99138 0.0046989 0.0135564 0.00377071 0.00234829 0.00128709 0.00687878 0.00761444 0.00398522 0.0057282 0.00444624 0.967382 0.00471012 0.00219749 0.00375645 0.991106 0.00277066 0.00207727 0.97684 0.0021881 0.00533548 0.00166608 0.0037977 0.00391672 0.0108117 0.012168
0.994499 0.99355 0.995873 0.995298 0.986028 0.995568 0.993929 0.99625 0.0117099 0.993212 0.996414 0.989775 0.0090624 0.0579132 0.0140177 0.0193477 0.992864 0.996006 0.993964 0.99602 0.995038 0.992273 0.997937 0.996208 0.992016 0.997804 0.995122 0.00456867 0.996006 0.989329 0.0324012 0.0323013 0.995279 0.0064155 0.997539 0.98833 0.996023 0.985621 0.995051 0.995308 0.990815 0.0344582 0.989093 0.0382831 0.997648 0.996534 0.00857793 0.985533 0.996026 0.00466354 0.00747637 0.00292609 0.00443092 0.0035022 0.00532114 0.987978 0.974922 0.00604806 0.00218438 0.0100938 0.0281731 0.00539887 0.036399 0.00235288 0.996242 0.0037982 0.980846 0.983718 0.0169914 0.00278219 0.990948 0.995453 0.998028 0.978242 0.991485 0.0046758 0.0133592 0.0037584 0.00235323 0.00129539 0.00682599 0.00754496 0.00397275 0.00568984 0.00442293 0.968158 0.00468342 0.00220074 0.00374774 0.991213 0.00277079 0.00208142 0.977291 0.00219062 0.00530344 0.00167266 0.00378641 0.0039014 0.0106784 0.0119918
0.994538 0.993601 0.995895 0.995321 0.986245 0.995587 0.993974 0.996259 0.0115521 0.993272 0.996425 0.989898 0.00894841 0.0563197 0.0138032 0.0189796 0.992926 0.996018 0.994012 0.996032 0.995066 0.992348 0.997933 0.996219 0.992095 0.997801 0.995144 0.00454349 0.996017 0.989458 0.0316345 0.0315325 0.995306 0.00636131 0.99754 0.988486 0.996035 0.985843 0.995083 0.995331 0.990917 0.03367 0.989233 0.037362 0.997642 0.996546 0.00848308 0.98574 0.99604 0.00463648 0.00740835 0.00292466 0.00440913 0.00349173 0.00529354 0.988157 0.975465 0.00600397 0.00218638 0.00997056 0.0275777 0.00535927 0.0355584 0.00235793 0.996254 0.00378667 0.981211 0.983994 0.0167033 0.00278061 0.991061 0.995475 0.998024 0.978662 0.991588 0.00465236 0.0131631 0.00374646 0.00235825 0.00130386 0.00677468 0.00747631 0.00396134 0.00565159 0.00440105 0.968907 0.00465706 0.00220331 0.00373886 0.991317 0.00277151 0.00208555 0.97773 0.00219348 0.00527174 0.00167944 0.00377497 0.00388651 0.0105463 0.0118208
0.994575 0.993652 0.995916 0.995344 0.986458 0.995605 0.994018 0.996268 0.0113976 0.99333 0.996435 0.990016 0.00883644 0.0547694 0.0135926 0.0186244 0.992987 0.996029 0.994059 0.996044 0.995094 0.992422 0.997929 0.996231 0.992175 0.997798 0.995166 0.00451954 0.996028 0.989586 0.0308873 0.030788 0.995331 0.00630801 0.997539 0.988637 0.996047 0.986059 0.995113 0.995354 0.991017 0.0329099 0.989371 0.0364724 0.997637 0.996557 0.00839021 0.985945 0.996054 0.00461037 0.00734002 0.00292364 0.00438649 0.00348046 0.005266 0.988332 0.97599 0.00595983 0.00218898 0.00984926 0.026998 0.00531983 0.0347354 0.00236275 0.996266 0.00377468 0.981566 0.984266 0.0164161 0.00277909 0.991171 0.995495 0.99802 0.979071 0.99169 0.0046293 0.0129726 0.00373463 0.00236316 0.00131215 0.00672515 0.00740794 0.00394885 0.00561407 0.00437875 0.969635 0.00463082 0.00220609 0.0037304 0.99142 0.00277245 0.00208961 0.978159 0.00219593 0.00523907 0.00168565 0.00376352 0.00387186 0.010418 0.0116554
0.994612 0.993702 0.995939 0.995367 0.986664 0.995623 0.99406 0.996276 0.011248 0.993387 0.996445 0.990133 0.00872667 0.0532677 0.0133869 0.0182765 0.993047 0.996041 0.994107 0.996056 0.995121 0.992493 0.997926 0.996242 0.992252 0.997796 0.995187 0.00449545 0.996039 0.98971 0.0301587 0.0300675 0.995356 0.0062564 0.99754 0.988785 0.996059 0.986267 0.995143 0.995378 0.991114 0.0321681 0.989507 0.0356048 0.997632 0.996567 0.00829904 0.986144 0.996069 0.00458449 0.00727294 0.00292245 0.00436485 0.00347007 0.00523847 0.988501 0.976499 0.00591748 0.00219151 0.00972884 0.0264322 0.00528147 0.0339386 0.00236794 0.996278 0.00376388 0.981909 0.98453 0.0161386 0.0027778 0.991278 0.995515 0.998016 0.979469 0.99179 0.00460684 0.0127866 0.00372326 0.00236862 0.00132061 0.00667449 0.00734267 0.0039372 0.00557797 0.0043573 0.970348 0.00460409 0.00220895 0.00372195 0.99152 0.00277313 0.00209346 0.978577 0.00219832 0.00520926 0.00169213 0.00375289 0.00385678 0.0102922 0.0114929
0.994648 0.993751 0.99596 0.99539 0.986867 0.995642 0.994103 0.996285 0.0111011 0.993444 0.996456 0.990247 0.00862099 0.0518093 0.0131839 0.017935 0.993106 0.996052 0.994154 0.996068 0.995147 0.992565 0.997922 0.996253 0.992327 0.997792 0.995208 0.0044714 0.99605 0.989832 0.029459 0.02937 0.995382 0.00620526 0.99754 0.98893 0.99607 0.986471 0.995174 0.9954 0.991209 0.0314477 0.989638 0.0347598 0.997627 0.996577 0.00821047 0.986341 0.996083 0.00455966 0.00720746 0.00292146 0.00434322 0.00345954 0.00521119 0.988666 0.976996 0.00587545 0.00219415 0.00961232 0.0258768 0.00524322 0.0331683 0.00237283 0.996289 0.00375319 0.982244 0.984789 0.0158667 0.00277646 0.991385 0.995535 0.998012 0.979858 0.991887 0.00458414 0.0126017 0.0037122 0.0023737 0.00132882 0.00662545 0.00727682 0.00392538 0.00554218 0.00433522 0.971037 0.004578 0.00221197 0.0037136 0.99162 0.00277387 0.00209764 0.978981 0.00220087 0.00517813 0.00169864 0.00374203 0.0038427 0.0101671 0.0113333
0.994683 0.993799 0.995981 0.995411 0.987062 0.99566 0.994146 0.996293 0.0109565 0.993499 0.996466 0.990359 0.00851613 0.0504102 0.0129858 0.0176066 0.993165 0.996062 0.9942 0.996081 0.995173 0.992635 0.997918 0.996264 0.992401 0.997789 0.995229 0.0044485 0.99606 0.989954 0.0287758 0.028689 0.995406 0.00615396 0.99754 0.989073 0.996082 0.986671 0.995204 0.995423 0.991303 0.0307492 0.989766 0.0339473 0.997622 0.996587 0.00812293 0.986535 0.996098 0.00453501 0.00714282 0.00292079 0.00432174 0.00344926 0.00518498 0.98883 0.977478 0.0058332 0.00219673 0.00949628 0.0253424 0.00520643 0.0324141 0.00237805 0.996301 0.00374173 0.982569 0.98504 0.0156054 0.00277463 0.991488 0.995556 0.998008 0.980237 0.991982 0.0045621 0.0124205 0.00370071 0.00237872 0.00133711 0.006576 0.00721236 0.00391397 0.00550636 0.00431368 0.9717 0.00455179 0.00221503 0.00370532 0.991717 0.00277486 0.00210152 0.979379 0.00220332 0.00514758 0.00170532 0.00373142 0.00382877 0.0100459 0.011176
0.994718 0.993846 0.996002 0.995433 0.987256 0.995678 0.994188 0.996301 0.0108173 0.993554 0.996477 0.990471 0.00841277 0.0490451 0.0127953 0.017285 0.993222 0.996073 0.994243 0.996093 0.995199 0.992705 0.997915 0.996275 0.992474 0.997786 0.99525 0.00442501 0.99607 0.990072 0.0281169 0.0280309 0.995431 0.00610421 0.99754 0.989211 0.996093 0.986869 0.995233 0.995445 0.991397 0.030066 0.989891 0.0331519 0.997617 0.996598 0.00803691 0.986723 0.996112 0.00451113 0.00707948 0.00291996 0.00430051 0.0034388 0.00515881 0.98899 0.977944 0.00579178 0.00219949 0.00938451 0.0248231 0.00517082 0.031685 0.00238341 0.996312 0.00373159 0.982885 0.985287 0.0153455 0.00277316 0.99159 0.995575 0.998005 0.980605 0.992075 0.00454039 0.012244 0.0036901 0.0023839 0.00134541 0.00652671 0.00714861 0.0039028 0.0054713 0.00429318 0.972344 0.0045271 0.00221794 0.003697 0.991812 0.00277586 0.00210584 0.979764 0.00220559 0.00511803 0.00171178 0.00372065 0.00381517 0.00992635 0.011023
0.994751 0.993891 0.996023 0.995454 0.987445 0.995696 0.994228 0.99631 0.0106795 0.993608 0.996486 0.990579 0.00831213 0.0477293 0.0126054 0.0169687 0.993278 0.996082 0.994288 0.996104 0.995225 0.992774 0.997911 0.996287 0.992547 0.997782 0.995271 0.00440178 0.996081 0.990188 0.0274782 0.0273949 0.995455 0.00605587 0.99754 0.989345 0.996104 0.987062 0.995262 0.995467 0.991488 0.0294037 0.990015 0.0323753 0.997611 0.996607 0.00795398 0.986909 0.996126 0.00448765 0.00701779 0.00291831 0.00428063 0.00342822 0.00513272 0.989145 0.9784 0.00575128 0.00220226 0.00927607 0.0243163 0.00513358 0.0309788 0.00238859 0.996322 0.00372088 0.983194 0.985525 0.0150922 0.00277134 0.99169 0.995595 0.998001 0.98096 0.992167 0.00451838 0.012071 0.0036791 0.00238934 0.00135373 0.00647996 0.00708513 0.00389146 0.00543735 0.00427256 0.972968 0.0045025 0.00222118 0.00368942 0.991906 0.00277651 0.00210969 0.980141 0.00220799 0.0050885 0.0017186 0.00370928 0.00380206 0.00980867 0.0108706
0.994784 0.993938 0.996042 0.995475 0.98763 0.995713 0.994268 0.996318 0.0105443 0.993662 0.996496 0.990685 0.00821401 0.0464582 0.0124209 0.0166635 0.993334 0.996093 0.994332 0.996116 0.99525 0.992841 0.997907 0.996297 0.992618 0.997779 0.995291 0.00437877 0.996091 0.990301 0.0268532 0.0267759 0.995478 0.00600839 0.99754 0.989478 0.996115 0.987252 0.99529 0.995488 0.991576 0.0287537 0.990137 0.0316298 0.997607 0.996618 0.00787124 0.987088 0.996141 0.00446446 0.00695638 0.00291767 0.00426061 0.00341839 0.00510722 0.989298 0.978844 0.00571216 0.00220476 0.00916739 0.0238278 0.0050979 0.0302899 0.00239367 0.996333 0.00371003 0.983495 0.985762 0.0148472 0.00276981 0.991788 0.995614 0.997997 0.981309 0.992256 0.00449713 0.0119013 0.0036684 0.00239417 0.00136199 0.00643285 0.00702391 0.00388075 0.00540283 0.00425197 0.973579 0.00447725 0.00222392 0.0036813 0.991998 0.00277658 0.00211364 0.98051 0.00221061 0.00505896 0.00172533 0.00369805 0.00378873 0.00969398 0.0107241
0.994817 0.993982 0.996063 0.995497 0.987812 0.99573 0.994308 0.996325 0.0104097 0.993714 0.996506 0.99079 0.0081159 0.0452298 0.012242 0.0163636 0.993389 0.996103 0.994375 0.996128 0.995274 0.992907 0.997903 0.996307 0.992687 0.997776 0.995312 0.00435628 0.996101 0.990413 0.0262506 0.0261799 0.995501 0.00596044 0.99754 0.98961 0.996127 0.987435 0.995318 0.995509 0.991662 0.0281327 0.990255 0.0309087 0.997601 0.996627 0.00779013 0.987264 0.996154 0.0044415 0.00689615 0.00291682 0.00423985 0.00340868 0.00508205 0.989446 0.979275 0.00567212 0.00220714 0.00906126 0.0233481 0.0050625 0.0296245 0.00239865 0.996344 0.00369921 0.983791 0.98599 0.0146093 0.00276877 0.991884 0.995633 0.997993 0.98165 0.992344 0.00447593 0.0117339 0.00365793 0.00239984 0.00137007 0.00638623 0.00696317 0.00386946 0.00536974 0.00423121 0.97417 0.00445392 0.00222652 0.00367269 0.992087 0.0027769 0.00211736 0.980869 0.00221293 0.00503028 0.00173215 0.00368727 0.00377549 0.00958011 0.0105807
0.99485 0.994028 0.996082 0.995519 0.987988 0.995747 0.994347 0.996333 0.0102795 0.993766 0.996516 0.990891 0.00802003 0.0440398 0.0120669 0.0160715 0.993443 0.996113 0.994417 0.996139 0.9953 0.992973 0.9979 0.996318 0.992754 0.997773 0.995332 0.00433491 0.996111 0.990522 0.025659 0.025598 0.995524 0.00591337 0.99754 0.989738 0.996137 0.987614 0.995346 0.99553 0.991748 0.0275278 0.990373 0.0302041 0.997596 0.996637 0.0077117 0.987437 0.996168 0.00441887 0.00683712 0.00291667 0.00421961 0.0033994 0.00505695 0.989591 0.979693 0.00563309 0.00220969 0.00895512 0.0228812 0.00502856 0.0289757 0.00240361 0.996354 0.00368871 0.984079 0.986215 0.0143745 0.00276737 0.991978 0.995651 0.997989 0.981982 0.992429 0.00445563 0.0115716 0.00364712 0.00240453 0.00137828 0.00634064 0.00690442 0.00385906 0.00533787 0.00421097 0.974744 0.00443084 0.00222959 0.00366473 0.992175 0.00277739 0.00212149 0.981216 0.00221542 0.00500146 0.00173882 0.00367722 0.00376287 0.00947049 0.0104396
0.994883 0.994072 0.996101 0.99554 0.98816 0.995763 0.994386 0.99634 0.0101515 0.993817 0.996525 0.990993 0.00792617 0.0428886 0.0118941 0.015789 0.993496 0.996123 0.994459 0.99615 0.995324 0.993036 0.997896 0.996328 0.992822 0.99777 0.995352 0.00431258 0.99612 0.990628 0.0250927 0.0250326 0.995547 0.00586627 0.99754 0.989863 0.996148 0.98779 0.995373 0.995551 0.991832 0.0269374 0.990486 0.0295244 0.997591 0.996646 0.0076335 0.987606 0.996181 0.00439663 0.00677895 0.00291552 0.00419887 0.00338994 0.00503182 0.989733 0.980102 0.00559416 0.00221208 0.00885289 0.0224309 0.00499469 0.0283495 0.00240897 0.996365 0.00367857 0.984358 0.986435 0.0141486 0.00276581 0.992069 0.995669 0.997985 0.982305 0.992514 0.00443511 0.0114142 0.00363659 0.00240962 0.00138666 0.00629588 0.00684566 0.00384758 0.00530422 0.00419221 0.975298 0.00440689 0.00223243 0.00365698 0.992262 0.00277821 0.00212559 0.981557 0.0022179 0.00497358 0.0017459 0.00366742 0.00374965 0.00936106 0.0103017
0.994915 0.994115 0.99612 0.99556 0.988329 0.995781 0.994424 0.996348 0.0100278 0.993867 0.996534 0.991093 0.00783479 0.0417702 0.0117243 0.0155114 0.993549 0.996133 0.994499 0.996161 0.995348 0.993098 0.997892 0.996339 0.992889 0.997767 0.995371 0.00429195 0.996131 0.990734 0.0245389 0.024486 0.995569 0.00582098 0.997541 0.989985 0.996159 0.98796 0.9954 0.995571 0.991915 0.0263659 0.9906 0.0288642 0.997586 0.996655 0.00755684 0.987772 0.996194 0.00437446 0.00672176 0.00291458 0.00417925 0.00338046 0.00500784 0.989872 0.980498 0.00555634 0.00221447 0.00875379 0.0219901 0.00496091 0.0277372 0.00241385 0.996376 0.00366792 0.984628 0.986649 0.0139255 0.00276402 0.99216 0.995687 0.997981 0.982622 0.992596 0.00441489 0.011261 0.00362732 0.00241452 0.00139482 0.00625047 0.00678994 0.00383731 0.00527209 0.00417308 0.975837 0.00438427 0.00223522 0.00364865 0.992347 0.00277898 0.00212907 0.981887 0.00222018 0.00494532 0.00175237 0.00365701 0.00373642 0.00925545 0.0101674
0.994946 0.994158 0.996139 0.995581 0.988495 0.995798 0.994462 0.996356 0.00990503 0.993917 0.996543 0.99119 0.00774483 0.0406961 0.0115581 0.0152406 0.993601 0.996142 0.994538 0.996172 0.995372 0.993159 0.997888 0.996348 0.992954 0.997764 0.99539 0.00427115 0.99614 0.990837 0.0240037 0.023951 0.995592 0.00577583 0.997541 0.990106 0.99617 0.988129 0.995427 0.995591 0.991995 0.0258076 0.99071 0.0282133 0.997581 0.996665 0.00748118 0.987935 0.996207 0.0043515 0.00666642 0.00291348 0.00416019 0.00337111 0.00498274 0.990008 0.980879 0.00551899 0.00221706 0.00865534 0.0215593 0.00492702 0.0271438 0.0024186 0.996386 0.00365815 0.984895 0.986855 0.0137089 0.0027629 0.992249 0.995706 0.997977 0.982927 0.992679 0.00439503 0.0111097 0.00361697 0.00241974 0.00140287 0.00620775 0.00673298 0.00382644 0.005241 0.00415402 0.976357 0.004361 0.00223842 0.00364135 0.992429 0.00277955 0.00213322 0.982213 0.00222244 0.00491892 0.0017589 0.00364725 0.00372343 0.00915307 0.0100332
0.994977 0.994201 0.996157 0.995601 0.988656 0.995813 0.994499 0.996364 0.00978454 0.993965 0.996552 0.991285 0.0076553 0.03965 0.0113971 0.0149764 0.993652 0.996153 0.994578 0.996182 0.995395 0.993219 0.997884 0.996358 0.993016 0.997761 0.995409 0.0042507 0.996149 0.990936 0.0234822 0.023429 0.995613 0.00573281 0.997541 0.990224 0.99618 0.988294 0.995452 0.995612 0.992075 0.0252671 0.990817 0.0275852 0.997576 0.996674 0.00740871 0.988094 0.99622 0.00432898 0.00661155 0.00291266 0.00414107 0.00336161 0.0049593 0.990142 0.981253 0.00548287 0.00221917 0.00855834 0.0211413 0.00489444 0.0265747 0.00242364 0.996396 0.00364838 0.985155 0.987058 0.0134973 0.00276203 0.992337 0.995724 0.997973 0.983224 0.992759 0.00437575 0.010962 0.00360661 0.00242428 0.0014111 0.00616452 0.00667678 0.00381603 0.00520961 0.0041353 0.976869 0.00433804 0.00224132 0.00363431 0.99251 0.00278034 0.00213705 0.982526 0.00222474 0.0048912 0.00176525 0.00363759 0.00371133 0.00905087 0.00990358
0.995007 0.994243 0.996175 0.99562 0.988814 0.99583 0.994535 0.996371 0.00966588 0.994012 0.996561 0.991379 0.00756875 0.038637 0.0112411 0.0147184 0.993701 0.996162 0.994618 0.996192 0.995418 0.993279 0.997881 0.996368 0.993078 0.997757 0.995428 0.00423012 0.996158 0.991036 0.022975 0.0229271 0.995634 0.00569047 0.997541 0.990341 0.996191 0.988457 0.995478 0.995632 0.992154 0.024741 0.990923 0.026975 0.997572 0.996683 0.00733662 0.988249 0.996233 0.00430767 0.00655762 0.00291217 0.00412309 0.00335325 0.00493578 0.990272 0.98162 0.00544645 0.00222115 0.00846474 0.0207378 0.00486351 0.0260099 0.00242871 0.996405 0.00363801 0.985408 0.987254 0.0132907 0.00276069 0.992423 0.995741 0.997969 0.983516 0.992838 0.00435606 0.0108185 0.00359714 0.00242894 0.0014189 0.00612132 0.00662176 0.00380541 0.00517877 0.004117 0.977363 0.00431574 0.00224439 0.00362634 0.99259 0.00278088 0.00214065 0.982834 0.00222695 0.00486461 0.00177163 0.00362806 0.00369957 0.00895175 0.00977664
0.995038 0.994285 0.996194 0.99564 0.988969 0.995846 0.994571 0.996378 0.00955202 0.99406 0.99657 0.99147 0.00748396 0.0376544 0.0110865 0.0144685 0.99375 0.996172 0.994656 0.996203 0.995441 0.993338 0.997877 0.996378 0.993141 0.997755 0.995447 0.00420974 0.996168 0.991133 0.0224847 0.0224387 0.995656 0.00564815 0.997541 0.990454 0.996201 0.988613 0.995503 0.995651 0.992231 0.0242314 0.991027 0.0263906 0.997567 0.996692 0.00726371 0.988402 0.996246 0.00428611 0.00650439 0.00291168 0.00410478 0.00334472 0.00491253 0.990399 0.981975 0.00541068 0.00222361 0.00837179 0.0203441 0.00483265 0.0254601 0.00243353 0.996415 0.00362841 0.985657 0.987448 0.0130853 0.00275936 0.992506 0.995758 0.997965 0.983801 0.992915 0.00433639 0.0106764 0.00358672 0.00243369 0.00142711 0.00608025 0.00656722 0.00379537 0.00514857 0.00409903 0.977846 0.00429343 0.00224742 0.00361882 0.992669 0.00278134 0.00214463 0.983131 0.00222923 0.00483855 0.00177836 0.00361822 0.00368737 0.00885241 0.00965326
0.995067 0.994324 0.996211 0.99566 0.989121 0.995862 0.994606 0.996385 0.00943893 0.994106 0.996578 0.99156 0.0074005 0.0367054 0.0109349 0.0142274 0.993798 0.996181 0.994693 0.996213 0.995464 0.993396 0.997873 0.996388 0.9932 0.997752 0.995466 0.0041903 0.996177 0.99123 0.0220076 0.0219669 0.995677 0.00560582 0.99754 0.990567 0.99621 0.988768 0.995528 0.995671 0.992307 0.0237354 0.991128 0.0258245 0.997562 0.9967 0.00719201 0.98855 0.996259 0.00426437 0.0064512 0.00291052 0.00408655 0.0033359 0.00488949 0.990523 0.982323 0.00537565 0.00222619 0.00828074 0.0199586 0.00480151 0.0249305 0.00243855 0.996425 0.00361838 0.985896 0.987637 0.0128861 0.00275827 0.992589 0.995775 0.997962 0.984079 0.99299 0.00431726 0.0105368 0.0035768 0.00243848 0.00143548 0.0060403 0.00651485 0.00378547 0.00511914 0.00408147 0.978308 0.00427136 0.00225031 0.00361248 0.992746 0.00278218 0.00214821 0.983419 0.00223143 0.00481288 0.00178438 0.00360949 0.00367484 0.00875447 0.00953196
0.995096 0.994364 0.996229 0.995679 0.989269 0.995878 0.994641 0.996392 0.00932834 0.994153 0.996586 0.99165 0.00731829 0.0357935 0.0107857 0.0139917 0.993846 0.99619 0.99473 0.996224 0.995486 0.993453 0.99787 0.996398 0.99326 0.997748 0.995485 0.0041708 0.996186 0.991322 0.0215446 0.0215074 0.995699 0.00556497 0.99754 0.990675 0.99622 0.98892 0.995553 0.99569 0.992381 0.0232506 0.991228 0.0252694 0.997557 0.99671 0.00712198 0.988696 0.996271 0.00424317 0.00639826 0.00291003 0.00406814 0.00332689 0.00486636 0.990646 0.982661 0.00534172 0.00222883 0.00819224 0.0195853 0.00477058 0.0244187 0.0024432 0.996435 0.00360808 0.986132 0.987823 0.0126911 0.00275684 0.99267 0.995792 0.997958 0.984348 0.993063 0.00429863 0.0104005 0.00356668 0.0024431 0.00144351 0.00599984 0.00646341 0.00377472 0.00509009 0.00406439 0.978761 0.00424965 0.00225308 0.00360585 0.992821 0.00278231 0.00215215 0.983701 0.00223364 0.00478786 0.00179064 0.00360007 0.00366319 0.00865953 0.00941279
0.995124 0.994404 0.996247 0.995698 0.989413 0.995893 0.994675 0.996399 0.00922069 0.994197 0.996596 0.991737 0.00723883 0.0349048 0.0106421 0.0137627 0.993892 0.996199 0.994766 0.996233 0.995508 0.993508 0.997866 0.996407 0.99332 0.997745 0.995503 0.00415157 0.996195 0.991414 0.0210981 0.0210573 0.995719 0.00552483 0.99754 0.990783 0.996231 0.989068 0.995577 0.995709 0.992454 0.0227774 0.991326 0.0247338 0.997553 0.996718 0.00705483 0.988839 0.996284 0.00422319 0.00634765 0.00290927 0.00405057 0.00331811 0.0048439 0.990767 0.982987 0.0053083 0.00223145 0.00810469 0.019217 0.00474 0.0239209 0.00244762 0.996444 0.00359837 0.986361 0.988005 0.0125005 0.0027554 0.99275 0.995809 0.997954 0.984612 0.993135 0.00428091 0.0102669 0.00355723 0.00244811 0.0014516 0.00596004 0.00641308 0.00376542 0.00506204 0.00404679 0.979198 0.00422838 0.00225616 0.00359879 0.992895 0.00278315 0.00215567 0.983979 0.00223594 0.00476356 0.00179708 0.00359036 0.00365128 0.00856615 0.00929535
0.995153 0.994442 0.996264 0.995716 0.989557 0.995908 0.994708 0.996407 0.00911495 0.994241 0.996605 0.991822 0.00716034 0.0340434 0.0105007 0.0135344 0.993938 0.996208 0.994803 0.996243 0.995529 0.993563 0.997862 0.996417 0.993378 0.997742 0.995521 0.00413292 0.996204 0.991503 0.0206592 0.0206202 0.995739 0.00548537 0.99754 0.990888 0.99624 0.989212 0.995602 0.995727 0.992525 0.0223214 0.991421 0.024208 0.997548 0.996727 0.00698814 0.98898 0.996296 0.00420243 0.0062972 0.0029088 0.00403304 0.00330957 0.00482223 0.990884 0.983308 0.00527426 0.00223395 0.00801977 0.0188647 0.00471072 0.0234309 0.00245208 0.996454 0.00358844 0.986585 0.988183 0.0123158 0.00275443 0.992826 0.995825 0.99795 0.984869 0.993207 0.00426295 0.0101366 0.00354728 0.00245288 0.00145975 0.0059223 0.00636211 0.00375552 0.00503323 0.00402941 0.979622 0.00420798 0.00225936 0.00359186 0.992967 0.00278422 0.00215942 0.984254 0.00223796 0.00473841 0.00180343 0.00358068 0.0036398 0.00847492 0.00918021
0.995181 0.99448 0.996281 0.995735 0.989696 0.995923 0.99474 0.996414 0.00901117 0.994284 0.996613 0.991906 0.00708422 0.0332118 0.0103631 0.0133155 0.993984 0.996217 0.994837 0.996253 0.995551 0.993615 0.997859 0.996426 0.993435 0.997739 0.995539 0.00411425 0.996213 0.991592 0.0202338 0.0201976 0.995759 0.00544687 0.99754 0.990991 0.99625 0.989355 0.995626 0.995745 0.992595 0.0218793 0.991515 0.0236983 0.997543 0.996735 0.00692231 0.989116 0.996308 0.00418265 0.00624644 0.00290848 0.00401547 0.00330119 0.00480005 0.990998 0.983618 0.00524157 0.00223668 0.00793413 0.0185183 0.00468148 0.0229577 0.00245694 0.996463 0.00357903 0.986804 0.988356 0.0121349 0.0027532 0.992901 0.995841 0.997947 0.985121 0.993277 0.00424411 0.0100088 0.00353763 0.00245751 0.001468 0.00588605 0.00631369 0.00374609 0.00500417 0.00401202 0.98004 0.00418767 0.00226245 0.00358473 0.993037 0.00278482 0.00216316 0.984518 0.00224031 0.00471372 0.00180997 0.00357157 0.00362908 0.00838444 0.00906824
0.995209 0.994519 0.996298 0.995753 0.989832 0.995937 0.994773 0.99642 0.0089117 0.994326 0.996621 0.99199 0.00700995 0.0324083 0.0102278 0.0130988 0.994029 0.996225 0.994873 0.996263 0.995571 0.993668 0.997856 0.996436 0.993491 0.997736 0.995557 0.00409543 0.996222 0.991677 0.0198203 0.019788 0.995779 0.00540799 0.99754 0.991094 0.99626 0.989495 0.995649 0.995763 0.992664 0.0214433 0.991608 0.0232023 0.997539 0.996744 0.00685789 0.989253 0.996319 0.00416212 0.00619782 0.00290742 0.00399916 0.00329281 0.00477848 0.99111 0.983922 0.0052092 0.00223884 0.0078541 0.0181787 0.00465296 0.0224958 0.00246174 0.996472 0.00356945 0.987018 0.988524 0.0119579 0.00275222 0.992976 0.995857 0.997943 0.985367 0.993345 0.00422577 0.00988507 0.003528 0.0024623 0.00147618 0.00584836 0.0062646 0.00373653 0.00497661 0.00399487 0.980446 0.00416691 0.00226524 0.00357792 0.993107 0.00278536 0.00216687 0.984776 0.00224266 0.0046897 0.00181645 0.00356242 0.00361776 0.00829803 0.00895853
0.995236 0.994555 0.996314 0.995771 0.989965 0.995953 0.994805 0.996428 0.0088116 0.994367 0.996629 0.992071 0.00693636 0.0316249 0.0100941 0.0128892 0.994073 0.996234 0.994907 0.996273 0.995592 0.993719 0.997852 0.996445 0.993545 0.997733 0.995574 0.00407687 0.99623 0.991762 0.0194196 0.0193896 0.995798 0.00536927 0.99754 0.991194 0.996269 0.98963 0.995672 0.99578 0.992733 0.021022 0.991698 0.0227228 0.997534 0.996752 0.00679442 0.989384 0.996331 0.00414198 0.00615004 0.00290723 0.00398202 0.00328377 0.00475683 0.99122 0.984218 0.00517683 0.00224088 0.00777269 0.01785 0.00462423 0.022049 0.00246645 0.996481 0.0035606 0.987225 0.988689 0.0117839 0.0027508 0.993049 0.995873 0.997939 0.985605 0.993411 0.00420814 0.00976263 0.00351902 0.00246688 0.00148447 0.00581115 0.00621628 0.00372706 0.00494857 0.00397851 0.980835 0.00414653 0.00226818 0.00357082 0.993177 0.00278593 0.00217049 0.985028 0.00224445 0.00466582 0.00182277 0.00355321 0.00360641 0.00821168 0.00885039
0.995262 0.994591 0.996331 0.995789 0.990094 0.995968 0.994837 0.996434 0.00871408 0.994408 0.996637 0.992148 0.00686314 0.0308721 0.00996311 0.0126851 0.994116 0.996243 0.99494 0.996282 0.995612 0.993771 0.997849 0.996454 0.993599 0.99773 0.995591 0.00405952 0.996239 0.991845 0.0190294 0.0190008 0.995816 0.00533177 0.99754 0.991292 0.996279 0.989763 0.995695 0.995798 0.992798 0.0206114 0.991787 0.022253 0.997529 0.99676 0.00673125 0.989514 0.996343 0.00412259 0.00610326 0.00290641 0.00396566 0.00327603 0.00473615 0.991327 0.984507 0.00514545 0.00224308 0.00769365 0.0175308 0.00459604 0.0216145 0.00247132 0.996491 0.00355112 0.987426 0.98885 0.0116154 0.00274982 0.993121 0.995888 0.997936 0.985837 0.993476 0.00419063 0.00964266 0.00351007 0.00247119 0.00149253 0.00577446 0.00616877 0.00371701 0.00492072 0.00396145 0.981217 0.00412734 0.00227124 0.00356448 0.993244 0.00278698 0.0021744 0.985273 0.00224647 0.00464296 0.0018292 0.00354387 0.00359574 0.00812782 0.00874584
0.995288 0.994626 0.996346 0.995806 0.990221 0.995982 0.994868 0.996441 0.00861597 0.994449 0.996645 0.992224 0.00679266 0.0301419 0.00983702 0.0124839 0.994158 0.996251 0.994972 0.996292 0.995633 0.993821 0.997845 0.996463 0.993653 0.997727 0.995608 0.00404202 0.996248 0.991926 0.0186525 0.0186227 0.995835 0.00529539 0.99754 0.991388 0.996288 0.989893 0.995717 0.995814 0.992864 0.0202137 0.991876 0.0217958 0.997524 0.996769 0.00666997 0.989641 0.996354 0.00410422 0.00605691 0.00290617 0.00394894 0.00326776 0.00471494 0.991433 0.984786 0.00511369 0.00224556 0.0076146 0.0172165 0.00456852 0.0211902 0.00247582 0.996499 0.00354182 0.987623 0.989009 0.0114508 0.00274834 0.993191 0.995904 0.997932 0.986066 0.993541 0.00417304 0.0095264 0.00350167 0.00247507 0.00150064 0.00573805 0.00612223 0.00370709 0.00489313 0.00394447 0.981588 0.00410786 0.00227406 0.0035574 0.99331 0.00278729 0.00217812 0.985513 0.0022489 0.00461989 0.00183528 0.00353471 0.00358496 0.00804486 0.00864345
0.995314 0.994662 0.996362 0.995823 0.990347 0.995996 0.9949 0.996447 0.00852179 0.99449 0.996653 0.9923 0.00672289 0.0294329 0.00971202 0.0122883 0.9942 0.99626 0.995005 0.996301 0.995653 0.993871 0.997842 0.996472 0.993705 0.997724 0.995624 0.00402543 0.996256 0.992008 0.0182858 0.0182523 0.995853 0.00525902 0.99754 0.991481 0.996298 0.99002 0.99574 0.995831 0.992928 0.0198251 0.991962 0.0213517 0.99752 0.996777 0.00661122 0.989763 0.996365 0.00408566 0.00601027 0.00290516 0.00393276 0.00325968 0.00469446 0.991536 0.985059 0.00508311 0.00224796 0.0075375 0.0169116 0.00454173 0.0207797 0.0024804 0.996508 0.00353267 0.987815 0.989165 0.0112889 0.00274707 0.99326 0.995919 0.997928 0.986288 0.993604 0.0041561 0.00941049 0.00349294 0.00247966 0.0015086 0.0057024 0.00607599 0.00369792 0.00486716 0.00392789 0.981952 0.00408845 0.00227674 0.00355067 0.993376 0.00278785 0.00218168 0.985746 0.00225098 0.00459677 0.00184169 0.00352544 0.00357387 0.0079636 0.00854031
0.995341 0.994697 0.996377 0.995841 0.990469 0.996009 0.99493 0.996454 0.00843053 0.994529 0.996661 0.992375 0.0066542 0.0287481 0.00959097 0.0120977 0.994242 0.996269 0.995037 0.99631 0.995674 0.993919 0.997838 0.99648 0.993757 0.997721 0.995641 0.00400815 0.996264 0.992087 0.017928 0.0178935 0.995872 0.00522394 0.99754 0.991574 0.996307 0.990145 0.995762 0.995848 0.992992 0.0194455 0.992046 0.0209211 0.997516 0.996785 0.00655383 0.989884 0.996377 0.00406667 0.00596555 0.00290478 0.00391739 0.00325206 0.00467307 0.991637 0.985323 0.00505348 0.00224986 0.00746381 0.0166154 0.00451467 0.0203794 0.00248467 0.996516 0.00352407 0.988003 0.989315 0.0111289 0.00274552 0.993329 0.995934 0.997925 0.986505 0.993666 0.00413988 0.00929529 0.0034842 0.00248435 0.00151671 0.00566782 0.00603102 0.00368846 0.00484126 0.00391226 0.982305 0.00406901 0.00227994 0.00354349 0.99344 0.0027885 0.00218508 0.985976 0.00225337 0.00457426 0.00184806 0.00351663 0.00356363 0.00788294 0.0084427
0.995366 0.994732 0.996393 0.995858 0.990589 0.996021 0.99496 0.99646 0.00833919 0.994568 0.996669 0.992449 0.00658813 0.0280818 0.0094719 0.0119129 0.994281 0.996277 0.995068 0.996319 0.995693 0.993968 0.997835 0.99649 0.993807 0.997718 0.995657 0.0039907 0.996273 0.992164 0.0175805 0.0175455 0.99589 0.00518908 0.99754 0.991665 0.996316 0.990268 0.995784 0.995865 0.993054 0.0190776 0.992128 0.020506 0.997511 0.996793 0.00649665 0.990002 0.996388 0.00404897 0.00592123 0.00290445 0.00390124 0.00324426 0.00465328 0.991735 0.98558 0.00502382 0.00225215 0.00738926 0.016329 0.00448746 0.0199901 0.0024891 0.996525 0.0035152 0.988188 0.989462 0.0109735 0.00274402 0.993397 0.995948 0.997921 0.986717 0.993726 0.00412305 0.00918523 0.00347551 0.00248931 0.00152483 0.00563231 0.00598736 0.00367895 0.00481579 0.00389694 0.982647 0.00405022 0.0022829 0.00353695 0.993501 0.00278875 0.00218845 0.986198 0.0022557 0.00455167 0.00185412 0.00350788 0.00355375 0.00780368 0.00834462
0.995392 0.994766 0.996408 0.995874 0.990708 0.996036 0.99499 0.996467 0.00825045 0.994605 0.996677 0.992522 0.00652256 0.0274382 0.00935537 0.0117325 0.99432 0.996286 0.995099 0.996328 0.995713 0.994015 0.997831 0.996498 0.993856 0.997715 0.995673 0.00397377 0.996281 0.992239 0.017241 0.0172076 0.995908 0.00515526 0.99754 0.991754 0.996325 0.99039 0.995805 0.995881 0.993115 0.0187188 0.992208 0.0201013 0.997507 0.996801 0.00644102 0.990119 0.9964 0.00403141 0.00587914 0.00290384 0.00388559 0.00323647 0.00463386 0.991833 0.985831 0.00499407 0.00225452 0.00731722 0.0160475 0.00446141 0.0196109 0.00249345 0.996533 0.00350636 0.988367 0.989607 0.0108204 0.00274291 0.993461 0.995963 0.997917 0.986924 0.993786 0.00410692 0.00907772 0.00346722 0.00249334 0.00153274 0.00559888 0.00594474 0.00366985 0.00479033 0.00388106 0.98298 0.00403139 0.00228605 0.00353027 0.993563 0.00278912 0.00219219 0.986415 0.00225763 0.00452882 0.00186033 0.00349935 0.00354362 0.00772702 0.00824897
0.995417 0.994799 0.996423 0.995891 0.990824 0.996049 0.99502 0.996474 0.00816375 0.994643 0.996684 0.992593 0.00645696 0.0268187 0.00924057 0.011556 0.994359 0.996294 0.99513 0.996338 0.995732 0.994062 0.997828 0.996507 0.993905 0.997712 0.995689 0.00395714 0.996289 0.992314 0.016911 0.0168765 0.995927 0.00512067 0.99754 0.991841 0.996333 0.990508 0.995826 0.995897 0.993175 0.0183695 0.992287 0.0197078 0.997502 0.996809 0.00638558 0.990234 0.996411 0.00401372 0.00583603 0.00290296 0.00386993 0.00322908 0.0046143 0.991928 0.986076 0.00496566 0.00225647 0.00724536 0.0157741 0.00443495 0.019245 0.0024973 0.996541 0.00349809 0.988543 0.989748 0.0106721 0.00274172 0.993526 0.995977 0.997914 0.987125 0.993845 0.00409091 0.00897116 0.00345948 0.00249774 0.00154046 0.00556508 0.00590298 0.00366112 0.00476564 0.00386609 0.983304 0.00401291 0.0022889 0.00352342 0.993624 0.00278959 0.00219551 0.986627 0.00226007 0.00450656 0.00186627 0.00349095 0.00353344 0.00764913 0.00815585
0.99544 0.994831 0.996438 0.995907 0.990935 0.996063 0.995049 0.99648 0.00807825 0.99468 0.996691 0.992664 0.00639352 0.0262083 0.00912844 0.0113822 0.994398 0.996302 0.99516 0.996347 0.995751 0.994108 0.997824 0.996515 0.993954 0.997709 0.995705 0.00394081 0.996297 0.992387 0.016593 0.0165569 0.995943 0.00508709 0.99754 0.991926 0.996342 0.990623 0.995847 0.995914 0.993234 0.0180319 0.992363 0.0193222 0.997498 0.996816 0.0063309 0.990345 0.996422 0.00399637 0.005793 0.0029024 0.00385472 0.00322158 0.0045951 0.992021 0.986316 0.00493687 0.00225885 0.00717513 0.0155067 0.00441019 0.018881 0.00250161 0.99655 0.00348952 0.988713 0.989885 0.0105287 0.00274111 0.993589 0.995991 0.99791 0.987323 0.993903 0.00407454 0.00886628 0.00345119 0.00250217 0.00154836 0.00553229 0.00586131 0.00365196 0.00474182 0.00385106 0.983623 0.00399459 0.00229163 0.00351763 0.993682 0.00278992 0.00219867 0.986834 0.00226207 0.00448454 0.00187285 0.00348294 0.00352308 0.00757482 0.00806325
0.995464 0.994863 0.996453 0.995923 0.991044 0.996076 0.995077 0.996486 0.00799424 0.994716 0.996699 0.992733 0.00633116 0.0256234 0.00901971 0.0112135 0.994436 0.99631 0.99519 0.996354 0.99577 0.994153 0.997821 0.996523 0.994002 0.997706 0.995721 0.00392488 0.996305 0.99246 0.0162813 0.0162433 0.99596 0.00505356 0.99754 0.99201 0.996351 0.990735 0.995867 0.99593 0.993293 0.0177025 0.992439 0.0189499 0.997494 0.996824 0.00627672 0.990455 0.996433 0.00397915 0.00575079 0.00290193 0.00384025 0.00321388 0.0045755 0.992112 0.986548 0.00490824 0.00226092 0.00710539 0.0152441 0.0043855 0.0185317 0.00250575 0.996558 0.00348115 0.988879 0.990018 0.0103845 0.00274041 0.993652 0.996004 0.997907 0.987516 0.99396 0.00405901 0.00876284 0.00344318 0.00250669 0.00155617 0.00550019 0.00581976 0.003644 0.00471774 0.00383581 0.983929 0.0039766 0.00229442 0.00351154 0.99374 0.00279088 0.00220212 0.987033 0.00226431 0.0044634 0.00187904 0.00347374 0.00351367 0.00750227 0.00797261
0.995488 0.994895 0.996467 0.995939 0.991151 0.99609 0.995104 0.996493 0.007911 0.994752 0.996706 0.9928 0.00626923 0.0250529 0.00891232 0.0110477 0.994474 0.996318 0.99522 0.996363 0.995788 0.994197 0.997817 0.996531 0.994049 0.997704 0.995736 0.00390918 0.996313 0.992531 0.0159798 0.015943 0.995978 0.0050212 0.99754 0.992092 0.99636 0.990847 0.995887 0.995945 0.993349 0.0173821 0.992514 0.0185878 0.99749 0.996831 0.00622474 0.990564 0.996443 0.00396172 0.00571045 0.00290093 0.00382563 0.00320642 0.00455734 0.992202 0.986773 0.00488029 0.00226313 0.00703824 0.0149896 0.00436156 0.0181902 0.00250995 0.996566 0.00347311 0.989043 0.99015 0.010244 0.00273925 0.993713 0.996018 0.997903 0.987704 0.994014 0.00404292 0.00866134 0.00343487 0.00251099 0.00156406 0.00546689 0.00577925 0.00363571 0.0046929 0.00382071 0.984227 0.00395868 0.00229699 0.00350536 0.993797 0.00279186 0.00220558 0.987229 0.00226611 0.0044427 0.00188509 0.0034658 0.00350425 0.0074305 0.00788552
0.995511 0.994927 0.996481 0.995955 0.991257 0.996102 0.995132 0.996499 0.00782984 0.994787 0.996713 0.992867 0.00620975 0.0244992 0.0088068 0.0108845 0.994512 0.996326 0.995249 0.996372 0.995806 0.994239 0.997814 0.99654 0.994095 0.997701 0.995751 0.00389322 0.996321 0.992601 0.0156864 0.0156476 0.995995 0.00498944 0.997539 0.992174 0.996368 0.990956 0.995906 0.99596 0.993405 0.0170703 0.992588 0.0182331 0.997485 0.996839 0.00617222 0.99067 0.996454 0.0039447 0.00566965 0.00290065 0.00381044 0.00319884 0.00453777 0.992291 0.986994 0.00485256 0.00226495 0.00697088 0.0147424 0.00433713 0.0178577 0.00251407 0.996574 0.00346519 0.989202 0.990277 0.0101074 0.00273786 0.993773 0.996031 0.9979 0.987889 0.994069 0.00402775 0.00856472 0.00342635 0.00251498 0.00157185 0.00543611 0.00573893 0.00362731 0.00466952 0.00380605 0.984518 0.00394093 0.00229925 0.00349979 0.993852 0.00279252 0.00220909 0.987421 0.00226801 0.00442216 0.00189115 0.0034577 0.00349486 0.00735974 0.00779858
0.995534 0.994957 0.996495 0.99597 0.99136 0.996115 0.995158 0.996505 0.00774938 0.994821 0.99672 0.992931 0.0061511 0.0239591 0.00870323 0.0107255 0.994548 0.996334 0.995279 0.99638 0.995824 0.99428 0.997811 0.996548 0.99414 0.997698 0.995766 0.0038771 0.996328 0.992669 0.0154015 0.0153624 0.996012 0.00495738 0.997539 0.992254 0.996377 0.991062 0.995926 0.995976 0.993461 0.0167643 0.99266 0.01789 0.997481 0.996846 0.00612167 0.990774 0.996464 0.00392768 0.00563037 0.00289974 0.00379613 0.00319188 0.00451918 0.992376 0.987211 0.00482525 0.00226747 0.00690502 0.0144991 0.00431288 0.017537 0.00251857 0.996583 0.00345722 0.989359 0.990404 0.00997522 0.00273666 0.993832 0.996045 0.997896 0.988072 0.994123 0.00401298 0.00846767 0.0034175 0.00251927 0.00157957 0.00540471 0.00569919 0.00361947 0.00464633 0.00379121 0.984799 0.00392366 0.00230216 0.00349367 0.993907 0.0027935 0.00221254 0.987609 0.00227011 0.00440161 0.001897 0.00345003 0.00348545 0.00729168 0.00771302
0.995557 0.994987 0.996508 0.995986 0.991462 0.996127 0.995186 0.996511 0.00767176 0.994855 0.996727 0.992996 0.00609383 0.0234378 0.00860217 0.0105725 0.994585 0.996342 0.995307 0.996388 0.995841 0.994322 0.997807 0.996557 0.994184 0.997696 0.995781 0.00386185 0.996336 0.992736 0.0151222 0.0150861 0.996028 0.00492656 0.997539 0.992333 0.996385 0.991166 0.995946 0.995991 0.993516 0.0164632 0.992731 0.0175567 0.997477 0.996853 0.00607095 0.990875 0.996475 0.00391076 0.00559136 0.00289913 0.00378191 0.00318488 0.00450111 0.99246 0.987422 0.00479844 0.00227002 0.00684159 0.0142648 0.00428981 0.0172241 0.00252292 0.996591 0.00344972 0.98951 0.990528 0.00984345 0.00273566 0.993889 0.996058 0.997892 0.988249 0.994176 0.00399811 0.00837282 0.00340952 0.0025234 0.0015875 0.00537345 0.00566054 0.00361102 0.0046239 0.00377706 0.985075 0.00390692 0.0023053 0.00348834 0.993962 0.0027936 0.00221593 0.987792 0.00227214 0.0043813 0.00190276 0.00344187 0.00347569 0.00722444 0.00762994
0.995579 0.995017 0.996521 0.996 0.991562 0.996139 0.995212 0.996516 0.00759402 0.994889 0.996734 0.99306 0.0060366 0.0229306 0.00850189 0.0104226 0.994619 0.996349 0.995335 0.996396 0.995859 0.994364 0.997803 0.996565 0.994228 0.997693 0.995795 0.0038468 0.996343 0.992802 0.0148493 0.0148139 0.996044 0.00489634 0.997539 0.992408 0.996393 0.991268 0.995965 0.996005 0.993571 0.0161742 0.992801 0.0172322 0.997473 0.99686 0.00602272 0.990975 0.996485 0.00389471 0.00555191 0.00289868 0.0037681 0.00317798 0.00448307 0.992543 0.987627 0.00477232 0.00227236 0.00678016 0.0140336 0.00426662 0.0169156 0.00252737 0.996598 0.0034421 0.989658 0.990649 0.00971709 0.00273469 0.993945 0.996072 0.997889 0.98842 0.994229 0.00398282 0.00828046 0.00340231 0.00252754 0.00159535 0.00534228 0.00562255 0.00360268 0.00460063 0.0037633 0.985343 0.00389034 0.00230836 0.00348271 0.994015 0.00279427 0.00221928 0.98797 0.00227428 0.0043618 0.00190873 0.00343377 0.00346663 0.00715726 0.0075482
0.995601 0.995047 0.996535 0.996016 0.991661 0.996151 0.995239 0.996522 0.00751958 0.994922 0.996741 0.993122 0.00598058 0.0224374 0.00840288 0.0102763 0.994654 0.996357 0.995361 0.996405 0.995876 0.994405 0.9978 0.996572 0.994272 0.99769 0.99581 0.00383125 0.99635 0.992866 0.0145855 0.0145491 0.996059 0.00486684 0.99754 0.992483 0.996401 0.991369 0.995984 0.99602 0.993624 0.015894 0.992871 0.0169134 0.997469 0.996867 0.00597352 0.991072 0.996494 0.00387844 0.00551417 0.00289837 0.00375426 0.00317149 0.00446617 0.992623 0.987827 0.00474637 0.00227494 0.00671936 0.0138095 0.00424413 0.0166199 0.00253172 0.996605 0.00343376 0.989803 0.990767 0.00959269 0.0027329 0.994001 0.996086 0.997885 0.988587 0.994279 0.00396808 0.00818834 0.00339399 0.00253149 0.00160317 0.00531155 0.00558437 0.00359548 0.00457893 0.00374976 0.985604 0.00387405 0.00231109 0.00347674 0.994067 0.00279494 0.00222299 0.988147 0.00227648 0.00434227 0.00191479 0.0034259 0.0034572 0.00709219 0.0074683
0.995622 0.995075 0.996548 0.99603 0.991757 0.996163 0.995266 0.996529 0.00744491 0.994955 0.996748 0.993183 0.00592593 0.0219612 0.00830705 0.0101324 0.994689 0.996363 0.995388 0.996413 0.995893 0.994445 0.997797 0.996581 0.994314 0.997688 0.995824 0.00381615 0.996357 0.99293 0.0143275 0.0142915 0.996074 0.00483676 0.997539 0.992557 0.996409 0.991466 0.996002 0.996035 0.993675 0.0156184 0.992937 0.0166051 0.997465 0.996873 0.00592566 0.991167 0.996504 0.00386334 0.00547688 0.00289828 0.00374007 0.00316477 0.00444861 0.992703 0.988023 0.00472085 0.00227693 0.00665802 0.0135924 0.00422155 0.0163292 0.00253569 0.996613 0.00342578 0.989946 0.990882 0.00947027 0.00273177 0.994056 0.996099 0.997882 0.98875 0.99433 0.00395306 0.00810085 0.0033862 0.00253569 0.00161051 0.0052814 0.00554725 0.00358703 0.00455663 0.00373555 0.985859 0.00385789 0.00231384 0.00347109 0.994119 0.00279516 0.00222639 0.98832 0.00227843 0.00432251 0.00192038 0.00341832 0.00344825 0.00702658 0.00739086
0.995644 0.995103 0.996561 0.996045 0.991852 0.996175 0.995292 0.996535 0.00737278 0.994988 0.996754 0.993242 0.00587193 0.0214973 0.00821286 0.00999211 0.994722 0.99637 0.995414 0.996421 0.995909 0.994484 0.997793 0.996588 0.994356 0.997685 0.995838 0.00380117 0.996365 0.992994 0.0140768 0.0140381 0.99609 0.00480728 0.997539 0.99263 0.996417 0.991565 0.996021 0.99605 0.993726 0.0153519 0.993003 0.0163027 0.997461 0.99688 0.00587685 0.991261 0.996514 0.00384773 0.00544065 0.00289759 0.00372588 0.00315824 0.00443158 0.992781 0.988212 0.00469644 0.00227891 0.00659825 0.0133779 0.00420002 0.016045 0.00253965 0.99662 0.00341842 0.990084 0.990995 0.00935221 0.00273096 0.99411 0.996112 0.997878 0.988911 0.99438 0.00393824 0.00801304 0.00337847 0.00254008 0.00161816 0.00525129 0.00550969 0.00357937 0.00453533 0.00372209 0.986104 0.00384104 0.00231646 0.00346558 0.994169 0.0027957 0.00222967 0.988489 0.00228053 0.00430293 0.00192638 0.00341085 0.00343921 0.00696308 0.00731437
0.995665 0.995131 0.996574 0.996059 0.991943 0.996186 0.995317 0.99654 0.00730143 0.995019 0.996761 0.9933 0.00581957 0.0210513 0.00812034 0.00985522 0.994756 0.996377 0.995441 0.996429 0.995926 0.994523 0.99779 0.996596 0.994397 0.997683 0.995851 0.00378657 0.996372 0.993056 0.0138317 0.0137946 0.996105 0.00477892 0.997539 0.9927 0.996425 0.991659 0.99604 0.996064 0.993776 0.0150908 0.993069 0.0160113 0.997457 0.996886 0.00583021 0.991353 0.996523 0.00383269 0.00540514 0.00289665 0.00371258 0.00315098 0.00441555 0.992858 0.9884 0.00467217 0.00228107 0.00654093 0.0131699 0.00417865 0.0157708 0.00254397 0.996628 0.00341054 0.990221 0.991105 0.00923383 0.00272991 0.994162 0.996124 0.997875 0.989065 0.994428 0.0039243 0.00792861 0.00337058 0.00254395 0.00162611 0.0052221 0.005474 0.00357122 0.00451346 0.00370898 0.986343 0.00382512 0.0023196 0.00346071 0.994219 0.0027962 0.0022329 0.988652 0.00228233 0.00428391 0.00193224 0.00340339 0.00342978 0.00690166 0.00723821
0.995685 0.995159 0.996587 0.996074 0.992034 0.996198 0.995341 0.996546 0.00723339 0.995051 0.996768 0.993357 0.00576739 0.0206146 0.00802948 0.00971995 0.994789 0.996384 0.995467 0.996437 0.995942 0.994562 0.997787 0.996603 0.994438 0.99768 0.995865 0.00377208 0.996378 0.993116 0.0135928 0.0135562 0.996121 0.00474999 0.997539 0.992771 0.996433 0.99175 0.996058 0.996078 0.993825 0.0148357 0.993133 0.015726 0.997452 0.996893 0.00578503 0.991444 0.996532 0.0038172 0.00537141 0.00289601 0.00369912 0.00314507 0.00439847 0.992932 0.98858 0.00464807 0.00228306 0.00648413 0.012966 0.00415735 0.0155013 0.00254778 0.996636 0.00340274 0.990355 0.991213 0.00912069 0.00272916 0.994213 0.996136 0.997871 0.989218 0.994476 0.00391037 0.00784661 0.00336333 0.00254769 0.00163347 0.00519486 0.00543795 0.00356308 0.00449269 0.00369512 0.986577 0.00380902 0.00232235 0.00345443 0.994268 0.00279635 0.00223619 0.988814 0.00228416 0.00426423 0.00193792 0.00339584 0.00342115 0.00683983 0.0071647
0.995706 0.995185 0.996599 0.996087 0.992122 0.996209 0.995365 0.996551 0.00716535 0.995082 0.996774 0.993414 0.00571681 0.0201904 0.00794081 0.00959148 0.994821 0.996391 0.995491 0.996445 0.995958 0.994599 0.997784 0.996611 0.994478 0.997677 0.995879 0.00375812 0.996385 0.993175 0.01336 0.0133236 0.996135 0.00472183 0.997538 0.992839 0.996441 0.99184 0.996075 0.996092 0.993874 0.0145898 0.993196 0.0154484 0.997449 0.9969 0.00573994 0.991533 0.996541 0.00380165 0.00533599 0.002895 0.00368615 0.00313933 0.00438134 0.993005 0.988758 0.00462459 0.00228517 0.00642763 0.0127676 0.00413594 0.0152382 0.00255169 0.996643 0.00339489 0.990485 0.991321 0.00900917 0.00272798 0.994263 0.996149 0.997867 0.989367 0.994523 0.0038969 0.00776392 0.00335637 0.0025517 0.00164096 0.00516569 0.00540247 0.0035551 0.00447199 0.00368201 0.986806 0.00379366 0.00232515 0.00344902 0.994316 0.00279691 0.00223954 0.988972 0.00228597 0.00424575 0.00194348 0.00338844 0.0034129 0.00678086 0.0070934
0.995726 0.995213 0.996612 0.996101 0.992207 0.996221 0.995388 0.996557 0.00709817 0.995112 0.99678 0.99347 0.00566743 0.0197799 0.00785513 0.00946412 0.994853 0.996398 0.995516 0.996454 0.995975 0.994636 0.997781 0.996618 0.994517 0.997674 0.995891 0.00374455 0.996392 0.993234 0.0131334 0.0130957 0.99615 0.00469415 0.997538 0.992904 0.996449 0.991929 0.996092 0.996105 0.993921 0.0143471 0.993258 0.0151772 0.997445 0.996907 0.00569645 0.99162 0.996551 0.00378689 0.00530135 0.00289386 0.00367323 0.00313333 0.0043657 0.993077 0.988933 0.00460037 0.00228681 0.00637299 0.012572 0.0041154 0.0149812 0.00255592 0.996651 0.00338723 0.990611 0.991426 0.00890041 0.00272707 0.994313 0.996161 0.997864 0.989512 0.994568 0.00388274 0.00768364 0.0033495 0.00255537 0.00164849 0.00513884 0.00536826 0.00354784 0.00445148 0.00366901 0.98703 0.00377837 0.00232808 0.00344335 0.994363 0.00279749 0.00224245 0.989125 0.00228782 0.00422737 0.00194941 0.00338137 0.00340417 0.00672328 0.00702248
0.995746 0.99524 0.996625 0.996116 0.992289 0.996232 0.995412 0.996563 0.00703342 0.995143 0.996787 0.993525 0.00561942 0.0193772 0.00777159 0.00933965 0.994885 0.996405 0.99554 0.996461 0.99599 0.994672 0.997778 0.996625 0.994556 0.997671 0.995905 0.00373099 0.996399 0.99329 0.0129127 0.0128765 0.996164 0.0046676 0.997538 0.992971 0.996457 0.992015 0.99611 0.996118 0.993967 0.0141132 0.993319 0.0149143 0.997441 0.996913 0.00565188 0.991705 0.99656 0.00377258 0.00526786 0.0028935 0.00366062 0.00312709 0.00434999 0.993149 0.989102 0.00457627 0.0022884 0.00631811 0.0123806 0.00409504 0.0147322 0.00256028 0.996657 0.0033805 0.990736 0.991529 0.00879336 0.0027263 0.994363 0.996173 0.997861 0.989654 0.994613 0.00386926 0.00760393 0.00334213 0.00255938 0.00165617 0.00511141 0.00533399 0.00354019 0.00443064 0.00365648 0.987246 0.00376371 0.00233061 0.00343724 0.994409 0.00279778 0.00224552 0.989275 0.0022901 0.00420953 0.00195508 0.00337434 0.0033959 0.00666568 0.00695233
0.995765 0.995268 0.996636 0.996129 0.992369 0.996244 0.995436 0.996568 0.00696913 0.995173 0.996793 0.993579 0.00557118 0.0189885 0.00768905 0.00921575 0.994916 0.996412 0.995565 0.996468 0.996006 0.994708 0.997775 0.996633 0.994594 0.997668 0.995918 0.00371703 0.996406 0.993347 0.0126973 0.012662 0.996178 0.00464108 0.997538 0.993036 0.996464 0.9921 0.996127 0.996132 0.994013 0.0138836 0.993379 0.0146557 0.997436 0.99692 0.00560907 0.99179 0.996569 0.0037581 0.00523406 0.00289278 0.00364876 0.00312076 0.00433439 0.993219 0.989267 0.00455287 0.00229049 0.00626329 0.0121956 0.00407463 0.0144876 0.00256418 0.996664 0.00337318 0.990858 0.991629 0.00868892 0.00272536 0.994411 0.996185 0.997858 0.989795 0.994658 0.00385544 0.00752577 0.00333512 0.00256365 0.00166398 0.00508441 0.00530063 0.00353321 0.00441105 0.0036438 0.987459 0.00374908 0.00233326 0.00343126 0.994456 0.00279783 0.00224831 0.989421 0.00229224 0.00419146 0.00196098 0.00336687 0.00338701 0.0066078 0.00688336
0.995785 0.995294 0.996648 0.996142 0.99245 0.996255 0.995459 0.996573 0.00690585 0.995203 0.996799 0.993632 0.00552433 0.0186107 0.00760847 0.00909439 0.994946 0.996419 0.995589 0.996476 0.996021 0.994743 0.997772 0.996639 0.994632 0.997666 0.995929 0.00370407 0.996412 0.993403 0.012488 0.0124537 0.996192 0.00461338 0.997538 0.993099 0.996471 0.992184 0.996144 0.996145 0.994058 0.0136607 0.993437 0.0144046 0.997433 0.996926 0.0055673 0.991873 0.996578 0.00374361 0.00520088 0.00289238 0.00363614 0.00311414 0.00431858 0.993287 0.989428 0.00452975 0.00229265 0.00620999 0.0120158 0.00405416 0.0142506 0.00256812 0.996671 0.0033659 0.990976 0.991727 0.00858574 0.00272432 0.994459 0.996196 0.997854 0.989932 0.994702 0.00384203 0.00744954 0.0033285 0.00256767 0.00167174 0.00505793 0.00526751 0.00352568 0.00439081 0.00363144 0.987665 0.00373441 0.0023362 0.00342611 0.9945 0.00279917 0.00225142 0.989565 0.00229384 0.00417354 0.00196665 0.00335992 0.00337903 0.00655147 0.00681597
0.995803 0.99532 0.99666 0.996155 0.992531 0.996266 0.995482 0.996578 0.00684481 0.995232 0.996805 0.993684 0.00547822 0.0182443 0.00752765 0.00897495 0.994975 0.996425 0.995613 0.996483 0.996036 0.994777 0.997769 0.996646 0.994668 0.997664 0.995942 0.00369083 0.996419 0.993458 0.0122839 0.0122503 0.996207 0.00458784 0.997538 0.993163 0.996478 0.992266 0.996161 0.996158 0.994102 0.0134456 0.993495 0.0141623 0.997429 0.996933 0.00552559 0.991953 0.996587 0.00372946 0.00516905 0.00289175 0.00362276 0.0031083 0.00430205 0.993354 0.989584 0.00450746 0.00229443 0.00615874 0.0118386 0.00403421 0.0140197 0.0025719 0.996678 0.00335894 0.991092 0.991824 0.00848446 0.00272318 0.994506 0.996207 0.997851 0.990066 0.994744 0.0038293 0.0073759 0.00332172 0.00257171 0.0016791 0.00503176 0.00523464 0.00351812 0.00437078 0.00361919 0.987867 0.00371959 0.00233861 0.00342102 0.994545 0.00279971 0.00225456 0.989705 0.00229586 0.00415594 0.00197247 0.00335282 0.00337016 0.00649674 0.00675017
0.995823 0.995344 0.996671 0.996169 0.992608 0.996276 0.995504 0.996584 0.0067832 0.995261 0.99681 0.993734 0.00543195 0.0178876 0.007449 0.00885988 0.995005 0.996432 0.995636 0.99649 0.99605 0.994812 0.997766 0.996653 0.994705 0.997661 0.995954 0.00367871 0.996425 0.993511 0.0120824 0.0120523 0.99622 0.00456299 0.997538 0.993223 0.996486 0.992346 0.996177 0.996171 0.994146 0.0132323 0.993551 0.0139216 0.997425 0.996939 0.00548614 0.992033 0.996596 0.00371582 0.00513711 0.00289078 0.00361054 0.00310242 0.00428605 0.993419 0.989739 0.00448559 0.00229624 0.00610754 0.011666 0.0040144 0.013793 0.00257583 0.996685 0.00335242 0.991206 0.991918 0.0083858 0.00272248 0.994551 0.996218 0.997847 0.990196 0.994786 0.00381723 0.00730134 0.00331497 0.00257526 0.00168654 0.00500519 0.00520132 0.00351121 0.00435283 0.00360679 0.988065 0.00370546 0.00234114 0.00341582 0.994588 0.0027999 0.00225777 0.989843 0.00229768 0.00413794 0.00197822 0.00334588 0.0033621 0.00644312 0.00668634
0.995841 0.995369 0.996683 0.996182 0.992686 0.996287 0.995525 0.99659 0.00672279 0.99529 0.996817 0.993785 0.00538731 0.0175376 0.00737182 0.00874782 0.995034 0.996438 0.995659 0.996498 0.996065 0.994847 0.997762 0.99666 0.99474 0.997659 0.995965 0.00366545 0.996431 0.993563 0.0118898 0.0118574 0.996234 0.00453784 0.997538 0.993283 0.996494 0.992425 0.996192 0.996184 0.994189 0.0130236 0.993605 0.0136892 0.997422 0.996945 0.00544613 0.99211 0.996605 0.00370163 0.00510614 0.00289056 0.00359839 0.00309647 0.00427096 0.993483 0.989889 0.00446446 0.00229842 0.00605775 0.0114972 0.00399511 0.0135692 0.00257975 0.996692 0.00334542 0.991319 0.992009 0.00828889 0.00272127 0.994597 0.996229 0.997844 0.990324 0.994828 0.00380471 0.00722841 0.00330851 0.00257936 0.00169401 0.00498001 0.00517109 0.00350378 0.00433409 0.00359527 0.988257 0.00369071 0.00234375 0.00341048 0.994631 0.00280058 0.00226108 0.989976 0.00229955 0.00412118 0.00198379 0.00333844 0.00335451 0.00638933 0.00662436
0.995859 0.995393 0.996694 0.996194 0.992762 0.996297 0.995547 0.996595 0.00666245 0.995317 0.996823 0.993835 0.00534327 0.0171977 0.00729568 0.0086382 0.995063 0.996445 0.995682 0.996505 0.99608 0.99488 0.997759 0.996666 0.994774 0.997657 0.995978 0.00365285 0.996438 0.993616 0.011701 0.0116654 0.996247 0.00451239 0.997538 0.993343 0.996501 0.992501 0.996208 0.996197 0.994231 0.0128216 0.993659 0.0134645 0.997418 0.996952 0.00540704 0.992187 0.996614 0.0036883 0.00507376 0.00289023 0.0035864 0.00309082 0.00425588 0.993545 0.990034 0.00444263 0.00230043 0.00600926 0.0113327 0.00397604 0.0133519 0.00258353 0.9967 0.00333839 0.991428 0.9921 0.00819384 0.00272022 0.99464 0.99624 0.99784 0.99045 0.994868 0.00379261 0.00715906 0.00330186 0.00258287 0.00170124 0.00495401 0.00514027 0.0034963 0.00431523 0.00358405 0.988444 0.00367656 0.00234658 0.00340569 0.994673 0.00280107 0.00226374 0.990107 0.00230161 0.0041049 0.00198956 0.00333212 0.00334693 0.00633748 0.00656135
0.995877 0.995417 0.996705 0.996207 0.992837 0.996307 0.995568 0.996599 0.00660418 0.995343 0.996829 0.993883 0.00529904 0.0168709 0.00722037 0.00853137 0.995091 0.996451 0.995704 0.996512 0.996095 0.994912 0.997757 0.996673 0.994809 0.997655 0.995991 0.00363962 0.996445 0.993666 0.0115164 0.0114807 0.996261 0.00448791 0.997538 0.993401 0.996508 0.992578 0.996224 0.99621 0.994272 0.0126233 0.993712 0.0132431 0.997414 0.996957 0.00536868 0.992262 0.996622 0.00367534 0.00504282 0.00288928 0.00357502 0.00308484 0.00424008 0.993606 0.990176 0.00442133 0.00230235 0.00596128 0.0111694 0.00395712 0.0131423 0.00258747 0.996706 0.00333174 0.991535 0.992189 0.0081004 0.00271952 0.994683 0.996252 0.997837 0.990571 0.994908 0.00378039 0.00708953 0.00329523 0.00258584 0.00170856 0.0049294 0.00510955 0.00348911 0.00429614 0.0035718 0.988626 0.00366269 0.00234865 0.003401 0.994713 0.00280163 0.00226681 0.990235 0.00230339 0.00408879 0.001995 0.00332606 0.00333969 0.00628611 0.00649994
0.995895 0.99544 0.996717 0.996219 0.992908 0.996318 0.995589 0.996605 0.00654766 0.99537 0.996835 0.993932 0.00525641 0.0165533 0.00714932 0.00842636 0.995119 0.996457 0.995726 0.996519 0.996109 0.994944 0.997754 0.996679 0.994842 0.997652 0.996002 0.00362743 0.996452 0.993716 0.011335 0.0112982 0.996274 0.00446343 0.997537 0.993459 0.996515 0.992653 0.996239 0.996222 0.994311 0.0124318 0.993765 0.0130288 0.99741 0.996963 0.0053305 0.992337 0.996631 0.00366263 0.00501145 0.00288911 0.00356345 0.00307934 0.00422497 0.993667 0.990317 0.00440033 0.00230468 0.00591396 0.0110125 0.00393866 0.0129391 0.00259119 0.996713 0.00332502 0.991639 0.992275 0.00800972 0.00271868 0.994725 0.996262 0.997834 0.990691 0.994947 0.00376831 0.00702224 0.00328822 0.00258967 0.00171576 0.00490516 0.00507935 0.00348201 0.00427765 0.00356035 0.988804 0.00364873 0.00235109 0.00339633 0.994754 0.00280221 0.0022699 0.99036 0.00230531 0.00407276 0.00200069 0.00331914 0.0033314 0.00623544 0.00643946
0.995913 0.995464 0.996727 0.996231 0.992978 0.996327 0.99561 0.99661 0.00649092 0.995397 0.996841 0.993978 0.00521483 0.0162432 0.00707736 0.00832214 0.995146 0.996464 0.995748 0.996526 0.996123 0.994975 0.997751 0.996686 0.994876 0.99765 0.996014 0.00361546 0.996458 0.993766 0.0111588 0.011123 0.996287 0.00443915 0.997537 0.993516 0.996522 0.992726 0.996254 0.996235 0.994351 0.0122437 0.993817 0.01282 0.997407 0.996969 0.00529301 0.992411 0.996638 0.00364994 0.00498219 0.0028885 0.00355239 0.00307368 0.00421043 0.993726 0.990454 0.00437911 0.00230659 0.00586694 0.010856 0.00392106 0.0127383 0.00259482 0.996719 0.0033185 0.991742 0.992361 0.00792005 0.00271775 0.994766 0.996273 0.997831 0.990808 0.994987 0.00375613 0.00695468 0.00328158 0.00259361 0.00172287 0.00488161 0.00504945 0.00347504 0.00425913 0.00354862 0.988977 0.00363581 0.00235332 0.00339122 0.994793 0.00280289 0.00227337 0.990482 0.00230705 0.00405657 0.00200612 0.0033125 0.00332402 0.00618579 0.00638042
0.99593 0.995486 0.996738 0.996242 0.993047 0.996338 0.995631 0.996614 0.00643579 0.995423 0.996846 0.994024 0.00517364 0.0159393 0.00700576 0.00821992 0.995173 0.99647 0.995769 0.996532 0.996137 0.995007 0.997748 0.996692 0.994909 0.997647 0.996026 0.00360404 0.996465 0.993814 0.0109862 0.0109512 0.9963 0.00441604 0.997537 0.993571 0.996529 0.992798 0.996269 0.996247 0.994391 0.012061 0.993867 0.0126168 0.997404 0.996975 0.00525556 0.992481 0.996647 0.0036368 0.00495296 0.00288825 0.00354129 0.00306791 0.00419631 0.993785 0.990588 0.0043586 0.00230839 0.00582032 0.0107058 0.00390253 0.0125427 0.00259829 0.996726 0.00331193 0.991842 0.992444 0.00783389 0.00271711 0.994806 0.996283 0.997827 0.990923 0.995025 0.0037439 0.00688976 0.00327517 0.00259769 0.00173015 0.00485741 0.00501958 0.00346808 0.00424116 0.00353752 0.989148 0.00362283 0.00235538 0.00338647 0.994832 0.00280342 0.00227663 0.990601 0.00230922 0.00404183 0.00201156 0.00330637 0.00331614 0.00613733 0.00632176
0.995947 0.995509 0.996748 0.996255 0.993116 0.996347 0.995651 0.996619 0.00638212 0.995448 0.996852 0.99407 0.00513337 0.0156458 0.00693693 0.00812031 0.9952 0.996476 0.99579 0.996539 0.99615 0.995037 0.997745 0.996699 0.994941 0.997645 0.996037 0.00359244 0.996471 0.993863 0.0108178 0.0107837 0.996313 0.00439307 0.997536 0.993625 0.996535 0.992868 0.996285 0.996259 0.99443 0.0118809 0.993917 0.0124197 0.9974 0.996981 0.00521904 0.992552 0.996655 0.00362405 0.00492488 0.00288773 0.00352986 0.00306231 0.0041818 0.993842 0.990717 0.00433847 0.00231052 0.00577511 0.010558 0.00388471 0.0123514 0.00260195 0.996733 0.00330517 0.99194 0.992526 0.00774833 0.00271629 0.994847 0.996294 0.997824 0.991034 0.995062 0.00373193 0.00682402 0.00326829 0.00260128 0.00173726 0.00483387 0.00499057 0.00346135 0.00422401 0.00352667 0.989315 0.00360953 0.00235773 0.00338144 0.994871 0.00280379 0.00227957 0.990719 0.00231126 0.00402642 0.0020166 0.00330071 0.00330886 0.00608995 0.00626459
0.995963 0.995532 0.996759 0.996266 0.993183 0.996357 0.995672 0.996623 0.00632846 0.995474 0.996857 0.994116 0.00509346 0.0153604 0.00686951 0.0080235 0.995225 0.996482 0.995811 0.996546 0.996164 0.995068 0.997742 0.996706 0.994972 0.997643 0.996048 0.00358067 0.996477 0.99391 0.0106531 0.0106214 0.996325 0.00437048 0.997536 0.993679 0.996542 0.992937 0.996299 0.996272 0.994469 0.0117053 0.993966 0.0122239 0.997397 0.996987 0.00518415 0.992619 0.996663 0.00361172 0.00489608 0.00288784 0.00351888 0.00305689 0.00416748 0.993897 0.990846 0.00431887 0.00231274 0.00573169 0.0104138 0.003867 0.0121668 0.0026055 0.996738 0.00329913 0.992035 0.992606 0.00766409 0.0027155 0.994886 0.996304 0.997821 0.991142 0.995099 0.00372067 0.00676161 0.00326207 0.00260501 0.00174465 0.00480998 0.00496277 0.00345452 0.00420708 0.00351615 0.989477 0.00359655 0.00236017 0.00337599 0.994909 0.00280424 0.00228229 0.990834 0.00231295 0.00401101 0.0020217 0.00329434 0.00330105 0.00604296 0.00620971
0.995979 0.995554 0.996769 0.996279 0.993249 0.996366 0.995691 0.996628 0.00627588 0.995498 0.996862 0.994161 0.00505546 0.0150815 0.00680195 0.00792902 0.99525 0.996489 0.995831 0.996551 0.996177 0.995097 0.997739 0.996712 0.995004 0.99764 0.99606 0.00356894 0.996482 0.993956 0.0104946 0.010461 0.996338 0.00434752 0.997537 0.993731 0.996549 0.993006 0.996313 0.996283 0.994508 0.0115328 0.994014 0.0120336 0.997393 0.996992 0.00514954 0.992687 0.996671 0.00359936 0.00486765 0.00288761 0.00350762 0.00305127 0.00415323 0.993951 0.990971 0.00429989 0.00231404 0.00568792 0.0102727 0.00385018 0.0119863 0.00260927 0.996745 0.00329339 0.99213 0.992685 0.00758064 0.00271429 0.994925 0.996314 0.997818 0.99125 0.995135 0.00370986 0.00669937 0.00325635 0.00260834 0.00175191 0.0047861 0.00493579 0.00344777 0.00418984 0.00350497 0.989631 0.00358412 0.00236259 0.0033709 0.994947 0.00280478 0.00228495 0.990945 0.00231475 0.00399533 0.00202689 0.00328806 0.00329442 0.00599646 0.00615462
0.995995 0.995576 0.996779 0.99629 0.993314 0.996376 0.995711 0.996633 0.00622411 0.995522 0.996868 0.994204 0.00501705 0.0148115 0.00673748 0.00783629 0.995276 0.996494 0.995851 0.996558 0.99619 0.995127 0.997736 0.996717 0.995035 0.997638 0.996071 0.00355774 0.996488 0.994001 0.0103377 0.0103065 0.99635 0.00432545 0.997537 0.993783 0.996556 0.993072 0.996327 0.996295 0.994544 0.0113671 0.994062 0.0118518 0.99739 0.996997 0.0051145 0.992754 0.996679 0.00358761 0.00484067 0.00288707 0.00349658 0.00304608 0.00413977 0.994006 0.991092 0.0042803 0.00231554 0.00564455 0.010135 0.00383365 0.0118111 0.00261292 0.996751 0.00328749 0.992222 0.992762 0.0075004 0.00271335 0.994964 0.996324 0.997815 0.991354 0.995172 0.00369781 0.00663821 0.00324954 0.0026119 0.00175947 0.00476423 0.00490859 0.00344146 0.00417277 0.00349401 0.989786 0.00357117 0.00236478 0.00336634 0.994984 0.00280537 0.00228793 0.991056 0.00231694 0.00398045 0.00203243 0.00328179 0.00328734 0.00595057 0.00610052
0.996011 0.995597 0.99679 0.996301 0.993377 0.996386 0.99573 0.996638 0.00617439 0.995546 0.996873 0.994246 0.00497921 0.0145493 0.00667488 0.00774516 0.9953 0.9965 0.995872 0.996564 0.996203 0.995156 0.997733 0.996724 0.995065 0.997636 0.996082 0.00354686 0.996494 0.994046 0.0101836 0.0101554 0.996362 0.00430352 0.997537 0.993834 0.996562 0.993139 0.996342 0.996305 0.99458 0.0112039 0.994109 0.011673 0.997387 0.997003 0.00508056 0.992819 0.996687 0.00357557 0.00481434 0.0028864 0.00348608 0.00304039 0.00412655 0.994059 0.99121 0.00426169 0.00231747 0.00560283 0.0100014 0.00381619 0.0116402 0.00261658 0.996757 0.00328073 0.992312 0.992839 0.00741966 0.00271249 0.995002 0.996334 0.997811 0.991457 0.995206 0.00368628 0.006579 0.0032432 0.00261567 0.0017664 0.00474194 0.00488124 0.0034353 0.00415595 0.00348292 0.989935 0.00355901 0.00236726 0.00336171 0.99502 0.00280529 0.00229094 0.991163 0.0023188 0.00396578 0.00203788 0.00327565 0.00328037 0.00590466 0.00604662
0.996027 0.995618 0.9968 0.996313 0.99344 0.996395 0.995749 0.996643 0.00612388 0.995568 0.996879 0.994288 0.00494189 0.014293 0.00661221 0.00765612 0.995326 0.996506 0.99589 0.996571 0.996216 0.995184 0.99773 0.996729 0.995095 0.997633 0.996093 0.00353569 0.9965 0.99409 0.0100358 0.0100071 0.996373 0.00428151 0.997537 0.993883 0.996569 0.993203 0.996356 0.996317 0.994615 0.0110432 0.994155 0.0114966 0.997384 0.997007 0.00504696 0.992883 0.996694 0.00356422 0.00478763 0.00288605 0.00347565 0.00303523 0.004113 0.99411 0.991326 0.00424218 0.00231976 0.0055616 0.00986882 0.00379989 0.0114703 0.0026196 0.996762 0.00327469 0.9924 0.992914 0.00734236 0.00271171 0.995039 0.996344 0.997809 0.991558 0.995241 0.0036756 0.00652083 0.00323745 0.00261924 0.00177333 0.00471984 0.00485482 0.00342952 0.00413954 0.00347306 0.990082 0.00354657 0.00236996 0.00335678 0.995056 0.00280571 0.0022937 0.991268 0.00232103 0.00395072 0.00204299 0.00326925 0.00327363 0.00585929 0.00599599
0.996042 0.99564 0.99681 0.996323 0.993501 0.996404 0.995767 0.996647 0.00607417 0.995592 0.996884 0.994329 0.00490544 0.0140426 0.0065506 0.00756927 0.995351 0.996511 0.995909 0.996577 0.996228 0.995213 0.997727 0.996736 0.995125 0.997631 0.996103 0.00352465 0.996506 0.994133 0.00989008 0.00986129 0.996385 0.00426067 0.997537 0.993933 0.996575 0.993265 0.99637 0.996328 0.994651 0.0108858 0.9942 0.011325 0.997381 0.997013 0.0050143 0.992945 0.996702 0.00355293 0.00476147 0.00288592 0.0034651 0.0030298 0.00410029 0.994161 0.99144 0.00422309 0.00232171 0.00551872 0.00974112 0.00378458 0.011305 0.00262316 0.996768 0.0032688 0.992486 0.992986 0.00726755 0.00271088 0.995075 0.996354 0.997806 0.991656 0.995275 0.00366453 0.00646294 0.00323171 0.00262257 0.00178022 0.00469796 0.00482855 0.00342317 0.00412326 0.00346246 0.990227 0.00353446 0.00237221 0.00335221 0.99509 0.0028061 0.00229648 0.991373 0.00232276 0.00393687 0.00204862 0.0032632 0.00326669 0.00581514 0.00594474
0.996058 0.995661 0.99682 0.996334 0.99356 0.996413 0.995786 0.996651 0.00602532 0.995614 0.996889 0.994368 0.0048689 0.0137976 0.00648889 0.00748398 0.995374 0.996517 0.995927 0.996584 0.99624 0.995241 0.997724 0.996741 0.995154 0.997628 0.996114 0.00351372 0.996511 0.994175 0.00974713 0.0097192 0.996397 0.00424035 0.997537 0.993982 0.99658 0.993326 0.996383 0.996339 0.994686 0.0107317 0.994245 0.0111564 0.997377 0.997018 0.00498274 0.993007 0.99671 0.00354114 0.00473599 0.00288589 0.00345504 0.00302464 0.00408745 0.994211 0.991552 0.0042043 0.0023236 0.00547898 0.00961511 0.00376819 0.0111424 0.00262715 0.996774 0.00326276 0.992571 0.993057 0.00719277 0.00271027 0.995111 0.996364 0.997803 0.991754 0.995308 0.0036537 0.00640725 0.00322549 0.00262648 0.00178688 0.00467637 0.00480299 0.00341693 0.00410695 0.00345229 0.990368 0.00352219 0.00237426 0.00334821 0.995125 0.00280668 0.0022998 0.991475 0.00232432 0.00392271 0.0020537 0.00325782 0.00326065 0.00577265 0.00589436
0.996074 0.995681 0.996829 0.996345 0.993618 0.996422 0.995805 0.996656 0.0059779 0.995637 0.996894 0.994408 0.00483354 0.0135615 0.00642972 0.00739966 0.995398 0.996522 0.995946 0.99659 0.996252 0.995268 0.997721 0.996747 0.995183 0.997626 0.996126 0.00350298 0.996516 0.994216 0.00960851 0.00958118 0.996408 0.00421988 0.997536 0.994029 0.996586 0.993386 0.996397 0.99635 0.99472 0.0105805 0.994288 0.0109917 0.997374 0.997024 0.00495114 0.993066 0.996716 0.00352906 0.00471016 0.00288527 0.00344478 0.00301974 0.00407502 0.99426 0.991661 0.00418628 0.00232518 0.00543977 0.00949113 0.00375242 0.0109843 0.00263114 0.996779 0.00325667 0.992655 0.993128 0.00711912 0.00270989 0.995147 0.996373 0.9978 0.991849 0.995341 0.00364297 0.00635134 0.00321924 0.00262968 0.00179385 0.00465594 0.00477711 0.00341041 0.004091 0.00344256 0.990505 0.00351084 0.00237647 0.00334362 0.995158 0.00280717 0.00230289 0.991574 0.00232597 0.00390793 0.00205875 0.00325168 0.00325343 0.00572979 0.00584465
0.996089 0.995702 0.996839 0.996356 0.993677 0.996431 0.995822 0.99666 0.00593148 0.99566 0.996899 0.994448 0.00479877 0.0133293 0.00637172 0.0073178 0.995421 0.996527 0.995964 0.996595 0.996264 0.995295 0.997718 0.996753 0.995212 0.997624 0.996136 0.00349148 0.996522 0.994258 0.00947359 0.00944623 0.99642 0.00419886 0.997536 0.994076 0.996592 0.993445 0.99641 0.996361 0.994754 0.0104349 0.994331 0.0108311 0.997371 0.997028 0.00491906 0.993126 0.996723 0.00351814 0.00468484 0.0028848 0.00343515 0.00301459 0.00406209 0.994308 0.991767 0.00416831 0.00232714 0.00539987 0.00937017 0.00373687 0.0108309 0.00263463 0.996785 0.00325053 0.992737 0.993196 0.00704652 0.00270931 0.995181 0.996383 0.997797 0.991943 0.995373 0.00363319 0.00629551 0.00321346 0.00263289 0.00180067 0.00463422 0.00475301 0.00340421 0.00407632 0.00343258 0.99064 0.00349898 0.00237833 0.00333915 0.995192 0.00280744 0.00230558 0.991671 0.00232812 0.00389402 0.00206389 0.0032458 0.00324646 0.00568869 0.00579623
0.996104 0.995721 0.996849 0.996367 0.993734 0.996439 0.99584 0.996665 0.00588582 0.995683 0.996904 0.994487 0.00476438 0.0131034 0.00631501 0.00723731 0.995444 0.996533 0.995983 0.996601 0.996277 0.995322 0.997715 0.996759 0.99524 0.997621 0.996147 0.00348073 0.996527 0.994298 0.00934057 0.00931372 0.996431 0.00417945 0.997535 0.994122 0.996598 0.993504 0.996423 0.996372 0.994787 0.0102928 0.994374 0.0106745 0.997367 0.997034 0.00488829 0.993185 0.996731 0.00350605 0.00465983 0.00288463 0.00342441 0.00300978 0.00404903 0.994357 0.991871 0.00415029 0.00232856 0.0053616 0.00925339 0.00372146 0.0106785 0.00263839 0.99679 0.0032446 0.992818 0.993263 0.00697704 0.00270882 0.995216 0.996393 0.997794 0.992035 0.995404 0.00362231 0.0062421 0.00320798 0.00263647 0.00180774 0.00461315 0.00472851 0.00339844 0.0040613 0.0034226 0.99077 0.00348724 0.00238021 0.00333515 0.995225 0.00280809 0.00230811 0.991766 0.00232995 0.00388029 0.00206864 0.00324018 0.00323938 0.00564793 0.00574959
0.996119 0.995742 0.996858 0.996378 0.99379 0.996447 0.995858 0.996669 0.00584101 0.995705 0.99691 0.994525 0.00473092 0.012883 0.00625856 0.00715828 0.995467 0.996539 0.996001 0.996607 0.996289 0.995348 0.997713 0.996765 0.995267 0.997619 0.996157 0.00347025 0.996533 0.994337 0.00921077 0.00918518 0.996442 0.00415952 0.997535 0.994167 0.996605 0.993562 0.996435 0.996382 0.99482 0.0101525 0.994414 0.0105214 0.997364 0.997039 0.00485807 0.993243 0.996737 0.00349544 0.0046357 0.00288447 0.00341445 0.00300489 0.00403686 0.994404 0.991973 0.00413269 0.00233006 0.00532403 0.00913963 0.00370659 0.0105317 0.00264186 0.996796 0.00323853 0.992895 0.99333 0.00690813 0.0027081 0.995249 0.996402 0.997791 0.992126 0.995435 0.00361204 0.00618809 0.0032025 0.00263964 0.00181473 0.00459212 0.00470407 0.00339259 0.0040464 0.00341264 0.990898 0.00347636 0.00238227 0.00333046 0.995257 0.00280843 0.00231087 0.99186 0.00233186 0.00386635 0.00207359 0.00323465 0.00323321 0.0056078 0.00570308
0.996133 0.99576 0.996868 0.996389 0.993843 0.996456 0.995875 0.996674 0.00579712 0.995727 0.996915 0.994563 0.00469771 0.0126687 0.00620466 0.00708169 0.995489 0.996544 0.996019 0.996613 0.9963 0.995374 0.99771 0.99677 0.995295 0.997617 0.996167 0.00346035 0.996538 0.994377 0.00908398 0.00905768 0.996453 0.00414024 0.997534 0.994211 0.99661 0.993618 0.996448 0.996392 0.994852 0.0100152 0.994456 0.0103707 0.99736 0.997043 0.00482796 0.993299 0.996745 0.00348433 0.00461147 0.00288418 0.00340512 0.00299973 0.00402481 0.994449 0.992073 0.00411537 0.00233165 0.00528705 0.00902726 0.00369165 0.0103884 0.00264544 0.996802 0.00323284 0.992972 0.993395 0.00684077 0.00270707 0.995282 0.996411 0.997788 0.992214 0.995466 0.0036018 0.00613632 0.00319753 0.00264282 0.00182143 0.00457225 0.00468033 0.0033864 0.00403091 0.00340301 0.991022 0.00346536 0.00238464 0.00332605 0.995288 0.00280914 0.00231404 0.991953 0.0023343 0.00385255 0.00207873 0.00322909 0.00322674 0.00556811 0.00565629
0.996148 0.995779 0.996877 0.996399 0.993897 0.996465 0.995893 0.996678 0.00575369 0.995748 0.996919 0.9946 0.00466495 0.0124603 0.00615039 0.00700487 0.995511 0.996549 0.996037 0.99662 0.996311 0.995398 0.997707 0.996776 0.995322 0.997615 0.996177 0.0034503 0.996543 0.994415 0.00895891 0.00893396 0.996463 0.004121 0.997534 0.994255 0.996616 0.993673 0.99646 0.996403 0.994884 0.00988264 0.994496 0.010223 0.997357 0.997048 0.00479889 0.993354 0.996752 0.00347313 0.00458787 0.00288368 0.0033961 0.00299482 0.00401266 0.994494 0.992171 0.00409836 0.00233366 0.00525006 0.0089157 0.00367676 0.0102487 0.00264894 0.996807 0.00322696 0.993047 0.99346 0.00677351 0.00270657 0.995315 0.996419 0.997786 0.992301 0.995496 0.00359205 0.00608556 0.00319186 0.00264604 0.00182836 0.00455306 0.00465635 0.0033796 0.00401632 0.00339369 0.991144 0.003454 0.00238634 0.00332181 0.995319 0.00280955 0.00231709 0.992042 0.00233596 0.00383961 0.0020838 0.00322358 0.00322061 0.00552994 0.00561163
0.996161 0.995799 0.996885 0.996408 0.99395 0.996473 0.99591 0.996683 0.00570963 0.995769 0.996924 0.994637 0.00463271 0.0122589 0.00609741 0.00692981 0.995533 0.996554 0.996053 0.996626 0.996323 0.995423 0.997705 0.996782 0.995349 0.997612 0.996187 0.00344006 0.996548 0.994452 0.00883775 0.00881365 0.996474 0.00410277 0.997534 0.994298 0.996622 0.993728 0.996473 0.996413 0.994916 0.00975179 0.994535 0.0100805 0.997354 0.997053 0.0047691 0.993409 0.996759 0.00346299 0.00456451 0.00288265 0.00338705 0.00299022 0.00400011 0.994539 0.992267 0.0040816 0.00233504 0.00521413 0.00880657 0.0036619 0.0101111 0.00265241 0.996813 0.00322101 0.99312 0.993522 0.00670722 0.0027057 0.995348 0.996428 0.997783 0.992385 0.995527 0.00358174 0.00603562 0.00318605 0.00264966 0.00183519 0.00453366 0.00463265 0.0033739 0.0040017 0.0033842 0.991263 0.00344308 0.00238875 0.00331743 0.99535 0.00280987 0.00232006 0.992129 0.00233755 0.00382681 0.0020887 0.00321755 0.0032142 0.0054911 0.00556703
0.996176 0.995818 0.996895 0.996418 0.994003 0.996481 0.995926 0.996686 0.00566765 0.995789 0.996928 0.994672 0.00460105 0.0120595 0.00604548 0.00685795 0.995553 0.996558 0.99607 0.996631 0.996333 0.995448 0.997702 0.996787 0.995374 0.99761 0.996196 0.00342991 0.996553 0.994489 0.00871949 0.008695 0.996485 0.00408449 0.997534 0.994341 0.996628 0.993782 0.996485 0.996423 0.994947 0.00962515 0.994574 0.00994095 0.99735 0.997058 0.00474108 0.993462 0.996766 0.00345251 0.00454131 0.00288273 0.00337848 0.00298599 0.00398834 0.994583 0.992362 0.00406504 0.00233675 0.0051791 0.00870086 0.00364736 0.00997776 0.00265504 0.996818 0.00321532 0.993192 0.993584 0.00664366 0.00270503 0.995379 0.996437 0.99778 0.992467 0.995556 0.003572 0.00598613 0.00318095 0.00265283 0.00184174 0.00451482 0.00460914 0.00336784 0.00398719 0.00337498 0.99138 0.00343163 0.00239086 0.0033134 0.995381 0.00281042 0.00232281 0.992215 0.0023392 0.00381365 0.00209367 0.00321219 0.00320799 0.00545302 0.00552298
0.99619 0.995837 0.996904 0.996428 0.994053 0.996489 0.995943 0.99669 0.00562636 0.99581 0.996933 0.994708 0.00457059 0.0118653 0.00599407 0.00678757 0.995574 0.996563 0.996087 0.996637 0.996345 0.995472 0.9977 0.996792 0.9954 0.997608 0.996206 0.00341999 0.996558 0.994526 0.00860284 0.00857982 0.996495 0.00406586 0.997533 0.994381 0.996634 0.993833 0.996496 0.996433 0.994978 0.0095015 0.994613 0.00980466 0.997348 0.997062 0.00471366 0.993514 0.996773 0.00344162 0.00451842 0.00288252 0.00336934 0.00298178 0.00397678 0.994626 0.992453 0.00404919 0.0023384 0.00514401 0.00859649 0.00363266 0.00984682 0.00265827 0.996823 0.00321 0.993262 0.993643 0.00658203 0.0027046 0.995411 0.996445 0.997777 0.992548 0.995585 0.00356213 0.00593762 0.00317589 0.00265635 0.00184844 0.00449648 0.004586 0.00336189 0.0039736 0.00336583 0.991494 0.00342084 0.00239303 0.00330921 0.99541 0.00281062 0.00232531 0.992297 0.00234115 0.00380125 0.00209843 0.00320707 0.00320174 0.00541538 0.00548019
0.996204 0.995855 0.996912 0.996438 0.994104 0.996497 0.995959 0.996694 0.00558571 0.99583 0.996937 0.994742 0.00454005 0.0116763 0.00594411 0.00671685 0.995595 0.996568 0.996104 0.996643 0.996356 0.995496 0.997697 0.996798 0.995425 0.997605 0.996215 0.00340981 0.996563 0.994562 0.00848933 0.00846677 0.996505 0.00404803 0.997533 0.994422 0.996639 0.993887 0.996509 0.996443 0.995008 0.00937961 0.99465 0.00967163 0.997344 0.997067 0.00468659 0.993566 0.99678 0.00343155 0.00449637 0.00288181 0.00336021 0.0029776 0.00396503 0.994669 0.992542 0.00403375 0.00233991 0.00511008 0.00849547 0.00361853 0.0097182 0.00266163 0.996828 0.003205 0.993331 0.993701 0.0065201 0.00270392 0.995441 0.996454 0.997774 0.992627 0.995612 0.00355303 0.00589011 0.00317045 0.00265951 0.00185486 0.00447746 0.00456426 0.00335623 0.00395938 0.00335673 0.991605 0.00340993 0.00239519 0.00330502 0.99544 0.00281158 0.00232778 0.99238 0.00234249 0.00378886 0.00210347 0.00320179 0.00319598 0.0053793 0.00543776
0.996217 0.995872 0.996921 0.996448 0.994154 0.996506 0.995976 0.996698 0.00554499 0.995849 0.996942 0.994776 0.0045088 0.0114917 0.00589412 0.00664749 0.995616 0.996573 0.99612 0.996648 0.996367 0.99552 0.997694 0.996803 0.995449 0.997603 0.996225 0.00340048 0.996568 0.994598 0.00837894 0.00835735 0.996516 0.00403061 0.997532 0.994461 0.996644 0.993938 0.99652 0.996452 0.995038 0.00926033 0.994688 0.00954179 0.997341 0.997072 0.0046596 0.993618 0.996786 0.00342147 0.00447397 0.00288095 0.00335097 0.00297306 0.00395333 0.99471 0.992631 0.00401814 0.00234161 0.00507649 0.00839664 0.00360418 0.00959308 0.00266461 0.996833 0.00319979 0.993399 0.993758 0.00646004 0.00270299 0.995471 0.996462 0.997771 0.992704 0.99564 0.00354289 0.00584299 0.00316528 0.00266269 0.00186109 0.00445953 0.00454197 0.0033506 0.00394542 0.00334841 0.991714 0.00339912 0.00239712 0.00330086 0.995469 0.00281198 0.00233035 0.992461 0.00234408 0.00377595 0.00210867 0.00319652 0.0031898 0.00534295 0.00539616
0.99623 0.99589 0.996929 0.996457 0.994203 0.996514 0.995991 0.996702 0.00550465 0.995868 0.996946 0.994809 0.00447905 0.0113133 0.00584517 0.00657893 0.995636 0.996578 0.996136 0.996654 0.996378 0.995544 0.997692 0.996808 0.995474 0.997601 0.996234 0.00339055 0.996574 0.994633 0.00827109 0.00824931 0.996526 0.00401294 0.997532 0.9945 0.99665 0.993988 0.996532 0.996461 0.995067 0.0091431 0.994724 0.0094142 0.997338 0.997076 0.00463283 0.993668 0.996793 0.00341115 0.00445101 0.0028805 0.00334204 0.00296901 0.00394256 0.994751 0.992716 0.00400282 0.00234312 0.00504359 0.00829896 0.00359004 0.00946917 0.0026681 0.996838 0.00319501 0.993466 0.993814 0.00640026 0.00270235 0.995501 0.996471 0.997768 0.99278 0.995669 0.00353357 0.00579698 0.00315974 0.0026663 0.00186781 0.00444109 0.00452029 0.00334482 0.0039317 0.00333975 0.99182 0.00338875 0.00239892 0.00329648 0.995497 0.00281185 0.00233297 0.99254 0.00234604 0.00376361 0.00211352 0.00319144 0.00318376 0.00530806 0.00535544
0.996243 0.995907 0.996937 0.996467 0.994251 0.996522 0.996006 0.996706 0.00546564 0.995887 0.996951 0.994843 0.00445044 0.011138 0.00579734 0.00651212 0.995656 0.996583 0.996151 0.996659 0.996389 0.995567 0.997689 0.996813 0.995498 0.997599 0.996243 0.00338061 0.996579 0.994667 0.00816422 0.00814335 0.996536 0.00399544 0.997531 0.994537 0.996656 0.994037 0.996544 0.99647 0.995095 0.00902823 0.99476 0.00928896 0.997334 0.997081 0.00460648 0.993718 0.9968 0.00340159 0.00443025 0.0028795 0.00333285 0.00296434 0.0039316 0.994791 0.992801 0.00398688 0.00234458 0.00501034 0.00820362 0.00357645 0.00934735 0.00267141 0.996843 0.00319006 0.993531 0.99387 0.00634258 0.00270141 0.99553 0.996479 0.997765 0.992854 0.995697 0.00352365 0.0057523 0.00315467 0.00266905 0.00187439 0.00442307 0.00449949 0.00333986 0.00391819 0.00333123 0.991924 0.00337838 0.00240097 0.0032921 0.995525 0.00281235 0.00233586 0.992618 0.00234785 0.0037515 0.00211815 0.00318644 0.00317719 0.00527343 0.00531556
0.996256 0.995925 0.996945 0.996477 0.994297 0.996529 0.996022 0.99671 0.00542674 0.995906 0.996955 0.994875 0.00442259 0.0109676 0.00575107 0.0064463 0.995676 0.996588 0.996167 0.996665 0.9964 0.995589 0.997687 0.996818 0.995522 0.997596 0.996253 0.00337149 0.996583 0.994701 0.00806198 0.00803919 0.996546 0.0039778 0.997531 0.994575 0.996661 0.994085 0.996555 0.99648 0.995123 0.00891685 0.994795 0.00916659 0.997332 0.997085 0.00458026 0.993767 0.996806 0.00339193 0.00440942 0.00287941 0.00332436 0.00295988 0.00391973 0.994831 0.992883 0.00397044 0.00234622 0.00497806 0.0081091 0.00356329 0.00923006 0.00267413 0.996848 0.0031849 0.993595 0.993924 0.00628553 0.00270037 0.995559 0.996487 0.997763 0.992927 0.995723 0.00351458 0.00570693 0.0031496 0.00267231 0.00188084 0.0044058 0.00447817 0.00333497 0.0039049 0.00332252 0.992026 0.0033687 0.00240347 0.00328777 0.995552 0.00281287 0.00233834 0.992696 0.00234937 0.00373969 0.00212278 0.00318112 0.00317138 0.00523914 0.00527606
0.996269 0.995942 0.996953 0.996486 0.994343 0.996536 0.996037 0.996713 0.00538971 0.995925 0.996959 0.994907 0.00439437 0.0108004 0.00570427 0.00638303 0.995696 0.996593 0.996182 0.99667 0.99641 0.995611 0.997684 0.996823 0.995546 0.997594 0.996262 0.00336234 0.996589 0.994735 0.00795911 0.00793735 0.996555 0.00396078 0.997531 0.994612 0.996667 0.994133 0.996566 0.996489 0.995152 0.00880797 0.994829 0.00904752 0.997329 0.99709 0.00455452 0.993814 0.996813 0.00338231 0.00438776 0.00287902 0.00331582 0.00295642 0.00390842 0.994871 0.992963 0.00395571 0.0023479 0.00494656 0.00801856 0.00354968 0.00911507 0.00267716 0.996853 0.00317911 0.993658 0.993978 0.00623 0.00269972 0.995587 0.996495 0.99776 0.992998 0.995749 0.00350516 0.00566287 0.00314456 0.00267545 0.00188746 0.00438753 0.00445763 0.00332914 0.00389213 0.00331306 0.992126 0.00335874 0.00240535 0.00328372 0.995579 0.00281408 0.00234087 0.992771 0.00235117 0.00372729 0.00212779 0.00317561 0.00316518 0.00520655 0.00523735
0.996282 0.995958 0.996962 0.996495 0.994389 0.996543 0.996052 0.996717 0.00535254 0.995944 0.996964 0.994939 0.00436627 0.0106374 0.00565878 0.00632162 0.995715 0.996598 0.996198 0.996674 0.99642 0.995632 0.997682 0.996828 0.995568 0.997592 0.996271 0.00335356 0.996595 0.994768 0.00785842 0.00783862 0.996565 0.00394352 0.997531 0.994649 0.996673 0.994179 0.996577 0.996498 0.995179 0.00869864 0.994864 0.0089315 0.997325 0.997094 0.0045293 0.993862 0.996819 0.00337298 0.00436653 0.00287824 0.00330744 0.00295264 0.00389689 0.994908 0.993043 0.00394085 0.00234945 0.00491544 0.00792769 0.00353732 0.00900192 0.00268001 0.996858 0.00317436 0.99372 0.99403 0.0061741 0.00269938 0.995615 0.996503 0.997757 0.993069 0.995775 0.00349625 0.00561971 0.00313921 0.00267809 0.00189389 0.00437024 0.00443677 0.003324 0.00387873 0.00330424 0.992224 0.00334902 0.00240724 0.00327998 0.995606 0.00281443 0.00234337 0.992845 0.0023529 0.00371528 0.00213209 0.0031704 0.00315969 0.00517323 0.00519862
0.996295 0.995975 0.996969 0.996504 0.994434 0.996551 0.996068 0.996721 0.00531681 0.995962 0.996968 0.99497 0.00433874 0.0104789 0.00561396 0.00626032 0.995734 0.996602 0.996212 0.996679 0.99643 0.995655 0.997679 0.996833 0.995591 0.99759 0.99628 0.00334389 0.996599 0.9948 0.00776216 0.00774153 0.996574 0.00392698 0.997531 0.994685 0.996678 0.994225 0.996588 0.996507 0.995205 0.00859297 0.994898 0.00881769 0.997322 0.997099 0.00450419 0.993908 0.996825 0.00336368 0.00434662 0.00287771 0.00329966 0.00294871 0.00388596 0.994947 0.99312 0.00392598 0.00235093 0.00488483 0.00784014 0.0035246 0.00889092 0.00268256 0.996863 0.00316968 0.993781 0.994082 0.00611977 0.00269838 0.995643 0.996511 0.997754 0.993138 0.9958 0.0034873 0.005577 0.00313419 0.00268131 0.0019 0.00435235 0.00441673 0.00331928 0.00386569 0.00329568 0.992318 0.00333935 0.00240893 0.00327641 0.995633 0.00281498 0.00234633 0.992917 0.00235457 0.00370417 0.00213686 0.00316578 0.00315349 0.00514011 0.00516076
0.996308 0.995991 0.996977 0.996513 0.994478 0.996557 0.996082 0.996725 0.0052805 0.99598 0.996972 0.995 0.00431169 0.0103241 0.00557052 0.00620136 0.995753 0.996607 0.996228 0.996684 0.996441 0.995676 0.997676 0.996838 0.995613 0.997588 0.996289 0.00333529 0.996604 0.994832 0.007667 0.00764764 0.996583 0.0039114 0.997531 0.99472 0.996683 0.99427 0.996599 0.996516 0.995233 0.00849108 0.994931 0.00870577 0.997319 0.997102 0.00448008 0.993954 0.996831 0.00335453 0.00432648 0.00287719 0.00329145 0.00294451 0.00387546 0.994984 0.993196 0.00391135 0.0023523 0.00485471 0.00775415 0.00351202 0.00878312 0.00268578 0.996867 0.00316463 0.993842 0.994131 0.00606662 0.00269741 0.99567 0.996518 0.997751 0.993207 0.995825 0.00347913 0.00553503 0.0031295 0.00268455 0.00190594 0.0043356 0.00439666 0.00331436 0.00385314 0.00328734 0.992412 0.00332976 0.00241101 0.00327292 0.995658 0.00281598 0.00234861 0.992987 0.00235614 0.00369285 0.00214157 0.00316106 0.00314783 0.00510788 0.00512359
0.996321 0.996007 0.996984 0.996521 0.994521 0.996565 0.996097 0.996729 0.00524645 0.995997 0.996976 0.995031 0.0042849 0.0101712 0.00552646 0.00614115 0.995771 0.996612 0.996243 0.99669 0.99645 0.995697 0.997674 0.996843 0.995635 0.997586 0.996298 0.0033269 0.996608 0.994863 0.00757389 0.00755646 0.996593 0.003896 0.997531 0.994755 0.996688 0.994314 0.99661 0.996524 0.995259 0.00838966 0.994964 0.00859629 0.997316 0.997107 0.00445619 0.993999 0.996838 0.0033452 0.00430597 0.00287683 0.00328309 0.00294044 0.00386507 0.995021 0.993269 0.0038967 0.00235392 0.00482437 0.00767061 0.00349939 0.00867696 0.0026883 0.996873 0.00316016 0.9939 0.994182 0.00601463 0.00269634 0.995696 0.996526 0.997749 0.993273 0.99585 0.00347009 0.00549422 0.00312457 0.00268724 0.00191226 0.00431834 0.00437614 0.00330871 0.00384127 0.00327933 0.992505 0.00332072 0.00241308 0.0032694 0.995684 0.00281634 0.00235091 0.993056 0.00235712 0.00368107 0.00214596 0.00315621 0.00314241 0.00507577 0.0050869
0.996333 0.996024 0.996992 0.99653 0.994564 0.996572 0.996111 0.996733 0.00521083 0.996014 0.99698 0.99506 0.00425781 0.0100244 0.00548417 0.00608421 0.99579 0.996616 0.996256 0.996695 0.99646 0.995717 0.997671 0.996848 0.995657 0.997584 0.996307 0.00331868 0.996612 0.994894 0.00748247 0.00746534 0.996602 0.00388034 0.99753 0.99479 0.996693 0.994358 0.996621 0.996533 0.995285 0.00829054 0.994997 0.0084905 0.997313 0.997111 0.00443184 0.994043 0.996843 0.00333583 0.00428637 0.00287629 0.00327543 0.00293638 0.00385467 0.995058 0.993341 0.00388282 0.00235558 0.00479486 0.00758792 0.00348739 0.00857424 0.00269077 0.996877 0.00315563 0.993957 0.99423 0.00596283 0.00269551 0.995722 0.996533 0.997745 0.993338 0.995874 0.00346181 0.00545368 0.00311959 0.0026897 0.0019183 0.00430222 0.00435648 0.00330356 0.00382945 0.0032721 0.992594 0.00331118 0.00241473 0.00326546 0.99571 0.00281687 0.00235295 0.993122 0.00235824 0.00366986 0.00215029 0.00315092 0.00313738 0.00504446 0.00505038
0.996345 0.996039 0.997 0.996539 0.994605 0.99658 0.996125 0.996737 0.00517677 0.996031 0.996984 0.995089 0.00423177 0.00987995 0.00544247 0.00602655 0.995808 0.996621 0.996271 0.996701 0.996469 0.995737 0.997669 0.996853 0.995678 0.997583 0.996315 0.00331078 0.996617 0.994926 0.00739338 0.00737773 0.996611 0.00386432 0.99753 0.994823 0.996699 0.994402 0.996631 0.996541 0.995311 0.00819357 0.995027 0.0083853 0.99731 0.997116 0.00440767 0.994086 0.99685 0.00332658 0.0042671 0.00287604 0.00326737 0.00293214 0.00384484 0.995093 0.993413 0.00386899 0.00235719 0.00476585 0.00750755 0.00347567 0.00847315 0.00269352 0.996882 0.00315074 0.994012 0.994278 0.00591146 0.00269488 0.995747 0.99654 0.997743 0.993402 0.995897 0.003453 0.00541436 0.00311466 0.00269266 0.00192437 0.00428643 0.00433723 0.00329832 0.00381675 0.00326446 0.992682 0.00330203 0.00241691 0.00326186 0.995736 0.00281734 0.00235517 0.993189 0.00235978 0.00365834 0.00215494 0.00314611 0.0031325 0.00501454 0.00501522
0.996357 0.996055 0.997006 0.996547 0.994646 0.996587 0.996139 0.996741 0.00514302 0.996048 0.996989 0.995117 0.00420673 0.00973961 0.00540134 0.00596976 0.995825 0.996625 0.996285 0.996706 0.996479 0.995758 0.997667 0.996858 0.995699 0.997581 0.996323 0.00330242 0.996621 0.994955 0.00730556 0.00729085 0.996619 0.00384943 0.99753 0.994856 0.996704 0.994444 0.996642 0.996549 0.995336 0.00809982 0.995058 0.00828278 0.997308 0.99712 0.00438486 0.994128 0.996856 0.00331762 0.00424783 0.00287568 0.00325937 0.00292751 0.0038346 0.995127 0.993483 0.00385498 0.00235831 0.00473814 0.00742837 0.00346362 0.00837279 0.00269608 0.996887 0.00314545 0.994067 0.994326 0.00586236 0.00269462 0.995772 0.996547 0.99774 0.993464 0.995921 0.00344472 0.00537508 0.00311 0.00269546 0.00193042 0.00427023 0.00431808 0.00329345 0.00380514 0.00325684 0.992768 0.0032926 0.00241917 0.00325848 0.99576 0.00281783 0.00235784 0.993254 0.00236142 0.00364733 0.00215939 0.00314118 0.00312666 0.00498368 0.00498054
0.996369 0.99607 0.997014 0.996555 0.994685 0.996594 0.996152 0.996744 0.00511022 0.996065 0.996993 0.995146 0.00418165 0.00960109 0.00536096 0.00591583 0.995843 0.996629 0.996299 0.996711 0.996488 0.995777 0.997664 0.996863 0.995721 0.997579 0.996332 0.00329435 0.996625 0.994985 0.00721947 0.00720543 0.996628 0.00383438 0.99753 0.994889 0.996709 0.994485 0.996652 0.996558 0.99536 0.00800805 0.995089 0.0081824 0.997305 0.997124 0.00436144 0.994171 0.996861 0.00330959 0.0042287 0.00287558 0.00325171 0.00292365 0.0038248 0.995161 0.993552 0.00384152 0.00235978 0.00470979 0.00735181 0.00345155 0.00827757 0.00269867 0.996891 0.00314067 0.994122 0.994373 0.0058139 0.00269435 0.995798 0.996554 0.997737 0.993526 0.995944 0.00343585 0.0053368 0.00310598 0.00269858 0.00193686 0.00425399 0.00429996 0.00328858 0.00379265 0.00324922 0.99285 0.0032841 0.00242112 0.00325482 0.995784 0.00281773 0.0023602 0.993319 0.00236266 0.00363631 0.00216409 0.00313605 0.00312102 0.00495415 0.00494738
0.99638 0.996086 0.997021 0.996563 0.994725 0.996601 0.996166 0.996748 0.00507756 0.996081 0.996997 0.995174 0.00415678 0.00946603 0.00532079 0.00586248 0.99586 0.996634 0.996313 0.996716 0.996498 0.995796 0.997662 0.996867 0.995741 0.997577 0.99634 0.00328653 0.99663 0.995015 0.00713525 0.00712117 0.996637 0.00381871 0.997529 0.994923 0.996714 0.994526 0.996662 0.996567 0.995384 0.00791707 0.995119 0.0080844 0.997302 0.997128 0.00433932 0.994212 0.996867 0.00330072 0.00421012 0.00287547 0.0032442 0.00291934 0.00381471 0.995194 0.993619 0.00382787 0.0023617 0.00468217 0.00727605 0.00343974 0.00818399 0.00270129 0.996896 0.0031367 0.994174 0.994419 0.00576518 0.00269382 0.995823 0.996561 0.997735 0.993586 0.995967 0.00342732 0.00529959 0.00310156 0.00270175 0.0019429 0.00423831 0.0042821 0.00328386 0.00378114 0.00324131 0.992933 0.00327521 0.00242326 0.00325111 0.995808 0.00281792 0.00236273 0.993381 0.00236397 0.00362555 0.00216809 0.00313172 0.00311613 0.00492495 0.00491381
0.996392 0.9961 0.997028 0.996571 0.994762 0.996608 0.996179 0.996752 0.00504526 0.996098 0.997 0.995201 0.00413298 0.00933603 0.00528075 0.00580888 0.995877 0.996638 0.996328 0.996722 0.996507 0.995816 0.99766 0.996872 0.995761 0.997575 0.996348 0.00327836 0.996635 0.995043 0.00705279 0.0070394 0.996645 0.00380329 0.997529 0.994955 0.996719 0.994566 0.996672 0.996575 0.995408 0.00782837 0.995148 0.00798803 0.997299 0.997132 0.00431728 0.994252 0.996873 0.00329197 0.00419122 0.00287513 0.00323676 0.00291541 0.00380539 0.995227 0.993686 0.00381432 0.00236352 0.00465468 0.00720136 0.00342781 0.00809107 0.00270382 0.9969 0.00313201 0.994226 0.994465 0.00571743 0.00269308 0.995847 0.996568 0.997733 0.993646 0.99599 0.00341912 0.00526235 0.00309707 0.00270486 0.00194877 0.00422263 0.0042632 0.00327933 0.00377025 0.00323397 0.993014 0.00326683 0.0024258 0.00324736 0.995832 0.0028184 0.00236485 0.993442 0.00236488 0.00361517 0.00217288 0.00312711 0.00311065 0.00489688 0.00488088
0.996403 0.996115 0.997035 0.996579 0.994801 0.996614 0.996192 0.996755 0.00501348 0.996114 0.997004 0.995228 0.00410918 0.00920817 0.00524226 0.00575742 0.995894 0.996643 0.996341 0.996726 0.996516 0.995836 0.997657 0.996877 0.995781 0.997573 0.996355 0.00327058 0.99664 0.995072 0.00697219 0.00695904 0.996654 0.00378812 0.997529 0.994986 0.996724 0.994606 0.996682 0.996583 0.995432 0.00774172 0.995178 0.00789386 0.997296 0.997135 0.00429592 0.994292 0.996878 0.00328317 0.00417312 0.0028744 0.00322941 0.00291175 0.00379604 0.99526 0.993749 0.00380195 0.00236518 0.00462825 0.00712844 0.00341633 0.00799846 0.00270669 0.996905 0.00312801 0.994277 0.994508 0.00567107 0.00269227 0.995871 0.996575 0.99773 0.993705 0.996012 0.00341108 0.0052263 0.00309319 0.00270746 0.00195475 0.00420784 0.00424464 0.00327456 0.00375845 0.00322707 0.993093 0.00325799 0.00242774 0.00324369 0.995855 0.00281888 0.00236725 0.993503 0.00236657 0.00360388 0.00217737 0.00312239 0.00310511 0.00486872 0.00484775
0.996415 0.996129 0.997042 0.996587 0.994838 0.996621 0.996205 0.996758 0.00498306 0.99613 0.997008 0.995255 0.0040853 0.00908372 0.00520406 0.00570626 0.995911 0.996647 0.996354 0.996731 0.996525 0.995854 0.997655 0.996882 0.995801 0.997572 0.996363 0.00326206 0.996643 0.9951 0.00689317 0.00688107 0.996662 0.00377343 0.997529 0.995018 0.996728 0.994644 0.996691 0.996591 0.995455 0.0076562 0.995207 0.00780163 0.997293 0.997139 0.00427493 0.994331 0.996883 0.00327513 0.00415482 0.00287437 0.00322202 0.00290783 0.00378683 0.995292 0.993812 0.00378995 0.00236639 0.00460159 0.00705588 0.00340491 0.0079104 0.00270953 0.996909 0.0031236 0.994328 0.994552 0.00562537 0.00269213 0.995894 0.996582 0.997727 0.993762 0.996033 0.00340345 0.00519041 0.00308891 0.00270993 0.00196045 0.00419246 0.00422607 0.00326977 0.00374692 0.00321999 0.993169 0.00324901 0.00242977 0.00324015 0.995877 0.00281926 0.00236941 0.993562 0.00236819 0.00359305 0.00218153 0.00311773 0.00309998 0.0048415 0.0048155
0.996426 0.996143 0.997049 0.996594 0.994875 0.996627 0.996217 0.996762 0.00495239 0.996145 0.997012 0.995281 0.00406216 0.00896184 0.00516723 0.00565534 0.995927 0.99665 0.996368 0.996735 0.996535 0.995873 0.997653 0.996886 0.99582 0.997569 0.996371 0.00325467 0.996647 0.995128 0.00681612 0.00680339 0.99667 0.00375882 0.997529 0.995049 0.996733 0.994683 0.9967 0.996599 0.995479 0.00757288 0.995236 0.00771237 0.99729 0.997143 0.00425342 0.99437 0.996888 0.00326682 0.00413805 0.00287356 0.00321476 0.00290424 0.00377725 0.995324 0.993875 0.00377774 0.00236792 0.00457513 0.00698475 0.0033938 0.00782344 0.00271237 0.996913 0.00311877 0.994377 0.994594 0.0055808 0.00269166 0.995918 0.996589 0.997725 0.993818 0.996055 0.00339588 0.00515492 0.00308482 0.00271271 0.00196613 0.00417739 0.00420841 0.00326519 0.00373556 0.00321311 0.993245 0.00324019 0.00243127 0.00323665 0.995899 0.0028197 0.00237197 0.993621 0.00236964 0.0035829 0.00218576 0.00311312 0.00309555 0.00481391 0.00478435
0.996436 0.996157 0.997055 0.996603 0.994911 0.996634 0.99623 0.996765 0.00492224 0.99616 0.997016 0.995307 0.00403934 0.00884271 0.00513065 0.005606 0.995943 0.996655 0.99638 0.99674 0.996543 0.995891 0.99765 0.996891 0.99584 0.997567 0.996378 0.00324707 0.996651 0.995156 0.00674024 0.00672752 0.996678 0.00374486 0.997529 0.995079 0.996737 0.994721 0.99671 0.996607 0.995501 0.00749125 0.995264 0.00762408 0.997287 0.997148 0.0042321 0.994408 0.996894 0.00325799 0.00412079 0.0028737 0.00320679 0.00290093 0.00376784 0.995355 0.993937 0.00376469 0.00236943 0.00454921 0.0069157 0.00338264 0.00773736 0.00271562 0.996918 0.00311468 0.994426 0.994636 0.00553674 0.00269101 0.995941 0.996597 0.997723 0.993873 0.996076 0.00338824 0.00512054 0.00308029 0.0027155 0.00197216 0.00416322 0.00419129 0.00326092 0.00372393 0.0032058 0.99332 0.00323122 0.00243314 0.00323311 0.995921 0.00282022 0.00237425 0.993678 0.0023708 0.00357304 0.00218982 0.00310911 0.00309106 0.00478581 0.0047534
0.996446 0.996172 0.997062 0.99661 0.994947 0.99664 0.996241 0.996768 0.0048928 0.996175 0.99702 0.995332 0.00401704 0.00872478 0.00509477 0.00555664 0.995958 0.996659 0.996393 0.996744 0.996552 0.995909 0.997648 0.996895 0.995859 0.997566 0.996386 0.00323973 0.996655 0.995183 0.00666718 0.00665321 0.996686 0.00373034 0.997528 0.995108 0.996742 0.994759 0.996719 0.996615 0.995523 0.00741185 0.995292 0.00753782 0.997284 0.997152 0.00421165 0.994445 0.996899 0.0032494 0.00410418 0.00287374 0.00319993 0.00289727 0.00375954 0.995385 0.993999 0.00375255 0.00237075 0.00452359 0.00684709 0.00337193 0.00765279 0.00271826 0.996922 0.00311028 0.994473 0.994678 0.00549234 0.00269037 0.995963 0.996603 0.99772 0.993926 0.996098 0.00338053 0.00508645 0.00307613 0.00271812 0.00197792 0.0041498 0.00417398 0.00325677 0.00371328 0.00319883 0.993391 0.00322285 0.00243485 0.0032297 0.995942 0.00282056 0.002377 0.993735 0.0023723 0.0035631 0.00219392 0.00310495 0.00308639 0.00475983 0.00472359
0.996457 0.996185 0.997069 0.996618 0.994983 0.996646 0.996253 0.996771 0.00486359 0.99619 0.997024 0.995357 0.00399533 0.0086112 0.00506047 0.00550913 0.995974 0.996663 0.996405 0.996748 0.99656 0.995927 0.997646 0.996899 0.995878 0.997564 0.996394 0.00323202 0.996659 0.995209 0.00659408 0.00658077 0.996694 0.00371646 0.997528 0.995138 0.996746 0.994795 0.996728 0.996622 0.995545 0.00733309 0.995319 0.00745366 0.997282 0.997155 0.00419132 0.994482 0.996904 0.00324176 0.00408761 0.00287314 0.00319257 0.00289396 0.0037505 0.995415 0.994057 0.00374068 0.00237252 0.00449872 0.00678178 0.0033619 0.00756827 0.00272047 0.996926 0.00310613 0.99452 0.994719 0.00544944 0.00268965 0.995985 0.99661 0.997718 0.993979 0.996118 0.00337264 0.00505285 0.00307196 0.00272051 0.00198385 0.00413597 0.00415651 0.00325223 0.00370198 0.00319107 0.993463 0.00321434 0.00243651 0.00322685 0.995964 0.00282108 0.00237913 0.99379 0.00237378 0.00355325 0.00219787 0.00310077 0.00308132 0.00473316 0.0046929
0.996468 0.996199 0.997076 0.996625 0.995017 0.996652 0.996266 0.996774 0.00483515 0.996205 0.997028 0.995382 0.00397335 0.00849918 0.0050249 0.00546266 0.995989 0.996667 0.996418 0.996753 0.996569 0.995944 0.997643 0.996903 0.995896 0.997561 0.996401 0.00322446 0.996663 0.995235 0.00652376 0.00650986 0.996702 0.00370329 0.997528 0.995167 0.99675 0.994832 0.996738 0.99663 0.995567 0.00725501 0.995346 0.00736952 0.99728 0.997159 0.00417152 0.994518 0.996909 0.00323426 0.00407116 0.00287257 0.00318551 0.00288998 0.00374134 0.995445 0.994114 0.00372882 0.00237395 0.00447452 0.00671621 0.00335168 0.00748741 0.00272311 0.99693 0.00310186 0.994566 0.994759 0.00540807 0.00268845 0.996008 0.996617 0.997715 0.994031 0.996138 0.00336506 0.00502032 0.00306807 0.00272284 0.00198955 0.00412139 0.00413983 0.00324745 0.00369092 0.00318383 0.993532 0.00320625 0.00243847 0.00322365 0.995985 0.00282137 0.00238125 0.993843 0.00237536 0.00354359 0.00220223 0.00309651 0.00307679 0.00470705 0.0046638
0.996479 0.996212 0.997082 0.996632 0.99505 0.996658 0.996278 0.996777 0.00480692 0.99622 0.997032 0.995406 0.0039513 0.00839062 0.00499079 0.00541683 0.996004 0.996671 0.996431 0.996757 0.996577 0.995962 0.997641 0.996907 0.995915 0.99756 0.996409 0.00321791 0.996667 0.995261 0.0064548 0.00644068 0.996711 0.00368933 0.997528 0.995195 0.996755 0.994867 0.996747 0.996638 0.99559 0.00717961 0.995372 0.00728959 0.997277 0.997163 0.00415194 0.994554 0.996915 0.00322652 0.00405415 0.00287211 0.00317855 0.00288644 0.00373328 0.995474 0.994171 0.00371735 0.00237531 0.00445074 0.00665159 0.00334071 0.0074082 0.00272566 0.996934 0.00309761 0.994611 0.994799 0.00536644 0.0026878 0.996029 0.996623 0.997713 0.994083 0.996157 0.00335784 0.0049876 0.00306369 0.00272586 0.00199516 0.00410769 0.00412279 0.00324328 0.00368021 0.00317688 0.993602 0.00319828 0.00244028 0.00322062 0.996006 0.00282184 0.00238368 0.993898 0.00237667 0.00353362 0.00220667 0.00309246 0.00307181 0.00468198 0.00463514
0.996488 0.996225 0.997089 0.996639 0.995085 0.996664 0.99629 0.996781 0.00477827 0.996234 0.997035 0.99543 0.00392909 0.00828359 0.00495689 0.00537242 0.996019 0.996675 0.996443 0.996762 0.996586 0.995978 0.997639 0.996911 0.995933 0.997558 0.996416 0.0032104 0.996671 0.995285 0.00638763 0.00637368 0.996718 0.00367631 0.997527 0.995223 0.996759 0.994901 0.996756 0.996646 0.99561 0.00710506 0.995398 0.00721082 0.997275 0.997166 0.0041324 0.994588 0.99692 0.00321883 0.00403825 0.00287191 0.00317232 0.00288272 0.00372454 0.995503 0.994226 0.00370539 0.0023769 0.00442713 0.00658868 0.00333024 0.00733066 0.00272832 0.996938 0.0030937 0.994654 0.994837 0.0053267 0.00268747 0.99605 0.99663 0.99771 0.994134 0.996177 0.0033497 0.00495554 0.00305956 0.00272834 0.00200121 0.00409379 0.00410629 0.00323913 0.00366945 0.00317028 0.993669 0.00319017 0.00244209 0.00321729 0.996026 0.00282201 0.00238603 0.993951 0.0023778 0.00352409 0.00221025 0.00308834 0.00306712 0.00465661 0.00460633
0.996498 0.996238 0.997095 0.996647 0.995117 0.99667 0.996302 0.996784 0.00475047 0.996249 0.997039 0.995454 0.00390825 0.00817778 0.00492374 0.00532817 0.996034 0.996678 0.996455 0.996766 0.996594 0.995995 0.997636 0.996916 0.995951 0.997556 0.996424 0.00320315 0.996675 0.995309 0.00632055 0.00630626 0.996725 0.00366268 0.997527 0.99525 0.996764 0.994935 0.996765 0.996653 0.995631 0.00703079 0.995424 0.00713255 0.997272 0.99717 0.00411347 0.994622 0.996925 0.00321128 0.00402214 0.00287206 0.00316603 0.00287893 0.00371543 0.995531 0.994281 0.0036936 0.00237815 0.00440398 0.00652666 0.00332022 0.00725353 0.00273079 0.996941 0.00308932 0.994698 0.994876 0.00528695 0.00268665 0.996071 0.996636 0.997708 0.994184 0.996196 0.00334244 0.0049237 0.00305564 0.00273088 0.00200681 0.00408004 0.00409081 0.0032344 0.00365904 0.00316358 0.993734 0.00318228 0.00244385 0.00321439 0.996046 0.0028218 0.00238841 0.994002 0.0023793 0.00351496 0.00221438 0.00308406 0.00306246 0.00463145 0.00457835
0.996508 0.996251 0.997101 0.996655 0.99515 0.996676 0.996314 0.996787 0.0047228 0.996263 0.997042 0.995477 0.00388781 0.00807313 0.00489025 0.00528566 0.996048 0.996681 0.996467 0.99677 0.996602 0.996012 0.997635 0.99692 0.995968 0.997555 0.996431 0.00319661 0.996679 0.995334 0.00625494 0.00624148 0.996733 0.00364973 0.997527 0.995278 0.996768 0.994968 0.996774 0.99666 0.995651 0.00695907 0.995449 0.007056 0.997269 0.997174 0.00409449 0.994656 0.996929 0.00320396 0.00400661 0.00287169 0.00315975 0.00287532 0.003707 0.995558 0.994335 0.00368208 0.00237934 0.00438151 0.00646507 0.00331002 0.00717794 0.00273361 0.996945 0.0030861 0.994741 0.994912 0.00524763 0.00268589 0.996092 0.996642 0.997706 0.994233 0.996215 0.00333522 0.00489205 0.00305184 0.00273305 0.00201256 0.0040663 0.00407543 0.00323103 0.0036494 0.00315661 0.993799 0.00317434 0.00244545 0.00321102 0.996065 0.0028221 0.00239074 0.994053 0.0023805 0.00350651 0.00221788 0.00308035 0.0030581 0.00460699 0.00455055
0.996518 0.996263 0.997107 0.996662 0.995183 0.996682 0.996325 0.996791 0.00469634 0.996277 0.997046 0.9955 0.00386718 0.00797308 0.00485702 0.00524319 0.996063 0.996685 0.996479 0.996774 0.99661 0.996028 0.997633 0.996924 0.995985 0.997553 0.996438 0.00318965 0.996683 0.995358 0.00619138 0.00617739 0.99674 0.00363659 0.997526 0.995304 0.996772 0.995002 0.996783 0.996667 0.995672 0.00688856 0.995475 0.00698165 0.997267 0.997177 0.00407645 0.994689 0.996934 0.00319617 0.00399127 0.0028715 0.00315341 0.00287164 0.00369794 0.995586 0.994387 0.00367079 0.00238053 0.00435901 0.00640685 0.00330071 0.00710441 0.00273564 0.996948 0.00308207 0.994783 0.994948 0.00520846 0.00268537 0.996112 0.996648 0.997703 0.994281 0.996234 0.00332773 0.00486177 0.0030479 0.00273544 0.00201839 0.00405297 0.00406021 0.00322658 0.00363948 0.00314982 0.993861 0.00316674 0.00244762 0.00320832 0.996086 0.00282222 0.00239287 0.994102 0.00238161 0.00349777 0.00222209 0.00307665 0.0030537 0.00458261 0.00452304
0.996527 0.996276 0.997114 0.996669 0.995214 0.996688 0.996336 0.996794 0.00466985 0.996291 0.997049 0.995523 0.00384767 0.00787528 0.00482502 0.00520099 0.996077 0.996689 0.996491 0.996778 0.996618 0.996045 0.997631 0.996928 0.996002 0.997551 0.996446 0.00318356 0.996686 0.995382 0.00612824 0.00611505 0.996747 0.00362379 0.997527 0.995331 0.996775 0.995034 0.996792 0.996674 0.995693 0.00682042 0.995499 0.00690834 0.997264 0.997181 0.00405901 0.994721 0.996938 0.00318897 0.00397551 0.00287106 0.00314681 0.00286884 0.00368984 0.995614 0.994439 0.00365956 0.00238171 0.00433698 0.00634755 0.00329118 0.00703366 0.002738 0.996953 0.00307838 0.994825 0.994984 0.0051704 0.00268497 0.996132 0.996654 0.997701 0.994328 0.996253 0.00332031 0.00483219 0.00304401 0.00273774 0.00202394 0.0040392 0.00404526 0.0032217 0.00363017 0.00314324 0.993923 0.00315989 0.00244966 0.00320588 0.996105 0.00282309 0.00239515 0.994152 0.00238309 0.00348845 0.00222591 0.00307274 0.00304922 0.00455879 0.00449599
0.996537 0.996289 0.99712 0.996675 0.995244 0.996693 0.996347 0.996797 0.00464336 0.996304 0.997052 0.995545 0.00382813 0.007781 0.00479436 0.00516038 0.996092 0.996693 0.996502 0.996782 0.996626 0.996061 0.997629 0.996932 0.996019 0.997549 0.996453 0.00317709 0.99669 0.995404 0.00606721 0.00605356 0.996754 0.00361209 0.997526 0.995357 0.996779 0.995067 0.9968 0.996681 0.995713 0.00675299 0.995523 0.00683683 0.997262 0.997185 0.00404106 0.994754 0.996943 0.00318194 0.0039605 0.00287071 0.0031407 0.00286609 0.00368101 0.995641 0.99449 0.00364802 0.00238264 0.00431546 0.00629087 0.00328195 0.0069641 0.00274062 0.996957 0.00307465 0.994865 0.995021 0.0051336 0.00268445 0.996152 0.99666 0.997699 0.994375 0.996271 0.00331371 0.00480228 0.0030405 0.00274015 0.00202955 0.00402648 0.00402986 0.00321723 0.00362006 0.00313633 0.993982 0.00315241 0.00245175 0.00320325 0.996124 0.00282306 0.00239743 0.994199 0.00238485 0.00347966 0.00223 0.00306953 0.00304455 0.00453524 0.00446929
0.996547 0.996301 0.997126 0.996682 0.995275 0.996699 0.996358 0.9968 0.00461771 0.996318 0.997056 0.995568 0.00380888 0.00768784 0.00476402 0.00511992 0.996106 0.996696 0.996513 0.996787 0.996634 0.996077 0.997626 0.996935 0.996034 0.997548 0.996459 0.00317004 0.996694 0.995426 0.00600666 0.00599343 0.996762 0.00359972 0.997526 0.995384 0.996784 0.995097 0.996808 0.996688 0.995732 0.00668739 0.995547 0.00676603 0.99726 0.997188 0.0040231 0.994785 0.996948 0.00317533 0.00394587 0.00287087 0.00313396 0.0028626 0.00367323 0.995667 0.994538 0.00363664 0.00238406 0.00429375 0.00623437 0.00327219 0.00689475 0.00274293 0.99696 0.00307064 0.994906 0.995056 0.00509725 0.00268357 0.996172 0.996665 0.997697 0.99442 0.996289 0.00330687 0.0047738 0.00303669 0.00274257 0.00203533 0.00401425 0.00401506 0.00321326 0.00361042 0.00313006 0.994042 0.00314478 0.00245365 0.0032002 0.996143 0.00282289 0.00239959 0.994246 0.00238627 0.00347055 0.00223371 0.00306539 0.00304014 0.00451115 0.00444381
0.996556 0.996313 0.997131 0.996689 0.995305 0.996704 0.996369 0.996803 0.00459314 0.996331 0.997059 0.995589 0.00379043 0.00759564 0.00473416 0.00508006 0.99612 0.996701 0.996524 0.996791 0.996642 0.996093 0.997624 0.99694 0.996051 0.997546 0.996465 0.00316317 0.996698 0.99545 0.00594775 0.0059336 0.996769 0.00358798 0.997526 0.995409 0.996788 0.995128 0.996816 0.996694 0.995752 0.00662181 0.99557 0.00669631 0.997257 0.997191 0.00400614 0.994818 0.996953 0.00316807 0.00393117 0.00287036 0.00312771 0.00285993 0.00366505 0.995692 0.994587 0.00362583 0.00238546 0.00427254 0.00617885 0.0032633 0.00682732 0.00274556 0.996964 0.00306612 0.994944 0.99509 0.00506208 0.00268274 0.99619 0.996671 0.997695 0.994466 0.996306 0.00329979 0.0047452 0.00303276 0.00274471 0.00204077 0.00400174 0.00400017 0.00320912 0.00360072 0.00312401 0.994101 0.00313735 0.0024552 0.00319757 0.996162 0.00282333 0.00240113 0.994293 0.00238747 0.00346217 0.00223751 0.00306135 0.00303577 0.00448774 0.00441755
0.996566 0.996324 0.997136 0.996696 0.995334 0.99671 0.99638 0.996805 0.00456885 0.996344 0.997062 0.995611 0.00377118 0.00750594 0.00470434 0.00504176 0.996133 0.996704 0.996535 0.996795 0.996649 0.996108 0.997622 0.996943 0.996067 0.997545 0.996472 0.00315703 0.996702 0.995473 0.00588845 0.00587559 0.996777 0.00357561 0.997526 0.995434 0.996792 0.995159 0.996825 0.9967 0.99577 0.00656004 0.995593 0.0066283 0.997254 0.997195 0.00398877 0.994849 0.996958 0.00316078 0.00391636 0.00286989 0.00312136 0.0028567 0.00365701 0.995718 0.994635 0.00361504 0.00238666 0.00425102 0.00612419 0.003254 0.00675982 0.00274783 0.996968 0.00306244 0.994983 0.995124 0.00502695 0.00268269 0.996209 0.996677 0.997693 0.99451 0.996324 0.00329324 0.00471678 0.00302881 0.00274689 0.00204627 0.00398949 0.00398545 0.00320474 0.00359119 0.00311753 0.994158 0.00312954 0.00245676 0.00319483 0.996181 0.00282384 0.00240311 0.994339 0.00238864 0.00345358 0.00224123 0.00305781 0.00303146 0.00446574 0.00439198
0.996575 0.996336 0.997142 0.996701 0.995363 0.996715 0.996391 0.996808 0.00454469 0.996357 0.997065 0.995632 0.00375286 0.00741809 0.00467524 0.00500376 0.996146 0.996707 0.996545 0.9968 0.996657 0.996123 0.997621 0.996947 0.996083 0.997543 0.996479 0.00315031 0.996706 0.995494 0.00583185 0.00581803 0.996783 0.00356345 0.997526 0.99546 0.996795 0.995188 0.996833 0.996707 0.995789 0.00649712 0.995616 0.0065615 0.997251 0.997198 0.00397162 0.99488 0.996962 0.00315403 0.0039025 0.00286941 0.00311477 0.00285365 0.00364968 0.995743 0.994683 0.00360438 0.00238798 0.0042298 0.00607132 0.00324447 0.00669502 0.00274985 0.996972 0.00305825 0.995021 0.995158 0.00499093 0.00268191 0.996228 0.996683 0.99769 0.994553 0.996342 0.00328652 0.00468925 0.00302566 0.00274877 0.00205171 0.00397743 0.00397091 0.00320111 0.00358196 0.00311149 0.994214 0.00312224 0.00245884 0.0031916 0.996199 0.00282405 0.00240496 0.994384 0.00238967 0.00344515 0.00224516 0.00305415 0.00302712 0.00444405 0.00436771
0.996584 0.996348 0.997148 0.996708 0.995391 0.99672 0.996402 0.996811 0.00452032 0.996369 0.997069 0.995654 0.00373502 0.00733151 0.00464605 0.00496712 0.996159 0.996711 0.996555 0.996803 0.996664 0.996138 0.997619 0.996951 0.996099 0.997542 0.996485 0.00314399 0.996709 0.995516 0.00577537 0.00576325 0.996791 0.0035519 0.997525 0.995483 0.996799 0.995219 0.99684 0.996713 0.995807 0.00643762 0.995638 0.00649629 0.997249 0.997202 0.00395512 0.99491 0.996967 0.0031464 0.00388776 0.00286949 0.00310894 0.00285046 0.00364155 0.995768 0.99473 0.00359419 0.00238928 0.00420934 0.00601883 0.00323515 0.00663137 0.00275238 0.996976 0.00305498 0.995058 0.995191 0.00495723 0.00268146 0.996247 0.996689 0.997688 0.994595 0.996359 0.00328058 0.00466193 0.00302259 0.00275092 0.00205746 0.00396518 0.00395645 0.00319674 0.00357262 0.00310525 0.994269 0.00311479 0.00246051 0.00318801 0.996216 0.0028248 0.00240736 0.994428 0.0023907 0.00343662 0.00224856 0.00305061 0.00302322 0.00442305 0.00434253
0.996593 0.996359 0.997154 0.996715 0.995419 0.996726 0.996413 0.996815 0.00449706 0.996382 0.997072 0.995675 0.00371731 0.00724774 0.00461694 0.00492997 0.996171 0.996715 0.996566 0.996807 0.996671 0.996152 0.997617 0.996954 0.996115 0.99754 0.996491 0.00313725 0.996712 0.995538 0.00572074 0.00570994 0.996798 0.00354051 0.997525 0.995507 0.996803 0.995248 0.996848 0.996719 0.995825 0.00637776 0.995661 0.00643243 0.997247 0.997205 0.00393844 0.99494 0.996971 0.00313975 0.00387391 0.00286934 0.00310207 0.00284774 0.0036335 0.995792 0.994775 0.00358386 0.0023904 0.0041891 0.00596708 0.0032263 0.00656832 0.00275468 0.996979 0.00305084 0.995095 0.995223 0.00492268 0.00268087 0.996266 0.996695 0.997686 0.994637 0.996376 0.00327471 0.00463498 0.00301897 0.00275297 0.00206291 0.0039532 0.00394227 0.00319289 0.00356312 0.00309948 0.994324 0.00310755 0.00246188 0.00318508 0.996233 0.00282505 0.00240943 0.994471 0.00239147 0.00342826 0.00225223 0.0030469 0.00301863 0.00440234 0.00431844
0.996602 0.996371 0.99716 0.996721 0.995447 0.996731 0.996423 0.996817 0.00447364 0.996394 0.997075 0.995695 0.00369962 0.00716368 0.00458913 0.00489326 0.996185 0.996719 0.996577 0.996811 0.996678 0.996167 0.997615 0.996958 0.99613 0.997538 0.996497 0.00313122 0.996716 0.995559 0.00566643 0.00565734 0.996804 0.00352894 0.997526 0.995531 0.996807 0.995276 0.996856 0.996725 0.995843 0.00631886 0.995683 0.00636978 0.997245 0.997208 0.00392177 0.99497 0.996976 0.00313374 0.00385958 0.00286897 0.00309628 0.00284476 0.00362607 0.995815 0.994819 0.00357419 0.00239128 0.00416877 0.00591652 0.00321731 0.00650703 0.00275711 0.996982 0.0030475 0.995132 0.995255 0.00488925 0.00268056 0.996284 0.9967 0.997684 0.994679 0.996392 0.00326867 0.00460776 0.00301541 0.00275549 0.00206833 0.00394171 0.00392822 0.00318861 0.00355405 0.00309358 0.994378 0.00310044 0.00246344 0.00318235 0.996251 0.00282558 0.00241124 0.994514 0.00239248 0.0034201 0.00225582 0.00304344 0.00301474 0.00438164 0.00429452
0.99661 0.996382 0.997165 0.996727 0.995473 0.996737 0.996434 0.99682 0.00445053 0.996405 0.997078 0.995715 0.00368213 0.00708183 0.00456201 0.00485749 0.996198 0.996722 0.996587 0.996814 0.996686 0.996181 0.997613 0.996961 0.996145 0.997536 0.996503 0.00312497 0.996719 0.99558 0.00561288 0.00560398 0.996811 0.00351835 0.997525 0.995554 0.996811 0.995304 0.996864 0.996732 0.995861 0.00626126 0.995705 0.00630844 0.997243 0.997211 0.00390593 0.994998 0.99698 0.00312716 0.00384552 0.00286879 0.00309036 0.00284156 0.00361818 0.995838 0.994862 0.00356439 0.00239267 0.00414895 0.00586698 0.00320901 0.00644636 0.00275965 0.996986 0.00304399 0.995168 0.995287 0.0048566 0.0026801 0.996301 0.996705 0.997682 0.994719 0.996409 0.00326255 0.00458167 0.00301175 0.00275829 0.00207366 0.00393009 0.00391465 0.00318523 0.00354506 0.00308787 0.994429 0.00309382 0.00246505 0.00317936 0.996268 0.00282582 0.00241319 0.994555 0.00239371 0.00341195 0.00225959 0.00304001 0.00301075 0.00436046 0.00427098
0.996618 0.996393 0.99717 0.996733 0.995501 0.996742 0.996444 0.996822 0.0044279 0.996417 0.997081 0.995735 0.00366486 0.00700297 0.00453466 0.00482229 0.99621 0.996726 0.996597 0.996818 0.996693 0.996195 0.99761 0.996966 0.996159 0.997534 0.99651 0.00311907 0.996723 0.9956 0.00556073 0.00555205 0.996818 0.00350724 0.997525 0.995578 0.996815 0.995331 0.996871 0.996738 0.995879 0.00620513 0.995725 0.00624884 0.997241 0.997214 0.00388955 0.995026 0.996985 0.00312034 0.00383197 0.0028682 0.00308419 0.00283882 0.00361113 0.995862 0.994905 0.00355471 0.00239381 0.00413001 0.00581737 0.00320102 0.00638775 0.00276195 0.99699 0.00304032 0.995202 0.995318 0.00482517 0.0026795 0.996319 0.99671 0.99768 0.994759 0.996425 0.00325655 0.00455489 0.00300875 0.00276057 0.00207891 0.00391868 0.00390117 0.00318154 0.00353582 0.00308154 0.994481 0.0030873 0.00246665 0.00317667 0.996284 0.002826 0.00241549 0.994595 0.00239494 0.00340414 0.00226256 0.00303669 0.00300695 0.00433991 0.00424716
0.996626 0.996404 0.997175 0.996738 0.995527 0.996747 0.996455 0.996825 0.00440545 0.996429 0.997084 0.995755 0.00364754 0.00692543 0.00450805 0.00478747 0.996224 0.996729 0.996607 0.996822 0.9967 0.996208 0.997609 0.996969 0.996174 0.997532 0.996516 0.003113 0.996727 0.995621 0.00550942 0.00550003 0.996824 0.00349662 0.997525 0.9956 0.996819 0.995359 0.996878 0.996744 0.995896 0.0061494 0.995746 0.00618901 0.997238 0.997218 0.00387411 0.995054 0.996989 0.00311341 0.00381837 0.00286763 0.00307829 0.00283553 0.00360313 0.995885 0.994948 0.00354441 0.00239548 0.00411063 0.00576815 0.00319236 0.00632856 0.00276421 0.996994 0.00303637 0.995236 0.995348 0.00479345 0.00267925 0.996336 0.996716 0.997678 0.994797 0.996442 0.00325057 0.004529 0.00300454 0.00276274 0.00208406 0.00390692 0.00388772 0.00317751 0.00352639 0.00307577 0.994531 0.00308049 0.00246808 0.00317355 0.9963 0.00282586 0.00241714 0.994636 0.00239637 0.00339628 0.00226617 0.00303276 0.00300261 0.00431912 0.00422423
0.996635 0.996414 0.997181 0.996744 0.995554 0.996752 0.996464 0.996828 0.00438317 0.99644 0.997087 0.995773 0.00363051 0.0068493 0.00448118 0.0047532 0.996236 0.996732 0.996617 0.996826 0.996706 0.996222 0.997606 0.996972 0.996189 0.997531 0.996523 0.00310728 0.99673 0.995641 0.00545829 0.00545059 0.99683 0.00348628 0.997525 0.995622 0.996823 0.995385 0.996885 0.99675 0.995912 0.0060936 0.995767 0.00613016 0.997236 0.997221 0.00385901 0.995082 0.996993 0.00310764 0.00380578 0.00286755 0.00307289 0.00283255 0.00359605 0.995906 0.994989 0.00353371 0.00239624 0.0040921 0.00572099 0.00318344 0.0062721 0.0027661 0.996997 0.00303244 0.99527 0.995378 0.00476168 0.00267847 0.996353 0.996721 0.997676 0.994836 0.996457 0.00324525 0.00450349 0.00300101 0.00276464 0.00208879 0.00389484 0.00387487 0.00317428 0.00351722 0.00307031 0.99458 0.00307377 0.00246987 0.00317068 0.996317 0.00282616 0.00241925 0.994676 0.00239774 0.00338833 0.00226992 0.0030297 0.00299847 0.00429916 0.00420148
0.996643 0.996425 0.997186 0.99675 0.995578 0.996757 0.996474 0.99683 0.0043606 0.996452 0.99709 0.995792 0.00361313 0.00677326 0.00445449 0.00472023 0.996248 0.996734 0.996627 0.99683 0.996713 0.996236 0.997605 0.996975 0.996202 0.997529 0.996529 0.00310185 0.996733 0.995661 0.00540911 0.00540218 0.996837 0.00347582 0.997525 0.995644 0.996827 0.995412 0.996892 0.996756 0.995929 0.00604095 0.995787 0.0060731 0.997234 0.997224 0.00384348 0.995109 0.996997 0.00310113 0.00379247 0.00286729 0.00306692 0.00282981 0.0035893 0.995928 0.99503 0.00352423 0.00239718 0.00407351 0.0056749 0.00317494 0.00621636 0.00276849 0.997001 0.00302891 0.995304 0.995407 0.00473139 0.00267793 0.996369 0.996726 0.997674 0.994873 0.996472 0.00323914 0.00447851 0.00299808 0.0027666 0.00209403 0.00388379 0.00386215 0.00317024 0.00350959 0.00306522 0.994628 0.00306728 0.00247121 0.00316787 0.996333 0.00282621 0.00242102 0.994716 0.00239889 0.00338101 0.00227357 0.00302609 0.00299472 0.00427955 0.00417915
0.996651 0.996435 0.997191 0.996756 0.995604 0.996762 0.996484 0.996833 0.00433908 0.996463 0.997093 0.995811 0.00359626 0.0067001 0.00442848 0.00468751 0.996261 0.996738 0.996636 0.996833 0.996719 0.996248 0.997603 0.996979 0.996216 0.997528 0.996535 0.00309617 0.996736 0.995681 0.00536175 0.00535304 0.996844 0.00346529 0.997525 0.995665 0.996832 0.995438 0.9969 0.996761 0.995945 0.00598856 0.995806 0.0060163 0.997232 0.997227 0.00382805 0.995136 0.997001 0.00309512 0.00378005 0.002867 0.00306176 0.00282647 0.00358216 0.99595 0.99507 0.00351406 0.00239824 0.00405485 0.00562973 0.00316687 0.0061616 0.00277087 0.997004 0.00302544 0.995336 0.995436 0.00470226 0.00267729 0.996386 0.996731 0.997672 0.99491 0.996488 0.00323334 0.00445372 0.00299445 0.00276914 0.00209926 0.00387253 0.00384912 0.00316658 0.00350146 0.00305992 0.994676 0.00306073 0.00247267 0.00316511 0.996349 0.00282645 0.00242291 0.994754 0.00239966 0.00337298 0.00227728 0.00302253 0.00299104 0.004261 0.00415655
0.996659 0.996445 0.997196 0.996762 0.995629 0.996767 0.996493 0.996835 0.00431793 0.996475 0.997096 0.995828 0.00358064 0.0066286 0.00440325 0.00465466 0.996273 0.996741 0.996646 0.996837 0.996726 0.996262 0.997601 0.996983 0.99623 0.997526 0.99654 0.00308994 0.996739 0.9957 0.0053133 0.00530512 0.99685 0.00345458 0.997524 0.995687 0.996836 0.995464 0.996907 0.996767 0.995962 0.00593689 0.995825 0.00596091 0.997229 0.99723 0.00381216 0.995162 0.997005 0.00308909 0.0037675 0.00286643 0.0030566 0.00282378 0.00357511 0.995971 0.995108 0.00350515 0.00239952 0.00403711 0.00558494 0.00315887 0.00610728 0.00277304 0.997007 0.00302226 0.995368 0.995464 0.0046721 0.0026768 0.996402 0.996736 0.99767 0.994946 0.996503 0.00322752 0.00442941 0.00299106 0.0027712 0.00210409 0.00386219 0.00383651 0.00316292 0.00349341 0.00305421 0.994723 0.00305404 0.00247452 0.00316239 0.996364 0.00282687 0.00242495 0.994791 0.0024007 0.0033653 0.00228078 0.00301852 0.00298727 0.00424165 0.00413508
0.996666 0.996456 0.997201 0.996768 0.995654 0.996772 0.996502 0.996837 0.00429685 0.996486 0.997099 0.995846 0.00356405 0.00655829 0.00437861 0.00462288 0.996285 0.996744 0.996655 0.99684 0.996732 0.996276 0.997599 0.996986 0.996244 0.997524 0.996546 0.00308409 0.996742 0.995719 0.00526676 0.00525955 0.996856 0.00344482 0.997524 0.995708 0.996838 0.99549 0.996914 0.996773 0.995977 0.00588718 0.995844 0.00590714 0.997227 0.997233 0.00379801 0.995188 0.997009 0.0030835 0.00375491 0.00286591 0.00305123 0.00282111 0.00356795 0.995993 0.995147 0.00349568 0.00240058 0.00401927 0.00554115 0.00315052 0.00605538 0.00277479 0.997011 0.00301922 0.995399 0.995491 0.00464352 0.0026768 0.996419 0.996742 0.997668 0.994982 0.996518 0.00322123 0.00440537 0.00298821 0.00277324 0.00210896 0.00385051 0.00382369 0.00315956 0.0034856 0.00304894 0.994768 0.00304772 0.00247599 0.00315958 0.996379 0.00282774 0.00242661 0.994828 0.00240172 0.00335825 0.00228402 0.00301505 0.00298331 0.00422361 0.0041147
0.996674 0.996466 0.997206 0.996774 0.995678 0.996777 0.996511 0.99684 0.00427691 0.996497 0.997102 0.995864 0.00354843 0.00648882 0.00435445 0.00459102 0.996295 0.996747 0.996664 0.996844 0.996738 0.996289 0.997597 0.996989 0.996258 0.997523 0.996551 0.00307792 0.996745 0.995737 0.00522145 0.00521419 0.996862 0.00343468 0.997524 0.995728 0.996842 0.995515 0.996921 0.996779 0.995993 0.00583688 0.995863 0.00585445 0.997226 0.997235 0.00378336 0.995214 0.997013 0.00307765 0.00374313 0.00286563 0.00304564 0.00281876 0.00356048 0.996013 0.995185 0.00348694 0.00240208 0.00400162 0.00549679 0.00314264 0.00600288 0.00277674 0.997014 0.00301603 0.99543 0.995519 0.0046151 0.00267678 0.996434 0.996747 0.997666 0.995017 0.996532 0.00321506 0.00438217 0.00298481 0.00277568 0.00211415 0.00383971 0.00381119 0.00315606 0.00347811 0.00304373 0.994813 0.00304143 0.00247752 0.00315753 0.996395 0.00282772 0.0024281 0.994865 0.00240245 0.00335019 0.00228802 0.00301177 0.00297964 0.00420475 0.00409422
0.996682 0.996475 0.997211 0.99678 0.995702 0.996782 0.99652 0.996843 0.00425614 0.996508 0.997105 0.995881 0.00353254 0.00642144 0.00433037 0.00455989 0.996306 0.996751 0.996673 0.996847 0.996745 0.996301 0.997595 0.996992 0.996271 0.997521 0.996557 0.00307205 0.996748 0.995756 0.005177 0.00517021 0.996867 0.00342531 0.997524 0.995748 0.996846 0.99554 0.996928 0.996785 0.996009 0.0057884 0.995883 0.00580211 0.997224 0.997238 0.00376913 0.995239 0.997016 0.00307133 0.00373152 0.00286537 0.00304016 0.00281613 0.00355382 0.996034 0.995223 0.00347809 0.00240297 0.00398399 0.00545334 0.00313454 0.00595185 0.00277928 0.997017 0.00301269 0.99546 0.995546 0.0045866 0.00267596 0.99645 0.996752 0.997664 0.995052 0.996546 0.00320935 0.0043594 0.00298224 0.00277799 0.00211904 0.00382947 0.0037989 0.00315246 0.00347045 0.00303889 0.994858 0.00303523 0.00247896 0.00315502 0.99641 0.00282788 0.00242963 0.994901 0.00240395 0.00334281 0.00229149 0.00300887 0.00297569 0.0041869 0.00407364
0.996689 0.996485 0.997216 0.996786 0.995725 0.996787 0.99653 0.996846 0.00423656 0.996518 0.997108 0.995899 0.00351669 0.00635486 0.00430686 0.00452836 0.996317 0.996754 0.996682 0.99685 0.996751 0.996314 0.997593 0.996995 0.996284 0.99752 0.996563 0.00306667 0.996752 0.995774 0.00513337 0.0051265 0.996873 0.00341593 0.997523 0.995768 0.996849 0.995564 0.996935 0.996791 0.996025 0.00574113 0.995902 0.00575105 0.997222 0.997241 0.00375483 0.995263 0.99702 0.0030661 0.0037193 0.00286575 0.00303433 0.00281321 0.00354666 0.996055 0.99526 0.00346843 0.0024044 0.00396716 0.0054114 0.0031264 0.00590249 0.00278173 0.99702 0.00300934 0.99549 0.995572 0.0045584 0.00267546 0.996465 0.996757 0.997662 0.995086 0.99656 0.00320373 0.00433659 0.00297929 0.00278019 0.00212383 0.00381953 0.00378762 0.00314902 0.0034624 0.00303381 0.9949 0.00302921 0.00248094 0.00315291 0.996425 0.00282825 0.00243142 0.994937 0.00240503 0.00333516 0.002295 0.00300609 0.00297201 0.00416866 0.00405277
0.996697 0.996493 0.997221 0.996792 0.995748 0.996792 0.996539 0.996848 0.0042161 0.996529 0.997111 0.995916 0.00350198 0.00628908 0.00428343 0.00449784 0.996328 0.996757 0.996691 0.996853 0.996757 0.996326 0.997591 0.996998 0.996297 0.997518 0.996569 0.00306161 0.996755 0.995793 0.00508976 0.00508362 0.996878 0.0034067 0.997523 0.995788 0.996852 0.995588 0.996942 0.996796 0.99604 0.00569304 0.99592 0.00570111 0.99722 0.997244 0.00374074 0.995288 0.997024 0.00306021 0.00370742 0.00286509 0.00302944 0.0028102 0.00353996 0.996075 0.995297 0.00345963 0.00240529 0.00395037 0.00537066 0.00311846 0.00585336 0.00278348 0.997023 0.00300575 0.99552 0.995598 0.00453095 0.00267451 0.996479 0.996762 0.99766 0.995119 0.996575 0.00319761 0.00431419 0.0029759 0.00278249 0.00212849 0.00380922 0.00377555 0.00314535 0.00345467 0.00302836 0.994943 0.00302345 0.00248219 0.00315055 0.996439 0.00282875 0.0024331 0.994972 0.00240639 0.00332776 0.00229849 0.00300319 0.00296888 0.00415071 0.00403288
0.996704 0.996502 0.997226 0.996797 0.995771 0.996796 0.996548 0.996851 0.00419731 0.99654 0.997114 0.995933 0.00348762 0.00622531 0.0042602 0.00446853 0.996339 0.99676 0.996699 0.996857 0.996763 0.996338 0.99759 0.997001 0.99631 0.997517 0.996574 0.00305593 0.996758 0.995811 0.00504718 0.00504087 0.996883 0.00339707 0.997523 0.995808 0.996855 0.995611 0.996948 0.996801 0.996055 0.0056461 0.995939 0.00565156 0.997218 0.997246 0.00372714 0.995311 0.997029 0.00305422 0.00369586 0.00286445 0.00302476 0.00280757 0.00353318 0.996094 0.995332 0.00345052 0.00240609 0.00393427 0.00533054 0.00311109 0.00580359 0.0027859 0.997026 0.00300249 0.99555 0.995624 0.00450345 0.00267407 0.996494 0.996767 0.997658 0.995153 0.996589 0.00319228 0.0042924 0.00297305 0.00278436 0.00213349 0.00379911 0.00376421 0.00314151 0.00344686 0.00302337 0.994985 0.00301776 0.00248352 0.00314829 0.996454 0.00282903 0.00243507 0.995007 0.0024073 0.0033213 0.00230184 0.00300013 0.00296535 0.00413269 0.00401357
0.996711 0.996512 0.997231 0.996803 0.995794 0.996801 0.996556 0.996853 0.00417741 0.996551 0.997117 0.995949 0.00347326 0.0061625 0.00423749 0.00443982 0.99635 0.996763 0.996707 0.996861 0.996769 0.99635 0.997588 0.997004 0.996323 0.997515 0.996579 0.00305064 0.996761 0.995828 0.00500509 0.00499925 0.996889 0.00338723 0.997522 0.995827 0.996859 0.995635 0.996955 0.996807 0.99607 0.00560043 0.995957 0.00560313 0.997215 0.997249 0.00371421 0.995334 0.997033 0.00304854 0.00368419 0.00286396 0.00301964 0.00280435 0.00352716 0.996113 0.995366 0.00344193 0.0024071 0.00391774 0.00529048 0.0031033 0.00575556 0.00278786 0.997029 0.00299915 0.995579 0.99565 0.00447635 0.0026734 0.996509 0.996772 0.997657 0.995185 0.996602 0.00318644 0.00427021 0.00296974 0.00278647 0.0021388 0.00378978 0.00375249 0.00313756 0.00343893 0.00301798 0.995026 0.00301215 0.00248475 0.00314564 0.996468 0.00282985 0.00243677 0.99504 0.0024082 0.00331429 0.00230527 0.00299692 0.00296182 0.00411609 0.00399408
0.996718 0.996522 0.997236 0.996809 0.995816 0.996805 0.996564 0.996856 0.00415864 0.996561 0.997119 0.995966 0.00345879 0.00610127 0.00421519 0.00441142 0.99636 0.996767 0.996716 0.996865 0.996776 0.996362 0.997586 0.997007 0.996335 0.997514 0.996585 0.00304495 0.996764 0.995845 0.0049639 0.00495806 0.996895 0.00337808 0.997522 0.995846 0.996863 0.995658 0.996961 0.996812 0.996084 0.00555572 0.995975 0.00555597 0.997213 0.997252 0.00370075 0.995359 0.997037 0.00304249 0.00367271 0.00286356 0.00301444 0.0028016 0.00352109 0.996133 0.995401 0.00343344 0.00240835 0.00390111 0.0052521 0.00309592 0.00570763 0.00278997 0.997032 0.00299603 0.995606 0.995675 0.00445046 0.00267333 0.996523 0.996777 0.997655 0.995217 0.996616 0.00318032 0.00424919 0.00296617 0.00278825 0.00214401 0.00378012 0.00374055 0.00313396 0.00343154 0.00301292 0.995066 0.00300652 0.00248631 0.0031431 0.996483 0.00283032 0.00243824 0.995074 0.00240919 0.0033074 0.00230858 0.00299359 0.00295793 0.0040993 0.00397541
0.996725 0.996531 0.997241 0.996814 0.995838 0.996809 0.996573 0.996858 0.00414008 0.996571 0.997122 0.995981 0.00344455 0.00604113 0.00419308 0.00438345 0.99637 0.996769 0.996725 0.996868 0.996782 0.996374 0.997585 0.99701 0.996347 0.997513 0.99659 0.00303916 0.996766 0.995863 0.00492305 0.00491752 0.996901 0.00336874 0.997522 0.995865 0.996866 0.99568 0.996967 0.996817 0.996099 0.00551155 0.995991 0.00550922 0.997211 0.997254 0.00368669 0.995381 0.997041 0.00303715 0.00366191 0.00286317 0.00300937 0.00279918 0.00351425 0.996151 0.995435 0.00342513 0.00240994 0.00388533 0.00521446 0.00308843 0.00566078 0.00279185 0.997036 0.00299314 0.995634 0.995699 0.00442483 0.00267303 0.996538 0.996782 0.997653 0.995249 0.996629 0.00317468 0.00422866 0.00296301 0.00279089 0.00214897 0.00377062 0.00372979 0.0031311 0.00342395 0.00300789 0.995107 0.00300107 0.00248763 0.0031402 0.996496 0.00283057 0.00244002 0.995107 0.00241053 0.00330127 0.002312 0.00299069 0.00295432 0.00408272 0.00395654
0.996732 0.996541 0.997245 0.99682 0.995859 0.996814 0.996582 0.996861 0.00412187 0.99658 0.997124 0.995998 0.00343106 0.0059826 0.00417077 0.00435547 0.996381 0.996772 0.996732 0.996871 0.996788 0.996385 0.997583 0.997013 0.996359 0.997512 0.996596 0.00303392 0.996769 0.99588 0.00488306 0.00487826 0.996907 0.00335956 0.997522 0.995883 0.996869 0.995702 0.996974 0.996822 0.996112 0.00546901 0.996009 0.00546369 0.997209 0.997257 0.0036736 0.995405 0.997045 0.00303122 0.00365107 0.00286304 0.0030048 0.00279695 0.00350754 0.996169 0.995469 0.00341698 0.00241101 0.00386966 0.00517568 0.00308092 0.00561549 0.00279406 0.997039 0.00298963 0.995661 0.995724 0.00439891 0.00267236 0.996552 0.996787 0.99765 0.995279 0.996642 0.00316924 0.00420797 0.00296024 0.00279319 0.00215368 0.00376135 0.0037185 0.00312807 0.00341613 0.00300325 0.995146 0.00299554 0.00248953 0.00313834 0.996511 0.00283115 0.00244177 0.995139 0.00241151 0.00329437 0.00231568 0.00298771 0.00295008 0.00406588 0.00393774
0.996739 0.99655 0.997249 0.996825 0.99588 0.996818 0.99659 0.996863 0.00410378 0.99659 0.997128 0.996014 0.00341702 0.00592483 0.00414948 0.0043286 0.99639 0.996775 0.99674 0.996874 0.996794 0.996397 0.997581 0.997016 0.99637 0.997511 0.9966 0.00302923 0.996772 0.995897 0.0048438 0.00483984 0.996912 0.0033503 0.997522 0.995901 0.996872 0.995724 0.99698 0.996828 0.996126 0.00542605 0.996025 0.00541902 0.997207 0.997259 0.0036613 0.995427 0.997048 0.0030259 0.00363993 0.00286285 0.00299959 0.00279465 0.00350074 0.996187 0.995501 0.00340902 0.00241237 0.00385456 0.00513906 0.00307377 0.00557102 0.00279607 0.997042 0.00298612 0.995689 0.995748 0.00437362 0.00267222 0.996566 0.996791 0.997648 0.99531 0.996655 0.00316408 0.0041876 0.00295753 0.00279544 0.00215833 0.00375203 0.00370766 0.00312495 0.00340909 0.0029983 0.995184 0.00298995 0.00249127 0.00313601 0.996524 0.00283183 0.00244339 0.99517 0.00241258 0.0032877 0.00231899 0.00298471 0.00294677 0.00404917 0.00391942
0.996746 0.996558 0.997254 0.996831 0.995901 0.996821 0.996598 0.996865 0.00408624 0.9966 0.99713 0.996029 0.00340221 0.00586838 0.00412789 0.00430175 0.9964 0.996777 0.996749 0.996878 0.9968 0.996407 0.99758 0.99702 0.996382 0.99751 0.996605 0.00302444 0.996775 0.995913 0.00480654 0.00480209 0.996917 0.00334099 0.997522 0.995919 0.996875 0.995745 0.996986 0.996833 0.99614 0.00538564 0.996042 0.00537408 0.997205 0.997263 0.003649 0.995449 0.997052 0.00302036 0.00362904 0.00286304 0.00299506 0.00279208 0.00349449 0.996206 0.995534 0.00340055 0.00241276 0.00384012 0.00510221 0.00306679 0.00552743 0.00279793 0.997044 0.00298329 0.995715 0.995772 0.00434905 0.00267161 0.996579 0.996796 0.997647 0.99534 0.996668 0.0031596 0.00416745 0.00295464 0.00279733 0.00216285 0.00374267 0.00369682 0.00312178 0.00340159 0.0029937 0.995222 0.00298449 0.00249235 0.00313391 0.996537 0.00283261 0.00244513 0.995201 0.00241373 0.00328111 0.00232214 0.0029814 0.00294395 0.00403288 0.00390063
0.996753 0.996567 0.997258 0.996836 0.995922 0.996825 0.996606 0.996867 0.00406895 0.99661 0.997133 0.996045 0.0033886 0.00581287 0.00410687 0.00427588 0.99641 0.996779 0.996756 0.99688 0.996806 0.996419 0.997578 0.997023 0.996394 0.997508 0.99661 0.00301965 0.996777 0.99593 0.00476903 0.0047646 0.996922 0.00333173 0.997522 0.995937 0.996878 0.995767 0.996993 0.996838 0.996153 0.0053446 0.996059 0.00533069 0.997203 0.997265 0.00363629 0.995471 0.997055 0.00301532 0.00361814 0.00286224 0.00299011 0.00278965 0.00348819 0.996223 0.995565 0.00339239 0.00241393 0.00382496 0.00506663 0.00305971 0.00548315 0.00279985 0.997047 0.00298 0.995742 0.995796 0.00432495 0.00267126 0.996593 0.9968 0.997645 0.99537 0.996681 0.00315479 0.00414751 0.00295215 0.00279959 0.00216749 0.00373378 0.00368656 0.00311822 0.00339464 0.00298931 0.99526 0.00297877 0.00249376 0.00313191 0.996551 0.00283246 0.00244656 0.995231 0.00241477 0.00327529 0.00232561 0.00297767 0.00294054 0.00401625 0.00388274
0.99676 0.996576 0.997263 0.996841 0.995942 0.996829 0.996613 0.996869 0.00405239 0.996619 0.997136 0.99606 0.00337613 0.00575868 0.00408598 0.00425019 0.99642 0.996782 0.996765 0.996884 0.996812 0.99643 0.997576 0.997025 0.996405 0.997506 0.996616 0.00301371 0.99678 0.995946 0.00473247 0.00472773 0.996928 0.00332298 0.997521 0.995954 0.996881 0.995788 0.996999 0.996843 0.996166 0.00530383 0.996074 0.00528745 0.997201 0.997268 0.00362318 0.995492 0.997059 0.00301 0.00360714 0.00286153 0.00298543 0.00278737 0.00348242 0.996241 0.995596 0.00338457 0.00241457 0.00381002 0.00503196 0.00305227 0.00544107 0.00280155 0.99705 0.00297714 0.995768 0.995819 0.00430095 0.00267066 0.996606 0.996804 0.997643 0.995398 0.996694 0.00314933 0.00412707 0.00294962 0.00280188 0.00217189 0.00372428 0.00367598 0.00311494 0.00338797 0.00298455 0.995297 0.00297328 0.00249532 0.00312934 0.996564 0.00283238 0.00244815 0.995261 0.00241596 0.00326891 0.00232898 0.00297493 0.00293719 0.00400047 0.00386547
0.996767 0.996584 0.997267 0.996845 0.995962 0.996833 0.996622 0.996872 0.00403525 0.996628 0.997139 0.996074 0.00336354 0.00570504 0.0040662 0.00422499 0.99643 0.996784 0.996772 0.996887 0.996817 0.996441 0.997575 0.997028 0.996417 0.997505 0.996621 0.00300903 0.996783 0.995962 0.00469646 0.00469201 0.996933 0.00331447 0.997521 0.995971 0.996884 0.995809 0.997005 0.996849 0.996179 0.00526352 0.996091 0.005246 0.997199 0.99727 0.003611 0.995513 0.997063 0.00300515 0.00359663 0.00286198 0.00298105 0.0027849 0.00347665 0.996258 0.995627 0.00337707 0.00241578 0.00379589 0.00499652 0.00304593 0.00539958 0.0028032 0.997053 0.00297444 0.995793 0.995841 0.00427729 0.00267088 0.996619 0.996809 0.997642 0.995428 0.996706 0.0031443 0.00410759 0.00294667 0.002804 0.00217641 0.00371524 0.00366503 0.0031115 0.00338085 0.00298011 0.995333 0.00296776 0.00249703 0.00312715 0.996576 0.00283315 0.00244948 0.995291 0.00241747 0.00326206 0.00233215 0.00297195 0.00293424 0.00398478 0.00384867
0.996773 0.996593 0.997271 0.99685 0.995981 0.996837 0.99663 0.996874 0.004019 0.996638 0.997141 0.996089 0.00335036 0.0056526 0.00404649 0.00419964 0.99644 0.996787 0.996781 0.99689 0.996823 0.996452 0.997574 0.99703 0.996428 0.997504 0.996626 0.00300419 0.996786 0.995978 0.00466103 0.00465579 0.996939 0.00330585 0.99752 0.995987 0.996887 0.99583 0.99701 0.996854 0.996193 0.00522433 0.996106 0.00520465 0.997197 0.997272 0.0035991 0.995534 0.997066 0.00300015 0.00358568 0.0028618 0.00297585 0.00278218 0.00347088 0.996275 0.995657 0.00336892 0.00241707 0.00378043 0.00496305 0.00303946 0.00535908 0.00280503 0.997056 0.00297159 0.995818 0.995863 0.00425362 0.0026709 0.996632 0.996813 0.99764 0.995456 0.996718 0.00313937 0.00408853 0.00294377 0.00280549 0.0021811 0.00370672 0.00365469 0.00310845 0.00337431 0.00297582 0.995368 0.0029625 0.00249822 0.00312555 0.996588 0.00283377 0.0024513 0.99532 0.00241921 0.00325548 0.00233543 0.00296942 0.00293151 0.00396913 0.00383107
0.996779 0.996602 0.997275 0.996855 0.996001 0.996841 0.996637 0.996876 0.00400239 0.996647 0.997144 0.996104 0.0033379 0.00560059 0.00402683 0.00417551 0.996449 0.99679 0.996788 0.996893 0.996828 0.996462 0.997572 0.997033 0.996439 0.997503 0.99663 0.00299907 0.996789 0.995992 0.00462632 0.00462136 0.996943 0.00329736 0.99752 0.996003 0.99689 0.995849 0.997016 0.996859 0.996205 0.00518535 0.996122 0.0051641 0.997195 0.997274 0.00358734 0.995554 0.99707 0.00299529 0.00357511 0.00286146 0.00297065 0.00277993 0.00346472 0.996292 0.995687 0.00336115 0.00241784 0.00376614 0.00492981 0.00303301 0.00531907 0.00280699 0.997059 0.00296913 0.995842 0.995885 0.00423124 0.00267023 0.996645 0.996818 0.997638 0.995483 0.996729 0.00313495 0.00406987 0.00294105 0.00280717 0.00218564 0.00369791 0.00364371 0.00310583 0.00336791 0.00297128 0.995403 0.00295728 0.00250001 0.0031236 0.996601 0.00283413 0.0024526 0.995349 0.0024202 0.00324929 0.00233833 0.00296679 0.0029286 0.00395408 0.00381419
0.996785 0.99661 0.997279 0.996861 0.99602 0.996845 0.996645 0.996878 0.00398576 0.996655 0.997147 0.996119 0.00332534 0.00555076 0.0040072 0.00415149 0.996458 0.996792 0.996796 0.996896 0.996833 0.996473 0.997571 0.997036 0.99645 0.997502 0.996635 0.00299472 0.996791 0.996008 0.00459245 0.00458751 0.996948 0.0032886 0.99752 0.99602 0.996893 0.995869 0.997021 0.996863 0.996218 0.00514759 0.996138 0.00512514 0.997193 0.997277 0.00357564 0.995574 0.997074 0.00299035 0.00356487 0.00286187 0.00296676 0.00277744 0.00345833 0.996309 0.995716 0.00335331 0.00241881 0.00375242 0.00489667 0.00302665 0.00527967 0.00280875 0.997062 0.00296624 0.995866 0.995907 0.00420752 0.00266995 0.996657 0.996822 0.997636 0.995511 0.996742 0.00313028 0.00405163 0.00293817 0.00280913 0.00218977 0.00368932 0.0036334 0.00310306 0.0033614 0.0029665 0.995437 0.00295198 0.00250148 0.00312135 0.996613 0.00283453 0.00245404 0.995376 0.00242078 0.00324285 0.00234154 0.00296384 0.00292572 0.00393894 0.00379723
0.996791 0.996618 0.997284 0.996866 0.99604 0.996849 0.996652 0.99688 0.00396963 0.996664 0.997149 0.996134 0.00331308 0.00550216 0.00398813 0.00412721 0.996467 0.996795 0.996804 0.9969 0.996838 0.996483 0.997569 0.997039 0.996461 0.9975 0.996641 0.00299054 0.996793 0.996023 0.00455883 0.004554 0.996953 0.00328066 0.997519 0.996037 0.996896 0.995889 0.997027 0.996868 0.996231 0.00511 0.996153 0.0050861 0.997191 0.997279 0.00356421 0.995593 0.997078 0.00298524 0.00355466 0.0028614 0.0029624 0.00277501 0.00345262 0.996325 0.995745 0.00334632 0.00241993 0.00373797 0.00486351 0.00302005 0.00524122 0.00281066 0.997064 0.00296303 0.99589 0.995928 0.00418496 0.00266929 0.99667 0.996826 0.997635 0.995537 0.996753 0.00312583 0.00403317 0.00293521 0.00281085 0.00219407 0.00368012 0.00362384 0.00310004 0.00335472 0.0029622 0.99547 0.00294678 0.00250288 0.00311912 0.996625 0.00283457 0.00245562 0.995405 0.00242171 0.00323676 0.00234488 0.00296082 0.00292309 0.0039229 0.00378102
0.996798 0.996626 0.997288 0.996871 0.996057 0.996853 0.996659 0.996883 0.00395376 0.996672 0.997151 0.996148 0.00330099 0.00545274 0.00396971 0.00410394 0.996476 0.996797 0.996811 0.996903 0.996843 0.996494 0.997567 0.997042 0.996472 0.997499 0.996645 0.00298599 0.996796 0.996037 0.00452567 0.00452071 0.996958 0.00327246 0.997519 0.996053 0.996898 0.995908 0.997032 0.996873 0.996244 0.00507305 0.996168 0.00504731 0.997189 0.997281 0.00355218 0.995613 0.997081 0.00298069 0.00354496 0.00286113 0.00295785 0.0027731 0.00344648 0.996341 0.995774 0.00333897 0.00242075 0.00372347 0.00483058 0.00301372 0.00520379 0.00281298 0.997067 0.00296024 0.995913 0.995949 0.00416359 0.0026694 0.996681 0.99683 0.997634 0.995563 0.996764 0.00312174 0.00401532 0.00293256 0.00281251 0.00219877 0.00367186 0.00361426 0.00309662 0.00334827 0.00295753 0.995503 0.00294238 0.00250429 0.00311716 0.996637 0.00283451 0.00245721 0.995432 0.00242288 0.00323089 0.00234735 0.00295812 0.00291989 0.00390787 0.0037647
0.996804 0.996635 0.997292 0.996875 0.996076 0.996857 0.996667 0.996885 0.00393736 0.996681 0.997154 0.996162 0.00328911 0.00540516 0.00395201 0.00408102 0.996486 0.9968 0.996819 0.996906 0.996849 0.996504 0.997566 0.997045 0.996482 0.997497 0.99665 0.00298154 0.996799 0.996053 0.00449354 0.00448822 0.996963 0.00326383 0.997519 0.996068 0.996901 0.995926 0.997038 0.996877 0.996256 0.0050371 0.996182 0.00500907 0.997188 0.997284 0.00354134 0.995633 0.997084 0.00297558 0.00353517 0.00286135 0.00295367 0.00277066 0.00344114 0.996357 0.9958 0.00333144 0.00242186 0.00370932 0.00479913 0.00300728 0.005166 0.00281465 0.99707 0.00295778 0.995937 0.995971 0.00414241 0.0026692 0.996693 0.996834 0.997632 0.99559 0.996776 0.00311642 0.0039975 0.00293008 0.00281413 0.00220344 0.00366307 0.00360446 0.00309425 0.003342 0.00295367 0.995535 0.00293779 0.00250533 0.0031151 0.996648 0.00283475 0.00245868 0.995459 0.0024235 0.00322527 0.00235067 0.00295526 0.00291621 0.00389383 0.00374886
0.99681 0.996643 0.997296 0.99688 0.996095 0.996861 0.996674 0.996887 0.00392192 0.99669 0.997156 0.996176 0.00327695 0.00535827 0.00393399 0.00405775 0.996496 0.996802 0.996826 0.996909 0.996855 0.996514 0.997564 0.997047 0.996493 0.997496 0.996655 0.00297702 0.996802 0.996067 0.00446142 0.00445607 0.996967 0.00325594 0.997519 0.996084 0.996905 0.995945 0.997043 0.996881 0.996268 0.00500209 0.996195 0.0049712 0.997187 0.997286 0.00353013 0.995652 0.997088 0.00297069 0.00352564 0.00286125 0.00294973 0.00276917 0.00343543 0.996373 0.995827 0.00332436 0.00242281 0.00369635 0.00476788 0.00300091 0.00512874 0.00281651 0.997073 0.00295505 0.995961 0.995991 0.00412067 0.00266924 0.996704 0.996838 0.997629 0.995615 0.996787 0.00311146 0.00397998 0.00292776 0.00281631 0.0022082 0.00365486 0.00359443 0.00309169 0.00333584 0.00294973 0.995567 0.00293299 0.00250662 0.00311306 0.99666 0.00283508 0.00246034 0.995487 0.00242436 0.00321995 0.0023542 0.00295281 0.00291335 0.00387976 0.00373275
0.996816 0.99665 0.9973 0.996885 0.996112 0.996865 0.996681 0.996889 0.00390685 0.996698 0.997158 0.99619 0.00326452 0.00531211 0.00391573 0.00403478 0.996505 0.996805 0.996834 0.996911 0.99686 0.996524 0.997563 0.99705 0.996503 0.997495 0.996659 0.00297216 0.996805 0.996081 0.00442989 0.00442357 0.996972 0.00324875 0.997519 0.996098 0.996908 0.995963 0.997048 0.996886 0.996281 0.00496754 0.99621 0.00493431 0.997185 0.997288 0.00351834 0.995671 0.997091 0.00296596 0.00351588 0.00286074 0.00294553 0.00276666 0.00343015 0.996388 0.995853 0.00331703 0.002424 0.00368286 0.00473792 0.00299522 0.00509293 0.00281817 0.997075 0.00295262 0.995984 0.996011 0.00409935 0.0026686 0.996716 0.996842 0.997628 0.99564 0.996798 0.00310739 0.00396318 0.00292524 0.00281839 0.00221236 0.00364697 0.00358449 0.00308882 0.00332965 0.00294527 0.995598 0.00292813 0.00250743 0.00311135 0.996672 0.00283515 0.00246195 0.995514 0.00242543 0.00321375 0.00235752 0.0029496 0.0029107 0.00386563 0.00371691
0.996822 0.996658 0.997303 0.99689 0.99613 0.996869 0.996688 0.996892 0.00389192 0.996707 0.99716 0.996202 0.00325287 0.00526687 0.00389773 0.00401265 0.996514 0.996808 0.996841 0.996914 0.996864 0.996534 0.997562 0.997053 0.996513 0.997494 0.996664 0.00296798 0.996808 0.996095 0.00439882 0.00439262 0.996977 0.00324086 0.997519 0.996113 0.996911 0.995982 0.997054 0.99689 0.996292 0.00493378 0.996225 0.00489893 0.997183 0.997291 0.00350758 0.99569 0.997094 0.0029613 0.00350677 0.00286042 0.00294156 0.00276415 0.00342498 0.996403 0.99588 0.00330934 0.00242449 0.0036699 0.00470796 0.00298905 0.00505731 0.00281967 0.997078 0.00295011 0.996006 0.99603 0.00407898 0.00266808 0.996727 0.996846 0.997626 0.995666 0.996809 0.00310289 0.00394619 0.00292327 0.00282009 0.00221622 0.00363843 0.00357509 0.00308578 0.00332368 0.00294081 0.995629 0.00292288 0.00250887 0.0031092 0.996684 0.00283556 0.00246323 0.99554 0.00242641 0.00320892 0.00236018 0.0029474 0.00290828 0.00385111 0.0037013
0.996828 0.996665 0.997307 0.996894 0.996147 0.996872 0.996695 0.996893 0.00387661 0.996715 0.997163 0.996216 0.00324147 0.00522287 0.00388049 0.00399062 0.996523 0.996811 0.996848 0.996917 0.99687 0.996544 0.99756 0.997056 0.996522 0.997492 0.996669 0.00296365 0.99681 0.996108 0.00436915 0.00436195 0.996982 0.00323258 0.997518 0.996129 0.996914 0.996 0.997059 0.996895 0.996304 0.00489979 0.996238 0.00486368 0.997182 0.997293 0.0034966 0.995709 0.997098 0.00295623 0.00349721 0.00286033 0.00293761 0.00276192 0.00341943 0.996418 0.995906 0.0033025 0.00242554 0.00365672 0.00467848 0.00298321 0.00502296 0.00282167 0.997081 0.00294754 0.996028 0.99605 0.00405789 0.00266743 0.996739 0.99685 0.997625 0.99569 0.99682 0.00309843 0.00392948 0.00292025 0.00282201 0.00222048 0.00362999 0.00356572 0.00308307 0.00331709 0.00293693 0.99566 0.00291824 0.00250954 0.00310679 0.996695 0.00283617 0.00246503 0.995564 0.00242726 0.00320268 0.00236292 0.00294524 0.00290551 0.00383763 0.00368672
0.996834 0.996672 0.997311 0.996899 0.996164 0.996876 0.996702 0.996895 0.00386144 0.996724 0.997164 0.996229 0.00323059 0.00517895 0.00386307 0.00396875 0.996532 0.996814 0.996855 0.996919 0.996875 0.996553 0.997558 0.997058 0.996531 0.997491 0.996674 0.00295892 0.996812 0.996121 0.00433861 0.00433187 0.996986 0.00322545 0.997518 0.996144 0.996916 0.996018 0.997064 0.996899 0.996316 0.00486706 0.996252 0.00482864 0.99718 0.997295 0.00348568 0.995727 0.997101 0.00295177 0.00348805 0.0028601 0.00293316 0.00275954 0.00341454 0.996432 0.995931 0.00329579 0.00242606 0.00364401 0.00465001 0.0029771 0.00498934 0.00282374 0.997084 0.00294459 0.996048 0.996069 0.0040375 0.00266724 0.99675 0.996854 0.997623 0.995713 0.996831 0.00309402 0.00391249 0.00291781 0.0028241 0.00222482 0.00362182 0.00355645 0.00308046 0.0033109 0.00293295 0.995689 0.00291345 0.00251076 0.0031046 0.996706 0.00283643 0.0024666 0.99559 0.00242789 0.00319737 0.00236553 0.00294228 0.00290237 0.00382396 0.00367163
0.99684 0.99668 0.997315 0.996904 0.996181 0.99688 0.996709 0.996897 0.00384712 0.996732 0.997167 0.996242 0.0032198 0.00513681 0.00384641 0.00394677 0.99654 0.996816 0.996862 0.996921 0.996879 0.996563 0.997557 0.997061 0.99654 0.99749 0.996678 0.0029545 0.996815 0.996135 0.00430939 0.00430283 0.996991 0.00321836 0.997518 0.996158 0.996919 0.996035 0.99707 0.996904 0.996328 0.00483455 0.996265 0.00479436 0.997179 0.997297 0.0034752 0.995745 0.997104 0.00294718 0.00347856 0.00285962 0.00292861 0.00275739 0.00340971 0.996447 0.995955 0.00328892 0.00242712 0.00363175 0.00462191 0.00297074 0.00495472 0.00282536 0.997086 0.00294193 0.996069 0.996088 0.00401765 0.00266691 0.996761 0.996858 0.997621 0.995736 0.996841 0.0030896 0.00389626 0.00291574 0.00282645 0.00222885 0.0036136 0.00354738 0.00307786 0.00330461 0.0029287 0.995718 0.00290889 0.00251233 0.00310286 0.996716 0.00283698 0.00246771 0.995614 0.00242856 0.00319202 0.00236841 0.00294009 0.00289958 0.00381 0.00365698
0.996846 0.996687 0.997319 0.996909 0.996198 0.996883 0.996715 0.996899 0.00383236 0.99674 0.997169 0.996255 0.00320887 0.00509492 0.00382984 0.00392621 0.996549 0.996818 0.996868 0.996924 0.996884 0.996572 0.997556 0.997064 0.99655 0.997489 0.996683 0.00295092 0.996818 0.996148 0.00428069 0.0042735 0.996995 0.00321086 0.997517 0.996173 0.996921 0.996053 0.997075 0.996908 0.996339 0.00480275 0.996278 0.00476074 0.997176 0.9973 0.00346502 0.995763 0.997107 0.00294233 0.0034694 0.0028592 0.00292438 0.00275516 0.00340451 0.996462 0.99598 0.00328218 0.00242795 0.00361952 0.00459287 0.00296481 0.00492054 0.00282745 0.997089 0.00293917 0.99609 0.996107 0.00399804 0.00266694 0.996773 0.996861 0.997619 0.99576 0.996851 0.00308567 0.00387947 0.00291301 0.00282807 0.00223356 0.00360593 0.00353849 0.00307512 0.0032991 0.00292486 0.995746 0.00290409 0.00251319 0.00310075 0.996727 0.00283717 0.00246895 0.995638 0.00242982 0.00318591 0.00237127 0.0029379 0.00289682 0.00379737 0.00364215
0.996852 0.996695 0.997323 0.996913 0.996214 0.996886 0.996722 0.996901 0.00381836 0.996748 0.997171 0.996266 0.00319798 0.00505396 0.00381374 0.00390519 0.996558 0.996821 0.996875 0.996927 0.996889 0.996581 0.997554 0.997066 0.99656 0.997487 0.996686 0.00294705 0.99682 0.996161 0.0042522 0.0042453 0.996999 0.00320367 0.997517 0.996187 0.996924 0.99607 0.99708 0.996912 0.99635 0.00477204 0.996292 0.00472748 0.997175 0.997302 0.00345489 0.995781 0.99711 0.00293825 0.00346045 0.00285916 0.00292004 0.00275298 0.0033992 0.996475 0.996004 0.00327556 0.00242863 0.00360816 0.00456542 0.00295955 0.00488706 0.00282842 0.997091 0.00293698 0.99611 0.996126 0.00397886 0.00266681 0.996783 0.996865 0.997618 0.995782 0.996861 0.0030814 0.00386345 0.00291071 0.0028294 0.00223776 0.00359818 0.00352953 0.00307262 0.00329299 0.00292096 0.995775 0.00289915 0.00251468 0.0030991 0.996738 0.00283739 0.00247006 0.995662 0.00243065 0.00318096 0.00237433 0.00293568 0.00289323 0.00378402 0.00362836
0.996858 0.996702 0.997327 0.996917 0.99623 0.99689 0.996729 0.996903 0.00380438 0.996756 0.997173 0.996278 0.00318737 0.0050135 0.00379775 0.00388448 0.996566 0.996823 0.996882 0.996929 0.996894 0.99659 0.997553 0.997069 0.99657 0.997486 0.99669 0.00294299 0.996823 0.996174 0.00422376 0.0042166 0.997004 0.0031967 0.997517 0.996202 0.996927 0.996087 0.997085 0.996916 0.996361 0.00474095 0.996305 0.00469517 0.997174 0.997304 0.00344441 0.995798 0.997113 0.00293407 0.00345161 0.00285924 0.00291605 0.00275126 0.0033941 0.99649 0.996028 0.00326867 0.0024292 0.0035957 0.00453788 0.00295385 0.00485428 0.00283041 0.997094 0.00293428 0.996131 0.996144 0.00396065 0.00266627 0.996795 0.996869 0.997616 0.995805 0.996871 0.00307704 0.00384699 0.00290837 0.00283115 0.00224189 0.00359111 0.00352015 0.00307012 0.00328707 0.00291689 0.995804 0.00289469 0.00251546 0.00309682 0.996749 0.00283723 0.00247112 0.995685 0.0024317 0.00317513 0.00237734 0.00293295 0.0028906 0.00377203 0.00361397
0.996863 0.99671 0.99733 0.996921 0.996246 0.996894 0.996735 0.996905 0.00379048 0.996764 0.997175 0.996291 0.00317664 0.00497353 0.00378145 0.00386467 0.996574 0.996825 0.996888 0.996932 0.996899 0.9966 0.997552 0.997071 0.996579 0.997485 0.996695 0.00293917 0.996825 0.996187 0.00419644 0.00418866 0.997008 0.00319008 0.997517 0.996215 0.996929 0.996103 0.99709 0.996921 0.996372 0.00471052 0.996317 0.00466397 0.997172 0.997306 0.00343368 0.995815 0.997116 0.00292974 0.00344293 0.00285939 0.0029119 0.00274938 0.00338871 0.996503 0.996052 0.0032626 0.00242973 0.00358391 0.00451099 0.00294857 0.00482256 0.00283176 0.997095 0.00293179 0.996151 0.996162 0.00394197 0.00266591 0.996806 0.996873 0.997615 0.995828 0.996881 0.00307274 0.00383133 0.00290616 0.00283245 0.00224551 0.00358407 0.00351135 0.00306729 0.00328149 0.00291316 0.995831 0.0028905 0.00251685 0.00309488 0.996759 0.00283733 0.00247243 0.995708 0.00243261 0.00316974 0.00238002 0.00293029 0.00288858 0.00375883 0.0035999
0.996869 0.996717 0.997334 0.996926 0.996262 0.996897 0.996742 0.996907 0.00377669 0.996771 0.997177 0.996303 0.00316559 0.00493436 0.00376558 0.00384463 0.996582 0.996827 0.996895 0.996935 0.996905 0.996608 0.99755 0.997073 0.996589 0.997484 0.9967 0.00293516 0.996827 0.9962 0.00416919 0.00416147 0.997012 0.00318319 0.997517 0.996229 0.996933 0.99612 0.997095 0.996925 0.996383 0.00468066 0.99633 0.00463245 0.99717 0.997308 0.00342386 0.995832 0.99712 0.00292515 0.00343522 0.00285921 0.00290815 0.00274722 0.00338403 0.996517 0.996074 0.00325604 0.00243093 0.00357185 0.00448442 0.00294268 0.00479072 0.00283319 0.997098 0.00292919 0.99617 0.99618 0.00392366 0.0026657 0.996816 0.996876 0.997613 0.99585 0.996891 0.00306887 0.00381526 0.00290363 0.00283439 0.0022495 0.00357658 0.00350333 0.0030653 0.00327594 0.00290951 0.995858 0.00288632 0.00251779 0.00309244 0.99677 0.0028371 0.00247392 0.995731 0.002433 0.00316513 0.00238286 0.00292822 0.00288559 0.00374637 0.00358685
0.996874 0.996724 0.997337 0.99693 0.996278 0.9969 0.996748 0.996909 0.00376322 0.996779 0.997179 0.996316 0.00315512 0.00489536 0.00375026 0.00382548 0.99659 0.996829 0.996902 0.996937 0.996909 0.996617 0.997549 0.997076 0.996598 0.997483 0.996703 0.00293121 0.996829 0.996211 0.00414257 0.00413443 0.997017 0.0031767 0.997517 0.996243 0.996935 0.996136 0.9971 0.996929 0.996393 0.0046511 0.996343 0.00460096 0.997169 0.99731 0.00341434 0.995848 0.997123 0.00292087 0.00342734 0.00285916 0.0029044 0.00274557 0.00337947 0.99653 0.996097 0.00324962 0.00243181 0.0035601 0.00445818 0.00293723 0.00476027 0.00283448 0.9971 0.00292692 0.996189 0.996197 0.00390515 0.00266569 0.996826 0.996879 0.997612 0.995871 0.996901 0.00306469 0.00379941 0.00290158 0.00283607 0.00225373 0.00356911 0.00349514 0.00306271 0.00327057 0.00290572 0.995884 0.00288198 0.00251942 0.00309121 0.996779 0.00283741 0.00247524 0.995754 0.00243381 0.00315933 0.00238565 0.00292572 0.00288283 0.00373353 0.00357396
0.99688 0.996731 0.99734 0.996934 0.996293 0.996903 0.996755 0.996911 0.00374965 0.996786 0.997182 0.996327 0.00314513 0.00485792 0.00373515 0.00380609 0.996598 0.996832 0.996908 0.99694 0.996913 0.996626 0.997547 0.997078 0.996607 0.997482 0.996707 0.00292739 0.996831 0.996223 0.00411544 0.00410797 0.997021 0.00316977 0.997517 0.996255 0.996938 0.996152 0.997105 0.996933 0.996404 0.00462259 0.996356 0.00457029 0.997167 0.997311 0.003404 0.995865 0.997126 0.00291659 0.00341924 0.00285899 0.00290053 0.00274361 0.00337471 0.996543 0.99612 0.00324357 0.00243244 0.00354871 0.00443224 0.00293147 0.00473003 0.00283625 0.997102 0.00292462 0.996208 0.996214 0.00388817 0.00266473 0.996837 0.996884 0.997611 0.995893 0.996911 0.00305979 0.00378436 0.00289946 0.00283786 0.00225723 0.00356135 0.00348671 0.00306044 0.00326475 0.00290147 0.995911 0.00287754 0.0025207 0.00308957 0.99679 0.00283747 0.00247673 0.995776 0.00243476 0.00315402 0.00238837 0.0029237 0.00288012 0.00372158 0.00356005
0.996885 0.996738 0.997344 0.996938 0.996307 0.996907 0.996761 0.996913 0.00373632 0.996793 0.997184 0.996339 0.00313502 0.0048209 0.00372013 0.00378719 0.996606 0.996834 0.996914 0.996943 0.996918 0.996634 0.997546 0.997081 0.996617 0.997481 0.996712 0.00292353 0.996834 0.996235 0.00408991 0.00408206 0.997025 0.00316322 0.997517 0.996268 0.99694 0.996168 0.99711 0.996938 0.996414 0.0045945 0.996368 0.00454036 0.997166 0.997313 0.00339402 0.99588 0.997129 0.00291263 0.00341102 0.00285895 0.0028962 0.0027415 0.00336991 0.996556 0.996142 0.00323746 0.00243329 0.00353727 0.00440714 0.00292662 0.00469959 0.00283799 0.997105 0.00292255 0.996227 0.99623 0.00387081 0.00266434 0.996847 0.996887 0.997609 0.995914 0.99692 0.00305566 0.00376918 0.00289703 0.00283957 0.00226093 0.00355437 0.00347821 0.00305807 0.00325912 0.00289765 0.995936 0.00287294 0.00252189 0.0030877 0.996799 0.00283774 0.00247806 0.995797 0.0024356 0.00314907 0.00239059 0.0029215 0.00287729 0.00370957 0.00354711
0.996891 0.996744 0.997347 0.996943 0.996322 0.996911 0.996767 0.996915 0.00372322 0.996801 0.997186 0.996351 0.00312572 0.00478407 0.00370501 0.00376802 0.996613 0.996837 0.99692 0.996946 0.996922 0.996644 0.997545 0.997083 0.996626 0.997479 0.996715 0.00291981 0.996836 0.996246 0.00406358 0.00405572 0.997029 0.0031568 0.997517 0.996281 0.996942 0.996183 0.997114 0.996942 0.996424 0.00456583 0.99638 0.00451062 0.997164 0.997315 0.00338505 0.995896 0.997132 0.0029087 0.00340276 0.00285883 0.00289301 0.00273994 0.00336542 0.996569 0.996164 0.00323163 0.00243379 0.0035264 0.00438254 0.00292118 0.00466974 0.00283928 0.997107 0.00291993 0.996245 0.996247 0.00385317 0.00266407 0.996857 0.99689 0.997607 0.995935 0.996929 0.0030516 0.00375451 0.00289435 0.00284193 0.00226494 0.00354665 0.00346986 0.00305506 0.00325326 0.00289378 0.995961 0.00286876 0.00252303 0.003086 0.996809 0.00283787 0.00247939 0.995819 0.0024366 0.00314391 0.00239342 0.00291921 0.00287488 0.00369807 0.00353448
0.996896 0.996751 0.99735 0.996947 0.996337 0.996914 0.996773 0.996916 0.00371083 0.996808 0.997188 0.996362 0.0031162 0.00474849 0.00369019 0.00374969 0.996621 0.996839 0.996926 0.996948 0.996926 0.996652 0.997544 0.997085 0.996634 0.997478 0.996719 0.00291552 0.996838 0.996258 0.00403879 0.0040313 0.997033 0.00315011 0.997517 0.996294 0.996944 0.996199 0.997119 0.996946 0.996434 0.00453818 0.996393 0.00448116 0.997163 0.997318 0.00337604 0.995912 0.997134 0.00290499 0.00339476 0.00285813 0.00288883 0.00273781 0.00336011 0.996582 0.996186 0.00322507 0.0024345 0.00351589 0.00435779 0.00291558 0.00464038 0.00284113 0.997109 0.00291762 0.996264 0.996263 0.00383587 0.00266359 0.996866 0.996894 0.997606 0.995955 0.996939 0.00304787 0.00374029 0.00289211 0.00284356 0.00226877 0.00354008 0.00346187 0.00305309 0.00324829 0.00289041 0.995986 0.00286425 0.00252392 0.0030844 0.996819 0.00283794 0.0024805 0.995839 0.00243717 0.00313941 0.00239599 0.00291663 0.00287244 0.00368583 0.00352167
0.996901 0.996758 0.997354 0.996951 0.996351 0.996917 0.99678 0.996918 0.00369814 0.996815 0.99719 0.996373 0.00310656 0.00471319 0.00367543 0.00373193 0.996629 0.996841 0.996932 0.996951 0.996931 0.99666 0.997542 0.997087 0.996642 0.997477 0.996723 0.00291204 0.996841 0.996269 0.00401353 0.004006 0.997037 0.00314395 0.997517 0.996306 0.996948 0.996213 0.997124 0.996951 0.996444 0.00451009 0.996404 0.00445399 0.997161 0.997319 0.00336637 0.995927 0.997137 0.00290115 0.00338707 0.0028577 0.00288528 0.002736 0.00335574 0.996595 0.996206 0.00321965 0.00243511 0.00350438 0.00433299 0.00291058 0.00461232 0.00284265 0.997112 0.0029154 0.996282 0.996278 0.00381863 0.00266363 0.996876 0.996897 0.997604 0.995975 0.996948 0.00304356 0.00372657 0.00288981 0.00284551 0.00227271 0.00353325 0.00345402 0.00305056 0.00324362 0.00288672 0.99601 0.00286021 0.00252514 0.00308255 0.996829 0.00283795 0.00248162 0.99586 0.00243814 0.00313461 0.00239817 0.00291449 0.00286981 0.00367426 0.00350882
0.996906 0.996765 0.997358 0.996954 0.996366 0.99692 0.996785 0.99692 0.00368634 0.996822 0.997192 0.996384 0.00309711 0.00467837 0.00366128 0.00371363 0.996636 0.996843 0.996938 0.996953 0.996935 0.996668 0.997541 0.997089 0.996651 0.997476 0.996727 0.00290826 0.996843 0.996281 0.00398918 0.00398135 0.997041 0.00313746 0.997517 0.996318 0.99695 0.996228 0.997128 0.996954 0.996453 0.00448277 0.996415 0.00442591 0.997159 0.997321 0.00335691 0.995942 0.99714 0.00289702 0.00337948 0.00285765 0.00288218 0.00273436 0.00335135 0.996607 0.996227 0.00321334 0.00243612 0.0034937 0.00430903 0.00290544 0.00458338 0.00284412 0.997114 0.00291332 0.9963 0.996294 0.00380175 0.00266322 0.996886 0.996901 0.997602 0.995996 0.996957 0.0030401 0.00371203 0.0028873 0.00284693 0.00227628 0.0035262 0.00344551 0.00304804 0.00323852 0.00288332 0.996034 0.00285611 0.00252665 0.00308093 0.996837 0.00283808 0.00248286 0.995881 0.00243886 0.00312985 0.00240083 0.00291237 0.00286758 0.0036634 0.00349658
0.996911 0.996771 0.997361 0.996958 0.99638 0.996924 0.996791 0.996922 0.00367404 0.996828 0.997193 0.996395 0.00308807 0.00464402 0.00364746 0.00369586 0.996643 0.996846 0.996944 0.996956 0.996939 0.996676 0.99754 0.997091 0.99666 0.997475 0.996731 0.0029044 0.996845 0.996292 0.00396449 0.0039574 0.997045 0.00313101 0.997517 0.996331 0.996953 0.996242 0.997133 0.996958 0.996463 0.00445546 0.996426 0.00439825 0.997158 0.997323 0.00334817 0.995957 0.997143 0.00289344 0.00337149 0.0028575 0.00287887 0.00273219 0.00334697 0.996619 0.996248 0.00320753 0.0024373 0.00348277 0.00428552 0.00290068 0.00455583 0.00284574 0.997116 0.00291119 0.996317 0.996311 0.00378567 0.00266244 0.996896 0.996904 0.997601 0.996015 0.996966 0.00303639 0.00369876 0.00288525 0.00284799 0.00228019 0.0035187 0.00343811 0.00304535 0.00323303 0.00288072 0.996058 0.00285205 0.00252773 0.00307873 0.996846 0.00283828 0.00248374 0.995901 0.0024397 0.0031245 0.00240314 0.00291075 0.00286517 0.00365208 0.00348451
0.996915 0.996777 0.997364 0.996962 0.996393 0.996927 0.996796 0.996923 0.00366192 0.996836 0.997195 0.996406 0.00307884 0.00461022 0.00363304 0.00367872 0.996651 0.996847 0.99695 0.996958 0.996943 0.996684 0.997539 0.997093 0.996669 0.997474 0.996734 0.00290065 0.996847 0.996303 0.00394089 0.00393391 0.997049 0.00312429 0.997517 0.996343 0.996956 0.996256 0.997137 0.996961 0.996472 0.00442986 0.996438 0.00437153 0.997156 0.997324 0.00333893 0.995972 0.997146 0.00288972 0.00336411 0.00285707 0.00287532 0.00273034 0.00334261 0.996631 0.996268 0.00320137 0.00243776 0.00347243 0.00426288 0.00289598 0.00452739 0.00284764 0.997118 0.00290903 0.996335 0.996326 0.00377004 0.00266214 0.996905 0.996908 0.9976 0.996034 0.996974 0.00303282 0.00368535 0.00288312 0.00284931 0.0022836 0.00351178 0.00343042 0.00304295 0.00322789 0.00287696 0.996081 0.00284778 0.00252896 0.003077 0.996855 0.00283897 0.00248489 0.995921 0.00244041 0.00311971 0.00240586 0.00290882 0.00286254 0.00364152 0.00347241
0.996921 0.996783 0.997367 0.996965 0.996407 0.99693 0.996802 0.996925 0.00364971 0.996842 0.997197 0.996417 0.0030698 0.00457741 0.00361912 0.00366216 0.996658 0.99685 0.996956 0.99696 0.996947 0.996691 0.997537 0.997095 0.996677 0.997473 0.996738 0.00289738 0.996848 0.996315 0.00391784 0.00391015 0.997053 0.00311875 0.997517 0.996354 0.996958 0.99627 0.997141 0.996965 0.996481 0.00440359 0.996449 0.004344 0.997155 0.997327 0.00333034 0.995986 0.997148 0.00288603 0.00335642 0.00285718 0.0028716 0.00272837 0.00333765 0.996643 0.996287 0.00319565 0.00243887 0.00346236 0.00424017 0.00289127 0.00450021 0.00284944 0.99712 0.00290712 0.996352 0.996342 0.00375406 0.00266173 0.996914 0.996911 0.997599 0.996053 0.996983 0.00302885 0.00367168 0.00288078 0.00285063 0.00228725 0.00350531 0.00342292 0.0030405 0.00322287 0.00287334 0.996104 0.0028438 0.00253025 0.00307548 0.996865 0.00283925 0.00248641 0.995941 0.00244117 0.00311495 0.00240794 0.00290716 0.00286073 0.00363086 0.00346013
0.996926 0.996789 0.99737 0.996969 0.99642 0.996933 0.996809 0.996927 0.00363758 0.996849 0.997199 0.996427 0.00306055 0.00454515 0.00360533 0.0036454 0.996665 0.996852 0.996962 0.996963 0.996951 0.996699 0.997536 0.997097 0.996685 0.997472 0.996742 0.00289419 0.996851 0.996325 0.00389526 0.00388744 0.997057 0.00311172 0.997517 0.996367 0.99696 0.996283 0.997146 0.996969 0.996491 0.00437884 0.99646 0.0043184 0.997153 0.997329 0.00332168 0.996001 0.997151 0.00288251 0.0033483 0.00285703 0.00286813 0.00272644 0.00333296 0.996656 0.996307 0.00318979 0.00243983 0.00345197 0.00421804 0.00288643 0.00447373 0.00285091 0.997123 0.0029053 0.996368 0.996357 0.00373829 0.00266151 0.996923 0.996914 0.997598 0.996072 0.996991 0.00302565 0.00365875 0.00287899 0.00285196 0.00229104 0.00349908 0.00341487 0.00303775 0.003218 0.0028703 0.996127 0.00284036 0.00253144 0.00307368 0.996874 0.00283972 0.00248764 0.995961 0.00244196 0.00310982 0.0024107 0.00290485 0.00285861 0.00361983 0.00344813
0.996931 0.996796 0.997372 0.996972 0.996433 0.996935 0.996814 0.996929 0.00362561 0.996855 0.997201 0.996437 0.00305157 0.0045132 0.00359204 0.00362896 0.996672 0.996854 0.996967 0.996965 0.996955 0.996707 0.997534 0.997099 0.996693 0.99747 0.996745 0.00289064 0.996853 0.996336 0.00387289 0.00386476 0.99706 0.00310585 0.997517 0.996378 0.996962 0.996296 0.99715 0.996972 0.996499 0.0043536 0.99647 0.00429232 0.997152 0.99733 0.00331347 0.996015 0.997154 0.00287876 0.00334079 0.0028572 0.00286507 0.00272447 0.00332877 0.996667 0.996326 0.00318473 0.00244033 0.00344145 0.00419591 0.00288129 0.00444762 0.00285289 0.997125 0.00290335 0.996385 0.996372 0.00372261 0.00266106 0.996932 0.996917 0.997597 0.996091 0.997 0.00302227 0.00364602 0.00287658 0.00285303 0.00229487 0.00349291 0.00340761 0.00303556 0.00321325 0.00286655 0.996149 0.00283608 0.00253272 0.0030717 0.996882 0.00283965 0.00248912 0.99598 0.00244257 0.00310479 0.0024133 0.00290317 0.00285605 0.00360908 0.00343645
0.996936 0.996802 0.997376 0.996976 0.996446 0.996938 0.99682 0.99693 0.00361515 0.996862 0.997203 0.996447 0.00304301 0.00448134 0.0035791 0.00361279 0.996679 0.996856 0.996972 0.996967 0.996958 0.996714 0.997533 0.9971 0.996701 0.997469 0.996749 0.00288735 0.996855 0.996347 0.00385114 0.00384265 0.997064 0.00309966 0.997517 0.996389 0.996965 0.99631 0.997154 0.996975 0.996509 0.00432824 0.996481 0.0042669 0.99715 0.997332 0.00330453 0.996029 0.997156 0.00287513 0.00333382 0.00285676 0.00286163 0.00272273 0.00332441 0.996679 0.996345 0.00317971 0.00244128 0.00343109 0.00417365 0.0028766 0.00442208 0.00285451 0.997127 0.00290113 0.996401 0.996387 0.00370751 0.00266087 0.996941 0.996921 0.997596 0.996108 0.997008 0.00301883 0.0036339 0.00287465 0.00285453 0.00229845 0.00348683 0.00340062 0.0030337 0.00320856 0.00286305 0.996171 0.00283234 0.00253361 0.00307018 0.996891 0.00283963 0.00249012 0.995999 0.00244326 0.0031006 0.00241565 0.00290068 0.00285395 0.00359776 0.00342513
0.99694 0.996807 0.997379 0.99698 0.996459 0.996941 0.996826 0.996931 0.00360392 0.996868 0.997205 0.996458 0.00303451 0.00445045 0.00356559 0.0035962 0.996686 0.996858 0.996978 0.996969 0.996962 0.996722 0.997532 0.997103 0.996709 0.997468 0.996752 0.0028839 0.996857 0.996357 0.00382863 0.00382075 0.997068 0.00309391 0.997518 0.996401 0.996967 0.996324 0.997158 0.996979 0.996518 0.00430387 0.996493 0.00424133 0.997149 0.997334 0.00329623 0.996043 0.997158 0.00287146 0.0033267 0.00285649 0.00285832 0.00272106 0.00332013 0.99669 0.996365 0.00317449 0.00244191 0.00342149 0.00415279 0.00287192 0.00439713 0.00285586 0.997129 0.00289912 0.996417 0.996401 0.00369222 0.00266064 0.99695 0.996924 0.997595 0.996125 0.997016 0.00301534 0.00362105 0.00287259 0.00285597 0.002302 0.00348028 0.00339365 0.00303131 0.00320389 0.0028601 0.996193 0.002829 0.00253464 0.00306872 0.9969 0.00284 0.00249162 0.996018 0.00244396 0.00309628 0.00241825 0.00289819 0.00285144 0.0035869 0.00341323
0.996945 0.996813 0.997382 0.996983 0.996472 0.996944 0.996832 0.996932 0.00359286 0.996875 0.997206 0.996467 0.00302596 0.00441971 0.00355262 0.003581 0.996693 0.99686 0.996983 0.996971 0.996966 0.99673 0.99753 0.997105 0.996717 0.997466 0.996756 0.00288025 0.996859 0.996367 0.00380675 0.00379923 0.997072 0.00308736 0.997518 0.996412 0.996969 0.996337 0.997163 0.996982 0.996527 0.00427946 0.996504 0.00421671 0.997147 0.997336 0.0032879 0.996058 0.997161 0.0028682 0.00331973 0.00285573 0.00285443 0.00271963 0.00331608 0.996702 0.996383 0.00316951 0.00244297 0.00341192 0.00413148 0.00286673 0.00437262 0.00285718 0.997131 0.00289725 0.996433 0.996416 0.00367698 0.00266031 0.996958 0.996926 0.997593 0.996144 0.997023 0.00301187 0.00360908 0.00287072 0.00285709 0.00230567 0.00347381 0.00338621 0.00302906 0.00319931 0.00285701 0.996215 0.00282507 0.00253543 0.00306685 0.996908 0.00284073 0.0024928 0.996036 0.0024441 0.00309173 0.00242092 0.00289643 0.00284901 0.0035761 0.0034024
0.99695 0.996819 0.997385 0.996987 0.996484 0.996947 0.996837 0.996934 0.00358161 0.996881 0.997209 0.996477 0.00301715 0.00439053 0.00354039 0.00356504 0.996699 0.996862 0.996988 0.996973 0.99697 0.996737 0.997529 0.997107 0.996725 0.997465 0.99676 0.00287665 0.996861 0.996377 0.00378505 0.00377834 0.997076 0.00308149 0.997517 0.996423 0.996972 0.99635 0.997167 0.996986 0.996536 0.00425592 0.996514 0.00419265 0.997146 0.997338 0.00327986 0.996071 0.997164 0.00286446 0.00331285 0.00285522 0.00285136 0.00271796 0.00331211 0.996713 0.996402 0.0031645 0.00244375 0.00340238 0.00411025 0.00286237 0.00434788 0.00285851 0.997133 0.00289546 0.996448 0.996429 0.003661 0.00266016 0.996967 0.996929 0.997592 0.996161 0.997031 0.00300833 0.00359659 0.00286854 0.00285858 0.00230922 0.00346773 0.00337824 0.00302748 0.00319572 0.00285359 0.996235 0.00282167 0.00253605 0.00306499 0.996916 0.00284099 0.00249385 0.996054 0.00244479 0.00308736 0.0024232 0.00289471 0.00284689 0.00356553 0.00339104
0.996954 0.996825 0.997389 0.99699 0.996497 0.99695 0.996842 0.996935 0.00357093 0.996888 0.99721 0.996487 0.00300891 0.00436092 0.00352789 0.00354957 0.996706 0.996863 0.996993 0.996975 0.996974 0.996744 0.997527 0.99711 0.996732 0.997465 0.996763 0.00287299 0.996863 0.996387 0.00376437 0.00375714 0.997079 0.00307534 0.997516 0.996434 0.996974 0.996364 0.997171 0.996989 0.996545 0.00423334 0.996524 0.00416899 0.997145 0.99734 0.00327157 0.996084 0.997167 0.00286094 0.0033059 0.00285503 0.00284804 0.00271634 0.00330835 0.996723 0.996419 0.00315914 0.0024446 0.00339324 0.00408967 0.00285769 0.00432377 0.00285921 0.997135 0.002893 0.996464 0.996444 0.00364636 0.0026597 0.996975 0.996932 0.99759 0.996178 0.997039 0.00300513 0.00358456 0.00286686 0.00285973 0.00231267 0.00346103 0.00337139 0.00302512 0.00319115 0.00285049 0.996256 0.00281775 0.00253722 0.00306268 0.996924 0.00284114 0.00249517 0.996072 0.00244524 0.00308307 0.00242551 0.00289252 0.00284412 0.00355516 0.00338003
0.996959 0.996831 0.997392 0.996993 0.996509 0.996953 0.996848 0.996937 0.00356028 0.996894 0.997212 0.996496 0.00300089 0.00433153 0.00351558 0.00353418 0.996712 0.996865 0.996999 0.996977 0.996978 0.996751 0.997526 0.997112 0.99674 0.997463 0.996767 0.00286981 0.996865 0.996397 0.00374358 0.00373718 0.997083 0.00307012 0.997517 0.996445 0.996976 0.996376 0.997175 0.996993 0.996554 0.00421073 0.996534 0.0041454 0.997143 0.997342 0.00326375 0.996099 0.997169 0.0028576 0.0032989 0.00285462 0.00284486 0.00271474 0.00330408 0.996734 0.996437 0.00315349 0.00244573 0.00338387 0.00406946 0.00285306 0.00430057 0.00286044 0.997137 0.00289118 0.996478 0.996458 0.00363155 0.00265946 0.996983 0.996935 0.997589 0.996195 0.997047 0.00300172 0.00357249 0.00286549 0.00286145 0.00231607 0.00345435 0.00336503 0.00302344 0.0031866 0.00284747 0.996276 0.00281401 0.00253804 0.00306104 0.996933 0.00284156 0.00249618 0.996091 0.0024455 0.00307866 0.00242766 0.0028905 0.00284186 0.00354509 0.00336885
0.996963 0.996836 0.997395 0.996997 0.99652 0.996955 0.996853 0.996938 0.00354938 0.996901 0.997213 0.996505 0.00299308 0.00430428 0.00350265 0.00351974 0.996719 0.996867 0.997004 0.996979 0.996981 0.996759 0.997524 0.997114 0.996746 0.997462 0.99677 0.00286657 0.996867 0.996407 0.00372372 0.00371697 0.997086 0.00306475 0.997517 0.996455 0.996977 0.996388 0.997179 0.996996 0.996562 0.00418719 0.996544 0.00412173 0.997142 0.997344 0.0032567 0.996112 0.997172 0.00285439 0.0032915 0.00285436 0.00284185 0.00271274 0.00330013 0.996745 0.996454 0.00314763 0.00244666 0.00337401 0.00404974 0.0028488 0.00427709 0.00286234 0.997139 0.00288957 0.996493 0.996471 0.00361773 0.00265938 0.996992 0.996938 0.997587 0.996211 0.997055 0.00299819 0.00356018 0.00286346 0.00286254 0.0023193 0.00344803 0.00335838 0.0030216 0.0031823 0.0028442 0.996296 0.0028103 0.00253936 0.00305971 0.996941 0.00284156 0.00249782 0.996108 0.00244646 0.00307467 0.00242993 0.00288809 0.00283999 0.00353504 0.00335786
0.996968 0.996841 0.997398 0.997 0.996532 0.996958 0.996858 0.99694 0.00353891 0.996906 0.997215 0.996514 0.00298498 0.00427609 0.0034907 0.00350438 0.996725 0.996869 0.997009 0.996982 0.996984 0.996766 0.997523 0.997116 0.996754 0.997462 0.996773 0.00286319 0.996868 0.996417 0.00370352 0.00369753 0.99709 0.00305939 0.997517 0.996466 0.99698 0.996401 0.997184 0.996999 0.996571 0.00416528 0.996553 0.00409827 0.99714 0.997345 0.00324926 0.996124 0.997174 0.00285141 0.00328425 0.00285454 0.00283856 0.00271144 0.003296 0.996755 0.996472 0.00314233 0.00244746 0.00336413 0.00403025 0.00284418 0.00425378 0.00286335 0.997141 0.00288774 0.996508 0.996485 0.00360361 0.00265901 0.997 0.996941 0.997586 0.996227 0.997063 0.00299509 0.00354788 0.00286193 0.00286352 0.0023227 0.00344207 0.00335141 0.00301969 0.00317797 0.00284093 0.996315 0.00280702 0.00254018 0.00305848 0.99695 0.00284175 0.00249911 0.996125 0.00244757 0.00307042 0.00243175 0.00288598 0.00283801 0.00352531 0.00334727
0.996972 0.996847 0.9974 0.997003 0.996543 0.996962 0.996862 0.996942 0.00352761 0.996912 0.997216 0.996524 0.00297699 0.00424872 0.00347883 0.00348986 0.996732 0.99687 0.997014 0.996984 0.996988 0.996773 0.997522 0.997118 0.996761 0.997461 0.996777 0.00285996 0.99687 0.996427 0.00368296 0.00367763 0.997093 0.00305394 0.997516 0.996477 0.996981 0.996413 0.997187 0.997002 0.996579 0.00414387 0.996563 0.00407544 0.997139 0.997347 0.00324119 0.996137 0.997176 0.00284801 0.0032777 0.00285456 0.00283506 0.00271048 0.00329201 0.996765 0.996489 0.00313737 0.00244816 0.00335528 0.00401027 0.00283978 0.00423105 0.00286468 0.997143 0.00288571 0.996522 0.996498 0.00358991 0.00265895 0.997008 0.996944 0.997585 0.996244 0.99707 0.00299195 0.00353615 0.00286015 0.00286511 0.00232628 0.00343586 0.00334504 0.00301768 0.00317358 0.0028377 0.996335 0.00280367 0.00254069 0.00305697 0.996957 0.00284175 0.00250014 0.996141 0.00244826 0.00306587 0.002434 0.00288408 0.00283578 0.00351598 0.00333677
0.996976 0.996852 0.997403 0.997006 0.996556 0.996964 0.996868 0.996943 0.0035173 0.996918 0.997218 0.996533 0.00296908 0.00422124 0.00346771 0.00347501 0.996737 0.996872 0.99702 0.996986 0.996992 0.99678 0.997521 0.99712 0.996768 0.99746 0.996781 0.00285661 0.996872 0.996437 0.00366308 0.00365819 0.997096 0.0030484 0.997516 0.996488 0.996983 0.996425 0.997191 0.997006 0.996587 0.00412231 0.996573 0.00405276 0.997138 0.997349 0.00323374 0.99615 0.997179 0.0028447 0.00327081 0.00285431 0.00283263 0.00270904 0.00328772 0.996775 0.996506 0.00313222 0.00244883 0.00334682 0.00399137 0.00283569 0.00420848 0.00286564 0.997145 0.00288396 0.996536 0.996511 0.00357655 0.00265874 0.997016 0.996947 0.997583 0.996259 0.997077 0.00298881 0.0035249 0.00285785 0.00286598 0.00232951 0.00343126 0.00333868 0.00301514 0.00316927 0.00283451 0.996354 0.00280005 0.00254165 0.00305579 0.996965 0.00284176 0.00250123 0.996159 0.00244842 0.00306137 0.00243609 0.00288201 0.0028337 0.00350614 0.00332646
0.996981 0.996858 0.997406 0.99701 0.996567 0.996967 0.996872 0.996945 0.00350704 0.996924 0.99722 0.996542 0.00296118 0.00419384 0.00345589 0.00346122 0.996744 0.996874 0.997025 0.996988 0.996996 0.996787 0.99752 0.997122 0.996775 0.997459 0.996784 0.00285331 0.996874 0.996446 0.00364439 0.00363922 0.997099 0.00304302 0.997516 0.996498 0.996985 0.996437 0.997195 0.997009 0.996596 0.00410087 0.996582 0.004031 0.997136 0.997351 0.00322664 0.996161 0.997181 0.00284153 0.00326399 0.00285422 0.00282997 0.00270757 0.00328378 0.996784 0.996522 0.00312771 0.00244946 0.00333796 0.00397248 0.00283104 0.00418612 0.00286709 0.997147 0.00288263 0.99655 0.996525 0.00356298 0.00265871 0.997024 0.99695 0.997582 0.996274 0.997085 0.00298583 0.00351383 0.00285614 0.0028673 0.00233277 0.00342576 0.00333229 0.00301321 0.00316482 0.00283172 0.996373 0.00279601 0.00254302 0.0030542 0.996973 0.00284158 0.00250234 0.996175 0.00244878 0.00305792 0.0024386 0.00288007 0.00283205 0.00349678 0.00331603
0.996985 0.996864 0.997409 0.997014 0.996579 0.99697 0.996877 0.996946 0.00349696 0.996929 0.997221 0.99655 0.00295372 0.0041674 0.00344442 0.00344659 0.996749 0.996876 0.99703 0.99699 0.997 0.996793 0.997519 0.997124 0.996782 0.997458 0.996787 0.00285029 0.996876 0.996456 0.00362594 0.00362012 0.997103 0.00303782 0.997516 0.996508 0.996987 0.996448 0.997199 0.997012 0.996604 0.00407976 0.996592 0.00400932 0.997135 0.997352 0.00321941 0.996174 0.997183 0.00283817 0.00325771 0.00285408 0.00282755 0.00270584 0.00328019 0.996794 0.996538 0.0031229 0.00245024 0.00332889 0.00395473 0.00282699 0.00416408 0.00286851 0.997149 0.00288081 0.996564 0.996537 0.00355005 0.00265835 0.997032 0.996953 0.997581 0.99629 0.997092 0.00298311 0.00350286 0.00285457 0.00286888 0.00233625 0.00341976 0.00332593 0.00301116 0.00316073 0.00282864 0.996392 0.00279279 0.00254438 0.00305273 0.996981 0.00284158 0.00250375 0.996191 0.00244975 0.00305353 0.00244061 0.00287798 0.0028299 0.00348705 0.0033059
0.99699 0.996868 0.997412 0.997017 0.99659 0.996973 0.996882 0.996948 0.00348721 0.996935 0.997223 0.99656 0.00294625 0.00414178 0.00343311 0.00343292 0.996755 0.996878 0.997035 0.996991 0.997003 0.9968 0.997518 0.997125 0.99679 0.997457 0.99679 0.00284715 0.996878 0.996465 0.00360709 0.00360096 0.997106 0.00303295 0.997516 0.996518 0.996989 0.99646 0.997202 0.997015 0.996612 0.00405943 0.996602 0.00398772 0.997133 0.997354 0.00321239 0.996186 0.997186 0.00283515 0.00325147 0.00285343 0.00282431 0.0027042 0.00327679 0.996804 0.996554 0.0031181 0.00245079 0.00332098 0.00393595 0.00282271 0.0041433 0.00287006 0.99715 0.00287867 0.996578 0.99655 0.00353706 0.00265796 0.997039 0.996956 0.99758 0.996305 0.9971 0.00297996 0.00349221 0.00285228 0.00287111 0.00233893 0.00341447 0.00331874 0.00300968 0.00315619 0.00282554 0.99641 0.00278964 0.00254535 0.0030517 0.996988 0.00284209 0.00250475 0.996207 0.0024506 0.0030491 0.00244292 0.00287617 0.00282791 0.00347794 0.00329637
0.996994 0.996873 0.997415 0.99702 0.996602 0.996975 0.996887 0.996949 0.00347725 0.996941 0.997225 0.996568 0.00293856 0.00411643 0.00342263 0.00341895 0.996761 0.99688 0.99704 0.996993 0.997007 0.996806 0.997517 0.997128 0.996797 0.997456 0.996793 0.00284433 0.99688 0.996474 0.00358916 0.00358219 0.997109 0.00302812 0.997516 0.996528 0.996991 0.996471 0.997206 0.997019 0.99662 0.00403924 0.996611 0.00396628 0.997132 0.997356 0.00320516 0.996197 0.997188 0.00283155 0.00324542 0.00285314 0.00282179 0.00270234 0.00327324 0.996813 0.99657 0.0031134 0.00245112 0.00331282 0.00391739 0.00281842 0.00412202 0.00287136 0.997152 0.00287724 0.996592 0.996562 0.00352366 0.00265764 0.997047 0.996958 0.997578 0.99632 0.997107 0.00297669 0.00348095 0.00285017 0.00287212 0.0023419 0.00340878 0.00331242 0.00300804 0.00315168 0.0028226 0.996428 0.0027863 0.00254636 0.00304982 0.996995 0.00284205 0.00250544 0.996224 0.00245118 0.00304504 0.00244514 0.00287435 0.00282586 0.00346914 0.00328651
0.996998 0.996878 0.997418 0.997023 0.996613 0.996978 0.996892 0.99695 0.00346741 0.996946 0.997226 0.996576 0.0029312 0.00409119 0.00341186 0.00340567 0.996766 0.996882 0.997045 0.996996 0.99701 0.996812 0.997516 0.997129 0.996803 0.997455 0.996796 0.00284123 0.996881 0.996483 0.00357121 0.00356443 0.997113 0.00302298 0.997516 0.996538 0.996993 0.996482 0.99721 0.997022 0.996628 0.00402003 0.996619 0.00394565 0.997131 0.997357 0.00319856 0.996209 0.99719 0.00282813 0.0032391 0.00285289 0.00281876 0.00270059 0.00326923 0.996823 0.996585 0.00310873 0.00245203 0.00330426 0.00389996 0.00281442 0.00410095 0.00287212 0.997154 0.0028749 0.996605 0.996574 0.00351078 0.00265753 0.997054 0.996961 0.997577 0.996335 0.997114 0.00297351 0.0034697 0.00284873 0.00287328 0.00234494 0.00340393 0.00330609 0.00300592 0.00314798 0.00282012 0.996446 0.00278309 0.00254689 0.00304789 0.997003 0.00284194 0.00250613 0.99624 0.00245223 0.00304118 0.00244708 0.00287272 0.00282406 0.00346011 0.00327646
0.997003 0.996882 0.99742 0.997026 0.996624 0.996981 0.996896 0.996952 0.00345716 0.996951 0.997228 0.996585 0.00292421 0.00406596 0.00340054 0.00339235 0.996772 0.996884 0.99705 0.996997 0.997014 0.996818 0.997514 0.997131 0.99681 0.997454 0.996799 0.00283838 0.996883 0.996492 0.00355321 0.003547 0.997116 0.0030177 0.997515 0.996547 0.996996 0.996493 0.997214 0.997026 0.996635 0.00400042 0.996629 0.0039254 0.99713 0.997359 0.00319227 0.99622 0.997193 0.0028254 0.00323248 0.00285258 0.0028162 0.00269888 0.00326532 0.996832 0.996601 0.00310368 0.00245301 0.00329651 0.00388211 0.00281063 0.00407981 0.00287267 0.997156 0.00287317 0.996619 0.996586 0.00349786 0.00265756 0.997061 0.996964 0.997576 0.996349 0.997122 0.00296991 0.0034593 0.0028473 0.00287411 0.00234801 0.00339802 0.00329975 0.00300349 0.00314328 0.00281687 0.996464 0.00277948 0.00254777 0.00304614 0.997011 0.00284164 0.0025073 0.996255 0.00245299 0.00303739 0.00244915 0.00287098 0.00282172 0.00345134 0.00326734
0.997007 0.996888 0.997423 0.997029 0.996635 0.996984 0.996901 0.996954 0.00344797 0.996956 0.997229 0.996593 0.00291651 0.00404123 0.00339008 0.00337909 0.996777 0.996886 0.997055 0.996999 0.997017 0.996824 0.997513 0.997133 0.996817 0.997453 0.996803 0.0028359 0.996885 0.9965 0.00353562 0.00352958 0.997119 0.0030129 0.997515 0.996557 0.996998 0.996505 0.997217 0.997029 0.996643 0.00398102 0.996637 0.00390583 0.997129 0.99736 0.00318487 0.996232 0.997195 0.00282209 0.00322642 0.00285193 0.0028132 0.00269711 0.00326214 0.996842 0.996616 0.00309932 0.0024536 0.00328815 0.00386534 0.00280679 0.00405943 0.00287358 0.997157 0.00287155 0.996633 0.996597 0.00348521 0.00265773 0.997068 0.996966 0.997575 0.996364 0.997129 0.00296694 0.00344875 0.00284558 0.00287548 0.00235129 0.00339262 0.0032935 0.00300109 0.00313844 0.00281408 0.996481 0.00277598 0.00254852 0.00304525 0.997017 0.00284189 0.00250884 0.99627 0.00245389 0.00303376 0.0024514 0.00286851 0.00281953 0.00344289 0.0032575
0.997011 0.996893 0.997426 0.997032 0.996645 0.996987 0.996905 0.996956 0.00343822 0.996962 0.997231 0.996601 0.00290937 0.00401755 0.00337972 0.00336636 0.996783 0.996887 0.99706 0.997001 0.99702 0.996829 0.997512 0.997134 0.996823 0.997452 0.996806 0.0028329 0.996887 0.996508 0.00351903 0.00351294 0.997122 0.00300778 0.997515 0.996566 0.997 0.996515 0.997221 0.997032 0.99665 0.00396209 0.996646 0.00388644 0.997127 0.997362 0.00317796 0.996243 0.997197 0.00281896 0.00322031 0.00285164 0.00281052 0.00269602 0.00325812 0.996851 0.996631 0.00309417 0.00245436 0.00328023 0.00384808 0.00280244 0.00404032 0.00287429 0.997158 0.00286943 0.996646 0.99661 0.00347255 0.00265696 0.997076 0.996969 0.997574 0.996378 0.997136 0.00296439 0.00343801 0.00284393 0.00287706 0.00235461 0.00338754 0.00328753 0.00299939 0.00313417 0.00281126 0.996498 0.00277269 0.00254975 0.00304344 0.997024 0.00284208 0.00251021 0.996286 0.00245472 0.00303013 0.00245314 0.0028665 0.00281756 0.00343463 0.00324784
0.997015 0.996898 0.997429 0.997035 0.996655 0.996989 0.99691 0.996957 0.00342857 0.996967 0.997233 0.996609 0.00290214 0.00399403 0.00336888 0.00335312 0.996789 0.996889 0.997064 0.997003 0.997024 0.996835 0.99751 0.997136 0.996829 0.997451 0.996809 0.00283019 0.996889 0.996517 0.00350202 0.00349626 0.997125 0.00300274 0.997515 0.996575 0.997002 0.996526 0.997224 0.997035 0.996657 0.00394284 0.996655 0.00386667 0.997127 0.997364 0.00317175 0.996255 0.997199 0.00281575 0.00321394 0.00285129 0.00280805 0.00269448 0.00325469 0.99686 0.996645 0.00308961 0.00245463 0.00327248 0.00383106 0.00279835 0.00402085 0.00287625 0.99716 0.00286748 0.996658 0.996621 0.00346011 0.0026566 0.997083 0.996972 0.997573 0.996392 0.997143 0.00296117 0.00342788 0.00284167 0.00287836 0.00235795 0.00338256 0.00328199 0.00299738 0.00312971 0.00280829 0.996515 0.00276917 0.00255063 0.00304222 0.997031 0.00284218 0.0025108 0.996301 0.00245512 0.00302617 0.00245497 0.00286476 0.00281486 0.00342637 0.00323844
0.997019 0.996903 0.997432 0.997038 0.996666 0.996992 0.996915 0.996959 0.00341965 0.996973 0.997234 0.996617 0.00289559 0.00397029 0.00335861 0.00334041 0.996794 0.996891 0.997069 0.997005 0.997027 0.996842 0.997509 0.997137 0.996836 0.99745 0.996812 0.00282754 0.99689 0.996526 0.00348558 0.00347893 0.997128 0.00299785 0.997515 0.996584 0.997004 0.996536 0.997227 0.997037 0.996663 0.00392348 0.996663 0.00384797 0.997126 0.997366 0.00316533 0.996265 0.997202 0.00281323 0.00320798 0.0028509 0.00280538 0.00269309 0.00325115 0.996868 0.99666 0.00308518 0.00245522 0.00326468 0.00381432 0.00279444 0.00400118 0.00287764 0.997161 0.00286566 0.996671 0.996633 0.0034485 0.00265651 0.99709 0.996974 0.997571 0.996406 0.997149 0.00295831 0.0034178 0.00283994 0.00287945 0.0023612 0.00337705 0.00327598 0.00299579 0.00312561 0.00280532 0.996532 0.00276573 0.00255142 0.00304084 0.997038 0.00284248 0.00251182 0.996315 0.002456 0.00302252 0.00245736 0.00286289 0.0028128 0.00341817 0.0032295
0.997022 0.996908 0.997434 0.99704 0.996676 0.996995 0.996919 0.99696 0.00341055 0.996977 0.997236 0.996625 0.00288868 0.00394769 0.0033484 0.00332822 0.9968 0.996893 0.997073 0.997007 0.99703 0.996848 0.997508 0.997139 0.996843 0.997449 0.996815 0.0028244 0.996892 0.996534 0.00346918 0.00346237 0.997131 0.00299329 0.997515 0.996593 0.997007 0.996546 0.997231 0.997041 0.996671 0.00390462 0.996672 0.00382903 0.997125 0.997367 0.00315865 0.996276 0.997204 0.00281001 0.00320182 0.00285121 0.00280275 0.00269102 0.00324778 0.996877 0.996674 0.0030806 0.00245534 0.00325677 0.00379767 0.002791 0.00398239 0.00287886 0.997163 0.00286394 0.996683 0.996644 0.00343645 0.00265666 0.997097 0.996976 0.99757 0.99642 0.997155 0.00295569 0.00340741 0.00283764 0.00288044 0.00236425 0.00337164 0.00326968 0.00299372 0.00312198 0.00280261 0.996548 0.00276232 0.00255218 0.00303978 0.997045 0.00284248 0.00251268 0.996329 0.002457 0.00301903 0.00245946 0.00286116 0.00281122 0.00340993 0.00322059
0.997026 0.996914 0.997436 0.997043 0.996686 0.996997 0.996924 0.996962 0.00340156 0.996983 0.997238 0.996633 0.00288136 0.00392536 0.00333821 0.00331592 0.996805 0.996895 0.997077 0.997008 0.997033 0.996854 0.997507 0.997141 0.996848 0.997449 0.996818 0.00282191 0.996893 0.996542 0.00345286 0.00344647 0.997134 0.00298838 0.997515 0.996603 0.997009 0.996556 0.997234 0.997044 0.996679 0.00388658 0.99668 0.00381076 0.997123 0.997369 0.00315184 0.996286 0.997206 0.00280686 0.00319572 0.00285086 0.00280033 0.00268983 0.00324424 0.996886 0.996689 0.00307663 0.00245635 0.00324871 0.00378167 0.0027871 0.00396393 0.0028797 0.997164 0.00286232 0.996694 0.996655 0.00342489 0.00265645 0.997104 0.996979 0.997569 0.996433 0.997162 0.00295239 0.0033975 0.00283648 0.00288138 0.00236717 0.00336623 0.00326414 0.0029917 0.00311796 0.0027997 0.996564 0.00275942 0.00255292 0.00303801 0.997051 0.00284275 0.0025138 0.996344 0.00245742 0.00301554 0.00246184 0.00285916 0.00280925 0.00340152 0.0032121
0.99703 0.996918 0.997439 0.997046 0.996696 0.997 0.996928 0.996963 0.00339322 0.996988 0.997239 0.99664 0.00287409 0.00390272 0.00332802 0.00330407 0.99681 0.996897 0.997082 0.99701 0.997036 0.99686 0.997506 0.997143 0.996854 0.997448 0.996821 0.00281916 0.996895 0.996551 0.003437 0.00343028 0.997137 0.00298355 0.997515 0.996611 0.99701 0.996567 0.997238 0.997047 0.996685 0.00386859 0.996688 0.00379217 0.997122 0.997371 0.00314515 0.996297 0.997208 0.00280394 0.00318968 0.0028505 0.00279822 0.00268835 0.00324075 0.996895 0.996704 0.00307256 0.00245719 0.00324131 0.00376606 0.00278364 0.00394519 0.00288094 0.997166 0.0028608 0.996705 0.996665 0.00341353 0.00265637 0.997112 0.996982 0.997568 0.996447 0.997169 0.00294969 0.00338824 0.00283458 0.0028827 0.00237058 0.00336122 0.00325805 0.00299042 0.00311409 0.00279738 0.99658 0.00275673 0.0025537 0.00303676 0.997058 0.00284244 0.00251448 0.996357 0.00245825 0.00301239 0.0024637 0.00285737 0.00280754 0.00339358 0.00320274
0.997033 0.996923 0.997441 0.997048 0.996705 0.997002 0.996933 0.996965 0.00338483 0.996993 0.997241 0.996648 0.00286693 0.00388071 0.00331758 0.00329163 0.996816 0.996899 0.997086 0.997012 0.997039 0.996866 0.997504 0.997144 0.99686 0.997447 0.996824 0.00281604 0.996897 0.996559 0.00342077 0.00341432 0.997139 0.00297856 0.997514 0.99662 0.997013 0.996577 0.997241 0.99705 0.996692 0.00385065 0.996696 0.00377413 0.997121 0.997372 0.00313844 0.996307 0.99721 0.00280071 0.00318445 0.00285086 0.00279534 0.0026864 0.00323714 0.996904 0.996718 0.00306808 0.00245752 0.00323344 0.00375101 0.00277965 0.00392715 0.00288221 0.997167 0.00285963 0.996718 0.996676 0.00340211 0.00265597 0.997118 0.996984 0.997566 0.99646 0.997175 0.00294726 0.00337855 0.00283289 0.00288411 0.00237319 0.00335592 0.00325268 0.00298826 0.00311058 0.00279499 0.996596 0.0027539 0.00255405 0.0030353 0.997064 0.00284274 0.00251574 0.996372 0.00245899 0.00300909 0.00246547 0.00285558 0.00280582 0.00338589 0.0031941
0.997037 0.996928 0.997443 0.997051 0.996714 0.997004 0.996936 0.996966 0.00337608 0.996998 0.997242 0.996656 0.00286021 0.00385974 0.00330804 0.00328011 0.996821 0.996901 0.99709 0.997014 0.997042 0.996872 0.997503 0.997146 0.996866 0.997446 0.996826 0.00281344 0.996898 0.996567 0.00340462 0.00339895 0.997143 0.00297402 0.997514 0.996628 0.997014 0.996587 0.997244 0.997053 0.996699 0.00383389 0.996704 0.0037565 0.99712 0.997373 0.00313251 0.996318 0.997212 0.00279766 0.00317893 0.00285078 0.00279285 0.00268519 0.00323437 0.996912 0.996731 0.00306427 0.00245826 0.0032257 0.00373631 0.00277551 0.00390917 0.00288317 0.997169 0.00285805 0.996729 0.996687 0.00339081 0.00265616 0.997124 0.996986 0.997565 0.996473 0.997181 0.00294445 0.00336947 0.00283167 0.00288579 0.00237644 0.00335083 0.00324678 0.00298615 0.00310626 0.00279206 0.996612 0.00275072 0.00255473 0.00303411 0.99707 0.0028433 0.00251682 0.996386 0.00245961 0.00300559 0.00246738 0.00285403 0.00280437 0.00337813 0.00318584
0.997041 0.996933 0.997446 0.997054 0.996724 0.997006 0.996941 0.996966 0.00336789 0.997003 0.997244 0.996664 0.00285339 0.00383848 0.00329837 0.00326775 0.996827 0.996903 0.997094 0.997016 0.997046 0.996878 0.997502 0.997148 0.996872 0.997445 0.996829 0.0028106 0.996899 0.996574 0.00338884 0.00338387 0.997146 0.00296947 0.997514 0.996637 0.997016 0.996597 0.997247 0.997056 0.996706 0.00381715 0.996712 0.00373872 0.997119 0.997375 0.00312554 0.996328 0.997214 0.00279488 0.00317392 0.00285049 0.0027902 0.00268393 0.00323104 0.996921 0.996745 0.00306045 0.00245919 0.00321775 0.00372045 0.00277214 0.00389194 0.00288426 0.997171 0.00285582 0.996741 0.996697 0.00337922 0.00265587 0.997131 0.996989 0.997564 0.996485 0.997187 0.00294174 0.0033596 0.00283004 0.0028867 0.00237895 0.00334604 0.00324125 0.00298451 0.00310185 0.00278995 0.996626 0.00274782 0.00255534 0.00303374 0.997077 0.00284346 0.00251811 0.996399 0.00246037 0.0030025 0.00246923 0.00285229 0.00280267 0.00337036 0.00317739
0.997045 0.996938 0.997448 0.997057 0.996733 0.997008 0.996945 0.996967 0.00335904 0.997007 0.997245 0.996671 0.00284703 0.00381766 0.00328894 0.00325634 0.996832 0.996904 0.997098 0.997018 0.997048 0.996883 0.997501 0.997149 0.996878 0.997444 0.996832 0.00280807 0.996901 0.996582 0.00337365 0.00336921 0.997148 0.0029651 0.997513 0.996645 0.997017 0.996607 0.99725 0.997058 0.996712 0.00380016 0.99672 0.00372124 0.997118 0.997376 0.00311935 0.996338 0.997216 0.00279267 0.00316906 0.00285028 0.00278775 0.00268271 0.00322745 0.996929 0.996758 0.00305638 0.00245926 0.00321069 0.00370553 0.00276895 0.00387409 0.00288522 0.997173 0.00285427 0.996751 0.996708 0.00336806 0.00265554 0.997137 0.996991 0.997563 0.996498 0.997193 0.00293941 0.00335028 0.00282868 0.00288825 0.00238186 0.00334122 0.00323615 0.00298335 0.00309882 0.00278784 0.996642 0.00274506 0.00255613 0.00303184 0.997083 0.00284377 0.00251904 0.996413 0.00246076 0.00299924 0.00247116 0.00285059 0.00280061 0.00336308 0.00316881
0.997049 0.996942 0.997451 0.997059 0.996743 0.997011 0.996949 0.996969 0.00335074 0.997012 0.997246 0.996678 0.00284059 0.00379699 0.00327887 0.00324438 0.996837 0.996905 0.997103 0.997021 0.997051 0.996889 0.9975 0.99715 0.996883 0.997444 0.996835 0.00280563 0.996904 0.996589 0.00335858 0.00335416 0.997151 0.00296065 0.997513 0.996654 0.997019 0.996617 0.997253 0.997061 0.996719 0.00378366 0.996727 0.00370416 0.997117 0.997377 0.00311323 0.996348 0.997217 0.00279007 0.00316321 0.00285021 0.0027854 0.00268178 0.00322367 0.996937 0.996771 0.00305249 0.00245955 0.00320383 0.00369086 0.00276541 0.0038571 0.00288634 0.997174 0.00285267 0.996763 0.996718 0.00335697 0.00265554 0.997143 0.996994 0.997562 0.996511 0.9972 0.0029359 0.0033408 0.00282681 0.00288924 0.00238476 0.00333676 0.00323057 0.00298093 0.00309529 0.00278566 0.996656 0.00274241 0.002557 0.00303029 0.997089 0.00284349 0.0025201 0.996426 0.0024616 0.00299542 0.00247289 0.0028493 0.00279882 0.0033552 0.0031608
0.997052 0.996947 0.997453 0.997061 0.996752 0.997013 0.996954 0.996971 0.00334256 0.997017 0.997247 0.996685 0.0028346 0.0037764 0.00326975 0.00323333 0.996843 0.996907 0.997107 0.997023 0.997055 0.996895 0.997498 0.997152 0.996889 0.997443 0.996837 0.0028025 0.996905 0.996596 0.00334397 0.00333942 0.997154 0.00295639 0.997513 0.996662 0.99702 0.996626 0.997257 0.997063 0.996726 0.00376737 0.996735 0.00368764 0.997115 0.997379 0.00310742 0.996358 0.997219 0.0027871 0.00315798 0.00284999 0.00278321 0.00268084 0.00322066 0.996945 0.996784 0.0030483 0.00246017 0.00319662 0.00367619 0.00276202 0.00384044 0.00288723 0.997175 0.00285105 0.996774 0.996728 0.00334605 0.00265511 0.99715 0.996996 0.99756 0.996523 0.997206 0.00293389 0.00333176 0.00282518 0.00289027 0.00238713 0.00333228 0.00322514 0.00297845 0.00309199 0.00278297 0.996671 0.00273953 0.00255786 0.00302879 0.997095 0.00284387 0.00252094 0.996438 0.0024622 0.00299229 0.00247482 0.00284782 0.00279692 0.0033474 0.00315292
0.997055 0.996952 0.997456 0.997064 0.996761 0.997015 0.996957 0.996972 0.0033343 0.997021 0.997249 0.996692 0.00282855 0.00375591 0.00326092 0.00322205 0.996848 0.996909 0.997111 0.997024 0.997057 0.9969 0.997498 0.997154 0.996894 0.997442 0.99684 0.00279989 0.996906 0.996604 0.00332906 0.00332428 0.997157 0.00295237 0.997513 0.99667 0.997022 0.996635 0.997259 0.997066 0.996732 0.00375156 0.996742 0.0036716 0.997114 0.99738 0.00310111 0.996367 0.997221 0.00278443 0.00315282 0.00284967 0.00278045 0.00267894 0.0032173 0.996953 0.996796 0.00304402 0.00246057 0.00318888 0.00366235 0.00275836 0.0038233 0.00288826 0.997176 0.00284964 0.996785 0.996738 0.00333567 0.00265493 0.997156 0.996998 0.997559 0.996536 0.997213 0.00293138 0.00332368 0.00282318 0.00289132 0.00238998 0.00332719 0.00322018 0.00297626 0.00308822 0.00278004 0.996684 0.00273659 0.00255839 0.00302746 0.997101 0.00284397 0.00252172 0.996451 0.0024628 0.00298869 0.00247664 0.00284651 0.00279535 0.00333979 0.00314509
0.997059 0.996956 0.997458 0.997067 0.99677 0.997018 0.996961 0.996973 0.0033259 0.997025 0.99725 0.996699 0.0028228 0.00373675 0.00325189 0.0032109 0.996853 0.99691 0.997115 0.997025 0.997061 0.996906 0.997497 0.997155 0.996899 0.997442 0.996843 0.00279731 0.996908 0.996611 0.00331499 0.00331026 0.997159 0.00294812 0.997513 0.996679 0.997024 0.996644 0.997262 0.997068 0.996739 0.00373581 0.996749 0.00365503 0.997112 0.997381 0.00309538 0.996378 0.997224 0.00278158 0.00314741 0.00284946 0.00277818 0.00267728 0.00321406 0.996961 0.996808 0.00304047 0.00246111 0.00318181 0.00364881 0.0027551 0.00380663 0.00288934 0.997177 0.00284804 0.996795 0.996748 0.00332487 0.00265466 0.997162 0.997001 0.997558 0.996548 0.997218 0.00292851 0.00331526 0.00282171 0.00289266 0.00239257 0.0033222 0.00321496 0.00297486 0.00308427 0.00277804 0.996699 0.00273377 0.00255914 0.00302571 0.997107 0.00284436 0.00252239 0.996463 0.00246337 0.00298554 0.00247839 0.00284458 0.00279346 0.00333212 0.00313661
0.997062 0.996961 0.99746 0.99707 0.996779 0.99702 0.996965 0.996975 0.0033179 0.99703 0.997252 0.996706 0.00281718 0.00371738 0.00324337 0.0032001 0.996857 0.996912 0.997119 0.997028 0.997063 0.996911 0.997496 0.997157 0.996905 0.997441 0.996846 0.0027948 0.99691 0.996619 0.00330096 0.003296 0.997162 0.00294375 0.997513 0.996687 0.997025 0.996653 0.997265 0.997071 0.996745 0.00371992 0.996757 0.00363877 0.997111 0.997383 0.00308941 0.996387 0.997225 0.00277923 0.0031424 0.00284872 0.00277573 0.00267571 0.00321131 0.996969 0.99682 0.00303661 0.00246216 0.00317501 0.00363474 0.00275239 0.00379067 0.00289048 0.997179 0.00284635 0.996806 0.996758 0.00331412 0.00265468 0.997168 0.997003 0.997557 0.996561 0.997224 0.00292626 0.00330657 0.00282037 0.00289357 0.00239508 0.00331773 0.00320971 0.00297359 0.00308057 0.00277596 0.996713 0.00273104 0.00256018 0.00302442 0.997113 0.00284483 0.00252347 0.996476 0.00246419 0.00298233 0.00248002 0.00284374 0.00279201 0.00332476 0.0031289
0.997065 0.996966 0.997463 0.997072 0.996788 0.997022 0.996968 0.996976 0.00331062 0.997035 0.997253 0.996714 0.00281098 0.00369802 0.00323494 0.00318907 0.996863 0.996913 0.997123 0.99703 0.997066 0.996917 0.997495 0.997158 0.99691 0.997441 0.996849 0.00279238 0.996911 0.996627 0.0032873 0.00328161 0.997165 0.00293946 0.997513 0.996694 0.997026 0.996663 0.997268 0.997074 0.996752 0.00370457 0.996763 0.00362238 0.99711 0.997384 0.00308367 0.996396 0.997228 0.0027764 0.00313716 0.00284857 0.00277342 0.00267457 0.00320832 0.996976 0.996832 0.0030325 0.0024625 0.00316883 0.00362108 0.00274906 0.00377449 0.00289176 0.997181 0.00284472 0.996817 0.996768 0.00330363 0.002654 0.997174 0.997005 0.997556 0.996572 0.997229 0.00292365 0.00329798 0.00281932 0.00289494 0.00239784 0.00331344 0.0032048 0.00297213 0.00307723 0.00277379 0.996727 0.00272862 0.00256072 0.00302331 0.997119 0.00284469 0.00252469 0.996488 0.00246512 0.00297933 0.00248201 0.0028424 0.00279056 0.00331781 0.00312105
0.997068 0.996969 0.997465 0.997075 0.996796 0.997024 0.996972 0.996977 0.00330222 0.997039 0.997254 0.996721 0.00280519 0.00367935 0.00322656 0.0031789 0.996867 0.996915 0.997127 0.997031 0.997069 0.996922 0.997494 0.99716 0.996915 0.99744 0.996852 0.00278981 0.996913 0.996634 0.00327381 0.00326792 0.997167 0.00293498 0.997513 0.996702 0.997028 0.996672 0.997271 0.997076 0.996758 0.00368899 0.99677 0.00360675 0.99711 0.997386 0.00307842 0.996406 0.99723 0.00277323 0.00313256 0.0028485 0.00277121 0.00267303 0.00320437 0.996984 0.996845 0.00302906 0.00246287 0.00316243 0.00360743 0.00274551 0.0037591 0.0028925 0.997182 0.00284244 0.996828 0.996777 0.00329375 0.00265418 0.99718 0.997008 0.997554 0.996584 0.997234 0.00292145 0.00328953 0.00281766 0.00289565 0.00240047 0.00330921 0.00319929 0.00297074 0.00307387 0.00277132 0.996741 0.00272547 0.00256158 0.00302215 0.997124 0.00284475 0.00252565 0.9965 0.00246573 0.00297605 0.00248368 0.00284063 0.00278903 0.00331111 0.00311291
0.997071 0.996973 0.997467 0.997078 0.996805 0.997027 0.996975 0.996978 0.00329393 0.997043 0.997255 0.996728 0.00279941 0.00366042 0.00321811 0.00316907 0.996871 0.996916 0.997131 0.997033 0.997072 0.996927 0.997493 0.997161 0.99692 0.997439 0.996854 0.0027877 0.996914 0.99664 0.00325991 0.00325462 0.99717 0.00293069 0.997513 0.99671 0.99703 0.996681 0.997274 0.997079 0.996764 0.00367394 0.996778 0.00359117 0.997109 0.997387 0.00307284 0.996414 0.997231 0.00277055 0.00312737 0.00284831 0.00276892 0.00267167 0.00320153 0.996991 0.996857 0.00302548 0.00246324 0.00315608 0.00359426 0.00274213 0.00374366 0.00289354 0.997184 0.00284062 0.996837 0.996786 0.00328377 0.00265419 0.997185 0.99701 0.997553 0.996595 0.99724 0.00291851 0.00328163 0.00281667 0.00289653 0.00240346 0.00330487 0.00319414 0.002969 0.00307046 0.00276901 0.996754 0.00272297 0.00256273 0.00302089 0.99713 0.00284519 0.00252643 0.996512 0.0024661 0.00297292 0.0024857 0.00283923 0.00278754 0.00330419 0.00310559
0.997075 0.996977 0.997469 0.99708 0.996813 0.997029 0.996979 0.996979 0.00328607 0.997048 0.997257 0.996735 0.0027934 0.0036426 0.00320963 0.00315879 0.996876 0.996916 0.997135 0.997035 0.997074 0.996933 0.997492 0.997162 0.996925 0.997438 0.996856 0.00278499 0.996916 0.996647 0.00324611 0.0032415 0.997172 0.00292693 0.997513 0.996717 0.997032 0.99669 0.997277 0.997081 0.99677 0.00365964 0.996785 0.0035766 0.997108 0.997388 0.00306773 0.996423 0.997233 0.00276801 0.00312193 0.0028486 0.00276688 0.0026703 0.00319855 0.996998 0.996868 0.00302141 0.00246397 0.00314989 0.00358113 0.00273918 0.00372811 0.00289425 0.997185 0.00283925 0.996847 0.996796 0.00327398 0.00265417 0.997191 0.997012 0.997552 0.996607 0.997245 0.00291616 0.00327348 0.00281518 0.00289803 0.00240613 0.00329991 0.00318902 0.00296739 0.00306687 0.00276656 0.996767 0.0027201 0.00256361 0.00301986 0.997136 0.00284553 0.00252682 0.996524 0.00246678 0.0029696 0.00248694 0.00283803 0.00278611 0.0032973 0.00309862
0.997078 0.996981 0.997472 0.997083 0.996822 0.997031 0.996983 0.99698 0.00327869 0.997052 0.997258 0.996741 0.0027876 0.00362397 0.00320083 0.00314919 0.99688 0.996918 0.997138 0.997037 0.997077 0.996937 0.997491 0.997164 0.996931 0.997438 0.996859 0.00278283 0.996918 0.996654 0.00323229 0.00322865 0.997175 0.00292295 0.997513 0.996726 0.997033 0.996699 0.99728 0.997083 0.996775 0.00364491 0.996791 0.00356108 0.997107 0.99739 0.00306212 0.996432 0.997235 0.0027656 0.00311732 0.00284893 0.00276476 0.00266957 0.00319543 0.997005 0.99688 0.00301682 0.00246477 0.00314307 0.00356722 0.00273623 0.00371285 0.00289497 0.997186 0.0028375 0.996857 0.996805 0.00326489 0.00265432 0.997197 0.997014 0.997551 0.996618 0.997251 0.00291341 0.00326548 0.0028136 0.00289922 0.00240863 0.00329627 0.00318418 0.00296653 0.00306341 0.00276406 0.99678 0.00271755 0.00256474 0.0030185 0.997142 0.00284612 0.00252781 0.996536 0.00246727 0.00296693 0.00248868 0.00283658 0.00278452 0.00329029 0.0030911
0.997081 0.996985 0.997473 0.997085 0.996829 0.997033 0.996986 0.996981 0.00327116 0.997056 0.997259 0.996748 0.00278187 0.00360609 0.00319259 0.00313933 0.996885 0.996918 0.997142 0.997038 0.99708 0.996942 0.99749 0.997166 0.996935 0.997437 0.996861 0.0027806 0.99692 0.99666 0.00321968 0.00321549 0.997178 0.00291875 0.997512 0.996733 0.997034 0.996707 0.997282 0.997086 0.996781 0.00363088 0.996798 0.00354641 0.997106 0.997391 0.00305688 0.996441 0.997236 0.00276363 0.00311263 0.00284892 0.00276264 0.00266817 0.00319187 0.997012 0.996891 0.0030129 0.00246524 0.00313642 0.00355497 0.00273342 0.00369791 0.00289524 0.997187 0.00283621 0.996866 0.996813 0.00325512 0.00265405 0.997202 0.997016 0.997551 0.996629 0.997256 0.002911 0.00325786 0.00281254 0.00289991 0.00241149 0.00329266 0.00317957 0.00296493 0.00305968 0.00276219 0.996794 0.00271469 0.00256507 0.00301667 0.997148 0.0028458 0.00252855 0.996547 0.00246775 0.00296362 0.00249068 0.00283523 0.00278258 0.00328344 0.00308375
0.997083 0.996989 0.997476 0.997088 0.996838 0.997035 0.996989 0.996982 0.00326383 0.997061 0.99726 0.996754 0.00277655 0.00358787 0.00318394 0.00313054 0.99689 0.99692 0.997146 0.99704 0.997082 0.996947 0.997489 0.997167 0.99694 0.997436 0.996864 0.00277822 0.996921 0.996667 0.00320686 0.0032026 0.99718 0.00291485 0.997512 0.99674 0.997036 0.996715 0.997285 0.997089 0.996786 0.00361698 0.996804 0.00353152 0.997105 0.997392 0.00305128 0.99645 0.997238 0.0027609 0.00310816 0.00284841 0.00276013 0.00266684 0.00318911 0.997019 0.996902 0.00300914 0.0024657 0.00312957 0.0035424 0.00273028 0.0036834 0.00289647 0.997189 0.00283445 0.996876 0.996823 0.00324611 0.00265402 0.997208 0.997019 0.99755 0.99664 0.997261 0.00290879 0.00324948 0.00281105 0.00290121 0.00241412 0.00328844 0.00317464 0.00296359 0.00305634 0.00275982 0.996807 0.00271187 0.00256575 0.00301541 0.997153 0.0028463 0.00252962 0.996558 0.00246812 0.00296123 0.0024924 0.00283364 0.00278089 0.00327676 0.00307667
0.997086 0.996993 0.997477 0.997091 0.996846 0.997037 0.996993 0.996983 0.00325652 0.997065 0.997261 0.996761 0.00277068 0.00357068 0.00317547 0.00312077 0.996894 0.996921 0.997149 0.997041 0.997084 0.996952 0.997488 0.997169 0.996945 0.997435 0.996866 0.00277573 0.996922 0.996674 0.00319431 0.0031902 0.997182 0.00291123 0.997512 0.996747 0.997038 0.996724 0.997288 0.997091 0.996792 0.00360268 0.996811 0.003517 0.997104 0.997393 0.00304635 0.996459 0.997239 0.00275822 0.00310358 0.00284847 0.00275783 0.00266557 0.00318658 0.997025 0.996913 0.00300572 0.00246636 0.00312339 0.00352954 0.00272701 0.00366888 0.00289755 0.997191 0.00283303 0.996886 0.996832 0.00323692 0.00265396 0.997213 0.997021 0.997549 0.996651 0.997266 0.00290666 0.00324149 0.00281033 0.00290243 0.00241684 0.00328395 0.00317036 0.00296218 0.0030531 0.00275764 0.99682 0.00270949 0.00256615 0.00301433 0.997158 0.00284641 0.00253028 0.996569 0.00246859 0.00295845 0.00249447 0.0028322 0.00277894 0.00327028 0.00306943
0.997089 0.996997 0.99748 0.997093 0.996855 0.997039 0.996997 0.996984 0.00324916 0.997069 0.997263 0.996767 0.00276551 0.00355401 0.00316747 0.0031111 0.996898 0.996922 0.997153 0.997043 0.997087 0.996957 0.997487 0.997171 0.99695 0.997435 0.996868 0.00277385 0.996923 0.996681 0.00318172 0.0031779 0.997184 0.00290759 0.997512 0.996754 0.997039 0.996732 0.997291 0.997092 0.996798 0.00358906 0.996817 0.00350275 0.997103 0.997395 0.00304064 0.996467 0.997241 0.00275618 0.00309935 0.00284797 0.00275559 0.00266427 0.00318405 0.997032 0.996924 0.00300228 0.00246721 0.00311724 0.00351671 0.00272458 0.00365495 0.00289873 0.997192 0.0028315 0.996895 0.99684 0.00322781 0.00265405 0.997219 0.997023 0.997548 0.996662 0.997271 0.00290415 0.00323397 0.00280871 0.00290378 0.00241941 0.00328019 0.00316578 0.00296101 0.00305045 0.00275519 0.996831 0.00270702 0.00256659 0.00301331 0.997164 0.00284646 0.00253117 0.99658 0.00246941 0.002956 0.00249615 0.00283062 0.00277752 0.0032637 0.00306189
0.997092 0.997001 0.997482 0.997096 0.996863 0.99704 0.997 0.996985 0.00324184 0.997073 0.997264 0.996773 0.00275968 0.00353706 0.00315929 0.00310189 0.996902 0.996924 0.997156 0.997045 0.99709 0.996962 0.997486 0.997172 0.996956 0.997434 0.996871 0.00277199 0.996925 0.996687 0.00316983 0.00316598 0.997187 0.00290382 0.997512 0.996761 0.99704 0.99674 0.997294 0.997095 0.996803 0.00357549 0.996824 0.00348928 0.997102 0.997396 0.00303554 0.996476 0.997243 0.00275366 0.00309501 0.00284793 0.00275302 0.00266322 0.00318127 0.997039 0.996935 0.00299858 0.00246743 0.00311074 0.00350432 0.00272107 0.00364089 0.0028994 0.997193 0.00283003 0.996904 0.996848 0.00321985 0.00265324 0.997224 0.997026 0.997548 0.996672 0.997276 0.00290215 0.00322601 0.00280672 0.00290421 0.00242218 0.00327619 0.00316097 0.00295968 0.00304716 0.00275346 0.996844 0.00270451 0.0025676 0.00301177 0.997169 0.0028462 0.00253218 0.996591 0.00246967 0.00295295 0.00249779 0.00282886 0.00277595 0.00325766 0.00305534
0.997095 0.997005 0.997484 0.997098 0.99687 0.997042 0.997004 0.996987 0.00323501 0.997077 0.997265 0.996779 0.00275451 0.00352104 0.00315138 0.00309276 0.996906 0.996926 0.997159 0.997046 0.997092 0.996966 0.997486 0.997173 0.99696 0.997433 0.996873 0.00276996 0.996926 0.996694 0.00315724 0.003154 0.997189 0.00290042 0.997512 0.996768 0.997042 0.996748 0.997296 0.997097 0.996809 0.00356172 0.99683 0.00347583 0.997101 0.997397 0.00302997 0.996485 0.997245 0.00275134 0.00309052 0.00284736 0.0027517 0.00266179 0.0031791 0.997046 0.996946 0.00299523 0.00246805 0.00310494 0.00349189 0.00271801 0.00362703 0.00290008 0.997194 0.00282852 0.996914 0.996857 0.00321084 0.00265274 0.997229 0.997028 0.997547 0.996683 0.997281 0.00289964 0.00321809 0.00280532 0.002905 0.00242415 0.0032716 0.00315596 0.00295822 0.00304397 0.00275168 0.996856 0.00270198 0.00256855 0.00301069 0.997174 0.00284633 0.00253366 0.996601 0.0024703 0.00294953 0.0024992 0.00282758 0.00277485 0.00325111 0.00304832
0.997098 0.997008 0.997486 0.997101 0.996878 0.997044 0.997008 0.996988 0.00322794 0.997081 0.997266 0.996785 0.00274902 0.00350492 0.00314364 0.00308366 0.99691 0.996927 0.997162 0.997047 0.997095 0.996971 0.997485 0.997174 0.996965 0.997432 0.996876 0.0027676 0.996927 0.9967 0.0031449 0.00314191 0.997191 0.00289642 0.997512 0.996775 0.997043 0.996756 0.997299 0.9971 0.996814 0.00354827 0.996836 0.00346212 0.9971 0.997399 0.00302472 0.996493 0.997247 0.00274857 0.00308641 0.00284718 0.00274916 0.00266113 0.00317656 0.997053 0.996956 0.00299189 0.00246898 0.00309907 0.0034797 0.00271472 0.00361303 0.0029015 0.997196 0.00282752 0.996923 0.996865 0.00320191 0.00265252 0.997235 0.997031 0.997546 0.996694 0.997286 0.00289719 0.00321028 0.00280399 0.00290573 0.00242661 0.00326804 0.00315113 0.00295638 0.00304033 0.00274918 0.996868 0.00269939 0.00256946 0.00300992 0.997179 0.00284614 0.00253432 0.996612 0.00247076 0.00294697 0.00250074 0.00282614 0.00277335 0.00324538 0.00304178
0.9971 0.997012 0.997488 0.997103 0.996885 0.997046 0.997011 0.996989 0.00322107 0.997085 0.997267 0.996791 0.00274396 0.00348885 0.00313589 0.00307418 0.996914 0.996928 0.997166 0.997048 0.997098 0.996975 0.997484 0.997175 0.99697 0.997432 0.996878 0.00276519 0.996929 0.996706 0.00313374 0.00313004 0.997193 0.00289254 0.997512 0.996781 0.997045 0.996764 0.997301 0.997102 0.99682 0.0035347 0.996843 0.00344839 0.997099 0.9974 0.00302009 0.9965 0.997248 0.0027459 0.00308231 0.00284708 0.00274715 0.00266031 0.00317404 0.99706 0.996967 0.00298837 0.00246944 0.00309302 0.00346737 0.00271215 0.00359898 0.0029024 0.997197 0.00282635 0.996932 0.996873 0.00319278 0.00265274 0.99724 0.997032 0.997545 0.996704 0.997291 0.00289449 0.00320321 0.00280288 0.00290622 0.00242885 0.00326389 0.00314613 0.00295453 0.00303793 0.0027472 0.996879 0.00269684 0.00256979 0.00300858 0.997184 0.002846 0.00253513 0.996623 0.00247109 0.00294411 0.00250227 0.00282422 0.00277186 0.00323902 0.00303507
0.997104 0.997015 0.997489 0.997106 0.996893 0.997048 0.997014 0.99699 0.00321411 0.997089 0.997269 0.996797 0.00273885 0.00347271 0.00312831 0.00306546 0.996919 0.996929 0.997169 0.99705 0.9971 0.99698 0.997483 0.997177 0.996975 0.997431 0.996881 0.00276316 0.996931 0.996713 0.00312147 0.00311849 0.997196 0.00288934 0.997512 0.996788 0.997046 0.996772 0.997304 0.997104 0.996825 0.00352173 0.996849 0.00343497 0.997099 0.997401 0.00301577 0.996508 0.99725 0.00274413 0.00307833 0.00284727 0.00274509 0.00265912 0.00317156 0.997066 0.996977 0.00298467 0.00246995 0.00308743 0.00345573 0.00270897 0.00358552 0.00290341 0.997199 0.00282483 0.996941 0.996881 0.00318443 0.00265255 0.997245 0.997034 0.997544 0.996714 0.997296 0.0028924 0.00319583 0.00280214 0.00290731 0.00243127 0.00326005 0.00314168 0.00295294 0.00303475 0.00274516 0.99689 0.00269423 0.00257039 0.00300816 0.99719 0.00284582 0.00253595 0.996634 0.00247116 0.00294124 0.00250378 0.00282316 0.00277026 0.00323261 0.0030283
0.997107 0.997019 0.997491 0.997108 0.9969 0.99705 0.997018 0.996991 0.00320716 0.997093 0.99727 0.996803 0.00273395 0.00345698 0.00312065 0.00305686 0.996923 0.996931 0.997172 0.997051 0.997103 0.996984 0.997483 0.997179 0.996978 0.99743 0.996883 0.0027614 0.996932 0.996719 0.00310995 0.00310741 0.997198 0.0028856 0.997512 0.996795 0.997048 0.996779 0.997307 0.997106 0.99683 0.00350901 0.996855 0.00342108 0.997097 0.997403 0.00301083 0.996516 0.997251 0.00274215 0.00307426 0.00284695 0.00274328 0.00265801 0.00316922 0.997072 0.996987 0.00298122 0.00247044 0.00308148 0.00344451 0.00270609 0.00357311 0.00290471 0.9972 0.00282322 0.996949 0.996889 0.00317615 0.00265233 0.997251 0.997036 0.997543 0.996723 0.997301 0.00289041 0.00318796 0.00280019 0.00290892 0.00243417 0.00325618 0.00313747 0.00295157 0.00303176 0.00274295 0.996902 0.00269161 0.00257092 0.00300673 0.997195 0.0028458 0.00253699 0.996645 0.00247161 0.0029385 0.00250553 0.00282243 0.00276869 0.00322686 0.00302162
0.997109 0.997023 0.997493 0.997111 0.996907 0.997052 0.997021 0.996992 0.00320063 0.997097 0.997271 0.996809 0.00272916 0.00344182 0.00311334 0.00304797 0.996927 0.996932 0.997176 0.997053 0.997105 0.996988 0.997482 0.99718 0.996984 0.997429 0.996886 0.00275895 0.996933 0.996725 0.00309876 0.00309591 0.9972 0.00288195 0.997512 0.996801 0.997049 0.996787 0.997309 0.997108 0.996835 0.0034964 0.996862 0.00340846 0.997097 0.997404 0.00300582 0.996523 0.997253 0.00273984 0.00307019 0.00284677 0.00274111 0.00265753 0.00316607 0.997079 0.996997 0.0029778 0.0024708 0.00307579 0.00343309 0.00270343 0.00355961 0.00290567 0.997202 0.00282225 0.996958 0.996897 0.00316729 0.00265242 0.997256 0.997038 0.997542 0.996733 0.997306 0.00288776 0.00318097 0.00279882 0.00290996 0.00243613 0.00325215 0.00313304 0.00295048 0.00302944 0.00274108 0.996914 0.00268947 0.00257157 0.00300532 0.9972 0.00284591 0.00253752 0.996654 0.00247255 0.00293594 0.00250731 0.00282102 0.00276732 0.00322119 0.00301519
0.997112 0.997026 0.997494 0.997113 0.996914 0.997054 0.997025 0.996993 0.00319419 0.9971 0.997272 0.996814 0.0027238 0.00342643 0.00310606 0.00303933 0.996931 0.996933 0.997179 0.997054 0.997108 0.996993 0.997481 0.997181 0.996989 0.997428 0.996888 0.00275671 0.996934 0.996731 0.00308788 0.00308437 0.997203 0.00287841 0.997512 0.996808 0.997051 0.996794 0.997311 0.99711 0.996841 0.00348421 0.996868 0.00339554 0.997095 0.997405 0.00300058 0.996531 0.997254 0.00273747 0.00306655 0.00284684 0.00273966 0.00265608 0.00316372 0.997085 0.997007 0.00297428 0.00247115 0.00306987 0.00342166 0.00270065 0.00354686 0.00290681 0.997203 0.00282121 0.996967 0.996905 0.00315886 0.00265214 0.997261 0.99704 0.997541 0.996743 0.997311 0.00288569 0.00317342 0.00279745 0.00291101 0.00243857 0.00324811 0.00312868 0.00294912 0.00302679 0.00273921 0.996925 0.00268719 0.00257262 0.00300395 0.997204 0.00284621 0.00253845 0.996664 0.00247323 0.00293339 0.00250897 0.00281925 0.00276579 0.0032151 0.00300884
0.997115 0.99703 0.997496 0.997116 0.996921 0.997055 0.997028 0.996994 0.00318716 0.997105 0.997273 0.99682 0.00271882 0.00341156 0.00309897 0.00303066 0.996935 0.996934 0.997182 0.997056 0.99711 0.996996 0.99748 0.997183 0.996993 0.997428 0.99689 0.00275442 0.996935 0.996737 0.00307677 0.0030734 0.997205 0.00287479 0.997512 0.996814 0.997052 0.996801 0.997313 0.997112 0.996846 0.00347185 0.996874 0.00338288 0.997094 0.997406 0.00299573 0.996538 0.997257 0.00273517 0.00306233 0.00284691 0.00273785 0.00265546 0.00316163 0.997091 0.997017 0.00297139 0.0024715 0.00306451 0.0034103 0.00269782 0.00353405 0.00290786 0.997204 0.0028201 0.996975 0.996913 0.00315082 0.0026523 0.997265 0.997042 0.99754 0.996753 0.997315 0.00288347 0.00316578 0.00279628 0.00291154 0.00244149 0.0032444 0.0031247 0.00294774 0.00302434 0.00273712 0.996936 0.00268529 0.00257322 0.00300284 0.997209 0.00284608 0.00253936 0.996674 0.00247368 0.00293092 0.00251041 0.00281807 0.00276414 0.00320942 0.0030028
0.997118 0.997033 0.997498 0.997118 0.996928 0.997058 0.997031 0.996995 0.00318048 0.997108 0.997274 0.996826 0.00271393 0.00339695 0.00309128 0.00302191 0.996939 0.996935 0.997186 0.997057 0.997112 0.997001 0.997479 0.997185 0.996997 0.997427 0.996892 0.00275199 0.996937 0.996743 0.00306516 0.00306243 0.997208 0.00287177 0.997512 0.99682 0.997053 0.996808 0.997315 0.997115 0.996851 0.00346 0.99688 0.00337014 0.997094 0.997407 0.00299066 0.996546 0.997259 0.00273301 0.00305851 0.00284713 0.00273614 0.00265417 0.00315859 0.997097 0.997027 0.00296783 0.00247236 0.00305839 0.00339949 0.00269517 0.00352167 0.0029086 0.997206 0.00281864 0.996984 0.996921 0.00314298 0.00265204 0.99727 0.997044 0.997539 0.996762 0.997319 0.00288127 0.00315886 0.00279494 0.00291212 0.00244374 0.00324047 0.00312072 0.0029458 0.0030215 0.00273492 0.996947 0.00268321 0.00257362 0.00300208 0.997214 0.00284627 0.0025402 0.996684 0.00247425 0.00292834 0.00251186 0.00281653 0.00276276 0.00320437 0.00299644
0.99712 0.997036 0.997499 0.997119 0.996935 0.99706 0.997034 0.996996 0.00317399 0.997112 0.997275 0.996832 0.00270932 0.00338219 0.00308444 0.00301328 0.996943 0.996937 0.997189 0.997058 0.997115 0.997005 0.997479 0.997186 0.997002 0.997426 0.996894 0.00275025 0.996939 0.996749 0.00305416 0.00305166 0.99721 0.00286828 0.997512 0.996827 0.997055 0.996815 0.997318 0.997117 0.996856 0.00344845 0.996886 0.00335797 0.997093 0.997408 0.00298675 0.996553 0.997261 0.00273131 0.00305418 0.00284728 0.0027343 0.00265321 0.00315632 0.997104 0.997036 0.00296449 0.00247311 0.00305316 0.00338869 0.00269302 0.00350919 0.00290942 0.997207 0.00281769 0.996993 0.996929 0.00313536 0.00265193 0.997275 0.997045 0.997538 0.996772 0.997324 0.00287924 0.00315203 0.00279411 0.00291297 0.00244608 0.00323708 0.00311629 0.00294458 0.00301887 0.00273325 0.996958 0.00268114 0.00257449 0.00300134 0.997219 0.00284642 0.00254088 0.996693 0.00247441 0.00292542 0.00251312 0.00281505 0.00276133 0.00319886 0.00299002
0.997123 0.997039 0.997501 0.997122 0.996942 0.997062 0.997038 0.996997 0.00316798 0.997115 0.997276 0.996837 0.00270447 0.00336781 0.0030772 0.00300502 0.996946 0.996938 0.997193 0.997059 0.997117 0.997009 0.997478 0.997188 0.997007 0.997426 0.996895 0.00274862 0.99694 0.996754 0.00304316 0.00304136 0.997213 0.00286473 0.997511 0.996833 0.997056 0.996822 0.99732 0.997119 0.996861 0.00343627 0.996892 0.00334611 0.997093 0.997409 0.00298201 0.99656 0.997262 0.00272883 0.0030501 0.00284719 0.0027323 0.0026527 0.00315384 0.99711 0.997045 0.00296106 0.00247401 0.00304844 0.00337819 0.00269051 0.00349699 0.00290978 0.997208 0.00281602 0.997 0.996936 0.00312789 0.00265204 0.997279 0.997047 0.997538 0.996781 0.997328 0.00287696 0.00314539 0.00279321 0.00291412 0.00244867 0.00323328 0.00311245 0.00294359 0.0030157 0.00273128 0.996968 0.00267916 0.00257519 0.00300059 0.997223 0.00284616 0.00254165 0.996703 0.00247524 0.00292282 0.00251437 0.00281405 0.00276049 0.00319307 0.00298425
0.997126 0.997043 0.997503 0.997124 0.996949 0.997063 0.99704 0.996998 0.00316182 0.997118 0.997278 0.996842 0.0027001 0.00335358 0.00306997 0.00299685 0.99695 0.996939 0.997196 0.99706 0.99712 0.997013 0.997477 0.997189 0.997011 0.997425 0.996898 0.00274577 0.996941 0.99676 0.00303235 0.00303119 0.997216 0.00286159 0.997511 0.996839 0.997057 0.996829 0.997323 0.997121 0.996865 0.00342483 0.996898 0.00333421 0.997092 0.99741 0.00297762 0.996567 0.997264 0.00272687 0.0030462 0.00284734 0.00273044 0.00265157 0.00315114 0.997116 0.997054 0.00295837 0.00247439 0.00304356 0.00336748 0.00268745 0.00348553 0.0029108 0.997209 0.00281487 0.997008 0.996944 0.00312019 0.00265194 0.997284 0.997049 0.997537 0.996789 0.997333 0.00287485 0.00313926 0.00279202 0.0029143 0.00245141 0.00322951 0.00310888 0.00294233 0.00301343 0.00272915 0.996978 0.00267684 0.00257567 0.00299937 0.997228 0.00284576 0.00254235 0.996712 0.00247571 0.00292008 0.00251636 0.00281252 0.00275936 0.00318766 0.00297829
0.997129 0.997047 0.997504 0.997126 0.996956 0.997065 0.997043 0.996999 0.00315614 0.997122 0.997279 0.996848 0.00269571 0.00333968 0.00306309 0.00298874 0.996954 0.99694 0.997199 0.997061 0.997122 0.997018 0.997477 0.99719 0.997016 0.997424 0.9969 0.00274392 0.996942 0.996766 0.00302201 0.00302097 0.997218 0.00285833 0.997511 0.996845 0.997059 0.996836 0.997325 0.997123 0.996869 0.00341352 0.996904 0.00332253 0.997092 0.997411 0.00297362 0.996575 0.997265 0.00272505 0.00304264 0.00284724 0.00272882 0.00265065 0.00314908 0.997121 0.997063 0.00295511 0.00247483 0.00303807 0.00335682 0.00268476 0.00347386 0.00291154 0.997211 0.00281328 0.997016 0.996952 0.00311244 0.00265173 0.997289 0.99705 0.997537 0.996799 0.997337 0.00287292 0.00313205 0.00279053 0.00291521 0.00245388 0.00322547 0.00310478 0.00294106 0.00301091 0.00272709 0.996988 0.00267456 0.00257603 0.00299805 0.997232 0.00284608 0.00254308 0.996721 0.00247606 0.00291742 0.0025174 0.00281113 0.00275836 0.0031818 0.0029728
0.997132 0.99705 0.997506 0.997127 0.996963 0.997066 0.997046 0.997 0.00315045 0.997125 0.99728 0.996853 0.00269097 0.00332612 0.00305625 0.00298104 0.996958 0.996942 0.997202 0.997063 0.997124 0.997021 0.997475 0.997191 0.99702 0.997424 0.996902 0.00274225 0.996943 0.996771 0.00301134 0.00301084 0.99722 0.00285504 0.997511 0.996851 0.997061 0.996843 0.997327 0.997125 0.996874 0.0034024 0.996909 0.00331086 0.997091 0.997412 0.00296928 0.996582 0.997267 0.00272355 0.00303867 0.00284721 0.00272741 0.00264958 0.00314614 0.997127 0.997072 0.00295193 0.00247516 0.00303312 0.00334622 0.00268213 0.00346253 0.00291253 0.997211 0.00281209 0.997025 0.996959 0.00310526 0.00265109 0.997294 0.997052 0.997536 0.996808 0.997342 0.00287084 0.00312529 0.00278933 0.00291664 0.00245644 0.00322215 0.00310082 0.00293979 0.00300845 0.00272528 0.996998 0.00267274 0.00257662 0.00299742 0.997237 0.00284626 0.00254406 0.99673 0.00247608 0.00291488 0.002519 0.00280968 0.00275675 0.00317682 0.0029662
0.997134 0.997054 0.997508 0.99713 0.996969 0.997068 0.997049 0.997001 0.00314421 0.997129 0.997281 0.996859 0.00268656 0.00331247 0.00304947 0.00297294 0.996961 0.996943 0.997206 0.997064 0.997126 0.997025 0.997474 0.997192 0.997024 0.997423 0.996904 0.00274035 0.996945 0.996777 0.00300099 0.00300123 0.997222 0.00285186 0.997512 0.996857 0.997062 0.99685 0.997329 0.997126 0.996879 0.00339161 0.996915 0.00329857 0.997089 0.997413 0.00296449 0.996589 0.997268 0.00272169 0.00303448 0.00284711 0.00272528 0.00264873 0.00314402 0.997133 0.997081 0.00294917 0.00247576 0.00302766 0.00333539 0.00267977 0.00345107 0.00291383 0.997213 0.00281086 0.997033 0.996966 0.00309786 0.00265073 0.997298 0.997053 0.997535 0.996817 0.997346 0.0028686 0.00311873 0.00278763 0.00291754 0.00245872 0.00321836 0.00309678 0.00293864 0.00300535 0.00272361 0.997008 0.00267016 0.00257724 0.0029965 0.997242 0.00284653 0.00254497 0.996739 0.00247658 0.00291261 0.00252054 0.00280865 0.00275587 0.00317163 0.00296016
0.997137 0.997057 0.99751 0.997132 0.996975 0.997069 0.997053 0.997002 0.00313859 0.997132 0.997282 0.996864 0.00268183 0.00329923 0.00304294 0.00296557 0.996965 0.996944 0.997209 0.997065 0.997129 0.997029 0.997473 0.997194 0.997027 0.997422 0.996906 0.00273852 0.996946 0.996782 0.00299141 0.00299139 0.997224 0.0028483 0.997512 0.996863 0.997064 0.996857 0.997332 0.997128 0.996884 0.00337977 0.99692 0.00328714 0.997089 0.997414 0.00295977 0.996595 0.99727 0.0027198 0.00303082 0.00284714 0.00272348 0.00264748 0.00314206 0.997139 0.997089 0.00294598 0.00247654 0.00302222 0.00332492 0.00267705 0.0034389 0.0029147 0.997214 0.00280947 0.997041 0.996973 0.00309051 0.00265093 0.997303 0.997055 0.997534 0.996826 0.99735 0.00286665 0.00311257 0.00278648 0.00291837 0.00246104 0.00321504 0.00309358 0.00293747 0.00300253 0.00272198 0.997018 0.00266821 0.00257785 0.00299578 0.997246 0.0028465 0.00254574 0.996748 0.00247719 0.00290988 0.00252221 0.00280782 0.00275385 0.00316639 0.00295445
0.997139 0.99706 0.997511 0.997133 0.996982 0.997071 0.997055 0.997003 0.00313291 0.997136 0.997284 0.996869 0.00267695 0.00328611 0.00303623 0.00295767 0.996969 0.996946 0.997212 0.997066 0.997131 0.997033 0.997473 0.997195 0.997031 0.997422 0.996908 0.00273679 0.996947 0.996788 0.0029813 0.00298214 0.997226 0.00284481 0.997511 0.996868 0.997065 0.996863 0.997334 0.99713 0.996889 0.00336856 0.996925 0.00327494 0.997089 0.997414 0.00295497 0.996602 0.997272 0.00271815 0.00302736 0.00284659 0.00272207 0.00264653 0.00313919 0.997145 0.997098 0.00294288 0.00247716 0.00301753 0.00331501 0.00267441 0.00342843 0.00291572 0.997215 0.00280804 0.997049 0.99698 0.0030827 0.00265085 0.997308 0.997057 0.997533 0.996834 0.997354 0.00286461 0.00310652 0.00278524 0.00291895 0.00246354 0.00321112 0.00308955 0.00293645 0.00300027 0.00272015 0.997028 0.00266611 0.00257893 0.00299487 0.99725 0.00284667 0.00254687 0.996756 0.00247789 0.00290718 0.00252383 0.00280675 0.00275263 0.00316073 0.0029486
0.997142 0.997062 0.997513 0.997135 0.996988 0.997073 0.997058 0.997004 0.00312698 0.997139 0.997284 0.996874 0.00267235 0.00327305 0.00303011 0.00295005 0.996973 0.996948 0.997215 0.997068 0.997133 0.997037 0.997471 0.997196 0.997035 0.997421 0.996911 0.00273521 0.996949 0.996794 0.00297171 0.00297224 0.997228 0.00284166 0.997511 0.996874 0.997067 0.996869 0.997336 0.997132 0.996894 0.00335724 0.996931 0.00326399 0.997087 0.997416 0.00295103 0.996609 0.997273 0.0027162 0.00302375 0.00284662 0.00271986 0.00264568 0.00313718 0.99715 0.997106 0.00293991 0.00247731 0.0030125 0.00330529 0.00267226 0.00341715 0.00291639 0.997216 0.00280692 0.997057 0.996987 0.00307535 0.00265075 0.997312 0.997058 0.997532 0.996842 0.997358 0.00286276 0.00309976 0.00278393 0.00292026 0.00246572 0.00320753 0.00308559 0.00293551 0.00299746 0.00271817 0.997038 0.00266421 0.00257965 0.00299392 0.997255 0.00284695 0.00254744 0.996765 0.0024779 0.00290432 0.00252529 0.00280553 0.00275087 0.00315513 0.00294282
0.997145 0.997066 0.997515 0.997138 0.996994 0.997074 0.997061 0.997005 0.00312196 0.997142 0.997285 0.996879 0.00266814 0.0032608 0.00302394 0.00294181 0.996976 0.996949 0.997218 0.997069 0.997135 0.997041 0.997471 0.997197 0.997039 0.99742 0.996912 0.00273327 0.996951 0.996799 0.00296212 0.00296283 0.99723 0.00283895 0.99751 0.99688 0.997068 0.996876 0.997339 0.997134 0.996898 0.00334644 0.996936 0.00325287 0.997087 0.997417 0.00294705 0.996616 0.997274 0.00271439 0.00301986 0.00284633 0.00271871 0.00264462 0.00313436 0.997156 0.997115 0.00293695 0.00247757 0.00300776 0.00329586 0.00266947 0.00340665 0.00291685 0.997217 0.00280609 0.997064 0.996994 0.00306819 0.00265066 0.997317 0.99706 0.997531 0.996851 0.997363 0.00286095 0.0030935 0.00278231 0.0029214 0.00246796 0.00320375 0.00308204 0.0029342 0.00299483 0.00271592 0.997047 0.00266204 0.00257976 0.00299324 0.997259 0.00284654 0.00254823 0.996773 0.0024781 0.00290221 0.00252705 0.00280423 0.00274934 0.00314984 0.00293755
0.997147 0.997069 0.997517 0.99714 0.997 0.997076 0.997064 0.997006 0.00311632 0.997145 0.997286 0.996884 0.0026642 0.00324809 0.00301745 0.00293423 0.99698 0.99695 0.997221 0.99707 0.997137 0.997045 0.99747 0.997198 0.997043 0.99742 0.996914 0.00273132 0.996952 0.996804 0.00295217 0.00295344 0.997232 0.00283548 0.99751 0.996886 0.997069 0.996883 0.997342 0.997136 0.996903 0.00333612 0.996941 0.00324192 0.997086 0.997417 0.00294309 0.996623 0.997276 0.00271284 0.00301625 0.00284649 0.00271675 0.00264334 0.00313215 0.997162 0.997123 0.00293438 0.00247815 0.003003 0.00328644 0.00266708 0.00339595 0.0029183 0.997217 0.00280466 0.997071 0.997001 0.00306071 0.00265036 0.997321 0.997062 0.99753 0.996859 0.997367 0.00285905 0.00308703 0.00278088 0.00292162 0.00246993 0.00320065 0.00307818 0.00293327 0.00299224 0.00271463 0.997057 0.00265987 0.00258048 0.00299293 0.997263 0.00284644 0.00254923 0.996782 0.00247878 0.00290004 0.00252891 0.00280302 0.00274808 0.00314461 0.00293267
0.99715 0.997072 0.997518 0.997142 0.997006 0.997078 0.997067 0.997007 0.00311078 0.997149 0.997287 0.996888 0.00265943 0.00323598 0.00301127 0.00292713 0.996983 0.996951 0.997224 0.997071 0.99714 0.997048 0.997469 0.9972 0.997046 0.997419 0.996916 0.00272965 0.996953 0.996809 0.0029424 0.00294433 0.997234 0.00283234 0.99751 0.996891 0.99707 0.996889 0.997344 0.997138 0.996908 0.00332563 0.996947 0.00323151 0.997085 0.997418 0.0029388 0.99663 0.997277 0.00271116 0.00301254 0.00284642 0.00271491 0.00264191 0.00312951 0.997166 0.997131 0.00293136 0.0024787 0.00299806 0.00327714 0.00266431 0.00338508 0.002919 0.997219 0.0028032 0.997078 0.997007 0.00305346 0.00265032 0.997325 0.997064 0.997529 0.996868 0.997371 0.00285682 0.00308072 0.00277975 0.00292253 0.00247191 0.00319763 0.00307418 0.00293169 0.00298986 0.00271305 0.997066 0.0026575 0.00258054 0.00299226 0.997267 0.0028461 0.00254959 0.996791 0.0024793 0.00289751 0.00253015 0.00280161 0.00274687 0.0031395 0.00292735
0.997152 0.997075 0.99752 0.997143 0.997012 0.99708 0.99707 0.997007 0.00310535 0.997152 0.997288 0.996893 0.0026552 0.00322342 0.00300524 0.00291971 0.996987 0.996952 0.997226 0.997072 0.997142 0.997052 0.997468 0.9972 0.99705 0.997419 0.996917 0.00272758 0.996954 0.996815 0.0029336 0.00293499 0.997236 0.00282944 0.99751 0.996896 0.997071 0.996895 0.997345 0.997139 0.996912 0.00331451 0.996951 0.00322084 0.997085 0.99742 0.00293491 0.996636 0.997279 0.00270858 0.00300845 0.00284662 0.00271304 0.00264141 0.00312704 0.997172 0.99714 0.00292877 0.00247931 0.00299347 0.00326791 0.00266152 0.00337415 0.00291971 0.99722 0.0028016 0.997085 0.997014 0.00304651 0.00264993 0.997329 0.997066 0.997528 0.996875 0.997375 0.00285557 0.00307527 0.00277868 0.0029233 0.00247363 0.00319442 0.00307072 0.00293074 0.00298748 0.00271142 0.997075 0.00265604 0.00258095 0.00299111 0.997271 0.00284637 0.00255025 0.996799 0.0024792 0.00289521 0.00253171 0.00280032 0.00274602 0.00313481 0.0029223
0.997155 0.997078 0.997522 0.997145 0.997018 0.997081 0.997072 0.997008 0.00309963 0.997155 0.997289 0.996898 0.00265101 0.00321061 0.0029989 0.00291278 0.99699 0.996952 0.99723 0.997073 0.997144 0.997056 0.997468 0.997201 0.997053 0.997418 0.996919 0.00272629 0.996956 0.99682 0.00292435 0.00292571 0.997237 0.00282626 0.99751 0.996901 0.997072 0.996902 0.997347 0.997141 0.996916 0.00330465 0.996956 0.00321074 0.997084 0.997421 0.00293109 0.996642 0.99728 0.00270671 0.00300462 0.00284639 0.00271155 0.00264051 0.0031245 0.997178 0.997148 0.00292614 0.00247977 0.00298908 0.00325848 0.00265933 0.00336383 0.00292034 0.997221 0.0028006 0.997092 0.997021 0.00303903 0.00264999 0.997333 0.997067 0.997527 0.996882 0.997379 0.00285364 0.00307011 0.00277745 0.00292386 0.00247583 0.00319168 0.00306744 0.00292978 0.00298489 0.00270973 0.997084 0.00265436 0.00258149 0.00299045 0.997275 0.00284609 0.00255088 0.996807 0.00247981 0.00289321 0.00253345 0.00279937 0.00274436 0.00312968 0.00291718
0.997157 0.997081 0.997523 0.997147 0.997024 0.997083 0.997075 0.997009 0.00309456 0.997158 0.99729 0.996903 0.00264739 0.00319815 0.00299286 0.00290551 0.996993 0.996953 0.997232 0.997075 0.997146 0.997059 0.997467 0.997203 0.997057 0.997417 0.996921 0.00272476 0.996957 0.996825 0.00291605 0.0029168 0.997239 0.00282295 0.99751 0.996907 0.997073 0.996908 0.99735 0.997144 0.99692 0.00329399 0.996961 0.00320028 0.997083 0.997422 0.00292733 0.996647 0.997281 0.00270452 0.0030012 0.00284645 0.00271023 0.00263931 0.00312291 0.997183 0.997156 0.00292397 0.00248005 0.00298436 0.00324924 0.00265689 0.00335359 0.00292112 0.997222 0.00279935 0.997099 0.997027 0.00303238 0.00264934 0.997337 0.997069 0.997527 0.99689 0.997383 0.00285163 0.00306404 0.00277653 0.00292471 0.00247771 0.00318885 0.00306402 0.00292869 0.00298238 0.0027079 0.997093 0.00265192 0.00258193 0.00298947 0.997279 0.00284636 0.00255169 0.996815 0.00248051 0.00289084 0.0025348 0.0027983 0.00274303 0.00312471 0.00291179
0.997159 0.997084 0.997525 0.997149 0.99703 0.997084 0.997078 0.99701 0.00308986 0.997162 0.99729 0.996908 0.00264341 0.00318602 0.00298706 0.00289887 0.996997 0.996954 0.997235 0.997076 0.997148 0.997063 0.997466 0.997204 0.997061 0.997417 0.996923 0.00272282 0.996958 0.99683 0.00290745 0.00290766 0.997241 0.00281944 0.99751 0.996912 0.997074 0.996914 0.997352 0.997146 0.996925 0.00328416 0.996966 0.00318952 0.997082 0.997423 0.0029238 0.996653 0.997282 0.00270247 0.00299743 0.00284669 0.00270866 0.00263864 0.00312064 0.997188 0.997164 0.00292102 0.00248065 0.00298028 0.00324007 0.00265476 0.00334316 0.00292235 0.997223 0.00279815 0.997106 0.997033 0.00302551 0.00264882 0.997342 0.99707 0.997526 0.996898 0.997387 0.00285029 0.00305818 0.00277544 0.00292548 0.00247979 0.00318501 0.00306083 0.00292759 0.00298 0.00270636 0.997102 0.00265004 0.00258242 0.00298818 0.997283 0.00284683 0.00255215 0.996823 0.00248094 0.00288832 0.00253602 0.00279757 0.00274225 0.00311967 0.00290663
0.997162 0.997087 0.997527 0.997151 0.997035 0.997086 0.997081 0.997011 0.00308497 0.997165 0.997291 0.996913 0.00263937 0.00317368 0.00298161 0.00289204 0.997 0.996955 0.997237 0.997077 0.99715 0.997067 0.997466 0.997205 0.997065 0.997417 0.996925 0.00272147 0.996959 0.996834 0.00289941 0.00289844 0.997243 0.0028164 0.99751 0.996917 0.997075 0.996921 0.997354 0.997147 0.996929 0.00327401 0.996971 0.00317959 0.997081 0.997424 0.00291987 0.99666 0.997283 0.0027006 0.00299411 0.00284661 0.00270712 0.00263774 0.00311892 0.997193 0.997172 0.00291858 0.0024811 0.00297624 0.00323125 0.00265234 0.003333 0.00292295 0.997224 0.00279703 0.997113 0.99704 0.00301878 0.00264862 0.997346 0.997072 0.997525 0.996906 0.997391 0.00284876 0.0030525 0.00277458 0.00292647 0.00248136 0.00318233 0.00305752 0.00292669 0.0029773 0.00270504 0.99711 0.00264801 0.00258333 0.00298714 0.997287 0.00284717 0.0025527 0.99683 0.0024815 0.00288628 0.00253756 0.00279626 0.00274055 0.00311508 0.00290165
0.997164 0.99709 0.997529 0.997152 0.997041 0.997087 0.997084 0.997012 0.0030795 0.997168 0.997292 0.996917 0.00263547 0.00316182 0.00297597 0.00288576 0.997003 0.996957 0.99724 0.997078 0.997152 0.99707 0.997465 0.997205 0.997068 0.997416 0.996926 0.0027196 0.99696 0.996839 0.00289047 0.00288968 0.997245 0.00281386 0.99751 0.996921 0.997076 0.996927 0.997356 0.997149 0.996933 0.00326459 0.996976 0.00316943 0.997081 0.997425 0.00291648 0.996665 0.997285 0.00269852 0.00299074 0.00284629 0.00270515 0.002637 0.00311633 0.997198 0.99718 0.00291555 0.00248198 0.00297163 0.00322267 0.00264983 0.00332348 0.00292348 0.997226 0.0027958 0.997119 0.997046 0.00301211 0.00264801 0.99735 0.997074 0.997524 0.996913 0.997395 0.00284738 0.00304698 0.00277317 0.00292691 0.00248325 0.00317921 0.00305381 0.00292583 0.00297538 0.00270368 0.997119 0.00264598 0.00258362 0.00298636 0.997291 0.0028472 0.00255331 0.996838 0.00248236 0.00288419 0.00253874 0.00279532 0.00273955 0.00310986 0.00289654
0.997166 0.997093 0.997531 0.997154 0.997047 0.997089 0.997086 0.997014 0.00307499 0.99717 0.997293 0.996921 0.0026312 0.00315024 0.00297028 0.00287936 0.997006 0.996958 0.997243 0.997079 0.997154 0.997074 0.997464 0.997206 0.997072 0.997415 0.996928 0.00271781 0.996961 0.996844 0.00288181 0.00288085 0.997246 0.00281145 0.99751 0.996927 0.997077 0.996932 0.997358 0.997151 0.996938 0.00325533 0.996981 0.00315977 0.99708 0.997426 0.00291255 0.996672 0.997286 0.00269683 0.00298717 0.00284626 0.0027035 0.00263649 0.00311425 0.997203 0.997188 0.00291338 0.00248242 0.00296688 0.00321458 0.00264794 0.00331328 0.00292461 0.997226 0.00279471 0.997126 0.997052 0.00300574 0.002648 0.997354 0.997075 0.997524 0.996921 0.997398 0.00284568 0.0030413 0.00277253 0.00292743 0.00248538 0.00317629 0.00305027 0.0029249 0.00297336 0.00270235 0.997128 0.0026441 0.00258407 0.00298524 0.997294 0.00284736 0.00255401 0.996845 0.00248259 0.00288208 0.00254018 0.00279428 0.00273816 0.00310505 0.00289157
0.997168 0.997096 0.997532 0.997156 0.997052 0.997091 0.997089 0.997015 0.00306975 0.997173 0.997293 0.996926 0.00262729 0.00313928 0.00296482 0.00287242 0.997009 0.996959 0.997245 0.99708 0.997156 0.997077 0.997464 0.997207 0.997075 0.997415 0.99693 0.00271605 0.996961 0.996848 0.00287312 0.0028721 0.997249 0.00280867 0.997509 0.996932 0.997079 0.996938 0.99736 0.997153 0.996942 0.00324578 0.996985 0.00315001 0.997079 0.997427 0.00290896 0.996677 0.997287 0.00269488 0.00298383 0.00284629 0.00270145 0.00263571 0.00311192 0.997208 0.997195 0.00291064 0.00248264 0.00296223 0.00320655 0.0026458 0.0033033 0.00292572 0.997227 0.00279408 0.997132 0.997058 0.00299957 0.00264768 0.997358 0.997076 0.997523 0.996928 0.997402 0.00284334 0.00303542 0.00277164 0.00292803 0.00248744 0.00317314 0.00304694 0.002924 0.00297122 0.00270033 0.997136 0.00264268 0.00258468 0.00298472 0.997298 0.00284696 0.00255447 0.996854 0.00248341 0.00288019 0.00254155 0.00279301 0.00273678 0.00310056 0.00288658
0.99717 0.997099 0.997533 0.997157 0.997058 0.997092 0.99709 0.997015 0.00306428 0.997176 0.997294 0.996931 0.00262364 0.00312861 0.00295954 0.00286638 0.997012 0.99696 0.997247 0.997081 0.997158 0.99708 0.997463 0.997208 0.997079 0.997415 0.996932 0.00271476 0.996962 0.996853 0.00286519 0.00286354 0.99725 0.00280619 0.997509 0.996938 0.99708 0.996944 0.997362 0.997154 0.996946 0.00323671 0.996991 0.00314048 0.997078 0.997427 0.00290505 0.996683 0.997289 0.00269279 0.00298077 0.00284625 0.00269984 0.00263484 0.00311012 0.997213 0.997202 0.00290813 0.00248288 0.00295746 0.00319772 0.00264356 0.00329444 0.00292673 0.997229 0.00279323 0.997138 0.997064 0.00299305 0.00264738 0.997362 0.997078 0.997522 0.996935 0.997406 0.00284091 0.00303065 0.00277098 0.00292891 0.00248901 0.00317061 0.00304362 0.00292306 0.00296939 0.00269831 0.997144 0.00264133 0.00258507 0.00298369 0.997302 0.00284713 0.00255545 0.996861 0.00248391 0.00287775 0.00254261 0.00279236 0.00273593 0.00309618 0.00288144
0.997172 0.997101 0.997535 0.997158 0.997063 0.997094 0.997093 0.997016 0.00305969 0.997179 0.997295 0.996936 0.00261975 0.0031172 0.00295407 0.00285996 0.997015 0.996961 0.99725 0.997082 0.99716 0.997084 0.997463 0.997209 0.997082 0.997414 0.996934 0.0027134 0.996963 0.996857 0.00285682 0.00285521 0.997252 0.00280304 0.997509 0.996943 0.99708 0.996949 0.997363 0.997156 0.99695 0.00322758 0.996996 0.00313054 0.997078 0.997428 0.00290148 0.996688 0.99729 0.00269047 0.00297744 0.00284618 0.00269816 0.00263389 0.00310838 0.997218 0.99721 0.00290574 0.00248301 0.00295342 0.00318995 0.00264153 0.0032848 0.00292773 0.99723 0.00279212 0.997145 0.997071 0.00298679 0.00264716 0.997366 0.997079 0.997521 0.996942 0.99741 0.00283932 0.00302549 0.00276989 0.00292889 0.00249122 0.0031684 0.00304027 0.00292203 0.00296734 0.0026965 0.997152 0.00263919 0.00258552 0.00298258 0.997306 0.00284704 0.002556 0.996868 0.00248448 0.0028761 0.0025441 0.00279116 0.00273447 0.0030917 0.00287672
0.997174 0.997104 0.997536 0.99716 0.997069 0.997095 0.997095 0.997018 0.00305457 0.997182 0.997296 0.99694 0.0026156 0.00310578 0.00294882 0.00285381 0.997018 0.996962 0.997252 0.997083 0.997162 0.997088 0.997462 0.997211 0.997085 0.997413 0.996936 0.00271196 0.996964 0.996862 0.00284859 0.00284702 0.997253 0.00279988 0.997509 0.996948 0.997082 0.996954 0.997365 0.997158 0.996954 0.00321889 0.997 0.00312135 0.997077 0.997429 0.00289782 0.996694 0.997291 0.00268895 0.00297423 0.00284572 0.00269679 0.00263285 0.00310645 0.997223 0.997217 0.00290364 0.00248329 0.00294903 0.00318213 0.00263947 0.00327519 0.00292913 0.99723 0.00279108 0.997151 0.997077 0.00298077 0.00264707 0.99737 0.99708 0.997521 0.996949 0.997413 0.00283782 0.00301984 0.0027695 0.00292949 0.0024931 0.00316548 0.00303676 0.00292105 0.00296504 0.00269468 0.99716 0.00263718 0.00258607 0.00298199 0.99731 0.00284696 0.00255641 0.996876 0.00248474 0.00287413 0.00254541 0.00278938 0.00273327 0.00308748 0.00287194
0.997176 0.997107 0.997537 0.997162 0.997074 0.997097 0.997098 0.997019 0.00305011 0.997185 0.997297 0.996944 0.00261179 0.00309456 0.00294416 0.00284711 0.997021 0.996964 0.997255 0.997085 0.997164 0.997092 0.997461 0.997212 0.997089 0.997413 0.996937 0.00270997 0.996965 0.996866 0.00284042 0.00283877 0.997255 0.00279716 0.997509 0.996953 0.997083 0.99696 0.997367 0.997159 0.996958 0.00321023 0.997005 0.00311264 0.997077 0.99743 0.00289361 0.9967 0.997293 0.00268726 0.00297073 0.00284524 0.00269535 0.00263183 0.00310447 0.997227 0.997225 0.0029011 0.00248391 0.00294508 0.00317376 0.00263726 0.00326653 0.00292996 0.997231 0.00278971 0.997157 0.997082 0.00297515 0.00264693 0.997374 0.997082 0.99752 0.996956 0.997416 0.0028364 0.00301452 0.00276873 0.00293011 0.00249448 0.00316289 0.00303357 0.00291946 0.00296228 0.00269281 0.997169 0.00263531 0.00258718 0.00298132 0.997313 0.00284718 0.00255697 0.996883 0.00248536 0.00287222 0.00254642 0.00278818 0.00273263 0.00308317 0.00286722
0.997178 0.997109 0.997539 0.997163 0.99708 0.997098 0.9971 0.997019 0.00304506 0.997188 0.997298 0.996949 0.00260758 0.00308382 0.00293901 0.0028411 0.997024 0.996965 0.997257 0.997086 0.997165 0.997095 0.997461 0.997213 0.997092 0.997413 0.996939 0.00270844 0.996966 0.996871 0.00283242 0.00283084 0.997257 0.00279452 0.997509 0.996957 0.997085 0.996966 0.997369 0.997161 0.996962 0.00320121 0.99701 0.0031026 0.997076 0.997431 0.00289003 0.996706 0.997293 0.00268548 0.0029678 0.00284513 0.00269376 0.00263118 0.00310185 0.997232 0.997231 0.00289854 0.00248455 0.00294152 0.00316567 0.00263556 0.00325793 0.00293064 0.997232 0.00278885 0.997163 0.997088 0.00296935 0.00264708 0.997377 0.997084 0.997519 0.996963 0.99742 0.00283476 0.00300942 0.00276743 0.00293089 0.00249611 0.00316037 0.00302973 0.00291832 0.00296004 0.00269145 0.997176 0.00263354 0.00258783 0.00298066 0.997317 0.00284724 0.00255768 0.99689 0.00248547 0.00287029 0.00254771 0.002787 0.00273145 0.00307895 0.00286275
0.997181 0.997112 0.99754 0.997165 0.997085 0.9971 0.997102 0.99702 0.00304078 0.997191 0.997299 0.996952 0.00260377 0.00307357 0.00293396 0.00283456 0.997028 0.996966 0.99726 0.997087 0.997167 0.997099 0.99746 0.997213 0.997095 0.997412 0.996941 0.00270654 0.996967 0.996874 0.00282417 0.00282284 0.997259 0.00279193 0.997509 0.996962 0.997085 0.996971 0.997371 0.997162 0.996966 0.00319269 0.997014 0.00309404 0.997075 0.997431 0.00288652 0.996712 0.997294 0.00268409 0.00296471 0.00284549 0.00269216 0.00263048 0.00309917 0.997236 0.997238 0.00289577 0.00248516 0.00293732 0.00315777 0.00263318 0.00324906 0.00293123 0.997233 0.00278782 0.99717 0.997094 0.00296342 0.0026468 0.997381 0.997085 0.997518 0.99697 0.997424 0.00283292 0.00300452 0.00276611 0.00293162 0.0024979 0.00315718 0.00302621 0.00291695 0.00295756 0.00268981 0.997184 0.002632 0.00258858 0.00297979 0.99732 0.00284751 0.00255837 0.996897 0.00248551 0.0028679 0.00254897 0.00278627 0.00273027 0.003074 0.00285831
0.997182 0.997115 0.997542 0.997167 0.99709 0.997101 0.997105 0.997021 0.00303692 0.997193 0.9973 0.996956 0.00260017 0.00306329 0.00292879 0.00282826 0.99703 0.996967 0.997262 0.997088 0.997169 0.997102 0.997459 0.997215 0.997098 0.997411 0.996942 0.00270535 0.996967 0.996879 0.00281672 0.00281522 0.99726 0.00278951 0.997509 0.996967 0.997086 0.996977 0.997373 0.997164 0.99697 0.00318424 0.997018 0.00308459 0.997074 0.997432 0.00288321 0.996717 0.997296 0.00268257 0.00296087 0.00284565 0.00269016 0.00263018 0.00309701 0.997241 0.997245 0.00289359 0.00248505 0.00293327 0.00315009 0.00263157 0.00324033 0.00293186 0.997234 0.00278688 0.997176 0.9971 0.00295813 0.00264674 0.997385 0.997086 0.997518 0.996977 0.997427 0.0028315 0.00299969 0.00276534 0.00293242 0.00249961 0.00315441 0.00302264 0.0029156 0.00295573 0.00268833 0.997191 0.00263071 0.00258923 0.00297916 0.997324 0.00284731 0.00255936 0.996904 0.00248598 0.00286539 0.00255044 0.00278499 0.00272948 0.00306927 0.00285345
0.997184 0.997117 0.997543 0.997168 0.997095 0.997102 0.997108 0.997022 0.00303216 0.997197 0.997301 0.996961 0.00259714 0.0030532 0.00292403 0.00282231 0.997034 0.996968 0.997265 0.997089 0.99717 0.997104 0.997458 0.997216 0.997102 0.997411 0.996944 0.00270391 0.996968 0.996883 0.00280936 0.00280813 0.997262 0.00278668 0.997509 0.996971 0.997088 0.996982 0.997375 0.997166 0.996973 0.00317598 0.997022 0.00307536 0.997074 0.997433 0.00287923 0.996723 0.997298 0.00268114 0.00295789 0.00284562 0.00268879 0.00262937 0.00309514 0.997245 0.997252 0.00289115 0.00248507 0.00292932 0.00314265 0.00262948 0.00323128 0.00293226 0.997235 0.00278564 0.997182 0.997105 0.0029521 0.0026464 0.997389 0.997087 0.997517 0.996983 0.99743 0.00282992 0.00299466 0.00276429 0.0029332 0.00250171 0.00315116 0.00301973 0.0029144 0.00295299 0.00268717 0.997199 0.00262883 0.00258927 0.00297764 0.997327 0.00284735 0.0025605 0.996911 0.00248634 0.00286394 0.00255182 0.00278412 0.00272865 0.00306482 0.00284895
0.997186 0.99712 0.997544 0.99717 0.9971 0.997104 0.99711 0.997023 0.00302763 0.997199 0.997302 0.996965 0.00259333 0.00304276 0.00291904 0.00281642 0.997037 0.996969 0.997267 0.99709 0.997172 0.997108 0.997458 0.997217 0.997105 0.997411 0.996945 0.00270215 0.996969 0.996887 0.00280202 0.00280068 0.997264 0.00278431 0.997508 0.996975 0.997089 0.996987 0.997377 0.997167 0.996976 0.0031677 0.997026 0.00306704 0.997073 0.997434 0.0028756 0.996728 0.997299 0.00267941 0.00295482 0.00284538 0.00268775 0.00262857 0.00309298 0.997249 0.997258 0.00288878 0.00248551 0.00292527 0.00313474 0.00262732 0.00322278 0.0029326 0.997236 0.00278467 0.997188 0.997111 0.00294674 0.00264644 0.997392 0.997088 0.997516 0.99699 0.997433 0.00282822 0.00298974 0.00276359 0.00293334 0.00250381 0.00314861 0.00301677 0.0029136 0.00295089 0.00268544 0.997206 0.00262744 0.00258963 0.00297727 0.997331 0.00284751 0.00256099 0.996918 0.00248677 0.00286183 0.0025533 0.00278326 0.00272762 0.00306105 0.00284471
0.997188 0.997123 0.997545 0.997172 0.997105 0.997105 0.997112 0.997024 0.00302332 0.997203 0.997302 0.996969 0.00258985 0.00303312 0.00291389 0.00281077 0.99704 0.99697 0.99727 0.997091 0.997174 0.99711 0.997457 0.997218 0.997109 0.99741 0.996946 0.00270044 0.996969 0.996891 0.00279446 0.00279267 0.997266 0.00278207 0.997508 0.99698 0.99709 0.996992 0.997378 0.997169 0.99698 0.0031602 0.997031 0.00305831 0.997072 0.997435 0.00287217 0.996734 0.9973 0.00267759 0.00295206 0.00284531 0.00268691 0.00262765 0.00309118 0.997254 0.997265 0.00288627 0.00248589 0.00292092 0.00312709 0.00262532 0.00321409 0.00293324 0.997236 0.00278347 0.997194 0.997116 0.00294132 0.00264588 0.997396 0.997089 0.997516 0.996997 0.997437 0.00282681 0.00298463 0.0027628 0.00293421 0.0025057 0.00314649 0.00301376 0.00291286 0.00294846 0.00268366 0.997214 0.00262604 0.00258981 0.00297656 0.997334 0.00284745 0.00256181 0.996925 0.00248699 0.00286056 0.00255438 0.00278297 0.00272675 0.00305684 0.00284038
0.99719 0.997125 0.997547 0.997173 0.99711 0.997106 0.997115 0.997025 0.00301931 0.997206 0.997303 0.996974 0.00258595 0.00302357 0.00290903 0.00280527 0.997042 0.996971 0.997272 0.997091 0.997176 0.997113 0.997456 0.99722 0.997112 0.997409 0.996948 0.00269898 0.99697 0.996896 0.0027866 0.00278535 0.997267 0.00277953 0.997508 0.996984 0.997091 0.996998 0.99738 0.99717 0.996984 0.00315198 0.997035 0.0030499 0.997072 0.997436 0.00286835 0.996739 0.9973 0.00267588 0.00294908 0.00284565 0.00268551 0.00262716 0.00308903 0.997258 0.997271 0.00288357 0.00248644 0.00291683 0.00311939 0.00262331 0.00320547 0.00293384 0.997237 0.0027823 0.9972 0.997122 0.00293574 0.00264562 0.997399 0.997091 0.997515 0.997003 0.99744 0.00282571 0.00297974 0.00276222 0.00293451 0.00250756 0.00314367 0.00301085 0.0029117 0.00294659 0.0026825 0.997221 0.00262454 0.00259005 0.0029755 0.997337 0.00284742 0.00256274 0.996932 0.00248723 0.00285817 0.00255574 0.0027818 0.00272601 0.00305328 0.00283608
