0.5 0.5 0.5 0.5 0.5 0.5 0.5 0.5 0.5 0.5 0.5 0.5 0.5 0.5 0.5 0.5 0.5 0.5 0.5 0.5 0.5 0.5 0.5 0.5 0.5 0.5 0.5 0.5 0.5 0.5 0.5 0.5 0.5 0.5 0.5 0.5 0.5 0.5 0.5 0.5 0.5 0.5 0.5 0.5 0.5 0.5 0.5 0.5 0.5 0.5 0.5 0.5 0.5 0.5 0.5 0.5 0.5 0.5 0.5 0.5 0.5 0.5 0.5 0.5 0.5 0.5 0.5 0.5 0.5 0.5 0.5 0.5 0.5 0.5 0.5 0.5 0.5 0.5 0.5 0.5 0.5 0.5 0.5 0.5 0.5 0.5 0.5 0.5 0.5 0.5 0.5 0.5 0.5 0.5 0.5 0.5 0.5 0.5 0.5 0.5
0.502558 0.502946 0.495151 0.503758 0.498265 0.505902 0.5035 0.50889 0.496269 0.5006 0.502453 0.503079 0.505123 0.507148 0.500336 0.504591 0.504093 0.50979 0.50017 0.506811 0.503452 0.502205 0.502259 0.504038 0.501794 0.503185 0.508949 0.497742 0.509809 0.504967 0.508713 0.508724 0.501653 0.497788 0.499477 0.502607 0.50683 0.50087 0.49834 0.503793 0.503882 0.500872 0.501664 0.503862 0.510985 0.499389 0.497597 0.506292 0.50169 0.498501 0.495058 0.491259 0.498178 0.497736 0.489748 0.496027 0.49044 0.495416 0.498724 0.497643 0.500007 0.500791 0.499982 0.487913 0.503797 0.494879 0.494304 0.497302 0.500763 0.496152 0.494036 0.50632 0.500988 0.497823 0.493037 0.495082 0.498197 0.495105 0.487928 0.494637 0.490035 0.493829 0.492068 0.493297 0.49817 0.490173 0.500215 0.495714 0.489898 0.495641 0.491005 0.496351 0.499132 0.498683 0.494934 0.494921 0.494835 0.496272 0.495208 0.500971
0.50511 0.505845 0.490312 0.507529 0.496552 0.511748 0.507 0.517716 0.49264 0.501215 0.504946 0.506105 0.510197 0.514244 0.50067 0.509147 0.508157 0.519482 0.500303 0.513587 0.50691 0.504375 0.504498 0.50803 0.503558 0.506348 0.517789 0.495493 0.519648 0.509909 0.517384 0.517407 0.503289 0.495654 0.49902 0.505167 0.513624 0.501747 0.496716 0.507594 0.507716 0.501851 0.503298 0.507691 0.521935 0.498798 0.495209 0.512578 0.503368 0.497001 0.490157 0.482631 0.496381 0.495437 0.479558 0.492104 0.48095 0.490822 0.497519 0.495404 0.50004 0.501562 0.499989 0.47595 0.50753 0.489727 0.488603 0.49465 0.501573 0.492325 0.488073 0.512604 0.501898 0.495655 0.486109 0.490259 0.496409 0.490279 0.475926 0.489284 0.480172 0.4877 0.484177 0.48662 0.496354 0.480379 0.500463 0.491484 0.479949 0.491295 0.482069 0.492773 0.498236 0.49746 0.489892 0.48984 0.489754 0.492598 0.490432 0.50196
0.507674 0.50876 0.485491 0.511219 0.494802 0.517486 0.510494 0.526502 0.488974 0.501792 0.507361 0.509107 0.515244 0.521275 0.500994 0.513676 0.512262 0.529153 0.500461 0.520276 0.510327 0.506595 0.506732 0.51203 0.505316 0.509461 0.526493 0.49321 0.529307 0.514828 0.525941 0.525986 0.504902 0.493523 0.498513 0.507714 0.52032 0.502619 0.495084 0.511312 0.511496 0.502772 0.504962 0.511486 0.532629 0.49816 0.492893 0.518816 0.505027 0.495521 0.485252 0.474025 0.494583 0.493202 0.469486 0.488146 0.471551 0.486298 0.496301 0.49312 0.500047 0.502356 0.50001 0.464055 0.511249 0.484679 0.482922 0.492066 0.502339 0.488543 0.482158 0.518856 0.502792 0.493454 0.479261 0.485459 0.494649 0.485503 0.464093 0.483979 0.470391 0.481604 0.476328 0.480036 0.494559 0.47065 0.500752 0.487243 0.470045 0.487028 0.473217 0.489206 0.497412 0.496228 0.484851 0.484786 0.484663 0.488926 0.485694 0.502944
0.510147 0.511623 0.480757 0.514935 0.493116 0.523214 0.513891 0.535199 0.485398 0.502384 0.509741 0.512076 0.520284 0.528275 0.501326 0.518185 0.516283 0.538743 0.50057 0.526892 0.513736 0.508765 0.508933 0.515949 0.507027 0.512557 0.53518 0.490973 0.538834 0.519688 0.534438 0.534491 0.506529 0.4914 0.498006 0.510271 0.526969 0.503464 0.493475 0.515008 0.515272 0.503753 0.506574 0.51536 0.543321 0.497549 0.490562 0.524963 0.506674 0.494073 0.480385 0.465496 0.492828 0.490972 0.45949 0.484269 0.462265 0.481785 0.495072 0.490865 0.500067 0.503137 0.500074 0.452273 0.51494 0.479652 0.477317 0.489497 0.503145 0.484775 0.47628 0.525041 0.503683 0.491315 0.472466 0.480713 0.492895 0.480748 0.452308 0.478742 0.460659 0.475571 0.468538 0.47355 0.492825 0.461072 0.501027 0.483057 0.46024 0.482749 0.464455 0.485668 0.496548 0.49503 0.479902 0.479776 0.479637 0.485295 0.481019 0.503945
0.512598 0.514448 0.476051 0.518566 0.491431 0.528829 0.517311 0.543795 0.481821 0.502928 0.51212 0.515045 0.525314 0.535221 0.501665 0.522662 0.52029 0.548243 0.500712 0.533419 0.517127 0.510905 0.511107 0.519865 0.508746 0.5156 0.543817 0.488826 0.54833 0.524564 0.542864 0.542921 0.508113 0.489268 0.497541 0.512803 0.533561 0.504299 0.491877 0.51866 0.518978 0.504707 0.508205 0.519216 0.553808 0.496937 0.48826 0.531094 0.508276 0.492592 0.475545 0.45707 0.491117 0.488729 0.449569 0.48044 0.453037 0.47732 0.493902 0.48859 0.500114 0.503889 0.500151 0.440634 0.51856 0.47471 0.471761 0.486875 0.503942 0.481072 0.470444 0.531226 0.504569 0.489172 0.465736 0.475999 0.491133 0.476037 0.44066 0.473502 0.451066 0.469572 0.460821 0.46704 0.491078 0.45155 0.501354 0.47892 0.450592 0.478515 0.455714 0.482163 0.495667 0.493842 0.474987 0.474863 0.474662 0.481731 0.47634 0.50494
0.515041 0.517277 0.471349 0.522127 0.489783 0.534436 0.520635 0.552275 0.478296 0.503467 0.514438 0.517948 0.530256 0.542129 0.50201 0.527086 0.524265 0.557579 0.500856 0.539884 0.520503 0.51302 0.513256 0.523729 0.510448 0.518613 0.552348 0.486665 0.557742 0.529371 0.551226 0.551267 0.509742 0.487161 0.496995 0.515336 0.540121 0.505141 0.490219 0.522286 0.522639 0.505647 0.509804 0.522991 0.564175 0.496324 0.485944 0.537196 0.509824 0.49116 0.470802 0.448683 0.489434 0.486514 0.439772 0.476638 0.443892 0.472913 0.492737 0.486352 0.500173 0.504689 0.50018 0.429138 0.522124 0.469765 0.466298 0.484311 0.504717 0.477404 0.464651 0.537313 0.505408 0.487117 0.459074 0.471327 0.48942 0.471363 0.42917 0.468352 0.44154 0.463662 0.453209 0.460602 0.489359 0.442167 0.501731 0.474824 0.441022 0.474272 0.447043 0.478732 0.494864 0.492718 0.470132 0.469974 0.469797 0.478159 0.471698 0.505936
0.517494 0.520081 0.466649 0.525702 0.488151 0.539979 0.523952 0.560691 0.474768 0.503982 0.516757 0.520846 0.535207 0.548956 0.502357 0.531512 0.528203 0.566827 0.500996 0.54632 0.523875 0.515142 0.515374 0.527551 0.512148 0.521638 0.560741 0.484468 0.567038 0.53415 0.559497 0.559551 0.511295 0.485065 0.496416 0.517955 0.546566 0.505989 0.488571 0.525824 0.526321 0.506606 0.511366 0.526714 0.574373 0.495705 0.483622 0.543252 0.51136 0.489751 0.466066 0.440328 0.487712 0.48442 0.430077 0.47282 0.434856 0.468511 0.491628 0.484118 0.500168 0.505451 0.500195 0.417778 0.525677 0.464847 0.460831 0.481773 0.505475 0.473781 0.45891 0.5433 0.50628 0.485023 0.452449 0.466687 0.487698 0.46671 0.417797 0.463214 0.432095 0.45782 0.445607 0.454191 0.487696 0.432857 0.502066 0.470759 0.431542 0.470121 0.438489 0.475297 0.494063 0.491594 0.465321 0.465158 0.464905 0.474654 0.467096 0.506949
0.519908 0.52283 0.461943 0.529236 0.486546 0.545428 0.527269 0.568921 0.47125 0.504541 0.519074 0.523685 0.540089 0.555769 0.502731 0.53587 0.532107 0.575976 0.501171 0.552665 0.527174 0.517268 0.517471 0.531262 0.51381 0.52462 0.56903 0.482363 0.576196 0.538898 0.567683 0.567741 0.512839 0.483027 0.495838 0.520462 0.552946 0.506821 0.48692 0.52938 0.529973 0.507576 0.512939 0.530424 0.58448 0.495076 0.481368 0.549263 0.512847 0.488308 0.461378 0.4321 0.486069 0.48227 0.420479 0.46905 0.425876 0.464183 0.490498 0.481904 0.500189 0.506235 0.500218 0.406622 0.529207 0.460035 0.455415 0.479219 0.506338 0.470179 0.453204 0.549285 0.507111 0.48296 0.445865 0.462081 0.485968 0.462153 0.406616 0.458192 0.422736 0.452023 0.438184 0.447871 0.486036 0.42362 0.502457 0.46673 0.422163 0.465965 0.430049 0.471892 0.49323 0.490506 0.460592 0.460376 0.460062 0.47112 0.46256 0.507938
0.522281 0.525567 0.457333 0.532666 0.48494 0.550907 0.530462 0.577085 0.467723 0.505091 0.52132 0.526492 0.545 0.562448 0.503102 0.540207 0.535988 0.585055 0.501302 0.558946 0.530424 0.519362 0.51953 0.535009 0.515411 0.527626 0.577228 0.480249 0.585236 0.543598 0.575791 0.575845 0.514395 0.480949 0.495296 0.522959 0.559255 0.507664 0.485322 0.532884 0.533539 0.508537 0.514537 0.534148 0.594382 0.494469 0.4791 0.555187 0.51431 0.486945 0.456718 0.423988 0.484423 0.480188 0.411074 0.465327 0.417024 0.459896 0.489425 0.47973 0.500201 0.507018 0.500239 0.395623 0.532653 0.455222 0.450089 0.476767 0.507129 0.466626 0.447552 0.555176 0.507982 0.480897 0.439327 0.457543 0.48431 0.457612 0.395566 0.453195 0.413555 0.446237 0.430774 0.441638 0.484423 0.414512 0.502828 0.462705 0.412878 0.461782 0.421691 0.468551 0.492414 0.489371 0.455894 0.455618 0.455276 0.467668 0.458032 0.508931
0.524642 0.528256 0.452701 0.536087 0.483311 0.556291 0.533676 0.585158 0.464294 0.505547 0.523606 0.529283 0.549867 0.569113 0.50347 0.544493 0.539782 0.593967 0.50144 0.565145 0.533657 0.521468 0.521563 0.538675 0.517026 0.530549 0.585304 0.478131 0.594165 0.54828 0.583769 0.583847 0.515909 0.478852 0.494743 0.525462 0.565512 0.508514 0.48367 0.53633 0.537103 0.509483 0.516099 0.537788 0.604179 0.493898 0.4769 0.561078 0.515818 0.485581 0.452093 0.41596 0.48283 0.478106 0.401745 0.461644 0.408306 0.455631 0.488383 0.477579 0.500267 0.507816 0.500262 0.384801 0.536098 0.450448 0.444768 0.474311 0.507907 0.463151 0.441903 0.56104 0.508805 0.47886 0.432835 0.453075 0.482697 0.453133 0.384689 0.448243 0.404488 0.440517 0.423463 0.435471 0.482819 0.405523 0.503235 0.458701 0.403718 0.457655 0.413458 0.465213 0.491632 0.488286 0.451213 0.450918 0.450588 0.464252 0.453544 0.509968
0.527011 0.530937 0.448142 0.539451 0.481699 0.561598 0.536841 0.593141 0.460861 0.505979 0.525817 0.53208 0.554685 0.575642 0.503809 0.548782 0.543568 0.602743 0.501608 0.571288 0.536875 0.523505 0.523547 0.542319 0.518659 0.533453 0.593288 0.47604 0.602964 0.552904 0.591683 0.591711 0.517407 0.476793 0.494143 0.52795 0.57165 0.509346 0.482098 0.539694 0.540644 0.510408 0.517674 0.541445 0.613803 0.493263 0.474714 0.566921 0.517272 0.484214 0.447463 0.408011 0.481246 0.476021 0.392536 0.458023 0.399715 0.451444 0.487367 0.475424 0.500308 0.508624 0.500278 0.374122 0.539507 0.445723 0.43951 0.471874 0.508688 0.459695 0.436325 0.5669 0.509574 0.476828 0.426417 0.448688 0.481042 0.448742 0.374002 0.443345 0.395553 0.434849 0.416214 0.429342 0.481215 0.396623 0.50369 0.454771 0.394716 0.45356 0.40531 0.461945 0.49081 0.487257 0.446562 0.446251 0.445872 0.460842 0.449089 0.511015
0.52931 0.533643 0.443582 0.542786 0.48012 0.566904 0.539988 0.601023 0.457469 0.506457 0.527996 0.534808 0.559459 0.58215 0.504173 0.553017 0.547262 0.611395 0.501713 0.577328 0.540025 0.5256 0.525523 0.545906 0.520243 0.536381 0.601197 0.473986 0.611634 0.55747 0.599464 0.599515 0.518904 0.474726 0.493543 0.530442 0.577746 0.510211 0.480503 0.543061 0.544159 0.511396 0.51925 0.545062 0.623217 0.492672 0.472551 0.572692 0.518656 0.482836 0.442916 0.400198 0.479657 0.473983 0.383433 0.454419 0.391176 0.447271 0.486354 0.473267 0.500395 0.509464 0.500306 0.36362 0.542888 0.441081 0.434319 0.469457 0.509434 0.456222 0.4308 0.572655 0.510355 0.474802 0.420045 0.444299 0.479386 0.444297 0.363509 0.438482 0.386707 0.429246 0.409035 0.423317 0.479643 0.38782 0.504069 0.450889 0.385865 0.449558 0.397239 0.458684 0.490084 0.486226 0.441954 0.441609 0.441187 0.457499 0.444686 0.512007
0.531628 0.536299 0.439054 0.546157 0.478556 0.572124 0.54311 0.60877 0.454111 0.506951 0.530213 0.537551 0.564214 0.588582 0.50452 0.5572 0.550956 0.619925 0.501873 0.583294 0.543178 0.527617 0.527483 0.549471 0.521841 0.539228 0.608972 0.471913 0.620199 0.562067 0.607138 0.607226 0.520402 0.472766 0.492927 0.532891 0.583725 0.511063 0.47891 0.546373 0.547626 0.512405 0.520794 0.548664 0.632495 0.492069 0.470429 0.578437 0.52006 0.481514 0.438418 0.392509 0.478119 0.471924 0.3745 0.450801 0.382805 0.443127 0.48541 0.471131 0.500414 0.510241 0.500352 0.353382 0.546265 0.436439 0.429141 0.467064 0.510219 0.452884 0.42533 0.57837 0.511085 0.472765 0.413766 0.439937 0.477753 0.440005 0.353246 0.433687 0.37799 0.423692 0.402039 0.417283 0.478089 0.379245 0.504565 0.447063 0.377128 0.445569 0.389356 0.455476 0.489293 0.485248 0.437402 0.437063 0.436579 0.454156 0.44036 0.512979
0.53393 0.538909 0.434583 0.549432 0.476942 0.577266 0.546157 0.616402 0.450767 0.507384 0.532359 0.540244 0.568958 0.594946 0.504944 0.561318 0.554568 0.628272 0.502006 0.589206 0.546316 0.529604 0.529399 0.552973 0.523431 0.542044 0.61661 0.469878 0.628618 0.566582 0.614769 0.614783 0.521835 0.470786 0.492326 0.535319 0.589654 0.511911 0.477295 0.54965 0.55106 0.513369 0.52232 0.552203 0.641587 0.491398 0.468294 0.584097 0.52143 0.480238 0.433976 0.384895 0.476599 0.469918 0.365736 0.447273 0.374554 0.438992 0.484439 0.469048 0.500436 0.511059 0.500376 0.343296 0.549577 0.431867 0.424062 0.464663 0.511012 0.449481 0.420001 0.583998 0.51182 0.470814 0.40756 0.435606 0.476136 0.435738 0.343183 0.428907 0.369427 0.418182 0.395085 0.411348 0.476568 0.370741 0.505047 0.44329 0.368486 0.441563 0.381544 0.452322 0.48851 0.484271 0.432863 0.432546 0.432034 0.450872 0.436011 0.514005
0.536216 0.541446 0.430113 0.552675 0.475389 0.582293 0.5492 0.623892 0.447444 0.507831 0.534492 0.542912 0.57363 0.601222 0.505346 0.565407 0.558147 0.636567 0.502126 0.594981 0.549424 0.531545 0.531337 0.55643 0.524934 0.544878 0.624149 0.467851 0.63689 0.571059 0.62228 0.62232 0.523279 0.468839 0.491698 0.537761 0.595466 0.512745 0.475711 0.552849 0.554504 0.514287 0.52383 0.555707 0.650507 0.490767 0.466224 0.589718 0.522791 0.478907 0.429558 0.377415 0.4751 0.467933 0.357102 0.443721 0.366364 0.434974 0.483508 0.467002 0.500497 0.511874 0.500419 0.333454 0.552872 0.427377 0.419003 0.462316 0.511804 0.446186 0.414654 0.589527 0.51257 0.468852 0.401389 0.431388 0.47459 0.43148 0.333333 0.424234 0.361015 0.412742 0.388285 0.405497 0.47508 0.362414 0.505559 0.439536 0.360017 0.43764 0.373883 0.449195 0.487747 0.483346 0.428347 0.428082 0.427507 0.447649 0.431738 0.515028
0.538459 0.54404 0.425659 0.555853 0.473842 0.587298 0.552188 0.631312 0.444166 0.508253 0.536549 0.545585 0.578286 0.607447 0.505792 0.569474 0.561775 0.644717 0.502316 0.600693 0.552474 0.533541 0.533247 0.559862 0.526417 0.547674 0.631611 0.465884 0.64501 0.575519 0.629682 0.629737 0.52473 0.466859 0.491089 0.540161 0.601177 0.513659 0.474118 0.556062 0.557917 0.515215 0.525334 0.559201 0.659225 0.490143 0.464137 0.595288 0.524093 0.477591 0.42517 0.370013 0.473566 0.465897 0.348595 0.440221 0.35838 0.431003 0.48254 0.464962 0.500558 0.512675 0.500458 0.3238 0.556074 0.422902 0.413996 0.45998 0.512627 0.442929 0.409328 0.595065 0.513306 0.466938 0.395306 0.427172 0.472997 0.427274 0.323654 0.419557 0.352691 0.407352 0.381557 0.39973 0.473616 0.354187 0.506093 0.435775 0.351702 0.433715 0.366323 0.446103 0.487003 0.482424 0.423946 0.42369 0.423082 0.444451 0.427509 0.516089
0.5407 0.546588 0.421261 0.559021 0.472289 0.592196 0.555157 0.638586 0.440852 0.508654 0.538621 0.548243 0.582901 0.613613 0.506205 0.573509 0.565299 0.652727 0.502483 0.606342 0.555502 0.535462 0.535104 0.563247 0.527924 0.550421 0.638924 0.46393 0.652979 0.57994 0.63699 0.636975 0.526147 0.464901 0.490479 0.542581 0.606826 0.514471 0.472537 0.559227 0.561235 0.516179 0.526794 0.562684 0.667799 0.489535 0.462065 0.600787 0.525418 0.476299 0.420853 0.362716 0.472107 0.463968 0.340263 0.436791 0.350533 0.427029 0.481637 0.462947 0.500596 0.513529 0.500451 0.314353 0.559283 0.418563 0.409008 0.457654 0.5134 0.439645 0.404089 0.600488 0.514017 0.465031 0.389273 0.422994 0.471449 0.423095 0.3142 0.414994 0.344518 0.402086 0.374872 0.394043 0.472197 0.346085 0.506615 0.432098 0.343539 0.429823 0.358911 0.443067 0.486301 0.481507 0.41955 0.419297 0.418658 0.441285 0.423327 0.517161
0.54293 0.549128 0.416873 0.562124 0.470775 0.597107 0.558101 0.645746 0.437573 0.509105 0.540701 0.550784 0.587531 0.619672 0.506597 0.577482 0.568755 0.66056 0.502653 0.611936 0.558558 0.537421 0.536953 0.566577 0.529445 0.553127 0.64612 0.461983 0.660882 0.58433 0.64419 0.644131 0.527521 0.462962 0.489859 0.54499 0.612415 0.515311 0.470979 0.562378 0.56455 0.517113 0.528272 0.566133 0.676184 0.488923 0.46002 0.606247 0.526713 0.475034 0.416582 0.355518 0.470674 0.462009 0.332087 0.433368 0.3428 0.423131 0.480702 0.460938 0.50066 0.514391 0.500495 0.305114 0.562449 0.414202 0.404116 0.45538 0.51415 0.436446 0.398883 0.605913 0.514753 0.463189 0.383334 0.418888 0.469862 0.418964 0.304949 0.410439 0.336493 0.396812 0.36833 0.38844 0.47077 0.338143 0.507189 0.428437 0.33547 0.425937 0.351579 0.440018 0.485565 0.480634 0.415229 0.414977 0.41436 0.438131 0.419162 0.518198
0.545175 0.551673 0.412528 0.565172 0.469238 0.60192 0.561003 0.652773 0.434329 0.509537 0.542718 0.553343 0.592096 0.625677 0.506991 0.581422 0.572235 0.668279 0.502795 0.617413 0.561529 0.539341 0.538742 0.569839 0.530918 0.555782 0.653169 0.460035 0.668614 0.588655 0.651247 0.651148 0.528902 0.460998 0.489235 0.54732 0.617903 0.51613 0.469425 0.565449 0.567807 0.518043 0.529743 0.569556 0.684463 0.488335 0.457954 0.611677 0.528019 0.473814 0.412337 0.348476 0.469216 0.460073 0.324051 0.429939 0.335177 0.419268 0.479865 0.458949 0.50073 0.515193 0.500534 0.296099 0.565587 0.409923 0.399311 0.45314 0.514929 0.433271 0.393768 0.611225 0.515471 0.461316 0.377463 0.414815 0.46828 0.41486 0.295912 0.405965 0.328617 0.391629 0.361895 0.382864 0.469353 0.330319 0.507731 0.424777 0.32759 0.422088 0.344334 0.437049 0.484843 0.479713 0.410989 0.41071 0.410077 0.43505 0.415047 0.519222
0.547334 0.554168 0.408253 0.568167 0.467733 0.606699 0.563885 0.65969 0.431154 0.509921 0.544722 0.55586 0.596607 0.631574 0.507421 0.585358 0.575656 0.675798 0.502934 0.622844 0.564442 0.541239 0.540529 0.573117 0.532423 0.558399 0.66014 0.458102 0.676162 0.592953 0.658186 0.658081 0.530289 0.45907 0.488585 0.549716 0.62336 0.517001 0.467877 0.568497 0.571062 0.518952 0.531252 0.572929 0.692498 0.4877 0.455911 0.617016 0.529247 0.472561 0.408121 0.341557 0.467844 0.45819 0.31614 0.426573 0.327704 0.415437 0.479009 0.456948 0.500747 0.51601 0.500591 0.287295 0.568703 0.405668 0.394569 0.450892 0.515713 0.43012 0.38869 0.616522 0.516095 0.459458 0.371688 0.410817 0.466732 0.410844 0.2871 0.401547 0.320918 0.386501 0.355511 0.377356 0.467968 0.322693 0.508285 0.42121 0.319867 0.418345 0.337233 0.434068 0.484123 0.478871 0.406704 0.406495 0.405852 0.431964 0.410996 0.520247
0.549523 0.556597 0.403988 0.571185 0.466213 0.611395 0.56673 0.66645 0.42797 0.510348 0.546672 0.55834 0.601072 0.637401 0.507851 0.589243 0.57899 0.683176 0.503091 0.62818 0.567364 0.543129 0.542301 0.576311 0.533864 0.561056 0.666974 0.456235 0.683588 0.597204 0.66499 0.664905 0.531603 0.457181 0.487923 0.552074 0.628757 0.517856 0.466314 0.571503 0.574278 0.519859 0.532737 0.576309 0.700374 0.487116 0.453856 0.622295 0.530463 0.471334 0.403988 0.334656 0.466476 0.456314 0.308427 0.423243 0.32036 0.411662 0.47816 0.454963 0.500823 0.516802 0.500558 0.278673 0.571779 0.4015 0.389882 0.448668 0.516488 0.426988 0.383653 0.621744 0.516742 0.457592 0.36594 0.406839 0.465226 0.40689 0.278528 0.397192 0.313351 0.381403 0.349254 0.371883 0.466586 0.315233 0.508839 0.417654 0.312233 0.414547 0.330304 0.431108 0.48345 0.478034 0.402531 0.402326 0.401669 0.428956 0.406971 0.521313
0.55171 0.559014 0.399746 0.574108 0.464746 0.616012 0.569541 0.673101 0.424806 0.510741 0.548622 0.56085 0.605474 0.643152 0.50827 0.593075 0.582328 0.690479 0.503253 0.633401 0.570277 0.545003 0.544071 0.579475 0.535344 0.563719 0.673666 0.454336 0.690851 0.601396 0.671725 0.671618 0.532964 0.455276 0.487265 0.554387 0.63404 0.518703 0.464755 0.574449 0.577441 0.520765 0.534199 0.579647 0.708049 0.486494 0.451812 0.627486 0.531683 0.470151 0.399865 0.327968 0.46518 0.454438 0.30083 0.419982 0.313142 0.407941 0.47734 0.453013 0.500854 0.517561 0.500579 0.270307 0.5748 0.397389 0.385246 0.446465 0.517239 0.423925 0.378667 0.626915 0.517338 0.455775 0.360261 0.402935 0.463746 0.402953 0.270138 0.392905 0.305963 0.376367 0.343117 0.366564 0.465237 0.307892 0.509438 0.414111 0.30481 0.410839 0.323481 0.428254 0.482722 0.477243 0.398391 0.398199 0.397594 0.42594 0.402984 0.522334
0.553819 0.561357 0.395541 0.577057 0.463249 0.620595 0.572328 0.679645 0.421693 0.511144 0.550545 0.563264 0.609901 0.648785 0.508717 0.596875 0.585625 0.697559 0.503396 0.638602 0.573156 0.546878 0.545847 0.582614 0.536779 0.566361 0.680221 0.45247 0.697962 0.605547 0.678316 0.67821 0.534231 0.453396 0.486616 0.556696 0.63925 0.519512 0.463235 0.577421 0.580598 0.521718 0.535639 0.582929 0.715561 0.485846 0.449816 0.632654 0.532853 0.468947 0.395803 0.321351 0.463849 0.452604 0.293448 0.416763 0.306052 0.404272 0.476562 0.451077 0.500919 0.518365 0.500573 0.262138 0.577714 0.393321 0.380633 0.444291 0.518034 0.420935 0.373719 0.631975 0.51795 0.453964 0.354635 0.399044 0.462226 0.399059 0.261981 0.388664 0.29867 0.371429 0.337066 0.361297 0.46392 0.300666 0.510061 0.410607 0.297496 0.407144 0.316755 0.425389 0.482058 0.476483 0.394288 0.394115 0.393524 0.422986 0.39906 0.523348
0.555929 0.563769 0.391404 0.579959 0.461767 0.625102 0.575074 0.686074 0.418575 0.511514 0.5524 0.565663 0.614202 0.654369 0.509181 0.600629 0.588867 0.704554 0.503582 0.643711 0.576003 0.548694 0.547557 0.585708 0.538149 0.568906 0.686679 0.450661 0.70498 0.609708 0.684769 0.6847 0.535555 0.451569 0.485997 0.558994 0.644354 0.520298 0.461676 0.580355 0.583687 0.522648 0.537057 0.586217 0.722903 0.485217 0.447838 0.637749 0.534045 0.467735 0.391778 0.314843 0.462545 0.450778 0.286219 0.413526 0.299123 0.400619 0.475813 0.449142 0.500938 0.519177 0.500631 0.254165 0.580645 0.389253 0.376071 0.44214 0.518822 0.417959 0.368863 0.637005 0.518614 0.452185 0.349133 0.395212 0.460703 0.395185 0.254022 0.38447 0.291512 0.366574 0.331079 0.356079 0.462649 0.293579 0.510686 0.407119 0.290346 0.40346 0.310174 0.422526 0.481413 0.475733 0.390211 0.390093 0.389491 0.420016 0.395183 0.524355
0.558022 0.566125 0.387262 0.582828 0.46032 0.62957 0.577787 0.69237 0.41548 0.511849 0.554287 0.567997 0.618468 0.659877 0.509674 0.604332 0.592062 0.711407 0.503747 0.648736 0.578788 0.55059 0.549247 0.588751 0.53955 0.571459 0.692962 0.448884 0.711814 0.613812 0.691114 0.691063 0.536808 0.449661 0.485343 0.561302 0.649374 0.521095 0.46019 0.583186 0.586736 0.52358 0.538504 0.58949 0.730077 0.484582 0.445857 0.642803 0.535168 0.466563 0.387844 0.308475 0.461291 0.448968 0.279104 0.410272 0.292301 0.39705 0.47508 0.447271 0.501012 0.519979 0.500698 0.24642 0.583522 0.385297 0.371604 0.440018 0.519591 0.414979 0.364042 0.641953 0.519268 0.450422 0.343656 0.391438 0.459207 0.391423 0.246259 0.380284 0.284563 0.361811 0.325215 0.350917 0.461363 0.286665 0.51134 0.403746 0.283385 0.399831 0.303707 0.419737 0.480751 0.474996 0.386254 0.386108 0.385508 0.417084 0.391328 0.525389
0.56009 0.568444 0.383221 0.58561 0.458867 0.633932 0.580447 0.698546 0.412433 0.512205 0.556125 0.57037 0.622739 0.665308 0.510096 0.608069 0.595215 0.718097 0.503885 0.653701 0.58157 0.552366 0.550961 0.59176 0.540946 0.573933 0.699183 0.44712 0.718508 0.617827 0.697371 0.697312 0.538014 0.4478 0.484641 0.563602 0.654317 0.521943 0.458671 0.586038 0.589771 0.524458 0.539933 0.592777 0.737045 0.483964 0.443938 0.647864 0.536312 0.465408 0.383875 0.30223 0.460057 0.44712 0.272154 0.407115 0.28563 0.393526 0.474306 0.445393 0.501056 0.520764 0.500747 0.238888 0.586394 0.381333 0.367159 0.437931 0.520319 0.412118 0.359317 0.646854 0.519871 0.44869 0.338259 0.387722 0.457722 0.387695 0.238746 0.376198 0.277721 0.35707 0.319399 0.345877 0.460077 0.279865 0.511937 0.400404 0.276548 0.396242 0.297365 0.416956 0.480085 0.474248 0.382299 0.382149 0.381617 0.414219 0.387542 0.526382
0.562141 0.570744 0.379199 0.588351 0.457451 0.638277 0.583099 0.70463 0.409395 0.512573 0.55792 0.572674 0.626955 0.670631 0.510579 0.611689 0.598396 0.724652 0.504039 0.658588 0.584317 0.554173 0.552627 0.594805 0.54234 0.576389 0.705205 0.445395 0.725083 0.62183 0.703495 0.703507 0.539273 0.445972 0.483978 0.565922 0.659166 0.522751 0.457172 0.588789 0.592759 0.525407 0.541329 0.595933 0.743879 0.483379 0.44201 0.65278 0.537416 0.464272 0.37998 0.296056 0.458847 0.445354 0.265376 0.404006 0.2791 0.390012 0.473639 0.443506 0.501083 0.521592 0.500776 0.231594 0.589202 0.377472 0.362799 0.435874 0.521095 0.409265 0.354647 0.651667 0.520443 0.446916 0.332955 0.383991 0.456223 0.383962 0.231454 0.372114 0.271011 0.352382 0.313741 0.340901 0.45882 0.273231 0.512533 0.397045 0.269873 0.392676 0.291166 0.414265 0.479438 0.473541 0.37836 0.378238 0.377761 0.411345 0.383768 0.527385
0.564169 0.573086 0.375196 0.591073 0.456006 0.642554 0.585726 0.710592 0.406444 0.512936 0.559692 0.574955 0.631098 0.675872 0.511082 0.615307 0.601526 0.731065 0.504177 0.663363 0.587037 0.555985 0.554292 0.597737 0.54365 0.578834 0.711133 0.443632 0.731485 0.625809 0.709537 0.70952 0.540534 0.444145 0.48333 0.568216 0.663936 0.523563 0.455701 0.59153 0.595755 0.526288 0.542709 0.599113 0.750478 0.482723 0.440114 0.657634 0.538465 0.463171 0.376121 0.290025 0.457563 0.443614 0.258693 0.400851 0.272706 0.386541 0.472929 0.441678 0.501122 0.5224 0.500809 0.224473 0.592008 0.373641 0.358491 0.433859 0.52187 0.406411 0.350009 0.656471 0.521031 0.445156 0.327724 0.380381 0.454752 0.380292 0.224335 0.368136 0.264455 0.347716 0.308185 0.336004 0.457579 0.266724 0.513166 0.393783 0.263371 0.389154 0.28504 0.411578 0.478795 0.47286 0.374523 0.374413 0.373903 0.408542 0.38006 0.528402
0.566214 0.575362 0.371233 0.593848 0.454622 0.646765 0.588317 0.716398 0.403482 0.513265 0.561445 0.577258 0.635236 0.6811 0.511537 0.618871 0.604606 0.737334 0.504333 0.66811 0.589729 0.557748 0.555931 0.600664 0.544987 0.581235 0.71696 0.441861 0.737759 0.629785 0.715478 0.715431 0.541725 0.442348 0.48263 0.570431 0.668665 0.524379 0.454223 0.594195 0.598672 0.527189 0.54407 0.602274 0.75695 0.482109 0.438231 0.662432 0.53954 0.462029 0.372267 0.284099 0.456336 0.441899 0.252231 0.397751 0.266428 0.383111 0.472263 0.439815 0.50118 0.523177 0.500857 0.217576 0.594805 0.369894 0.354149 0.4318 0.522574 0.4036 0.345444 0.661163 0.521607 0.443428 0.322534 0.376789 0.453321 0.376648 0.217435 0.364176 0.258038 0.343165 0.302722 0.331165 0.45637 0.260374 0.513774 0.39052 0.256994 0.385624 0.279052 0.408917 0.478145 0.472207 0.370709 0.370629 0.370133 0.405772 0.376394 0.529447
0.568211 0.577615 0.367313 0.5965 0.453216 0.65089 0.590854 0.722108 0.400553 0.513581 0.563197 0.579459 0.639325 0.686226 0.51197 0.622389 0.60765 0.743442 0.504478 0.672781 0.592367 0.55951 0.55753 0.60352 0.546274 0.583647 0.722682 0.440114 0.743883 0.633675 0.721292 0.721244 0.542948 0.440552 0.481951 0.572649 0.673334 0.525251 0.452755 0.596897 0.601553 0.528142 0.545429 0.605357 0.763227 0.481509 0.436368 0.667169 0.540613 0.460946 0.368495 0.27829 0.455177 0.440177 0.245943 0.394686 0.260331 0.379737 0.471606 0.438001 0.501261 0.523973 0.500839 0.210868 0.597544 0.366144 0.349872 0.429834 0.523294 0.400848 0.34094 0.665842 0.522172 0.441715 0.317454 0.373221 0.451905 0.373077 0.210758 0.360304 0.251769 0.338676 0.297359 0.326342 0.455176 0.254159 0.514479 0.387283 0.250738 0.382167 0.27317 0.406295 0.477514 0.471535 0.366921 0.366904 0.36641 0.402987 0.372794 0.530468
0.57017 0.579847 0.363487 0.599114 0.451843 0.655009 0.593383 0.72774 0.397652 0.513914 0.564895 0.581666 0.643348 0.691238 0.512428 0.625878 0.610648 0.749442 0.504641 0.677374 0.594985 0.561226 0.559145 0.606326 0.547612 0.586038 0.728273 0.438392 0.749871 0.637482 0.726966 0.726947 0.544106 0.438773 0.481241 0.574827 0.677884 0.526087 0.451279 0.599564 0.604408 0.529057 0.546783 0.608441 0.769359 0.480909 0.434505 0.671839 0.541652 0.459837 0.364765 0.272639 0.454032 0.438486 0.239749 0.391684 0.254324 0.376436 0.47097 0.436174 0.501353 0.524804 0.500879 0.204334 0.600258 0.36246 0.345702 0.427853 0.524059 0.398138 0.336473 0.670481 0.522717 0.440039 0.312454 0.369763 0.450473 0.369531 0.204279 0.356466 0.245677 0.334246 0.292092 0.321646 0.454003 0.24809 0.515188 0.384117 0.244617 0.37879 0.267442 0.403693 0.476881 0.470884 0.363171 0.363195 0.362685 0.400251 0.369209 0.531451
0.572185 0.582017 0.359648 0.601721 0.450468 0.659033 0.595865 0.73325 0.394752 0.514219 0.566601 0.583827 0.647381 0.696179 0.512913 0.629279 0.613584 0.755276 0.504752 0.68184 0.59758 0.562946 0.560742 0.609117 0.548941 0.58841 0.733744 0.436679 0.755714 0.641276 0.732515 0.732518 0.545313 0.436996 0.480561 0.57702 0.682377 0.526891 0.449852 0.602179 0.607259 0.529914 0.54818 0.611482 0.775337 0.48031 0.432664 0.676456 0.542683 0.458761 0.361042 0.26709 0.452934 0.436795 0.233698 0.388697 0.248447 0.373157 0.470332 0.434409 0.501387 0.525562 0.500897 0.198039 0.602944 0.358826 0.34159 0.425906 0.524814 0.395437 0.332058 0.67502 0.523299 0.438361 0.307505 0.366313 0.449085 0.36604 0.197993 0.352659 0.239696 0.329862 0.286904 0.317012 0.452872 0.242138 0.515851 0.380956 0.238683 0.375359 0.261868 0.401135 0.47626 0.470237 0.35948 0.359546 0.359051 0.397529 0.365675 0.532471
0.574161 0.584188 0.355848 0.604267 0.449099 0.663027 0.598306 0.738617 0.391887 0.514555 0.568261 0.586001 0.651339 0.70103 0.51339 0.63268 0.616527 0.76097 0.504899 0.686283 0.600162 0.564664 0.562272 0.611857 0.550224 0.590758 0.739107 0.435014 0.761418 0.645033 0.737964 0.737984 0.546489 0.435238 0.479831 0.57922 0.686785 0.527659 0.448358 0.604754 0.610048 0.530812 0.549514 0.614491 0.781173 0.479646 0.43086 0.680955 0.543663 0.457708 0.357424 0.261617 0.451838 0.435078 0.227848 0.385756 0.242704 0.369917 0.469711 0.432633 0.501413 0.526352 0.500893 0.191942 0.605574 0.355236 0.337601 0.423996 0.525568 0.392796 0.327704 0.679452 0.52382 0.436666 0.302621 0.362928 0.447695 0.362637 0.191858 0.348873 0.23386 0.32556 0.28182 0.312441 0.451775 0.236362 0.516552 0.37783 0.232868 0.372068 0.256342 0.39855 0.475621 0.469595 0.355809 0.355983 0.355431 0.394857 0.362158 0.533544
0.576123 0.586314 0.352084 0.606784 0.447784 0.666926 0.600686 0.743878 0.389043 0.514874 0.569908 0.588105 0.655257 0.705821 0.513876 0.636048 0.619426 0.766546 0.505053 0.690608 0.60268 0.566396 0.563819 0.614611 0.55154 0.593063 0.744378 0.433343 0.767003 0.648749 0.743278 0.743348 0.547636 0.433519 0.479141 0.581358 0.69112 0.528454 0.446888 0.607274 0.612825 0.531704 0.55087 0.61748 0.786823 0.479008 0.429064 0.685392 0.544608 0.456597 0.353846 0.25622 0.450755 0.433422 0.22211 0.382886 0.237087 0.366747 0.46914 0.430901 0.501483 0.527131 0.500964 0.185988 0.608153 0.351682 0.333601 0.422055 0.52629 0.390163 0.323408 0.683796 0.524311 0.435009 0.297839 0.359587 0.446289 0.359257 0.185946 0.345194 0.228183 0.321357 0.276821 0.30794 0.450622 0.230755 0.517255 0.374741 0.227207 0.368757 0.250964 0.395994 0.475017 0.468993 0.352232 0.352442 0.351926 0.392205 0.358718 0.534568
0.578055 0.588417 0.348402 0.609261 0.446428 0.670777 0.603068 0.749025 0.386233 0.515206 0.571523 0.590191 0.659133 0.710502 0.514316 0.639378 0.622253 0.772029 0.505189 0.694861 0.605193 0.568066 0.565325 0.617297 0.552834 0.595401 0.749514 0.43167 0.772462 0.652452 0.748505 0.748582 0.548826 0.431821 0.478449 0.583545 0.69536 0.529299 0.445451 0.609802 0.615566 0.532611 0.552226 0.62038 0.792337 0.478414 0.427283 0.689789 0.545557 0.455523 0.350306 0.250986 0.449643 0.431805 0.216548 0.380026 0.23161 0.36359 0.468544 0.429129 0.50158 0.527959 0.500961 0.180271 0.610742 0.348184 0.329652 0.420109 0.527035 0.387543 0.319171 0.688092 0.524771 0.43334 0.293137 0.356278 0.444964 0.35595 0.180237 0.34157 0.222652 0.317199 0.271952 0.30351 0.449525 0.225219 0.517982 0.371673 0.221664 0.365467 0.245731 0.393534 0.474463 0.4684 0.348644 0.348935 0.348416 0.389587 0.355276 0.535581
0.579965 0.59048 0.344699 0.611726 0.445065 0.674547 0.605406 0.75406 0.383464 0.515493 0.573169 0.592256 0.662967 0.715145 0.514805 0.642669 0.625057 0.777376 0.505346 0.699057 0.607693 0.56978 0.566844 0.61995 0.554101 0.597658 0.754516 0.430006 0.777811 0.656073 0.753621 0.753721 0.549963 0.430096 0.477771 0.585636 0.699535 0.530124 0.444048 0.612248 0.618247 0.533511 0.553525 0.623288 0.797707 0.477762 0.425484 0.694136 0.54649 0.454486 0.34679 0.245852 0.448534 0.430182 0.211086 0.37719 0.226246 0.360477 0.467998 0.427397 0.501587 0.528792 0.500993 0.174712 0.613276 0.344773 0.325743 0.418232 0.527741 0.384988 0.315027 0.692398 0.525241 0.431714 0.288528 0.352994 0.443579 0.352653 0.174666 0.337972 0.217257 0.313074 0.267158 0.299166 0.44849 0.21985 0.518703 0.368665 0.216245 0.362275 0.24061 0.39105 0.473903 0.467865 0.345156 0.34547 0.344961 0.387012 0.351874 0.536607
0.581877 0.592572 0.341018 0.614171 0.443708 0.678299 0.607733 0.759006 0.380722 0.515791 0.574789 0.594338 0.666752 0.719711 0.515309 0.645891 0.627821 0.782557 0.505478 0.70317 0.610175 0.571489 0.568377 0.622557 0.555382 0.599923 0.759456 0.428403 0.783009 0.659658 0.758656 0.758746 0.551084 0.428379 0.477062 0.587777 0.703664 0.530903 0.442613 0.614663 0.620938 0.534366 0.55483 0.626176 0.802922 0.477145 0.423755 0.698432 0.547419 0.453472 0.343282 0.240824 0.447464 0.428572 0.20579 0.374384 0.221017 0.357394 0.467457 0.425729 0.501612 0.529627 0.501028 0.169332 0.615775 0.341353 0.321921 0.416351 0.528472 0.382452 0.310912 0.696637 0.525716 0.430073 0.283977 0.349775 0.44225 0.349421 0.169277 0.334441 0.211971 0.309026 0.262427 0.29491 0.447444 0.214621 0.51942 0.365692 0.21098 0.359114 0.23558 0.38863 0.47331 0.467307 0.341714 0.342045 0.341571 0.384507 0.348531 0.537619
0.583765 0.594631 0.337413 0.616516 0.442346 0.681994 0.610022 0.763864 0.378066 0.516081 0.576353 0.596383 0.67046 0.724224 0.515757 0.649084 0.630537 0.78763 0.505614 0.707193 0.61263 0.573158 0.569844 0.6251 0.556653 0.602161 0.764298 0.426792 0.788075 0.663232 0.76356 0.763628 0.552161 0.426658 0.476335 0.589863 0.707722 0.531689 0.441231 0.617048 0.623566 0.535275 0.556123 0.62905 0.807985 0.476552 0.422012 0.702644 0.548284 0.452459 0.339827 0.235881 0.446452 0.426974 0.200632 0.371613 0.215946 0.354377 0.466904 0.424043 0.501701 0.530401 0.501051 0.164099 0.618242 0.337975 0.318085 0.414478 0.529204 0.379942 0.306883 0.70078 0.526183 0.428489 0.279497 0.346606 0.440934 0.346203 0.164064 0.330966 0.206829 0.305043 0.257807 0.290667 0.446443 0.209476 0.520146 0.362747 0.205868 0.355931 0.230663 0.386188 0.472765 0.466713 0.338337 0.338665 0.338248 0.381968 0.345226 0.538619
0.585661 0.596701 0.3339 0.618847 0.441016 0.685602 0.612316 0.768574 0.375379 0.516361 0.57793 0.598389 0.674167 0.728662 0.516256 0.652257 0.633244 0.792591 0.505762 0.71117 0.615047 0.574764 0.571269 0.627675 0.557874 0.604356 0.769014 0.425184 0.793025 0.666766 0.768365 0.76843 0.553192 0.42501 0.475644 0.591946 0.711723 0.532499 0.439826 0.619425 0.626152 0.536185 0.557387 0.631906 0.812936 0.475971 0.420275 0.706807 0.549152 0.451441 0.336435 0.231087 0.445492 0.425394 0.195593 0.368829 0.210991 0.351335 0.466358 0.42237 0.501741 0.531227 0.501074 0.159055 0.620697 0.334665 0.314364 0.412703 0.529973 0.377519 0.302878 0.704846 0.526641 0.426873 0.275107 0.343507 0.43962 0.343023 0.159012 0.327499 0.201832 0.301086 0.253305 0.286529 0.445401 0.204473 0.520929 0.359851 0.20088 0.352805 0.225876 0.383795 0.472183 0.466182 0.334977 0.335277 0.335002 0.379464 0.341953 0.539614
0.58747 0.598761 0.330355 0.621152 0.439678 0.689178 0.614579 0.773178 0.372703 0.516658 0.579468 0.60038 0.677788 0.733041 0.516738 0.655407 0.635875 0.79743 0.505929 0.715102 0.617411 0.576445 0.572679 0.630187 0.559136 0.606557 0.773607 0.423597 0.797844 0.670251 0.773073 0.773124 0.554259 0.423373 0.474912 0.594001 0.715599 0.533282 0.438402 0.621696 0.628719 0.537083 0.558643 0.634723 0.817723 0.475373 0.418535 0.710916 0.550055 0.450414 0.333076 0.226379 0.444536 0.423795 0.190703 0.366112 0.206145 0.348385 0.465826 0.420681 0.50181 0.532011 0.501169 0.154153 0.623126 0.331442 0.310723 0.410927 0.530703 0.37512 0.298961 0.708899 0.527128 0.425308 0.270747 0.340425 0.438281 0.339891 0.154121 0.324107 0.196915 0.297189 0.248848 0.282451 0.44442 0.19962 0.521665 0.35699 0.196024 0.349739 0.221169 0.381427 0.471649 0.465678 0.33172 0.332016 0.331755 0.377001 0.338705 0.540617
0.589328 0.600802 0.326856 0.623443 0.438382 0.692702 0.61679 0.777707 0.370065 0.516949 0.580951 0.602342 0.681388 0.737301 0.517202 0.65844 0.638484 0.802144 0.506082 0.718946 0.619805 0.578063 0.574099 0.632658 0.560364 0.608743 0.778122 0.422043 0.802523 0.67367 0.777696 0.777734 0.555313 0.421738 0.474179 0.596052 0.719439 0.534102 0.437047 0.624006 0.631283 0.537996 0.559906 0.637487 0.822381 0.474797 0.416837 0.71496 0.550897 0.44948 0.329761 0.221765 0.443528 0.422234 0.185923 0.363448 0.201422 0.345474 0.465269 0.419019 0.501851 0.532851 0.501216 0.149435 0.625509 0.328225 0.307071 0.409174 0.531424 0.372744 0.295098 0.712862 0.52754 0.423745 0.266492 0.337381 0.436953 0.336765 0.149393 0.320747 0.192158 0.293371 0.244458 0.278444 0.443444 0.194862 0.522428 0.354155 0.191283 0.346721 0.216599 0.379127 0.47111 0.465178 0.328453 0.328782 0.328538 0.374554 0.33553 0.54165
0.59117 0.602765 0.323413 0.625673 0.437097 0.696144 0.618978 0.78213 0.367442 0.517228 0.582427 0.604296 0.684947 0.741449 0.517717 0.661512 0.641053 0.806734 0.506204 0.722712 0.622187 0.579689 0.575498 0.63511 0.561606 0.610905 0.782545 0.420478 0.80713 0.67702 0.782193 0.782207 0.556324 0.420094 0.473495 0.598075 0.72318 0.534906 0.435696 0.626251 0.633814 0.538854 0.561168 0.640233 0.826913 0.474187 0.415153 0.71893 0.551818 0.4485 0.326483 0.217219 0.442579 0.420724 0.181284 0.360856 0.196816 0.342539 0.464754 0.417379 0.501894 0.533628 0.501226 0.144849 0.627844 0.325035 0.303475 0.407425 0.532146 0.37038 0.291283 0.716825 0.527889 0.42221 0.262309 0.334342 0.43566 0.333686 0.144785 0.317451 0.187506 0.289625 0.240175 0.274522 0.442474 0.19022 0.523223 0.351333 0.186671 0.343734 0.212105 0.376884 0.470574 0.464656 0.325246 0.325578 0.325315 0.372148 0.332402 0.542624
0.593013 0.604722 0.320003 0.627889 0.435843 0.699562 0.621125 0.786415 0.364884 0.51748 0.583874 0.606254 0.688425 0.745533 0.518199 0.664534 0.643618 0.811238 0.506398 0.726429 0.624527 0.581283 0.576846 0.637549 0.562791 0.613059 0.786868 0.41893 0.811599 0.680351 0.786583 0.786587 0.557399 0.418464 0.472787 0.600062 0.726846 0.535694 0.43438 0.628483 0.636291 0.539731 0.562376 0.642903 0.831319 0.473586 0.41347 0.722827 0.552663 0.447542 0.323241 0.212772 0.441633 0.419192 0.17677 0.358201 0.192325 0.339674 0.464242 0.41577 0.502004 0.534428 0.501261 0.14042 0.630135 0.321909 0.299962 0.405678 0.532847 0.368103 0.287524 0.720665 0.528326 0.420662 0.258196 0.331375 0.434298 0.33073 0.140345 0.314167 0.18296 0.285952 0.23597 0.27073 0.441526 0.185721 0.523979 0.348542 0.182155 0.340694 0.207718 0.374564 0.470045 0.46417 0.322076 0.322403 0.322164 0.36978 0.329289 0.543644
0.594815 0.606673 0.316646 0.630115 0.434568 0.702874 0.623245 0.790644 0.362338 0.517731 0.58532 0.608129 0.691906 0.749563 0.518653 0.667477 0.646188 0.8156 0.50654 0.730079 0.626802 0.582905 0.578205 0.639938 0.563973 0.615152 0.791074 0.417417 0.815931 0.683632 0.790854 0.790888 0.558379 0.416827 0.472058 0.602068 0.730477 0.53646 0.433062 0.630723 0.638733 0.540605 0.563634 0.645578 0.835562 0.472987 0.411793 0.726717 0.553439 0.446577 0.320064 0.208454 0.440712 0.417691 0.172365 0.355634 0.187923 0.336852 0.463751 0.414194 0.502082 0.535211 0.501285 0.136131 0.632427 0.318816 0.296496 0.404019 0.533539 0.36581 0.283819 0.724459 0.528723 0.419153 0.254129 0.328488 0.432989 0.327763 0.136077 0.310935 0.178543 0.282313 0.231835 0.266927 0.440556 0.181368 0.524788 0.345771 0.177774 0.337772 0.203407 0.372322 0.469564 0.463682 0.318951 0.319344 0.319051 0.367413 0.326182 0.544669
0.596572 0.608645 0.313332 0.632298 0.433325 0.706218 0.625315 0.794702 0.359809 0.517959 0.586721 0.609988 0.695329 0.753528 0.519111 0.670391 0.648673 0.819868 0.506703 0.733689 0.629047 0.584522 0.579588 0.642277 0.565158 0.617235 0.795185 0.415867 0.820208 0.686871 0.795074 0.795086 0.559342 0.415217 0.471354 0.604023 0.734071 0.537246 0.43173 0.632885 0.641164 0.541463 0.564825 0.648215 0.839709 0.472401 0.410152 0.730544 0.554222 0.445634 0.316871 0.204227 0.439776 0.416203 0.168073 0.353035 0.183645 0.334075 0.463273 0.412611 0.502116 0.536001 0.50135 0.131994 0.634742 0.315774 0.293079 0.402313 0.534268 0.363555 0.280174 0.728204 0.529115 0.417688 0.250158 0.32563 0.431696 0.324835 0.131946 0.307783 0.174224 0.278731 0.227828 0.263177 0.439695 0.177109 0.525637 0.343068 0.173511 0.334838 0.199234 0.37011 0.469016 0.463226 0.315846 0.316294 0.315972 0.365091 0.323165 0.545616
0.598279 0.610595 0.31006 0.634433 0.432092 0.709485 0.627368 0.7987 0.357318 0.518165 0.588089 0.611863 0.698685 0.75739 0.519583 0.673278 0.651096 0.823996 0.506848 0.73723 0.631297 0.586093 0.580949 0.644621 0.566335 0.619314 0.799221 0.414328 0.82434 0.690085 0.799189 0.799167 0.560384 0.413646 0.470635 0.605985 0.737595 0.538 0.430388 0.635033 0.643601 0.54232 0.565987 0.650844 0.843749 0.471829 0.408497 0.734328 0.555008 0.444685 0.313743 0.200069 0.438886 0.414747 0.163916 0.350492 0.179457 0.331356 0.462754 0.411034 0.502156 0.536753 0.501378 0.127985 0.636945 0.312741 0.289727 0.40063 0.534962 0.361342 0.276607 0.731887 0.529525 0.416227 0.246255 0.32284 0.430401 0.321956 0.12797 0.304623 0.170035 0.275236 0.223872 0.259517 0.438809 0.17296 0.526465 0.340366 0.169356 0.331961 0.195165 0.367899 0.468544 0.462735 0.312797 0.31327 0.31301 0.3628 0.320158 0.546645
0.600038 0.612517 0.306845 0.636521 0.430883 0.712645 0.629387 0.802642 0.354849 0.518398 0.589448 0.61372 0.702008 0.761218 0.520045 0.676098 0.653486 0.828055 0.507002 0.740722 0.633556 0.58768 0.582346 0.646896 0.567533 0.621321 0.803121 0.412814 0.828377 0.69328 0.803189 0.803192 0.561355 0.412083 0.469947 0.607959 0.741056 0.538798 0.429062 0.637154 0.645926 0.543127 0.567148 0.653438 0.847666 0.471222 0.406878 0.737999 0.555787 0.443743 0.310654 0.196017 0.437997 0.413287 0.159863 0.348005 0.175375 0.328672 0.462319 0.409494 0.502207 0.537469 0.501377 0.124107 0.639171 0.30976 0.286401 0.39898 0.535674 0.359128 0.273077 0.735496 0.529917 0.414756 0.24242 0.320032 0.429076 0.319087 0.124097 0.301482 0.165949 0.271763 0.220013 0.255902 0.437987 0.168919 0.527295 0.337714 0.165298 0.329088 0.191181 0.365739 0.468014 0.462291 0.309761 0.310301 0.310045 0.360511 0.317219 0.547632
0.601713 0.614392 0.303654 0.638603 0.42965 0.715789 0.631383 0.806479 0.352453 0.518656 0.590773 0.615521 0.705297 0.764952 0.520499 0.678925 0.655895 0.831978 0.507172 0.74409 0.635755 0.58922 0.583624 0.649201 0.568727 0.623345 0.806988 0.411317 0.832308 0.696395 0.807118 0.80711 0.562272 0.41054 0.469279 0.609885 0.744451 0.53956 0.427748 0.639166 0.648264 0.543982 0.568282 0.655987 0.851478 0.470619 0.405277 0.741614 0.556559 0.442845 0.307621 0.192042 0.437162 0.411791 0.155923 0.345575 0.171422 0.325975 0.461882 0.407931 0.502257 0.538218 0.501399 0.120365 0.641303 0.306801 0.283159 0.397332 0.53637 0.356964 0.269641 0.739051 0.530314 0.413289 0.238653 0.317293 0.4278 0.316286 0.120352 0.298455 0.161988 0.268324 0.216203 0.252372 0.43708 0.164966 0.52814 0.335082 0.161364 0.32627 0.18728 0.36357 0.467547 0.46183 0.306794 0.307322 0.307104 0.358248 0.314257 0.548659
0.603415 0.616267 0.300512 0.640678 0.428401 0.718893 0.633389 0.81022 0.350043 0.518888 0.59206 0.617308 0.70855 0.768637 0.520959 0.681727 0.65832 0.835799 0.507368 0.747442 0.637941 0.590792 0.584924 0.651456 0.569889 0.625331 0.81075 0.409858 0.836133 0.699438 0.810935 0.810925 0.563182 0.409029 0.468616 0.611854 0.747786 0.540324 0.426425 0.641259 0.650564 0.544821 0.569455 0.658519 0.855141 0.470024 0.403657 0.745151 0.557261 0.44195 0.304608 0.188183 0.436298 0.410361 0.152089 0.343137 0.167578 0.323352 0.461481 0.406385 0.502284 0.539011 0.501454 0.116734 0.643458 0.303904 0.279969 0.395751 0.537066 0.354835 0.266233 0.742562 0.530678 0.411824 0.234958 0.314559 0.426463 0.313528 0.116745 0.295443 0.158154 0.264918 0.212487 0.248917 0.436237 0.161123 0.528967 0.332487 0.157551 0.323551 0.183514 0.361467 0.467073 0.461396 0.303893 0.304399 0.30419 0.355998 0.311334 0.549628
0.605044 0.618106 0.297382 0.642665 0.427183 0.721944 0.635379 0.813884 0.347706 0.519137 0.593417 0.619137 0.711786 0.772245 0.521413 0.684466 0.660648 0.83952 0.507483 0.750699 0.640064 0.592365 0.586221 0.653696 0.571042 0.627303 0.814434 0.408388 0.839864 0.702477 0.814697 0.814676 0.564083 0.40753 0.467956 0.613788 0.751071 0.541111 0.425151 0.643263 0.652836 0.545653 0.570604 0.661041 0.858728 0.469422 0.402083 0.748689 0.55799 0.441042 0.30162 0.184422 0.43546 0.408916 0.148346 0.340743 0.163802 0.32078 0.461057 0.404869 0.502368 0.53973 0.501456 0.11323 0.64559 0.30105 0.276787 0.394168 0.537756 0.352744 0.262886 0.745996 0.531005 0.410335 0.23135 0.311875 0.425166 0.310809 0.113238 0.29248 0.154389 0.261613 0.208841 0.245502 0.435366 0.157385 0.529759 0.329904 0.153823 0.320799 0.179803 0.359348 0.466591 0.460983 0.301006 0.301522 0.301343 0.35375 0.308492 0.550601
0.606674 0.619959 0.294315 0.644651 0.426 0.724957 0.637299 0.817459 0.345388 0.519371 0.594698 0.620885 0.714949 0.775775 0.521902 0.687168 0.662942 0.843173 0.507611 0.753901 0.64226 0.593891 0.587472 0.655885 0.572197 0.629242 0.818037 0.406913 0.843511 0.705466 0.818341 0.818306 0.565015 0.406004 0.467285 0.615701 0.754258 0.541835 0.423892 0.645263 0.65506 0.546494 0.571714 0.663525 0.862222 0.468843 0.400551 0.752137 0.558728 0.440126 0.298689 0.180731 0.434637 0.407477 0.144735 0.338342 0.160137 0.318266 0.460659 0.403368 0.502448 0.540516 0.501481 0.109841 0.647664 0.29828 0.273679 0.392631 0.538495 0.350681 0.259575 0.749371 0.531363 0.408916 0.227795 0.309236 0.423942 0.308089 0.10987 0.289563 0.150734 0.258374 0.205283 0.242178 0.43456 0.153739 0.53054 0.327364 0.150189 0.318081 0.17618 0.357272 0.466103 0.460581 0.298205 0.298709 0.298556 0.351582 0.305683 0.551576
0.608293 0.621728 0.291293 0.646612 0.424805 0.727865 0.639206 0.82095 0.343049 0.519594 0.59594 0.622633 0.718058 0.779247 0.522386 0.689796 0.665226 0.846718 0.507753 0.757046 0.644384 0.595422 0.588752 0.658021 0.573295 0.631213 0.821538 0.405425 0.847074 0.70841 0.82191 0.821884 0.565957 0.404503 0.466605 0.617562 0.757396 0.542535 0.422616 0.647229 0.657322 0.547313 0.572813 0.665953 0.8656 0.468262 0.398994 0.755545 0.559452 0.439251 0.29579 0.177127 0.433838 0.406036 0.141187 0.335985 0.156564 0.315765 0.460231 0.401851 0.502538 0.541318 0.50151 0.106589 0.649718 0.295525 0.270622 0.391066 0.539142 0.348683 0.25634 0.752711 0.531692 0.407526 0.224343 0.306649 0.422654 0.305471 0.106609 0.286688 0.147181 0.255155 0.201791 0.238905 0.433788 0.150187 0.531388 0.324857 0.146658 0.315414 0.172664 0.35521 0.465663 0.46016 0.295399 0.295927 0.295801 0.349414 0.302877 0.552547
0.609936 0.623516 0.288286 0.648538 0.423576 0.730766 0.641087 0.824373 0.340767 0.519806 0.597176 0.624382 0.721152 0.782654 0.522854 0.692462 0.667454 0.850169 0.507931 0.760145 0.646477 0.596928 0.58999 0.66015 0.574458 0.633117 0.824957 0.404003 0.850547 0.71134 0.825403 0.825355 0.56685 0.402992 0.465943 0.619396 0.760518 0.543273 0.421403 0.649158 0.659573 0.548151 0.57394 0.668336 0.868882 0.467702 0.397434 0.758884 0.560109 0.438358 0.292895 0.173591 0.433026 0.404609 0.137752 0.333646 0.153087 0.313284 0.459827 0.400356 0.502618 0.542044 0.501577 0.103417 0.651776 0.292767 0.267642 0.38961 0.539861 0.346662 0.25314 0.756 0.532009 0.406142 0.220927 0.304111 0.421356 0.302892 0.103468 0.283869 0.14373 0.252015 0.198376 0.235696 0.432972 0.146733 0.532227 0.322352 0.14321 0.312762 0.169215 0.353189 0.465211 0.459795 0.292663 0.29317 0.293077 0.347255 0.300133 0.55354
0.611535 0.625245 0.285364 0.650454 0.42238 0.733649 0.642921 0.827712 0.338512 0.520046 0.598395 0.626055 0.724178 0.786027 0.523304 0.695036 0.669679 0.853543 0.508051 0.763216 0.648541 0.598396 0.591254 0.662261 0.575646 0.635033 0.828303 0.402581 0.853876 0.714183 0.828803 0.828782 0.567706 0.401483 0.465249 0.621244 0.763581 0.543956 0.420143 0.651053 0.661767 0.548982 0.575028 0.670741 0.872073 0.467106 0.39587 0.762174 0.560821 0.437493 0.290065 0.17016 0.432233 0.403197 0.134429 0.33135 0.149669 0.310876 0.459425 0.398882 0.502708 0.542769 0.501583 0.100371 0.653791 0.290071 0.264686 0.388109 0.540552 0.344665 0.249987 0.759227 0.532334 0.404745 0.217545 0.301575 0.420106 0.300307 0.10041 0.281092 0.140373 0.248923 0.195041 0.232544 0.432204 0.143375 0.533062 0.319914 0.139869 0.310148 0.16587 0.351182 0.464758 0.459407 0.289946 0.290482 0.290424 0.345165 0.297409 0.554471
0.613124 0.626978 0.282434 0.652297 0.421215 0.736471 0.644783 0.830972 0.336251 0.52024 0.599632 0.627725 0.72718 0.789314 0.523751 0.697564 0.671864 0.856816 0.508197 0.766213 0.650629 0.59988 0.592438 0.664314 0.576785 0.636957 0.831583 0.401168 0.857152 0.716976 0.832132 0.832104 0.568567 0.400046 0.464568 0.623094 0.766582 0.544662 0.418925 0.652939 0.663953 0.549792 0.576109 0.673101 0.875156 0.466515 0.394299 0.765442 0.561469 0.436594 0.28726 0.166797 0.43144 0.401795 0.131207 0.329085 0.146377 0.308473 0.458988 0.397434 0.502793 0.543484 0.501637 0.0974436 0.655795 0.28743 0.261771 0.386631 0.541258 0.342704 0.246893 0.762436 0.532638 0.403395 0.214233 0.299101 0.418845 0.297765 0.0974578 0.278316 0.137107 0.245871 0.191774 0.229411 0.431365 0.140122 0.533905 0.317487 0.136629 0.307566 0.162612 0.349167 0.464332 0.458985 0.287265 0.287828 0.287763 0.343078 0.29476 0.555415
0.614721 0.628723 0.279612 0.654146 0.420044 0.739232 0.646578 0.834166 0.334023 0.520464 0.60082 0.629445 0.730152 0.792555 0.524189 0.700051 0.674018 0.860015 0.508337 0.769127 0.652691 0.601364 0.593627 0.666338 0.57792 0.638771 0.83477 0.399781 0.860337 0.719794 0.83539 0.835361 0.56946 0.398544 0.463915 0.624907 0.769525 0.545338 0.417761 0.654793 0.666077 0.550575 0.57716 0.675467 0.878173 0.465918 0.392779 0.768633 0.562129 0.43568 0.284484 0.163489 0.430693 0.400397 0.128061 0.3268 0.143178 0.306118 0.458574 0.39593 0.50288 0.544199 0.501685 0.094605 0.657762 0.284817 0.258895 0.385168 0.541965 0.340774 0.243852 0.765619 0.532959 0.402063 0.211002 0.29664 0.417621 0.295272 0.0946041 0.275606 0.133931 0.242847 0.188567 0.226362 0.430632 0.136951 0.534768 0.315053 0.133473 0.305019 0.159422 0.347187 0.463949 0.458557 0.284673 0.285182 0.285156 0.340993 0.292135 0.556368
0.6163 0.630435 0.276794 0.655958 0.418874 0.741935 0.648337 0.83728 0.331811 0.520695 0.602004 0.631063 0.733028 0.795694 0.524654 0.70252 0.676204 0.863105 0.50849 0.772012 0.654713 0.602855 0.594797 0.668314 0.579013 0.640591 0.837895 0.398388 0.863439 0.722552 0.838545 0.838523 0.570271 0.397072 0.463214 0.62669 0.772386 0.546063 0.416544 0.656632 0.668174 0.551394 0.578252 0.677738 0.881094 0.465359 0.391254 0.771787 0.562799 0.434836 0.281717 0.160274 0.429995 0.399045 0.125002 0.324591 0.140061 0.303803 0.458196 0.39445 0.502943 0.544887 0.501721 0.091849 0.659651 0.282241 0.256039 0.383746 0.542686 0.338865 0.240836 0.768695 0.533254 0.40072 0.20784 0.294218 0.416369 0.292788 0.0918417 0.272958 0.130836 0.239869 0.185437 0.22336 0.429917 0.133846 0.535655 0.312655 0.130406 0.302522 0.156283 0.345221 0.463522 0.458164 0.282098 0.282594 0.28258 0.33894 0.289531 0.557298
0.617842 0.63211 0.274013 0.657758 0.417768 0.744617 0.650076 0.840319 0.329653 0.520883 0.603152 0.632701 0.735864 0.79881 0.525109 0.704978 0.678298 0.866141 0.508622 0.774853 0.656724 0.604329 0.595974 0.670282 0.580113 0.642429 0.84095 0.397001 0.866457 0.725251 0.84159 0.841626 0.571088 0.395663 0.462575 0.628437 0.775227 0.546784 0.415379 0.658442 0.670242 0.55224 0.579312 0.679981 0.883928 0.464817 0.389764 0.774868 0.563428 0.433983 0.279026 0.157142 0.429294 0.397702 0.122035 0.322429 0.137029 0.301471 0.457807 0.393029 0.503029 0.5456 0.501773 0.0891882 0.66152 0.279741 0.253262 0.382386 0.543372 0.337003 0.237863 0.771768 0.533528 0.39938 0.204728 0.291803 0.415141 0.290331 0.0891799 0.270339 0.127844 0.236948 0.182351 0.220438 0.429194 0.13084 0.536536 0.310283 0.127422 0.300062 0.153234 0.34328 0.463132 0.457772 0.279544 0.280045 0.280014 0.336841 0.286984 0.558209
0.619389 0.633792 0.271279 0.659544 0.416633 0.747246 0.651801 0.843266 0.32751 0.521063 0.604274 0.634323 0.738704 0.801855 0.525551 0.707398 0.680406 0.869085 0.508791 0.777622 0.658696 0.605771 0.597117 0.672233 0.581204 0.644263 0.8439 0.395609 0.869401 0.727921 0.844572 0.844626 0.571912 0.394245 0.461962 0.630154 0.777993 0.547478 0.41425 0.660245 0.672255 0.553065 0.58039 0.682225 0.886688 0.464273 0.388266 0.777907 0.564066 0.433142 0.276406 0.154099 0.428569 0.396356 0.119161 0.320273 0.134088 0.299198 0.457448 0.391622 0.503087 0.546298 0.501802 0.0866107 0.66342 0.277249 0.250498 0.380963 0.544023 0.335141 0.234956 0.7748 0.533836 0.398122 0.201663 0.289464 0.413918 0.287921 0.0866132 0.267716 0.124933 0.234074 0.179338 0.217558 0.428448 0.127924 0.537416 0.307961 0.124509 0.297649 0.150241 0.341353 0.462761 0.45745 0.277042 0.277498 0.277517 0.334809 0.284451 0.559117
0.620906 0.635435 0.268539 0.661263 0.415538 0.749861 0.653461 0.846178 0.325375 0.521234 0.605386 0.635962 0.74149 0.804823 0.52599 0.709779 0.68248 0.871957 0.508982 0.780366 0.660639 0.607265 0.598245 0.674199 0.582257 0.646027 0.846806 0.394252 0.872258 0.730553 0.847513 0.847567 0.572709 0.392807 0.461322 0.631892 0.780754 0.548197 0.413112 0.661958 0.674293 0.553806 0.58143 0.684451 0.889363 0.463742 0.386796 0.780906 0.564679 0.432281 0.27381 0.151095 0.427847 0.395064 0.116368 0.318152 0.131218 0.296945 0.457058 0.39021 0.503169 0.546989 0.50185 0.0841252 0.665281 0.274789 0.247803 0.379567 0.544646 0.333334 0.232148 0.77776 0.534105 0.396792 0.198642 0.287157 0.412699 0.285535 0.0841299 0.265148 0.122086 0.231245 0.176393 0.214733 0.427773 0.125067 0.538267 0.305659 0.121679 0.295218 0.147328 0.339464 0.462375 0.457099 0.274523 0.274962 0.275067 0.332814 0.281944 0.560044
0.622433 0.637044 0.265845 0.662957 0.414447 0.752419 0.655124 0.848996 0.323245 0.521408 0.606493 0.637552 0.74424 0.807746 0.526388 0.712173 0.68453 0.87476 0.509174 0.783059 0.662569 0.608723 0.599354 0.676137 0.583325 0.647841 0.849652 0.392932 0.875042 0.733137 0.850405 0.850453 0.573523 0.391388 0.460733 0.63362 0.783422 0.54889 0.411996 0.663662 0.676328 0.554644 0.582472 0.686646 0.891957 0.463172 0.385316 0.78382 0.565289 0.431424 0.271223 0.14817 0.427166 0.393716 0.113653 0.316063 0.128439 0.294738 0.456728 0.38882 0.503256 0.547746 0.50192 0.0817274 0.667095 0.272321 0.24516 0.378207 0.545327 0.33151 0.22935 0.780677 0.534391 0.395513 0.195723 0.284878 0.411502 0.283223 0.0817276 0.262612 0.119323 0.228471 0.173537 0.21193 0.427092 0.12229 0.539141 0.303368 0.11893 0.292859 0.144509 0.33761 0.461954 0.456757 0.272117 0.272504 0.27261 0.33089 0.279487 0.560944
0.6239 0.638645 0.2632 0.664663 0.413371 0.754933 0.656766 0.851749 0.321142 0.521605 0.607528 0.639106 0.746899 0.810629 0.526823 0.714555 0.686508 0.87746 0.509329 0.785682 0.664486 0.610172 0.600435 0.678006 0.584387 0.649605 0.852395 0.391557 0.877749 0.735696 0.853201 0.853249 0.574335 0.389988 0.460117 0.63525 0.786059 0.549586 0.41083 0.665362 0.678317 0.5554 0.583467 0.688781 0.89448 0.462586 0.383869 0.786731 0.565858 0.430588 0.268673 0.145316 0.426504 0.392374 0.111002 0.313966 0.12571 0.292563 0.456396 0.38746 0.503333 0.548427 0.502 0.0794016 0.668886 0.269931 0.242526 0.376866 0.545971 0.329741 0.226593 0.783549 0.534741 0.39425 0.192835 0.28261 0.410291 0.280928 0.0794084 0.260122 0.116638 0.225729 0.170736 0.209204 0.426468 0.119616 0.539998 0.301124 0.116235 0.290523 0.141754 0.335748 0.461547 0.456437 0.269729 0.270089 0.270204 0.328928 0.277039 0.561845
0.625414 0.640243 0.260594 0.666358 0.412288 0.757388 0.658401 0.854468 0.319085 0.521809 0.60863 0.640664 0.749565 0.813425 0.527262 0.716841 0.688498 0.880111 0.509452 0.788245 0.66635 0.611642 0.601595 0.679841 0.585408 0.651334 0.855125 0.390229 0.8804 0.738228 0.855924 0.855992 0.57506 0.388575 0.45944 0.63692 0.788666 0.550249 0.409713 0.667072 0.680217 0.556177 0.584482 0.690896 0.896933 0.462042 0.382453 0.789579 0.566428 0.429782 0.266145 0.142521 0.42586 0.391087 0.108424 0.311882 0.123034 0.290421 0.456057 0.386093 0.503384 0.549092 0.501978 0.0771671 0.670681 0.267569 0.23998 0.375544 0.546637 0.327995 0.223892 0.7864 0.535023 0.392946 0.189985 0.28038 0.409077 0.27864 0.0771646 0.257718 0.114011 0.223084 0.16795 0.206513 0.425787 0.117008 0.540855 0.298887 0.113635 0.288236 0.139061 0.333913 0.461114 0.456081 0.267372 0.267677 0.267802 0.326972 0.274599 0.562731
0.626951 0.641829 0.258043 0.668025 0.411179 0.759785 0.659983 0.857103 0.317022 0.522002 0.609681 0.642239 0.752192 0.8162 0.527651 0.719098 0.690435 0.882699 0.509578 0.790792 0.66821 0.613064 0.602701 0.681682 0.586495 0.653104 0.857772 0.388898 0.882978 0.740732 0.858608 0.858644 0.575847 0.387174 0.45884 0.638593 0.791192 0.550962 0.408593 0.668693 0.682136 0.556984 0.585476 0.692998 0.899315 0.461488 0.381008 0.792353 0.567011 0.42895 0.263651 0.139806 0.425223 0.389803 0.105901 0.309856 0.120467 0.288291 0.455713 0.384733 0.503474 0.549765 0.50204 0.0750057 0.672443 0.265236 0.237484 0.374254 0.547306 0.32625 0.221242 0.789179 0.535296 0.391687 0.187211 0.278192 0.407869 0.276406 0.0749937 0.255315 0.111454 0.220439 0.165234 0.203876 0.425141 0.114475 0.541716 0.296687 0.111094 0.285982 0.136439 0.332117 0.460704 0.455757 0.265055 0.265291 0.26548 0.325081 0.272217 0.56358
0.628368 0.643432 0.255543 0.669653 0.410111 0.762156 0.661554 0.859686 0.315045 0.522199 0.610699 0.643806 0.754781 0.818895 0.528085 0.721308 0.692352 0.885212 0.509714 0.793278 0.670065 0.614525 0.603796 0.683485 0.587542 0.65485 0.860368 0.387539 0.885488 0.743177 0.861206 0.861238 0.576603 0.385789 0.458226 0.640244 0.793689 0.551638 0.407511 0.670326 0.684056 0.55776 0.586433 0.695069 0.901633 0.460936 0.379598 0.795065 0.567569 0.428134 0.261165 0.137134 0.424613 0.388493 0.103455 0.307833 0.117943 0.286198 0.455385 0.38338 0.50355 0.550432 0.502059 0.0729248 0.674174 0.262928 0.23502 0.372996 0.547944 0.324587 0.218651 0.791903 0.535576 0.390454 0.184499 0.276046 0.406664 0.274196 0.0728996 0.252912 0.10899 0.217821 0.162586 0.201273 0.424528 0.11202 0.54263 0.294494 0.108611 0.283732 0.133873 0.330312 0.460358 0.455413 0.262749 0.262948 0.263216 0.323194 0.269857 0.564443
0.629805 0.645016 0.253065 0.671236 0.409097 0.764513 0.663103 0.862202 0.313111 0.522378 0.611666 0.64534 0.757321 0.821537 0.528537 0.723493 0.694274 0.887652 0.509891 0.795698 0.671899 0.615939 0.604877 0.685287 0.588614 0.656556 0.862879 0.386206 0.887932 0.745604 0.863761 0.863788 0.577301 0.384425 0.457605 0.641824 0.796134 0.552339 0.406426 0.671927 0.685913 0.558544 0.587362 0.697097 0.90388 0.460413 0.378178 0.797752 0.568167 0.427362 0.258705 0.134532 0.423996 0.387237 0.101096 0.305828 0.115486 0.284151 0.455052 0.382013 0.503627 0.551079 0.502149 0.0709082 0.675862 0.260684 0.232598 0.371754 0.548622 0.32293 0.216104 0.794583 0.535836 0.389231 0.1818 0.273928 0.405494 0.272042 0.0708857 0.250538 0.106594 0.215266 0.159998 0.198717 0.423903 0.109603 0.543511 0.292305 0.106213 0.28152 0.131355 0.328543 0.46001 0.455067 0.260477 0.260634 0.26095 0.321331 0.267561 0.565337
0.631253 0.646529 0.250637 0.672816 0.40809 0.76681 0.664646 0.864638 0.311181 0.522562 0.612648 0.646887 0.759817 0.824132 0.528952 0.725629 0.696151 0.890029 0.510037 0.798127 0.673715 0.617406 0.605975 0.687025 0.589646 0.658274 0.865358 0.384889 0.890297 0.747966 0.866234 0.866282 0.577998 0.383101 0.457004 0.643461 0.798542 0.55297 0.405333 0.673524 0.687721 0.559278 0.588309 0.699127 0.906061 0.459876 0.376733 0.800413 0.568726 0.426549 0.256309 0.132001 0.423378 0.385928 0.0988078 0.303913 0.113094 0.282115 0.454698 0.380709 0.503728 0.551738 0.502158 0.06895 0.677484 0.258449 0.230184 0.370511 0.549257 0.321271 0.213607 0.797248 0.536108 0.388017 0.179174 0.271827 0.404332 0.269901 0.0689213 0.248196 0.104267 0.212721 0.157451 0.19623 0.423345 0.107249 0.544404 0.290159 0.103887 0.279334 0.128918 0.326762 0.45969 0.454695 0.25822 0.258365 0.258721 0.319448 0.2653 0.566205
0.632655 0.648095 0.248229 0.67434 0.407051 0.769102 0.666134 0.867026 0.30926 0.522722 0.61357 0.6484 0.762268 0.826683 0.529364 0.727791 0.69801 0.89235 0.510234 0.800492 0.675509 0.618796 0.607044 0.688795 0.590693 0.659943 0.867774 0.383588 0.892589 0.750288 0.868659 0.868705 0.578724 0.381745 0.456419 0.645067 0.800889 0.553613 0.404272 0.67506 0.68956 0.560049 0.589256 0.70112 0.908178 0.459315 0.375326 0.803004 0.569267 0.425749 0.253935 0.129519 0.422803 0.384659 0.0965861 0.301995 0.110779 0.2801 0.454346 0.37937 0.503802 0.552356 0.502201 0.0670584 0.679168 0.256232 0.227825 0.369319 0.549854 0.31963 0.211131 0.799873 0.53632 0.386747 0.176618 0.269795 0.403121 0.267775 0.0670258 0.245867 0.101993 0.210256 0.154974 0.193783 0.422751 0.104988 0.545266 0.28806 0.101606 0.277211 0.126532 0.325027 0.459331 0.454334 0.256045 0.256141 0.256539 0.317614 0.263037 0.567086
0.63406 0.649616 0.245854 0.675866 0.40604 0.771345 0.667637 0.869362 0.307381 0.522888 0.614507 0.649898 0.76465 0.829174 0.529754 0.729897 0.699845 0.89461 0.510389 0.802782 0.677262 0.620203 0.608105 0.690494 0.591749 0.66162 0.870127 0.382294 0.894851 0.752569 0.87103 0.871065 0.579434 0.380412 0.455887 0.646593 0.803196 0.554273 0.403247 0.676586 0.691329 0.560795 0.590181 0.703077 0.910227 0.458786 0.373913 0.805565 0.569827 0.424948 0.251587 0.12709 0.422183 0.38345 0.0944125 0.300088 0.108513 0.278147 0.454026 0.378043 0.503882 0.553004 0.502245 0.065234 0.680852 0.254026 0.225528 0.368112 0.550505 0.318057 0.208732 0.802428 0.536573 0.385588 0.174113 0.267758 0.401915 0.265673 0.0652073 0.243644 0.099787 0.207802 0.152525 0.19137 0.422231 0.102769 0.54614 0.286003 0.099397 0.275102 0.124214 0.323289 0.459014 0.454023 0.253872 0.253931 0.254367 0.315789 0.260806 0.567946
0.635442 0.65112 0.243517 0.677429 0.405025 0.773524 0.669141 0.871642 0.305539 0.523047 0.615501 0.651359 0.76705 0.831636 0.530132 0.73198 0.701652 0.896815 0.510559 0.805048 0.679031 0.6216 0.609183 0.692208 0.592789 0.663251 0.872429 0.381007 0.897048 0.754834 0.87334 0.873364 0.580123 0.379103 0.455309 0.648134 0.805487 0.554952 0.402207 0.678097 0.693075 0.561552 0.591116 0.705005 0.912233 0.458268 0.372513 0.808059 0.570339 0.424143 0.249301 0.124712 0.421676 0.382172 0.0923041 0.298203 0.106321 0.276216 0.453669 0.376738 0.503984 0.553594 0.502292 0.0634744 0.682517 0.251877 0.223264 0.366938 0.551119 0.31649 0.206358 0.804946 0.536789 0.38441 0.171662 0.265757 0.400716 0.263627 0.0634446 0.24138 0.097639 0.205422 0.150141 0.188998 0.421637 0.10061 0.547056 0.283943 0.0972344 0.273036 0.121955 0.321564 0.458669 0.453729 0.251732 0.25178 0.252202 0.313968 0.258626 0.568783
0.636827 0.652631 0.241202 0.678888 0.404061 0.775645 0.670565 0.873883 0.303705 0.523221 0.616417 0.652764 0.769397 0.834043 0.530561 0.734 0.70343 0.898968 0.51077 0.807286 0.68082 0.623017 0.610265 0.693884 0.593801 0.664895 0.87466 0.379697 0.8992 0.757095 0.875577 0.87561 0.580808 0.377787 0.454749 0.64962 0.807754 0.555597 0.401159 0.679592 0.694794 0.562276 0.59201 0.706901 0.91417 0.457777 0.37113 0.810522 0.570833 0.423338 0.247014 0.122385 0.421116 0.380951 0.0902529 0.296334 0.104166 0.274311 0.453315 0.375439 0.504079 0.55421 0.502336 0.0617686 0.68411 0.249736 0.221006 0.365797 0.551756 0.314982 0.204026 0.807444 0.537051 0.383238 0.169252 0.263771 0.399525 0.261621 0.0617546 0.239185 0.0955302 0.203065 0.147802 0.186693 0.421051 0.0985087 0.547966 0.281909 0.095151 0.270972 0.119754 0.319844 0.458395 0.453399 0.249651 0.249607 0.250107 0.312197 0.25648 0.569614
0.638164 0.654117 0.238941 0.680399 0.403044 0.777762 0.672036 0.876059 0.301902 0.523388 0.617292 0.654246 0.77169 0.836398 0.530974 0.735988 0.705165 0.901045 0.510935 0.809506 0.682591 0.624407 0.611324 0.695537 0.594823 0.666516 0.876853 0.378429 0.901272 0.759314 0.877769 0.8778 0.581507 0.37647 0.45418 0.651198 0.80996 0.556246 0.40015 0.681092 0.696541 0.563018 0.592949 0.708776 0.916044 0.457271 0.369749 0.812932 0.571389 0.422589 0.244721 0.120133 0.420556 0.379727 0.088272 0.294505 0.102073 0.272417 0.452978 0.374162 0.504178 0.554796 0.502351 0.0601133 0.685672 0.24765 0.218786 0.364726 0.552364 0.31345 0.201717 0.809899 0.537251 0.382042 0.166896 0.261825 0.398367 0.259634 0.0601108 0.237043 0.093489 0.200765 0.145496 0.184445 0.42051 0.0964705 0.548831 0.279892 0.0931143 0.268937 0.117585 0.318137 0.458094 0.453046 0.247568 0.24747 0.248032 0.310422 0.254336 0.570468
0.639514 0.655577 0.23672 0.681843 0.402077 0.779858 0.673469 0.878195 0.300159 0.52358 0.618192 0.655659 0.773985 0.838735 0.531332 0.737968 0.706913 0.903069 0.511118 0.811687 0.684282 0.625802 0.612345 0.697163 0.595853 0.668096 0.878999 0.377146 0.903309 0.761482 0.879915 0.879952 0.582149 0.375147 0.453611 0.652688 0.812128 0.556896 0.399191 0.682551 0.69826 0.563749 0.593905 0.710662 0.917896 0.456762 0.368346 0.815312 0.571858 0.421816 0.242472 0.117945 0.420017 0.378508 0.0863401 0.292706 0.100056 0.270562 0.452617 0.372852 0.504204 0.555422 0.502338 0.0585243 0.687276 0.245603 0.216624 0.363653 0.55297 0.311969 0.199497 0.812285 0.537459 0.380862 0.164576 0.259907 0.397177 0.257693 0.0585103 0.234873 0.09151 0.198504 0.143261 0.182209 0.420052 0.0944828 0.549693 0.277906 0.0911424 0.266925 0.115485 0.316456 0.457776 0.452714 0.245481 0.245353 0.245966 0.308657 0.252243 0.571299
0.64084 0.656983 0.234542 0.683302 0.401101 0.781895 0.674844 0.880295 0.298349 0.523807 0.619008 0.657052 0.776224 0.84101 0.531701 0.739954 0.708606 0.905053 0.51131 0.813826 0.685961 0.627194 0.613422 0.698763 0.59687 0.669672 0.881072 0.375871 0.905292 0.763625 0.882026 0.882038 0.582839 0.373875 0.453074 0.654189 0.814241 0.557518 0.398204 0.684013 0.699932 0.564467 0.594808 0.712487 0.919675 0.456232 0.366988 0.817676 0.5724 0.421077 0.240277 0.115799 0.419507 0.377295 0.0844662 0.290931 0.0981022 0.268761 0.45229 0.371562 0.504268 0.555981 0.502359 0.056986 0.688787 0.243597 0.214498 0.362523 0.553581 0.310513 0.197266 0.814661 0.537661 0.379753 0.162306 0.258033 0.396015 0.255756 0.0569739 0.232763 0.0895881 0.19627 0.141052 0.180011 0.419607 0.0925456 0.550591 0.275911 0.0892165 0.264956 0.113444 0.314812 0.45749 0.452373 0.243465 0.243311 0.243924 0.306937 0.250151 0.572127
0.642183 0.658432 0.232376 0.684686 0.400122 0.78391 0.676205 0.882305 0.296595 0.523988 0.619877 0.658416 0.778424 0.843242 0.532114 0.741831 0.710313 0.906998 0.511495 0.815939 0.687647 0.628567 0.614473 0.700346 0.597884 0.671255 0.883116 0.374599 0.907212 0.765727 0.884047 0.884073 0.5835 0.372581 0.452556 0.655629 0.816327 0.558189 0.397277 0.685414 0.701567 0.565168 0.595692 0.714292 0.921402 0.455695 0.365633 0.819978 0.572841 0.420334 0.238118 0.11369 0.418996 0.376091 0.0826385 0.289196 0.0961776 0.266996 0.451967 0.370302 0.504356 0.55654 0.502384 0.0554889 0.690322 0.241587 0.212433 0.36144 0.55421 0.309083 0.195114 0.81702 0.537878 0.378608 0.160101 0.256193 0.394833 0.253812 0.0554764 0.230675 0.0877137 0.194091 0.13889 0.177864 0.419089 0.0906697 0.551485 0.273965 0.0873277 0.263021 0.111419 0.313186 0.457134 0.452049 0.241532 0.241293 0.241952 0.305182 0.24809 0.572964
0.643462 0.659849 0.230262 0.686097 0.399194 0.785887 0.67757 0.884282 0.294839 0.524163 0.620695 0.659819 0.7806 0.845434 0.53246 0.743689 0.71196 0.908874 0.511629 0.818002 0.689329 0.629951 0.615508 0.701966 0.598912 0.672854 0.885112 0.373322 0.90907 0.767804 0.88602 0.886057 0.584116 0.371345 0.452002 0.657082 0.818374 0.558802 0.396309 0.686819 0.703238 0.565877 0.596567 0.716039 0.923084 0.455204 0.364268 0.822236 0.573298 0.419565 0.23596 0.111629 0.418511 0.374878 0.0808656 0.287482 0.0943276 0.265257 0.451642 0.36904 0.504426 0.557147 0.502431 0.0540455 0.691807 0.239645 0.210385 0.360408 0.554812 0.30768 0.192997 0.819311 0.538113 0.377482 0.157932 0.254383 0.393663 0.251933 0.0540285 0.228608 0.085888 0.191908 0.136796 0.175787 0.418598 0.0888403 0.552386 0.272015 0.0854986 0.261124 0.109457 0.311564 0.456796 0.451723 0.23961 0.239287 0.239973 0.303465 0.246045 0.573764
0.644794 0.661242 0.228161 0.687464 0.398283 0.787819 0.678896 0.886223 0.293147 0.524342 0.621525 0.661156 0.782742 0.84755 0.53279 0.745523 0.713611 0.910702 0.511854 0.820018 0.690998 0.63136 0.616511 0.703504 0.599916 0.674454 0.887051 0.372112 0.910883 0.769843 0.887965 0.888005 0.584702 0.370072 0.451479 0.658526 0.820419 0.559411 0.395414 0.688162 0.704859 0.566586 0.597398 0.717774 0.924723 0.454716 0.36291 0.824462 0.573793 0.418783 0.233809 0.109607 0.418009 0.373709 0.079146 0.285778 0.0925006 0.263526 0.451325 0.367746 0.504493 0.557705 0.502444 0.0526439 0.693318 0.237702 0.208386 0.359359 0.555452 0.306279 0.19091 0.821582 0.538315 0.376362 0.155806 0.252561 0.392466 0.250073 0.0526284 0.22659 0.0841097 0.189785 0.13473 0.17371 0.418098 0.0870644 0.553281 0.270104 0.0837466 0.259238 0.107552 0.309907 0.45651 0.451403 0.237717 0.237287 0.23803 0.301778 0.244034 0.574556
0.6461 0.662635 0.2261 0.688827 0.39732 0.789729 0.680198 0.88813 0.291446 0.524502 0.622341 0.662527 0.784808 0.849632 0.533133 0.74731 0.715226 0.912478 0.512051 0.822003 0.69263 0.63274 0.61756 0.705026 0.600955 0.676002 0.888948 0.370867 0.912651 0.771838 0.889878 0.889899 0.585352 0.368856 0.45095 0.659954 0.822378 0.560015 0.394469 0.689508 0.706457 0.567303 0.598252 0.719531 0.92631 0.454279 0.361625 0.826669 0.574263 0.41807 0.231688 0.107651 0.41756 0.372513 0.0774698 0.284109 0.0907319 0.261816 0.450965 0.366522 0.504538 0.558262 0.502481 0.0512954 0.694795 0.235782 0.20639 0.358342 0.556078 0.304884 0.188867 0.823809 0.538501 0.375195 0.153713 0.250789 0.391268 0.248248 0.0512749 0.224582 0.0823799 0.187658 0.132705 0.171673 0.41763 0.0853353 0.554163 0.268204 0.082025 0.257361 0.105705 0.30831 0.456226 0.451069 0.235826 0.23531 0.236103 0.300095 0.242047 0.575351
0.647394 0.664032 0.224102 0.69017 0.396449 0.791622 0.681491 0.889989 0.289792 0.524624 0.623142 0.663882 0.786864 0.851692 0.533505 0.749093 0.716849 0.914203 0.512251 0.823959 0.694254 0.63413 0.618528 0.706533 0.601973 0.677501 0.890809 0.369644 0.914385 0.773834 0.891725 0.89174 0.586007 0.367649 0.450412 0.661368 0.824318 0.560661 0.393547 0.690846 0.708056 0.568019 0.599076 0.721226 0.927846 0.453768 0.360313 0.828836 0.574723 0.41733 0.229652 0.105743 0.417085 0.371318 0.0758394 0.282422 0.0890059 0.260134 0.450674 0.365291 0.504603 0.558815 0.502498 0.0499817 0.696222 0.23391 0.204456 0.357339 0.556686 0.303506 0.186855 0.825998 0.538688 0.374069 0.151679 0.24902 0.390092 0.24642 0.0499597 0.222623 0.0807084 0.185585 0.130739 0.169695 0.417159 0.0836509 0.555051 0.26636 0.0803419 0.255558 0.103887 0.306699 0.455929 0.450746 0.233999 0.233385 0.234223 0.298443 0.240048 0.57615
0.648657 0.665428 0.222081 0.691494 0.395542 0.793467 0.682762 0.891801 0.288157 0.524797 0.623891 0.66518 0.788896 0.853717 0.533849 0.750876 0.718414 0.915887 0.512432 0.82588 0.695864 0.635494 0.619505 0.708016 0.602976 0.679013 0.89263 0.368445 0.916068 0.77575 0.893547 0.893544 0.58658 0.36643 0.449881 0.662748 0.826241 0.561264 0.392674 0.692146 0.709637 0.568747 0.599864 0.722944 0.929349 0.453261 0.358978 0.83096 0.57518 0.416616 0.227577 0.103879 0.416628 0.370121 0.0742461 0.280784 0.0873219 0.258475 0.45035 0.363988 0.504671 0.559321 0.502523 0.0487174 0.697628 0.232045 0.202561 0.356369 0.557344 0.302167 0.184872 0.828147 0.538884 0.372976 0.149679 0.24731 0.3889 0.244646 0.0486959 0.220655 0.0790845 0.183549 0.128812 0.167741 0.416742 0.0820162 0.55589 0.264519 0.0787056 0.253748 0.102117 0.3051 0.455621 0.450392 0.232154 0.231433 0.232354 0.296802 0.238093 0.576903
0.649893 0.666766 0.220121 0.692806 0.394662 0.795282 0.68402 0.89357 0.286574 0.524936 0.62464 0.66653 0.790864 0.855699 0.534213 0.75263 0.719979 0.917528 0.512591 0.827751 0.697427 0.636803 0.620474 0.709483 0.604016 0.680495 0.894402 0.367222 0.917707 0.77765 0.895327 0.895304 0.587184 0.365227 0.449354 0.66415 0.828114 0.561878 0.391763 0.693427 0.711158 0.569444 0.60068 0.724593 0.93081 0.452816 0.357655 0.833037 0.575608 0.415876 0.225546 0.102062 0.416169 0.368987 0.0726969 0.279128 0.0856891 0.256846 0.45004 0.362757 0.504789 0.559837 0.502577 0.0474919 0.699113 0.230217 0.200714 0.355382 0.557924 0.300839 0.182955 0.830284 0.539086 0.371922 0.147733 0.245617 0.387745 0.242908 0.0474649 0.21873 0.0775005 0.181587 0.12692 0.165824 0.416284 0.0804356 0.55678 0.262668 0.0771279 0.251981 0.100386 0.303517 0.455361 0.450029 0.230324 0.229556 0.230493 0.295121 0.236167 0.577709
0.651148 0.668098 0.218181 0.694075 0.393793 0.797079 0.685234 0.895306 0.285007 0.525164 0.625428 0.667858 0.792849 0.857649 0.534552 0.754346 0.721536 0.919139 0.512803 0.829581 0.699009 0.638157 0.621466 0.710989 0.605044 0.681965 0.896146 0.365988 0.919302 0.779543 0.897056 0.897034 0.587706 0.364028 0.448888 0.665497 0.829953 0.562472 0.390883 0.694667 0.712671 0.570127 0.601486 0.726216 0.932221 0.452327 0.356348 0.835082 0.576076 0.415171 0.223541 0.100265 0.415742 0.367769 0.0712024 0.277523 0.0840883 0.255226 0.449696 0.361571 0.504854 0.560361 0.502622 0.0463031 0.700497 0.228399 0.19885 0.354497 0.558515 0.299551 0.181055 0.832368 0.539311 0.370837 0.145842 0.243951 0.386569 0.241182 0.046277 0.216821 0.0759547 0.179625 0.125062 0.163921 0.415852 0.078894 0.55763 0.260877 0.0755686 0.250236 0.0986922 0.301964 0.455076 0.449694 0.228569 0.227705 0.228664 0.293478 0.234294 0.57849
0.652391 0.66944 0.216277 0.695316 0.392967 0.798828 0.686462 0.896993 0.283458 0.525287 0.626142 0.669144 0.794788 0.85953 0.534891 0.756048 0.723073 0.920692 0.512966 0.831385 0.700577 0.639552 0.622442 0.712436 0.606074 0.683438 0.897837 0.36476 0.920854 0.781413 0.898736 0.898725 0.588267 0.362838 0.448383 0.666848 0.831766 0.563075 0.390019 0.695912 0.71419 0.570833 0.602251 0.727814 0.93361 0.451891 0.355021 0.837085 0.576505 0.414448 0.221557 0.0985133 0.415298 0.3666 0.0697422 0.27591 0.0825446 0.25365 0.449332 0.360409 0.504929 0.560875 0.502616 0.0451533 0.701854 0.22661 0.197046 0.353551 0.559071 0.298272 0.179196 0.834419 0.539499 0.369771 0.143947 0.242274 0.385367 0.239446 0.0451249 0.214962 0.0744453 0.177709 0.123247 0.162086 0.415458 0.0773877 0.558523 0.259112 0.0740646 0.248523 0.0970518 0.300457 0.454835 0.449345 0.226843 0.225848 0.226864 0.291889 0.232406 0.579302
0.653598 0.670772 0.214386 0.696534 0.392115 0.800549 0.687664 0.898632 0.281888 0.525446 0.626843 0.670458 0.796694 0.861393 0.53523 0.757711 0.724618 0.922216 0.51318 0.833179 0.702144 0.640861 0.623397 0.713858 0.60707 0.684908 0.899507 0.363575 0.922357 0.783244 0.900362 0.900354 0.588866 0.361667 0.447905 0.668127 0.833545 0.563649 0.389214 0.69714 0.715678 0.571499 0.603028 0.729383 0.934959 0.451428 0.35377 0.839065 0.57692 0.413724 0.219591 0.0968098 0.414841 0.365444 0.0683153 0.274348 0.0810413 0.252077 0.448971 0.359238 0.505037 0.561391 0.5027 0.0440379 0.703231 0.224861 0.195257 0.352646 0.559691 0.296988 0.17737 0.836442 0.539665 0.368728 0.142118 0.240673 0.384234 0.237761 0.0440109 0.213138 0.0729886 0.175825 0.121458 0.160294 0.415039 0.0759189 0.559374 0.257348 0.0726031 0.246842 0.0954459 0.29891 0.454601 0.449029 0.225145 0.224047 0.225098 0.290261 0.23057 0.58007
0.654814 0.672105 0.212547 0.697728 0.391285 0.802204 0.688889 0.900242 0.280337 0.525596 0.627552 0.671749 0.798557 0.863219 0.53556 0.75932 0.726132 0.923705 0.513389 0.834966 0.70369 0.642193 0.624361 0.715273 0.608058 0.686351 0.901121 0.362399 0.923849 0.785025 0.901958 0.901941 0.589413 0.360483 0.447448 0.669434 0.835295 0.564254 0.388356 0.698319 0.71712 0.572207 0.603774 0.730937 0.93627 0.450954 0.352484 0.841024 0.577341 0.412978 0.217658 0.0951485 0.414433 0.364268 0.0669392 0.272774 0.0795648 0.250556 0.448649 0.358071 0.505098 0.561886 0.502737 0.0429578 0.70457 0.223123 0.193538 0.35175 0.560284 0.295731 0.175565 0.838445 0.539866 0.367634 0.140298 0.239063 0.38306 0.236104 0.0429282 0.211323 0.0715552 0.173952 0.119737 0.158521 0.414624 0.074498 0.560296 0.255543 0.0711726 0.245181 0.0938818 0.297369 0.454353 0.448723 0.22347 0.222285 0.223349 0.28866 0.228766 0.580848
0.656031 0.673399 0.210712 0.698898 0.390445 0.803845 0.690045 0.901819 0.278782 0.525772 0.628273 0.673001 0.800391 0.864999 0.535873 0.760913 0.72761 0.92514 0.51358 0.836688 0.70522 0.64351 0.625316 0.716674 0.609063 0.687827 0.902707 0.361189 0.925296 0.786798 0.90352 0.903519 0.589987 0.359294 0.446994 0.670658 0.837009 0.564842 0.387551 0.699503 0.718578 0.572863 0.60453 0.732505 0.937542 0.450505 0.351178 0.842939 0.577756 0.412255 0.215753 0.0935106 0.414 0.363111 0.0655946 0.271226 0.0781306 0.249046 0.448292 0.356873 0.505228 0.562394 0.50278 0.041915 0.705905 0.221397 0.191804 0.350917 0.560864 0.294502 0.17378 0.840415 0.540021 0.3666 0.138522 0.237511 0.381908 0.234478 0.0418855 0.209516 0.0701664 0.172112 0.118038 0.156799 0.414226 0.0731074 0.561214 0.253807 0.0697845 0.243529 0.0923612 0.295865 0.454131 0.448408 0.221829 0.220538 0.221599 0.287096 0.226966 0.581604
0.657188 0.674707 0.208941 0.700052 0.389631 0.805491 0.691196 0.903369 0.277313 0.525965 0.628937 0.67425 0.802202 0.866759 0.53618 0.762505 0.729083 0.926555 0.513744 0.838379 0.706702 0.644854 0.626298 0.718064 0.610086 0.689275 0.904266 0.359948 0.926706 0.788549 0.905041 0.905043 0.59051 0.358111 0.446559 0.671938 0.838701 0.565412 0.386719 0.700639 0.719999 0.573515 0.605277 0.734018 0.938778 0.450063 0.349857 0.844803 0.578152 0.411565 0.213862 0.0919268 0.413599 0.361925 0.0642901 0.269717 0.0767472 0.247558 0.447928 0.355692 0.505356 0.562858 0.502774 0.0408993 0.707198 0.219716 0.190112 0.350085 0.561485 0.293337 0.172036 0.842337 0.540173 0.36559 0.136795 0.235934 0.380735 0.232886 0.0408776 0.207759 0.0688252 0.170307 0.116351 0.155083 0.413853 0.0717527 0.562076 0.252085 0.0684256 0.241904 0.0908702 0.294358 0.453919 0.448079 0.220227 0.218795 0.219924 0.285547 0.225219 0.58235
0.658374 0.675985 0.207187 0.70121 0.388801 0.807098 0.692331 0.904895 0.275851 0.526122 0.629562 0.675499 0.803966 0.868486 0.53647 0.764034 0.730511 0.927935 0.513954 0.840005 0.708191 0.646184 0.627262 0.719391 0.611071 0.69071 0.905797 0.358746 0.92808 0.790221 0.906523 0.906538 0.591036 0.356967 0.446097 0.673208 0.840361 0.565993 0.38591 0.701787 0.721412 0.574173 0.606013 0.735499 0.939984 0.449609 0.348568 0.846659 0.578563 0.410869 0.211983 0.0903804 0.413271 0.360765 0.0630326 0.268225 0.0753865 0.246068 0.447566 0.354531 0.505472 0.563312 0.502848 0.0399212 0.708464 0.218051 0.188424 0.349251 0.562101 0.292143 0.170363 0.844255 0.540346 0.364587 0.13512 0.234415 0.379628 0.231313 0.0398996 0.205983 0.0675217 0.16853 0.114709 0.153428 0.413478 0.0704423 0.562962 0.250379 0.0671003 0.240332 0.089407 0.292853 0.453728 0.447729 0.218589 0.217103 0.21824 0.284017 0.223459 0.583049
0.659552 0.677217 0.205457 0.702372 0.38796 0.80866 0.693432 0.906366 0.274405 0.526274 0.630235 0.67674 0.805705 0.870182 0.536773 0.765601 0.731933 0.929268 0.514131 0.84165 0.709682 0.647517 0.628209 0.720751 0.612063 0.692113 0.907292 0.357565 0.929417 0.791916 0.907984 0.907998 0.591553 0.35582 0.445665 0.674435 0.841991 0.566512 0.385144 0.702925 0.722782 0.574832 0.606775 0.736959 0.941153 0.449178 0.347302 0.848459 0.578957 0.410151 0.21017 0.0888667 0.412883 0.359666 0.0617879 0.26676 0.0740659 0.244643 0.447186 0.353387 0.505566 0.563747 0.502841 0.0389735 0.709721 0.216384 0.186811 0.348461 0.562719 0.290966 0.168702 0.846129 0.540553 0.363542 0.133468 0.232909 0.378488 0.229759 0.0389537 0.204278 0.0662434 0.166807 0.113108 0.151779 0.413143 0.0691545 0.563841 0.248725 0.0658091 0.238733 0.0880014 0.29139 0.453488 0.447376 0.217 0.215416 0.216589 0.282446 0.221738 0.583759
0.660708 0.678449 0.203738 0.703515 0.387157 0.81021 0.694521 0.907813 0.272962 0.52645 0.630888 0.677955 0.807434 0.871868 0.537042 0.767103 0.73337 0.930579 0.514332 0.843276 0.711186 0.648832 0.629145 0.722088 0.613016 0.693504 0.908737 0.356394 0.93072 0.793588 0.909401 0.909417 0.592067 0.354675 0.445249 0.675663 0.843599 0.567066 0.384383 0.704045 0.724154 0.575458 0.607491 0.738407 0.942292 0.448708 0.34604 0.850262 0.579337 0.409433 0.208331 0.0873683 0.412581 0.358551 0.0605855 0.26531 0.0727805 0.243234 0.446822 0.352199 0.505663 0.564185 0.502835 0.0380519 0.710971 0.214762 0.185199 0.347672 0.563247 0.289829 0.167052 0.847987 0.540745 0.362522 0.131861 0.231436 0.377331 0.228226 0.0380363 0.202563 0.0649936 0.165102 0.111544 0.150169 0.412755 0.0679084 0.564716 0.247087 0.0645547 0.237181 0.0866108 0.289911 0.453262 0.447054 0.215426 0.21373 0.214982 0.280939 0.220059 0.584427
0.661863 0.679695 0.202082 0.704668 0.386361 0.811714 0.695601 0.90923 0.271554 0.526584 0.631485 0.679161 0.809126 0.873485 0.537311 0.768546 0.734743 0.931843 0.514553 0.844837 0.712624 0.650124 0.630068 0.723393 0.614033 0.694872 0.910171 0.355178 0.93199 0.795213 0.910784 0.910791 0.592542 0.353539 0.444848 0.676856 0.845158 0.567622 0.383624 0.705168 0.725496 0.576134 0.608159 0.739844 0.943406 0.448274 0.344763 0.852031 0.579706 0.408717 0.206517 0.085911 0.41221 0.357425 0.0594114 0.263836 0.0715251 0.241829 0.446455 0.351 0.505771 0.564593 0.50282 0.037163 0.712202 0.213148 0.183599 0.346899 0.563819 0.288679 0.165427 0.84982 0.540957 0.36152 0.130262 0.22996 0.37616 0.226731 0.0371414 0.200879 0.0637748 0.163402 0.110012 0.148589 0.412426 0.066692 0.56556 0.245452 0.0633292 0.235652 0.0852598 0.288467 0.453051 0.446738 0.213899 0.212083 0.213372 0.279453 0.218344 0.585113
0.662991 0.680921 0.200438 0.70577 0.385587 0.813205 0.69667 0.910592 0.270195 0.526685 0.632098 0.680402 0.81078 0.875073 0.537556 0.770007 0.736092 0.933081 0.514735 0.8464 0.714068 0.65146 0.631007 0.724654 0.615029 0.696312 0.911565 0.354008 0.933235 0.796815 0.912122 0.912136 0.592975 0.352453 0.444408 0.678052 0.846708 0.568132 0.382851 0.706252 0.72683 0.576779 0.608879 0.741252 0.94448 0.447816 0.343508 0.853742 0.580078 0.408027 0.204723 0.0844796 0.411875 0.356314 0.058266 0.262392 0.070307 0.240459 0.446108 0.349852 0.505907 0.565041 0.50286 0.036295 0.713457 0.211571 0.182052 0.346141 0.56438 0.287577 0.163853 0.851603 0.54114 0.360521 0.128694 0.228516 0.37499 0.225232 0.0362806 0.199211 0.0625971 0.161736 0.108493 0.147037 0.412087 0.0655002 0.566452 0.243796 0.0621366 0.234168 0.0839351 0.287024 0.452883 0.446352 0.212379 0.210433 0.211774 0.277972 0.216665 0.585873
0.664108 0.682168 0.198834 0.706798 0.384805 0.814665 0.697685 0.911954 0.268823 0.526882 0.63268 0.681593 0.812403 0.87664 0.537883 0.771465 0.737411 0.934306 0.514921 0.847944 0.715511 0.652794 0.631942 0.725913 0.616029 0.697675 0.912924 0.352837 0.934437 0.79843 0.913451 0.913461 0.59348 0.351312 0.443984 0.679255 0.84823 0.568679 0.382087 0.707348 0.728133 0.577415 0.609564 0.742628 0.94553 0.447371 0.342286 0.85541 0.580418 0.407367 0.202952 0.0830879 0.411564 0.355178 0.0571579 0.261006 0.0691036 0.239102 0.445728 0.348725 0.506011 0.565455 0.502925 0.0354554 0.714679 0.210016 0.180529 0.345369 0.564959 0.286496 0.162327 0.853357 0.541303 0.359551 0.127163 0.227111 0.373818 0.223734 0.0354447 0.197563 0.0614522 0.160115 0.107024 0.145509 0.411778 0.0643346 0.567339 0.242192 0.0609807 0.232689 0.0826495 0.285556 0.452713 0.445992 0.21086 0.208806 0.210234 0.276476 0.215044 0.586586
0.665236 0.68335 0.197253 0.707803 0.38405 0.816122 0.698711 0.913278 0.267485 0.527101 0.633253 0.6828 0.814 0.878159 0.538136 0.772913 0.738722 0.935486 0.515158 0.849432 0.716913 0.654099 0.63286 0.727187 0.617047 0.699059 0.914267 0.351694 0.935606 0.799951 0.914737 0.914745 0.593927 0.350217 0.443596 0.680389 0.849704 0.569249 0.381392 0.708409 0.729452 0.578052 0.610246 0.744023 0.946558 0.446908 0.341047 0.857085 0.580871 0.406681 0.201211 0.0817188 0.411222 0.354052 0.0560759 0.259647 0.0679455 0.237772 0.445363 0.347577 0.506122 0.565851 0.502914 0.0346468 0.715892 0.208497 0.179032 0.344624 0.565548 0.285391 0.160815 0.855081 0.541447 0.35854 0.125671 0.225749 0.372666 0.222257 0.0346332 0.195934 0.0603402 0.158508 0.105584 0.144014 0.411495 0.063224 0.568242 0.240589 0.0598591 0.23124 0.0813902 0.284137 0.452555 0.44565 0.209383 0.20721 0.208703 0.274997 0.213418 0.58731
0.666317 0.684575 0.195701 0.708846 0.383336 0.817541 0.699726 0.914561 0.266127 0.527274 0.633818 0.683992 0.8156 0.879666 0.538412 0.774303 0.740004 0.936634 0.51537 0.85089 0.718314 0.655391 0.633756 0.728393 0.618092 0.700423 0.915561 0.350526 0.936763 0.801457 0.915993 0.916004 0.594368 0.349132 0.443176 0.681538 0.851151 0.569737 0.380667 0.709455 0.730755 0.578681 0.610916 0.745381 0.947556 0.446468 0.339876 0.858733 0.581272 0.405995 0.199443 0.0803898 0.410888 0.352915 0.0550272 0.258273 0.0668227 0.236453 0.444995 0.346405 0.506213 0.566262 0.503008 0.0338607 0.717065 0.206956 0.177547 0.343867 0.566105 0.284312 0.159346 0.856809 0.541615 0.357611 0.124205 0.224381 0.3715 0.220786 0.0338436 0.194329 0.0592631 0.156952 0.104158 0.142561 0.411207 0.0621205 0.569128 0.239011 0.05876 0.229807 0.08015 0.282695 0.452378 0.445307 0.207948 0.205609 0.207208 0.27352 0.211836 0.587994
0.667412 0.685752 0.194145 0.709869 0.382578 0.818936 0.700724 0.915829 0.264783 0.52742 0.634377 0.685166 0.817145 0.881138 0.53865 0.775672 0.741305 0.937749 0.515569 0.852341 0.719685 0.656705 0.634629 0.729648 0.619053 0.701778 0.916833 0.34934 0.937884 0.802978 0.917221 0.917238 0.594791 0.348035 0.442837 0.682657 0.85259 0.570293 0.37994 0.710486 0.732064 0.579315 0.611553 0.746707 0.948532 0.446029 0.338681 0.860358 0.581624 0.405307 0.197704 0.0790809 0.410625 0.35178 0.0540041 0.256958 0.0657157 0.235166 0.44465 0.345295 0.506359 0.566632 0.503047 0.0330968 0.718271 0.205504 0.176087 0.343192 0.566677 0.283239 0.157888 0.858492 0.541791 0.356626 0.122769 0.223037 0.370314 0.219379 0.0330806 0.192742 0.0581954 0.155413 0.102778 0.141111 0.410895 0.0610521 0.570013 0.237436 0.0576873 0.228368 0.0789401 0.281244 0.452209 0.444944 0.206518 0.204041 0.205703 0.27208 0.210238 0.588676
0.668518 0.686936 0.192642 0.710919 0.381844 0.820326 0.701699 0.91707 0.263481 0.527602 0.634898 0.686291 0.818656 0.882578 0.538874 0.777019 0.742606 0.938844 0.515816 0.853765 0.721065 0.658027 0.63555 0.730875 0.620036 0.703119 0.918072 0.348168 0.938969 0.804433 0.918427 0.918434 0.595184 0.346902 0.442451 0.683808 0.854027 0.570815 0.379263 0.711497 0.733325 0.57992 0.612179 0.747988 0.94948 0.445624 0.337482 0.861899 0.581957 0.404614 0.196008 0.0778055 0.410301 0.35067 0.0530195 0.255638 0.0646453 0.233901 0.444262 0.344163 0.506464 0.56703 0.503076 0.0323528 0.719445 0.204048 0.174687 0.342519 0.567239 0.282186 0.156457 0.860148 0.541942 0.355672 0.121363 0.221704 0.369116 0.217984 0.0323375 0.191173 0.057152 0.153884 0.101407 0.139725 0.410614 0.0600114 0.570883 0.235897 0.0566424 0.226991 0.0777617 0.279809 0.452019 0.444591 0.205093 0.202513 0.204235 0.27067 0.208698 0.589353
0.669601 0.688114 0.19116 0.711913 0.381139 0.821694 0.702685 0.918268 0.262218 0.527811 0.635382 0.68743 0.820129 0.884003 0.539106 0.778351 0.743871 0.939915 0.516001 0.855171 0.72245 0.659355 0.636481 0.732092 0.621048 0.704451 0.919276 0.347025 0.940035 0.805862 0.91959 0.919609 0.595647 0.345834 0.442111 0.684896 0.855434 0.571349 0.378577 0.712513 0.734583 0.580539 0.612803 0.749239 0.950395 0.445174 0.336265 0.86344 0.582268 0.403909 0.194334 0.0765502 0.410013 0.34957 0.0520621 0.254355 0.0636078 0.23261 0.443912 0.343079 0.506567 0.567451 0.503095 0.0316296 0.720555 0.202603 0.173279 0.341871 0.567811 0.281192 0.155047 0.86178 0.542099 0.354721 0.119985 0.220383 0.36797 0.216595 0.0316237 0.189625 0.0561464 0.152392 0.100091 0.138334 0.41032 0.058997 0.571737 0.234356 0.0556157 0.225663 0.0766144 0.278392 0.451881 0.444191 0.203711 0.20098 0.20276 0.269241 0.207175 0.589992
0.670665 0.689272 0.189688 0.712862 0.380433 0.823057 0.703632 0.91946 0.260968 0.527959 0.635909 0.688613 0.821589 0.885393 0.539321 0.779641 0.745104 0.940964 0.516225 0.85654 0.723821 0.660651 0.637419 0.733289 0.622037 0.705752 0.920464 0.345863 0.941087 0.807282 0.920726 0.920749 0.596031 0.34474 0.441767 0.685997 0.85682 0.571861 0.377938 0.713491 0.735806 0.581147 0.613398 0.75052 0.951294 0.444782 0.335083 0.864981 0.582627 0.403204 0.192704 0.075339 0.409733 0.348469 0.051114 0.253081 0.0625888 0.231394 0.443542 0.341923 0.506659 0.567813 0.503121 0.0309313 0.721676 0.201164 0.171888 0.341232 0.568417 0.280214 0.153685 0.8634 0.542258 0.353777 0.118652 0.219068 0.366822 0.215222 0.0309292 0.18813 0.0551613 0.150936 0.0987966 0.136966 0.41006 0.0580188 0.572603 0.232881 0.0546133 0.224266 0.0754925 0.277029 0.451721 0.443806 0.202356 0.199457 0.201319 0.267843 0.205668 0.59066
0.671714 0.690409 0.188257 0.713825 0.379718 0.824374 0.704585 0.920628 0.259736 0.528107 0.636406 0.689769 0.823051 0.886756 0.539526 0.780909 0.746322 0.941972 0.516452 0.857889 0.725146 0.661954 0.638334 0.73444 0.623034 0.707053 0.92163 0.344701 0.942102 0.808703 0.92184 0.921866 0.596427 0.343688 0.441409 0.687092 0.85818 0.572404 0.377273 0.714475 0.737019 0.581761 0.61401 0.751771 0.952172 0.444365 0.333901 0.866483 0.582969 0.402495 0.191084 0.0741461 0.409487 0.347342 0.0501948 0.251825 0.0615878 0.23021 0.443162 0.3408 0.506745 0.568187 0.503165 0.0302546 0.722784 0.199785 0.170532 0.340601 0.568948 0.279253 0.152319 0.864991 0.542415 0.352827 0.117343 0.21776 0.365661 0.213875 0.0302532 0.186636 0.0542123 0.149485 0.0975109 0.135632 0.409776 0.0570693 0.573503 0.231375 0.0536512 0.222917 0.0743867 0.275657 0.451594 0.443459 0.201022 0.197984 0.199876 0.266415 0.204144 0.591347
0.672753 0.691566 0.186849 0.714786 0.379042 0.825681 0.705477 0.921753 0.25852 0.528287 0.63689 0.690893 0.824468 0.888115 0.539726 0.782165 0.747517 0.94296 0.51668 0.859246 0.726463 0.663288 0.639251 0.735624 0.624075 0.708321 0.92277 0.343523 0.943086 0.810071 0.922944 0.922965 0.596827 0.342627 0.44109 0.688198 0.859504 0.572904 0.376616 0.715424 0.738188 0.582369 0.614618 0.752977 0.953022 0.443955 0.332707 0.86796 0.583294 0.401789 0.189465 0.0729773 0.409164 0.346238 0.0493054 0.250577 0.0606249 0.229021 0.442767 0.339679 0.506836 0.568584 0.503169 0.0295966 0.723884 0.198394 0.169182 0.339927 0.569521 0.278311 0.151014 0.866552 0.542542 0.351875 0.116059 0.216509 0.364493 0.212556 0.0295963 0.18515 0.0532822 0.148045 0.0962557 0.134325 0.409534 0.0561346 0.574369 0.229899 0.0527036 0.221593 0.0733316 0.274312 0.451474 0.443071 0.199727 0.196524 0.198496 0.265037 0.202659 0.59194
0.673812 0.692716 0.185463 0.715731 0.378376 0.826951 0.706379 0.922854 0.25733 0.528443 0.637382 0.692045 0.825838 0.889441 0.539947 0.783432 0.748722 0.943923 0.516892 0.860543 0.727797 0.664575 0.640187 0.736751 0.625048 0.709624 0.923881 0.342369 0.944054 0.811406 0.924002 0.924025 0.597176 0.341558 0.440745 0.689269 0.860812 0.573337 0.376048 0.716345 0.739357 0.583001 0.615206 0.754174 0.953845 0.443545 0.331558 0.869415 0.583617 0.401071 0.187849 0.0718388 0.408876 0.345134 0.0484382 0.249389 0.0596717 0.227838 0.442344 0.338579 0.506918 0.568933 0.503219 0.0289594 0.724919 0.197004 0.167859 0.339352 0.570074 0.27738 0.14974 0.868098 0.542724 0.350929 0.114793 0.215271 0.363336 0.21127 0.0289609 0.183674 0.0523737 0.146635 0.0950224 0.133051 0.409241 0.055212 0.575241 0.228416 0.0517851 0.220283 0.0722875 0.272934 0.451344 0.442674 0.198443 0.195076 0.197105 0.263688 0.201201 0.592586
0.674847 0.693825 0.184112 0.71665 0.377718 0.828215 0.707278 0.923933 0.256109 0.528578 0.637841 0.693175 0.827185 0.890725 0.540197 0.784641 0.749909 0.94487 0.517126 0.86183 0.729142 0.665905 0.641079 0.737895 0.626047 0.710906 0.924968 0.341227 0.945004 0.812735 0.925039 0.925073 0.59753 0.34052 0.4404 0.690271 0.862109 0.573829 0.375456 0.717255 0.740505 0.58365 0.615769 0.755405 0.95466 0.443155 0.330391 0.870845 0.583942 0.400419 0.186247 0.0707286 0.408627 0.344045 0.0475844 0.248194 0.0587514 0.226672 0.441956 0.337506 0.507037 0.569233 0.503245 0.0283383 0.725993 0.195635 0.166558 0.338785 0.570609 0.276485 0.148467 0.869613 0.542871 0.350012 0.113558 0.214021 0.362213 0.209956 0.0283452 0.182231 0.0514861 0.145256 0.0938176 0.131781 0.408969 0.0543279 0.576107 0.226942 0.0508877 0.219034 0.0712645 0.271607 0.45121 0.442257 0.197176 0.193655 0.195737 0.262316 0.19974 0.593222
0.675882 0.694945 0.182769 0.717559 0.377056 0.829477 0.708176 0.925002 0.254894 0.52875 0.638275 0.694273 0.828556 0.892003 0.54041 0.785854 0.751062 0.945803 0.517341 0.863126 0.730448 0.667171 0.641983 0.739063 0.627036 0.71222 0.926037 0.34004 0.94593 0.814059 0.926055 0.926082 0.59788 0.339453 0.440085 0.691309 0.863368 0.574299 0.374871 0.718173 0.741646 0.584259 0.61637 0.756575 0.95545 0.442735 0.329225 0.872255 0.584266 0.399732 0.184683 0.0696344 0.408391 0.342965 0.0467493 0.247001 0.0578531 0.225554 0.441541 0.336444 0.507147 0.569556 0.503305 0.0277407 0.727007 0.194298 0.165276 0.338286 0.571146 0.275579 0.147209 0.871105 0.543007 0.349059 0.112349 0.212807 0.361016 0.20867 0.0277442 0.180813 0.0506305 0.143912 0.0926365 0.130522 0.408757 0.0534628 0.576947 0.225489 0.0500141 0.217811 0.070273 0.270287 0.451122 0.44184 0.195932 0.19224 0.194392 0.260935 0.198326 0.593898
0.676874 0.696046 0.181433 0.718467 0.376383 0.830668 0.709066 0.926044 0.253769 0.528927 0.638687 0.695362 0.829911 0.893248 0.540634 0.787064 0.752206 0.946697 0.517558 0.86438 0.731779 0.668474 0.642869 0.740183 0.628051 0.713478 0.927092 0.338875 0.946831 0.81533 0.927047 0.92708 0.598259 0.338394 0.439783 0.692325 0.864606 0.574801 0.374265 0.719051 0.742778 0.584874 0.61695 0.757719 0.956225 0.442297 0.328069 0.873649 0.584635 0.399036 0.183124 0.0685692 0.408202 0.341841 0.0459419 0.245835 0.0569877 0.224421 0.441122 0.335323 0.50727 0.569867 0.503345 0.0271595 0.728061 0.192976 0.164025 0.337723 0.571677 0.2747 0.145993 0.872583 0.543159 0.348171 0.111174 0.211601 0.359858 0.20743 0.0271651 0.179388 0.0497849 0.142585 0.0914764 0.129292 0.408523 0.0526139 0.577807 0.224034 0.0491621 0.216583 0.0693003 0.268953 0.450999 0.441448 0.194681 0.190843 0.193067 0.259568 0.196914 0.594534
0.677874 0.697157 0.180149 0.71936 0.375746 0.831859 0.709922 0.927065 0.25262 0.529107 0.639109 0.696419 0.83122 0.894473 0.540864 0.788228 0.753328 0.947575 0.517799 0.865601 0.73305 0.669789 0.64376 0.741229 0.629046 0.714705 0.928106 0.337718 0.94771 0.816603 0.928015 0.928059 0.598622 0.337356 0.439473 0.693315 0.865832 0.575279 0.373697 0.719897 0.74384 0.585491 0.617494 0.758858 0.956977 0.441925 0.326934 0.875002 0.584917 0.398365 0.181646 0.0675183 0.408 0.34072 0.0451578 0.244671 0.0561319 0.223314 0.440744 0.334236 0.507366 0.570148 0.503392 0.0265903 0.72909 0.191649 0.162817 0.337203 0.572239 0.273802 0.144795 0.874057 0.543309 0.347256 0.110016 0.210408 0.358696 0.206202 0.0265983 0.177993 0.0489628 0.141281 0.0903345 0.128099 0.408286 0.0517872 0.578682 0.222639 0.0483299 0.215394 0.068342 0.267598 0.450892 0.441084 0.193477 0.189458 0.191744 0.258249 0.195483 0.595116
0.678882 0.698262 0.178893 0.720242 0.375157 0.833031 0.710753 0.928054 0.251506 0.529263 0.639499 0.697501 0.832527 0.895669 0.54105 0.78938 0.754457 0.948437 0.518051 0.866819 0.734311 0.671109 0.644651 0.742288 0.630076 0.715973 0.929101 0.33656 0.948566 0.817831 0.92895 0.929009 0.598949 0.336376 0.439167 0.694284 0.867038 0.575732 0.373109 0.720791 0.744942 0.586078 0.618054 0.759963 0.957715 0.441553 0.325792 0.876331 0.585202 0.397684 0.180133 0.066483 0.407799 0.339639 0.044388 0.243535 0.0552953 0.222246 0.440344 0.333167 0.507459 0.570442 0.503458 0.0260378 0.73008 0.190374 0.161626 0.336692 0.572804 0.272947 0.143619 0.875495 0.543446 0.346351 0.108892 0.209273 0.357534 0.204986 0.0260494 0.176634 0.0481621 0.139987 0.0892245 0.126933 0.408075 0.0509803 0.579562 0.221227 0.0475154 0.214235 0.0674139 0.266267 0.450819 0.44066 0.19229 0.188091 0.190461 0.256929 0.194079 0.595745
0.679901 0.699345 0.177612 0.721092 0.374587 0.834169 0.711612 0.929033 0.250376 0.529438 0.639894 0.698578 0.833794 0.896859 0.541251 0.790516 0.755586 0.94928 0.518292 0.868 0.735584 0.672384 0.645556 0.74334 0.631093 0.717171 0.930083 0.335415 0.9494 0.819049 0.929876 0.929941 0.599277 0.335367 0.438914 0.695239 0.868231 0.576215 0.372572 0.721649 0.745987 0.586646 0.618601 0.761025 0.958426 0.441175 0.324649 0.877639 0.585536 0.396976 0.178667 0.0654766 0.407613 0.33851 0.0436421 0.242404 0.05448 0.221166 0.439938 0.332043 0.507571 0.570732 0.503499 0.0255065 0.731094 0.189108 0.160474 0.336171 0.573323 0.272104 0.142464 0.876888 0.543615 0.345454 0.107784 0.20815 0.356397 0.203779 0.0255164 0.175256 0.0473833 0.138705 0.0881325 0.1258 0.407845 0.0501878 0.580435 0.219804 0.0467123 0.213052 0.0664993 0.264988 0.450681 0.440217 0.191129 0.186715 0.189177 0.255628 0.192712 0.596348
0.680899 0.700371 0.17637 0.72193 0.373964 0.835312 0.712432 0.92998 0.249288 0.529608 0.640295 0.699662 0.835024 0.898002 0.541412 0.791632 0.756666 0.9501 0.518553 0.869149 0.736887 0.673714 0.646449 0.744401 0.632072 0.718412 0.931034 0.334259 0.950225 0.82025 0.930787 0.930845 0.599634 0.334367 0.43864 0.696206 0.869385 0.576693 0.372054 0.722503 0.747055 0.58722 0.619144 0.76207 0.959117 0.440781 0.323496 0.87892 0.58582 0.39626 0.177178 0.0644961 0.407419 0.337421 0.042918 0.241322 0.0536837 0.220104 0.439533 0.33098 0.507651 0.57098 0.503528 0.024986 0.732074 0.187851 0.159341 0.33572 0.573838 0.271275 0.141321 0.878277 0.543728 0.344576 0.106695 0.207042 0.355279 0.202568 0.0250007 0.173892 0.0466218 0.137453 0.0870643 0.124668 0.407655 0.0494219 0.581305 0.218423 0.0459321 0.21192 0.0656075 0.263671 0.450601 0.439761 0.18998 0.185395 0.187912 0.254335 0.191352 0.596933
0.681869 0.701382 0.175165 0.722736 0.373375 0.836429 0.713235 0.930928 0.248214 0.529765 0.640686 0.700726 0.836224 0.899141 0.541561 0.792714 0.757723 0.950899 0.518824 0.870314 0.738124 0.675036 0.647354 0.745465 0.633075 0.719653 0.931969 0.333114 0.951023 0.821398 0.931671 0.931725 0.599934 0.333383 0.438402 0.697156 0.870533 0.577156 0.371561 0.723345 0.748098 0.587763 0.619643 0.763129 0.959797 0.440378 0.322363 0.880188 0.586121 0.395575 0.175706 0.0635371 0.407235 0.336349 0.042199 0.240226 0.0529169 0.219034 0.439162 0.329905 0.507724 0.571247 0.50363 0.0244811 0.733043 0.186644 0.158204 0.33524 0.574395 0.270477 0.140244 0.879645 0.543876 0.343661 0.105632 0.205967 0.354137 0.201406 0.0244927 0.172589 0.0458808 0.136227 0.0860157 0.123564 0.407435 0.0486851 0.582119 0.217038 0.0451744 0.210777 0.0647372 0.262371 0.450574 0.439338 0.188843 0.184099 0.186672 0.253046 0.19002 0.597513
0.682844 0.702444 0.174006 0.723568 0.372796 0.837501 0.714042 0.931841 0.24713 0.529923 0.640996 0.701777 0.837411 0.900262 0.541673 0.793773 0.758753 0.951675 0.51909 0.87143 0.739355 0.676365 0.648188 0.74648 0.634064 0.720858 0.932891 0.332007 0.9518 0.822548 0.932538 0.932586 0.600248 0.33235 0.438151 0.698116 0.871661 0.577608 0.371021 0.724139 0.749112 0.588307 0.620153 0.764178 0.960452 0.440007 0.321257 0.881438 0.586422 0.394853 0.174254 0.0625891 0.407049 0.335222 0.0415046 0.239164 0.0521667 0.217999 0.438743 0.328866 0.507863 0.571533 0.503697 0.0239916 0.733977 0.185416 0.1571 0.334802 0.574954 0.269683 0.139168 0.880997 0.544013 0.342783 0.104608 0.204918 0.352959 0.200246 0.0240051 0.171263 0.045158 0.135031 0.0849844 0.122478 0.407227 0.0479694 0.582937 0.215671 0.0444364 0.2097 0.0638787 0.261062 0.450483 0.438871 0.187728 0.182805 0.18544 0.251757 0.188709 0.598128
0.683828 0.703458 0.17284 0.724367 0.372202 0.838575 0.714792 0.932729 0.246077 0.530067 0.641381 0.702854 0.838589 0.901361 0.54182 0.794826 0.75978 0.95244 0.519321 0.872535 0.740596 0.677668 0.649027 0.747525 0.635062 0.72208 0.9338 0.330898 0.952574 0.823699 0.93338 0.93344 0.600523 0.331327 0.437898 0.699008 0.872753 0.578077 0.370554 0.724915 0.750128 0.588834 0.620679 0.765182 0.961104 0.4396 0.320083 0.88265 0.586709 0.394181 0.172805 0.0616743 0.406851 0.33415 0.0408358 0.238103 0.0514387 0.216999 0.438326 0.327813 0.507981 0.571765 0.503733 0.0235149 0.734942 0.18421 0.156001 0.334353 0.575553 0.268889 0.138088 0.882316 0.544165 0.341899 0.103593 0.203841 0.351807 0.199118 0.0235303 0.16997 0.0444497 0.133806 0.0839855 0.121401 0.407071 0.0472651 0.583775 0.214318 0.0437147 0.208629 0.063051 0.25975 0.450402 0.43841 0.186626 0.181527 0.184239 0.250499 0.187402 0.598715
0.684788 0.70451 0.171662 0.725122 0.371618 0.839636 0.715532 0.933607 0.245031 0.530223 0.641686 0.703916 0.839765 0.902426 0.541989 0.795846 0.760798 0.953185 0.519624 0.873626 0.741828 0.678975 0.649904 0.74854 0.636103 0.723297 0.93468 0.329787 0.953316 0.824821 0.934201 0.934269 0.600819 0.330346 0.437639 0.699938 0.873878 0.578564 0.370014 0.725669 0.751114 0.589403 0.621204 0.766213 0.961744 0.439193 0.318972 0.883859 0.587013 0.393474 0.171377 0.0607702 0.406709 0.333067 0.0401738 0.237027 0.0507326 0.215966 0.437872 0.326748 0.508113 0.571991 0.503798 0.0230498 0.7359 0.18302 0.154933 0.333965 0.576083 0.268081 0.137039 0.883644 0.544297 0.341001 0.102588 0.202786 0.350656 0.197984 0.0230709 0.168675 0.0437646 0.132643 0.0829927 0.120337 0.406875 0.0465761 0.58461 0.212946 0.0430147 0.207559 0.0622468 0.258433 0.450335 0.437959 0.185542 0.180273 0.183036 0.24924 0.186117 0.599311
0.685716 0.70548 0.170528 0.72594 0.371028 0.840663 0.716264 0.934469 0.244015 0.530433 0.641984 0.704963 0.840916 0.90349 0.542139 0.796851 0.761792 0.95391 0.519897 0.8747 0.74306 0.680219 0.650782 0.74955 0.637069 0.724501 0.935538 0.328654 0.954037 0.825927 0.935021 0.935072 0.601077 0.329369 0.437421 0.700823 0.874957 0.57899 0.369529 0.726448 0.752115 0.589968 0.621693 0.767226 0.962364 0.438865 0.317837 0.885041 0.587335 0.392779 0.169977 0.0598929 0.406543 0.331971 0.0395307 0.23598 0.0500324 0.21495 0.437428 0.325696 0.508225 0.572215 0.503892 0.0225996 0.736848 0.181835 0.153908 0.333569 0.576661 0.267351 0.136027 0.884958 0.544414 0.340121 0.101618 0.201754 0.349493 0.196853 0.0226202 0.167398 0.0430904 0.131487 0.0820092 0.119316 0.40672 0.0459094 0.585468 0.21163 0.0423271 0.206525 0.0614457 0.257145 0.450255 0.43753 0.184478 0.179 0.181865 0.247951 0.184821 0.599866
0.686619 0.706493 0.169397 0.726683 0.370465 0.841706 0.716976 0.935304 0.243048 0.530587 0.642302 0.705995 0.842024 0.904516 0.542293 0.797851 0.762832 0.954631 0.5202 0.875764 0.744294 0.681471 0.651692 0.750527 0.638099 0.725704 0.936388 0.327545 0.954741 0.826996 0.935804 0.935868 0.601332 0.32841 0.437189 0.701675 0.875993 0.579429 0.369109 0.72721 0.753095 0.590539 0.622187 0.768202 0.962963 0.4385 0.316729 0.886216 0.587616 0.392086 0.168596 0.0590274 0.406392 0.330898 0.0389008 0.234966 0.0493476 0.214011 0.43702 0.324643 0.508356 0.572438 0.503914 0.0221645 0.737795 0.180683 0.152864 0.33317 0.577207 0.266596 0.135004 0.886238 0.544552 0.339263 0.100652 0.200752 0.348334 0.195714 0.0221812 0.166124 0.0424343 0.130332 0.0810672 0.118317 0.406571 0.0452625 0.586345 0.210329 0.0416556 0.205492 0.0606739 0.255841 0.450202 0.437139 0.183428 0.177732 0.180715 0.24667 0.183553 0.600463
0.687547 0.7075 0.168306 0.727424 0.369884 0.842704 0.717673 0.936124 0.242066 0.530745 0.64262 0.707068 0.843116 0.90552 0.5424 0.798851 0.763796 0.95533 0.520417 0.876806 0.745495 0.682793 0.652596 0.751502 0.639073 0.72689 0.937215 0.32644 0.955436 0.828051 0.936577 0.936633 0.601614 0.327387 0.436955 0.702566 0.877024 0.579846 0.368613 0.727985 0.75408 0.591088 0.622669 0.769199 0.963544 0.438157 0.31557 0.887359 0.58794 0.391402 0.167217 0.0581759 0.406287 0.329838 0.0382906 0.233969 0.0486793 0.21308 0.436569 0.323635 0.508456 0.572675 0.503964 0.0217397 0.738735 0.179533 0.151853 0.332841 0.577711 0.265882 0.134003 0.887511 0.544722 0.338431 0.0997095 0.199779 0.347142 0.19463 0.0217558 0.164887 0.0417834 0.129218 0.0801375 0.117323 0.406457 0.0446235 0.587178 0.209025 0.0410053 0.204475 0.0599167 0.254558 0.450106 0.436685 0.182385 0.176499 0.179574 0.245432 0.182294 0.601014
0.688449 0.708499 0.167219 0.728172 0.369306 0.843705 0.718402 0.936944 0.24109 0.530913 0.642933 0.708098 0.8442 0.906523 0.542517 0.799819 0.764797 0.956012 0.520653 0.877838 0.746665 0.684046 0.653465 0.752465 0.64009 0.728027 0.938023 0.325288 0.956118 0.829092 0.937329 0.937399 0.60187 0.326427 0.436737 0.703373 0.878045 0.580352 0.368169 0.728711 0.755055 0.591625 0.623176 0.770139 0.964118 0.437801 0.314448 0.888489 0.588243 0.3907 0.165853 0.0573392 0.406157 0.328755 0.0376962 0.233 0.0480282 0.212133 0.436122 0.322556 0.5086 0.572889 0.504015 0.0213243 0.73966 0.178398 0.150869 0.332466 0.578274 0.265198 0.133035 0.888757 0.544866 0.337602 0.0987933 0.198767 0.345962 0.193557 0.0213375 0.163645 0.0411623 0.128135 0.0792136 0.116349 0.40638 0.0440026 0.588046 0.20769 0.0403672 0.203458 0.0591655 0.253318 0.450055 0.436215 0.181364 0.1753 0.178438 0.244186 0.181069 0.601602
0.689355 0.709461 0.166182 0.728929 0.368773 0.844669 0.719085 0.937739 0.240157 0.5311 0.643176 0.709114 0.845266 0.907501 0.542612 0.800764 0.765769 0.956679 0.520929 0.878836 0.747829 0.685305 0.654347 0.75342 0.641097 0.729189 0.938824 0.324116 0.956779 0.830113 0.938059 0.938135 0.602107 0.325444 0.436534 0.704246 0.879051 0.580781 0.367703 0.729405 0.755983 0.592197 0.623636 0.77108 0.964679 0.437445 0.313338 0.889606 0.588566 0.390011 0.164504 0.0565356 0.406024 0.327653 0.0371093 0.232002 0.0473907 0.211204 0.435659 0.321501 0.508729 0.573081 0.504084 0.0209269 0.740561 0.177272 0.149887 0.332108 0.578831 0.264522 0.132068 0.89 0.545009 0.336763 0.097887 0.197808 0.344777 0.19254 0.0209329 0.162408 0.0405586 0.127073 0.0783121 0.11541 0.406249 0.0433961 0.588891 0.206403 0.0397435 0.202469 0.0584415 0.252093 0.449979 0.435766 0.180366 0.174081 0.177314 0.242956 0.179835 0.602184
0.690221 0.710419 0.165183 0.729656 0.368238 0.845621 0.719807 0.938515 0.239204 0.531246 0.643412 0.710147 0.846289 0.908446 0.542778 0.801692 0.766736 0.957337 0.521228 0.879836 0.749004 0.686587 0.655206 0.754369 0.642095 0.730342 0.939603 0.323022 0.957419 0.831124 0.938782 0.938853 0.602353 0.32449 0.436275 0.705064 0.880056 0.581233 0.367265 0.730102 0.756903 0.592748 0.624044 0.772002 0.965225 0.437043 0.312216 0.890704 0.588837 0.38933 0.163171 0.0557404 0.405878 0.326558 0.0365468 0.231018 0.0467775 0.210292 0.435194 0.32047 0.508841 0.573219 0.504156 0.0205382 0.741413 0.176146 0.148946 0.331789 0.579354 0.263868 0.131127 0.891214 0.545173 0.335945 0.0969993 0.196845 0.343643 0.191501 0.0205417 0.161224 0.0399581 0.126023 0.0774205 0.114486 0.406106 0.0428025 0.589724 0.205123 0.0391304 0.201505 0.0577213 0.25085 0.449888 0.435265 0.179385 0.172893 0.176216 0.241732 0.178615 0.602711
0.691143 0.711342 0.164162 0.730362 0.367727 0.846554 0.720437 0.939266 0.238254 0.531418 0.64368 0.711194 0.847295 0.909391 0.542901 0.802616 0.767701 0.957974 0.521506 0.88082 0.750185 0.68783 0.656049 0.7553 0.643141 0.731489 0.940367 0.3219 0.958055 0.832123 0.939484 0.939549 0.602599 0.323541 0.43612 0.705872 0.88104 0.581643 0.366831 0.730779 0.757836 0.59328 0.624452 0.772905 0.965755 0.436679 0.311109 0.891765 0.589122 0.388672 0.161857 0.0549611 0.405748 0.325494 0.035991 0.23004 0.0461781 0.2094 0.434733 0.319427 0.508952 0.573373 0.504233 0.0201567 0.742254 0.175061 0.147996 0.331474 0.579894 0.263194 0.130213 0.892404 0.545329 0.335115 0.096141 0.195927 0.34245 0.190466 0.0201568 0.160062 0.0393811 0.124972 0.0765491 0.113552 0.406032 0.0422196 0.590493 0.203845 0.0385323 0.200524 0.0570355 0.249638 0.449812 0.434716 0.178414 0.171706 0.175116 0.240552 0.17743 0.603241
0.691987 0.712283 0.163162 0.731039 0.3672 0.847467 0.721098 0.94001 0.237351 0.531591 0.64392 0.712184 0.84831 0.910326 0.542965 0.803496 0.768642 0.95859 0.521803 0.881803 0.751382 0.689082 0.65698 0.756225 0.644162 0.732648 0.941132 0.320767 0.958674 0.83308 0.940171 0.940243 0.602842 0.322598 0.435964 0.706643 0.881992 0.582084 0.366473 0.731457 0.758738 0.593766 0.624914 0.773788 0.966284 0.436369 0.310021 0.892817 0.589398 0.387967 0.160519 0.0541952 0.405654 0.324459 0.0354501 0.229113 0.0455894 0.208521 0.434218 0.31841 0.509096 0.57356 0.504279 0.0197844 0.743163 0.173991 0.14707 0.331135 0.580426 0.262535 0.129309 0.893579 0.545436 0.334272 0.0952923 0.195011 0.341276 0.189458 0.0197858 0.158882 0.0388094 0.123925 0.075683 0.112663 0.405932 0.0416573 0.5913 0.202588 0.0379543 0.199567 0.0563613 0.248417 0.449783 0.434217 0.177459 0.170537 0.174035 0.239345 0.176258 0.603757
0.692877 0.713218 0.162202 0.731741 0.366666 0.848373 0.721708 0.940743 0.23646 0.531739 0.644155 0.713223 0.849276 0.911243 0.543039 0.804384 0.769538 0.959199 0.522083 0.88276 0.752535 0.690361 0.657873 0.757164 0.645155 0.733774 0.941862 0.31963 0.959278 0.834021 0.940853 0.940921 0.603017 0.32168 0.435772 0.707458 0.88293 0.582491 0.366078 0.732117 0.759614 0.594296 0.62537 0.774675 0.966796 0.436024 0.308922 0.893848 0.589673 0.387255 0.159216 0.0534435 0.405566 0.323398 0.0349239 0.228205 0.0450145 0.207652 0.433711 0.317376 0.509232 0.573758 0.504321 0.0194246 0.744007 0.172924 0.146155 0.330878 0.580949 0.261914 0.12844 0.894732 0.545552 0.333422 0.09446 0.194087 0.340127 0.188463 0.0194226 0.157737 0.0382538 0.122915 0.0748332 0.111792 0.405861 0.0411056 0.592091 0.201343 0.037384 0.198625 0.0557101 0.247219 0.449733 0.43373 0.176543 0.16938 0.172967 0.238167 0.175099 0.604325
0.69376 0.714146 0.161262 0.732421 0.366216 0.849248 0.722317 0.941459 0.235584 0.531886 0.644318 0.714186 0.850226 0.912135 0.543088 0.805268 0.770433 0.959793 0.522394 0.883708 0.753731 0.691654 0.65873 0.75807 0.646167 0.73492 0.942581 0.318532 0.95988 0.834933 0.941509 0.941578 0.603209 0.320762 0.435628 0.708219 0.883871 0.582852 0.365728 0.732775 0.760508 0.594828 0.625796 0.775535 0.967288 0.435667 0.307826 0.894865 0.589902 0.386555 0.157947 0.052705 0.405494 0.32235 0.0344093 0.227251 0.0444521 0.206795 0.433174 0.316373 0.509382 0.573926 0.504414 0.0190721 0.744833 0.171856 0.14526 0.330574 0.581493 0.261277 0.127598 0.895883 0.545685 0.332547 0.0936468 0.193197 0.338966 0.187483 0.019071 0.156595 0.0377151 0.121911 0.0740256 0.110894 0.405775 0.0405603 0.59291 0.200093 0.0368277 0.197731 0.0550602 0.245972 0.449716 0.433207 0.175576 0.168259 0.171911 0.236984 0.17395 0.604857
0.69464 0.715087 0.160308 0.73306 0.365717 0.850106 0.722942 0.942165 0.234698 0.532068 0.644505 0.715201 0.851157 0.91301 0.543171 0.806126 0.771313 0.960376 0.52269 0.884628 0.754858 0.692959 0.65963 0.758951 0.647162 0.736047 0.943296 0.317402 0.960455 0.835852 0.942166 0.942229 0.603399 0.319821 0.435454 0.709026 0.88479 0.583322 0.365372 0.733404 0.761378 0.595389 0.626197 0.776351 0.967777 0.435313 0.306739 0.895864 0.590116 0.385883 0.156659 0.0519848 0.405425 0.321289 0.033906 0.22635 0.0439105 0.205953 0.432675 0.315361 0.509512 0.574081 0.504503 0.0187291 0.745685 0.170794 0.144381 0.330292 0.582044 0.260648 0.126763 0.897011 0.54579 0.331725 0.0928564 0.192313 0.337798 0.186496 0.0187266 0.155455 0.0371885 0.120933 0.0732135 0.110037 0.405687 0.0400317 0.593802 0.198875 0.0362765 0.196844 0.0544225 0.244749 0.449655 0.432697 0.174672 0.167135 0.170857 0.235828 0.172837 0.605345
0.695461 0.716009 0.159408 0.733714 0.365272 0.850964 0.723542 0.942858 0.233826 0.532238 0.644692 0.716189 0.852062 0.913871 0.543176 0.80697 0.772193 0.960942 0.522997 0.885547 0.756025 0.694243 0.660496 0.759793 0.648214 0.737187 0.944 0.316268 0.961025 0.836791 0.942791 0.94286 0.603622 0.318901 0.435295 0.709839 0.8857 0.583652 0.365026 0.734065 0.762235 0.595931 0.626618 0.777174 0.96825 0.435012 0.30564 0.896857 0.59033 0.385215 0.15541 0.0512788 0.405376 0.32022 0.0334177 0.22545 0.0433771 0.205137 0.432185 0.314323 0.509665 0.57423 0.504566 0.0183945 0.746494 0.169779 0.143528 0.33009 0.5826 0.260042 0.12592 0.898139 0.545919 0.330874 0.0920751 0.1914 0.336624 0.185534 0.0183938 0.154349 0.0366759 0.119964 0.0724157 0.109201 0.405588 0.0395189 0.594631 0.197664 0.0357439 0.195968 0.0537997 0.243496 0.449625 0.432219 0.173763 0.166021 0.169818 0.2347 0.171729 0.605903
0.696309 0.716948 0.158518 0.734331 0.364804 0.851807 0.724152 0.943533 0.232943 0.532404 0.644896 0.717195 0.852985 0.914722 0.543232 0.8078 0.773054 0.961497 0.523351 0.886459 0.757157 0.695582 0.661326 0.760659 0.649185 0.738344 0.944681 0.315183 0.961577 0.837678 0.943411 0.943469 0.603832 0.31798 0.435193 0.7106 0.886595 0.584068 0.364681 0.734713 0.763058 0.596442 0.627019 0.777996 0.968722 0.43469 0.304533 0.897817 0.590589 0.384513 0.154151 0.050583 0.40533 0.319178 0.0329418 0.224565 0.0428611 0.204287 0.431639 0.313278 0.509851 0.574376 0.504674 0.0180732 0.747323 0.168768 0.142662 0.329859 0.583159 0.25946 0.125117 0.899249 0.546041 0.33008 0.0913049 0.190548 0.335473 0.184587 0.0180676 0.153221 0.036169 0.119017 0.0716306 0.10839 0.405509 0.0390096 0.595445 0.196461 0.0352207 0.195099 0.0531934 0.242297 0.449591 0.431682 0.172881 0.164911 0.168822 0.233555 0.170619 0.606464
0.697157 0.717828 0.157635 0.734968 0.364359 0.85264 0.724728 0.944201 0.232093 0.532591 0.64506 0.718181 0.853883 0.91557 0.543264 0.808615 0.773936 0.962038 0.5237 0.887338 0.758261 0.696843 0.662184 0.761525 0.650192 0.739464 0.945347 0.31407 0.962128 0.838557 0.944006 0.944074 0.604023 0.317069 0.43506 0.711351 0.887462 0.584406 0.36436 0.735339 0.763878 0.596962 0.627385 0.778812 0.969171 0.434333 0.303462 0.898776 0.590823 0.383808 0.152908 0.0499152 0.405289 0.318116 0.032472 0.223664 0.0423553 0.203498 0.431059 0.312273 0.509991 0.574502 0.50476 0.0177542 0.748135 0.167771 0.14183 0.329643 0.583716 0.258924 0.124336 0.900331 0.546195 0.329257 0.0905468 0.189705 0.33433 0.183656 0.0177527 0.152133 0.035673 0.118071 0.0708681 0.107591 0.405491 0.038517 0.59626 0.195252 0.0347056 0.19423 0.0526044 0.24107 0.449573 0.431177 0.172022 0.163829 0.16778 0.232395 0.169495 0.606974
0.697982 0.718776 0.156754 0.735614 0.363919 0.853457 0.725311 0.944844 0.231258 0.532719 0.645225 0.719141 0.854753 0.916386 0.543345 0.809415 0.774787 0.962573 0.524055 0.88822 0.759379 0.698117 0.663068 0.762398 0.651198 0.740572 0.946002 0.312974 0.96266 0.839422 0.944597 0.944667 0.604208 0.316172 0.434896 0.712086 0.888335 0.58479 0.364025 0.735931 0.764705 0.597505 0.627787 0.779606 0.969608 0.433994 0.302366 0.899723 0.59112 0.383153 0.151709 0.0492463 0.405236 0.317098 0.0320181 0.222799 0.0418637 0.202726 0.430526 0.311308 0.51016 0.574635 0.504813 0.0174447 0.748921 0.166776 0.14102 0.329455 0.584252 0.258378 0.123579 0.901402 0.546344 0.32844 0.0898165 0.188881 0.333166 0.182742 0.0174468 0.151042 0.035186 0.117158 0.0701087 0.106807 0.405469 0.0380346 0.597098 0.194055 0.0342075 0.19342 0.0520249 0.239901 0.449593 0.430636 0.171194 0.162767 0.16679 0.231239 0.168404 0.607464
0.698812 0.719663 0.155912 0.736219 0.363473 0.854265 0.725894 0.945481 0.230454 0.532886 0.645416 0.72009 0.855624 0.917195 0.543391 0.810192 0.775607 0.963097 0.524407 0.889088 0.760464 0.699421 0.663885 0.763264 0.652223 0.741681 0.94664 0.311894 0.963178 0.840269 0.945181 0.945234 0.604408 0.315247 0.434786 0.71282 0.889196 0.585181 0.363721 0.736544 0.765527 0.59802 0.628093 0.780405 0.97004 0.433658 0.301305 0.900647 0.591346 0.382494 0.150491 0.0485923 0.405209 0.316054 0.031565 0.221953 0.0413709 0.201932 0.42999 0.310308 0.510316 0.574768 0.504885 0.0171461 0.74966 0.165813 0.140214 0.329266 0.584773 0.257832 0.122808 0.902453 0.546502 0.327675 0.0890914 0.188049 0.332019 0.181819 0.0171487 0.14996 0.0347212 0.116286 0.0693669 0.106035 0.405391 0.0375641 0.597919 0.192869 0.0337184 0.192584 0.051466 0.238728 0.449625 0.430038 0.170368 0.161681 0.165832 0.230102 0.167333 0.607997
0.699589 0.720559 0.155064 0.736804 0.363055 0.855055 0.726445 0.946106 0.229681 0.533076 0.645522 0.721048 0.856476 0.917999 0.543476 0.810971 0.776405 0.963612 0.524722 0.889941 0.761571 0.70071 0.664785 0.764067 0.653228 0.742812 0.947253 0.310799 0.963688 0.841078 0.945747 0.945807 0.604563 0.314345 0.434703 0.713565 0.890032 0.585512 0.363424 0.737178 0.766311 0.598566 0.628493 0.781174 0.970454 0.43333 0.300235 0.901545 0.591595 0.381817 0.149281 0.0479544 0.405228 0.314997 0.0311291 0.221115 0.0408882 0.201183 0.429455 0.309309 0.510468 0.574897 0.50497 0.0168549 0.750424 0.164837 0.139432 0.329071 0.585362 0.257308 0.122052 0.903487 0.546667 0.326867 0.0883796 0.187251 0.330853 0.180904 0.0168574 0.148897 0.0342614 0.115402 0.0686432 0.105261 0.405364 0.0371076 0.598745 0.191711 0.0332447 0.1918 0.0509111 0.237505 0.449612 0.429438 0.169539 0.16064 0.164879 0.228993 0.166286 0.608501
0.700407 0.721503 0.154258 0.737382 0.362662 0.855827 0.726965 0.946721 0.228877 0.533258 0.64567 0.722021 0.857299 0.918773 0.543508 0.811747 0.77724 0.964108 0.525058 0.890778 0.762665 0.70199 0.665591 0.764897 0.654225 0.743948 0.947868 0.309714 0.964187 0.841884 0.946303 0.946358 0.604721 0.313414 0.434578 0.714286 0.890854 0.585887 0.363159 0.73779 0.767097 0.599079 0.628898 0.781933 0.970866 0.432983 0.299167 0.902449 0.591842 0.38114 0.148064 0.0473236 0.405209 0.31393 0.0307028 0.22033 0.0404256 0.20044 0.428891 0.308296 0.510619 0.574992 0.505056 0.0165654 0.751182 0.163891 0.138647 0.32891 0.585866 0.256779 0.121305 0.904523 0.54676 0.326081 0.0876928 0.186489 0.329689 0.179998 0.016571 0.14785 0.033812 0.11454 0.0679265 0.104517 0.405337 0.0366641 0.599537 0.190548 0.0327791 0.19099 0.0503683 0.236323 0.449608 0.428871 0.168743 0.159609 0.163949 0.227851 0.165261 0.609005
0.701226 0.722375 0.153459 0.73795 0.362244 0.856577 0.727496 0.947322 0.22812 0.533459 0.645784 0.722961 0.858127 0.919534 0.543507 0.812469 0.778066 0.964599 0.525433 0.891598 0.763729 0.703291 0.666487 0.765685 0.655263 0.745032 0.948471 0.308644 0.964675 0.842667 0.94685 0.946904 0.604879 0.312508 0.434452 0.715 0.891668 0.586262 0.362899 0.738374 0.767863 0.599586 0.62928 0.782674 0.971271 0.432632 0.298087 0.90333 0.59209 0.380466 0.146889 0.0466968 0.405188 0.312876 0.0302845 0.21954 0.0399671 0.199674 0.428316 0.307317 0.510799 0.575093 0.505124 0.0162858 0.751919 0.162948 0.137875 0.328761 0.586418 0.256261 0.120591 0.905535 0.546891 0.325325 0.0870221 0.18571 0.32853 0.179104 0.016295 0.146792 0.0333795 0.113671 0.0672306 0.103788 0.405321 0.036225 0.600367 0.189375 0.0323238 0.19021 0.0498411 0.235154 0.449595 0.428306 0.167956 0.158578 0.163026 0.226733 0.164201 0.609489
0.70206 0.723278 0.152679 0.738491 0.361819 0.857319 0.728034 0.947913 0.227376 0.533648 0.645922 0.723918 0.858932 0.920319 0.543548 0.813218 0.778824 0.965076 0.525797 0.892404 0.764823 0.7046 0.667357 0.766494 0.656322 0.74612 0.949057 0.307529 0.96515 0.843458 0.947386 0.947425 0.605043 0.31161 0.434369 0.715684 0.892477 0.586586 0.36262 0.738936 0.768599 0.60011 0.629637 0.783421 0.971667 0.432322 0.297004 0.904196 0.592339 0.379753 0.145732 0.046089 0.405154 0.311849 0.0298718 0.218764 0.0395211 0.198977 0.427718 0.306323 0.510948 0.575179 0.505209 0.0160135 0.752668 0.162043 0.137124 0.328611 0.58693 0.255773 0.119894 0.906542 0.54696 0.324517 0.0863583 0.18494 0.327303 0.178236 0.0160224 0.145766 0.0329517 0.112836 0.0665452 0.103075 0.405301 0.0358015 0.601156 0.188223 0.0318742 0.189435 0.0493177 0.233988 0.449589 0.427742 0.167181 0.157536 0.162078 0.225619 0.163149 0.609964
0.702834 0.724189 0.151892 0.739084 0.361439 0.858071 0.728525 0.948493 0.226606 0.53385 0.645999 0.724843 0.859709 0.921064 0.543547 0.813934 0.779619 0.965545 0.526154 0.893197 0.765878 0.705855 0.668231 0.76731 0.657327 0.747187 0.949638 0.30639 0.96561 0.844203 0.947899 0.947935 0.605175 0.310757 0.434281 0.716361 0.893265 0.586972 0.362337 0.739466 0.769353 0.60059 0.629985 0.784095 0.972052 0.431972 0.295917 0.905042 0.592623 0.379068 0.144593 0.0454938 0.405154 0.310777 0.029478 0.217987 0.039089 0.198284 0.427114 0.305339 0.511138 0.575243 0.505304 0.0157499 0.753388 0.161137 0.136392 0.328496 0.587417 0.255281 0.119225 0.907541 0.547106 0.323734 0.0857107 0.184197 0.326089 0.177391 0.0157602 0.144757 0.0325285 0.112006 0.0658736 0.10238 0.405288 0.0353906 0.601979 0.187095 0.0314403 0.18866 0.0488001 0.232832 0.449603 0.427105 0.166415 0.156511 0.16116 0.224504 0.162149 0.610454
0.703661 0.725054 0.151127 0.739634 0.361011 0.858796 0.729036 0.949069 0.225908 0.534036 0.646086 0.725793 0.860459 0.921805 0.543535 0.814649 0.7804 0.965997 0.526552 0.893988 0.766955 0.70712 0.669078 0.76811 0.658336 0.748244 0.950206 0.305259 0.966065 0.844949 0.948411 0.948433 0.605305 0.309877 0.434212 0.717013 0.89406 0.587311 0.362122 0.740028 0.770102 0.601095 0.63035 0.784799 0.972432 0.431627 0.294841 0.905903 0.592859 0.378366 0.143453 0.0449155 0.405153 0.309707 0.0290877 0.217197 0.0386682 0.197611 0.426541 0.304326 0.511275 0.575277 0.505355 0.0154924 0.754111 0.160207 0.135675 0.328373 0.58795 0.254811 0.11855 0.908514 0.547229 0.322931 0.0850862 0.183466 0.324907 0.176543 0.0155031 0.14373 0.0321183 0.111198 0.0652183 0.101677 0.405294 0.0349863 0.602796 0.185966 0.0310122 0.187922 0.0483042 0.231651 0.449616 0.426571 0.165645 0.15551 0.160245 0.223413 0.161145 0.610948
0.704441 0.725905 0.150358 0.740202 0.360575 0.859506 0.729502 0.949626 0.225152 0.534254 0.646173 0.726735 0.861226 0.922525 0.543575 0.815346 0.781167 0.966435 0.526897 0.894765 0.768014 0.708426 0.669962 0.768927 0.659383 0.749294 0.950771 0.304113 0.966507 0.845686 0.948909 0.948929 0.605401 0.308992 0.434147 0.717667 0.89483 0.5877 0.361911 0.740548 0.770862 0.601571 0.630677 0.785484 0.9728 0.43128 0.293828 0.906729 0.593098 0.377671 0.142309 0.044342 0.405188 0.308632 0.0287042 0.216418 0.038254 0.196943 0.42601 0.303329 0.51144 0.575352 0.505463 0.0152405 0.754838 0.159321 0.134956 0.328323 0.588496 0.254369 0.117897 0.909471 0.547365 0.322121 0.0844617 0.182747 0.323735 0.17571 0.0152509 0.142729 0.0317243 0.110391 0.0645712 0.100992 0.405315 0.0345886 0.603584 0.184835 0.0305937 0.187203 0.0478177 0.230483 0.449645 0.425922 0.16488 0.154512 0.159343 0.222297 0.160139 0.611427
0.705209 0.726737 0.14962 0.740719 0.360189 0.860226 0.729969 0.950175 0.224411 0.534454 0.646211 0.727637 0.86197 0.92324 0.543535 0.816031 0.781927 0.966873 0.527295 0.895534 0.769103 0.709754 0.670812 0.769713 0.660435 0.750393 0.951322 0.302955 0.966942 0.846421 0.949385 0.949412 0.605482 0.308103 0.434063 0.718293 0.895593 0.588061 0.361708 0.741018 0.771599 0.602075 0.630999 0.78614 0.973162 0.430967 0.292795 0.907542 0.59333 0.376959 0.141196 0.0437798 0.405185 0.307519 0.0283272 0.215673 0.0378425 0.196295 0.425413 0.302282 0.511576 0.575402 0.50559 0.0149949 0.755543 0.158454 0.134262 0.328245 0.589034 0.253933 0.117234 0.910415 0.547497 0.321338 0.0838562 0.182043 0.322542 0.174875 0.0150031 0.141722 0.0313366 0.109604 0.0639312 0.100332 0.405331 0.0341997 0.604386 0.183725 0.030184 0.186492 0.0473479 0.229314 0.449676 0.425343 0.164148 0.153487 0.158455 0.221204 0.159156 0.611909
0.70597 0.727595 0.148905 0.741242 0.359811 0.8609 0.730459 0.950717 0.223717 0.534659 0.646246 0.72858 0.862702 0.923943 0.543543 0.816697 0.782662 0.967303 0.527663 0.896275 0.770182 0.711042 0.671698 0.770472 0.661515 0.751491 0.951861 0.301856 0.967376 0.847126 0.949863 0.949883 0.605587 0.307235 0.434019 0.718985 0.896332 0.588411 0.361511 0.741504 0.772299 0.602535 0.631322 0.786795 0.973513 0.430645 0.29175 0.908359 0.59359 0.376262 0.140084 0.0432323 0.405206 0.306497 0.0279592 0.214965 0.0374501 0.19561 0.424833 0.301296 0.511745 0.575465 0.505673 0.0147566 0.756225 0.157565 0.133583 0.328216 0.589579 0.253507 0.116585 0.911351 0.547675 0.320496 0.0832533 0.181347 0.321381 0.174051 0.0147622 0.140738 0.0309547 0.108836 0.0632944 0.099673 0.405355 0.0338161 0.605201 0.182626 0.0297859 0.185797 0.0468765 0.228121 0.449723 0.424713 0.163412 0.152502 0.157581 0.220144 0.158174 0.612345
0.706749 0.728423 0.148199 0.741752 0.35946 0.861567 0.730918 0.951251 0.223023 0.534864 0.646332 0.729492 0.863419 0.924625 0.543526 0.817342 0.783361 0.967726 0.528031 0.897016 0.771262 0.712338 0.672573 0.771242 0.662539 0.75258 0.952378 0.300766 0.967797 0.847811 0.950321 0.950341 0.605664 0.30636 0.433986 0.719607 0.897067 0.588731 0.361359 0.742014 0.773028 0.603082 0.631624 0.787476 0.973856 0.430379 0.290686 0.909163 0.593834 0.375559 0.139005 0.0426929 0.405219 0.305417 0.027598 0.214228 0.0370656 0.194994 0.424238 0.300314 0.511851 0.575513 0.505773 0.0145212 0.756904 0.156696 0.132914 0.328189 0.59011 0.253094 0.115975 0.912277 0.547792 0.319727 0.0826739 0.180664 0.320151 0.173246 0.0145302 0.139752 0.0305772 0.108072 0.0626619 0.0990356 0.405384 0.0334475 0.605982 0.181549 0.0293956 0.185118 0.0464195 0.226959 0.449785 0.424104 0.162717 0.151551 0.156726 0.219063 0.157199 0.612778
0.70752 0.72925 0.147484 0.742278 0.359114 0.862231 0.731358 0.951768 0.222314 0.535084 0.646394 0.730413 0.864128 0.925299 0.543561 0.817941 0.784105 0.96814 0.528431 0.897717 0.772296 0.713651 0.673472 0.772006 0.663616 0.753625 0.9529 0.299652 0.968203 0.848453 0.950775 0.950793 0.605725 0.305485 0.433946 0.720239 0.897792 0.589042 0.361163 0.742521 0.773714 0.603586 0.631916 0.788127 0.974193 0.430053 0.289623 0.909934 0.594049 0.374834 0.137917 0.0421571 0.405218 0.304364 0.0272504 0.213489 0.0366851 0.194384 0.423648 0.299317 0.512047 0.575557 0.505865 0.014296 0.757567 0.155859 0.132276 0.328168 0.590674 0.252685 0.115351 0.913193 0.547945 0.318928 0.0821189 0.180004 0.318947 0.172444 0.0143015 0.138763 0.030212 0.107299 0.062049 0.098395 0.405456 0.0330857 0.606755 0.180454 0.0290131 0.184453 0.0459769 0.225834 0.449776 0.423444 0.161999 0.150576 0.155879 0.218 0.156245 0.613226
0.70827 0.730085 0.146765 0.7428 0.358766 0.862897 0.731789 0.952276 0.221626 0.535328 0.646416 0.731361 0.86483 0.92598 0.543548 0.818561 0.784799 0.968545 0.528822 0.898436 0.773346 0.714937 0.674362 0.772744 0.664657 0.754693 0.95341 0.298537 0.968609 0.849145 0.951221 0.951235 0.605774 0.304643 0.433958 0.720887 0.89851 0.589395 0.360942 0.742987 0.774406 0.60406 0.632232 0.788755 0.974524 0.429786 0.288603 0.910709 0.594307 0.37411 0.136824 0.0416337 0.405257 0.303278 0.0269104 0.21276 0.0363101 0.193768 0.423028 0.298282 0.512247 0.575582 0.50599 0.0140732 0.758285 0.15501 0.13163 0.328172 0.591236 0.252292 0.114752 0.914108 0.548107 0.31812 0.0815622 0.179318 0.317739 0.171632 0.0140794 0.137793 0.0298538 0.106567 0.0614507 0.0977735 0.40552 0.0327333 0.607538 0.179338 0.0286357 0.183797 0.0455364 0.224674 0.449824 0.422789 0.1613 0.149608 0.155012 0.216935 0.155297 0.613734
0.70899 0.730906 0.14612 0.74328 0.358469 0.863543 0.732232 0.952766 0.220972 0.535575 0.646481 0.732286 0.865506 0.926636 0.543548 0.819174 0.78549 0.968941 0.529223 0.899142 0.774383 0.71624 0.675252 0.773484 0.665745 0.75572 0.953913 0.297401 0.969003 0.849794 0.951662 0.951672 0.605835 0.303777 0.433914 0.721489 0.899206 0.589677 0.360776 0.743456 0.7751 0.604577 0.632528 0.789356 0.974846 0.429516 0.287534 0.911461 0.594593 0.3734 0.135765 0.0411219 0.405359 0.302252 0.0265721 0.212014 0.0359469 0.193162 0.422427 0.297262 0.512444 0.575615 0.50613 0.0138569 0.758921 0.154171 0.131004 0.328178 0.591795 0.251889 0.114163 0.915001 0.548229 0.31733 0.081014 0.17866 0.316518 0.170854 0.0138615 0.136867 0.0294985 0.105841 0.0608714 0.0971762 0.405538 0.0323886 0.608365 0.178241 0.0282719 0.183154 0.0451062 0.22354 0.449865 0.422199 0.160605 0.148663 0.154191 0.215904 0.15435 0.614213
0.709674 0.731704 0.14545 0.743784 0.358096 0.864165 0.732638 0.953248 0.220374 0.535796 0.646484 0.73315 0.866168 0.927274 0.543513 0.819786 0.786169 0.969326 0.529645 0.899836 0.77543 0.717548 0.676172 0.774207 0.666795 0.756774 0.95441 0.296297 0.969391 0.850439 0.95209 0.952092 0.605865 0.302911 0.433897 0.722049 0.899909 0.589998 0.360625 0.74393 0.775757 0.605089 0.632767 0.789932 0.975165 0.429181 0.286508 0.912213 0.594854 0.372704 0.1347 0.0406179 0.405431 0.301167 0.0262488 0.211341 0.0355942 0.192562 0.421765 0.296269 0.512596 0.575617 0.506252 0.0136443 0.759598 0.153329 0.130392 0.328209 0.592336 0.251483 0.11359 0.915884 0.548321 0.316575 0.0804724 0.178028 0.315309 0.170082 0.0136494 0.135918 0.0291587 0.105116 0.0602947 0.0965826 0.40565 0.0320493 0.609139 0.177167 0.0279069 0.182509 0.0446826 0.222414 0.449873 0.42157 0.159902 0.147709 0.153354 0.214854 0.153409 0.61467
0.710404 0.732473 0.144806 0.744211 0.357774 0.864802 0.733049 0.95374 0.219729 0.53597 0.646514 0.73406 0.866831 0.927884 0.543446 0.820397 0.786844 0.969705 0.530066 0.900519 0.776472 0.718806 0.67704 0.774941 0.667845 0.757822 0.954892 0.295171 0.969772 0.851081 0.952514 0.952506 0.605884 0.30204 0.433918 0.722603 0.900607 0.590291 0.360483 0.744402 0.776406 0.605609 0.633057 0.790522 0.975471 0.428883 0.28548 0.912934 0.595098 0.371979 0.133654 0.0401304 0.405522 0.300112 0.0259299 0.210642 0.0352459 0.191961 0.421149 0.2953 0.512775 0.575643 0.506384 0.0134378 0.760238 0.152509 0.129783 0.328192 0.592882 0.251126 0.113031 0.916743 0.548476 0.315776 0.0799582 0.177393 0.314073 0.169329 0.0134433 0.134984 0.0288194 0.104396 0.0597172 0.0959901 0.405726 0.0317193 0.60996 0.176112 0.0275522 0.181866 0.0442666 0.221288 0.449919 0.420951 0.159244 0.146799 0.152505 0.21378 0.152487 0.615105
0.71109 0.73329 0.14416 0.744678 0.357449 0.865424 0.733446 0.954206 0.219124 0.536213 0.646487 0.734968 0.86747 0.928502 0.543416 0.820957 0.787491 0.97008 0.530491 0.901198 0.777492 0.720121 0.677918 0.775671 0.668934 0.758859 0.955364 0.294028 0.970139 0.851691 0.952922 0.952909 0.605931 0.301145 0.433854 0.72311 0.90127 0.590606 0.360368 0.744872 0.77704 0.606105 0.633318 0.791101 0.975773 0.428616 0.284453 0.913648 0.595359 0.37128 0.132619 0.0396452 0.405584 0.299046 0.02562 0.209957 0.0349083 0.191417 0.420506 0.294284 0.512956 0.575678 0.506491 0.0132379 0.760862 0.15168 0.129185 0.328212 0.593438 0.250755 0.11249 0.917593 0.548606 0.314968 0.0794436 0.176769 0.312854 0.168593 0.0132451 0.134058 0.0284949 0.103705 0.0591549 0.0954146 0.405791 0.0313971 0.610745 0.175053 0.0272036 0.181257 0.0438722 0.220173 0.449913 0.42032 0.158596 0.145879 0.151701 0.212734 0.151586 0.615599
0.711765 0.734108 0.14353 0.745146 0.357133 0.865999 0.73384 0.954668 0.218494 0.536412 0.646459 0.73585 0.868108 0.929106 0.543359 0.821531 0.788127 0.970443 0.530901 0.901864 0.778529 0.721418 0.678827 0.776384 0.669961 0.759872 0.955823 0.292915 0.970504 0.852286 0.953326 0.953313 0.605964 0.300296 0.43382 0.723656 0.901929 0.590954 0.360286 0.745344 0.777669 0.606591 0.633589 0.791672 0.97607 0.428338 0.283452 0.914355 0.5956 0.370571 0.131594 0.0391737 0.405656 0.297978 0.0253152 0.209272 0.0345803 0.190857 0.419861 0.29329 0.513142 0.575637 0.506639 0.0130404 0.761509 0.15089 0.128608 0.328249 0.593982 0.250412 0.111954 0.918436 0.548701 0.31421 0.0789484 0.176135 0.311593 0.167862 0.0130478 0.133139 0.0281725 0.103021 0.0586011 0.0948422 0.40588 0.0310855 0.611531 0.173989 0.0268652 0.180655 0.0434783 0.219066 0.44999 0.41966 0.157977 0.144979 0.150894 0.211714 0.150668 0.61605
0.712503 0.734901 0.142929 0.745577 0.356843 0.866579 0.734201 0.955118 0.217881 0.536605 0.646459 0.736762 0.86872 0.929705 0.543271 0.82208 0.788797 0.970798 0.531346 0.902509 0.779545 0.722729 0.679709 0.777117 0.671022 0.760876 0.956284 0.291806 0.970863 0.852872 0.953707 0.9537 0.605967 0.299429 0.433837 0.724209 0.902595 0.591279 0.36022 0.74576 0.778284 0.607068 0.633798 0.79221 0.976364 0.428073 0.282436 0.915059 0.595824 0.36982 0.130583 0.0387014 0.405749 0.296932 0.0250163 0.20863 0.034261 0.190331 0.419201 0.292277 0.513339 0.575635 0.506766 0.0128506 0.762112 0.15011 0.128025 0.32828 0.59453 0.250064 0.111439 0.919285 0.548792 0.313456 0.0784571 0.17555 0.310382 0.167127 0.0128544 0.132233 0.0278569 0.102343 0.0580548 0.0942858 0.405968 0.030775 0.612336 0.172953 0.0265343 0.180088 0.0430997 0.217916 0.45003 0.418963 0.157354 0.144056 0.150084 0.210714 0.149771 0.616496
0.713209 0.735693 0.14233 0.746009 0.356591 0.867176 0.734589 0.955574 0.217239 0.536784 0.646393 0.737648 0.869322 0.930297 0.543245 0.822659 0.789416 0.971149 0.531762 0.903152 0.780537 0.724045 0.680597 0.777805 0.672079 0.761853 0.956727 0.290672 0.971212 0.85345 0.954084 0.954084 0.605993 0.298576 0.433869 0.724753 0.903248 0.591619 0.360129 0.746184 0.778878 0.60758 0.63406 0.792763 0.97665 0.427819 0.281419 0.91575 0.596067 0.369113 0.129561 0.0382423 0.405845 0.29586 0.0247198 0.207978 0.033948 0.189793 0.41851 0.291283 0.513537 0.575626 0.506897 0.0126645 0.762757 0.149339 0.127464 0.328346 0.59507 0.249751 0.110929 0.92011 0.548922 0.312709 0.0779888 0.174939 0.309133 0.166395 0.0126649 0.131328 0.0275451 0.101666 0.0575163 0.0937602 0.406074 0.030473 0.613131 0.171913 0.0262093 0.179458 0.0427235 0.216789 0.450056 0.418294 0.156732 0.143161 0.149281 0.209687 0.148883 0.61692
0.713892 0.73651 0.141753 0.746425 0.356293 0.867743 0.734954 0.956016 0.216668 0.536987 0.646339 0.738525 0.869931 0.930879 0.543147 0.82319 0.79003 0.971489 0.532157 0.903802 0.781542 0.725337 0.681468 0.778506 0.67309 0.762902 0.957166 0.289487 0.971551 0.854019 0.954455 0.954456 0.606001 0.297714 0.433873 0.725334 0.903887 0.591919 0.360075 0.746595 0.779443 0.608093 0.634353 0.793293 0.976928 0.427522 0.280385 0.916436 0.596305 0.368379 0.128534 0.037788 0.405967 0.294804 0.0244344 0.207348 0.0336392 0.189242 0.417787 0.290276 0.513753 0.575589 0.507007 0.0124833 0.763354 0.148555 0.126896 0.328438 0.595605 0.249428 0.11043 0.920932 0.549026 0.311905 0.0775224 0.174356 0.307913 0.165685 0.012483 0.130435 0.0272422 0.101015 0.0569903 0.0932379 0.406208 0.0301808 0.613919 0.17088 0.0258923 0.178892 0.0423529 0.215691 0.450101 0.417581 0.156133 0.142286 0.14851 0.20868 0.147994 0.617375
0.714559 0.737308 0.141155 0.746833 0.356027 0.868306 0.73532 0.956447 0.21609 0.53719 0.646263 0.73942 0.870505 0.931449 0.543053 0.823706 0.79067 0.971827 0.532562 0.904433 0.782545 0.726637 0.68241 0.779182 0.674151 0.763924 0.957602 0.288375 0.971886 0.854572 0.954821 0.954824 0.605989 0.296887 0.433925 0.725839 0.904513 0.592228 0.360032 0.747014 0.780025 0.608614 0.634573 0.79382 0.977203 0.427245 0.279375 0.91711 0.596551 0.367651 0.127529 0.0373423 0.40607 0.293775 0.0241523 0.206717 0.0333451 0.188744 0.417075 0.289271 0.513919 0.575574 0.507098 0.0123061 0.763948 0.147764 0.126357 0.328555 0.59615 0.249113 0.109949 0.921748 0.549179 0.311139 0.0770609 0.173766 0.306703 0.164983 0.0123017 0.129553 0.0269462 0.100359 0.0564669 0.0927361 0.406358 0.0298892 0.614707 0.169885 0.0255796 0.178351 0.0419907 0.214591 0.450157 0.416872 0.155538 0.141425 0.147768 0.207631 0.147095 0.617792
0.715238 0.738116 0.140599 0.747204 0.355731 0.868849 0.735639 0.956869 0.215491 0.537445 0.646169 0.740292 0.871067 0.932014 0.542967 0.824222 0.791271 0.972158 0.53295 0.905035 0.783531 0.727928 0.683297 0.779864 0.675209 0.764923 0.958028 0.287229 0.972212 0.85512 0.955182 0.955192 0.605987 0.296051 0.433959 0.726355 0.905141 0.592514 0.359959 0.747395 0.780616 0.609066 0.634834 0.794325 0.977471 0.426987 0.278343 0.917767 0.596744 0.366948 0.12653 0.0369037 0.406214 0.292721 0.0238798 0.206093 0.0330513 0.188235 0.416385 0.288296 0.514142 0.575535 0.507243 0.0121302 0.764559 0.147043 0.125829 0.328707 0.596674 0.248824 0.109472 0.922543 0.549294 0.310371 0.0766092 0.173195 0.305494 0.164284 0.0121262 0.128681 0.0266593 0.099718 0.0559528 0.0922256 0.406442 0.0296038 0.615529 0.16886 0.0252729 0.177784 0.0416345 0.213468 0.45022 0.416165 0.154954 0.14055 0.146985 0.206649 0.146207 0.61825
0.715901 0.738899 0.140074 0.747584 0.355437 0.869401 0.735952 0.957285 0.214949 0.537655 0.646128 0.741164 0.87161 0.932578 0.542852 0.824748 0.791873 0.972479 0.533354 0.905635 0.784528 0.729244 0.684204 0.780528 0.676255 0.765923 0.958455 0.28614 0.972539 0.855659 0.955531 0.955545 0.605938 0.295187 0.43401 0.726841 0.905757 0.592835 0.359934 0.7478 0.781174 0.609556 0.63507 0.794843 0.977732 0.426692 0.277334 0.918407 0.596959 0.366235 0.125535 0.0364781 0.406327 0.291603 0.0236145 0.205488 0.0327638 0.187721 0.415664 0.287262 0.514325 0.575515 0.507386 0.0119597 0.765181 0.146304 0.125303 0.328818 0.597271 0.248554 0.109016 0.92333 0.549415 0.309591 0.0761567 0.172634 0.30423 0.163583 0.0119571 0.127804 0.0263766 0.0990902 0.0554597 0.0917211 0.406585 0.0293285 0.616303 0.167879 0.0249729 0.177233 0.0412844 0.212364 0.450275 0.41546 0.154382 0.139677 0.146232 0.205649 0.145364 0.618667
0.71657 0.739685 0.139531 0.747968 0.355193 0.869926 0.736259 0.957692 0.214388 0.537837 0.646054 0.74204 0.872175 0.933122 0.542736 0.825243 0.792471 0.972791 0.533828 0.906236 0.785478 0.730549 0.685111 0.78124 0.677306 0.766955 0.958863 0.285042 0.972855 0.856186 0.955881 0.955893 0.605918 0.294362 0.434077 0.727338 0.906368 0.593127 0.359884 0.74818 0.781747 0.610029 0.635299 0.795358 0.97799 0.42643 0.276321 0.919046 0.597177 0.36551 0.124565 0.0360594 0.406491 0.290528 0.0233512 0.204894 0.0324804 0.187203 0.414952 0.286289 0.514497 0.575444 0.507521 0.0117916 0.765745 0.145573 0.124764 0.328959 0.597809 0.248288 0.108545 0.924107 0.549545 0.308794 0.0757271 0.172093 0.302969 0.162898 0.0117907 0.126945 0.0261057 0.0984661 0.0549735 0.0912172 0.406745 0.029063 0.617096 0.166859 0.0246779 0.17669 0.0409478 0.21126 0.45036 0.414759 0.153817 0.13883 0.145496 0.204656 0.144522 0.619077
0.717243 0.740445 0.139003 0.748295 0.354945 0.870435 0.736591 0.958092 0.213868 0.538002 0.645962 0.74293 0.872681 0.933652 0.54263 0.825746 0.793077 0.973105 0.534303 0.906833 0.786447 0.73182 0.685999 0.781905 0.678359 0.767996 0.959266 0.283912 0.973162 0.856702 0.95621 0.956227 0.605895 0.293505 0.434139 0.727798 0.906964 0.593408 0.359882 0.748521 0.782263 0.610531 0.635529 0.795841 0.978243 0.426161 0.275311 0.919684 0.597399 0.364784 0.12363 0.0356388 0.406636 0.289437 0.0230983 0.204339 0.0322058 0.186729 0.414235 0.285289 0.514713 0.575354 0.507662 0.0116269 0.76636 0.144861 0.12426 0.329114 0.59837 0.248063 0.108091 0.924876 0.549635 0.308065 0.0753092 0.171577 0.301725 0.162231 0.0116261 0.126089 0.0258327 0.0978613 0.0544846 0.0907309 0.406896 0.0288012 0.617876 0.165873 0.0243847 0.176156 0.0406188 0.210168 0.45044 0.414042 0.153252 0.137996 0.144745 0.203671 0.143673 0.619471
0.717914 0.741192 0.138477 0.748691 0.354728 0.870933 0.736916 0.958483 0.213325 0.53824 0.645865 0.743832 0.873213 0.934191 0.542562 0.826226 0.793672 0.973408 0.534738 0.907433 0.787427 0.733094 0.686928 0.782573 0.679437 0.768995 0.959663 0.282792 0.973465 0.857203 0.956546 0.956567 0.605834 0.292699 0.434227 0.728259 0.907544 0.593698 0.35989 0.748877 0.782835 0.610991 0.635734 0.796297 0.978485 0.425925 0.274323 0.920318 0.597653 0.364046 0.122669 0.0352293 0.406757 0.288349 0.0228452 0.203736 0.0319367 0.18625 0.413483 0.284287 0.514973 0.575279 0.507851 0.0114682 0.766913 0.144145 0.123739 0.329273 0.598922 0.247806 0.107643 0.925645 0.549746 0.307325 0.0748986 0.171062 0.300488 0.16156 0.0114667 0.125248 0.0255662 0.0972617 0.0540054 0.0902601 0.407024 0.0285448 0.618675 0.164882 0.0240987 0.175625 0.0402915 0.209063 0.450516 0.413307 0.152699 0.137154 0.143998 0.202702 0.142843 0.619902
0.718565 0.741918 0.13797 0.749061 0.354502 0.87144 0.737208 0.958875 0.212836 0.538491 0.64574 0.74469 0.873748 0.934718 0.542446 0.826674 0.794235 0.973706 0.535201 0.908001 0.788371 0.734393 0.687842 0.783268 0.680549 0.770003 0.960057 0.281634 0.973766 0.857686 0.956869 0.95689 0.605768 0.291855 0.434325 0.728746 0.908129 0.593983 0.359904 0.749199 0.783388 0.61149 0.635943 0.796779 0.978724 0.425629 0.273312 0.920935 0.597852 0.363274 0.12171 0.0348243 0.406909 0.287286 0.0226001 0.20316 0.031674 0.185784 0.412722 0.283306 0.515185 0.57518 0.507982 0.0113129 0.767489 0.14343 0.123239 0.329457 0.599496 0.247583 0.107233 0.9264 0.549843 0.306552 0.0745013 0.170541 0.299231 0.16092 0.0113096 0.124421 0.0253055 0.096693 0.0535325 0.0898054 0.407137 0.0282912 0.61946 0.163898 0.0238213 0.175125 0.0399723 0.207963 0.450615 0.412573 0.152184 0.13633 0.143289 0.201735 0.142038 0.620325
0.719218 0.742665 0.137471 0.749415 0.354281 0.871934 0.737492 0.959258 0.21232 0.538683 0.645604 0.745597 0.874234 0.935238 0.542302 0.827159 0.794768 0.974004 0.535647 0.908586 0.789348 0.735675 0.688754 0.783889 0.681626 0.771009 0.960438 0.280506 0.974057 0.858152 0.957182 0.957207 0.605709 0.290997 0.434368 0.729191 0.90871 0.594263 0.359899 0.749534 0.78393 0.611967 0.636146 0.797229 0.978964 0.425381 0.272323 0.921537 0.59807 0.362521 0.120762 0.0344325 0.407091 0.286204 0.0223588 0.202584 0.0314175 0.185308 0.412009 0.282319 0.51538 0.575083 0.508137 0.0111614 0.768045 0.142723 0.122734 0.329602 0.600079 0.247382 0.106825 0.927135 0.549947 0.305764 0.0741059 0.170028 0.298016 0.160276 0.0111572 0.12357 0.025053 0.0961239 0.0530777 0.0893605 0.407319 0.0280478 0.620265 0.162908 0.0235472 0.174637 0.0396639 0.206868 0.450714 0.411828 0.151672 0.135522 0.142595 0.200777 0.141212 0.620759
0.719874 0.743388 0.136995 0.749755 0.354088 0.872437 0.737729 0.959635 0.211808 0.538915 0.645449 0.74645 0.87473 0.935746 0.542155 0.827598 0.795322 0.974288 0.536109 0.909153 0.790293 0.73698 0.689683 0.784527 0.682749 0.772012 0.960821 0.27939 0.974342 0.858609 0.957486 0.957513 0.605651 0.290183 0.434455 0.729667 0.909277 0.594513 0.359886 0.749846 0.784427 0.612466 0.636347 0.797663 0.979194 0.425126 0.271332 0.92214 0.598297 0.361765 0.119846 0.0340448 0.407281 0.28513 0.0221223 0.202022 0.0311695 0.184865 0.411261 0.281331 0.515627 0.574962 0.508274 0.0110128 0.768597 0.14202 0.122245 0.329816 0.600619 0.247199 0.106408 0.927873 0.550116 0.304983 0.0737356 0.169523 0.296777 0.159618 0.0110096 0.122737 0.0248003 0.0955621 0.0526184 0.0889122 0.407493 0.0278083 0.621036 0.161929 0.0232786 0.174142 0.0393563 0.205793 0.450853 0.411045 0.151129 0.134704 0.141916 0.199794 0.14039 0.621142
0.720535 0.744106 0.136532 0.750063 0.353867 0.872917 0.737995 0.96001 0.211332 0.539127 0.645307 0.74726 0.8752 0.936255 0.542023 0.828054 0.795832 0.97457 0.536617 0.909718 0.791236 0.73828 0.690542 0.785191 0.683825 0.773028 0.961188 0.278251 0.974632 0.859056 0.957787 0.95782 0.605586 0.289403 0.434537 0.730132 0.909845 0.594804 0.359906 0.750193 0.784951 0.612971 0.636507 0.798088 0.979427 0.424881 0.270341 0.922714 0.59854 0.361058 0.118926 0.0336602 0.407472 0.284047 0.02189 0.201446 0.0309245 0.184431 0.410511 0.280331 0.515865 0.574848 0.50842 0.0108669 0.769143 0.141332 0.121766 0.330017 0.60118 0.246987 0.106027 0.928584 0.550243 0.304221 0.0733642 0.169061 0.295529 0.158954 0.0108643 0.121927 0.0245566 0.0950053 0.0521709 0.0884811 0.407656 0.0275744 0.621842 0.160976 0.0230174 0.173661 0.0390589 0.204711 0.450915 0.410273 0.150629 0.133909 0.141229 0.198827 0.139621 0.621543
0.721214 0.744842 0.136057 0.750386 0.353629 0.873373 0.738274 0.96038 0.210863 0.53934 0.645136 0.74811 0.875658 0.936754 0.541887 0.8285 0.796375 0.974849 0.537073 0.910261 0.792203 0.739545 0.691434 0.785817 0.684951 0.774011 0.961545 0.277121 0.974904 0.85948 0.958073 0.958109 0.6055 0.288589 0.434621 0.730515 0.910409 0.595069 0.359911 0.750487 0.785464 0.613436 0.636675 0.798556 0.979651 0.424661 0.2694 0.92327 0.598757 0.36028 0.117993 0.0332787 0.407634 0.28296 0.0216605 0.200899 0.0306799 0.184014 0.409767 0.279324 0.51613 0.57471 0.508597 0.0107244 0.769714 0.140643 0.121303 0.330194 0.601745 0.24679 0.105628 0.929302 0.55037 0.303467 0.0729878 0.168596 0.294314 0.158324 0.0107214 0.121115 0.024316 0.0944631 0.0517265 0.0880524 0.407801 0.0273489 0.622618 0.160027 0.0227606 0.17318 0.0387674 0.203616 0.451018 0.409482 0.15013 0.133086 0.140549 0.197857 0.138826 0.621945
0.72183 0.745611 0.135595 0.750691 0.353459 0.873819 0.738514 0.960741 0.210373 0.53956 0.644979 0.748965 0.876117 0.937238 0.541759 0.828936 0.796888 0.975118 0.537548 0.910808 0.793132 0.740862 0.692307 0.78644 0.686039 0.774987 0.961906 0.276007 0.975174 0.859909 0.958367 0.958395 0.605423 0.287793 0.434732 0.730968 0.91096 0.595345 0.359957 0.750783 0.785934 0.613899 0.636804 0.798945 0.979873 0.424391 0.268426 0.92384 0.599033 0.359536 0.117092 0.0329157 0.407822 0.281878 0.0214391 0.200392 0.0304429 0.183633 0.409013 0.278328 0.516386 0.574609 0.508785 0.0105842 0.77027 0.139957 0.120877 0.330441 0.602348 0.246596 0.105229 0.930011 0.550484 0.302707 0.0726294 0.168166 0.293049 0.157731 0.0105807 0.120286 0.0240786 0.0939196 0.0512984 0.0876331 0.408018 0.0271214 0.623427 0.159073 0.0225081 0.17273 0.0384755 0.202581 0.451152 0.408679 0.149641 0.132269 0.139876 0.196895 0.138053 0.622327
0.722486 0.746309 0.13514 0.751008 0.353271 0.874246 0.738707 0.961096 0.20987 0.539779 0.644792 0.749787 0.876584 0.937717 0.541592 0.829366 0.797401 0.975382 0.538068 0.911341 0.794092 0.742143 0.693215 0.787077 0.687157 0.775939 0.962264 0.274881 0.97544 0.860326 0.958653 0.958684 0.605341 0.286952 0.434793 0.731389 0.911512 0.595575 0.360037 0.751081 0.786408 0.614367 0.636964 0.799354 0.980085 0.424123 0.267497 0.924409 0.599221 0.358792 0.11619 0.0325485 0.408013 0.280779 0.0212222 0.199864 0.0302148 0.183221 0.408253 0.277374 0.516607 0.57447 0.508976 0.0104482 0.770813 0.139282 0.120433 0.330725 0.60296 0.2464 0.104864 0.930713 0.55064 0.301936 0.0722767 0.167684 0.291807 0.157104 0.0104449 0.119506 0.02385 0.0933807 0.0508715 0.0872175 0.408216 0.0269043 0.624181 0.158136 0.0222601 0.17227 0.0381977 0.201513 0.451259 0.407913 0.14917 0.131485 0.139186 0.195952 0.137293 0.622736
0.723135 0.746994 0.134707 0.751334 0.353073 0.874671 0.738946 0.96144 0.209395 0.54002 0.644565 0.750657 0.877013 0.938185 0.541438 0.82978 0.7979 0.975648 0.53858 0.911888 0.795035 0.743466 0.694177 0.787682 0.688244 0.7769 0.962615 0.273765 0.975702 0.860728 0.95893 0.958957 0.605268 0.286127 0.43496 0.73181 0.912067 0.595856 0.360096 0.751372 0.786879 0.61484 0.637131 0.799756 0.980297 0.423846 0.266514 0.924962 0.599446 0.358023 0.115305 0.0321885 0.40818 0.279678 0.0210079 0.199318 0.0299887 0.182827 0.407463 0.276371 0.51683 0.574374 0.50914 0.0103163 0.771353 0.138625 0.120013 0.331028 0.603561 0.246264 0.104507 0.931398 0.550793 0.301138 0.0719313 0.167218 0.29059 0.156483 0.0103109 0.118707 0.0236284 0.0928719 0.0504541 0.0868102 0.408393 0.0266894 0.624959 0.157199 0.0220156 0.171805 0.0379188 0.200411 0.451366 0.407138 0.148705 0.130703 0.13853 0.195021 0.136534 0.623121
0.723734 0.747663 0.134294 0.751618 0.35287 0.875108 0.739207 0.961777 0.208934 0.540255 0.644379 0.751511 0.877441 0.938646 0.5413 0.830183 0.798463 0.975897 0.539113 0.912419 0.795955 0.744767 0.695128 0.78829 0.689351 0.777889 0.962959 0.272647 0.975957 0.861114 0.959196 0.959219 0.605142 0.285318 0.435065 0.732206 0.912599 0.596123 0.360198 0.751614 0.787332 0.615345 0.637313 0.800141 0.980504 0.423582 0.265543 0.925501 0.599637 0.357227 0.1144 0.0318303 0.408342 0.278656 0.0207981 0.198806 0.0297708 0.182448 0.406685 0.275387 0.517146 0.574287 0.509323 0.0101866 0.771895 0.137967 0.119585 0.331245 0.604121 0.246121 0.104159 0.932087 0.550931 0.30036 0.0715954 0.16677 0.289359 0.155887 0.0101798 0.117894 0.0234097 0.0923675 0.0500359 0.0864198 0.408573 0.0264794 0.625715 0.156259 0.0217763 0.171386 0.0376504 0.199342 0.451444 0.406347 0.148234 0.12993 0.137861 0.194092 0.135763 0.623524
0.724344 0.74835 0.133894 0.751897 0.352733 0.875541 0.739432 0.962109 0.20848 0.54048 0.644149 0.752368 0.877868 0.939104 0.541055 0.83058 0.798953 0.976146 0.539602 0.912946 0.79692 0.746111 0.696054 0.788902 0.690444 0.7789 0.963298 0.271525 0.976208 0.8615 0.959468 0.959485 0.605035 0.284529 0.435188 0.732626 0.913114 0.596397 0.360323 0.751879 0.787777 0.615832 0.637473 0.800508 0.980708 0.423284 0.264573 0.926037 0.599848 0.356467 0.113508 0.0314835 0.40858 0.277578 0.0205961 0.198318 0.0295547 0.18206 0.405875 0.274359 0.51741 0.574124 0.509513 0.0100601 0.772416 0.137325 0.119169 0.331512 0.604739 0.246 0.10381 0.93277 0.551097 0.299616 0.071261 0.166321 0.288103 0.155283 0.0100509 0.117113 0.0231936 0.0918733 0.0496343 0.0860261 0.408751 0.0262744 0.62653 0.155327 0.0215441 0.170968 0.0373862 0.198252 0.451554 0.405523 0.147777 0.129147 0.137206 0.19316 0.134998 0.62394
0.724931 0.749034 0.133475 0.752173 0.352577 0.875933 0.739587 0.962431 0.208057 0.540735 0.64391 0.753167 0.878272 0.939563 0.540846 0.830967 0.799428 0.976395 0.540136 0.913462 0.797814 0.747413 0.696945 0.789494 0.691549 0.77989 0.963627 0.270384 0.976453 0.86188 0.959729 0.959746 0.604998 0.283707 0.435316 0.733018 0.913609 0.596629 0.360442 0.752153 0.788203 0.616326 0.637614 0.800884 0.980907 0.423039 0.263646 0.926567 0.600076 0.355662 0.112633 0.0311339 0.408814 0.276491 0.0203909 0.197811 0.0293481 0.181676 0.405042 0.273364 0.517667 0.573989 0.509758 0.00993455 0.772937 0.136699 0.118761 0.331812 0.605288 0.245887 0.103476 0.933445 0.551237 0.29883 0.0709453 0.165887 0.286855 0.154685 0.00992469 0.116348 0.0229807 0.0913593 0.0492249 0.0856456 0.408975 0.0260721 0.62732 0.154381 0.0213125 0.170551 0.0371343 0.197164 0.451669 0.404691 0.147313 0.128361 0.136544 0.192242 0.134257 0.624364
0.725554 0.749712 0.133067 0.752437 0.352404 0.876323 0.739819 0.96276 0.207609 0.541021 0.643682 0.754001 0.87868 0.94001 0.54069 0.831359 0.799923 0.976639 0.540654 0.913972 0.798768 0.748694 0.697826 0.790094 0.692661 0.780873 0.963954 0.269286 0.976694 0.862263 0.959985 0.960003 0.604859 0.282871 0.435492 0.733369 0.914104 0.596888 0.360614 0.752418 0.788627 0.616797 0.637795 0.801273 0.981098 0.422772 0.262701 0.927094 0.600338 0.354886 0.111764 0.030793 0.409033 0.275387 0.0201927 0.197312 0.0291531 0.181282 0.404245 0.272391 0.517935 0.57386 0.509908 0.00980946 0.773489 0.136065 0.118346 0.332105 0.605828 0.245756 0.103145 0.934102 0.551349 0.298046 0.0706408 0.165478 0.285603 0.154098 0.00980285 0.115576 0.022773 0.0908845 0.0488231 0.0852751 0.40918 0.0258764 0.628107 0.153454 0.0210891 0.170141 0.036887 0.196092 0.451757 0.403854 0.146873 0.127594 0.135911 0.191322 0.133505 0.62476
0.726149 0.750419 0.132679 0.752701 0.352219 0.876698 0.74005 0.96308 0.207196 0.541246 0.643448 0.754851 0.879068 0.940463 0.540487 0.831722 0.800406 0.976876 0.541198 0.914465 0.799704 0.749999 0.698753 0.790716 0.693773 0.781836 0.964271 0.268187 0.976934 0.862617 0.960233 0.960248 0.604705 0.282088 0.435637 0.73376 0.914605 0.597156 0.360725 0.752659 0.789052 0.617326 0.637975 0.801641 0.981287 0.422514 0.261772 0.927596 0.600599 0.354137 0.110896 0.0304619 0.409275 0.274289 0.0200004 0.196823 0.028951 0.180928 0.403386 0.271408 0.51819 0.573697 0.510113 0.00968868 0.77398 0.135418 0.117949 0.332416 0.606408 0.245666 0.102823 0.93476 0.551488 0.297291 0.070342 0.165064 0.28433 0.153521 0.00968316 0.11482 0.0225713 0.0904056 0.0484386 0.0849172 0.409413 0.0256842 0.628919 0.152539 0.0208659 0.169751 0.0366451 0.195033 0.451874 0.402985 0.14643 0.126831 0.135293 0.190385 0.132762 0.625146
0.726779 0.751071 0.132294 0.752928 0.352106 0.877101 0.740249 0.963391 0.206776 0.541502 0.643197 0.755704 0.879446 0.940901 0.540278 0.832088 0.800891 0.97711 0.54174 0.914959 0.800629 0.751295 0.69972 0.791337 0.6949 0.7828 0.964587 0.267057 0.977165 0.862964 0.960469 0.96049 0.604553 0.281307 0.435782 0.734146 0.915095 0.597389 0.360875 0.752921 0.789482 0.617817 0.638108 0.801983 0.981475 0.42229 0.260835 0.928109 0.600827 0.353332 0.110035 0.0301374 0.409525 0.273239 0.0198083 0.196364 0.0287537 0.180609 0.402555 0.270404 0.518449 0.573523 0.510315 0.00957256 0.774506 0.134806 0.117572 0.332738 0.60699 0.245582 0.102522 0.935406 0.551603 0.296528 0.0700421 0.164662 0.283074 0.152951 0.00956755 0.114063 0.022376 0.0899508 0.0480597 0.0845735 0.409644 0.0254947 0.629702 0.151627 0.0206504 0.169362 0.0364074 0.19398 0.451995 0.402125 0.145982 0.126083 0.134688 0.189478 0.132037 0.625535
0.727346 0.751725 0.131929 0.753139 0.351942 0.877482 0.740434 0.963701 0.206382 0.541728 0.64295 0.756519 0.879836 0.941327 0.540056 0.832446 0.80136 0.977335 0.542237 0.915454 0.801543 0.752614 0.700672 0.791912 0.695995 0.783766 0.964894 0.265924 0.977394 0.863299 0.960705 0.960729 0.604379 0.280502 0.435919 0.734497 0.915587 0.597643 0.36109 0.753181 0.789905 0.618274 0.638216 0.802271 0.981657 0.42206 0.259884 0.928605 0.601036 0.352596 0.109181 0.0298198 0.40973 0.272142 0.019625 0.195895 0.0285645 0.180263 0.401674 0.269404 0.518732 0.573323 0.510535 0.00945892 0.77502 0.134202 0.117206 0.333093 0.60759 0.245537 0.10222 0.936039 0.551747 0.295777 0.0697528 0.164281 0.281825 0.152386 0.0094532 0.113315 0.0221805 0.0894943 0.0476853 0.0842293 0.409874 0.0253104 0.630487 0.150696 0.0204355 0.168968 0.0361751 0.19291 0.452086 0.401231 0.145571 0.125328 0.134077 0.188537 0.131318 0.625949
0.727922 0.752434 0.131562 0.753369 0.351829 0.877851 0.740592 0.964006 0.206001 0.542043 0.64269 0.757346 0.880222 0.941757 0.539836 0.832787 0.801817 0.977562 0.542795 0.915933 0.802439 0.753907 0.701585 0.792474 0.697105 0.78475 0.965198 0.264788 0.97762 0.863635 0.960941 0.960958 0.604228 0.279679 0.43607 0.734862 0.91606 0.597889 0.361297 0.753405 0.790326 0.618759 0.6383 0.802612 0.981838 0.421811 0.258914 0.929107 0.601258 0.351809 0.108335 0.0294988 0.409963 0.27103 0.0194445 0.195443 0.0283792 0.179924 0.400796 0.268415 0.519023 0.573153 0.51077 0.00934663 0.775509 0.13358 0.116836 0.333468 0.608181 0.245453 0.101912 0.936669 0.551884 0.294965 0.0694718 0.16389 0.280555 0.15185 0.00934011 0.112574 0.021989 0.0890427 0.0473197 0.0839066 0.410145 0.0251302 0.631242 0.149818 0.0202233 0.168613 0.0359427 0.191862 0.4522 0.400334 0.145169 0.12459 0.133452 0.187643 0.130616 0.626307
0.72848 0.753102 0.131204 0.753573 0.351674 0.878198 0.740762 0.964297 0.205583 0.542275 0.642453 0.758174 0.880585 0.94217 0.53965 0.833133 0.802238 0.977784 0.543328 0.916412 0.803351 0.755213 0.702519 0.79304 0.698216 0.785709 0.965497 0.263618 0.977837 0.863958 0.961176 0.961189 0.604042 0.278864 0.436251 0.735231 0.916531 0.598103 0.361505 0.753625 0.790765 0.619211 0.638418 0.802954 0.982014 0.421589 0.257962 0.929599 0.601482 0.351024 0.1075 0.0291878 0.410209 0.269933 0.0192694 0.194999 0.0281944 0.179573 0.399878 0.26743 0.519315 0.572943 0.510986 0.00923613 0.776001 0.132961 0.116477 0.333873 0.608755 0.24536 0.101631 0.937295 0.551963 0.294191 0.0692024 0.16352 0.279281 0.151303 0.00922979 0.111833 0.0218023 0.0886027 0.0469525 0.0835695 0.410368 0.0249525 0.632035 0.148917 0.0200184 0.16825 0.0357237 0.190803 0.452345 0.399469 0.14476 0.123842 0.132857 0.186746 0.129894 0.626675
0.729082 0.753747 0.130855 0.753788 0.351561 0.878545 0.740909 0.964594 0.205195 0.542553 0.642154 0.758971 0.880947 0.942586 0.53941 0.833433 0.802685 0.978005 0.543909 0.916887 0.804263 0.756514 0.703463 0.793633 0.699353 0.786662 0.965797 0.262462 0.978052 0.864263 0.961396 0.96141 0.603852 0.278065 0.436441 0.73554 0.917013 0.598339 0.361673 0.753857 0.791175 0.619687 0.638568 0.803253 0.982186 0.421337 0.257012 0.930067 0.601718 0.350238 0.106662 0.0288842 0.410468 0.268856 0.0190976 0.194547 0.0280167 0.179258 0.399005 0.266448 0.519588 0.57274 0.511156 0.00912952 0.776499 0.132344 0.116118 0.334274 0.609347 0.245303 0.101352 0.937919 0.552112 0.293415 0.0689333 0.163158 0.278035 0.150773 0.00911993 0.111103 0.0216172 0.0881487 0.0465869 0.0832382 0.410622 0.0247806 0.63283 0.148021 0.0198178 0.167903 0.035509 0.189767 0.452452 0.398568 0.144362 0.1231 0.132267 0.185831 0.129208 0.627071
0.729658 0.754421 0.130534 0.753956 0.351459 0.878882 0.741072 0.964878 0.204833 0.542845 0.641814 0.759779 0.881267 0.943003 0.539237 0.833763 0.803132 0.97822 0.544463 0.91735 0.805166 0.757825 0.704418 0.794167 0.700491 0.787601 0.966087 0.261287 0.978266 0.86454 0.961612 0.961633 0.603706 0.277229 0.436654 0.735888 0.917475 0.598576 0.361862 0.754059 0.791561 0.620186 0.638697 0.803561 0.982355 0.421117 0.256052 0.93054 0.601972 0.349462 0.105853 0.0285824 0.410737 0.267788 0.0189279 0.194067 0.0278406 0.17896 0.398145 0.265465 0.519883 0.572563 0.511395 0.00902358 0.776973 0.131773 0.115778 0.33466 0.609922 0.245248 0.101083 0.938532 0.552283 0.292649 0.068675 0.16279 0.276771 0.150233 0.00901422 0.110374 0.0214434 0.0877085 0.0462229 0.0829346 0.410874 0.02461 0.633586 0.147131 0.0196212 0.167564 0.0352919 0.188718 0.452603 0.397678 0.143955 0.12236 0.131664 0.184944 0.12852 0.62746
0.730225 0.755077 0.130211 0.75414 0.351344 0.879213 0.741205 0.965166 0.204452 0.543121 0.641552 0.760599 0.881596 0.9434 0.53898 0.834073 0.803571 0.97843 0.545037 0.917812 0.806064 0.759098 0.705323 0.794716 0.701651 0.788537 0.966368 0.260134 0.978476 0.864827 0.96183 0.961849 0.603481 0.276408 0.436831 0.736223 0.917935 0.598807 0.362104 0.75425 0.791942 0.620692 0.638844 0.803856 0.982521 0.420889 0.255094 0.931007 0.602201 0.348686 0.105049 0.028283 0.411026 0.266666 0.0187586 0.193645 0.0276672 0.178659 0.397246 0.264437 0.520132 0.572316 0.511652 0.00891884 0.777433 0.131183 0.115462 0.335056 0.610526 0.245197 0.100824 0.939144 0.55248 0.291889 0.0684189 0.16245 0.275488 0.149691 0.00891089 0.109642 0.0212688 0.0872753 0.045865 0.0826149 0.411142 0.024446 0.634369 0.146216 0.0194286 0.167214 0.0350804 0.18766 0.452736 0.396804 0.143578 0.121639 0.131079 0.184059 0.127837 0.627834
0.730789 0.755747 0.129885 0.754344 0.351229 0.879522 0.741322 0.965442 0.204082 0.543298 0.641207 0.761404 0.881936 0.943795 0.538763 0.834361 0.803994 0.978639 0.545607 0.918245 0.806974 0.760407 0.706299 0.795283 0.702783 0.789471 0.966655 0.25898 0.978681 0.865098 0.962034 0.962052 0.603273 0.275594 0.437037 0.73652 0.918384 0.599041 0.362303 0.754459 0.792318 0.621164 0.63893 0.804125 0.982688 0.420636 0.254148 0.931464 0.602421 0.34788 0.104257 0.02799 0.411275 0.265569 0.018592 0.193217 0.0275037 0.178391 0.396346 0.263446 0.520422 0.572105 0.511896 0.00881667 0.77791 0.130625 0.115139 0.33551 0.611094 0.245144 0.100569 0.939753 0.552666 0.291153 0.0681714 0.16209 0.274272 0.149173 0.00881007 0.108921 0.0210975 0.0868554 0.045525 0.0823174 0.411412 0.0242844 0.635162 0.145344 0.0192396 0.166853 0.0348746 0.186617 0.452876 0.39587 0.143192 0.120922 0.130511 0.183158 0.127147 0.628239
0.73137 0.756424 0.129557 0.754551 0.351158 0.879833 0.74143 0.965713 0.203761 0.543588 0.64089 0.762205 0.882241 0.944177 0.538521 0.834664 0.804389 0.978839 0.54619 0.918681 0.807871 0.761709 0.707235 0.795808 0.703901 0.790397 0.966933 0.257839 0.978882 0.865381 0.962239 0.962248 0.603083 0.27474 0.437228 0.736839 0.918835 0.599221 0.362564 0.754635 0.792691 0.621625 0.638983 0.804398 0.982849 0.420404 0.253221 0.93191 0.602644 0.347078 0.103443 0.0277034 0.411558 0.264455 0.0184308 0.192778 0.0273443 0.17811 0.395401 0.262491 0.520701 0.57186 0.512136 0.00871748 0.778376 0.130067 0.114817 0.335961 0.611712 0.245104 0.100319 0.940348 0.55278 0.290419 0.067938 0.161756 0.272993 0.148662 0.00870996 0.108211 0.0209293 0.0864421 0.045185 0.0820276 0.411676 0.0241201 0.635953 0.144465 0.0190517 0.166517 0.0346727 0.185587 0.453076 0.394948 0.142825 0.120226 0.129918 0.182284 0.126472 0.628635
0.731973 0.757099 0.129268 0.754735 0.351088 0.88014 0.741539 0.965985 0.203418 0.543865 0.640557 0.763011 0.88253 0.944561 0.538255 0.834955 0.804778 0.97904 0.546753 0.919123 0.808778 0.763033 0.708187 0.796349 0.705018 0.791372 0.967207 0.256663 0.979082 0.865633 0.962441 0.962451 0.602851 0.273946 0.437409 0.737142 0.919277 0.599396 0.362845 0.75481 0.793037 0.622113 0.639059 0.804649 0.983006 0.420179 0.252277 0.932355 0.602909 0.346279 0.102638 0.0274182 0.411884 0.263327 0.0182727 0.192376 0.0271821 0.177837 0.394481 0.261467 0.521034 0.571645 0.512312 0.00861944 0.778849 0.129478 0.114503 0.336438 0.612334 0.245067 0.100088 0.940936 0.552913 0.289679 0.0676961 0.161413 0.271717 0.148127 0.00861351 0.107497 0.0207637 0.0860437 0.0448445 0.0817364 0.412005 0.0239638 0.636742 0.143597 0.0188669 0.166226 0.0344804 0.184546 0.453276 0.394019 0.142467 0.119529 0.129374 0.181436 0.125801 0.629017
0.73255 0.757695 0.12897 0.754858 0.350999 0.880449 0.74163 0.966248 0.203079 0.544116 0.640229 0.763809 0.882827 0.944942 0.538043 0.835279 0.805194 0.979239 0.547356 0.919568 0.809705 0.764351 0.709179 0.796876 0.706172 0.792311 0.967475 0.25552 0.979273 0.865873 0.962632 0.96265 0.602638 0.273129 0.437636 0.737451 0.919706 0.59959 0.363092 0.754962 0.793377 0.622554 0.639129 0.804897 0.983163 0.419955 0.251335 0.932792 0.603193 0.345457 0.101841 0.0271385 0.412214 0.262228 0.0181137 0.191989 0.0270213 0.177569 0.393549 0.260457 0.521314 0.571432 0.512517 0.0085235 0.779305 0.128906 0.114199 0.336893 0.612948 0.245108 0.0998463 0.941533 0.553021 0.288917 0.0674695 0.161085 0.270462 0.147643 0.00851769 0.106789 0.0206008 0.0856616 0.0445101 0.0814605 0.412345 0.0238139 0.637538 0.142715 0.0186874 0.165942 0.034289 0.183522 0.453441 0.393069 0.142111 0.118819 0.128821 0.180564 0.125117 0.629428
0.733087 0.758348 0.128677 0.754995 0.350936 0.880754 0.741701 0.966514 0.202768 0.544403 0.639898 0.764601 0.883091 0.945323 0.537792 0.835563 0.805554 0.97943 0.547944 0.920017 0.810593 0.765637 0.710129 0.797432 0.707325 0.793257 0.967738 0.254399 0.979468 0.866113 0.962824 0.962844 0.602411 0.272289 0.437854 0.73776 0.92014 0.599801 0.363354 0.755125 0.79372 0.623037 0.639198 0.805135 0.983317 0.419742 0.250356 0.933218 0.603467 0.344672 0.101067 0.0268638 0.412511 0.261121 0.0179604 0.191588 0.0268651 0.177344 0.392636 0.259462 0.521638 0.571151 0.512785 0.00842975 0.77979 0.128364 0.113897 0.337364 0.613569 0.245146 0.0996389 0.942107 0.553171 0.288142 0.0672456 0.160805 0.269177 0.147155 0.00842388 0.106095 0.0204419 0.085272 0.0441831 0.0811896 0.412584 0.0236644 0.638359 0.141831 0.0185102 0.165643 0.034098 0.182492 0.453568 0.392091 0.141752 0.118121 0.128263 0.179717 0.124458 0.629823
0.733644 0.758983 0.128417 0.755174 0.350899 0.881024 0.741816 0.966771 0.202429 0.544656 0.639546 0.765382 0.883372 0.945693 0.53751 0.835828 0.80592 0.979622 0.548531 0.920459 0.81148 0.766926 0.711073 0.797935 0.708522 0.794194 0.968 0.253249 0.979659 0.866345 0.963007 0.963035 0.602191 0.271479 0.438022 0.738041 0.920574 0.599988 0.363643 0.755263 0.794059 0.623532 0.639242 0.805382 0.983468 0.419548 0.249442 0.933632 0.603696 0.343875 0.100289 0.0265923 0.412846 0.260042 0.0178125 0.191194 0.0267127 0.177078 0.391706 0.258511 0.521941 0.570907 0.513034 0.00833787 0.780261 0.127815 0.113597 0.337845 0.614165 0.245151 0.0994208 0.942682 0.553273 0.28737 0.0670307 0.160484 0.267904 0.146642 0.00833254 0.105375 0.0202885 0.084888 0.0438577 0.0809216 0.41288 0.0235221 0.639163 0.140988 0.0183346 0.165354 0.0339162 0.181443 0.453686 0.391168 0.141402 0.117426 0.127721 0.178876 0.123797 0.630192
0.73421 0.75957 0.128142 0.755311 0.350792 0.881292 0.741899 0.967025 0.202145 0.544893 0.639166 0.766195 0.883654 0.946054 0.537252 0.836088 0.806278 0.979805 0.549146 0.920889 0.812344 0.76824 0.712073 0.798465 0.709703 0.795169 0.968253 0.252115 0.979845 0.866552 0.963186 0.963217 0.60195 0.270712 0.43825 0.738309 0.921012 0.600209 0.363955 0.755388 0.794379 0.624003 0.639287 0.805613 0.983614 0.41931 0.248509 0.934051 0.603965 0.343026 0.0995221 0.0263253 0.413187 0.258923 0.0176663 0.190787 0.0265694 0.176839 0.390752 0.257527 0.522206 0.570689 0.513325 0.00824763 0.780712 0.127302 0.113314 0.338333 0.614808 0.24522 0.099205 0.943247 0.553408 0.286618 0.0668252 0.160181 0.266665 0.146153 0.00824284 0.104694 0.0201378 0.0845178 0.0435304 0.0806689 0.413257 0.0233785 0.639926 0.140133 0.0181642 0.165071 0.0337353 0.180406 0.45386 0.390211 0.141052 0.116737 0.127184 0.178025 0.123165 0.630549
0.734734 0.760215 0.127876 0.755456 0.350731 0.881575 0.74196 0.967274 0.201811 0.545229 0.638801 0.767014 0.883901 0.946409 0.536971 0.836356 0.806658 0.979989 0.549748 0.921307 0.813201 0.769524 0.713065 0.798979 0.710836 0.796119 0.968504 0.25101 0.980022 0.866783 0.963368 0.963397 0.601711 0.269883 0.438463 0.738593 0.921437 0.600452 0.364254 0.755502 0.794695 0.624498 0.639365 0.805837 0.983759 0.419109 0.24757 0.934456 0.604169 0.34225 0.0987545 0.0260548 0.413513 0.257789 0.0175208 0.190398 0.0264257 0.176629 0.389782 0.25651 0.522557 0.570429 0.513604 0.00816065 0.781154 0.126751 0.113004 0.338876 0.615466 0.245258 0.0990038 0.94381 0.553533 0.285842 0.0666258 0.15989 0.265382 0.145651 0.00815513 0.104024 0.0199881 0.0841361 0.0432174 0.0804195 0.41354 0.0232383 0.640694 0.139284 0.0179969 0.164779 0.0335584 0.179376 0.454019 0.389222 0.140724 0.116031 0.126649 0.177166 0.122504 0.630934
0.735281 0.760824 0.127602 0.755612 0.350698 0.881839 0.742034 0.967528 0.201507 0.545531 0.638457 0.76782 0.884179 0.946761 0.536649 0.836599 0.807003 0.98017 0.550322 0.921723 0.814094 0.770812 0.714025 0.799493 0.71196 0.79705 0.968754 0.249853 0.9802 0.866963 0.963542 0.963569 0.601445 0.269107 0.4387 0.73885 0.921845 0.600677 0.364543 0.755665 0.795008 0.624972 0.639418 0.80604 0.9839 0.418896 0.246648 0.934856 0.604431 0.341469 0.0979879 0.0257954 0.413874 0.256649 0.0173784 0.190018 0.0262835 0.176407 0.388802 0.255492 0.522899 0.570173 0.51387 0.00807466 0.781597 0.126226 0.112739 0.339385 0.616143 0.245352 0.0988048 0.944368 0.553621 0.285074 0.0664233 0.159615 0.264085 0.145151 0.00806868 0.103345 0.0198426 0.0837826 0.0429091 0.0801767 0.413907 0.0231003 0.64148 0.138444 0.0178277 0.164482 0.0333869 0.17833 0.454187 0.388263 0.140418 0.115358 0.126098 0.176322 0.12189 0.631291
0.735823 0.761465 0.127359 0.755753 0.350663 0.882096 0.742074 0.967769 0.20122 0.54582 0.63807 0.768598 0.88444 0.947108 0.536386 0.836835 0.807363 0.980349 0.55097 0.922134 0.814975 0.772121 0.714982 0.799993 0.713125 0.79796 0.969006 0.248665 0.980379 0.867141 0.963717 0.963744 0.601145 0.268311 0.438857 0.739107 0.922264 0.600912 0.36483 0.75582 0.79534 0.625467 0.639468 0.80623 0.984039 0.418687 0.245749 0.935265 0.604636 0.340665 0.0972424 0.0255368 0.414241 0.255543 0.0172406 0.189627 0.0261514 0.176197 0.387809 0.254495 0.523196 0.569898 0.514114 0.00798943 0.782057 0.125719 0.112454 0.339907 0.616758 0.245373 0.0986056 0.944909 0.553781 0.284299 0.066214 0.15934 0.262818 0.144665 0.00798429 0.10267 0.0196932 0.0834165 0.0426155 0.0799229 0.414287 0.0229647 0.642298 0.137601 0.0176664 0.164213 0.0332201 0.177304 0.454351 0.38729 0.140093 0.114687 0.125573 0.175466 0.121257 0.63167
0.736339 0.762092 0.127109 0.755897 0.35066 0.882346 0.742121 0.968018 0.200906 0.546113 0.637605 0.769379 0.884688 0.947451 0.536063 0.837077 0.807702 0.980519 0.551597 0.92254 0.815861 0.773421 0.715959 0.8005 0.714274 0.798942 0.969244 0.247511 0.980551 0.867321 0.963878 0.963908 0.600834 0.267496 0.439102 0.739368 0.922658 0.601126 0.365179 0.755919 0.795652 0.625918 0.639497 0.806461 0.984177 0.418473 0.244809 0.935659 0.604872 0.339824 0.0964853 0.0252848 0.414597 0.25444 0.0171022 0.189234 0.0260204 0.175987 0.386828 0.253487 0.523574 0.56961 0.514409 0.00790571 0.782498 0.125211 0.112191 0.340454 0.61742 0.245464 0.0984288 0.945451 0.55392 0.283498 0.0660322 0.159088 0.261521 0.14419 0.00790124 0.102 0.0195531 0.0830648 0.0423108 0.0796844 0.414663 0.0228352 0.643108 0.136745 0.0175064 0.163941 0.0330584 0.176305 0.454547 0.386274 0.139772 0.113997 0.125064 0.174645 0.120626 0.632037
0.736862 0.762707 0.126875 0.756043 0.350617 0.882591 0.742162 0.968255 0.200623 0.546418 0.6372 0.770191 0.884929 0.947797 0.535761 0.8373 0.808034 0.980687 0.552209 0.922941 0.816762 0.774731 0.716958 0.801008 0.71546 0.799891 0.969478 0.246384 0.98072 0.867507 0.964044 0.964071 0.600539 0.266694 0.439334 0.739601 0.923054 0.601334 0.365497 0.756037 0.79594 0.626394 0.639555 0.806669 0.984313 0.41827 0.243879 0.936058 0.6051 0.339002 0.0957472 0.0250337 0.414952 0.253355 0.0169671 0.188877 0.0258929 0.175802 0.385832 0.252477 0.523918 0.569328 0.514652 0.00782358 0.782949 0.124685 0.111902 0.34102 0.618095 0.245549 0.0982607 0.945979 0.554096 0.282707 0.0658445 0.158826 0.2602 0.143711 0.00782004 0.101329 0.0194157 0.0827146 0.0420122 0.0794531 0.415073 0.0227082 0.643935 0.135911 0.0173474 0.163667 0.0328948 0.175293 0.454671 0.385285 0.139464 0.113322 0.124544 0.173811 0.119998 0.632424
0.737394 0.763315 0.126629 0.756127 0.350633 0.882829 0.742189 0.968482 0.200354 0.546719 0.636746 0.770977 0.885166 0.948133 0.535434 0.837524 0.808372 0.980854 0.552853 0.923328 0.81764 0.776039 0.717937 0.801507 0.716613 0.800832 0.96971 0.245209 0.980886 0.867685 0.9642 0.964236 0.600236 0.265871 0.439573 0.73984 0.923453 0.601547 0.365834 0.756156 0.796195 0.626891 0.63959 0.806846 0.984447 0.418028 0.242969 0.936461 0.605307 0.338205 0.094993 0.0247884 0.415336 0.252243 0.0168366 0.188514 0.0257691 0.175599 0.384802 0.251465 0.524257 0.569046 0.514914 0.00774392 0.78334 0.12417 0.111651 0.341593 0.618751 0.245641 0.0980882 0.946503 0.554214 0.281943 0.065663 0.158577 0.258892 0.143244 0.00774086 0.10066 0.0192789 0.0823859 0.0417134 0.0792183 0.415422 0.0225812 0.644742 0.135082 0.0171911 0.163411 0.0327443 0.174312 0.454874 0.384268 0.139177 0.112651 0.12404 0.172979 0.119379 0.63279
0.737918 0.763939 0.126417 0.756226 0.350618 0.883047 0.742221 0.96871 0.200068 0.547019 0.63631 0.77173 0.885409 0.948465 0.535131 0.837737 0.808678 0.981019 0.553523 0.923718 0.818538 0.77735 0.718895 0.802013 0.717779 0.801775 0.969933 0.244082 0.981046 0.867836 0.964351 0.964396 0.599942 0.26507 0.439861 0.740067 0.923854 0.601773 0.36622 0.756261 0.796482 0.627394 0.639621 0.807015 0.98458 0.417809 0.242091 0.936845 0.605563 0.337375 0.0942659 0.024542 0.415698 0.251088 0.0167085 0.188134 0.0256472 0.175426 0.383753 0.25045 0.524604 0.568794 0.515198 0.00766601 0.783752 0.123665 0.111425 0.342184 0.619378 0.245754 0.0979256 0.947026 0.554334 0.281143 0.065488 0.15835 0.257586 0.142775 0.00766307 0.100001 0.0191425 0.082058 0.0414329 0.0790015 0.415832 0.022461 0.645534 0.13426 0.0170386 0.163146 0.0325942 0.173292 0.455049 0.383202 0.13889 0.111988 0.12353 0.172153 0.118764 0.633136
0.738405 0.764561 0.126178 0.756322 0.350632 0.883251 0.742237 0.968938 0.19977 0.547334 0.635894 0.772548 0.885636 0.948797 0.534811 0.837965 0.808987 0.981181 0.5542 0.924092 0.819399 0.778685 0.719875 0.802494 0.718979 0.802723 0.970158 0.242916 0.981208 0.867995 0.964499 0.964549 0.599611 0.264281 0.44011 0.740303 0.924228 0.602004 0.366625 0.756361 0.796737 0.627849 0.639702 0.807202 0.984708 0.417669 0.241199 0.937226 0.605761 0.336518 0.0935393 0.0243025 0.416118 0.249967 0.016586 0.187767 0.0255295 0.175243 0.382663 0.249459 0.524989 0.568484 0.515495 0.0075904 0.784129 0.123169 0.111174 0.342822 0.620055 0.245893 0.0977561 0.947546 0.554505 0.280378 0.065318 0.158116 0.25628 0.142295 0.00758702 0.0993431 0.0190125 0.0817385 0.0411518 0.0787773 0.416222 0.0223427 0.646329 0.133428 0.0168903 0.162906 0.0324474 0.172276 0.4552 0.382195 0.13861 0.111328 0.123031 0.171361 0.118157 0.633525
0.738916 0.76516 0.125944 0.756424 0.350647 0.883464 0.742255 0.969166 0.199509 0.547629 0.635398 0.773375 0.885846 0.949127 0.53447 0.838174 0.809301 0.981338 0.554846 0.924481 0.820296 0.780006 0.720859 0.802983 0.72015 0.803697 0.97038 0.241776 0.981371 0.868145 0.964649 0.964694 0.599311 0.26347 0.440406 0.740542 0.9246 0.602193 0.366975 0.756475 0.796948 0.628401 0.639723 0.807351 0.984835 0.417481 0.240291 0.937599 0.606012 0.335646 0.0928238 0.0240668 0.416505 0.248865 0.0164644 0.187425 0.0254083 0.175089 0.381603 0.248458 0.525342 0.568211 0.515771 0.00751528 0.784554 0.122676 0.110935 0.343457 0.620711 0.24604 0.0975956 0.948054 0.554561 0.279608 0.0651494 0.157886 0.255 0.14185 0.00751112 0.0987058 0.018885 0.0814215 0.0408676 0.078559 0.416659 0.0222259 0.647156 0.132611 0.0167428 0.162666 0.0322958 0.171275 0.455356 0.381114 0.138327 0.110678 0.122537 0.170522 0.117556 0.633935
0.73945 0.765783 0.125746 0.756482 0.350646 0.883678 0.742267 0.969387 0.199238 0.547919 0.634963 0.774163 0.88606 0.949453 0.534103 0.838374 0.809623 0.981495 0.555465 0.924856 0.821161 0.781319 0.721816 0.803454 0.721324 0.804609 0.970604 0.240622 0.98153 0.868278 0.964792 0.964837 0.598995 0.262637 0.440684 0.740756 0.924989 0.602358 0.367359 0.756534 0.797219 0.628879 0.639714 0.8075 0.984958 0.417272 0.239415 0.93797 0.606282 0.334811 0.0921033 0.0238353 0.416905 0.24774 0.0163443 0.187084 0.0252997 0.174933 0.380554 0.247398 0.525696 0.567862 0.516083 0.00744277 0.784959 0.12217 0.110689 0.344068 0.62137 0.246167 0.0974585 0.948554 0.554651 0.278837 0.064985 0.15766 0.253718 0.141394 0.00743649 0.0980509 0.0187608 0.0811112 0.0405871 0.078364 0.417058 0.0221128 0.647967 0.131793 0.0165969 0.162455 0.032154 0.170281 0.45551 0.380036 0.138063 0.110032 0.122038 0.169744 0.116935 0.634331
0.739965 0.766402 0.125557 0.756544 0.350629 0.883894 0.742232 0.969604 0.198984 0.548188 0.634511 0.774923 0.886245 0.949768 0.533778 0.838587 0.809913 0.98165 0.556128 0.925229 0.822015 0.782631 0.722793 0.803914 0.722503 0.805532 0.970816 0.239465 0.981681 0.868398 0.964934 0.964976 0.598615 0.261797 0.440965 0.740959 0.925373 0.60252 0.367802 0.756576 0.797427 0.629393 0.639772 0.807649 0.985078 0.417051 0.238501 0.93833 0.606521 0.333944 0.0913807 0.0236061 0.4173 0.246599 0.0162231 0.186744 0.0251853 0.174791 0.379491 0.246393 0.526095 0.567572 0.516389 0.00737195 0.78538 0.121686 0.110466 0.344727 0.622022 0.246296 0.0973181 0.949058 0.554756 0.278024 0.0648414 0.157439 0.252423 0.140958 0.00736459 0.0974019 0.0186351 0.0808038 0.0403099 0.0781745 0.417502 0.022 0.648778 0.130967 0.0164574 0.162223 0.0320216 0.169289 0.455747 0.378987 0.137802 0.109362 0.121566 0.16894 0.116344 0.634729
0.740501 0.767012 0.125385 0.756603 0.350614 0.884096 0.742201 0.969819 0.198753 0.548492 0.634046 0.775714 0.886455 0.950084 0.533442 0.838784 0.810204 0.981801 0.556771 0.925594 0.822878 0.783933 0.7238 0.804376 0.723718 0.806441 0.971029 0.238306 0.981828 0.868524 0.965073 0.965114 0.598265 0.260985 0.441247 0.741177 0.925738 0.602721 0.368216 0.75662 0.797647 0.629913 0.639758 0.807803 0.985198 0.416844 0.23758 0.938678 0.606758 0.333089 0.0906674 0.0233722 0.417738 0.245494 0.0161053 0.186386 0.0250787 0.174675 0.378379 0.245397 0.526451 0.567265 0.516677 0.00730079 0.785767 0.121208 0.110254 0.345426 0.622713 0.246425 0.0971889 0.949562 0.554896 0.277208 0.0647028 0.157218 0.251137 0.140518 0.00729382 0.0967591 0.0185158 0.0805042 0.0400306 0.0779859 0.417932 0.0218929 0.649543 0.130161 0.0163172 0.162019 0.031889 0.16829 0.455916 0.377903 0.137539 0.108715 0.121092 0.168124 0.115762 0.63515
0.741004 0.767621 0.12521 0.756632 0.350647 0.884278 0.74219 0.97003 0.198549 0.548783 0.633577 0.776481 0.886631 0.950392 0.533119 0.838986 0.810469 0.981951 0.557442 0.925958 0.823733 0.785245 0.724779 0.804869 0.724885 0.807396 0.971238 0.237161 0.981979 0.868643 0.965207 0.965249 0.597907 0.260176 0.441544 0.741356 0.926091 0.602843 0.368639 0.756699 0.797866 0.630381 0.639757 0.807945 0.985314 0.416617 0.236661 0.939035 0.606999 0.3322 0.0899627 0.023147 0.41817 0.244353 0.0159907 0.186071 0.0249685 0.174574 0.377328 0.244373 0.526796 0.566954 0.516976 0.00723134 0.786181 0.120728 0.110029 0.346098 0.623392 0.246595 0.0970629 0.950062 0.555033 0.276449 0.0645539 0.157018 0.24984 0.140092 0.00722584 0.0961168 0.0183981 0.0802131 0.0397568 0.0778088 0.418335 0.021785 0.65034 0.129352 0.016183 0.161778 0.0317581 0.167283 0.456129 0.3768 0.137295 0.108064 0.120613 0.167333 0.115166 0.635547
0.741471 0.768214 0.125044 0.756671 0.350695 0.88446 0.742161 0.970241 0.198321 0.549076 0.633093 0.777284 0.88683 0.950704 0.532782 0.839183 0.810723 0.982098 0.558112 0.926318 0.824617 0.786566 0.725787 0.805356 0.726097 0.808297 0.971445 0.236008 0.982126 0.868752 0.965339 0.965381 0.59754 0.259354 0.441824 0.741559 0.926466 0.603001 0.369122 0.756759 0.798091 0.630885 0.639771 0.808087 0.98543 0.416451 0.235779 0.939381 0.607241 0.331341 0.0892583 0.0229242 0.418607 0.243215 0.015878 0.185722 0.0248646 0.17444 0.376227 0.243324 0.527198 0.566623 0.517265 0.0071621 0.786583 0.12026 0.109817 0.346775 0.624103 0.246786 0.0969556 0.950554 0.5552 0.275634 0.0643975 0.156811 0.248533 0.139649 0.00715699 0.095487 0.0182782 0.0799287 0.0394926 0.0776362 0.418762 0.0216814 0.651149 0.128527 0.016044 0.161561 0.0316311 0.166274 0.456312 0.375684 0.137035 0.107426 0.120135 0.166527 0.114592 0.635968
0.741961 0.768824 0.12487 0.756722 0.350754 0.884624 0.742141 0.970448 0.198084 0.549362 0.632585 0.778089 0.887013 0.951004 0.532439 0.839377 0.810979 0.982244 0.558847 0.926673 0.82547 0.787858 0.726785 0.805826 0.727283 0.809211 0.971651 0.234845 0.982271 0.868863 0.96547 0.965507 0.597185 0.258533 0.44211 0.741713 0.926826 0.603136 0.369587 0.756821 0.798304 0.63139 0.639789 0.808211 0.985543 0.416262 0.234877 0.939724 0.607462 0.330463 0.0885529 0.0227041 0.419049 0.242102 0.0157687 0.185417 0.024761 0.174319 0.375107 0.242289 0.527587 0.566309 0.517602 0.00709487 0.786939 0.119786 0.109605 0.347456 0.624789 0.246969 0.0968499 0.951035 0.555338 0.274821 0.0642711 0.15662 0.247243 0.139226 0.00708971 0.0948556 0.0181613 0.0796507 0.0392392 0.0774698 0.41922 0.0215803 0.651984 0.127729 0.01591 0.161366 0.0315058 0.165308 0.456515 0.37458 0.136776 0.106778 0.119667 0.165727 0.11401 0.636352
0.742439 0.769404 0.124693 0.756788 0.350788 0.884783 0.742054 0.970648 0.197898 0.549665 0.632075 0.778866 0.88718 0.951309 0.532051 0.839534 0.811248 0.982389 0.559555 0.927035 0.826331 0.789196 0.727793 0.806339 0.728505 0.810122 0.971851 0.233672 0.982412 0.868942 0.965593 0.965627 0.596795 0.257728 0.442389 0.741871 0.927187 0.603319 0.370054 0.756833 0.798515 0.631897 0.639824 0.808322 0.985654 0.416046 0.233978 0.940061 0.607745 0.329578 0.0878583 0.0224915 0.419517 0.24097 0.015665 0.185116 0.0246585 0.174179 0.374046 0.241257 0.527972 0.565986 0.517917 0.00702952 0.78735 0.11933 0.1094 0.348154 0.62549 0.247148 0.0967475 0.951509 0.55548 0.274087 0.0641424 0.156439 0.245934 0.138844 0.00702321 0.0942396 0.0180486 0.0793697 0.0389786 0.0772983 0.41967 0.021487 0.652801 0.126962 0.0157821 0.161163 0.0313839 0.164301 0.456702 0.373487 0.136538 0.106142 0.1192 0.164934 0.113432 0.636776
0.742933 0.770006 0.124526 0.756858 0.350801 0.884926 0.741981 0.970843 0.197669 0.550002 0.631557 0.77964 0.887372 0.951614 0.531684 0.839685 0.811499 0.982528 0.560238 0.92739 0.827188 0.790496 0.728821 0.8068 0.729696 0.811031 0.972049 0.232511 0.982552 0.869005 0.965716 0.965749 0.596412 0.256941 0.442708 0.742064 0.927544 0.603506 0.370572 0.756853 0.798714 0.63237 0.639787 0.808458 0.985761 0.415806 0.233091 0.940395 0.608025 0.328694 0.0871584 0.0222828 0.419996 0.239811 0.0155595 0.184824 0.0245622 0.174082 0.372883 0.240204 0.528326 0.565637 0.518233 0.00696479 0.787753 0.118866 0.109193 0.348842 0.626177 0.247333 0.0966329 0.95199 0.555591 0.273297 0.064017 0.156276 0.244639 0.138413 0.00695797 0.0936149 0.0179393 0.0790994 0.0387199 0.0771392 0.420108 0.0213957 0.653586 0.126181 0.0156505 0.160981 0.0312646 0.163309 0.456914 0.372367 0.136298 0.105523 0.11873 0.164159 0.112848 0.637172
0.743384 0.770601 0.124371 0.756852 0.350849 0.885088 0.741929 0.971042 0.197455 0.550284 0.63102 0.780396 0.887525 0.951905 0.531304 0.839802 0.811742 0.982663 0.560988 0.92775 0.82804 0.791792 0.729851 0.807258 0.730902 0.811954 0.972243 0.231351 0.982688 0.869068 0.965831 0.965867 0.596009 0.256132 0.443007 0.742226 0.927885 0.603636 0.371061 0.756899 0.798925 0.632863 0.639775 0.808554 0.985869 0.415589 0.232218 0.940731 0.60824 0.327821 0.086472 0.0220711 0.420427 0.238676 0.0154577 0.184528 0.02447 0.17399 0.37175 0.239179 0.528755 0.565303 0.51854 0.00690111 0.788113 0.1184 0.108998 0.349624 0.626933 0.247536 0.0965361 0.952459 0.555739 0.272476 0.0639008 0.156107 0.24334 0.137985 0.00689452 0.093016 0.0178315 0.0788432 0.0384659 0.0769873 0.420609 0.0213005 0.654391 0.125391 0.0155233 0.160796 0.0311511 0.162314 0.457103 0.371234 0.136058 0.104892 0.118276 0.163381 0.112288 0.637589
0.74388 0.771197 0.124223 0.756881 0.350913 0.885242 0.741846 0.971238 0.197223 0.550585 0.630479 0.781199 0.887679 0.952193 0.530892 0.839941 0.811978 0.982799 0.561769 0.928086 0.828895 0.793063 0.730841 0.807709 0.732085 0.812857 0.972437 0.230171 0.982821 0.869134 0.96595 0.965979 0.595603 0.25532 0.443311 0.742416 0.928233 0.603768 0.371595 0.756905 0.799139 0.633361 0.639764 0.80864 0.985977 0.415336 0.231324 0.941053 0.608503 0.326918 0.0857922 0.0218633 0.420906 0.237555 0.0153546 0.184238 0.0243814 0.173908 0.370617 0.238145 0.529203 0.564923 0.518873 0.00683844 0.788497 0.117938 0.108819 0.35034 0.627602 0.247759 0.0964402 0.952931 0.555895 0.27167 0.0637844 0.155959 0.242016 0.137568 0.00683212 0.0923988 0.0177239 0.0785862 0.0382141 0.0768356 0.42113 0.0212076 0.655226 0.124604 0.0153969 0.160625 0.0310379 0.161346 0.457256 0.370102 0.135827 0.104281 0.117831 0.162639 0.111727 0.638032
0.744329 0.771784 0.124094 0.756893 0.350939 0.885407 0.741769 0.971431 0.197022 0.550934 0.629898 0.781952 0.887824 0.952473 0.530529 0.840079 0.812195 0.98293 0.562495 0.92842 0.829758 0.794361 0.731837 0.808139 0.733287 0.813773 0.972629 0.229005 0.982955 0.869197 0.96606 0.966088 0.595143 0.254513 0.443614 0.742555 0.928568 0.603932 0.372102 0.756913 0.799298 0.633883 0.639761 0.808735 0.98608 0.415206 0.230472 0.941373 0.608757 0.326019 0.0851201 0.0216647 0.421408 0.236445 0.0152533 0.183958 0.0242942 0.173852 0.369465 0.23714 0.529607 0.56457 0.519243 0.00677752 0.788868 0.117503 0.108612 0.35112 0.628321 0.24794 0.0963469 0.953394 0.556041 0.270877 0.0636852 0.155814 0.240729 0.137158 0.00677112 0.0917854 0.0176203 0.0783381 0.0379663 0.0766911 0.421628 0.0211194 0.656046 0.123794 0.0152758 0.160458 0.0309279 0.160356 0.457449 0.368966 0.135592 0.103669 0.117384 0.161862 0.111159 0.638407
0.74482 0.772346 0.123974 0.7569 0.351024 0.885548 0.74167 0.971619 0.196807 0.55128 0.629249 0.782736 0.887969 0.952762 0.530147 0.84023 0.812421 0.983063 0.563215 0.928763 0.830601 0.795669 0.73288 0.808581 0.734507 0.814698 0.972816 0.227874 0.983087 0.869251 0.966174 0.966199 0.594751 0.253721 0.443916 0.742696 0.928896 0.604097 0.372608 0.756917 0.799483 0.634375 0.639756 0.808817 0.986184 0.415001 0.22962 0.941695 0.609 0.325158 0.084454 0.0214619 0.42192 0.235308 0.0151557 0.183656 0.0242083 0.173759 0.368378 0.236089 0.529969 0.564224 0.519566 0.00671673 0.789258 0.117062 0.108437 0.351858 0.629015 0.24816 0.0962559 0.953852 0.556199 0.270047 0.0635844 0.155671 0.239419 0.136768 0.00671075 0.0911805 0.0175189 0.0780738 0.0377248 0.0765451 0.422124 0.0210317 0.656846 0.12303 0.0151548 0.160283 0.0308212 0.159368 0.457681 0.367785 0.135372 0.103047 0.116938 0.161098 0.110603 0.638813
0.745271 0.772905 0.123823 0.756871 0.351081 0.885678 0.741608 0.971802 0.196631 0.551584 0.628646 0.783453 0.888111 0.95304 0.529773 0.840363 0.812628 0.983192 0.563924 0.929085 0.831487 0.796945 0.7339 0.808982 0.735722 0.81562 0.973002 0.226712 0.983218 0.869309 0.966277 0.966302 0.59436 0.252929 0.444235 0.742855 0.929239 0.604265 0.37317 0.756926 0.799633 0.63489 0.639744 0.808904 0.986284 0.414809 0.228716 0.942008 0.60922 0.324244 0.0837874 0.0212652 0.422409 0.234167 0.015059 0.183385 0.0241236 0.173663 0.367241 0.235021 0.530377 0.56389 0.519923 0.00665658 0.789621 0.116625 0.108265 0.352632 0.629753 0.248407 0.096185 0.954294 0.556348 0.269253 0.0634914 0.155555 0.238132 0.136362 0.00665192 0.0905848 0.0174216 0.077825 0.0374844 0.0764134 0.422608 0.0209469 0.657656 0.122252 0.0150353 0.160122 0.0307187 0.158386 0.457912 0.366619 0.135147 0.102443 0.116473 0.160369 0.110053 0.639204
0.745754 0.773461 0.123701 0.756851 0.351164 0.885803 0.741516 0.971983 0.19645 0.551947 0.628033 0.784222 0.888229 0.953318 0.529351 0.840489 0.812837 0.983322 0.564677 0.92941 0.832334 0.798254 0.734911 0.809414 0.736938 0.816536 0.973183 0.225578 0.983343 0.869344 0.966383 0.966411 0.593925 0.252118 0.444559 0.743001 0.929569 0.604403 0.373749 0.756894 0.799785 0.635382 0.639728 0.808984 0.986383 0.414585 0.22784 0.942319 0.609481 0.323292 0.0831244 0.0210649 0.422906 0.233024 0.0149667 0.183091 0.0240444 0.173582 0.366112 0.233953 0.530814 0.563504 0.520299 0.0065985 0.789988 0.116189 0.10811 0.353427 0.630502 0.248652 0.0961186 0.954751 0.556472 0.268426 0.0633998 0.155397 0.236815 0.13596 0.00659432 0.0899753 0.0173233 0.0775831 0.0372447 0.0762878 0.423126 0.0208631 0.658463 0.12147 0.0149168 0.16 0.0306266 0.157398 0.458123 0.365464 0.134948 0.101855 0.116023 0.159611 0.109517 0.639616
0.746204 0.773992 0.123589 0.75684 0.35127 0.885916 0.741407 0.972166 0.196283 0.552261 0.627408 0.784972 0.888359 0.95359 0.528974 0.840613 0.813051 0.983447 0.565418 0.92973 0.833194 0.799544 0.735922 0.809884 0.738148 0.817447 0.973365 0.224417 0.983469 0.86936 0.966486 0.966512 0.593451 0.251319 0.444848 0.743123 0.929902 0.60452 0.374315 0.756869 0.799926 0.635895 0.639741 0.809066 0.98648 0.414403 0.226969 0.942628 0.609719 0.322421 0.0824805 0.0208682 0.423432 0.23187 0.0148734 0.182781 0.0239632 0.173536 0.364918 0.232915 0.531252 0.563116 0.520647 0.00654156 0.790335 0.115754 0.107924 0.354233 0.631223 0.248905 0.0960562 0.955187 0.556589 0.267582 0.0633108 0.155256 0.235531 0.135575 0.00653816 0.0893758 0.0172253 0.0773435 0.0370143 0.076158 0.423712 0.0207831 0.659266 0.120711 0.0147994 0.159823 0.0305293 0.156394 0.458359 0.36431 0.134751 0.101246 0.115583 0.158858 0.108978 0.639997
0.746634 0.774533 0.123481 0.756767 0.351343 0.886028 0.741311 0.972345 0.196118 0.552633 0.626815 0.785697 0.888482 0.953867 0.528566 0.840724 0.813266 0.983569 0.566175 0.930056 0.834048 0.80084 0.736936 0.810311 0.739351 0.818329 0.973537 0.223254 0.983589 0.869364 0.966587 0.966609 0.592969 0.250536 0.445143 0.743246 0.930236 0.604686 0.374879 0.756837 0.800088 0.636423 0.639677 0.809118 0.986576 0.414169 0.226117 0.942931 0.60991 0.321514 0.0818272 0.0206739 0.423952 0.230719 0.0147828 0.182499 0.0238875 0.173521 0.36375 0.231907 0.531649 0.562741 0.520997 0.00648455 0.790698 0.115322 0.107771 0.355041 0.631943 0.249188 0.0959976 0.955625 0.556709 0.266725 0.0632215 0.155127 0.234236 0.135197 0.00648159 0.0887965 0.017127 0.0771147 0.0367888 0.0760407 0.424222 0.0207042 0.660088 0.119954 0.0146842 0.159678 0.0304358 0.155416 0.458548 0.363125 0.13455 0.100641 0.115154 0.158093 0.108435 0.640388
0.747081 0.775096 0.123366 0.756751 0.351466 0.886148 0.741205 0.972525 0.195958 0.552928 0.626202 0.786469 0.888603 0.954143 0.528138 0.840851 0.813445 0.983692 0.566915 0.930381 0.83491 0.80215 0.737962 0.810757 0.740568 0.819248 0.97371 0.222081 0.983709 0.869369 0.966686 0.966708 0.592505 0.249721 0.445467 0.743372 0.930561 0.604861 0.375459 0.756804 0.800224 0.636942 0.639659 0.809161 0.986671 0.413972 0.225233 0.943237 0.610162 0.320615 0.0811672 0.0204823 0.424509 0.229578 0.0146931 0.182245 0.0238109 0.173492 0.362605 0.230869 0.532119 0.562378 0.521348 0.00642933 0.791058 0.114898 0.107618 0.355857 0.632701 0.249484 0.0959341 0.95606 0.556818 0.265895 0.0631344 0.155012 0.232918 0.13482 0.00642564 0.0881992 0.0170372 0.0768941 0.0365685 0.0759257 0.424724 0.0206252 0.660905 0.11919 0.0145728 0.15952 0.0303461 0.154448 0.458793 0.361935 0.134363 0.100025 0.114737 0.157361 0.107875 0.640786
0.747513 0.775649 0.123237 0.756737 0.351554 0.886267 0.7411 0.9727 0.195779 0.553255 0.625608 0.787245 0.888709 0.954419 0.527726 0.840954 0.813606 0.983811 0.567742 0.930694 0.835751 0.803425 0.73901 0.811196 0.74182 0.82014 0.973886 0.220922 0.983829 0.869352 0.96678 0.966805 0.592021 0.248956 0.44587 0.743491 0.930871 0.605017 0.37604 0.756769 0.800349 0.637438 0.639636 0.809217 0.986766 0.413823 0.224412 0.943532 0.610412 0.319682 0.0805269 0.0202989 0.425052 0.22845 0.0146067 0.181952 0.0237402 0.173443 0.361423 0.229848 0.532556 0.562019 0.521746 0.00637474 0.791417 0.11447 0.107466 0.356682 0.633453 0.249749 0.0958845 0.956493 0.55694 0.265066 0.0630533 0.154889 0.231587 0.134452 0.00637041 0.0876072 0.0169448 0.0766749 0.0363428 0.0758115 0.425278 0.0205517 0.661702 0.118443 0.0144648 0.159395 0.0302596 0.153473 0.459051 0.360745 0.134178 0.0994248 0.114312 0.156621 0.107334 0.641203
0.747991 0.776229 0.123152 0.756684 0.351698 0.886365 0.740983 0.972873 0.195617 0.553596 0.624949 0.788003 0.88882 0.954684 0.52733 0.841053 0.81379 0.983927 0.56854 0.931011 0.836586 0.804742 0.740056 0.811626 0.74306 0.821037 0.974054 0.219758 0.983949 0.869327 0.966868 0.966892 0.591546 0.248145 0.446194 0.743615 0.931184 0.605185 0.376647 0.756704 0.800457 0.63797 0.639615 0.80925 0.986857 0.413615 0.223541 0.94383 0.610673 0.318762 0.0799034 0.0201135 0.425589 0.227288 0.0145178 0.181688 0.0236687 0.173423 0.360177 0.228796 0.532994 0.561625 0.522137 0.00632123 0.791779 0.114056 0.10731 0.357557 0.634214 0.250045 0.0958479 0.956925 0.557096 0.264255 0.0629834 0.154804 0.230253 0.134076 0.00631668 0.0870274 0.0168533 0.0764679 0.0361153 0.0757131 0.425831 0.0204761 0.662486 0.117685 0.014356 0.159263 0.0301735 0.152502 0.459273 0.359531 0.133984 0.0988293 0.113901 0.155867 0.106788 0.641607
0.748426 0.776783 0.123068 0.756633 0.35176 0.886453 0.740843 0.973041 0.19548 0.553907 0.624302 0.788789 0.888891 0.954949 0.526897 0.841158 0.813974 0.984038 0.569334 0.931322 0.837432 0.80604 0.741118 0.812045 0.744278 0.821951 0.974223 0.218608 0.984062 0.869322 0.966957 0.966978 0.591092 0.247351 0.44657 0.743739 0.931497 0.605339 0.377283 0.756604 0.80056 0.638482 0.639608 0.809309 0.986948 0.413415 0.222728 0.944123 0.610955 0.317818 0.0792666 0.0199318 0.426143 0.226166 0.0144325 0.181415 0.0235999 0.173431 0.358964 0.227753 0.533386 0.561269 0.522545 0.00626798 0.792116 0.113627 0.10716 0.358429 0.635003 0.250354 0.0958128 0.957345 0.557215 0.263446 0.0629091 0.154708 0.228943 0.133722 0.00626507 0.086456 0.0167647 0.0762643 0.0358913 0.0756168 0.426417 0.0204027 0.663317 0.116915 0.0142474 0.159139 0.0300855 0.151531 0.459505 0.358335 0.13378 0.0982273 0.113468 0.155139 0.106255 0.641985
0.748861 0.777297 0.122999 0.756563 0.351871 0.886533 0.740672 0.973208 0.195348 0.554248 0.623653 0.789539 0.888979 0.955213 0.526425 0.841272 0.814126 0.984152 0.570115 0.931634 0.838254 0.807324 0.742175 0.812473 0.745517 0.822886 0.974387 0.217446 0.984176 0.869306 0.967039 0.967061 0.590587 0.246555 0.446964 0.743846 0.931798 0.605452 0.377931 0.756521 0.80067 0.639021 0.639604 0.809331 0.987036 0.413211 0.221853 0.944397 0.611204 0.316866 0.0786262 0.0197524 0.426722 0.224997 0.0143483 0.181157 0.0235314 0.173404 0.357724 0.226689 0.533851 0.560878 0.522927 0.00621578 0.792454 0.113221 0.107013 0.359325 0.63576 0.25063 0.0957837 0.957768 0.557356 0.262587 0.0628437 0.154621 0.227634 0.133334 0.00621334 0.0858667 0.0166777 0.076074 0.0356729 0.0755172 0.427002 0.0203331 0.664149 0.116163 0.0141425 0.159016 0.030001 0.150572 0.459693 0.357101 0.133579 0.097626 0.113063 0.154427 0.105739 0.642389
0.749306 0.777821 0.122919 0.756481 0.352021 0.886606 0.740521 0.973374 0.195218 0.55454 0.622988 0.790293 0.889061 0.955472 0.525985 0.841382 0.81431 0.984263 0.570902 0.931925 0.839077 0.808616 0.74323 0.812874 0.746746 0.823806 0.97455 0.216284 0.984287 0.869275 0.967121 0.967145 0.59009 0.245758 0.44727 0.743899 0.932099 0.605584 0.378575 0.75647 0.800786 0.639506 0.63956 0.809366 0.987125 0.412999 0.220999 0.944674 0.611456 0.315958 0.0779903 0.0195744 0.427329 0.223844 0.0142664 0.180876 0.0234641 0.173383 0.356475 0.225644 0.5343 0.560449 0.523348 0.00616632 0.792789 0.112803 0.106867 0.360146 0.636466 0.250979 0.0957474 0.958184 0.557503 0.261751 0.0627783 0.154525 0.226334 0.132969 0.00616361 0.085289 0.016592 0.0758825 0.0354597 0.0754266 0.42754 0.0202653 0.66498 0.115418 0.0140374 0.158918 0.0299261 0.149609 0.4599 0.355864 0.133402 0.0970517 0.11267 0.153701 0.105213 0.642846
0.749743 0.778316 0.122857 0.756394 0.352128 0.886679 0.740326 0.973537 0.195078 0.554885 0.622347 0.791067 0.88915 0.955725 0.525548 0.841464 0.814467 0.984378 0.571742 0.932227 0.839955 0.809901 0.744274 0.813289 0.748007 0.824697 0.974709 0.21511 0.984398 0.869234 0.967202 0.967227 0.589604 0.244947 0.447618 0.744023 0.932406 0.605771 0.379218 0.756383 0.800891 0.640057 0.63958 0.809369 0.987211 0.412837 0.220114 0.944948 0.611739 0.315012 0.077361 0.0193998 0.427867 0.222711 0.0141849 0.18061 0.0233989 0.173381 0.355239 0.224614 0.534773 0.560068 0.523787 0.00611587 0.793117 0.112389 0.106721 0.361041 0.637247 0.251286 0.0957322 0.958598 0.557655 0.260907 0.0627235 0.154462 0.224989 0.132597 0.00611377 0.0847084 0.0165079 0.0756965 0.0352522 0.0753434 0.428096 0.0202019 0.665852 0.114676 0.0139368 0.158811 0.0298546 0.148645 0.460116 0.354631 0.133226 0.0964661 0.112261 0.152972 0.10471 0.6433
0.750184 0.778852 0.122796 0.756316 0.352272 0.886749 0.740123 0.973693 0.194936 0.555236 0.621678 0.791813 0.88922 0.955975 0.525101 0.841567 0.814596 0.984488 0.572499 0.932516 0.840805 0.811189 0.745314 0.813712 0.749235 0.825607 0.974867 0.213908 0.984505 0.86917 0.967287 0.967305 0.589074 0.244113 0.448018 0.744076 0.932706 0.605901 0.379926 0.756305 0.800959 0.640586 0.639546 0.809367 0.987297 0.412629 0.219247 0.94521 0.612016 0.314092 0.0767487 0.0192261 0.428446 0.221553 0.0141063 0.18035 0.0233387 0.173398 0.354002 0.223575 0.535279 0.559713 0.524192 0.00606757 0.793455 0.111985 0.106592 0.361967 0.638074 0.251648 0.0957328 0.959006 0.557815 0.260097 0.0626799 0.15438 0.223689 0.132225 0.00606469 0.0841581 0.0164254 0.075505 0.0350395 0.0752721 0.428643 0.0201332 0.66666 0.113939 0.0138339 0.158706 0.0297792 0.147707 0.460387 0.353391 0.13308 0.0958915 0.111847 0.152261 0.104202 0.643716
0.750637 0.779406 0.122749 0.75624 0.352437 0.886811 0.739942 0.973851 0.194801 0.555577 0.620961 0.792553 0.889288 0.95623 0.524655 0.841656 0.814754 0.984593 0.573361 0.932807 0.841653 0.812458 0.746379 0.814153 0.750468 0.826503 0.975027 0.212741 0.984608 0.8691 0.967368 0.967382 0.588491 0.243344 0.448427 0.744156 0.933005 0.606045 0.380607 0.756199 0.801046 0.641061 0.639493 0.809362 0.98738 0.41246 0.218398 0.945475 0.612282 0.313153 0.0761235 0.0190535 0.429086 0.220393 0.0140295 0.180108 0.0232814 0.173412 0.352781 0.222499 0.535759 0.55929 0.524621 0.0060192 0.793814 0.111577 0.106455 0.362859 0.638851 0.251983 0.0957155 0.959412 0.557937 0.259269 0.062631 0.154307 0.222381 0.131866 0.00601646 0.083598 0.0163437 0.075319 0.0348351 0.0752017 0.429253 0.0200698 0.667513 0.113206 0.0137309 0.158615 0.0297092 0.146739 0.460624 0.352142 0.132909 0.0953089 0.111436 0.151565 0.103695 0.644162
0.75107 0.779913 0.122679 0.756148 0.352591 0.886857 0.739767 0.974005 0.19467 0.555982 0.620246 0.793339 0.889366 0.956469 0.524184 0.841743 0.814903 0.984697 0.574162 0.933104 0.842494 0.813745 0.74742 0.814565 0.751656 0.827411 0.975183 0.211579 0.984714 0.869021 0.967444 0.96746 0.587927 0.242503 0.448805 0.744232 0.933286 0.606164 0.381338 0.756096 0.801119 0.641591 0.639466 0.809393 0.98746 0.412288 0.217558 0.945732 0.612539 0.312195 0.0755126 0.018883 0.429728 0.219264 0.0139523 0.179872 0.0232244 0.17343 0.351517 0.221468 0.536243 0.558858 0.525041 0.00597307 0.794176 0.111197 0.106335 0.363791 0.639671 0.252331 0.0957068 0.959817 0.558049 0.258414 0.0625885 0.154225 0.22106 0.1315 0.00596923 0.0830444 0.0162646 0.0751397 0.0346368 0.0751259 0.429914 0.0200082 0.668351 0.112468 0.0136324 0.158481 0.0296467 0.145795 0.460887 0.350898 0.132765 0.0947178 0.111055 0.15087 0.103191 0.644586
0.751506 0.780457 0.122626 0.756028 0.352783 0.886916 0.739564 0.974159 0.194558 0.556287 0.619535 0.794085 0.889422 0.956715 0.523746 0.841813 0.815039 0.984802 0.574976 0.933399 0.843355 0.815019 0.748464 0.814977 0.752891 0.828323 0.975336 0.210429 0.984816 0.868945 0.967512 0.967532 0.58737 0.241677 0.449188 0.744296 0.933573 0.606277 0.382025 0.755979 0.801234 0.642119 0.639381 0.809397 0.98754 0.412099 0.216707 0.945994 0.612757 0.311226 0.0749001 0.0187149 0.430355 0.218121 0.0138803 0.179623 0.0231643 0.173461 0.35025 0.220421 0.536702 0.558422 0.525435 0.00592714 0.794497 0.110794 0.106206 0.364762 0.640467 0.252718 0.0956867 0.960218 0.558215 0.257582 0.0625489 0.154157 0.219748 0.131158 0.00592294 0.0824686 0.0161862 0.0749712 0.0344362 0.0750573 0.43052 0.0199459 0.669193 0.111743 0.0135359 0.158389 0.0295814 0.144844 0.461116 0.349637 0.132595 0.0941654 0.110656 0.15015 0.102691 0.645036
0.751936 0.780988 0.122604 0.755947 0.352961 0.886966 0.739359 0.974311 0.194426 0.556673 0.618817 0.794865 0.889467 0.956963 0.523309 0.841886 0.815126 0.984904 0.57584 0.933676 0.844189 0.816318 0.749536 0.815373 0.754075 0.829242 0.975485 0.209293 0.984918 0.86886 0.967576 0.967601 0.586781 0.240832 0.449581 0.74438 0.933858 0.60642 0.382767 0.755902 0.801275 0.642651 0.639314 0.809389 0.98762 0.411909 0.215862 0.946262 0.613034 0.31024 0.0742949 0.0185487 0.430971 0.216986 0.0138066 0.179355 0.0231171 0.173478 0.348949 0.219337 0.53716 0.558004 0.525888 0.00588214 0.79481 0.110404 0.106078 0.365728 0.641254 0.253059 0.0956908 0.960612 0.55833 0.25675 0.0625049 0.154121 0.218453 0.13081 0.00587796 0.0819104 0.0161098 0.0748006 0.0342377 0.0749903 0.431187 0.0198897 0.670038 0.111003 0.0134412 0.158295 0.0295163 0.143893 0.461376 0.348383 0.132473 0.0935835 0.110253 0.149444 0.102206 0.645475
0.75236 0.78152 0.122555 0.755831 0.353138 0.887009 0.739143 0.974458 0.194312 0.557003 0.618103 0.795603 0.889527 0.957201 0.522858 0.841958 0.815246 0.985005 0.576671 0.93397 0.845012 0.817618 0.750597 0.815791 0.755283 0.83012 0.975635 0.208113 0.985017 0.868756 0.967636 0.967674 0.586179 0.240026 0.44994 0.744445 0.934146 0.606556 0.383447 0.75581 0.801322 0.643189 0.63923 0.809374 0.987696 0.411692 0.215037 0.946511 0.613304 0.309296 0.0736968 0.0183843 0.431588 0.215855 0.0137318 0.179125 0.0230677 0.173534 0.347625 0.218304 0.537638 0.557621 0.526286 0.00583727 0.795153 0.110026 0.105941 0.366726 0.642075 0.253474 0.0956833 0.960995 0.558425 0.255902 0.0624652 0.154075 0.217127 0.130461 0.00583284 0.0813668 0.0160357 0.0746509 0.0340381 0.0749375 0.431814 0.0198304 0.670899 0.11028 0.0133452 0.1582 0.0294585 0.142945 0.461646 0.347098 0.13232 0.0930182 0.109869 0.148738 0.101723 0.645893
0.752733 0.782042 0.122519 0.755711 0.353289 0.887048 0.738915 0.974606 0.194188 0.557365 0.617353 0.796318 0.889589 0.957437 0.522382 0.842041 0.81535 0.985104 0.577497 0.934248 0.845842 0.818876 0.751686 0.816215 0.756514 0.831024 0.97578 0.206974 0.985119 0.868653 0.967695 0.967736 0.585605 0.239197 0.450311 0.744504 0.934432 0.606663 0.38412 0.755639 0.801396 0.643723 0.639169 0.809341 0.987776 0.411499 0.214193 0.946768 0.613581 0.30835 0.0730876 0.0182218 0.432232 0.214725 0.0136615 0.178916 0.0230162 0.17359 0.346348 0.217232 0.538122 0.557229 0.526727 0.00579322 0.795458 0.109634 0.105818 0.367735 0.6429 0.253871 0.0956868 0.961385 0.558524 0.255064 0.0624297 0.154047 0.2158 0.130113 0.00578774 0.0808182 0.0159647 0.0744925 0.0338452 0.0748842 0.432426 0.0197735 0.671718 0.109562 0.0132507 0.158117 0.0294062 0.142013 0.461893 0.345784 0.132178 0.0924538 0.109488 0.148052 0.101231 0.646306
0.753137 0.782597 0.122511 0.755543 0.353479 0.887083 0.738703 0.97475 0.194097 0.557739 0.616633 0.797088 0.889622 0.957667 0.521905 0.842123 0.815479 0.985202 0.578369 0.934528 0.84666 0.820163 0.752766 0.816603 0.757745 0.831893 0.975926 0.205798 0.98522 0.868547 0.967759 0.967796 0.584994 0.238383 0.450698 0.744564 0.934706 0.606796 0.384864 0.755504 0.801437 0.644263 0.639166 0.809306 0.987852 0.411272 0.213387 0.947021 0.613882 0.30739 0.0724893 0.0180608 0.432852 0.21359 0.0135903 0.178714 0.0229674 0.173646 0.345046 0.216155 0.538657 0.556807 0.527215 0.00574978 0.795755 0.109259 0.105711 0.368755 0.643745 0.254284 0.0956868 0.961764 0.558622 0.254233 0.0624132 0.154029 0.214476 0.12977 0.00574472 0.0802675 0.0158951 0.0743331 0.033649 0.0748422 0.433059 0.0197198 0.672536 0.108852 0.0131617 0.158055 0.0293517 0.14106 0.462168 0.344491 0.132042 0.091897 0.109106 0.147355 0.100746 0.646728
0.75353 0.783106 0.122467 0.755388 0.353708 0.88712 0.738456 0.974895 0.193992 0.558083 0.615873 0.797836 0.889653 0.957903 0.521425 0.842167 0.815579 0.985298 0.579244 0.934806 0.847499 0.82145 0.753817 0.817004 0.758976 0.832797 0.97607 0.204636 0.985317 0.868419 0.967827 0.967857 0.584389 0.237567 0.451086 0.744604 0.934977 0.606941 0.38564 0.755351 0.801486 0.644822 0.639069 0.809251 0.987926 0.411108 0.212556 0.947273 0.614157 0.306443 0.0718958 0.017902 0.433497 0.212425 0.0135188 0.178507 0.0229232 0.1737 0.343737 0.215112 0.539158 0.556409 0.52774 0.00570718 0.796107 0.108889 0.105609 0.36978 0.644562 0.254679 0.0956988 0.96214 0.558753 0.253375 0.0623883 0.153976 0.213145 0.129444 0.00570262 0.0797173 0.0158238 0.0741825 0.033459 0.0748005 0.433669 0.0196701 0.67334 0.108149 0.0130715 0.157974 0.0292973 0.140131 0.462428 0.343175 0.1319 0.0913308 0.108725 0.146662 0.100261 0.647161
0.753904 0.783597 0.122452 0.755238 0.353902 0.887141 0.73821 0.975038 0.193901 0.558451 0.615063 0.798586 0.889677 0.958136 0.52096 0.842218 0.815664 0.985393 0.580133 0.93507 0.848315 0.822706 0.754844 0.817406 0.760236 0.833695 0.976212 0.203478 0.985411 0.868297 0.967887 0.967911 0.5838 0.236769 0.451442 0.744695 0.935257 0.60708 0.386422 0.755235 0.801542 0.645386 0.638967 0.809214 0.987999 0.410924 0.211735 0.947514 0.614456 0.30547 0.0713133 0.0177421 0.434173 0.211243 0.0134484 0.178279 0.0228758 0.173769 0.342426 0.214039 0.539674 0.555948 0.528224 0.00566603 0.796426 0.108518 0.105506 0.370852 0.645404 0.255122 0.0957041 0.962511 0.558879 0.2525 0.0623544 0.153966 0.211855 0.129096 0.00566124 0.079172 0.0157537 0.074034 0.0332707 0.0747639 0.434329 0.0196205 0.67419 0.107435 0.0129818 0.157886 0.0292532 0.139188 0.462709 0.341845 0.131759 0.09078 0.10836 0.145971 0.0997663 0.647625
0.75434 0.784106 0.122447 0.755094 0.354066 0.887146 0.737981 0.975178 0.193797 0.558802 0.614269 0.799342 0.889709 0.958364 0.520476 0.842283 0.815743 0.985488 0.580992 0.935336 0.849154 0.823961 0.755922 0.817803 0.761463 0.834593 0.976348 0.202288 0.985505 0.868139 0.967944 0.96797 0.583185 0.235957 0.451835 0.744755 0.935543 0.607174 0.387195 0.755062 0.801559 0.645945 0.638952 0.809173 0.988071 0.410724 0.210917 0.947758 0.614729 0.304458 0.0707329 0.0175874 0.434799 0.210103 0.013383 0.178074 0.02283 0.173852 0.34106 0.212948 0.540218 0.555539 0.528687 0.00562491 0.796734 0.108145 0.105421 0.371862 0.646211 0.255562 0.0957237 0.962878 0.559034 0.251677 0.0623361 0.15396 0.210538 0.128756 0.00562054 0.0786323 0.0156845 0.0739003 0.0330817 0.0747357 0.434991 0.0195695 0.675012 0.106739 0.0128943 0.157811 0.0292081 0.138249 0.462948 0.340519 0.131652 0.0902076 0.107992 0.145255 0.0992863 0.648049
0.754737 0.784589 0.122431 0.75491 0.354309 0.88716 0.737719 0.975316 0.193696 0.559196 0.613473 0.800108 0.889731 0.958597 0.519939 0.84232 0.815826 0.98558 0.581855 0.935607 0.849977 0.825223 0.75702 0.818193 0.762694 0.835497 0.976484 0.20113 0.985598 0.867989 0.968 0.968023 0.582568 0.235145 0.452258 0.744786 0.935805 0.607267 0.38796 0.754896 0.801577 0.646535 0.638898 0.809152 0.988142 0.410543 0.210123 0.948 0.615039 0.303485 0.070146 0.0174349 0.435497 0.208939 0.0133186 0.177871 0.022788 0.173941 0.339716 0.211892 0.540699 0.555159 0.5292 0.00558529 0.797053 0.107777 0.105325 0.372895 0.647053 0.256036 0.0957313 0.963245 0.559143 0.250853 0.0623331 0.153969 0.209244 0.12844 0.00558077 0.0780923 0.0156178 0.0737761 0.0328919 0.0747198 0.43566 0.0195206 0.675831 0.106016 0.0128066 0.157757 0.0291714 0.137315 0.46319 0.339187 0.131544 0.0896572 0.107608 0.144565 0.0988039 0.648449
0.755118 0.785078 0.122417 0.754718 0.354512 0.887172 0.737442 0.975451 0.193616 0.559642 0.612651 0.800849 0.889747 0.95883 0.519407 0.842368 0.815893 0.98567 0.582724 0.935872 0.850813 0.826498 0.758085 0.818565 0.763984 0.836388 0.97662 0.19996 0.985687 0.867823 0.968054 0.968079 0.581937 0.234335 0.45267 0.744813 0.936072 0.607369 0.388775 0.754758 0.801587 0.647089 0.638838 0.809081 0.988212 0.410354 0.209325 0.948236 0.615335 0.302492 0.0695701 0.0172836 0.436174 0.207797 0.0132533 0.177639 0.0227474 0.174038 0.338398 0.210835 0.541229 0.554722 0.529698 0.00554591 0.797385 0.107394 0.105238 0.373942 0.647895 0.256508 0.0957657 0.96361 0.559275 0.249981 0.0623293 0.153978 0.207933 0.128134 0.00554211 0.0775553 0.0155516 0.0736402 0.032712 0.0746962 0.436337 0.0194753 0.676709 0.105289 0.0127223 0.157674 0.0291281 0.136392 0.463459 0.337821 0.13144 0.0891002 0.107238 0.143888 0.0983167 0.648897
0.755482 0.785595 0.122425 0.754519 0.354678 0.887186 0.73716 0.975585 0.193563 0.560029 0.611815 0.801609 0.889762 0.959055 0.518925 0.842406 0.815956 0.985758 0.583625 0.936134 0.851642 0.827769 0.75919 0.818934 0.765224 0.837285 0.976755 0.198806 0.985778 0.867656 0.968101 0.968134 0.581292 0.233526 0.453068 0.74483 0.936328 0.607481 0.389597 0.754579 0.801583 0.647666 0.638747 0.809028 0.988281 0.410175 0.208553 0.948468 0.615604 0.301524 0.0689945 0.0171332 0.436864 0.206627 0.0131906 0.177443 0.0227133 0.17414 0.337019 0.209759 0.541784 0.554246 0.530235 0.00550684 0.797713 0.107048 0.105163 0.375026 0.648726 0.25696 0.0957997 0.963973 0.559405 0.249116 0.0623341 0.15399 0.206647 0.1278 0.00550145 0.07702 0.0154862 0.0735068 0.0325292 0.0746765 0.436993 0.0194303 0.67757 0.104587 0.0126385 0.15761 0.0290928 0.135472 0.463687 0.336437 0.131316 0.0885434 0.106893 0.143212 0.0978368 0.649343
0.755851 0.786095 0.122445 0.754333 0.35494 0.887193 0.736829 0.975722 0.193468 0.560405 0.610986 0.802336 0.889772 0.959276 0.518341 0.842432 0.816007 0.985846 0.5845 0.936404 0.852477 0.829033 0.760302 0.819312 0.766484 0.838177 0.976888 0.197622 0.985862 0.86748 0.968153 0.968188 0.580564 0.232681 0.453419 0.744871 0.936583 0.607586 0.390426 0.754387 0.801581 0.648221 0.638701 0.808947 0.988348 0.409973 0.207733 0.948698 0.615911 0.300485 0.0684272 0.0169844 0.437579 0.205484 0.0131267 0.177255 0.0226746 0.174263 0.335635 0.208681 0.542353 0.553792 0.530735 0.00546905 0.79801 0.106684 0.105074 0.376089 0.649576 0.257477 0.0958357 0.964333 0.559559 0.248245 0.0623207 0.153989 0.205346 0.127466 0.00546293 0.0764921 0.0154226 0.0733969 0.0323488 0.0746518 0.437672 0.0193895 0.678429 0.10389 0.0125565 0.157562 0.0290589 0.134534 0.463971 0.335104 0.131213 0.0879886 0.106546 0.142524 0.0973723 0.649812
0.756227 0.786572 0.12244 0.754104 0.35516 0.88717 0.736555 0.975853 0.193368 0.560817 0.610129 0.8031 0.889782 0.959492 0.51778 0.842463 0.816066 0.985932 0.585402 0.936661 0.853312 0.83028 0.761377 0.8197 0.76774 0.839072 0.977016 0.19645 0.985948 0.867304 0.968206 0.968238 0.579845 0.231867 0.45379 0.744886 0.936848 0.607713 0.391264 0.754193 0.801561 0.648754 0.638614 0.808876 0.988415 0.409793 0.206959 0.948926 0.616185 0.299461 0.0678624 0.0168346 0.438257 0.204329 0.0130651 0.177073 0.0226368 0.174364 0.334233 0.207603 0.542909 0.553345 0.531223 0.00543067 0.79833 0.10632 0.104975 0.377197 0.650427 0.258003 0.0958827 0.964689 0.559729 0.24737 0.062322 0.154007 0.204007 0.127163 0.00542538 0.0759596 0.01536 0.0732836 0.0321684 0.0746402 0.438359 0.0193486 0.679258 0.103193 0.0124769 0.157512 0.0290325 0.133607 0.464264 0.333732 0.131091 0.0874454 0.106173 0.141892 0.0968937 0.650301
0.756591 0.787038 0.122463 0.753904 0.355368 0.887155 0.736244 0.975981 0.193279 0.561184 0.609278 0.803859 0.889783 0.959713 0.517261 0.842505 0.816106 0.986019 0.58633 0.936927 0.85414 0.831539 0.762492 0.820088 0.768964 0.839943 0.977145 0.195278 0.986033 0.867106 0.968246 0.968283 0.579155 0.231039 0.454152 0.744905 0.937105 0.60781 0.392072 0.753991 0.801565 0.649341 0.638542 0.808767 0.988483 0.409615 0.206175 0.949149 0.616519 0.29844 0.0672969 0.016689 0.438949 0.203206 0.0130058 0.176883 0.0226023 0.174452 0.332874 0.206525 0.543502 0.552926 0.531726 0.00539346 0.798639 0.105971 0.104902 0.37832 0.651336 0.258495 0.0959266 0.965037 0.55984 0.246467 0.0623222 0.15402 0.202698 0.126862 0.00538805 0.0754315 0.0153002 0.0731614 0.0319921 0.0746331 0.439072 0.0193078 0.680091 0.102474 0.0123971 0.157463 0.0290005 0.132701 0.464527 0.332328 0.130995 0.0869082 0.105805 0.141223 0.0964215 0.650794
0.756979 0.787538 0.122494 0.753708 0.355623 0.887146 0.735951 0.976115 0.193196 0.561579 0.608372 0.804597 0.889777 0.959929 0.516717 0.842523 0.816138 0.986102 0.587278 0.937191 0.854988 0.832745 0.763597 0.820476 0.770228 0.840817 0.977275 0.1941 0.986118 0.866922 0.968287 0.968321 0.578432 0.23024 0.454577 0.744943 0.937375 0.607879 0.392891 0.753784 0.801538 0.649892 0.638486 0.808689 0.98855 0.409407 0.205402 0.949371 0.616834 0.297441 0.0667377 0.0165414 0.439666 0.202042 0.012948 0.176685 0.0225707 0.17459 0.331477 0.205447 0.544091 0.552489 0.532208 0.00535685 0.798927 0.105613 0.104816 0.379435 0.652214 0.259018 0.0959741 0.965383 0.559974 0.245576 0.0623281 0.15406 0.201388 0.126543 0.00535245 0.074913 0.0152423 0.0730526 0.0318176 0.0746271 0.439788 0.0192665 0.680977 0.101782 0.012316 0.15744 0.0289694 0.131771 0.464831 0.330963 0.130896 0.0863534 0.105449 0.140561 0.0959607 0.651252
0.757355 0.788016 0.122523 0.753518 0.355823 0.887111 0.735648 0.976244 0.193132 0.561971 0.60749 0.80535 0.889784 0.960148 0.516152 0.842546 0.816189 0.986186 0.588214 0.93744 0.855771 0.83396 0.764687 0.820838 0.771482 0.841688 0.9774 0.192934 0.986201 0.866724 0.968327 0.968361 0.577742 0.229414 0.454983 0.744973 0.937636 0.608015 0.393759 0.753606 0.801509 0.650448 0.638372 0.808603 0.988614 0.409239 0.204621 0.949583 0.617077 0.296411 0.0661847 0.0164 0.4404 0.200878 0.0128905 0.176498 0.0225436 0.174725 0.330114 0.204405 0.544652 0.552007 0.532712 0.00531981 0.799245 0.105263 0.104748 0.380601 0.653118 0.259544 0.0960405 0.965732 0.560094 0.244648 0.0623474 0.154088 0.20008 0.12625 0.00531637 0.0744063 0.0151842 0.072946 0.0316482 0.0746326 0.440474 0.0192289 0.681819 0.10111 0.0122368 0.157408 0.0289458 0.130856 0.465122 0.329569 0.130802 0.0858041 0.105117 0.139917 0.0954959 0.651728
0.757742 0.788528 0.122565 0.753278 0.356067 0.887088 0.735309 0.976371 0.193085 0.562355 0.6066 0.806101 0.889776 0.960369 0.515618 0.842566 0.816232 0.986267 0.589151 0.937692 0.856581 0.835208 0.765765 0.82122 0.772752 0.842583 0.977524 0.19179 0.986282 0.866523 0.968366 0.968399 0.577039 0.228572 0.455416 0.74498 0.937887 0.608117 0.39462 0.753402 0.801473 0.651008 0.638319 0.80851 0.988678 0.409029 0.203837 0.949803 0.617368 0.295395 0.0656344 0.0162598 0.441133 0.199702 0.0128337 0.176311 0.0225143 0.174856 0.328722 0.203367 0.545256 0.551569 0.533222 0.00528404 0.799555 0.104915 0.104676 0.38181 0.653967 0.260099 0.0961012 0.966073 0.560187 0.243747 0.0623644 0.154139 0.198779 0.125947 0.0052806 0.0739003 0.0151279 0.0728496 0.0314778 0.0746426 0.441179 0.0191897 0.682672 0.100425 0.0121585 0.157371 0.0289186 0.129958 0.465461 0.328143 0.130697 0.0852782 0.104763 0.139285 0.0950291 0.652226
0.758124 0.789007 0.122634 0.753067 0.356295 0.887055 0.734991 0.976491 0.193053 0.562756 0.605702 0.806873 0.889757 0.960581 0.515103 0.842578 0.816284 0.986345 0.590107 0.937934 0.857401 0.836479 0.766854 0.821608 0.774007 0.843449 0.977644 0.190612 0.986365 0.866303 0.968402 0.968441 0.576307 0.227764 0.4558 0.744974 0.938136 0.608234 0.39545 0.753165 0.80143 0.651587 0.638232 0.808395 0.988741 0.40883 0.203068 0.950021 0.617653 0.294381 0.0650772 0.0161203 0.441868 0.198562 0.0127763 0.176131 0.022487 0.175005 0.327327 0.202289 0.545842 0.551145 0.53378 0.00524927 0.799873 0.104565 0.104611 0.382996 0.654826 0.260646 0.0961608 0.966416 0.560281 0.242873 0.0623848 0.154174 0.197496 0.125638 0.00524498 0.0733915 0.0150721 0.0727493 0.0313068 0.074647 0.441935 0.0191566 0.683512 0.0997435 0.0120838 0.157353 0.028899 0.12905 0.46575 0.32672 0.130599 0.0847362 0.104427 0.138636 0.094573 0.652689
0.758452 0.789507 0.122678 0.752835 0.356577 0.887003 0.734653 0.976614 0.192979 0.563161 0.604824 0.807621 0.889729 0.960792 0.5146 0.842615 0.816303 0.986429 0.591068 0.938184 0.858233 0.837722 0.767941 0.821984 0.77527 0.844327 0.977765 0.189435 0.986445 0.86608 0.96843 0.968475 0.575533 0.22694 0.456185 0.74499 0.938385 0.608339 0.396344 0.752943 0.801381 0.652171 0.638216 0.808306 0.988803 0.408642 0.202266 0.950237 0.617919 0.293378 0.0645235 0.0159807 0.442644 0.197417 0.012723 0.175934 0.0224626 0.175166 0.325933 0.201184 0.546456 0.55068 0.534367 0.00521353 0.800193 0.104216 0.104557 0.384199 0.655713 0.261199 0.0962115 0.966749 0.560408 0.241968 0.0624077 0.154262 0.196191 0.125325 0.00521037 0.072886 0.0150194 0.0726618 0.0311458 0.0746642 0.442746 0.019126 0.684402 0.0990721 0.0120096 0.157343 0.0288853 0.128133 0.465986 0.325292 0.130502 0.0841945 0.104096 0.137982 0.0941211 0.653196
0.758806 0.789997 0.122707 0.752599 0.356818 0.886941 0.734321 0.976734 0.19291 0.563536 0.603885 0.808349 0.889707 0.961012 0.514108 0.842635 0.816334 0.986505 0.592006 0.938424 0.859057 0.838971 0.769042 0.822333 0.776526 0.845189 0.977887 0.188305 0.986521 0.865831 0.968462 0.968502 0.574782 0.226101 0.456583 0.744987 0.938623 0.608396 0.397266 0.752685 0.801345 0.65275 0.638116 0.808174 0.988864 0.408424 0.201492 0.950447 0.61821 0.292331 0.0639698 0.0158433 0.443406 0.19626 0.0126689 0.175734 0.0224414 0.175321 0.324502 0.200113 0.547024 0.55024 0.534907 0.00518004 0.800483 0.103873 0.104493 0.385387 0.656628 0.261756 0.0962739 0.967082 0.560494 0.241057 0.0624321 0.154328 0.194905 0.125017 0.00517623 0.0723902 0.0149661 0.0725681 0.0309787 0.0746804 0.44354 0.0190901 0.685295 0.098382 0.0119357 0.157326 0.0288688 0.127222 0.466293 0.32386 0.130409 0.083666 0.103752 0.137353 0.093672 0.653675
0.759161 0.790479 0.122759 0.752358 0.35708 0.886886 0.734014 0.976859 0.192873 0.563913 0.602974 0.809093 0.889676 0.961216 0.513574 0.842631 0.816313 0.986581 0.593002 0.938668 0.85985 0.840196 0.770112 0.822697 0.777823 0.846082 0.978006 0.187165 0.986597 0.865595 0.968495 0.968533 0.574036 0.225278 0.456993 0.744925 0.938873 0.608479 0.398199 0.752441 0.801294 0.653351 0.637982 0.808043 0.988923 0.408228 0.200697 0.950646 0.618496 0.291281 0.0634378 0.0157075 0.444169 0.195106 0.0126149 0.175553 0.0224161 0.175487 0.323092 0.199023 0.547707 0.549813 0.535492 0.00514741 0.800781 0.103538 0.104441 0.386594 0.657559 0.262357 0.0963402 0.967414 0.560602 0.240155 0.0624636 0.154402 0.193635 0.124732 0.00514326 0.0718779 0.0149141 0.0724889 0.0308161 0.0747014 0.444358 0.0190582 0.686188 0.097704 0.0118625 0.157298 0.0288534 0.126306 0.466534 0.322469 0.130341 0.083131 0.103421 0.136717 0.093224 0.654201
0.759508 0.790962 0.122801 0.752117 0.357345 0.886817 0.733667 0.976976 0.192826 0.564319 0.601999 0.809843 0.889633 0.961423 0.513023 0.842626 0.81631 0.986657 0.593994 0.938905 0.860674 0.841421 0.771228 0.82307 0.779079 0.846951 0.978124 0.186017 0.986672 0.865331 0.968522 0.968566 0.573286 0.224477 0.457405 0.744938 0.939113 0.60859 0.399159 0.752185 0.801231 0.653973 0.637886 0.807914 0.988982 0.408072 0.199919 0.950845 0.618787 0.290276 0.0629017 0.0155717 0.444933 0.193948 0.0125637 0.175392 0.0223921 0.175658 0.321687 0.197944 0.548351 0.549356 0.536068 0.00511461 0.801074 0.103209 0.104398 0.38781 0.658505 0.262969 0.0964116 0.967753 0.560732 0.239272 0.0624966 0.154507 0.192352 0.124408 0.00511003 0.0713772 0.014861 0.0724174 0.0306535 0.0747321 0.445176 0.0190247 0.687065 0.0970398 0.0117903 0.157285 0.0288487 0.125422 0.466837 0.321046 0.130282 0.0825979 0.103079 0.136088 0.092778 0.654679
0.759847 0.791452 0.12286 0.751843 0.357622 0.886749 0.733286 0.977091 0.192809 0.564722 0.601064 0.810576 0.889587 0.961627 0.512441 0.842612 0.816293 0.986732 0.594978 0.939153 0.861481 0.842658 0.772324 0.82341 0.780359 0.847804 0.978244 0.184889 0.986746 0.865072 0.968552 0.968594 0.572487 0.223666 0.457815 0.744929 0.939357 0.608687 0.400147 0.751909 0.801161 0.654545 0.637795 0.807806 0.989039 0.407848 0.199152 0.951047 0.619121 0.289242 0.0623681 0.0154416 0.445698 0.192797 0.012511 0.175223 0.0223697 0.175827 0.320273 0.196896 0.54895 0.548859 0.536643 0.00508218 0.801357 0.102884 0.104342 0.389026 0.659415 0.263568 0.0964821 0.968074 0.560848 0.238325 0.0625314 0.154605 0.191058 0.124133 0.00507837 0.0708694 0.0148083 0.072335 0.0304911 0.0747561 0.445973 0.0189971 0.687971 0.096377 0.0117176 0.157265 0.0288423 0.124537 0.467137 0.319604 0.130208 0.0820678 0.102748 0.135467 0.0923253 0.655171
0.760193 0.791929 0.122928 0.75154 0.357916 0.886665 0.732943 0.977211 0.192766 0.565107 0.600123 0.811327 0.889537 0.961827 0.511921 0.84258 0.816266 0.986804 0.596001 0.939393 0.862302 0.843873 0.773447 0.823803 0.781628 0.848673 0.978354 0.183742 0.986818 0.864793 0.968579 0.968614 0.571669 0.222841 0.458263 0.744907 0.939605 0.608778 0.40114 0.751606 0.801078 0.655104 0.637715 0.807671 0.989097 0.407674 0.198364 0.951238 0.619448 0.288195 0.0618472 0.0153096 0.446437 0.19164 0.0124628 0.175048 0.0223529 0.176012 0.318847 0.195818 0.549586 0.548365 0.537248 0.00505089 0.801652 0.102571 0.104279 0.390294 0.660337 0.264172 0.09657 0.968394 0.560962 0.237423 0.0625676 0.154715 0.189773 0.123828 0.00504647 0.0703728 0.0147563 0.0722605 0.0303377 0.074792 0.446788 0.0189687 0.688856 0.0956939 0.0116463 0.157266 0.0288359 0.123624 0.467489 0.318128 0.130134 0.0815437 0.102423 0.134841 0.0918721 0.655684
0.760543 0.792379 0.122982 0.75129 0.358212 0.886588 0.732545 0.977324 0.19273 0.565482 0.599159 0.812069 0.889495 0.962025 0.511359 0.842556 0.816262 0.986876 0.597016 0.93963 0.863121 0.84507 0.774567 0.824186 0.782929 0.849533 0.978471 0.182594 0.986892 0.864517 0.968611 0.968643 0.570865 0.222033 0.458685 0.744885 0.93984 0.60887 0.402119 0.751326 0.800962 0.655716 0.637626 0.807498 0.989153 0.407466 0.197623 0.951429 0.619737 0.287114 0.0613221 0.0151806 0.447231 0.190527 0.0124139 0.174874 0.0223369 0.176212 0.317395 0.194752 0.55023 0.547882 0.537853 0.00501916 0.801935 0.10224 0.104203 0.39153 0.66128 0.264817 0.0966534 0.968712 0.56109 0.236521 0.0625986 0.154801 0.188515 0.123518 0.00501478 0.0698685 0.0147073 0.0721981 0.0301788 0.0748225 0.447605 0.0189424 0.689746 0.0950306 0.0115779 0.157275 0.0288343 0.12274 0.467765 0.31671 0.130078 0.0810268 0.102099 0.134216 0.0914369 0.6562
0.760861 0.792857 0.123045 0.751013 0.358549 0.886498 0.732123 0.977439 0.1927 0.565851 0.598209 0.812812 0.889459 0.962228 0.51073 0.842536 0.816229 0.986947 0.598073 0.939879 0.863951 0.846306 0.775694 0.824548 0.784182 0.850402 0.978582 0.181433 0.986965 0.864241 0.968637 0.968665 0.570088 0.221213 0.459079 0.744874 0.940084 0.608995 0.403102 0.751042 0.800894 0.656337 0.63756 0.80734 0.989208 0.407295 0.196881 0.951628 0.620059 0.286042 0.0607996 0.0150525 0.448041 0.18937 0.0123673 0.174716 0.0223196 0.176412 0.315893 0.193663 0.550873 0.547392 0.53846 0.00498777 0.802258 0.101909 0.104142 0.392809 0.662222 0.265453 0.0967369 0.969024 0.561204 0.235597 0.062642 0.154904 0.187242 0.123229 0.00498442 0.069379 0.014663 0.0721366 0.0300252 0.0748753 0.448407 0.0189165 0.690677 0.0943713 0.0115104 0.157276 0.0288288 0.12184 0.468067 0.31526 0.13002 0.0804988 0.101778 0.133606 0.0909994 0.656697
0.761185 0.793352 0.123112 0.750716 0.35884 0.886405 0.731735 0.977546 0.192694 0.566264 0.597207 0.813542 0.889395 0.962428 0.51014 0.842532 0.816161 0.987018 0.599078 0.940115 0.864741 0.84752 0.776819 0.824906 0.78543 0.851268 0.978695 0.180324 0.987036 0.863963 0.968655 0.968692 0.569202 0.220404 0.459503 0.74486 0.940323 0.609113 0.404133 0.750761 0.800795 0.656976 0.637437 0.80718 0.989263 0.407092 0.196149 0.951817 0.620371 0.284971 0.0602782 0.014926 0.448887 0.188221 0.0123206 0.174548 0.0223056 0.176625 0.314405 0.192574 0.551522 0.546911 0.539093 0.00495711 0.802573 0.101585 0.104083 0.39407 0.663162 0.266136 0.0968177 0.969334 0.561331 0.23468 0.0626926 0.15499 0.185974 0.122953 0.00495426 0.0688785 0.0146159 0.0720809 0.0298759 0.0749261 0.449213 0.0188928 0.691622 0.0937225 0.0114418 0.157287 0.0288321 0.12093 0.468378 0.313795 0.129952 0.0799812 0.101479 0.132999 0.0905785 0.657173
0.761537 0.793806 0.12318 0.750427 0.359134 0.886318 0.731354 0.977659 0.192642 0.566647 0.596178 0.814296 0.889342 0.962622 0.509552 0.842522 0.816129 0.987091 0.600092 0.940351 0.865545 0.848721 0.777925 0.825256 0.78668 0.852148 0.978801 0.179174 0.987106 0.86367 0.96868 0.968715 0.568399 0.219568 0.459945 0.744837 0.940564 0.609194 0.405137 0.750424 0.800659 0.657568 0.637314 0.807036 0.989317 0.406858 0.195378 0.951995 0.620666 0.283896 0.0597565 0.0147967 0.449742 0.187069 0.0122742 0.174355 0.0222956 0.176831 0.312967 0.191511 0.552202 0.546477 0.539687 0.00492676 0.802856 0.101263 0.104049 0.395405 0.664125 0.266801 0.0969111 0.969645 0.56143 0.233772 0.0627436 0.155086 0.184713 0.122645 0.0049246 0.0683858 0.0145687 0.0720419 0.0297189 0.0749832 0.450048 0.0188697 0.692515 0.093076 0.0113737 0.157266 0.0288306 0.120054 0.468674 0.312392 0.129888 0.0794642 0.101147 0.132382 0.0901349 0.65773
0.76189 0.794291 0.123255 0.750132 0.359471 0.886225 0.730905 0.977769 0.192635 0.567085 0.595184 0.815025 0.88929 0.962819 0.508985 0.842505 0.816073 0.98716 0.601123 0.940581 0.866345 0.849929 0.779023 0.825643 0.787945 0.85301 0.978911 0.178042 0.987174 0.86334 0.968705 0.968732 0.567504 0.218745 0.460384 0.744813 0.940792 0.60931 0.406161 0.750108 0.800522 0.658189 0.637251 0.806893 0.989369 0.406574 0.194621 0.95219 0.620996 0.282806 0.0592513 0.0146714 0.450539 0.185925 0.0122279 0.17416 0.0222856 0.177064 0.311477 0.190467 0.552871 0.546035 0.540303 0.00489818 0.803146 0.100962 0.104004 0.396714 0.665071 0.267462 0.097015 0.969955 0.561552 0.23287 0.0628008 0.155217 0.183419 0.122351 0.00489558 0.0678932 0.0145214 0.0720011 0.0295709 0.0750364 0.450889 0.0188475 0.693428 0.092428 0.0113055 0.157283 0.0288326 0.119163 0.46896 0.310896 0.129807 0.0789553 0.100825 0.131769 0.0897085 0.65824
0.762221 0.794775 0.123323 0.74982 0.359806 0.886115 0.730459 0.977876 0.19264 0.567469 0.594165 0.815745 0.889223 0.963015 0.508409 0.842467 0.816016 0.987229 0.602202 0.940804 0.867165 0.851122 0.780112 0.826 0.789208 0.85389 0.979016 0.176892 0.987241 0.863014 0.968722 0.96875 0.566691 0.217963 0.460817 0.744792 0.941024 0.609388 0.407155 0.749772 0.800408 0.658783 0.637097 0.806718 0.989421 0.406364 0.193899 0.952362 0.62129 0.281746 0.0587394 0.0145483 0.451412 0.184774 0.0121822 0.174004 0.0222763 0.177287 0.309989 0.189384 0.55352 0.545567 0.540949 0.00486832 0.803431 0.100654 0.103977 0.398042 0.666032 0.268137 0.0971266 0.970264 0.561625 0.23197 0.0628583 0.155349 0.182145 0.122066 0.00486753 0.0674049 0.0144766 0.0719717 0.0294185 0.0751185 0.451774 0.0188275 0.694332 0.0917802 0.0112393 0.157307 0.0288418 0.118285 0.469261 0.309393 0.129753 0.0784403 0.100493 0.131157 0.0892741 0.658767
0.762548 0.795223 0.123423 0.749481 0.36017 0.886002 0.730036 0.977987 0.192644 0.567886 0.593109 0.816452 0.889152 0.963209 0.507789 0.842453 0.815943 0.987296 0.603255 0.941031 0.867974 0.85234 0.781227 0.826352 0.790474 0.854751 0.979122 0.175769 0.98731 0.862708 0.968743 0.968772 0.56583 0.217104 0.461223 0.744777 0.941252 0.609489 0.4082 0.74946 0.800281 0.659428 0.636984 0.806527 0.989472 0.406175 0.19318 0.952545 0.621615 0.280675 0.0582291 0.0144252 0.452268 0.183629 0.0121388 0.173847 0.0222634 0.177528 0.308536 0.188296 0.554212 0.545102 0.541563 0.00483891 0.803745 0.100337 0.103933 0.399366 0.666978 0.268826 0.0972376 0.970566 0.56175 0.23106 0.0629204 0.155495 0.180881 0.121776 0.00483852 0.0669325 0.0144327 0.0719251 0.0292696 0.0751829 0.452622 0.0188057 0.695259 0.0911238 0.0111728 0.157305 0.0288524 0.11743 0.469564 0.307894 0.129691 0.0779129 0.100186 0.13057 0.0888592 0.65931
0.762891 0.795669 0.123514 0.749122 0.360513 0.885876 0.729598 0.97809 0.192625 0.568318 0.592054 0.817184 0.889081 0.963403 0.507209 0.842442 0.815869 0.987362 0.604308 0.941254 0.868764 0.85355 0.782354 0.826696 0.79175 0.855623 0.979226 0.174649 0.987375 0.862365 0.968758 0.968787 0.564935 0.216284 0.461638 0.744712 0.941484 0.609574 0.409255 0.74915 0.800166 0.660058 0.636887 0.806341 0.989525 0.405932 0.192452 0.952732 0.621923 0.279578 0.0577197 0.0143026 0.453111 0.182483 0.0120964 0.173674 0.0222513 0.177759 0.307027 0.187207 0.554886 0.544654 0.542212 0.00481147 0.804033 0.100033 0.103896 0.400755 0.667934 0.269529 0.0973412 0.970862 0.561889 0.230135 0.0629875 0.155642 0.179607 0.12149 0.00480983 0.0664442 0.0143887 0.0718908 0.0291168 0.0752633 0.453494 0.0187883 0.696131 0.0904738 0.0111078 0.157303 0.0288647 0.116542 0.46988 0.306356 0.129648 0.0773935 0.0998711 0.129966 0.0884331 0.659844
0.763187 0.796122 0.123618 0.748755 0.360835 0.885748 0.729135 0.978197 0.19263 0.568741 0.591016 0.817879 0.889022 0.963595 0.506626 0.842423 0.815812 0.987427 0.605365 0.941486 0.869566 0.854734 0.783487 0.827055 0.793024 0.856458 0.979332 0.173509 0.98744 0.862015 0.968772 0.968803 0.564094 0.215484 0.462103 0.744661 0.941714 0.609688 0.410301 0.748786 0.80002 0.66068 0.636806 0.806133 0.989576 0.405753 0.191728 0.952917 0.622269 0.278503 0.0572176 0.0141832 0.453998 0.181328 0.0120532 0.173507 0.0222405 0.178007 0.305531 0.186135 0.555618 0.544217 0.542838 0.00478406 0.804335 0.099699 0.103868 0.402102 0.668919 0.270278 0.0974479 0.971155 0.561954 0.2292 0.0630606 0.15581 0.178345 0.121217 0.00478215 0.0659677 0.0143469 0.0718684 0.028976 0.0753409 0.454385 0.0187699 0.697077 0.0898284 0.0110433 0.157314 0.028878 0.115661 0.470195 0.304833 0.129609 0.0768882 0.0995642 0.129369 0.0880099 0.660352
0.763528 0.796576 0.123715 0.748388 0.361152 0.885626 0.728683 0.978299 0.192622 0.569148 0.589935 0.818595 0.888953 0.963781 0.505996 0.842406 0.815766 0.987493 0.60642 0.941719 0.870371 0.855926 0.784603 0.827403 0.794314 0.857315 0.979435 0.172356 0.987503 0.86167 0.968787 0.968812 0.563189 0.214667 0.462532 0.744615 0.941934 0.609763 0.411362 0.748453 0.799872 0.661261 0.63673 0.805945 0.989625 0.405529 0.191003 0.953092 0.622642 0.277399 0.0567146 0.0140625 0.454858 0.180179 0.0120109 0.173338 0.0222314 0.178267 0.30403 0.185055 0.556331 0.543782 0.543502 0.00475668 0.804611 0.0993853 0.103832 0.403434 0.669914 0.270982 0.0975532 0.971446 0.562019 0.228245 0.0631317 0.155978 0.177074 0.120934 0.00475507 0.0654921 0.0143036 0.0718487 0.0288341 0.0754174 0.455266 0.0187535 0.697963 0.0891939 0.0109826 0.157329 0.0288878 0.114804 0.470465 0.303317 0.129565 0.0763962 0.0992468 0.128768 0.0875985 0.660917
0.763835 0.797057 0.123811 0.748034 0.36148 0.885494 0.728214 0.978403 0.192619 0.569539 0.58884 0.819289 0.888872 0.963967 0.505363 0.842397 0.815695 0.987555 0.607541 0.941945 0.871162 0.857106 0.785732 0.827744 0.79561 0.858162 0.979538 0.171245 0.987568 0.86129 0.968796 0.968824 0.562267 0.213839 0.462979 0.74457 0.942149 0.609845 0.412443 0.748097 0.799709 0.661922 0.636659 0.805751 0.989674 0.40531 0.190281 0.95327 0.622956 0.276272 0.0562232 0.0139442 0.455723 0.179036 0.0119723 0.173195 0.0222266 0.178528 0.302511 0.183939 0.557056 0.543333 0.54419 0.00472979 0.804895 0.0990814 0.103806 0.404851 0.670915 0.271713 0.0976626 0.971736 0.562091 0.227294 0.0631974 0.156136 0.175837 0.120655 0.00472832 0.0650261 0.0142602 0.0718208 0.0286932 0.0755123 0.456163 0.0187367 0.698879 0.0885639 0.0109176 0.157336 0.0289039 0.113933 0.470774 0.301833 0.12953 0.0758944 0.0989383 0.128184 0.0871839 0.661436
0.764156 0.797487 0.123921 0.747618 0.361825 0.885354 0.727742 0.978503 0.192632 0.56993 0.587749 0.820008 0.888785 0.964153 0.504716 0.842351 0.815618 0.987616 0.608636 0.942175 0.871977 0.858297 0.78686 0.828083 0.796891 0.859016 0.97964 0.170118 0.987629 0.860912 0.968809 0.968829 0.561345 0.212993 0.46341 0.744529 0.942359 0.609921 0.413574 0.747708 0.799516 0.662562 0.63652 0.805531 0.989722 0.405107 0.189549 0.953446 0.623257 0.275196 0.0557274 0.0138279 0.456641 0.177887 0.0119322 0.173023 0.0222221 0.178798 0.30101 0.182869 0.557768 0.542898 0.544853 0.004703 0.805213 0.0987958 0.103775 0.406254 0.671908 0.272466 0.0977916 0.972021 0.562185 0.226329 0.0632648 0.156297 0.174584 0.120387 0.00470204 0.0645614 0.0142203 0.0718 0.0285536 0.0755978 0.457055 0.0187226 0.699781 0.0879409 0.0108566 0.15736 0.0289271 0.113064 0.471114 0.300325 0.129491 0.0753882 0.0986667 0.127598 0.0867737 0.662005
0.764447 0.797916 0.12404 0.747273 0.362194 0.885225 0.727254 0.978603 0.19267 0.570383 0.586618 0.82071 0.8887 0.96434 0.504101 0.842331 0.815504 0.987679 0.609709 0.942388 0.872777 0.85948 0.787999 0.828412 0.798144 0.859873 0.979743 0.168976 0.987691 0.860519 0.968816 0.96884 0.560408 0.212164 0.463872 0.744444 0.942578 0.610031 0.414679 0.747329 0.799355 0.663187 0.636436 0.805309 0.989769 0.404896 0.188829 0.953607 0.623561 0.274097 0.0552329 0.0137121 0.457561 0.176748 0.011893 0.172851 0.0222177 0.179109 0.299491 0.181786 0.558478 0.542422 0.545511 0.00467704 0.80552 0.0984852 0.103735 0.40768 0.672941 0.273224 0.0979276 0.972306 0.562243 0.225396 0.0633427 0.156462 0.173317 0.120109 0.00467525 0.0640991 0.0141844 0.0717905 0.0284083 0.0757016 0.457976 0.0187049 0.700715 0.0873199 0.0107946 0.157386 0.0289498 0.112197 0.471394 0.298779 0.129437 0.0748982 0.098371 0.127015 0.0863768 0.662553
0.764782 0.798381 0.124148 0.746902 0.36256 0.885079 0.726752 0.978703 0.192691 0.57084 0.585536 0.821448 0.888617 0.96452 0.503495 0.842304 0.815404 0.987739 0.61081 0.942609 0.873565 0.86064 0.789146 0.828765 0.799379 0.860731 0.979839 0.167844 0.987753 0.860125 0.96882 0.968848 0.559458 0.211287 0.464315 0.744384 0.942793 0.610146 0.415825 0.746927 0.799171 0.663816 0.636277 0.805111 0.989814 0.404661 0.188145 0.953783 0.623894 0.273033 0.0547404 0.0135944 0.458481 0.175611 0.0118534 0.172701 0.0222142 0.179405 0.297973 0.180689 0.559207 0.541956 0.546218 0.00465168 0.805805 0.0981923 0.103709 0.40909 0.673989 0.274007 0.0980431 0.972586 0.562329 0.224422 0.0634264 0.156654 0.172066 0.119836 0.0046492 0.063633 0.0141469 0.0717773 0.0282724 0.0757968 0.458901 0.0186908 0.701621 0.0866885 0.0107344 0.15741 0.0289787 0.111331 0.47173 0.297273 0.129394 0.0744097 0.0980862 0.126421 0.0859764 0.663121
0.765061 0.798839 0.124265 0.746501 0.362949 0.884938 0.726304 0.978801 0.192716 0.571266 0.584443 0.822175 0.888525 0.964699 0.502874 0.842285 0.815267 0.987799 0.611918 0.942827 0.874344 0.861811 0.790281 0.829109 0.800627 0.861582 0.979936 0.166704 0.987812 0.859716 0.968831 0.968851 0.558506 0.210433 0.464718 0.744297 0.943003 0.610223 0.416964 0.746533 0.798995 0.664465 0.636163 0.804889 0.989861 0.404478 0.187403 0.953943 0.624221 0.271921 0.0542651 0.0134821 0.459427 0.174456 0.0118161 0.17257 0.022212 0.179706 0.296462 0.179622 0.559964 0.541529 0.54693 0.00462667 0.806109 0.0979134 0.103692 0.410505 0.674997 0.274756 0.098169 0.972867 0.562446 0.22346 0.0635145 0.15686 0.170827 0.11955 0.0046244 0.063166 0.0141078 0.0717892 0.0281283 0.0759049 0.45988 0.0186815 0.702566 0.0860589 0.0106748 0.157428 0.0290094 0.110465 0.472037 0.295718 0.129375 0.0739046 0.0977854 0.125848 0.0855814 0.663729
0.765393 0.799268 0.124386 0.74611 0.363354 0.884753 0.725807 0.9789 0.192747 0.571699 0.583315 0.822893 0.888424 0.964887 0.502228 0.84225 0.815139 0.987859 0.613044 0.943038 0.875136 0.86299 0.791411 0.829461 0.801889 0.862428 0.980032 0.165588 0.987873 0.859314 0.968834 0.968856 0.557567 0.20958 0.465124 0.744244 0.943213 0.610306 0.41815 0.746142 0.798805 0.665114 0.636075 0.804674 0.989908 0.404261 0.186666 0.954102 0.624494 0.270799 0.0537899 0.0133681 0.460356 0.173304 0.011778 0.172417 0.0222094 0.180014 0.294927 0.17852 0.560687 0.541054 0.54763 0.00460177 0.806385 0.097623 0.103661 0.411934 0.676003 0.275538 0.0982967 0.973145 0.562531 0.222516 0.0636006 0.157077 0.169564 0.11928 0.00459873 0.0626939 0.0140705 0.0717842 0.0279929 0.0760066 0.460831 0.0186678 0.703486 0.0854439 0.0106164 0.157466 0.0290332 0.109612 0.472386 0.294173 0.129339 0.07341 0.0974874 0.125287 0.0851891 0.664296
0.76565 0.79973 0.124507 0.745717 0.36376 0.884596 0.72531 0.978998 0.192793 0.572103 0.582193 0.823623 0.888331 0.965071 0.501584 0.842224 0.815031 0.987917 0.614161 0.943257 0.87592 0.864147 0.792578 0.829805 0.803136 0.863252 0.980126 0.16447 0.98793 0.858901 0.968839 0.968865 0.556559 0.208753 0.465555 0.744154 0.943431 0.610397 0.419362 0.745712 0.798604 0.665796 0.636005 0.804446 0.989954 0.404041 0.185958 0.954262 0.624838 0.269695 0.0533092 0.0132565 0.461299 0.172166 0.0117403 0.172273 0.0222141 0.180336 0.293372 0.177436 0.561455 0.540563 0.548351 0.00457637 0.806669 0.0973249 0.103654 0.413419 0.677012 0.276354 0.0984228 0.973417 0.562619 0.221533 0.0636909 0.157278 0.168306 0.119005 0.00457381 0.0622326 0.0140341 0.0717929 0.0278515 0.0761194 0.461803 0.0186553 0.704421 0.0848127 0.0105581 0.157482 0.0290668 0.108762 0.472723 0.292658 0.129307 0.0729284 0.0971848 0.124708 0.0847807 0.664851
0.765942 0.80018 0.124631 0.74529 0.364133 0.884406 0.724818 0.979093 0.192843 0.572482 0.581023 0.824319 0.888216 0.965259 0.500912 0.842186 0.814893 0.987974 0.615277 0.943478 0.876698 0.865314 0.793734 0.830146 0.804398 0.864092 0.980223 0.163362 0.987989 0.858473 0.968843 0.968866 0.555534 0.207936 0.465978 0.744089 0.943634 0.610495 0.420543 0.745325 0.798386 0.666456 0.635912 0.804208 0.99 0.403786 0.185255 0.95443 0.625227 0.268544 0.0528325 0.0131449 0.462279 0.17106 0.0117031 0.172132 0.022213 0.180683 0.291818 0.176344 0.562197 0.540053 0.549131 0.00455152 0.806969 0.0970331 0.103637 0.414871 0.67804 0.277179 0.0985685 0.973687 0.562694 0.220562 0.0637897 0.157482 0.167048 0.118736 0.00454929 0.0617744 0.0140004 0.0717982 0.0277192 0.0762332 0.462747 0.0186412 0.705371 0.0841928 0.0105016 0.157522 0.0291016 0.107915 0.473092 0.291126 0.129292 0.072441 0.0968836 0.124139 0.0843778 0.665463
0.766198 0.800615 0.124744 0.744869 0.364531 0.884206 0.724273 0.979191 0.192865 0.572939 0.579844 0.825036 0.888101 0.96544 0.500304 0.842142 0.814781 0.988031 0.616446 0.943683 0.877447 0.866476 0.794846 0.830491 0.805656 0.864909 0.980318 0.162231 0.988047 0.858034 0.968848 0.968862 0.554539 0.207126 0.466409 0.74403 0.943834 0.61055 0.421747 0.744892 0.798127 0.667119 0.635854 0.803972 0.990045 0.403534 0.184557 0.954593 0.625577 0.267408 0.0523673 0.0130335 0.463264 0.169913 0.0116657 0.17201 0.0222156 0.181005 0.29029 0.175233 0.562951 0.539599 0.54988 0.00452677 0.807267 0.0967329 0.103608 0.416357 0.679086 0.278013 0.0987022 0.973953 0.562768 0.219591 0.0638834 0.157701 0.165838 0.118476 0.00452544 0.0613276 0.0139668 0.0718185 0.0275874 0.0763628 0.463709 0.0186308 0.706277 0.0835825 0.0104457 0.157552 0.0291405 0.107068 0.473484 0.289606 0.129249 0.0719631 0.0966045 0.123562 0.0839848 0.666026
0.766474 0.80106 0.124856 0.744452 0.364944 0.884026 0.723748 0.979286 0.192911 0.573394 0.578648 0.825734 0.887995 0.965616 0.499672 0.842109 0.814633 0.988087 0.617609 0.943892 0.878228 0.867613 0.796004 0.8308 0.806949 0.865733 0.98041 0.161111 0.988102 0.857594 0.968843 0.968862 0.553537 0.20631 0.466849 0.743926 0.944032 0.610619 0.422923 0.74448 0.797895 0.667796 0.635771 0.803725 0.990086 0.403321 0.183863 0.954748 0.625924 0.266332 0.05189 0.0129253 0.464227 0.168764 0.0116307 0.171876 0.022215 0.181359 0.288725 0.174165 0.563734 0.539127 0.550631 0.00450313 0.80755 0.0964486 0.1036 0.417863 0.680129 0.278879 0.0988467 0.974216 0.562825 0.218641 0.0639809 0.157909 0.164612 0.118193 0.00450165 0.0608736 0.013934 0.0718434 0.0274545 0.0764936 0.464703 0.0186203 0.707185 0.0829656 0.0103888 0.157585 0.0291812 0.106219 0.473793 0.288048 0.129242 0.0714676 0.0963302 0.123009 0.0835911 0.66663
0.766742 0.801473 0.12499 0.74405 0.365376 0.883841 0.723183 0.979379 0.19296 0.573766 0.577451 0.826452 0.887879 0.965789 0.499036 0.842059 0.814482 0.988142 0.618788 0.944096 0.879007 0.868748 0.79716 0.831152 0.808221 0.866563 0.980503 0.159992 0.988157 0.857147 0.96884 0.968858 0.552523 0.205474 0.467267 0.743851 0.944238 0.610698 0.424147 0.744034 0.79766 0.668458 0.635674 0.803478 0.990129 0.403054 0.18319 0.95491 0.626231 0.265166 0.0514253 0.012819 0.465182 0.167636 0.0115965 0.17173 0.022221 0.181692 0.287156 0.173059 0.564514 0.538703 0.551369 0.00448014 0.807831 0.0961697 0.103595 0.419411 0.681182 0.279752 0.0989859 0.974478 0.562927 0.217691 0.0640821 0.15816 0.163388 0.11793 0.00447824 0.0604277 0.0139017 0.0718673 0.0273229 0.0766296 0.465718 0.0186113 0.708091 0.0823382 0.010333 0.157604 0.0292224 0.105379 0.474121 0.286482 0.129214 0.0709948 0.096029 0.122459 0.083206 0.667257
0.767016 0.80189 0.125136 0.743595 0.365786 0.883637 0.722638 0.979469 0.192988 0.574165 0.576254 0.827175 0.88776 0.965964 0.498368 0.842001 0.814316 0.988198 0.619936 0.944291 0.879774 0.869898 0.798303 0.831474 0.809447 0.867406 0.980593 0.158893 0.988212 0.856673 0.968835 0.968858 0.551486 0.204639 0.467697 0.74378 0.944436 0.610798 0.425366 0.743596 0.7974 0.66912 0.635586 0.803224 0.990171 0.402813 0.182506 0.955055 0.626564 0.264069 0.0509591 0.0127095 0.466205 0.166494 0.0115639 0.171595 0.0222291 0.18204 0.285595 0.171965 0.565309 0.53825 0.552119 0.00445758 0.808123 0.0958895 0.103574 0.420929 0.682281 0.280612 0.0991122 0.974739 0.563042 0.21673 0.0641854 0.158407 0.162146 0.117685 0.00445592 0.0599845 0.0138683 0.0718894 0.0271924 0.0767603 0.466701 0.0186011 0.70904 0.0817538 0.0102767 0.157659 0.0292649 0.104551 0.474489 0.284931 0.129204 0.0705115 0.0957289 0.121907 0.0828154 0.667874
0.767292 0.802348 0.125297 0.743147 0.366232 0.883447 0.722072 0.979558 0.193028 0.57463 0.575046 0.827895 0.887633 0.966133 0.497646 0.841983 0.814157 0.98825 0.6211 0.944498 0.880555 0.871033 0.799438 0.831821 0.810687 0.868238 0.980684 0.157784 0.988265 0.856199 0.968827 0.968855 0.550445 0.203806 0.468124 0.743712 0.944636 0.61088 0.426572 0.743145 0.797159 0.669817 0.635487 0.802937 0.990212 0.402539 0.181824 0.955211 0.626899 0.26295 0.0505037 0.0126038 0.467232 0.165363 0.0115301 0.171452 0.0222331 0.182415 0.284046 0.170902 0.5661 0.537791 0.55288 0.00443467 0.808397 0.0955911 0.103572 0.422465 0.683408 0.281514 0.0992567 0.974998 0.563103 0.21575 0.0642866 0.158672 0.160918 0.117414 0.00443283 0.0595487 0.0138381 0.0719367 0.0270653 0.076901 0.467721 0.0185942 0.710007 0.0811449 0.0102227 0.157702 0.0293096 0.103729 0.474868 0.283398 0.129195 0.0700293 0.09545 0.121367 0.0824266 0.668475
0.767587 0.8028 0.125437 0.742713 0.366698 0.883233 0.721526 0.979651 0.19307 0.575071 0.573854 0.828609 0.887506 0.966304 0.496986 0.84191 0.813994 0.988304 0.622258 0.944717 0.881304 0.872157 0.800572 0.83215 0.811941 0.869054 0.980775 0.156696 0.988318 0.855716 0.968822 0.96885 0.549421 0.202984 0.468541 0.743607 0.944841 0.610988 0.427843 0.742666 0.796914 0.67052 0.63538 0.802675 0.990254 0.40232 0.181107 0.955356 0.627268 0.261799 0.0500467 0.0124981 0.468229 0.164237 0.0114984 0.171309 0.0222385 0.18276 0.282482 0.169808 0.5669 0.537318 0.553681 0.00441336 0.808679 0.0953059 0.103577 0.424028 0.684492 0.282388 0.0994157 0.975254 0.563147 0.214764 0.0643966 0.158918 0.159696 0.117164 0.00441118 0.0591111 0.0138077 0.0719861 0.0269361 0.0770438 0.468767 0.0185885 0.711001 0.0805442 0.0101691 0.157756 0.0293594 0.102906 0.475245 0.281843 0.129172 0.0695469 0.095175 0.12082 0.0820396 0.669105
0.767855 0.803245 0.125602 0.742259 0.367097 0.883019 0.720952 0.979745 0.193108 0.57551 0.572652 0.829335 0.887412 0.966483 0.496343 0.841874 0.813832 0.988354 0.623429 0.944919 0.882074 0.873295 0.801703 0.832498 0.81319 0.869864 0.980862 0.155624 0.988372 0.855207 0.968811 0.96884 0.548387 0.202152 0.46894 0.743517 0.945039 0.611113 0.429062 0.742191 0.796653 0.671165 0.635287 0.802403 0.990294 0.402087 0.180442 0.955499 0.627623 0.260645 0.0495832 0.0123929 0.469265 0.163097 0.0114658 0.171179 0.0222455 0.183138 0.280937 0.168712 0.567738 0.536847 0.554486 0.00439061 0.808996 0.095016 0.103568 0.425595 0.685615 0.283261 0.0995771 0.97551 0.56322 0.213775 0.0645072 0.159168 0.158465 0.116912 0.00439006 0.0586689 0.0137767 0.0720329 0.0268077 0.0771842 0.469789 0.0185871 0.711954 0.0799555 0.0101168 0.157766 0.0294111 0.102081 0.47561 0.280243 0.129175 0.0690745 0.0949021 0.120269 0.081657 0.66968
0.76811 0.803655 0.125773 0.741785 0.36753 0.882776 0.720386 0.979834 0.193142 0.575939 0.571421 0.830071 0.887278 0.966648 0.495659 0.841835 0.813658 0.988407 0.624616 0.945124 0.882828 0.874425 0.80286 0.832828 0.814445 0.870695 0.980948 0.154557 0.988424 0.854702 0.968803 0.968831 0.547284 0.201324 0.469382 0.743441 0.945236 0.6112 0.430322 0.741741 0.796403 0.671818 0.635178 0.802124 0.990333 0.401823 0.17979 0.955652 0.627976 0.259468 0.0491267 0.0122894 0.470251 0.161971 0.0114339 0.171015 0.0222533 0.183482 0.279354 0.16761 0.568574 0.536391 0.555291 0.00436914 0.809309 0.0947363 0.103562 0.427195 0.686711 0.284158 0.0997346 0.97576 0.563263 0.21278 0.0646182 0.159426 0.157237 0.116655 0.00436815 0.0582314 0.0137463 0.072079 0.0266853 0.0773373 0.470817 0.0185837 0.712961 0.079365 0.0100676 0.157806 0.0294635 0.101268 0.475962 0.278649 0.129178 0.0685989 0.094615 0.119729 0.0812783 0.670304
0.768391 0.804077 0.125934 0.741282 0.367985 0.882554 0.719802 0.979919 0.193177 0.576405 0.570186 0.830781 0.887149 0.966819 0.494961 0.841787 0.813467 0.98846 0.625759 0.945327 0.883598 0.875531 0.803979 0.833156 0.815699 0.871513 0.981034 0.153462 0.988474 0.854183 0.968795 0.96882 0.546226 0.200477 0.469802 0.743355 0.945443 0.61132 0.431578 0.741246 0.796124 0.672469 0.635101 0.801866 0.990372 0.401552 0.179137 0.955798 0.628331 0.2583 0.0486802 0.0121895 0.471287 0.160849 0.0114034 0.170866 0.0222611 0.183865 0.277806 0.166519 0.569378 0.535922 0.556126 0.00434829 0.809591 0.0944651 0.103563 0.428813 0.687789 0.285069 0.0998822 0.976011 0.5633 0.21178 0.0647297 0.159722 0.156024 0.116386 0.00434551 0.0577957 0.013719 0.0721411 0.0265564 0.0775002 0.471827 0.0185826 0.713946 0.0787891 0.0100166 0.157854 0.0295188 0.10047 0.476234 0.277071 0.129171 0.0681175 0.0943418 0.119189 0.0808923 0.670945
0.768606 0.804507 0.126083 0.740778 0.368447 0.882314 0.719194 0.980005 0.19322 0.576845 0.568943 0.831486 0.88703 0.966985 0.494255 0.841728 0.81325 0.988511 0.626916 0.94553 0.884373 0.876653 0.805144 0.83349 0.816968 0.872326 0.981116 0.152373 0.988524 0.853656 0.968789 0.96881 0.545111 0.199643 0.470245 0.743303 0.945635 0.611443 0.432889 0.740747 0.795877 0.67316 0.635009 0.801586 0.99041 0.401308 0.178458 0.95594 0.628671 0.257152 0.0482361 0.0120858 0.472384 0.159744 0.0113731 0.170708 0.0222762 0.184257 0.276212 0.165438 0.570196 0.535461 0.55691 0.00432699 0.809911 0.0941928 0.103552 0.430414 0.688886 0.285981 0.100042 0.976261 0.563401 0.210801 0.0648375 0.160022 0.154797 0.116128 0.00432438 0.0573667 0.0136908 0.0721959 0.0264373 0.0776604 0.472893 0.0185816 0.714914 0.0781982 0.00996555 0.157925 0.0295821 0.0996449 0.476582 0.275482 0.129157 0.0676589 0.0940609 0.118658 0.0805085 0.671565
0.768861 0.804917 0.126245 0.740278 0.368901 0.882067 0.718564 0.980088 0.193263 0.577276 0.56766 0.832198 0.886891 0.967154 0.49351 0.84166 0.813052 0.988561 0.628102 0.945724 0.885146 0.877764 0.806285 0.833809 0.818216 0.873136 0.9812 0.1513 0.988577 0.853112 0.968778 0.968799 0.543961 0.198798 0.470636 0.743199 0.945832 0.611523 0.434214 0.740207 0.795606 0.673891 0.634912 0.801288 0.990449 0.401055 0.177783 0.956085 0.62902 0.256017 0.0477927 0.0119852 0.473469 0.158641 0.0113437 0.170543 0.0222864 0.184645 0.274634 0.164324 0.571022 0.534977 0.557763 0.00430645 0.810227 0.0939031 0.10356 0.432062 0.689988 0.286946 0.100194 0.97651 0.563462 0.209799 0.064951 0.160318 0.153596 0.115856 0.00430365 0.0569297 0.0136651 0.0722623 0.0263147 0.0778368 0.473966 0.0185813 0.715876 0.0776106 0.00991441 0.157968 0.0296389 0.0988311 0.476915 0.273869 0.129169 0.0671918 0.0938006 0.118142 0.0801126 0.672169
0.769116 0.805341 0.1264 0.739757 0.369341 0.881827 0.717965 0.980174 0.193323 0.577776 0.566402 0.8329 0.886761 0.967324 0.492829 0.841615 0.812853 0.988611 0.629323 0.945931 0.885922 0.878855 0.807448 0.834136 0.819466 0.873937 0.981283 0.150212 0.988625 0.852562 0.968769 0.968788 0.542812 0.197952 0.471021 0.743069 0.946032 0.611576 0.435506 0.739666 0.795312 0.674645 0.634854 0.80098 0.990487 0.400794 0.177108 0.956223 0.629395 0.254851 0.0473671 0.0118878 0.47452 0.15753 0.0113152 0.170428 0.0222952 0.185077 0.273039 0.163239 0.571878 0.534523 0.55861 0.00428546 0.810511 0.0936295 0.103567 0.433698 0.691103 0.287909 0.100347 0.976755 0.563512 0.208792 0.0650794 0.160619 0.152404 0.115614 0.00428316 0.0564957 0.0136372 0.072338 0.0261916 0.0780032 0.475055 0.0185823 0.716871 0.0770382 0.00986254 0.158015 0.0296983 0.0980327 0.477269 0.272313 0.12916 0.0667283 0.0935245 0.117624 0.0797454 0.672793
0.769373 0.805776 0.12656 0.739196 0.369827 0.881557 0.717299 0.980262 0.193392 0.578179 0.565101 0.833616 0.886606 0.96749 0.492113 0.841552 0.812614 0.988661 0.630549 0.946122 0.886702 0.87995 0.808611 0.834477 0.820692 0.874736 0.981367 0.149129 0.988672 0.851993 0.968756 0.96877 0.541674 0.1971 0.471457 0.742973 0.946222 0.611665 0.43683 0.739138 0.794987 0.675345 0.634756 0.800693 0.990526 0.400513 0.176434 0.956359 0.62978 0.253691 0.0469295 0.0117885 0.475567 0.156418 0.0112855 0.170289 0.0223086 0.185506 0.271443 0.162165 0.572724 0.5341 0.559438 0.00426579 0.810792 0.0933702 0.103565 0.435305 0.692287 0.288909 0.100521 0.976997 0.563551 0.20779 0.0652099 0.160913 0.151199 0.115348 0.00426309 0.0560672 0.0136119 0.0724084 0.0260717 0.0781867 0.476162 0.01858 0.717848 0.0764491 0.00981426 0.158053 0.0297581 0.0972268 0.477622 0.270759 0.129163 0.0662599 0.0932683 0.117111 0.0793682 0.673455
0.769605 0.806192 0.126712 0.73872 0.370252 0.881298 0.716658 0.980349 0.193444 0.578652 0.563783 0.83431 0.886486 0.967657 0.491363 0.841491 0.812376 0.988707 0.631792 0.946315 0.887453 0.881056 0.809769 0.834791 0.821924 0.875546 0.981452 0.148051 0.98872 0.851401 0.968741 0.968754 0.540548 0.196281 0.471847 0.74286 0.946416 0.611744 0.43813 0.738615 0.794646 0.67606 0.634712 0.80037 0.990563 0.400271 0.175783 0.956498 0.630151 0.252507 0.0465027 0.0116911 0.476658 0.155283 0.0112584 0.170166 0.0223221 0.185961 0.269843 0.161083 0.573556 0.53366 0.560304 0.00424538 0.811102 0.0930892 0.10358 0.43702 0.69342 0.289895 0.10069 0.977234 0.563584 0.206781 0.065324 0.161221 0.149994 0.115091 0.00424326 0.0556376 0.0135855 0.0724839 0.0259597 0.0783588 0.477267 0.0185807 0.718795 0.0758758 0.00976527 0.158137 0.0298253 0.0964308 0.477918 0.269131 0.129184 0.0657878 0.0930081 0.116594 0.0789863 0.674107
0.769825 0.806597 0.126872 0.738145 0.370729 0.881039 0.715988 0.980435 0.193493 0.579131 0.562516 0.835036 0.886324 0.967822 0.490644 0.84144 0.812147 0.988753 0.633052 0.946506 0.888203 0.882137 0.81093 0.835116 0.82319 0.876337 0.981534 0.146976 0.988767 0.850819 0.968724 0.968739 0.539405 0.195427 0.472245 0.742764 0.946606 0.611905 0.439482 0.738067 0.794327 0.676778 0.634645 0.800048 0.990599 0.399973 0.17514 0.956633 0.630537 0.251331 0.0460648 0.011595 0.477759 0.154173 0.0112301 0.170022 0.0223352 0.1864 0.268208 0.160006 0.574409 0.533225 0.561149 0.00422598 0.81137 0.0928172 0.103587 0.438735 0.694559 0.29086 0.100848 0.977468 0.563599 0.205782 0.0654436 0.161538 0.148801 0.114842 0.0042232 0.0552061 0.0135606 0.0725658 0.0258423 0.0785464 0.478377 0.0185857 0.719798 0.0753095 0.00971778 0.158199 0.0298951 0.0956204 0.478284 0.267535 0.129168 0.065338 0.092742 0.116091 0.0786115 0.674782
0.770035 0.80703 0.12705 0.737591 0.371206 0.880776 0.715331 0.980516 0.19353 0.579691 0.561153 0.835779 0.886185 0.967987 0.489907 0.841368 0.811902 0.988801 0.634293 0.946695 0.888954 0.883202 0.812099 0.835437 0.824411 0.877133 0.981615 0.145916 0.988814 0.850223 0.968707 0.968722 0.538233 0.194616 0.472633 0.742612 0.946781 0.611991 0.440834 0.737493 0.794006 0.677508 0.634591 0.799729 0.990635 0.399673 0.174492 0.956776 0.630884 0.250171 0.0456363 0.0114999 0.478886 0.153085 0.0112044 0.169886 0.0223519 0.186867 0.266618 0.158917 0.575259 0.532759 0.562052 0.00420563 0.811639 0.0925479 0.103598 0.440402 0.69569 0.291931 0.101023 0.977702 0.563645 0.204778 0.0655731 0.161885 0.14762 0.114577 0.00420356 0.0547843 0.013536 0.0726482 0.0257271 0.078733 0.47946 0.0185884 0.72078 0.0747327 0.00966969 0.158294 0.029967 0.0948336 0.478674 0.265913 0.12919 0.0648874 0.0924712 0.115583 0.0782521 0.675458
0.77025 0.807434 0.127208 0.737058 0.37173 0.880483 0.714655 0.980595 0.193596 0.580169 0.559808 0.836479 0.886032 0.968155 0.489157 0.841319 0.811679 0.988848 0.635539 0.946886 0.889709 0.884273 0.813261 0.835765 0.825619 0.877938 0.981694 0.144841 0.98886 0.849599 0.96869 0.968707 0.537028 0.193786 0.473026 0.742479 0.946971 0.612079 0.442195 0.736923 0.793661 0.67821 0.634514 0.799413 0.99067 0.399392 0.173857 0.956911 0.63124 0.248976 0.045206 0.0114064 0.48 0.151994 0.0111775 0.169746 0.0223714 0.187312 0.265004 0.157818 0.576154 0.532322 0.562919 0.00418695 0.811912 0.0922777 0.103596 0.442166 0.696817 0.292994 0.101213 0.977935 0.563656 0.203779 0.0656969 0.162225 0.146442 0.11432 0.00418494 0.0543667 0.0135126 0.0727446 0.025613 0.0789322 0.480518 0.0185904 0.721781 0.0741661 0.0096216 0.158358 0.0300395 0.0940379 0.479075 0.26432 0.129201 0.0644253 0.0921987 0.115069 0.077884 0.676123
0.770453 0.807863 0.127403 0.736497 0.372235 0.88017 0.713997 0.980677 0.193649 0.580616 0.558467 0.837187 0.88588 0.968322 0.488446 0.841264 0.811411 0.988892 0.636819 0.947076 0.890471 0.885336 0.814406 0.8361 0.826877 0.878732 0.981774 0.143756 0.988905 0.848976 0.968666 0.968691 0.535872 0.19295 0.473445 0.742379 0.947161 0.612202 0.4436 0.736323 0.793309 0.678921 0.63446 0.799078 0.990705 0.399104 0.173204 0.957048 0.631644 0.247788 0.0447862 0.0113111 0.481105 0.15091 0.0111509 0.169623 0.0223887 0.18775 0.263386 0.156728 0.577048 0.531891 0.563803 0.00416828 0.812201 0.0920152 0.103591 0.443919 0.697984 0.294056 0.10139 0.978162 0.563637 0.202734 0.0658233 0.162562 0.145252 0.114061 0.00416609 0.0539477 0.0134897 0.0728414 0.0254975 0.0791291 0.481674 0.0185937 0.722763 0.0735978 0.00957371 0.158424 0.0301176 0.0932444 0.47942 0.262679 0.1292 0.0639629 0.0919231 0.114573 0.0775221 0.676827
0.770679 0.80828 0.127602 0.735901 0.372709 0.879879 0.713311 0.980756 0.193721 0.581097 0.557083 0.837916 0.885726 0.968489 0.487743 0.841205 0.811152 0.988938 0.638057 0.947259 0.891214 0.886425 0.815553 0.836427 0.828099 0.879521 0.981852 0.142695 0.988951 0.848346 0.968639 0.968669 0.534668 0.192135 0.473827 0.742288 0.947345 0.612342 0.444987 0.735775 0.79293 0.679642 0.6344 0.798727 0.990739 0.398829 0.172587 0.957179 0.632031 0.2466 0.0443679 0.0112187 0.482287 0.14982 0.011125 0.169489 0.0224051 0.188225 0.261801 0.155629 0.577958 0.531433 0.564688 0.00414952 0.8125 0.0917537 0.103595 0.445649 0.699199 0.295096 0.101556 0.97839 0.563647 0.201697 0.0659562 0.162901 0.144068 0.113816 0.00414759 0.053536 0.0134673 0.0729561 0.0253913 0.0793371 0.482781 0.0185973 0.72379 0.0730296 0.00952552 0.158493 0.0301944 0.0924681 0.479815 0.261084 0.12921 0.0635054 0.0916617 0.114088 0.0771694 0.677518
0.770893 0.808708 0.127797 0.735327 0.373189 0.879581 0.712607 0.980836 0.193759 0.581591 0.555738 0.838655 0.885567 0.968653 0.48703 0.84113 0.81089 0.988981 0.639312 0.947443 0.891964 0.887481 0.816683 0.836766 0.829352 0.880317 0.981931 0.14164 0.988994 0.847681 0.968617 0.968648 0.533469 0.191285 0.474207 0.742161 0.947529 0.612471 0.446413 0.735176 0.792595 0.680419 0.634339 0.798387 0.990773 0.398516 0.171979 0.957299 0.632415 0.245433 0.0439533 0.0111259 0.483415 0.14873 0.011102 0.169354 0.0224247 0.18871 0.260146 0.154525 0.578891 0.531036 0.565564 0.00413107 0.812734 0.0914755 0.103602 0.447406 0.700392 0.296223 0.101734 0.978616 0.563656 0.200665 0.0660998 0.163265 0.142889 0.113548 0.00412881 0.053121 0.0134435 0.0730648 0.0252739 0.0795475 0.483946 0.0186039 0.724807 0.0724674 0.00948027 0.158548 0.0302793 0.09169 0.480175 0.259485 0.129203 0.0630542 0.0914068 0.113583 0.0768069 0.678207
0.7711 0.809129 0.127996 0.734726 0.373712 0.879277 0.711877 0.980915 0.193836 0.582059 0.554346 0.839372 0.885421 0.968816 0.486306 0.841062 0.810621 0.989023 0.640595 0.947631 0.892713 0.888536 0.817803 0.837088 0.830608 0.881106 0.982009 0.14059 0.989039 0.847015 0.968591 0.968625 0.532215 0.190443 0.47463 0.74205 0.947714 0.612628 0.447808 0.734588 0.79223 0.681132 0.634285 0.79802 0.990805 0.398221 0.171356 0.957416 0.632808 0.244251 0.0435387 0.0110354 0.484575 0.147627 0.0110793 0.169236 0.0224468 0.189192 0.258574 0.153429 0.579795 0.53056 0.56648 0.00411287 0.81304 0.0911984 0.103618 0.449146 0.701563 0.297323 0.101896 0.978839 0.563631 0.199619 0.0662511 0.163641 0.141715 0.113284 0.0041105 0.0527146 0.0134207 0.0731741 0.0251608 0.0797642 0.485159 0.0186086 0.725805 0.0719023 0.009434 0.158645 0.0303644 0.0909011 0.480561 0.257894 0.129218 0.0626065 0.0911554 0.113108 0.0764415 0.678872
0.771314 0.809541 0.128186 0.734085 0.374249 0.878952 0.711172 0.980992 0.193918 0.582535 0.552926 0.840071 0.885258 0.968976 0.485587 0.84101 0.810347 0.989067 0.64186 0.947819 0.893462 0.889588 0.81894 0.837409 0.831839 0.88192 0.982085 0.139553 0.989082 0.846323 0.968563 0.968604 0.530947 0.18959 0.475022 0.741931 0.947902 0.612725 0.449215 0.733986 0.79187 0.681863 0.634238 0.797655 0.990839 0.39794 0.170744 0.957537 0.633193 0.243071 0.0431296 0.0109421 0.48578 0.14654 0.0110546 0.169095 0.0224636 0.189686 0.256934 0.152372 0.580714 0.53014 0.56736 0.00409545 0.813329 0.0909359 0.103613 0.450875 0.702742 0.298427 0.102061 0.97906 0.563626 0.198612 0.0663983 0.164024 0.140551 0.113026 0.0040928 0.052304 0.0133988 0.0732824 0.0250521 0.0799771 0.486338 0.0186143 0.726828 0.0713591 0.00938807 0.158707 0.0304541 0.0901308 0.480958 0.256263 0.12923 0.0621603 0.0909137 0.112617 0.0760816 0.67955
0.77149 0.809978 0.128365 0.733481 0.374779 0.878646 0.710442 0.981068 0.194001 0.583033 0.551458 0.840795 0.885084 0.969136 0.484836 0.840919 0.810071 0.989109 0.643117 0.948003 0.894202 0.890627 0.82006 0.837711 0.833058 0.882701 0.982159 0.138507 0.989124 0.845651 0.968541 0.968578 0.529696 0.188758 0.475392 0.7418 0.948097 0.612837 0.450657 0.733366 0.791487 0.682604 0.63419 0.797291 0.990873 0.397649 0.170151 0.957661 0.6336 0.241865 0.0427169 0.0108499 0.486964 0.145443 0.0110303 0.168948 0.0224866 0.190203 0.255275 0.151276 0.581569 0.529721 0.568327 0.0040777 0.813623 0.0906728 0.103633 0.452671 0.703943 0.299576 0.102245 0.979281 0.563671 0.197596 0.0665416 0.164436 0.139379 0.112775 0.00407558 0.0519009 0.0133779 0.0734017 0.0249424 0.0801979 0.487513 0.0186221 0.727851 0.0708052 0.00934244 0.158769 0.03055 0.0893554 0.481323 0.254653 0.129252 0.0617195 0.0906596 0.112131 0.0757188 0.680257
0.771694 0.8104 0.128544 0.732869 0.375344 0.878318 0.709721 0.981143 0.194081 0.58353 0.550062 0.841485 0.884889 0.9693 0.484044 0.840858 0.809764 0.989152 0.644358 0.948183 0.89494 0.89167 0.821203 0.838018 0.834279 0.8835 0.982233 0.137433 0.989165 0.844948 0.968516 0.968556 0.528375 0.187899 0.4758 0.741668 0.948284 0.612938 0.452125 0.732732 0.791135 0.683342 0.634107 0.796921 0.990907 0.397291 0.169519 0.95778 0.634022 0.240673 0.0423107 0.0107595 0.488112 0.144336 0.0110067 0.168815 0.0225055 0.190711 0.253644 0.150216 0.582542 0.529281 0.569253 0.00406058 0.813911 0.0904368 0.103663 0.454455 0.705146 0.300737 0.102411 0.979497 0.563657 0.196587 0.0666832 0.164773 0.138233 0.112507 0.00405799 0.0514979 0.0133569 0.0735241 0.0248343 0.0804203 0.488675 0.0186319 0.72888 0.0702631 0.00929705 0.158845 0.0306431 0.088573 0.481707 0.253046 0.129261 0.0612744 0.0904088 0.111659 0.0753525 0.681001
0.771895 0.810835 0.12875 0.732264 0.375876 0.877971 0.708936 0.98122 0.194159 0.584049 0.548634 0.842179 0.884733 0.969457 0.483286 0.840774 0.809451 0.989193 0.645643 0.948362 0.895664 0.892694 0.822354 0.838341 0.835482 0.884295 0.982305 0.136394 0.989209 0.844242 0.968486 0.968529 0.527099 0.187065 0.476175 0.741527 0.948459 0.613047 0.453586 0.732112 0.790745 0.684079 0.634037 0.796523 0.99094 0.396984 0.168899 0.9579 0.634433 0.239463 0.0419043 0.0106704 0.489307 0.143277 0.0109842 0.168671 0.0225271 0.191189 0.252034 0.149136 0.583476 0.528871 0.570165 0.0040429 0.814199 0.0901708 0.103687 0.456271 0.706339 0.301922 0.102592 0.979716 0.563647 0.195526 0.0668332 0.165165 0.137108 0.112257 0.00404044 0.0510899 0.0133383 0.073661 0.0247244 0.080652 0.489862 0.0186408 0.729886 0.0697228 0.00925375 0.158929 0.0307343 0.0878085 0.482118 0.251447 0.129281 0.0608309 0.0901457 0.111199 0.0749881 0.681771
0.772068 0.811251 0.128959 0.731615 0.376435 0.877618 0.708181 0.981296 0.194252 0.584507 0.547185 0.842906 0.884571 0.969614 0.48255 0.840721 0.809152 0.989234 0.64697 0.948548 0.896407 0.89372 0.8235 0.838651 0.83667 0.885071 0.982379 0.135348 0.989252 0.843542 0.96846 0.968499 0.525806 0.186211 0.476561 0.741419 0.948639 0.613143 0.455059 0.731496 0.790314 0.684813 0.633941 0.79615 0.990971 0.396679 0.168307 0.958021 0.63482 0.238277 0.0415038 0.0105834 0.490545 0.142188 0.0109625 0.16857 0.022553 0.191758 0.250425 0.148073 0.584409 0.52844 0.571159 0.00402553 0.81449 0.089922 0.103715 0.458116 0.707557 0.303102 0.102786 0.979932 0.563674 0.194485 0.066984 0.165564 0.135961 0.112007 0.00402388 0.050694 0.0133172 0.0738051 0.0246124 0.0808815 0.491018 0.0186498 0.730936 0.0691907 0.00921108 0.159004 0.0308331 0.0870569 0.482487 0.249823 0.129319 0.0603987 0.089893 0.110743 0.0746355 0.682497
0.772263 0.811652 0.12916 0.730967 0.377022 0.877284 0.707454 0.981373 0.194317 0.585007 0.545736 0.843625 0.884399 0.969771 0.481775 0.840648 0.808841 0.989277 0.648259 0.948733 0.897141 0.894731 0.824657 0.838952 0.837854 0.885848 0.982451 0.134325 0.989292 0.842831 0.968428 0.968468 0.524483 0.185355 0.476952 0.741286 0.948821 0.613253 0.456561 0.730881 0.789938 0.685557 0.633898 0.795732 0.991004 0.396364 0.167713 0.95814 0.635283 0.237092 0.0411124 0.0104976 0.491798 0.141103 0.0109411 0.168435 0.0225766 0.192282 0.24881 0.146993 0.585383 0.527947 0.572104 0.00400823 0.814819 0.0896631 0.103731 0.459882 0.708832 0.304281 0.102972 0.98014 0.563655 0.193445 0.0671408 0.165969 0.134829 0.111757 0.00400673 0.0503016 0.0132993 0.0739501 0.0245089 0.0811164 0.492225 0.0186587 0.731969 0.0686597 0.00916704 0.159061 0.0309345 0.0863006 0.482931 0.248199 0.129339 0.0599581 0.0896586 0.110274 0.074291 0.683256
0.772443 0.812059 0.129394 0.730318 0.377618 0.876943 0.706682 0.981447 0.194386 0.585479 0.544304 0.844348 0.884236 0.969924 0.480983 0.840562 0.808525 0.989317 0.649575 0.948909 0.897862 0.895739 0.825794 0.839256 0.839052 0.886622 0.982523 0.133304 0.989331 0.842087 0.968395 0.968439 0.523149 0.184528 0.477332 0.741168 0.948995 0.613385 0.458052 0.730224 0.789543 0.686335 0.633874 0.795325 0.991033 0.396011 0.167117 0.958258 0.635698 0.235876 0.0407199 0.0104095 0.493042 0.140023 0.0109183 0.168272 0.0225986 0.19284 0.2472 0.145894 0.586383 0.527533 0.573117 0.00399244 0.815128 0.0894204 0.103738 0.461745 0.71007 0.305464 0.103148 0.980353 0.563626 0.192399 0.0672929 0.166399 0.133695 0.111491 0.00399039 0.0499069 0.013279 0.0741087 0.0243987 0.0813525 0.49345 0.0186664 0.733004 0.0681332 0.00912491 0.159123 0.0310373 0.0855423 0.48332 0.246602 0.129355 0.059512 0.0894013 0.109816 0.0739369 0.683974
0.772633 0.81246 0.129594 0.729653 0.378199 0.876589 0.705871 0.98152 0.194481 0.585976 0.542839 0.845057 0.88407 0.970076 0.480234 0.840483 0.808195 0.989357 0.650894 0.949091 0.898576 0.896734 0.826948 0.839584 0.840264 0.887391 0.982596 0.132264 0.989371 0.841352 0.968363 0.968409 0.521782 0.183662 0.47772 0.741046 0.949181 0.613483 0.459526 0.729544 0.789116 0.687103 0.633826 0.794919 0.991063 0.395701 0.166521 0.958376 0.636085 0.234655 0.0403287 0.0103246 0.494237 0.138943 0.0108972 0.168146 0.0226247 0.193406 0.2456 0.144838 0.587315 0.52714 0.574132 0.00397588 0.815434 0.0891792 0.103751 0.463609 0.711294 0.306666 0.103343 0.980561 0.56365 0.191354 0.0674449 0.166839 0.132548 0.111244 0.00397381 0.0495117 0.0132597 0.0742623 0.0242938 0.0816106 0.494718 0.0186819 0.73408 0.0676024 0.00908281 0.159185 0.0311441 0.0848021 0.483718 0.244991 0.129384 0.0590768 0.0891498 0.109357 0.0735771 0.684718
0.772786 0.812874 0.129811 0.728986 0.378803 0.876221 0.705055 0.981592 0.194553 0.586496 0.541351 0.845746 0.883894 0.970231 0.479482 0.840402 0.807856 0.989393 0.652228 0.949263 0.899304 0.897737 0.828102 0.839897 0.841475 0.88815 0.982665 0.131231 0.989411 0.840597 0.968328 0.968376 0.520423 0.182804 0.478101 0.740933 0.949362 0.613531 0.46107 0.728863 0.78868 0.687873 0.633785 0.794511 0.991092 0.395394 0.165934 0.958492 0.63652 0.233448 0.0399383 0.0102422 0.495499 0.137894 0.0108749 0.168023 0.0226516 0.193987 0.243998 0.143756 0.588266 0.526742 0.575168 0.00396013 0.81573 0.0889243 0.103775 0.465453 0.712515 0.307886 0.103525 0.980766 0.563635 0.190312 0.0676075 0.1673 0.131434 0.110979 0.00395745 0.0491262 0.0132416 0.0744051 0.0241868 0.0818617 0.495962 0.0186907 0.73512 0.0670774 0.00904007 0.159258 0.0312577 0.0840624 0.484107 0.243366 0.129405 0.0586487 0.0889009 0.108904 0.0732263 0.685494
0.772926 0.813267 0.130026 0.728314 0.379367 0.875853 0.704229 0.981664 0.194639 0.586985 0.539889 0.846466 0.883723 0.970388 0.478693 0.840332 0.807516 0.989431 0.65359 0.949435 0.900025 0.898742 0.829238 0.840198 0.842696 0.888913 0.982736 0.130224 0.98945 0.839848 0.968296 0.968344 0.519057 0.181939 0.478478 0.74081 0.949538 0.613657 0.462584 0.728154 0.788233 0.688578 0.633761 0.794095 0.991122 0.395066 0.165382 0.958601 0.63696 0.232255 0.0395511 0.010158 0.496833 0.13685 0.0108524 0.167875 0.0226765 0.194579 0.24236 0.142676 0.589266 0.52639 0.5762 0.00394445 0.816028 0.08868 0.103796 0.46729 0.713742 0.309124 0.103722 0.980967 0.563621 0.189291 0.067766 0.167762 0.13031 0.110729 0.0039422 0.0487318 0.0132235 0.0745648 0.0240765 0.0821377 0.497245 0.0186992 0.736206 0.0665441 0.00900024 0.159334 0.0313724 0.0833144 0.484548 0.241723 0.129427 0.0582119 0.0886389 0.108448 0.0728903 0.686248
0.773114 0.813664 0.130228 0.727634 0.379971 0.875477 0.7034 0.981738 0.194717 0.587435 0.538375 0.847182 0.883537 0.970544 0.477891 0.840242 0.807176 0.989466 0.654948 0.94962 0.900735 0.899738 0.83037 0.840502 0.843871 0.889661 0.982806 0.129215 0.989488 0.839061 0.968265 0.968312 0.517678 0.181112 0.478846 0.740646 0.949713 0.613768 0.464137 0.727448 0.787784 0.689351 0.633698 0.793683 0.991152 0.394746 0.164804 0.95871 0.637383 0.231033 0.0391731 0.0100731 0.49808 0.1358 0.0108313 0.167715 0.0227006 0.195169 0.240732 0.141598 0.590264 0.526 0.577204 0.00392926 0.816317 0.0884468 0.103815 0.469224 0.714997 0.310378 0.103903 0.98117 0.563585 0.188259 0.067931 0.168233 0.129195 0.110468 0.00392667 0.0483428 0.0132063 0.0747332 0.0239778 0.0824095 0.498516 0.0187088 0.737238 0.0660212 0.00895995 0.159406 0.0314833 0.0825739 0.484959 0.240102 0.129455 0.0577837 0.0883895 0.108002 0.0725453 0.687001
0.773255 0.814064 0.130431 0.726908 0.380572 0.875082 0.702586 0.98181 0.194819 0.587923 0.536866 0.847873 0.883364 0.970699 0.477133 0.840157 0.806826 0.989504 0.656282 0.949794 0.901443 0.90073 0.831494 0.840799 0.845051 0.890431 0.982872 0.128208 0.989526 0.838256 0.968234 0.968283 0.516329 0.180272 0.479224 0.740492 0.949892 0.613896 0.465695 0.726679 0.787351 0.690147 0.633643 0.793283 0.99118 0.394384 0.164236 0.958822 0.637791 0.229829 0.0387869 0.00998967 0.499308 0.134722 0.0108105 0.167584 0.0227264 0.195754 0.23915 0.140529 0.59124 0.525608 0.578232 0.00391468 0.816603 0.0882042 0.103843 0.471101 0.71623 0.311679 0.104104 0.981368 0.563554 0.187224 0.0681032 0.168706 0.128101 0.110209 0.00391156 0.0479548 0.013192 0.0749072 0.0238771 0.0826818 0.499826 0.0187227 0.73831 0.0655051 0.00891934 0.159496 0.0316001 0.0818472 0.485397 0.238521 0.129485 0.0573563 0.0881374 0.107576 0.0722001 0.687791
0.773426 0.814449 0.130662 0.726159 0.381208 0.874713 0.701736 0.981882 0.194927 0.588393 0.535324 0.848591 0.883172 0.970847 0.476373 0.840094 0.806457 0.989543 0.657647 0.949962 0.902165 0.901708 0.832648 0.841105 0.846237 0.891187 0.98294 0.127201 0.989561 0.837446 0.968205 0.96825 0.514904 0.179445 0.479555 0.740345 0.950061 0.614015 0.467207 0.725963 0.786885 0.690927 0.633626 0.79284 0.99121 0.394075 0.163674 0.958937 0.638207 0.228585 0.0384131 0.0099063 0.500608 0.133672 0.0107908 0.167441 0.0227514 0.196356 0.237536 0.139456 0.592261 0.525214 0.579255 0.00389946 0.816889 0.0879462 0.103861 0.473064 0.71749 0.31295 0.104318 0.981565 0.563499 0.186163 0.0682749 0.169183 0.127016 0.109959 0.00389662 0.0475685 0.0131742 0.0750817 0.0237755 0.0829644 0.501117 0.0187367 0.739383 0.0649822 0.00887768 0.159575 0.0317232 0.081135 0.48586 0.236884 0.12952 0.0569361 0.0878657 0.107125 0.0718562 0.688544
0.773566 0.814844 0.130853 0.72544 0.381842 0.87433 0.700895 0.981951 0.195033 0.588921 0.533779 0.849308 0.882988 0.971003 0.475581 0.840022 0.806086 0.989579 0.659042 0.950136 0.902883 0.902664 0.833767 0.841434 0.847444 0.891948 0.983008 0.12619 0.989596 0.836635 0.968175 0.968218 0.513512 0.178608 0.479924 0.740221 0.950233 0.614138 0.468755 0.725243 0.786437 0.691729 0.633599 0.792423 0.991238 0.393715 0.163122 0.959048 0.638649 0.22734 0.038035 0.00982525 0.501877 0.132623 0.010773 0.167294 0.0227804 0.196967 0.235932 0.138387 0.59331 0.524855 0.580292 0.00388432 0.817169 0.0876968 0.103871 0.47496 0.718764 0.314254 0.104499 0.981765 0.563453 0.185114 0.0684535 0.16969 0.125893 0.109704 0.00388141 0.0471931 0.0131576 0.0752741 0.0236703 0.0832339 0.502405 0.0187463 0.740454 0.0644768 0.00883727 0.15967 0.0318466 0.0804121 0.486299 0.235238 0.129529 0.056516 0.0876128 0.10669 0.0715082 0.689323
0.773713 0.815241 0.131062 0.724663 0.382471 0.873914 0.700008 0.982023 0.19508 0.589456 0.532216 0.850017 0.882814 0.971152 0.474797 0.839967 0.805688 0.989615 0.660404 0.950306 0.903592 0.903625 0.834892 0.84172 0.848634 0.892679 0.983074 0.125199 0.98963 0.835799 0.968139 0.968182 0.512094 0.177792 0.480269 0.740044 0.950399 0.614286 0.470354 0.724469 0.785982 0.692504 0.633574 0.791997 0.991267 0.393385 0.162559 0.959153 0.639077 0.226127 0.0376588 0.00974488 0.503219 0.131569 0.0107523 0.167161 0.0228097 0.197602 0.234286 0.137311 0.594311 0.524464 0.581363 0.00386941 0.81749 0.0874447 0.103887 0.476902 0.720043 0.315566 0.104705 0.981959 0.563432 0.18408 0.0686262 0.170192 0.12478 0.109453 0.00386599 0.0468093 0.0131416 0.0754619 0.0235696 0.0835169 0.503697 0.0187635 0.741574 0.063964 0.0087964 0.159748 0.031974 0.0796919 0.486747 0.233603 0.129581 0.0561009 0.0873686 0.106259 0.0711701 0.690122
0.773856 0.815628 0.131288 0.723865 0.383095 0.873506 0.699101 0.98209 0.195162 0.589954 0.530627 0.850702 0.882616 0.971301 0.474009 0.839888 0.805285 0.989648 0.661791 0.950477 0.904284 0.904578 0.836014 0.842024 0.849814 0.893424 0.983143 0.124208 0.989666 0.834966 0.968108 0.968145 0.510635 0.176921 0.480585 0.73991 0.95057 0.61443 0.471899 0.723705 0.7855 0.693275 0.63356 0.791532 0.991296 0.393021 0.162036 0.959262 0.639536 0.224873 0.0372913 0.00966529 0.504564 0.130514 0.0107347 0.167029 0.0228343 0.198261 0.232702 0.13625 0.595373 0.524066 0.582401 0.00385497 0.817762 0.0871965 0.103909 0.47888 0.721319 0.316882 0.104897 0.98215 0.563396 0.183005 0.0688088 0.17071 0.123699 0.109207 0.0038516 0.0464327 0.0131234 0.0756584 0.0234682 0.0838102 0.505007 0.0187772 0.742604 0.0634531 0.00875533 0.159827 0.0320995 0.078972 0.487185 0.232005 0.129612 0.0556803 0.0871274 0.105833 0.0708203 0.690925
0.774006 0.816005 0.131496 0.723096 0.383697 0.873091 0.69824 0.98216 0.195259 0.590445 0.529068 0.851399 0.88242 0.971453 0.473194 0.839818 0.804895 0.989684 0.663175 0.950648 0.904998 0.905541 0.837135 0.842327 0.851 0.894162 0.983207 0.123213 0.989702 0.83406 0.968075 0.968106 0.509172 0.176088 0.480941 0.739773 0.950732 0.614568 0.473523 0.72291 0.784986 0.694042 0.633573 0.791069 0.991323 0.392652 0.161512 0.959365 0.639952 0.223652 0.0369223 0.00958599 0.505877 0.129483 0.0107163 0.166867 0.0228608 0.198884 0.231068 0.13519 0.596429 0.523694 0.583465 0.00384124 0.818048 0.0869553 0.103924 0.480901 0.72259 0.318234 0.105085 0.982342 0.563391 0.181956 0.0689975 0.171217 0.122612 0.108954 0.00383697 0.0460593 0.0131098 0.0758534 0.0233707 0.0841061 0.506324 0.0187914 0.743701 0.0629429 0.00871432 0.159919 0.0322303 0.0782624 0.487662 0.230387 0.129645 0.0552671 0.08689 0.105409 0.0704804 0.691705
0.77414 0.816376 0.131722 0.722305 0.38434 0.872666 0.697307 0.982228 0.19538 0.590906 0.527475 0.852102 0.882221 0.971601 0.472422 0.839754 0.804461 0.989719 0.664574 0.950819 0.905703 0.90649 0.838269 0.842628 0.852179 0.894914 0.983272 0.12222 0.989738 0.833165 0.96804 0.968071 0.507729 0.17525 0.481269 0.739586 0.9509 0.61466 0.475169 0.722108 0.784522 0.694846 0.633555 0.790595 0.991349 0.392287 0.160969 0.959466 0.640364 0.222421 0.0365554 0.00950657 0.507237 0.12844 0.0106995 0.166712 0.0228914 0.199537 0.229471 0.134138 0.597537 0.523326 0.584597 0.00382689 0.818344 0.0867083 0.10395 0.482937 0.723873 0.319594 0.105293 0.982529 0.563378 0.180893 0.0691761 0.171759 0.121514 0.108681 0.00382323 0.0456854 0.0130951 0.0760514 0.0232736 0.084412 0.507664 0.0188051 0.744802 0.0624443 0.00867473 0.159997 0.0323686 0.0775642 0.488141 0.228788 0.129694 0.0548592 0.086653 0.104988 0.0701445 0.692534
0.774286 0.816761 0.131939 0.721486 0.384972 0.87222 0.696383 0.982297 0.195459 0.591438 0.525836 0.852822 0.88204 0.971755 0.471575 0.839685 0.80405 0.989752 0.665971 0.950987 0.906414 0.907435 0.839382 0.842933 0.853346 0.895638 0.983335 0.121227 0.989773 0.832267 0.968003 0.968037 0.506164 0.174414 0.481596 0.739434 0.951064 0.614758 0.476789 0.721309 0.784043 0.695654 0.633598 0.790132 0.991375 0.391911 0.160427 0.959569 0.64074 0.221184 0.0361876 0.00942766 0.508571 0.12742 0.0106847 0.166571 0.0229209 0.200232 0.22782 0.133097 0.598602 0.523013 0.585637 0.00381254 0.818635 0.0864603 0.103972 0.48494 0.72518 0.320992 0.105482 0.982714 0.563315 0.179837 0.0693668 0.172297 0.12043 0.108433 0.00380917 0.0453224 0.0130811 0.0762597 0.0231709 0.0847283 0.509015 0.0188231 0.7459 0.0619421 0.00863675 0.160078 0.0325047 0.0768608 0.488616 0.227175 0.129726 0.054445 0.0864143 0.104569 0.069809 0.693328
0.774416 0.817174 0.132156 0.720662 0.38565 0.871777 0.695447 0.982368 0.195548 0.591965 0.524232 0.85353 0.881863 0.971901 0.470761 0.839621 0.803656 0.989786 0.66739 0.951149 0.907093 0.908377 0.840531 0.843246 0.854511 0.896386 0.9834 0.120244 0.989806 0.831374 0.967961 0.967997 0.504637 0.173584 0.481892 0.739296 0.951227 0.614904 0.478374 0.720486 0.783519 0.696459 0.633607 0.789644 0.991401 0.391486 0.159897 0.959678 0.641166 0.21995 0.0358284 0.00935167 0.509935 0.126391 0.0106699 0.166432 0.0229517 0.200912 0.226191 0.132052 0.59969 0.522704 0.586712 0.00379863 0.818934 0.086209 0.104 0.486966 0.726489 0.322415 0.105682 0.982894 0.56322 0.178764 0.0695498 0.172858 0.119358 0.108175 0.00379505 0.0449458 0.0130647 0.0764689 0.0230718 0.085041 0.510388 0.0188381 0.74696 0.0614439 0.00859831 0.160145 0.0326437 0.0761616 0.489101 0.225575 0.129725 0.0540224 0.0861745 0.104149 0.0694692 0.694158
0.774534 0.817541 0.132379 0.719844 0.386316 0.871324 0.69452 0.982436 0.195649 0.592527 0.522598 0.854231 0.881675 0.972054 0.469914 0.839548 0.803199 0.989818 0.668835 0.951322 0.907799 0.909318 0.841655 0.843564 0.855666 0.897113 0.983463 0.119285 0.989839 0.830458 0.967921 0.967958 0.503111 0.172754 0.482224 0.739159 0.951394 0.615032 0.480016 0.719642 0.782967 0.69729 0.633628 0.78916 0.991426 0.391082 0.159363 0.959787 0.641587 0.218708 0.0354713 0.00927359 0.51132 0.125368 0.0106553 0.166297 0.0229796 0.201621 0.224601 0.131015 0.600786 0.522344 0.587813 0.00378581 0.819245 0.0859617 0.104035 0.488977 0.727819 0.32379 0.105873 0.983076 0.563124 0.1777 0.0697415 0.173439 0.1183 0.107953 0.00378176 0.0445795 0.0130536 0.0766932 0.0229743 0.0853491 0.51176 0.0188553 0.74806 0.0609582 0.00856075 0.160242 0.0327875 0.0754669 0.489575 0.224002 0.129756 0.053615 0.0859377 0.103746 0.0691223 0.694997
0.774666 0.817933 0.1326 0.719027 0.38698 0.870857 0.693585 0.982504 0.195717 0.593035 0.520995 0.854934 0.881483 0.9722 0.469038 0.839485 0.802762 0.989852 0.670271 0.951486 0.908475 0.910248 0.842787 0.843875 0.856819 0.89784 0.983529 0.118303 0.989872 0.829528 0.967884 0.967917 0.501591 0.17192 0.482521 0.738991 0.951561 0.615171 0.481614 0.718807 0.782441 0.698099 0.633597 0.78866 0.991451 0.390709 0.158833 0.959885 0.641979 0.217466 0.0351134 0.00919681 0.512704 0.124333 0.0106379 0.166163 0.0230131 0.202333 0.222983 0.129959 0.601884 0.521989 0.588938 0.00377203 0.819545 0.0857216 0.104063 0.490992 0.729118 0.325189 0.106058 0.983257 0.563019 0.176631 0.0699344 0.174015 0.117248 0.107702 0.00376822 0.0442103 0.0130411 0.0769268 0.0228793 0.0856911 0.513127 0.0188743 0.749189 0.0604732 0.00852348 0.160294 0.0329349 0.0747703 0.490029 0.222396 0.12978 0.0532023 0.0857026 0.103349 0.0687954 0.695852
0.774751 0.818316 0.132825 0.718141 0.38769 0.870388 0.692664 0.982573 0.19581 0.593584 0.519372 0.855635 0.881284 0.972349 0.468198 0.839413 0.802311 0.989885 0.671702 0.951643 0.909168 0.911164 0.843905 0.84415 0.857976 0.898563 0.98359 0.117336 0.989905 0.828575 0.967835 0.96787 0.500065 0.171085 0.482839 0.738824 0.951725 0.615306 0.483235 0.717982 0.781904 0.698904 0.633633 0.788198 0.991476 0.390302 0.158311 0.959986 0.642426 0.21624 0.0347591 0.00912172 0.5141 0.123288 0.0106257 0.166 0.0230478 0.203062 0.221382 0.128911 0.602967 0.521654 0.59008 0.00375838 0.819873 0.0854821 0.104076 0.493106 0.730466 0.326585 0.106244 0.983435 0.562956 0.175571 0.0701339 0.174616 0.116181 0.107466 0.00375473 0.0438438 0.0130269 0.0771546 0.0227825 0.0860243 0.514523 0.0188938 0.750307 0.0599853 0.00848501 0.160388 0.0330868 0.0740728 0.490529 0.220767 0.129822 0.0527934 0.0854476 0.10294 0.0684746 0.696678
0.774859 0.818723 0.133032 0.717304 0.388346 0.86993 0.691668 0.982639 0.195922 0.594134 0.517709 0.856351 0.881094 0.972497 0.467379 0.839354 0.801851 0.989919 0.673097 0.951802 0.909838 0.91207 0.845035 0.84446 0.85912 0.899284 0.983651 0.116381 0.989936 0.827574 0.967791 0.967832 0.498503 0.170242 0.483061 0.738657 0.951889 0.615439 0.484881 0.717131 0.781373 0.699706 0.633641 0.787712 0.991499 0.389869 0.157809 0.960081 0.642874 0.215035 0.0344063 0.00904716 0.515535 0.12228 0.0106099 0.16583 0.023081 0.203768 0.21978 0.127882 0.604012 0.52131 0.591208 0.00374548 0.820183 0.0852397 0.104094 0.495124 0.731818 0.328077 0.106425 0.98361 0.562883 0.1745 0.070321 0.175218 0.11514 0.107221 0.003742 0.0434843 0.0130149 0.0774001 0.0226853 0.0863569 0.51593 0.0189107 0.751419 0.0595043 0.00844801 0.160483 0.0332401 0.0733875 0.491001 0.219182 0.129854 0.0523887 0.0852085 0.102538 0.06814 0.697533
0.774971 0.819098 0.133267 0.716433 0.389021 0.869455 0.690657 0.982708 0.196056 0.594673 0.516052 0.857035 0.880906 0.972642 0.466528 0.83928 0.801385 0.989951 0.674515 0.951969 0.910515 0.912987 0.846163 0.844765 0.860258 0.899993 0.983716 0.115414 0.989968 0.826596 0.96775 0.967792 0.496953 0.169425 0.483313 0.738553 0.952051 0.615581 0.48657 0.716295 0.780822 0.700511 0.633684 0.787229 0.991523 0.389447 0.157298 0.960185 0.643304 0.21377 0.0340569 0.00897296 0.51695 0.121263 0.0105965 0.165682 0.0231143 0.204519 0.218146 0.126835 0.605112 0.520973 0.59237 0.00373227 0.820478 0.0850012 0.104112 0.497162 0.733156 0.329559 0.106634 0.983785 0.562747 0.17346 0.0705136 0.175824 0.114113 0.106972 0.00372879 0.0431227 0.0130028 0.0776442 0.0225942 0.0867076 0.517357 0.0189304 0.752508 0.0590276 0.00841051 0.160538 0.0334014 0.0727092 0.491452 0.217591 0.129883 0.0519854 0.0849755 0.102127 0.0678037 0.698408
0.775056 0.819475 0.133496 0.715554 0.389713 0.868949 0.689677 0.982772 0.196148 0.595215 0.514392 0.857749 0.880705 0.972788 0.465694 0.839202 0.800878 0.989983 0.675937 0.95213 0.911178 0.913886 0.847278 0.845075 0.861405 0.900699 0.983774 0.114451 0.99 0.825574 0.967708 0.967757 0.495388 0.168589 0.483551 0.73837 0.952212 0.615737 0.488277 0.715374 0.780273 0.701355 0.633694 0.786741 0.991547 0.388984 0.156774 0.960286 0.643733 0.212526 0.033712 0.00889827 0.518348 0.120275 0.0105816 0.165543 0.023143 0.205257 0.216561 0.12578 0.60619 0.520646 0.593531 0.00371973 0.820792 0.0847603 0.104139 0.499215 0.734504 0.331054 0.106821 0.983961 0.56263 0.172404 0.0707059 0.176458 0.11308 0.106697 0.00371572 0.0427634 0.0129908 0.0779094 0.0225043 0.0870539 0.518784 0.0189452 0.75364 0.0585472 0.0083739 0.160626 0.0335612 0.0720355 0.491964 0.21599 0.129923 0.0515796 0.0847478 0.101746 0.0674713 0.699252
0.775144 0.819839 0.133733 0.714683 0.390417 0.868428 0.688634 0.982837 0.196266 0.595721 0.512682 0.858455 0.880518 0.972934 0.464843 0.839151 0.800409 0.990015 0.677418 0.952287 0.911851 0.914772 0.848399 0.845391 0.862564 0.901388 0.983836 0.113495 0.990029 0.824542 0.967669 0.967709 0.493766 0.167751 0.483833 0.73821 0.952374 0.615879 0.489974 0.714509 0.779683 0.702224 0.633732 0.786226 0.991571 0.38855 0.156266 0.960381 0.644178 0.211272 0.0333691 0.0088244 0.519754 0.119269 0.0105687 0.165389 0.0231756 0.206052 0.214945 0.12474 0.607315 0.520353 0.594695 0.00370704 0.821117 0.0845294 0.104157 0.50129 0.735861 0.332567 0.107012 0.984132 0.562496 0.171348 0.0708922 0.17709 0.11206 0.106463 0.00370356 0.0424041 0.0129791 0.07818 0.0224118 0.0874078 0.520217 0.0189664 0.754719 0.0580709 0.00833768 0.16072 0.033726 0.0713693 0.492455 0.214388 0.129965 0.0511769 0.0845087 0.101359 0.0671495 0.7001
0.775248 0.820225 0.133966 0.713778 0.39115 0.867911 0.687627 0.982902 0.196342 0.596215 0.510951 0.859153 0.880307 0.973077 0.463982 0.839084 0.799896 0.990044 0.678883 0.952445 0.912522 0.915649 0.849526 0.84568 0.86367 0.902096 0.983895 0.112559 0.990061 0.823518 0.967623 0.967665 0.492139 0.166915 0.484094 0.73808 0.95254 0.616055 0.491693 0.713582 0.779127 0.703021 0.63376 0.785717 0.991593 0.388083 0.155778 0.960474 0.644619 0.210022 0.0330321 0.00875124 0.521162 0.118271 0.0105543 0.165252 0.023211 0.206817 0.213331 0.123708 0.608449 0.520038 0.595844 0.00369473 0.821406 0.0842939 0.104187 0.503368 0.737222 0.334116 0.107207 0.984301 0.562338 0.170287 0.0710835 0.177725 0.111062 0.106202 0.00369103 0.0420571 0.0129676 0.0784573 0.0223219 0.0877818 0.521608 0.0189878 0.755809 0.057605 0.00830282 0.160807 0.0338959 0.0706981 0.492934 0.212823 0.130013 0.0507748 0.0842818 0.100986 0.066818 0.700968
0.775338 0.820591 0.134211 0.712858 0.391891 0.867399 0.686634 0.982968 0.196458 0.596745 0.509214 0.859845 0.880097 0.973225 0.463133 0.839032 0.799417 0.990073 0.680366 0.952609 0.913176 0.91654 0.850638 0.846003 0.864779 0.902793 0.983956 0.111618 0.99009 0.822476 0.967577 0.967614 0.490554 0.166061 0.484352 0.737891 0.952695 0.616189 0.493369 0.712652 0.778535 0.703899 0.633804 0.785186 0.991616 0.387585 0.155278 0.960573 0.645072 0.208765 0.0326941 0.00867868 0.522589 0.117296 0.0105404 0.165108 0.0232426 0.207608 0.21175 0.122676 0.609574 0.519739 0.597003 0.00368235 0.821731 0.0840479 0.10421 0.505477 0.738578 0.335683 0.107394 0.984466 0.562206 0.169234 0.0712759 0.178368 0.110043 0.105945 0.00367871 0.041706 0.0129571 0.078734 0.0222282 0.0881508 0.523042 0.0190094 0.756969 0.0571383 0.00826749 0.160895 0.034064 0.0700371 0.493398 0.211252 0.130064 0.050376 0.0840573 0.100605 0.0664933 0.701856
0.775413 0.820941 0.134425 0.711919 0.392648 0.866894 0.685646 0.983034 0.196568 0.597309 0.507425 0.860536 0.879904 0.973372 0.462275 0.838954 0.798901 0.990103 0.681856 0.952764 0.913841 0.917416 0.851757 0.846287 0.865915 0.903485 0.984018 0.110683 0.990119 0.821402 0.967534 0.967562 0.488911 0.165251 0.484596 0.737743 0.952849 0.61635 0.495046 0.711724 0.77794 0.704698 0.633863 0.784633 0.991641 0.387122 0.154795 0.960667 0.645563 0.207501 0.0323557 0.00860699 0.524066 0.116316 0.0105273 0.164947 0.0232742 0.208374 0.210182 0.121656 0.61074 0.519437 0.598215 0.00367023 0.822056 0.0838236 0.104238 0.507568 0.739937 0.337217 0.107582 0.984635 0.562055 0.168171 0.0714806 0.179009 0.109027 0.105668 0.00366647 0.0413623 0.0129463 0.0790184 0.0221375 0.0885222 0.524491 0.0190305 0.758118 0.0566811 0.00823318 0.160947 0.0342399 0.069382 0.493977 0.209681 0.130102 0.0499848 0.0838199 0.100225 0.0661741 0.702738
0.775462 0.821329 0.134624 0.711018 0.393377 0.866342 0.684587 0.9831 0.196691 0.597826 0.50569 0.861237 0.879709 0.973514 0.461373 0.838857 0.798371 0.990132 0.683335 0.952923 0.914487 0.918296 0.852877 0.846595 0.86705 0.904188 0.984077 0.109758 0.990148 0.82032 0.967488 0.967516 0.487242 0.164427 0.484878 0.737572 0.953012 0.616485 0.496792 0.710811 0.777361 0.705502 0.633902 0.784064 0.991664 0.386645 0.15432 0.960756 0.64605 0.20629 0.0320213 0.0085365 0.525488 0.115338 0.0105139 0.164815 0.0233071 0.209168 0.208603 0.120615 0.611951 0.519169 0.59943 0.00365836 0.822342 0.0835977 0.104271 0.509661 0.741283 0.338787 0.107784 0.9848 0.561909 0.167104 0.0716787 0.179674 0.108029 0.105416 0.00365439 0.0410181 0.0129363 0.0793066 0.0220439 0.0889002 0.525971 0.0190538 0.759262 0.0562132 0.0081973 0.161022 0.0344186 0.0687308 0.494485 0.208125 0.130168 0.0495972 0.0835888 0.0998497 0.0658566 0.703615
0.77552 0.821728 0.13489 0.710062 0.394138 0.865799 0.683533 0.983164 0.196812 0.598354 0.503946 0.861945 0.879511 0.97366 0.460472 0.838782 0.797849 0.990161 0.684831 0.953083 0.915138 0.919155 0.853968 0.846907 0.86815 0.904869 0.984138 0.10882 0.990179 0.819233 0.967446 0.967469 0.485564 0.163595 0.485124 0.737407 0.953168 0.616676 0.498511 0.709823 0.776734 0.706341 0.633944 0.783537 0.991686 0.386188 0.153846 0.960843 0.646529 0.205056 0.0316882 0.00846498 0.526975 0.114338 0.0105021 0.164662 0.0233394 0.209975 0.207065 0.119604 0.613153 0.518912 0.600644 0.00364673 0.822652 0.0833725 0.104285 0.511811 0.742639 0.34037 0.107993 0.984962 0.561771 0.166036 0.071865 0.180337 0.107028 0.105176 0.00364215 0.0406725 0.0129244 0.0795878 0.0219579 0.0892882 0.527441 0.0190776 0.760394 0.0557491 0.00816161 0.161089 0.034605 0.0680903 0.494982 0.206548 0.13022 0.0492008 0.0833565 0.0994826 0.0655392 0.704522
0.775588 0.822127 0.135104 0.70907 0.394882 0.865263 0.682455 0.983226 0.196895 0.598874 0.5022 0.862632 0.879329 0.973799 0.459575 0.8387 0.797302 0.990188 0.686261 0.953241 0.915791 0.920015 0.855066 0.847212 0.869269 0.905568 0.984197 0.107901 0.990207 0.818113 0.967395 0.967418 0.483844 0.16276 0.485362 0.737225 0.953321 0.616809 0.50022 0.708825 0.776135 0.707178 0.633996 0.782956 0.991708 0.38568 0.153393 0.960931 0.646978 0.203841 0.0313596 0.00839743 0.528483 0.113363 0.0104865 0.164502 0.0233732 0.210798 0.205534 0.118575 0.614315 0.518669 0.601855 0.00363554 0.822974 0.0831477 0.104315 0.513959 0.744012 0.342028 0.108182 0.985124 0.561577 0.164978 0.0720722 0.181006 0.106047 0.104923 0.0036298 0.0403352 0.0129123 0.0798908 0.0218709 0.089668 0.528973 0.0190982 0.761551 0.0552899 0.00812793 0.161142 0.0347935 0.067448 0.495496 0.204975 0.130281 0.0488199 0.0831185 0.0991102 0.0652133 0.705384
0.77563 0.822508 0.135314 0.70811 0.395637 0.864716 0.681364 0.983288 0.197009 0.599412 0.500417 0.863332 0.879136 0.973943 0.458674 0.838611 0.796752 0.990219 0.687735 0.953395 0.91645 0.920856 0.856156 0.847518 0.870354 0.906254 0.984257 0.106967 0.990235 0.817006 0.967354 0.967369 0.482117 0.161911 0.485614 0.737042 0.953471 0.616923 0.501966 0.707847 0.775525 0.708058 0.634027 0.782382 0.99173 0.38516 0.152941 0.961018 0.647448 0.202625 0.0310327 0.00833001 0.529951 0.112404 0.0104765 0.164343 0.0234132 0.211642 0.203971 0.117573 0.615511 0.518445 0.603119 0.00362428 0.823301 0.0829291 0.104327 0.516109 0.745409 0.34366 0.108375 0.985286 0.561405 0.163923 0.0722805 0.18171 0.105056 0.104663 0.00361794 0.0399981 0.0129014 0.0801941 0.0217822 0.0900674 0.53046 0.0191198 0.762689 0.0548378 0.00809424 0.161209 0.0349868 0.0668106 0.495991 0.203387 0.130351 0.0484305 0.0828895 0.0987283 0.0648912 0.706268
0.775698 0.822875 0.135546 0.707127 0.39637 0.864152 0.680233 0.98335 0.197128 0.599906 0.498631 0.864015 0.878942 0.974081 0.45781 0.83856 0.796193 0.990245 0.689229 0.95354 0.9171 0.921708 0.857257 0.847834 0.87148 0.906944 0.984315 0.106049 0.990263 0.815851 0.967304 0.967325 0.480416 0.16108 0.485805 0.736869 0.95363 0.617096 0.503749 0.706867 0.774876 0.708912 0.634099 0.781791 0.991752 0.38469 0.152504 0.961105 0.647926 0.201399 0.0307058 0.0082619 0.531435 0.11145 0.0104631 0.164161 0.0234471 0.212517 0.202425 0.116555 0.616706 0.518205 0.604368 0.00361378 0.823605 0.0826909 0.104369 0.518307 0.746771 0.345304 0.108563 0.985447 0.561212 0.162843 0.072493 0.18241 0.104075 0.104408 0.00360649 0.0396554 0.01289 0.0805239 0.0216963 0.090465 0.531976 0.0191447 0.763835 0.0543762 0.00805827 0.161307 0.0351819 0.0661871 0.496565 0.201806 0.130389 0.0480527 0.0826705 0.0983704 0.0645711 0.707136
0.775738 0.823257 0.13578 0.70611 0.397164 0.863575 0.679161 0.983415 0.197229 0.60044 0.496878 0.864728 0.878749 0.974219 0.456932 0.838472 0.795661 0.990272 0.690717 0.953694 0.917746 0.922549 0.858333 0.848141 0.872584 0.907619 0.984372 0.105139 0.990289 0.814694 0.967257 0.967278 0.478696 0.160235 0.486043 0.736697 0.95379 0.617251 0.505522 0.705871 0.77423 0.709731 0.634176 0.781198 0.991774 0.384222 0.152034 0.961192 0.648363 0.200131 0.0303869 0.00819352 0.532966 0.110488 0.0104515 0.164016 0.0234826 0.213395 0.200827 0.11555 0.61797 0.517979 0.605624 0.00360244 0.823968 0.0824578 0.104401 0.520476 0.748178 0.346937 0.108757 0.985607 0.561039 0.161764 0.0727076 0.183147 0.103093 0.104147 0.00359591 0.0393223 0.0128806 0.0808493 0.0216055 0.0908733 0.533446 0.0191692 0.764991 0.0539237 0.00802401 0.161394 0.0353785 0.0655627 0.497078 0.200263 0.130448 0.0476729 0.0824489 0.0980168 0.0642381 0.708063
0.775781 0.823617 0.136013 0.705061 0.397956 0.863004 0.678027 0.983477 0.197351 0.601025 0.495035 0.865437 0.878542 0.97436 0.456012 0.838393 0.795111 0.990299 0.692233 0.953844 0.918392 0.923366 0.859423 0.84845 0.873674 0.908301 0.984429 0.10422 0.990316 0.813507 0.967209 0.967231 0.476945 0.159397 0.486245 0.736534 0.953948 0.617433 0.507262 0.704878 0.773563 0.710635 0.634251 0.780599 0.991795 0.383712 0.15159 0.961277 0.648825 0.198877 0.0300697 0.00812781 0.53452 0.109533 0.0104392 0.163878 0.02352 0.214264 0.19926 0.114553 0.619209 0.517726 0.606874 0.00359166 0.824274 0.0822234 0.104432 0.522654 0.749578 0.348612 0.108941 0.985763 0.560806 0.160697 0.0729173 0.183883 0.102129 0.103879 0.00358522 0.0389858 0.0128717 0.0811645 0.0215201 0.0912922 0.534955 0.019191 0.766167 0.0534811 0.00798985 0.161459 0.0355797 0.0649442 0.497625 0.198719 0.130498 0.0472976 0.0822141 0.0976738 0.0639248 0.708975
0.775823 0.823983 0.136249 0.704061 0.398741 0.862397 0.676887 0.983541 0.197428 0.601537 0.493226 0.866122 0.878348 0.974502 0.455104 0.838316 0.794547 0.990327 0.693755 0.953993 0.91904 0.924192 0.860506 0.848767 0.874752 0.908962 0.984485 0.103319 0.990342 0.812323 0.967157 0.967185 0.475185 0.158571 0.486419 0.736362 0.954103 0.617615 0.509069 0.703858 0.772918 0.711479 0.634298 0.779982 0.991817 0.383183 0.151149 0.961366 0.649298 0.197632 0.0297499 0.00806146 0.536042 0.108577 0.0104284 0.163719 0.0235566 0.21514 0.197722 0.113532 0.620449 0.517517 0.608148 0.00358051 0.824601 0.0819865 0.104441 0.524865 0.751025 0.350308 0.109107 0.985918 0.560605 0.159601 0.0731384 0.184633 0.10118 0.103622 0.00357418 0.0386612 0.0128632 0.0815105 0.0214317 0.0917098 0.536451 0.0192164 0.767295 0.0530363 0.0079567 0.161508 0.03578 0.0643277 0.498184 0.197163 0.130529 0.0469159 0.0819856 0.0973155 0.0636118 0.709917
0.775855 0.824342 0.136459 0.703053 0.399511 0.861805 0.675727 0.983603 0.197509 0.602048 0.491402 0.866794 0.878153 0.974643 0.454179 0.838246 0.793957 0.990355 0.695279 0.954146 0.919678 0.925013 0.861572 0.849074 0.87583 0.909624 0.984542 0.102424 0.990369 0.811107 0.967106 0.967134 0.473432 0.157735 0.486637 0.736218 0.95425 0.617753 0.510878 0.702772 0.772237 0.712347 0.634365 0.779366 0.99184 0.382717 0.150721 0.961457 0.649783 0.196408 0.0294375 0.0079958 0.537549 0.10763 0.0104172 0.16355 0.023595 0.21605 0.1962 0.112538 0.621743 0.517303 0.609396 0.00356945 0.824947 0.0817505 0.104458 0.527093 0.752394 0.352051 0.109283 0.986072 0.56045 0.158523 0.0733482 0.185416 0.100206 0.10335 0.00356335 0.0383359 0.0128531 0.0818463 0.0213452 0.0921382 0.538011 0.0192406 0.768461 0.0525979 0.00792357 0.161575 0.0359915 0.0637139 0.498734 0.195618 0.130564 0.0465446 0.0817584 0.0969806 0.0632985 0.710848
0.775878 0.824713 0.136699 0.701966 0.400349 0.861221 0.674554 0.983663 0.197634 0.602596 0.489544 0.867514 0.877955 0.974782 0.453304 0.838164 0.79339 0.99038 0.696847 0.954291 0.92032 0.92582 0.862667 0.849388 0.876896 0.910283 0.9846 0.101527 0.990393 0.809872 0.967055 0.967086 0.471609 0.1569 0.486842 0.736059 0.954399 0.617928 0.512632 0.701701 0.771546 0.713198 0.634457 0.778757 0.991859 0.38215 0.150278 0.961542 0.650272 0.195138 0.0291217 0.00793136 0.539089 0.106682 0.010407 0.163365 0.0236327 0.216967 0.194652 0.11154 0.622945 0.51714 0.610704 0.00355889 0.825301 0.0815316 0.104482 0.529302 0.753807 0.353798 0.109474 0.986224 0.560227 0.157446 0.073543 0.186196 0.099258 0.103091 0.00355241 0.0380168 0.0128456 0.0821985 0.0212591 0.0925775 0.539554 0.0192672 0.769653 0.0521702 0.00789002 0.16167 0.0362109 0.0630982 0.499284 0.194069 0.13061 0.0461654 0.081533 0.0966415 0.0629817 0.711748
0.77589 0.825085 0.136888 0.700857 0.401136 0.860595 0.673362 0.983725 0.197751 0.603164 0.487647 0.868196 0.877773 0.974921 0.452359 0.838125 0.792778 0.990407 0.698349 0.95444 0.920945 0.926631 0.86373 0.84969 0.877974 0.910947 0.984657 0.100643 0.990418 0.808596 0.967004 0.967042 0.469841 0.15606 0.487039 0.73589 0.954545 0.618135 0.514413 0.70063 0.770878 0.714074 0.63458 0.778154 0.99188 0.381648 0.149837 0.96163 0.650736 0.193927 0.0288196 0.00786698 0.540627 0.105727 0.0103961 0.163198 0.0236638 0.217915 0.193096 0.110554 0.6242 0.516917 0.612027 0.00354815 0.825647 0.0813156 0.104489 0.531577 0.755218 0.355529 0.10965 0.986376 0.559982 0.156379 0.0737542 0.186994 0.098323 0.102836 0.00354192 0.0376903 0.0128379 0.0825506 0.0211734 0.0930189 0.541155 0.0192901 0.770849 0.0517391 0.00785551 0.161758 0.0364287 0.0624936 0.499777 0.192527 0.13066 0.0457998 0.0812802 0.0963069 0.0626665 0.712715
0.775901 0.825423 0.137127 0.69971 0.401963 0.859974 0.672149 0.983787 0.197861 0.603702 0.485785 0.868905 0.877574 0.97506 0.451476 0.838065 0.792155 0.990433 0.69989 0.954594 0.921562 0.927441 0.864797 0.850001 0.879038 0.911598 0.984713 0.0997592 0.990444 0.807364 0.966956 0.966995 0.468044 0.155247 0.487231 0.735762 0.954696 0.618312 0.516194 0.699527 0.770197 0.714937 0.6347 0.77752 0.9919 0.381135 0.149414 0.961711 0.651189 0.192694 0.0285187 0.00780295 0.542195 0.104803 0.0103867 0.163034 0.023706 0.218844 0.191578 0.109573 0.625479 0.516743 0.613355 0.00353764 0.825997 0.0810951 0.104497 0.533866 0.756635 0.357333 0.109839 0.986523 0.559769 0.155308 0.0739729 0.187787 0.097402 0.10259 0.00353185 0.0373734 0.012828 0.0829154 0.0210934 0.0934554 0.542732 0.0193127 0.772073 0.0513176 0.00782209 0.16178 0.0366574 0.0619016 0.500312 0.190998 0.130696 0.0454329 0.0810475 0.095969 0.0623609 0.713704
0.775923 0.825777 0.137379 0.698568 0.402781 0.859355 0.670931 0.983847 0.197968 0.604243 0.483912 0.86961 0.877376 0.9752 0.450521 0.837991 0.79154 0.990457 0.701425 0.95474 0.922184 0.928235 0.865869 0.850323 0.880094 0.912251 0.984768 0.0988634 0.990468 0.80609 0.966913 0.966941 0.466217 0.1544 0.487392 0.735613 0.954841 0.618515 0.518012 0.698413 0.76949 0.715794 0.63483 0.776897 0.991921 0.380572 0.148992 0.961791 0.651711 0.19143 0.0282178 0.00774029 0.543777 0.103863 0.0103777 0.162894 0.0237388 0.219834 0.190028 0.108586 0.626728 0.516546 0.614707 0.00352784 0.82634 0.0808924 0.104509 0.536129 0.758045 0.359139 0.11002 0.98667 0.559573 0.154235 0.0741977 0.188604 0.0964696 0.102322 0.00352218 0.0370544 0.0128206 0.0832901 0.0210116 0.0939004 0.544299 0.0193373 0.773277 0.0508929 0.00778886 0.161814 0.0368877 0.0613014 0.500948 0.189472 0.130752 0.0450666 0.0808264 0.0956504 0.062053 0.714654
0.775925 0.826136 0.1376 0.697471 0.403597 0.858729 0.669717 0.983908 0.198095 0.604795 0.482056 0.870304 0.877176 0.975335 0.449642 0.837945 0.790886 0.990482 0.702985 0.954887 0.922806 0.929012 0.866943 0.850586 0.881125 0.912908 0.984821 0.0979844 0.990494 0.804787 0.966859 0.966888 0.464366 0.153568 0.487534 0.735429 0.954985 0.618715 0.519813 0.697293 0.768787 0.716684 0.634899 0.776258 0.991939 0.380009 0.148574 0.961878 0.652174 0.190166 0.0279138 0.00767629 0.545351 0.102952 0.0103669 0.162722 0.0237735 0.220754 0.188512 0.1076 0.627996 0.516379 0.616028 0.00351791 0.826679 0.0806589 0.104532 0.538416 0.759491 0.360969 0.11019 0.986816 0.55935 0.153193 0.0744259 0.189403 0.0955586 0.102063 0.00351207 0.036749 0.0128122 0.0836706 0.0209258 0.0943506 0.545905 0.0193618 0.774482 0.0504641 0.00775484 0.161883 0.0371233 0.0607196 0.501535 0.187958 0.130803 0.0446974 0.0806126 0.0953348 0.0617473 0.715616
0.775934 0.826485 0.137807 0.696337 0.404509 0.858066 0.668481 0.98397 0.198223 0.605317 0.480162 0.871001 0.87699 0.975472 0.448683 0.837895 0.790281 0.990506 0.704546 0.955033 0.923431 0.929791 0.868015 0.850891 0.882171 0.913553 0.984875 0.0971079 0.990518 0.803431 0.966807 0.966835 0.462486 0.152761 0.48763 0.735256 0.955131 0.618929 0.521669 0.696166 0.768065 0.71757 0.635037 0.775592 0.991959 0.379443 0.148153 0.961954 0.652697 0.188917 0.027613 0.00761302 0.546965 0.102021 0.0103569 0.162546 0.0238088 0.221697 0.186991 0.106605 0.629312 0.51623 0.617372 0.00350792 0.827027 0.0804323 0.104554 0.540696 0.760901 0.362808 0.110385 0.986958 0.559125 0.152105 0.0746499 0.190244 0.0946493 0.1018 0.00350123 0.0364459 0.0128031 0.0840547 0.020841 0.094816 0.547523 0.0193848 0.775686 0.0500421 0.00772086 0.161921 0.0373587 0.0601338 0.502109 0.186428 0.130862 0.0443362 0.0803897 0.0950144 0.0614388 0.716609
0.775925 0.826853 0.138024 0.695183 0.405376 0.857411 0.667211 0.98403 0.198349 0.605801 0.478217 0.871709 0.876808 0.975607 0.447728 0.837835 0.789653 0.990529 0.706105 0.955179 0.924058 0.930559 0.869066 0.851193 0.883213 0.914186 0.984928 0.0962479 0.99054 0.80209 0.96676 0.966783 0.460615 0.151941 0.487761 0.73514 0.955274 0.619082 0.523509 0.694973 0.767345 0.718482 0.635154 0.774938 0.991978 0.378873 0.147747 0.962035 0.653203 0.187704 0.0273173 0.00755134 0.548566 0.101112 0.010346 0.162367 0.0238461 0.22268 0.185471 0.105637 0.630589 0.516044 0.618708 0.00349752 0.827363 0.080196 0.104562 0.54301 0.762342 0.364692 0.110565 0.9871 0.558876 0.151026 0.0748785 0.191121 0.0937512 0.101536 0.00349178 0.0361415 0.0127951 0.0844508 0.0207603 0.0952992 0.549144 0.0194059 0.776894 0.0496216 0.00768749 0.161973 0.0376087 0.059551 0.502691 0.184903 0.130899 0.0439779 0.0801545 0.0947143 0.0611336 0.717583
0.775925 0.827235 0.138246 0.693991 0.40623 0.856731 0.665961 0.984086 0.198434 0.606266 0.476272 0.872412 0.876634 0.975741 0.446784 0.837779 0.788999 0.990552 0.707676 0.955323 0.924661 0.931331 0.870119 0.851502 0.884256 0.914831 0.984982 0.0953837 0.990565 0.800764 0.966711 0.966732 0.458732 0.151104 0.487867 0.735027 0.955424 0.619296 0.52532 0.693813 0.766616 0.719385 0.635251 0.774268 0.991997 0.378277 0.14731 0.962117 0.653652 0.186459 0.0270158 0.00748947 0.550162 0.100194 0.010337 0.162165 0.0238825 0.223715 0.183944 0.104669 0.63194 0.515883 0.620119 0.00348769 0.827709 0.0799627 0.104584 0.545334 0.763747 0.366583 0.110755 0.987242 0.558634 0.149964 0.0751061 0.192 0.0928435 0.101248 0.00348191 0.0358318 0.0127866 0.0848656 0.0206798 0.0957814 0.550744 0.0194301 0.77807 0.0492132 0.00765347 0.161995 0.0378522 0.0589596 0.503288 0.183383 0.130953 0.0436257 0.0799264 0.0943916 0.0608286 0.718607
0.775882 0.827576 0.138457 0.692775 0.407144 0.856044 0.664677 0.984146 0.198537 0.606847 0.474331 0.873078 0.876442 0.975876 0.445819 0.837751 0.788323 0.990574 0.709242 0.955469 0.925251 0.932088 0.871154 0.851812 0.885288 0.915468 0.985037 0.0945403 0.990587 0.79938 0.966661 0.966683 0.456892 0.150292 0.487974 0.734878 0.955568 0.619523 0.527151 0.692642 0.765832 0.720284 0.635389 0.773608 0.992015 0.37761 0.146899 0.962195 0.654164 0.18523 0.026721 0.00742811 0.551758 0.099295 0.0103295 0.161971 0.0239173 0.224748 0.182431 0.10371 0.633252 0.515761 0.621471 0.00347767 0.828056 0.0797395 0.104589 0.547669 0.765185 0.368463 0.110932 0.987383 0.558292 0.148912 0.0753232 0.19287 0.0919464 0.100983 0.00347229 0.0355255 0.0127776 0.0852765 0.0206017 0.0962777 0.552384 0.0194544 0.779259 0.0488078 0.00762123 0.162035 0.0381102 0.0583765 0.503854 0.181866 0.130968 0.0432702 0.0797071 0.0940859 0.0605372 0.719575
0.775845 0.827954 0.138655 0.691585 0.408037 0.855355 0.663371 0.984206 0.19866 0.607376 0.472345 0.873769 0.876229 0.976008 0.444887 0.837689 0.787641 0.990598 0.710792 0.955616 0.925858 0.932844 0.872209 0.852134 0.886307 0.91611 0.985093 0.0937014 0.990609 0.797976 0.966616 0.966636 0.454938 0.149493 0.488079 0.734775 0.955702 0.619774 0.529017 0.691473 0.765049 0.721197 0.635527 0.772932 0.992034 0.377068 0.146497 0.962274 0.654669 0.183992 0.0264298 0.00736786 0.553362 0.0983815 0.0103195 0.161774 0.0239513 0.225819 0.180945 0.102749 0.634572 0.515606 0.622861 0.00346785 0.82839 0.0795234 0.104609 0.550031 0.766625 0.370391 0.111108 0.987521 0.558003 0.147839 0.0755431 0.193785 0.0910548 0.100717 0.0034626 0.0352209 0.0127701 0.0857035 0.0205203 0.0967732 0.554026 0.0194777 0.78047 0.0483922 0.00758955 0.162072 0.0383679 0.0577915 0.504455 0.180347 0.131039 0.042914 0.0794876 0.0937871 0.0602343 0.720561
0.775794 0.828339 0.138863 0.690387 0.408936 0.854662 0.662038 0.984264 0.198746 0.607917 0.470365 0.874454 0.876037 0.976147 0.444012 0.837636 0.786977 0.990621 0.712389 0.955763 0.926468 0.933594 0.873265 0.852447 0.887332 0.916751 0.985145 0.0928641 0.990631 0.796576 0.966561 0.966587 0.452979 0.148667 0.488161 0.734613 0.955845 0.619976 0.530823 0.690246 0.764313 0.722096 0.635692 0.77227 0.992053 0.376488 0.146111 0.96235 0.65515 0.182723 0.026141 0.00730653 0.555007 0.0974906 0.0103115 0.161599 0.0239854 0.22687 0.179455 0.101787 0.635899 0.515449 0.624293 0.00345784 0.828711 0.0792988 0.104624 0.552371 0.768051 0.372338 0.111272 0.987658 0.557694 0.146773 0.0757674 0.19472 0.0901749 0.100459 0.00345313 0.0349212 0.0127635 0.0861359 0.020442 0.0972836 0.555644 0.0195048 0.781732 0.0479888 0.00755741 0.162119 0.0386236 0.0572198 0.505074 0.178843 0.131096 0.0425595 0.079274 0.0935031 0.0599247 0.72153
0.775777 0.828694 0.139088 0.689159 0.409832 0.853957 0.660657 0.984322 0.198859 0.608408 0.468375 0.875147 0.875856 0.976283 0.443024 0.837586 0.786283 0.990644 0.713968 0.95591 0.927063 0.934328 0.874298 0.852774 0.888351 0.917376 0.985204 0.0920255 0.990653 0.795134 0.966511 0.966535 0.451058 0.147863 0.48828 0.73447 0.955988 0.620213 0.53269 0.689001 0.763551 0.723013 0.63579 0.771603 0.99207 0.375867 0.14575 0.962427 0.655635 0.181482 0.0258509 0.00724681 0.556688 0.0965848 0.0103027 0.1614 0.024022 0.227929 0.177949 0.100837 0.637243 0.515325 0.625689 0.00344837 0.829059 0.0790834 0.104634 0.554762 0.769518 0.374311 0.111435 0.987795 0.557381 0.145692 0.0760001 0.195652 0.0893096 0.100217 0.0034442 0.0346203 0.0127558 0.0865782 0.0203653 0.0977903 0.557316 0.0195295 0.782972 0.0475832 0.00752553 0.162162 0.0388849 0.0566551 0.505678 0.177354 0.131142 0.0422064 0.0790607 0.0931995 0.059629 0.722556
0.77573 0.829055 0.13929 0.687899 0.410727 0.853247 0.659305 0.984379 0.198987 0.608942 0.466334 0.875828 0.875641 0.97642 0.442088 0.837561 0.785614 0.990664 0.715544 0.956056 0.927666 0.935057 0.875342 0.853074 0.889356 0.917996 0.985261 0.0911949 0.990675 0.793677 0.966463 0.966483 0.449094 0.147059 0.48838 0.73433 0.956122 0.620373 0.534539 0.687764 0.762746 0.723907 0.635966 0.770907 0.992087 0.375235 0.145348 0.962496 0.656164 0.180269 0.0255654 0.00718722 0.558373 0.0957033 0.0102938 0.161204 0.0240568 0.229038 0.17649 0.099885 0.638606 0.5152 0.627062 0.00343901 0.829402 0.0788704 0.104643 0.55715 0.77099 0.376294 0.1116 0.987928 0.557011 0.144609 0.0762173 0.196598 0.0884307 0.0999434 0.00343541 0.0343252 0.0127492 0.0870254 0.0202879 0.0983038 0.558979 0.0195542 0.784202 0.0471745 0.00749401 0.162192 0.0391485 0.0560903 0.506328 0.175877 0.131176 0.0418568 0.0788395 0.0929228 0.0593312 0.72359
0.775672 0.82941 0.139514 0.686586 0.411667 0.852535 0.657914 0.984439 0.19908 0.609492 0.464347 0.876515 0.875467 0.976555 0.441121 0.837518 0.784875 0.990687 0.717124 0.956201 0.928266 0.935781 0.876373 0.853369 0.890351 0.918615 0.985313 0.0903587 0.990698 0.792146 0.966406 0.966432 0.447107 0.146235 0.488425 0.734147 0.956264 0.620592 0.536398 0.68651 0.761949 0.724852 0.636188 0.770198 0.992105 0.374591 0.14495 0.962579 0.656659 0.179017 0.0252834 0.00712848 0.560086 0.0948105 0.0102849 0.161016 0.0240906 0.230154 0.175008 0.098941 0.639922 0.51514 0.628497 0.00342995 0.829756 0.0786538 0.104655 0.559553 0.772461 0.378306 0.111764 0.988061 0.556662 0.143544 0.0764418 0.197579 0.0875633 0.0996752 0.00342656 0.034033 0.0127416 0.0874576 0.020213 0.0988501 0.560689 0.0195818 0.785437 0.0467792 0.00746326 0.162258 0.0394296 0.0555365 0.507041 0.174377 0.131234 0.0415093 0.0786149 0.0926496 0.059031 0.724623
0.775617 0.829789 0.139723 0.68532 0.412585 0.851777 0.656537 0.984499 0.199191 0.610035 0.462373 0.877198 0.875282 0.97669 0.440146 0.837469 0.784163 0.99071 0.718708 0.956343 0.928844 0.936506 0.877401 0.853686 0.891338 0.91923 0.985363 0.0895207 0.99072 0.790653 0.966355 0.966378 0.445089 0.145414 0.488502 0.734005 0.956405 0.620818 0.538305 0.685201 0.761127 0.725777 0.636381 0.769507 0.992124 0.373924 0.144575 0.962662 0.657143 0.177827 0.0250076 0.00707141 0.561806 0.0939315 0.010278 0.16081 0.0241233 0.231268 0.173557 0.0980021 0.641283 0.515038 0.629953 0.00342057 0.830139 0.0784308 0.104655 0.561943 0.773902 0.38028 0.111922 0.988191 0.556312 0.142465 0.0766626 0.198552 0.0866999 0.0993934 0.00341761 0.033739 0.0127339 0.0879321 0.0201366 0.099381 0.562426 0.0196088 0.786687 0.046387 0.00743249 0.162292 0.0397081 0.0549878 0.507689 0.172905 0.131278 0.0411729 0.0783995 0.0923802 0.058734 0.725633
0.775525 0.830187 0.139939 0.68406 0.41353 0.851025 0.655172 0.984558 0.199299 0.610567 0.460311 0.877882 0.8751 0.976825 0.439191 0.837427 0.783409 0.990734 0.720248 0.956488 0.929428 0.937224 0.87843 0.853987 0.89232 0.91984 0.985417 0.0886905 0.990743 0.78912 0.966303 0.966328 0.443045 0.144581 0.488573 0.733859 0.956538 0.62104 0.540166 0.683855 0.760315 0.72673 0.636538 0.768814 0.992141 0.373247 0.1442 0.962731 0.657618 0.176601 0.0247287 0.00701459 0.563572 0.0930548 0.0102704 0.160573 0.0241586 0.232386 0.172105 0.0970818 0.642676 0.514978 0.631407 0.00341163 0.830487 0.078214 0.104655 0.564341 0.775389 0.382322 0.112071 0.98832 0.555922 0.141392 0.0768818 0.199534 0.0858529 0.0991367 0.0034089 0.0334488 0.0127267 0.0884007 0.0200613 0.0999236 0.564136 0.0196334 0.78793 0.0459925 0.00740132 0.162317 0.039996 0.0544419 0.508376 0.171433 0.131327 0.0408295 0.078193 0.0921145 0.0584398 0.726653
0.775418 0.830561 0.140163 0.682752 0.41443 0.850266 0.653786 0.984619 0.199428 0.611103 0.458241 0.87857 0.874918 0.97696 0.438154 0.837397 0.782663 0.990755 0.721842 0.956625 0.930021 0.937931 0.87947 0.854271 0.893316 0.920457 0.985469 0.0878722 0.990764 0.787565 0.966253 0.966278 0.441058 0.143768 0.488592 0.73373 0.956685 0.621266 0.542055 0.682572 0.759504 0.72766 0.6367 0.768068 0.99216 0.372564 0.14385 0.96281 0.658111 0.175348 0.0244552 0.00695705 0.565305 0.0921901 0.0102634 0.160361 0.0241891 0.23352 0.170629 0.0961565 0.644102 0.514926 0.632844 0.00340276 0.830848 0.0779837 0.10466 0.566756 0.776896 0.384388 0.112208 0.988449 0.555538 0.140315 0.0771115 0.200522 0.084995 0.098876 0.00340048 0.0331571 0.0127212 0.0888734 0.0199855 0.10047 0.565849 0.0196568 0.789189 0.0456055 0.00737044 0.162355 0.040289 0.0538925 0.509009 0.169956 0.131371 0.040484 0.0779693 0.0918356 0.0581437 0.727689
0.775357 0.830926 0.140359 0.681442 0.415394 0.849476 0.652379 0.984676 0.199543 0.611652 0.456173 0.879238 0.874733 0.977092 0.43715 0.837368 0.781919 0.990776 0.723428 0.956763 0.930588 0.93864 0.880496 0.854573 0.894287 0.921064 0.985521 0.0870581 0.990786 0.785971 0.966202 0.966229 0.439055 0.142936 0.488629 0.733594 0.956824 0.621525 0.54396 0.68128 0.758676 0.728558 0.636931 0.767324 0.992176 0.37187 0.143511 0.962885 0.658641 0.174114 0.0241847 0.00690113 0.567045 0.0913268 0.0102572 0.160165 0.0242271 0.234674 0.169158 0.0952116 0.645465 0.514901 0.634278 0.0033941 0.831191 0.0777689 0.104676 0.569144 0.778362 0.386478 0.112354 0.988576 0.555107 0.139257 0.0773411 0.201552 0.0841542 0.0986028 0.0033912 0.0328707 0.0127137 0.0893554 0.019907 0.101017 0.567571 0.0196813 0.790464 0.0452211 0.00733968 0.162384 0.0405846 0.0533518 0.509646 0.16849 0.131442 0.0401344 0.0777377 0.0915573 0.0578519 0.728729
0.775258 0.831302 0.140551 0.680054 0.416399 0.848687 0.650924 0.984732 0.199649 0.612207 0.454112 0.879922 0.874556 0.977227 0.436172 0.837349 0.781133 0.990798 0.725044 0.95689 0.931167 0.939334 0.881496 0.854877 0.895265 0.921652 0.985572 0.0862412 0.990806 0.784375 0.96615 0.966182 0.437012 0.142131 0.4886 0.733451 0.956961 0.621814 0.545807 0.679894 0.757836 0.729534 0.63718 0.766592 0.992193 0.371105 0.143156 0.962954 0.659143 0.172886 0.0239165 0.00684539 0.568827 0.0904677 0.0102506 0.159922 0.0242668 0.235882 0.167707 0.0942823 0.646861 0.514835 0.635776 0.00338527 0.831545 0.0775511 0.104685 0.57159 0.77982 0.388627 0.112501 0.988703 0.554702 0.1382 0.0775663 0.202583 0.0833178 0.0983253 0.00338222 0.0325845 0.0127068 0.0898633 0.0198324 0.10158 0.569313 0.0197067 0.791714 0.0448442 0.00730912 0.162442 0.0408886 0.0528124 0.510315 0.167051 0.131499 0.0397942 0.0775173 0.091295 0.0575562 0.729766
0.775145 0.831679 0.14076 0.678676 0.417401 0.8479 0.649432 0.984791 0.199774 0.612753 0.452051 0.880612 0.874366 0.97736 0.43516 0.837342 0.780377 0.990818 0.72666 0.957027 0.931732 0.940019 0.882495 0.85516 0.896249 0.922252 0.985624 0.0854248 0.990826 0.782758 0.966101 0.96613 0.434941 0.141323 0.488624 0.733299 0.957097 0.622045 0.547736 0.678508 0.75695 0.730469 0.63738 0.765834 0.992209 0.37038 0.142835 0.963028 0.659666 0.171662 0.0236476 0.00678987 0.570586 0.089607 0.0102441 0.159722 0.0243024 0.237071 0.166274 0.0933721 0.648264 0.514799 0.637293 0.00337621 0.83191 0.0773314 0.104693 0.574077 0.781337 0.3908 0.112649 0.988828 0.554306 0.137129 0.0778071 0.203653 0.0824958 0.0980633 0.00337403 0.0323006 0.012703 0.0903708 0.0197558 0.102162 0.571081 0.0197313 0.792974 0.0444665 0.00727783 0.162478 0.0411956 0.052278 0.51101 0.165611 0.131562 0.0394635 0.0773047 0.0910466 0.0572592 0.730862
0.775058 0.832041 0.14095 0.677295 0.418354 0.847097 0.647961 0.984847 0.199873 0.61333 0.449936 0.881304 0.874204 0.977492 0.434175 0.837335 0.779589 0.990837 0.728241 0.957172 0.9323 0.940702 0.883504 0.855496 0.897213 0.922856 0.985676 0.0846319 0.990847 0.78116 0.966051 0.966083 0.432858 0.140512 0.488586 0.733158 0.957228 0.62233 0.549692 0.677046 0.756089 0.731419 0.637573 0.765066 0.992225 0.369658 0.142487 0.963104 0.66012 0.170458 0.023385 0.00673491 0.572384 0.0887526 0.0102381 0.159518 0.0243366 0.238297 0.164859 0.0924512 0.649707 0.514768 0.63881 0.0033673 0.832281 0.077111 0.104683 0.576546 0.782852 0.392959 0.112792 0.988953 0.553893 0.136057 0.0780326 0.204733 0.0816806 0.0977971 0.0033656 0.0320239 0.0126973 0.0908788 0.0196785 0.102754 0.57281 0.0197563 0.794226 0.0440918 0.0072483 0.162491 0.0415069 0.0517555 0.511699 0.1642 0.13161 0.039125 0.077083 0.0907959 0.0569673 0.731923
0.774937 0.832404 0.141149 0.675878 0.419325 0.84627 0.646454 0.984902 0.199983 0.613868 0.447827 0.881997 0.874037 0.977621 0.433182 0.83732 0.778787 0.990857 0.729829 0.957311 0.932852 0.941393 0.884509 0.855836 0.898183 0.923444 0.985729 0.0838592 0.990868 0.779494 0.966 0.966032 0.430729 0.139692 0.488563 0.732983 0.957367 0.6226 0.551557 0.675654 0.755225 0.732361 0.637789 0.76429 0.992241 0.368923 0.142163 0.96317 0.660611 0.169244 0.0231221 0.00668065 0.574142 0.0879109 0.010232 0.159298 0.0243732 0.239602 0.163429 0.0915427 0.651166 0.514809 0.640271 0.00335895 0.83264 0.0768926 0.10468 0.578991 0.784376 0.395118 0.112928 0.989076 0.553455 0.134987 0.0782539 0.205807 0.080868 0.0975092 0.00335698 0.031751 0.0126917 0.0914092 0.0196095 0.103362 0.574631 0.0197801 0.795491 0.0437116 0.00721784 0.1625 0.0418313 0.0512417 0.512415 0.162787 0.131645 0.0387961 0.0768623 0.0905475 0.0566717 0.732988
0.774792 0.832781 0.141344 0.674443 0.420314 0.845432 0.64494 0.984959 0.200105 0.614389 0.445722 0.882678 0.873864 0.977756 0.432105 0.837293 0.777983 0.990876 0.731403 0.957438 0.933401 0.94206 0.885504 0.856153 0.899131 0.924035 0.985782 0.0830777 0.990886 0.777803 0.965949 0.965977 0.428622 0.138856 0.488524 0.732823 0.957504 0.622878 0.553461 0.674192 0.75435 0.73333 0.638051 0.763465 0.992257 0.36817 0.14181 0.96324 0.661149 0.168045 0.0228619 0.0066268 0.575954 0.0870583 0.0102267 0.15906 0.02441 0.240844 0.162022 0.0906412 0.652608 0.514833 0.641791 0.00335023 0.833006 0.0766689 0.104689 0.58146 0.785839 0.397283 0.113049 0.989198 0.553036 0.133933 0.0784702 0.206923 0.0800637 0.0972338 0.0033491 0.0314694 0.0126881 0.0919643 0.0195371 0.103963 0.576433 0.0198046 0.796806 0.0433386 0.00718628 0.16251 0.042159 0.0507224 0.513115 0.161375 0.131732 0.0384732 0.0766438 0.0902798 0.0563687 0.734057
0.77466 0.833131 0.141538 0.673016 0.421358 0.8446 0.643423 0.985014 0.200183 0.614977 0.443571 0.883344 0.873693 0.977887 0.431068 0.837249 0.7772 0.990895 0.732992 0.957577 0.933945 0.942721 0.886494 0.856462 0.900082 0.924618 0.985832 0.0822911 0.990904 0.776076 0.965901 0.965931 0.426487 0.138071 0.488473 0.732666 0.957637 0.623155 0.555381 0.672789 0.753443 0.734275 0.638295 0.762675 0.992272 0.367393 0.141488 0.963312 0.661646 0.16682 0.022602 0.00657307 0.577781 0.0862196 0.0102206 0.158828 0.0244498 0.242117 0.160612 0.0897415 0.653983 0.514857 0.64328 0.00334246 0.833363 0.0764505 0.104682 0.583894 0.787359 0.399499 0.113178 0.989318 0.552567 0.13286 0.0787192 0.208087 0.0792537 0.0969609 0.00334064 0.0311936 0.0126838 0.0924987 0.0194657 0.104586 0.578239 0.0198271 0.79808 0.0429706 0.00715598 0.162522 0.0424852 0.0502049 0.51379 0.159972 0.131784 0.0381537 0.0764348 0.0900327 0.056075 0.735164
0.774531 0.8335 0.141719 0.67156 0.422404 0.843744 0.641847 0.985072 0.200269 0.615534 0.441455 0.884026 0.873531 0.97802 0.430079 0.837235 0.776372 0.990913 0.734603 0.957708 0.934489 0.943391 0.887493 0.856785 0.901018 0.925196 0.985882 0.0815136 0.990925 0.774339 0.96585 0.965877 0.424351 0.137266 0.488417 0.732542 0.957773 0.623417 0.557288 0.671316 0.752519 0.735253 0.638566 0.761864 0.992286 0.366635 0.141172 0.963382 0.662125 0.165605 0.0223444 0.00651939 0.579595 0.0853892 0.0102138 0.158585 0.0244895 0.243435 0.159203 0.0888491 0.655428 0.514875 0.644798 0.00333434 0.83373 0.0762388 0.104669 0.586371 0.788882 0.401757 0.113294 0.989438 0.552092 0.131797 0.0789527 0.209224 0.0784527 0.096688 0.00333232 0.0309214 0.0126776 0.0930449 0.019398 0.105205 0.580046 0.0198572 0.799363 0.042605 0.00712646 0.162546 0.0428244 0.0496956 0.514541 0.158572 0.131861 0.0378295 0.0762212 0.0897916 0.0557854 0.736247
0.774387 0.833852 0.141911 0.670084 0.423404 0.842908 0.64025 0.985129 0.200342 0.616102 0.439294 0.8847 0.873369 0.978151 0.42903 0.837219 0.775546 0.990931 0.736214 0.957835 0.935032 0.944041 0.888476 0.857071 0.901943 0.92577 0.985933 0.0807486 0.990944 0.77258 0.965798 0.965827 0.422223 0.136484 0.488341 0.732416 0.957906 0.623701 0.559192 0.669873 0.751561 0.736202 0.638796 0.761033 0.992301 0.365876 0.14086 0.963449 0.662669 0.164412 0.0220901 0.00646728 0.581418 0.0845551 0.0102094 0.158336 0.0245277 0.24476 0.157813 0.0879581 0.656901 0.514906 0.646312 0.00332689 0.834115 0.0760167 0.104673 0.588802 0.790374 0.404016 0.113401 0.989556 0.551579 0.130731 0.0791724 0.210369 0.0776606 0.0964211 0.00332403 0.0306497 0.0126723 0.0936203 0.0193242 0.105837 0.58182 0.019881 0.800639 0.0422465 0.00709638 0.162554 0.0431698 0.0491855 0.515307 0.157171 0.131931 0.0375024 0.0760066 0.0895625 0.0554957 0.737355
0.7742 0.834199 0.14209 0.668548 0.424404 0.842006 0.638645 0.985183 0.20047 0.616622 0.437096 0.885396 0.873202 0.978283 0.428001 0.837206 0.774701 0.99095 0.737843 0.957967 0.935588 0.94469 0.889441 0.857381 0.902868 0.926349 0.985987 0.0799785 0.990963 0.770782 0.965748 0.965781 0.420037 0.135698 0.488271 0.732264 0.958039 0.623997 0.561109 0.668354 0.750612 0.737206 0.639063 0.7602 0.992317 0.365073 0.140554 0.963526 0.663214 0.163191 0.0218382 0.00641501 0.583258 0.0837364 0.010204 0.158095 0.0245649 0.246107 0.156422 0.0870749 0.65839 0.514963 0.647861 0.00331921 0.834478 0.0758057 0.104673 0.591314 0.791863 0.406288 0.113534 0.989672 0.551088 0.129648 0.0793938 0.211557 0.0768629 0.0961337 0.00331618 0.0303842 0.0126689 0.0941933 0.0192514 0.106459 0.583652 0.0199075 0.801937 0.0418917 0.0070668 0.162544 0.0435179 0.0486801 0.516068 0.155781 0.131986 0.0371873 0.0757939 0.0893491 0.0551978 0.738433
0.774051 0.834565 0.142254 0.666982 0.425431 0.841133 0.637026 0.985241 0.200572 0.61715 0.434933 0.88607 0.873017 0.978407 0.426951 0.837212 0.77383 0.990968 0.739476 0.958106 0.936132 0.945339 0.890419 0.857683 0.903803 0.92691 0.986037 0.0792275 0.990983 0.768923 0.965695 0.965729 0.417835 0.134909 0.488151 0.732153 0.958164 0.6243 0.563069 0.666838 0.749679 0.738205 0.639344 0.759326 0.992331 0.364245 0.140274 0.9636 0.663728 0.161991 0.0215891 0.00636266 0.585125 0.082929 0.0101986 0.157847 0.0245983 0.247477 0.155053 0.0862131 0.659846 0.515018 0.649444 0.00331122 0.834848 0.0755931 0.104661 0.593829 0.793388 0.408601 0.113653 0.989787 0.550562 0.128608 0.079618 0.212749 0.0760753 0.095862 0.00330866 0.0301215 0.0126621 0.0948 0.0191811 0.107104 0.585457 0.0199341 0.80322 0.0415343 0.0070373 0.16254 0.0438722 0.0481767 0.516816 0.154404 0.132052 0.0368684 0.0755688 0.0891244 0.0549125 0.739558
0.773859 0.834915 0.142422 0.665469 0.426443 0.840221 0.635396 0.985299 0.200643 0.61769 0.432768 0.886734 0.872868 0.978539 0.425882 0.837208 0.772962 0.990984 0.741117 0.958231 0.936663 0.945971 0.89138 0.858001 0.904738 0.927471 0.986085 0.078478 0.991 0.767097 0.965645 0.965682 0.415609 0.134112 0.488017 0.732024 0.958297 0.624589 0.564973 0.665286 0.748721 0.739194 0.639669 0.758488 0.992347 0.363439 0.139991 0.963665 0.66424 0.160802 0.0213408 0.00631082 0.586992 0.0821061 0.0101938 0.157588 0.0246313 0.248825 0.15368 0.085334 0.66131 0.515112 0.651034 0.00330407 0.835239 0.0753765 0.104663 0.59634 0.794918 0.410939 0.113769 0.9899 0.550037 0.127569 0.0798345 0.213964 0.0753181 0.0955707 0.00330088 0.0298622 0.0126549 0.0953988 0.019113 0.107757 0.587274 0.0199605 0.804551 0.0411827 0.00700687 0.16253 0.0442357 0.0476869 0.517597 0.153027 0.132138 0.036551 0.075353 0.088897 0.0546323 0.740658
0.773671 0.83528 0.142588 0.663917 0.427464 0.839326 0.633748 0.985355 0.200752 0.618254 0.430578 0.887406 0.872701 0.978669 0.42485 0.837178 0.772071 0.991002 0.742735 0.958364 0.937193 0.946603 0.892332 0.858318 0.905648 0.928032 0.986137 0.0777284 0.991016 0.765248 0.965591 0.965634 0.413397 0.13331 0.487929 0.731875 0.958418 0.624875 0.566893 0.663676 0.74777 0.740202 0.639957 0.757621 0.992362 0.362567 0.1397 0.963735 0.66479 0.159566 0.0210967 0.00626057 0.588865 0.0812893 0.010191 0.157354 0.0246624 0.2502 0.152309 0.084459 0.662786 0.515204 0.652589 0.0032964 0.835625 0.0751626 0.104644 0.59885 0.796424 0.41331 0.11388 0.99001 0.549461 0.126516 0.0800563 0.215194 0.074556 0.0952831 0.00329375 0.0296013 0.0126467 0.0959946 0.0190426 0.108428 0.589139 0.0199857 0.805844 0.040833 0.00697851 0.162526 0.0446144 0.0471907 0.518359 0.151695 0.13218 0.0362372 0.0751286 0.0886929 0.0543502 0.741775
0.773469 0.83565 0.142747 0.662367 0.428509 0.838378 0.632058 0.985411 0.200843 0.61878 0.428348 0.888074 0.872553 0.978796 0.423772 0.837181 0.771155 0.99102 0.744353 0.958491 0.937723 0.947232 0.893271 0.85863 0.906543 0.928585 0.986187 0.076985 0.991035 0.763386 0.965545 0.96559 0.411169 0.132519 0.487814 0.731734 0.958546 0.625169 0.568825 0.662058 0.746802 0.741205 0.64026 0.756744 0.992376 0.361754 0.139414 0.963805 0.665316 0.158363 0.0208539 0.00620987 0.59072 0.0804793 0.0101864 0.157101 0.0246931 0.251604 0.150966 0.0836003 0.664283 0.515339 0.654145 0.00328896 0.836021 0.0749336 0.104619 0.601389 0.797929 0.415701 0.113992 0.990122 0.548892 0.125484 0.0802834 0.216443 0.0737995 0.0949985 0.0032866 0.0293458 0.0126424 0.0966166 0.0189707 0.10911 0.590981 0.0200131 0.807167 0.0404869 0.00695004 0.162492 0.0449953 0.0467089 0.519143 0.150352 0.132246 0.0359215 0.0749086 0.088477 0.0540687 0.742895
0.773279 0.836008 0.142927 0.660767 0.429574 0.837453 0.630345 0.985467 0.200937 0.619333 0.426091 0.888749 0.872421 0.978925 0.422701 0.837183 0.770204 0.991035 0.745958 0.958619 0.938256 0.947858 0.894235 0.858943 0.907425 0.929137 0.986238 0.0762455 0.991051 0.761479 0.965497 0.965539 0.408958 0.131738 0.487671 0.731613 0.958674 0.625465 0.570704 0.66043 0.745825 0.742225 0.640614 0.755864 0.992391 0.360905 0.139142 0.963876 0.665807 0.157179 0.0206111 0.00615986 0.592675 0.0796769 0.0101831 0.156819 0.0247287 0.253015 0.149603 0.0827373 0.6658 0.515411 0.655757 0.0032815 0.836423 0.0747099 0.104622 0.60392 0.79945 0.418099 0.114086 0.990232 0.548346 0.124444 0.0805024 0.217741 0.0730479 0.0947108 0.00327933 0.0290884 0.0126369 0.0972352 0.0189032 0.109798 0.592876 0.0200372 0.808482 0.040143 0.0069203 0.162478 0.045379 0.0462246 0.519902 0.149008 0.132305 0.0356156 0.074678 0.0882703 0.0537808 0.744015
0.773074 0.836378 0.143077 0.659144 0.430634 0.836496 0.628649 0.985525 0.200992 0.619882 0.423839 0.889432 0.87229 0.97905 0.42164 0.837196 0.76931 0.991054 0.747589 0.958753 0.93878 0.948474 0.895188 0.859234 0.908318 0.929687 0.986288 0.0755075 0.991067 0.759537 0.965449 0.96549 0.406721 0.130941 0.48743 0.731447 0.958804 0.625792 0.57262 0.658823 0.74486 0.743217 0.640924 0.754962 0.992405 0.360011 0.138863 0.963951 0.66628 0.155974 0.0203717 0.00610985 0.594535 0.0788838 0.0101787 0.156549 0.0247636 0.254447 0.148282 0.0818718 0.667333 0.515481 0.657352 0.00327409 0.836847 0.0744901 0.104608 0.606446 0.80097 0.420512 0.114193 0.99034 0.547756 0.123407 0.0807363 0.219063 0.072297 0.0944215 0.00327204 0.028828 0.0126312 0.0978739 0.0188327 0.110482 0.594739 0.0200639 0.809795 0.0398047 0.00689117 0.162465 0.0457774 0.045741 0.520715 0.147682 0.132366 0.0353087 0.0744645 0.0880735 0.0534953 0.745134
0.772815 0.836731 0.143216 0.657523 0.431752 0.835513 0.626912 0.985576 0.201085 0.620411 0.42155 0.890103 0.872159 0.979178 0.420565 0.837197 0.768391 0.99107 0.749233 0.958881 0.939307 0.949079 0.896131 0.859563 0.909213 0.930229 0.986337 0.0747749 0.991084 0.7576 0.965402 0.96544 0.404457 0.130151 0.487233 0.731324 0.95893 0.62612 0.574549 0.657184 0.743855 0.744215 0.641291 0.754012 0.99242 0.359099 0.13859 0.964019 0.666804 0.154759 0.0201395 0.00606056 0.596461 0.0781069 0.0101746 0.156286 0.0247931 0.255903 0.146964 0.0810159 0.668857 0.515694 0.658959 0.00326678 0.837237 0.0742644 0.10459 0.609024 0.802466 0.42294 0.114289 0.990449 0.547133 0.122363 0.0809542 0.220391 0.0715579 0.0941363 0.00326547 0.0285704 0.0126256 0.0985424 0.0187661 0.111175 0.596641 0.0200919 0.811119 0.0394614 0.00686189 0.162452 0.0461812 0.0452645 0.521574 0.146372 0.132414 0.035006 0.0742395 0.0878844 0.0532123 0.746245
0.772581 0.837096 0.143378 0.655848 0.432845 0.834529 0.62519 0.98563 0.201142 0.620994 0.419315 0.890785 0.872033 0.979304 0.419487 0.837199 0.767435 0.991087 0.750855 0.959004 0.939818 0.949679 0.89706 0.859858 0.910093 0.930769 0.986386 0.0740401 0.991101 0.75558 0.96535 0.965391 0.402183 0.129384 0.487052 0.731221 0.959061 0.626485 0.576542 0.655488 0.742862 0.745241 0.64162 0.753093 0.992434 0.358168 0.138337 0.964095 0.667267 0.153564 0.0199069 0.00601137 0.598369 0.0773443 0.0101713 0.15603 0.0248252 0.257396 0.145628 0.0801768 0.670398 0.515839 0.6606 0.0032599 0.837624 0.0740553 0.104565 0.611611 0.803998 0.425405 0.114369 0.990556 0.5465 0.121309 0.0811684 0.221733 0.0708227 0.0938533 0.00325815 0.0283177 0.0126223 0.0992209 0.0186974 0.111882 0.598552 0.0201163 0.812458 0.039124 0.00683308 0.162415 0.0465959 0.0447939 0.522429 0.145058 0.132452 0.0347062 0.0740171 0.0876873 0.0529289 0.747387
0.772339 0.837429 0.143505 0.654158 0.433976 0.833555 0.623473 0.985686 0.201231 0.621576 0.417035 0.891455 0.871883 0.979432 0.418419 0.837218 0.766497 0.991103 0.752484 0.959125 0.940328 0.95028 0.898013 0.860186 0.91096 0.931312 0.986433 0.0733104 0.991117 0.753581 0.965301 0.965343 0.399918 0.128598 0.48685 0.731115 0.959185 0.626843 0.5785 0.653797 0.741885 0.746224 0.641994 0.752157 0.992448 0.357289 0.138089 0.964163 0.667733 0.152394 0.0196759 0.00596337 0.600273 0.0765678 0.0101667 0.155754 0.0248555 0.258921 0.144322 0.0793497 0.671983 0.515996 0.662203 0.00325297 0.83803 0.0738408 0.104533 0.614122 0.805511 0.42791 0.114456 0.99066 0.545853 0.120266 0.081379 0.223085 0.070098 0.0935587 0.00325106 0.0280674 0.0126178 0.0999021 0.0186289 0.112587 0.600483 0.0201399 0.813759 0.0387906 0.00680564 0.162409 0.0470186 0.0443328 0.523302 0.143741 0.132492 0.0344066 0.0738009 0.0875083 0.0526507 0.748512
0.772083 0.837821 0.143638 0.65246 0.435091 0.832518 0.621695 0.985742 0.201311 0.622143 0.414772 0.892121 0.871735 0.979555 0.41733 0.837253 0.765538 0.991119 0.754145 0.959255 0.940848 0.950867 0.898952 0.860495 0.911819 0.931846 0.986482 0.0725953 0.991132 0.751524 0.965249 0.965293 0.397602 0.127806 0.486647 0.730979 0.9593 0.627223 0.580429 0.652071 0.740836 0.747273 0.642363 0.751199 0.992461 0.356379 0.137846 0.964237 0.668225 0.151218 0.0194446 0.00591538 0.602185 0.0758065 0.0101635 0.155481 0.0248837 0.260406 0.143031 0.0785233 0.673584 0.5162 0.663842 0.00324575 0.838412 0.0736165 0.10451 0.616678 0.807009 0.430429 0.114515 0.990765 0.545199 0.119229 0.0815925 0.224498 0.069383 0.0932728 0.00324409 0.0278251 0.012612 0.100605 0.0185659 0.113331 0.602368 0.0201633 0.815123 0.0384687 0.00677702 0.162361 0.0474377 0.0438647 0.524114 0.142434 0.132546 0.0341024 0.073591 0.087327 0.0523724 0.749657
0.771772 0.838196 0.143776 0.650698 0.436227 0.831475 0.619902 0.985797 0.201386 0.622688 0.412441 0.892793 0.871595 0.979681 0.416224 0.837285 0.764528 0.991134 0.755788 0.959381 0.941342 0.951446 0.899883 0.860805 0.912681 0.932374 0.98653 0.0718825 0.99115 0.749453 0.9652 0.965241 0.39528 0.127026 0.486381 0.73087 0.959423 0.627575 0.582362 0.650363 0.73978 0.748304 0.642739 0.750247 0.992475 0.35547 0.1376 0.964309 0.668743 0.150027 0.0192109 0.00586818 0.604159 0.0750394 0.0101605 0.155204 0.0249091 0.261948 0.141715 0.0776926 0.675124 0.516383 0.665532 0.00323904 0.838825 0.0733986 0.104499 0.619252 0.808501 0.432972 0.114587 0.990869 0.544512 0.118188 0.0818107 0.225918 0.0686666 0.0929832 0.00323735 0.0275799 0.0126048 0.10133 0.0184996 0.114081 0.60432 0.0201866 0.816466 0.0381444 0.00674744 0.162315 0.0478709 0.0434074 0.525013 0.14115 0.132604 0.0338069 0.0733847 0.0871367 0.052094 0.750772
0.771469 0.83858 0.143919 0.648934 0.43741 0.830416 0.618091 0.98585 0.201458 0.623192 0.410113 0.893462 0.871467 0.979806 0.415111 0.837308 0.763492 0.991151 0.757419 0.959503 0.941844 0.952026 0.900816 0.861112 0.913532 0.932894 0.986577 0.0711681 0.991165 0.747345 0.965157 0.965198 0.392942 0.126236 0.486175 0.730746 0.959548 0.627937 0.584307 0.648568 0.738729 0.749301 0.643105 0.749324 0.992487 0.354542 0.137369 0.964375 0.669273 0.14885 0.0189804 0.00582197 0.606143 0.0742759 0.0101565 0.154928 0.0249422 0.263493 0.140418 0.076851 0.676729 0.516586 0.66721 0.00323237 0.839236 0.0731778 0.10447 0.62182 0.810005 0.435558 0.114651 0.990971 0.543836 0.11716 0.0820331 0.227338 0.0679453 0.0926956 0.00323054 0.0273348 0.012602 0.102044 0.01843 0.114846 0.6063 0.0202085 0.817825 0.0378097 0.00671848 0.162279 0.0483135 0.0429583 0.525873 0.139874 0.132649 0.0335066 0.0731693 0.0869604 0.0518183 0.751912
0.771206 0.838943 0.144045 0.647156 0.438577 0.829373 0.616235 0.985905 0.201521 0.623757 0.407788 0.89414 0.871343 0.979932 0.414018 0.83732 0.762493 0.991167 0.759102 0.959615 0.942334 0.952596 0.90173 0.861425 0.914371 0.933426 0.986623 0.0704607 0.99118 0.745212 0.965109 0.965148 0.390596 0.125455 0.48594 0.73065 0.959674 0.628335 0.586249 0.646827 0.737683 0.750319 0.643488 0.74834 0.992501 0.353566 0.137152 0.964439 0.669792 0.1477 0.0187597 0.00577596 0.608097 0.0735188 0.0101546 0.154644 0.0249724 0.265081 0.139143 0.0760293 0.678327 0.516861 0.66889 0.00322557 0.839665 0.0729564 0.104418 0.624383 0.811514 0.438125 0.114712 0.991073 0.54318 0.116111 0.0822542 0.228783 0.0672331 0.0924089 0.00322386 0.0270942 0.0125967 0.102766 0.0183647 0.115596 0.608259 0.0202311 0.81914 0.0374844 0.00669047 0.162225 0.0487694 0.0425068 0.526696 0.138584 0.132705 0.0332147 0.0729613 0.0868055 0.0515424 0.753088
0.77091 0.839314 0.144198 0.645336 0.439756 0.828318 0.614369 0.985961 0.201597 0.624345 0.405465 0.894818 0.871211 0.980056 0.412922 0.837348 0.761435 0.991181 0.760749 0.959741 0.942829 0.953165 0.902652 0.861747 0.915221 0.933949 0.986671 0.0697601 0.991196 0.743042 0.965061 0.965096 0.388258 0.124682 0.48565 0.730517 0.959793 0.628697 0.588221 0.645019 0.736619 0.751304 0.643882 0.747361 0.992513 0.352559 0.136939 0.964506 0.670303 0.146523 0.0185366 0.00573016 0.610015 0.0727709 0.0101513 0.154352 0.0250005 0.266665 0.137849 0.0752207 0.679929 0.517136 0.670591 0.00321838 0.840093 0.072744 0.104382 0.626982 0.813024 0.440744 0.114777 0.991173 0.542443 0.115077 0.0824698 0.230287 0.0665279 0.092123 0.00321725 0.0268532 0.0125911 0.103495 0.0183026 0.116364 0.610212 0.0202536 0.820491 0.0371657 0.00666243 0.162199 0.0492252 0.0420672 0.527611 0.137313 0.132774 0.0329263 0.0727425 0.0866281 0.0512583 0.754226
0.770597 0.83971 0.144316 0.643532 0.440934 0.827236 0.612536 0.986015 0.201665 0.624921 0.403112 0.895486 0.871118 0.980176 0.411789 0.837385 0.760411 0.991198 0.762386 0.95986 0.943312 0.953734 0.903551 0.862086 0.91604 0.934462 0.986721 0.0690655 0.991211 0.740856 0.965017 0.965046 0.385893 0.123922 0.485376 0.730449 0.959909 0.629107 0.590234 0.643182 0.735564 0.752336 0.644239 0.746354 0.992528 0.351569 0.136728 0.964577 0.670841 0.145364 0.0183158 0.00568376 0.611967 0.0720277 0.0101483 0.15404 0.0250308 0.26828 0.136587 0.0744189 0.681528 0.517388 0.672311 0.0032122 0.84053 0.0725307 0.104346 0.629544 0.814542 0.443373 0.114826 0.991273 0.541727 0.114048 0.0826823 0.231781 0.0658473 0.0918146 0.00321136 0.0266156 0.0125861 0.104245 0.0182393 0.117133 0.61217 0.0202774 0.821811 0.036854 0.00663399 0.162155 0.0496994 0.0416294 0.528463 0.136073 0.132828 0.0326369 0.0725244 0.0864675 0.0509721 0.755402
0.770258 0.840094 0.14443 0.64165 0.44213 0.826123 0.610633 0.986069 0.201705 0.625498 0.400725 0.896147 0.871011 0.980299 0.41065 0.837418 0.759321 0.991213 0.76401 0.959974 0.943798 0.954285 0.904467 0.862424 0.916869 0.93497 0.98677 0.0683802 0.991227 0.738601 0.964969 0.965002 0.383513 0.123167 0.485016 0.730317 0.960031 0.629487 0.592173 0.641344 0.734454 0.753385 0.644671 0.745317 0.992541 0.35054 0.136536 0.96464 0.671389 0.144192 0.0180974 0.00563797 0.61398 0.0712846 0.0101465 0.153737 0.0250594 0.269946 0.135322 0.0736045 0.683148 0.517662 0.674017 0.00320619 0.840939 0.0723189 0.104299 0.632155 0.816063 0.446035 0.114889 0.991371 0.540982 0.113014 0.0828991 0.233305 0.0651464 0.0915115 0.00320477 0.02638 0.0125814 0.105008 0.0181746 0.117918 0.614205 0.0203028 0.823174 0.0365388 0.00660606 0.162099 0.0501785 0.0411897 0.529359 0.134847 0.132888 0.0323511 0.0723045 0.086313 0.050701 0.756553
0.769903 0.840458 0.144508 0.639793 0.443318 0.824994 0.608736 0.986124 0.201781 0.626087 0.398351 0.896812 0.870907 0.98042 0.409514 0.837456 0.758285 0.991227 0.76563 0.960103 0.944278 0.954835 0.90538 0.862753 0.917683 0.935468 0.986818 0.0677002 0.99124 0.736375 0.964921 0.964955 0.381122 0.122417 0.48465 0.730224 0.96015 0.629896 0.594129 0.639454 0.733365 0.754443 0.645095 0.744277 0.992553 0.349473 0.136333 0.964708 0.671942 0.143033 0.0178797 0.005593 0.615975 0.0705607 0.0101438 0.153438 0.0250882 0.271624 0.134078 0.0728056 0.684798 0.517932 0.675756 0.00319947 0.841364 0.0720839 0.10426 0.63478 0.817586 0.448729 0.114925 0.991469 0.540242 0.111973 0.0831182 0.234858 0.064459 0.0911963 0.00319795 0.0261498 0.0125752 0.105792 0.0181095 0.118731 0.616217 0.0203264 0.824527 0.0362294 0.0065775 0.162039 0.050665 0.0407534 0.530272 0.133603 0.132936 0.0320715 0.0720914 0.0861781 0.050438 0.757706
0.769564 0.840832 0.14457 0.637913 0.444596 0.823872 0.606821 0.986179 0.201857 0.626661 0.395995 0.897476 0.870813 0.980543 0.40835 0.837499 0.757207 0.991243 0.767286 0.960231 0.944754 0.955382 0.906276 0.863084 0.918492 0.935976 0.986867 0.0670088 0.991255 0.734141 0.964876 0.964912 0.378736 0.121661 0.484325 0.730132 0.96027 0.630265 0.596061 0.637551 0.732265 0.755479 0.645526 0.743258 0.992565 0.348456 0.13614 0.964769 0.672471 0.141874 0.0176627 0.00554816 0.617971 0.069832 0.0101415 0.153125 0.0251142 0.273327 0.132837 0.0720217 0.686407 0.518235 0.677469 0.00319298 0.841787 0.0718664 0.104218 0.637396 0.819119 0.45146 0.114952 0.991565 0.539453 0.110948 0.0833296 0.236434 0.0637793 0.0908878 0.00319098 0.0259222 0.0125714 0.10659 0.0180433 0.119558 0.618219 0.0203472 0.825874 0.0359149 0.00654906 0.161966 0.0511571 0.0403256 0.531205 0.132397 0.132966 0.031798 0.0718765 0.0860422 0.0501742 0.758861
0.769215 0.841215 0.144632 0.635997 0.445823 0.82271 0.604868 0.986234 0.201932 0.627211 0.393598 0.898137 0.87072 0.980663 0.407185 0.837552 0.75614 0.991258 0.768934 0.960353 0.945231 0.955916 0.907163 0.863425 0.919301 0.936473 0.986913 0.0663246 0.991269 0.731827 0.964831 0.964869 0.376325 0.120917 0.483926 0.730093 0.96039 0.630723 0.597982 0.635645 0.731147 0.756536 0.646005 0.742215 0.992577 0.347396 0.135944 0.964839 0.673012 0.140716 0.0174491 0.00550311 0.619952 0.069119 0.0101388 0.152826 0.0251413 0.275075 0.131602 0.0712375 0.688051 0.518562 0.679209 0.00318687 0.842255 0.071642 0.104183 0.640003 0.820636 0.45424 0.11497 0.991659 0.538677 0.109955 0.0835428 0.238016 0.0631081 0.090593 0.00318445 0.0256968 0.0125681 0.107401 0.0179788 0.120384 0.620231 0.020368 0.827238 0.0356073 0.00652086 0.161877 0.0516657 0.0399033 0.53211 0.131185 0.133009 0.0315218 0.0716594 0.0859055 0.0499021 0.760034
0.768829 0.841592 0.144696 0.634036 0.447033 0.821546 0.602908 0.986289 0.202 0.627759 0.391215 0.898785 0.870621 0.980783 0.406041 0.837601 0.755032 0.991271 0.770577 0.960473 0.945697 0.956447 0.908071 0.863759 0.920096 0.93697 0.98696 0.0656523 0.991284 0.729544 0.964791 0.964826 0.373877 0.120156 0.483548 0.73005 0.96051 0.631158 0.599966 0.633684 0.730008 0.757565 0.646467 0.741147 0.99259 0.346309 0.135773 0.964908 0.673489 0.139576 0.0172388 0.0054577 0.621967 0.0684124 0.0101377 0.152504 0.0251622 0.276855 0.130393 0.0704708 0.689705 0.518862 0.680979 0.00318151 0.842648 0.0714259 0.104121 0.642586 0.822143 0.457036 0.115019 0.991752 0.537853 0.108918 0.0837415 0.239675 0.0624536 0.0902855 0.00317857 0.0254702 0.0125622 0.10822 0.0179177 0.121218 0.622286 0.0203901 0.828609 0.0352979 0.00649307 0.161796 0.0521843 0.0394763 0.533044 0.129974 0.133047 0.031243 0.0714479 0.0857817 0.0496343 0.761225
0.768427 0.841987 0.144753 0.632093 0.448241 0.820383 0.600953 0.986343 0.202058 0.628292 0.388814 0.899442 0.870545 0.980903 0.40487 0.837648 0.753906 0.991285 0.772226 0.960587 0.946159 0.956971 0.908955 0.864091 0.920885 0.937467 0.987009 0.0649837 0.991297 0.7272 0.964751 0.964787 0.371432 0.119408 0.483166 0.729977 0.960633 0.631572 0.601918 0.631712 0.728837 0.758653 0.646875 0.740062 0.9926 0.345207 0.135584 0.964969 0.67401 0.13843 0.0170281 0.00541411 0.624007 0.0676983 0.0101352 0.152183 0.0251822 0.27864 0.129163 0.0697081 0.691373 0.519211 0.6827 0.00317557 0.843071 0.071212 0.104067 0.645218 0.823661 0.459843 0.11503 0.991845 0.53704 0.107916 0.0839353 0.241302 0.061791 0.0899624 0.00317235 0.0252472 0.0125597 0.109047 0.0178573 0.1221 0.624281 0.0204135 0.82997 0.034994 0.00646512 0.161717 0.0527107 0.0390617 0.53402 0.128775 0.133069 0.0309651 0.0712346 0.0856624 0.0493653 0.762397
0.767989 0.842381 0.144804 0.63009 0.449526 0.819191 0.598961 0.986396 0.202073 0.628848 0.386415 0.900091 0.870452 0.981022 0.40374 0.837717 0.752799 0.991299 0.773858 0.960704 0.946616 0.957489 0.909836 0.864406 0.921659 0.937955 0.987056 0.0643299 0.991311 0.72479 0.964707 0.964744 0.368972 0.118674 0.482716 0.729882 0.96075 0.632019 0.603861 0.629683 0.727643 0.759686 0.647363 0.73895 0.992612 0.34408 0.13543 0.965036 0.674542 0.137283 0.0168214 0.00537118 0.626049 0.0669934 0.0101348 0.151859 0.0252011 0.280448 0.127966 0.0689473 0.693002 0.519561 0.684497 0.00316976 0.843518 0.0709923 0.104022 0.647856 0.82516 0.462647 0.115045 0.991937 0.536215 0.10689 0.0841411 0.242955 0.0611297 0.089641 0.00316645 0.0250253 0.0125558 0.1099 0.0177983 0.122979 0.626339 0.0204343 0.831361 0.0346964 0.00643683 0.161639 0.0532502 0.0386458 0.535007 0.127574 0.133106 0.0306954 0.0710199 0.0855548 0.0490983 0.763579
0.767552 0.842748 0.144837 0.628077 0.450812 0.81798 0.596902 0.98645 0.20212 0.629445 0.383991 0.90074 0.87037 0.981142 0.402589 0.837772 0.751669 0.991313 0.775488 0.960817 0.947076 0.958001 0.910701 0.864745 0.922438 0.938436 0.987104 0.0636736 0.991323 0.722364 0.964663 0.964703 0.366485 0.117924 0.482284 0.729797 0.960859 0.632523 0.605826 0.627625 0.726437 0.760729 0.647854 0.737838 0.992623 0.342899 0.13526 0.965102 0.67508 0.136144 0.0166136 0.0053285 0.62815 0.0662817 0.0101309 0.151521 0.0252266 0.282287 0.126775 0.0681849 0.694666 0.519896 0.686242 0.00316401 0.843979 0.0707821 0.103948 0.650462 0.826689 0.465471 0.115052 0.992029 0.535353 0.105892 0.0843491 0.244697 0.0604784 0.0893258 0.0031604 0.0248029 0.0125513 0.11077 0.0177366 0.123878 0.628369 0.0204582 0.832706 0.0343972 0.00640912 0.161531 0.0538086 0.0382278 0.535997 0.126404 0.133134 0.0304239 0.0707963 0.085423 0.0488206 0.764751
0.767114 0.843123 0.144875 0.626046 0.452142 0.816766 0.594828 0.986503 0.202151 0.629977 0.381526 0.901399 0.870272 0.981263 0.401437 0.837843 0.750481 0.991326 0.777145 0.960934 0.947525 0.958514 0.911576 0.865094 0.923213 0.938914 0.98715 0.0630189 0.991336 0.719929 0.964628 0.964657 0.36402 0.117175 0.481846 0.729759 0.960968 0.632939 0.607786 0.625587 0.725217 0.761782 0.648341 0.736703 0.992634 0.341751 0.135104 0.965165 0.675633 0.135021 0.0164125 0.00528688 0.630249 0.0655891 0.0101306 0.151179 0.0252478 0.284106 0.125611 0.0674222 0.696333 0.52028 0.688013 0.00315818 0.844427 0.0705613 0.103898 0.653135 0.828199 0.468348 0.11506 0.992119 0.534461 0.104884 0.0845582 0.246408 0.0598371 0.0890174 0.00315476 0.0245863 0.0125469 0.111665 0.0176778 0.124761 0.630445 0.0204806 0.834086 0.034105 0.00638162 0.161449 0.0543788 0.0378123 0.536997 0.125239 0.133163 0.0301541 0.0705768 0.0853241 0.0485438 0.765936
0.766672 0.843487 0.144949 0.623947 0.453443 0.815511 0.592732 0.986556 0.202167 0.630582 0.379061 0.902065 0.870215 0.981383 0.400247 0.837912 0.749336 0.991339 0.778783 0.961048 0.947978 0.959022 0.912432 0.865434 0.923983 0.939392 0.987198 0.0623684 0.991349 0.717442 0.964589 0.964614 0.361544 0.116428 0.481372 0.729682 0.961084 0.633429 0.609722 0.623573 0.724011 0.762811 0.648848 0.735569 0.992645 0.340577 0.134974 0.965233 0.676137 0.133878 0.0162113 0.00524583 0.632321 0.0648944 0.0101282 0.150834 0.0252705 0.285961 0.124448 0.0666669 0.697996 0.520687 0.689768 0.00315273 0.844868 0.0703328 0.103845 0.655764 0.829709 0.471209 0.115051 0.992207 0.533583 0.103878 0.0847616 0.248166 0.0592092 0.0887113 0.00314971 0.0243657 0.0125439 0.112586 0.017619 0.125658 0.632511 0.0204971 0.835483 0.0338094 0.00635446 0.161354 0.054952 0.0374068 0.537977 0.124085 0.133184 0.0298893 0.0703506 0.0852171 0.0482779 0.767149
0.766248 0.843862 0.145001 0.62186 0.454744 0.814252 0.590627 0.986609 0.202137 0.631152 0.376556 0.902709 0.870149 0.981504 0.399044 0.837972 0.748173 0.991351 0.780444 0.961161 0.948432 0.959526 0.913279 0.865776 0.924742 0.93987 0.987247 0.0617192 0.991361 0.714916 0.964549 0.964576 0.359026 0.115683 0.480895 0.729657 0.961194 0.633959 0.611644 0.621457 0.722781 0.763862 0.649398 0.734444 0.992655 0.339405 0.134828 0.965306 0.676691 0.132751 0.0160116 0.0052057 0.634426 0.0642084 0.0101274 0.150476 0.0252857 0.287875 0.123291 0.065915 0.69969 0.521116 0.691544 0.00314672 0.845309 0.0700998 0.103774 0.658395 0.831211 0.474092 0.115046 0.992295 0.532662 0.102879 0.0849622 0.249951 0.0585761 0.0883995 0.00314424 0.0241487 0.0125374 0.113491 0.0175621 0.126563 0.634598 0.0205164 0.836888 0.0335213 0.00632806 0.161238 0.0555463 0.0370088 0.539032 0.122921 0.133214 0.0296164 0.070128 0.0851174 0.0480067 0.768358
0.765805 0.844249 0.145036 0.619765 0.456081 0.812983 0.588485 0.986664 0.202184 0.63178 0.374059 0.90337 0.870093 0.981623 0.397846 0.838042 0.746973 0.991363 0.782079 0.961271 0.948877 0.960025 0.914143 0.866101 0.925493 0.940343 0.987294 0.0610798 0.991373 0.712333 0.964507 0.964538 0.356487 0.114956 0.480348 0.729619 0.96131 0.63447 0.613578 0.619326 0.721548 0.764938 0.649955 0.733309 0.992666 0.338209 0.1347 0.965372 0.677221 0.131632 0.0158142 0.00516467 0.63651 0.0635229 0.0101259 0.150122 0.0253047 0.289813 0.122145 0.0651618 0.701382 0.521531 0.693325 0.00314206 0.845753 0.069876 0.103712 0.661042 0.832713 0.477047 0.115029 0.992382 0.531695 0.101899 0.0851762 0.251782 0.0579494 0.0880931 0.00313881 0.0239352 0.0125326 0.11441 0.0175068 0.127497 0.636688 0.0205369 0.838277 0.0332351 0.00629965 0.161145 0.0561426 0.0366069 0.540091 0.121776 0.133246 0.0293534 0.0698926 0.0850223 0.0477415 0.769555
0.765328 0.844629 0.145055 0.61761 0.457404 0.811698 0.586327 0.986718 0.202241 0.632388 0.371547 0.90403 0.870048 0.981743 0.39665 0.838111 0.745736 0.991375 0.783711 0.961376 0.94931 0.960512 0.914982 0.866425 0.92624 0.94082 0.987342 0.0604456 0.991386 0.709709 0.964463 0.964501 0.353906 0.114202 0.479832 0.729565 0.961415 0.634946 0.615527 0.617157 0.720296 0.766022 0.650549 0.732123 0.992677 0.33698 0.134575 0.965445 0.677767 0.130509 0.0156186 0.00512472 0.638611 0.0628474 0.0101249 0.149763 0.0253244 0.291766 0.121009 0.0644255 0.703056 0.521998 0.695144 0.00313677 0.846197 0.0696502 0.103648 0.66369 0.834205 0.479983 0.114999 0.992469 0.530728 0.100908 0.0853623 0.253637 0.0573379 0.0877756 0.00313359 0.0237248 0.0125279 0.115347 0.0174528 0.12844 0.638757 0.0205557 0.839636 0.0329526 0.00627166 0.161025 0.056754 0.0362087 0.541126 0.120649 0.133298 0.0290978 0.0696754 0.084934 0.0474694 0.770791
0.764852 0.845012 0.145077 0.61544 0.458784 0.810394 0.584131 0.986772 0.202269 0.632959 0.369017 0.90468 0.869995 0.981858 0.395432 0.838179 0.744479 0.991387 0.785357 0.961488 0.949745 0.961 0.915817 0.866764 0.926975 0.941288 0.987391 0.0598185 0.9914 0.70708 0.964427 0.964458 0.35139 0.113474 0.479319 0.729495 0.961527 0.635446 0.617433 0.614971 0.719059 0.767082 0.651126 0.730921 0.992687 0.335767 0.134446 0.96551 0.678366 0.129411 0.015425 0.00508481 0.640718 0.0621858 0.0101227 0.149396 0.0253432 0.293736 0.119867 0.0637014 0.704771 0.522497 0.696939 0.0031311 0.846654 0.0694207 0.103586 0.666371 0.835711 0.482941 0.114962 0.992554 0.529715 0.099922 0.0855522 0.255511 0.0567336 0.0874699 0.003128 0.0235178 0.0125224 0.116308 0.0173948 0.129382 0.640885 0.0205717 0.841012 0.0326675 0.00624437 0.160916 0.057372 0.035817 0.542172 0.119506 0.133325 0.028839 0.0694584 0.0848515 0.0472121 0.771976
0.764328 0.84541 0.145079 0.61322 0.460142 0.809058 0.581882 0.986825 0.202278 0.633517 0.366514 0.905332 0.869957 0.981974 0.394233 0.838268 0.743219 0.991401 0.787003 0.961604 0.950176 0.961475 0.916648 0.867125 0.92772 0.941754 0.987436 0.0591918 0.991412 0.704402 0.964388 0.964425 0.348804 0.112743 0.478735 0.729427 0.961637 0.635988 0.6194 0.612732 0.717799 0.768144 0.65169 0.729754 0.992697 0.334537 0.134319 0.965584 0.678876 0.128288 0.0152367 0.00504533 0.642814 0.0615211 0.0101216 0.149026 0.0253576 0.295763 0.118731 0.0629917 0.706511 0.522971 0.698762 0.00312589 0.847125 0.0691928 0.103504 0.669016 0.837208 0.485971 0.114929 0.99264 0.528692 0.0989384 0.085764 0.257405 0.056128 0.0871532 0.00312253 0.0233121 0.0125159 0.117307 0.017339 0.130362 0.642994 0.0205896 0.842397 0.0323894 0.00621647 0.160798 0.0580081 0.0354328 0.543264 0.118382 0.133357 0.0285859 0.0692379 0.0847761 0.0469508 0.773179
0.763795 0.845796 0.145085 0.611018 0.46149 0.807705 0.579644 0.986878 0.202309 0.63409 0.363974 0.905975 0.869929 0.982091 0.393027 0.838369 0.74195 0.991413 0.788644 0.961708 0.950597 0.961945 0.917477 0.867463 0.928456 0.942207 0.987483 0.0585791 0.991425 0.701684 0.964358 0.964384 0.346247 0.112043 0.478143 0.729376 0.961746 0.636539 0.621303 0.610501 0.716472 0.769224 0.652269 0.728549 0.992708 0.333292 0.134207 0.965653 0.679407 0.127171 0.0150496 0.00500547 0.644912 0.0608695 0.0101229 0.148645 0.025379 0.297864 0.117615 0.0622833 0.708243 0.523515 0.70054 0.00312048 0.84759 0.0689616 0.103426 0.671696 0.838711 0.488973 0.114892 0.992722 0.527651 0.0979712 0.0859415 0.259342 0.0555205 0.0868408 0.0031174 0.0231099 0.0125118 0.118298 0.0172804 0.131352 0.645141 0.0206071 0.843782 0.0321156 0.00618868 0.160661 0.0586573 0.0350473 0.54436 0.117277 0.133395 0.0283312 0.0690158 0.0846972 0.046685 0.774406
0.763257 0.846176 0.145072 0.608726 0.462848 0.806302 0.577364 0.986934 0.202293 0.634662 0.361394 0.906642 0.869898 0.982207 0.39185 0.838468 0.740678 0.991425 0.79027 0.961819 0.951027 0.962417 0.918306 0.86781 0.929168 0.942659 0.987529 0.0579571 0.991436 0.698952 0.964322 0.964352 0.343672 0.111309 0.477567 0.729358 0.961855 0.637064 0.623248 0.608252 0.715105 0.770322 0.652844 0.727338 0.992718 0.33204 0.134097 0.96572 0.67995 0.126064 0.0148612 0.00496633 0.647069 0.0602233 0.0101224 0.148269 0.0253954 0.299927 0.116507 0.0615764 0.709982 0.524025 0.702356 0.00311519 0.848056 0.0687335 0.103351 0.674358 0.840198 0.492042 0.11485 0.992804 0.526566 0.0969966 0.0861387 0.261339 0.0549318 0.0865315 0.00311245 0.0229062 0.0125074 0.119307 0.017225 0.132353 0.6473 0.0206249 0.845202 0.0318451 0.0061616 0.160517 0.0593158 0.0346753 0.545492 0.116176 0.133445 0.0280727 0.068781 0.0846386 0.0464152 0.775641
0.762715 0.846556 0.145042 0.60642 0.46425 0.804884 0.57508 0.986987 0.202326 0.635257 0.358853 0.907299 0.869878 0.982326 0.390608 0.838586 0.739389 0.991436 0.791956 0.961925 0.951443 0.962884 0.919121 0.868166 0.929892 0.943122 0.987577 0.0573467 0.991449 0.696166 0.96428 0.964317 0.341086 0.110594 0.476967 0.729329 0.961962 0.637634 0.625156 0.60595 0.713798 0.77141 0.653422 0.726096 0.992728 0.33077 0.134005 0.965789 0.68049 0.124962 0.0146755 0.00492734 0.649217 0.0595774 0.0101219 0.14788 0.0254107 0.302006 0.115423 0.060865 0.711729 0.524574 0.704225 0.00311012 0.848541 0.0685093 0.103278 0.677015 0.841678 0.495142 0.1148 0.992887 0.525505 0.096031 0.0863068 0.263339 0.0543439 0.0862138 0.00310717 0.0227044 0.0125016 0.120331 0.0171692 0.133346 0.649448 0.020643 0.8466 0.0315724 0.00613429 0.160391 0.0599936 0.0343011 0.546625 0.11509 0.133455 0.0278204 0.0685495 0.0845901 0.0461447 0.776881
0.76215 0.846973 0.14502 0.604116 0.465689 0.803462 0.572752 0.987041 0.202338 0.635843 0.356307 0.907932 0.869859 0.982442 0.389394 0.838703 0.738092 0.991448 0.793579 0.962029 0.951859 0.963353 0.919941 0.868503 0.930599 0.943559 0.987624 0.0567506 0.991463 0.693355 0.964244 0.964285 0.338465 0.109875 0.476358 0.729302 0.962063 0.6382 0.62712 0.603611 0.712452 0.77249 0.654064 0.724827 0.992738 0.329413 0.133929 0.965857 0.681028 0.123862 0.0144914 0.00488959 0.651366 0.058931 0.0101204 0.147486 0.0254246 0.304102 0.114339 0.0601728 0.713492 0.52514 0.706072 0.0031053 0.849022 0.0682838 0.103183 0.679707 0.843164 0.498268 0.114748 0.992967 0.524366 0.0950613 0.0864851 0.265378 0.0537651 0.0858995 0.0031021 0.0225081 0.012498 0.121382 0.0171142 0.134385 0.651606 0.0206571 0.847991 0.0313042 0.00610635 0.16023 0.0606865 0.0339349 0.547776 0.113996 0.133487 0.0275738 0.0683285 0.0845328 0.0458822 0.778134
0.761589 0.847374 0.144956 0.601786 0.467093 0.802014 0.570433 0.987097 0.202346 0.636404 0.353772 0.908595 0.869847 0.982558 0.388108 0.838804 0.736796 0.99146 0.795186 0.962131 0.952275 0.963804 0.920741 0.868833 0.931309 0.944006 0.987672 0.0561511 0.991475 0.690506 0.964212 0.964256 0.335861 0.109159 0.475716 0.729289 0.962168 0.638768 0.629034 0.601248 0.711117 0.773564 0.654709 0.723574 0.992747 0.32808 0.133852 0.965925 0.681566 0.122768 0.014309 0.00485155 0.653535 0.0582923 0.0101201 0.147104 0.0254354 0.306247 0.113275 0.05949 0.715269 0.525727 0.707923 0.00310038 0.849505 0.0680478 0.103105 0.682412 0.844646 0.50145 0.114692 0.993046 0.523286 0.0940953 0.0866656 0.267429 0.0531837 0.0855781 0.00309663 0.0223111 0.0124922 0.122451 0.0170591 0.135433 0.65378 0.0206733 0.849376 0.0310336 0.00607955 0.160094 0.0613845 0.0335696 0.548924 0.112924 0.133515 0.0273276 0.0680958 0.084475 0.0456119 0.779374
0.760983 0.847766 0.144916 0.599391 0.46851 0.800567 0.568052 0.98715 0.202351 0.637009 0.35123 0.909245 0.869854 0.982672 0.386895 0.838918 0.735462 0.991471 0.796808 0.962231 0.952677 0.964257 0.921539 0.869182 0.932021 0.944449 0.987718 0.0555567 0.991486 0.687624 0.964185 0.964228 0.33324 0.108438 0.474995 0.729308 0.962278 0.639343 0.630987 0.598818 0.70978 0.774656 0.655318 0.722303 0.992756 0.326698 0.133771 0.965998 0.682123 0.121691 0.0141273 0.00481415 0.655711 0.0576532 0.010118 0.146693 0.025447 0.308443 0.112215 0.0587999 0.71703 0.526296 0.709798 0.00309557 0.849959 0.0678272 0.103002 0.68508 0.846105 0.504592 0.114611 0.993125 0.522188 0.0931479 0.0868454 0.269511 0.052604 0.0852568 0.00309211 0.0221159 0.0124882 0.123521 0.0170039 0.136505 0.655957 0.020688 0.850776 0.0307724 0.00605205 0.159925 0.0620975 0.033206 0.550124 0.111876 0.133544 0.0270856 0.0678673 0.0844198 0.0453483 0.780613
0.760372 0.848163 0.144847 0.597011 0.46997 0.799071 0.565664 0.987204 0.202343 0.637588 0.348644 0.909903 0.869868 0.982784 0.385635 0.839042 0.734101 0.991481 0.798414 0.962335 0.953072 0.964705 0.922318 0.86954 0.932718 0.944884 0.987765 0.0549729 0.991495 0.684719 0.964161 0.964196 0.330615 0.107746 0.474319 0.729305 0.96238 0.639934 0.632914 0.596341 0.708421 0.775738 0.655961 0.720977 0.992764 0.325318 0.133712 0.966065 0.682652 0.120598 0.0139483 0.0047772 0.657897 0.0570229 0.0101163 0.146278 0.025457 0.310682 0.111155 0.0581252 0.718798 0.526915 0.711704 0.00309088 0.850456 0.0676025 0.102925 0.687807 0.847566 0.507825 0.114526 0.993205 0.521005 0.0921944 0.0869934 0.271645 0.0520406 0.084928 0.00308775 0.0219233 0.0124835 0.124633 0.0169512 0.137559 0.658149 0.0207019 0.852186 0.0305122 0.00602541 0.159766 0.062833 0.032837 0.551315 0.110821 0.133555 0.0268444 0.067641 0.0843778 0.045096 0.781828
0.759757 0.848575 0.144778 0.594563 0.471438 0.797569 0.563196 0.987258 0.202342 0.638167 0.34605 0.910519 0.869871 0.982902 0.384342 0.839167 0.732734 0.991491 0.800057 0.962437 0.953471 0.965142 0.923117 0.869905 0.933405 0.945316 0.987812 0.0543849 0.991504 0.681771 0.964133 0.964167 0.328003 0.107024 0.473626 0.729278 0.962484 0.640541 0.634838 0.593864 0.707031 0.776853 0.656616 0.719633 0.992773 0.323966 0.133642 0.966137 0.683217 0.119515 0.0137721 0.00474009 0.660125 0.0563951 0.0101143 0.145887 0.0254669 0.312949 0.110101 0.0574353 0.72058 0.52757 0.713608 0.00308576 0.850935 0.0673731 0.102839 0.690497 0.849058 0.511039 0.114441 0.993281 0.519819 0.0912518 0.0871512 0.273794 0.0514794 0.0845823 0.0030837 0.0217314 0.0124796 0.125759 0.0168985 0.13865 0.660289 0.0207122 0.853595 0.0302529 0.00599821 0.159584 0.0635825 0.0324849 0.552534 0.109776 0.133563 0.026601 0.0674072 0.0843585 0.0448434 0.783079
0.759124 0.848989 0.144714 0.592081 0.472913 0.79606 0.56071 0.987312 0.2023 0.63877 0.343433 0.91115 0.869894 0.983015 0.383071 0.83927 0.731337 0.991502 0.801694 0.962546 0.953866 0.965571 0.923916 0.870261 0.934094 0.945739 0.987859 0.0538096 0.991516 0.678791 0.964108 0.964144 0.325357 0.10632 0.472863 0.729281 0.962587 0.641125 0.636692 0.59141 0.705649 0.777979 0.657313 0.718297 0.992783 0.322594 0.133613 0.966203 0.68377 0.118425 0.0135961 0.0047037 0.662274 0.0557725 0.0101143 0.145478 0.0254803 0.315208 0.109069 0.0567733 0.722365 0.528267 0.715504 0.00308058 0.851437 0.067138 0.102733 0.693182 0.85054 0.514286 0.114338 0.993356 0.518551 0.0903202 0.0873189 0.276002 0.0509217 0.08426 0.00307945 0.0215377 0.0124757 0.126901 0.0168444 0.139761 0.6625 0.0207237 0.854982 0.0299961 0.0059706 0.159413 0.0643545 0.0321309 0.553775 0.108738 0.133576 0.0263612 0.0671668 0.0843391 0.0445843 0.784321
0.758489 0.849398 0.14462 0.589558 0.474391 0.794514 0.558263 0.987365 0.202279 0.639336 0.340808 0.911791 0.869932 0.983132 0.381788 0.839356 0.729941 0.991513 0.803296 0.962648 0.954255 0.965995 0.924685 0.870628 0.934766 0.946165 0.987906 0.0532369 0.991527 0.675761 0.964081 0.964113 0.322721 0.105604 0.472117 0.729342 0.962688 0.641774 0.638579 0.588938 0.704226 0.779082 0.657971 0.716921 0.992792 0.321162 0.133575 0.966272 0.684319 0.117362 0.0134204 0.00466729 0.664457 0.0551663 0.010114 0.145045 0.0254884 0.317552 0.108036 0.0561143 0.724169 0.528913 0.717414 0.0030762 0.851946 0.0669099 0.102631 0.695826 0.852005 0.517537 0.114241 0.993432 0.517313 0.0893855 0.087479 0.278244 0.0503696 0.0839445 0.00307449 0.0213507 0.0124712 0.128062 0.0167938 0.140909 0.664704 0.0207382 0.856376 0.0297401 0.00594374 0.159241 0.0651389 0.0317787 0.554992 0.107723 0.133607 0.0261277 0.0669292 0.0843223 0.0443214 0.785569
0.757814 0.849806 0.144536 0.587 0.475852 0.792952 0.555823 0.98742 0.202262 0.639921 0.338203 0.912426 0.869975 0.983247 0.38055 0.83949 0.728508 0.991523 0.804928 0.962747 0.954647 0.96642 0.925454 0.870992 0.935438 0.946588 0.987953 0.0526671 0.991539 0.672755 0.96406 0.964094 0.32004 0.104907 0.471346 0.729345 0.962794 0.642379 0.640463 0.586404 0.702832 0.780202 0.65864 0.715549 0.992802 0.319761 0.133549 0.966341 0.684885 0.116284 0.0132471 0.004632 0.666635 0.0545538 0.0101118 0.144619 0.025495 0.319915 0.107009 0.0554537 0.725972 0.529613 0.719302 0.0030713 0.852429 0.0666862 0.102534 0.698489 0.85348 0.520817 0.114123 0.993507 0.516063 0.0884552 0.0876266 0.280504 0.0498259 0.0836103 0.00306917 0.021169 0.012467 0.129229 0.0167466 0.142064 0.666939 0.0207476 0.857795 0.0294864 0.00591813 0.15904 0.0659379 0.0314333 0.55623 0.106703 0.133597 0.0258905 0.066694 0.0843076 0.0440596 0.786851
0.757128 0.850234 0.144434 0.584442 0.477373 0.791365 0.553315 0.987472 0.2022 0.64051 0.335584 0.913067 0.870018 0.983359 0.379245 0.83963 0.727069 0.991535 0.80656 0.962848 0.955019 0.966843 0.926223 0.871359 0.936109 0.947005 0.988001 0.0520885 0.99155 0.669709 0.964039 0.964068 0.317367 0.104205 0.470536 0.729405 0.96289 0.643003 0.642296 0.583832 0.701393 0.781307 0.659351 0.714144 0.99281 0.318323 0.13352 0.96642 0.685426 0.115221 0.0130759 0.0045968 0.66885 0.05395 0.010111 0.144161 0.0255015 0.32228 0.106 0.0548004 0.727769 0.530298 0.721205 0.00306698 0.852931 0.0664461 0.102417 0.701183 0.854959 0.52414 0.113997 0.993582 0.514835 0.0875139 0.0877842 0.282817 0.0492917 0.0832743 0.00306497 0.0209828 0.0124634 0.130436 0.0166962 0.14322 0.669155 0.0207621 0.859174 0.0292363 0.00589187 0.158828 0.0667603 0.0310862 0.557528 0.105699 0.133614 0.0256621 0.0664524 0.0843113 0.043794 0.78811
0.75642 0.850662 0.144333 0.581888 0.478936 0.789769 0.550777 0.987526 0.202123 0.641119 0.332907 0.913696 0.870077 0.98347 0.377945 0.839773 0.725607 0.991546 0.808164 0.962949 0.955398 0.96726 0.926986 0.871726 0.93678 0.947425 0.988048 0.0515249 0.99156 0.666623 0.964012 0.964043 0.314715 0.103506 0.469723 0.72944 0.96299 0.643639 0.644203 0.581268 0.699928 0.782415 0.660095 0.712678 0.992819 0.316884 0.133486 0.966498 0.685969 0.114155 0.0129075 0.00456163 0.671042 0.0533465 0.0101104 0.143717 0.0255089 0.324713 0.104977 0.0541492 0.729586 0.531047 0.723093 0.00306273 0.853446 0.0662098 0.102302 0.703886 0.856416 0.527494 0.113871 0.993655 0.513528 0.0865784 0.0879306 0.285196 0.048756 0.0829315 0.00306057 0.020799 0.012458 0.131673 0.0166463 0.144405 0.671395 0.0207746 0.860569 0.0289845 0.00586495 0.158644 0.0675822 0.0307482 0.558809 0.104689 0.133617 0.0254311 0.0662222 0.0843075 0.0435309 0.789351
0.755707 0.851092 0.144206 0.579304 0.480427 0.788161 0.548226 0.987581 0.202101 0.641701 0.330267 0.914326 0.870148 0.98358 0.376645 0.839927 0.724139 0.991557 0.809759 0.963046 0.955776 0.967666 0.92775 0.872082 0.93743 0.947833 0.988094 0.0509681 0.991569 0.663505 0.963993 0.96402 0.312006 0.102809 0.468902 0.729483 0.963087 0.644309 0.64613 0.578664 0.698439 0.783533 0.660789 0.711242 0.992828 0.315437 0.133472 0.966578 0.686491 0.113093 0.0127407 0.00452759 0.673272 0.0527546 0.0101116 0.143263 0.0255116 0.327145 0.10399 0.0535123 0.731372 0.531806 0.725045 0.00305863 0.853946 0.0659667 0.102186 0.706602 0.857896 0.530852 0.113736 0.993729 0.512192 0.0856705 0.0880803 0.287609 0.0482323 0.0825843 0.00305644 0.020616 0.0124521 0.132919 0.0165958 0.145636 0.673619 0.0207855 0.861979 0.0287372 0.00583826 0.158435 0.06843 0.0304112 0.560095 0.103691 0.133624 0.0252025 0.0659827 0.0843168 0.0432674 0.790604
0.75498 0.85153 0.14407 0.576664 0.481981 0.786512 0.545608 0.987635 0.202019 0.642277 0.327623 0.914968 0.870238 0.983691 0.375319 0.84007 0.722643 0.991565 0.811386 0.963142 0.956141 0.968067 0.928498 0.872465 0.938074 0.94825 0.988139 0.0504162 0.991576 0.660301 0.963969 0.963994 0.309319 0.102123 0.468052 0.729518 0.963185 0.644969 0.648014 0.576026 0.696953 0.784684 0.661568 0.709777 0.992837 0.313916 0.133443 0.966654 0.687045 0.11205 0.0125771 0.00449346 0.675503 0.0521649 0.0101093 0.142833 0.0255135 0.329637 0.103024 0.0528696 0.733237 0.532567 0.72696 0.00305453 0.854478 0.0657272 0.102052 0.709304 0.859347 0.534216 0.113605 0.9938 0.510841 0.0847602 0.0882337 0.289999 0.0477141 0.0822342 0.0030518 0.0204363 0.0124456 0.134188 0.0165478 0.146852 0.675879 0.0207939 0.863384 0.0284946 0.00581115 0.158243 0.0692978 0.0300746 0.56143 0.102699 0.133627 0.0249764 0.0657477 0.0843356 0.0430093 0.791876
0.754181 0.851976 0.143909 0.574005 0.483516 0.784809 0.542989 0.987692 0.201976 0.642876 0.324926 0.915609 0.870308 0.983801 0.373968 0.840227 0.721126 0.991575 0.813003 0.963234 0.956507 0.968473 0.929249 0.872831 0.938716 0.948652 0.988184 0.0498668 0.991586 0.657053 0.96395 0.963979 0.306616 0.101421 0.467132 0.729571 0.963285 0.645681 0.649912 0.573347 0.695441 0.785834 0.66236 0.708326 0.992844 0.312368 0.133453 0.966728 0.687584 0.111004 0.012413 0.00446 0.677743 0.0515884 0.0101096 0.14239 0.0255174 0.332183 0.102035 0.0522464 0.735035 0.533368 0.728899 0.00305076 0.85497 0.0654856 0.101935 0.71203 0.860767 0.537591 0.113442 0.993872 0.509404 0.0838501 0.0883677 0.292438 0.0471924 0.0818812 0.00304751 0.0202592 0.0124398 0.135494 0.0164965 0.148122 0.678124 0.0208059 0.864792 0.0282528 0.00578451 0.158011 0.0701646 0.0297419 0.562768 0.101719 0.13364 0.0247559 0.0655177 0.0843556 0.0427512 0.793122
0.75337 0.852423 0.143771 0.571284 0.485038 0.783118 0.540297 0.987747 0.201895 0.643471 0.322265 0.916261 0.870397 0.983912 0.372621 0.840353 0.719616 0.991584 0.814596 0.963335 0.956872 0.968868 0.929988 0.873186 0.939345 0.949045 0.988232 0.0493217 0.991595 0.653794 0.963931 0.963955 0.303926 0.10074 0.466176 0.729607 0.96338 0.646412 0.651743 0.570619 0.693887 0.78695 0.663144 0.706845 0.992851 0.310874 0.133455 0.966805 0.688147 0.109963 0.0122508 0.00442651 0.68003 0.0510068 0.0101091 0.141924 0.0255122 0.334742 0.101074 0.0516141 0.736864 0.534214 0.73085 0.00304634 0.855489 0.0652492 0.101805 0.714739 0.862219 0.541021 0.113272 0.993941 0.508034 0.0829497 0.0884965 0.294951 0.0466785 0.0815407 0.00304317 0.0200839 0.0124342 0.136827 0.016444 0.149398 0.680377 0.0208157 0.8662 0.0280135 0.0057575 0.157789 0.0710599 0.0294122 0.564137 0.100759 0.133644 0.0245347 0.0652781 0.0843819 0.0424968 0.79438
0.752557 0.852862 0.143594 0.568526 0.486568 0.781398 0.537597 0.9878 0.201837 0.644105 0.319598 0.916885 0.870484 0.984024 0.371267 0.84053 0.718083 0.991594 0.816156 0.963427 0.957233 0.969259 0.930721 0.873562 0.939966 0.949444 0.988276 0.0487844 0.991605 0.650467 0.963915 0.963937 0.301215 0.100061 0.465193 0.729695 0.963476 0.647155 0.653621 0.567835 0.692336 0.788097 0.663914 0.705332 0.992859 0.309307 0.13348 0.96688 0.688655 0.108933 0.0120934 0.00439371 0.682285 0.0504257 0.0101105 0.141455 0.0255116 0.337303 0.100114 0.0510014 0.738721 0.535051 0.732783 0.0030429 0.855992 0.0650163 0.101677 0.717439 0.863668 0.544532 0.113111 0.994011 0.506639 0.0820478 0.0886246 0.297474 0.0461727 0.0811818 0.00303892 0.0199071 0.01243 0.138171 0.0163926 0.150696 0.682651 0.0208226 0.867619 0.0277777 0.00573133 0.157547 0.0719847 0.0290872 0.565548 0.0998244 0.133644 0.0243168 0.0650394 0.0844318 0.0422404 0.795647
0.751721 0.853304 0.143421 0.565733 0.48818 0.779664 0.534846 0.987854 0.201768 0.644722 0.316927 0.917526 0.870593 0.984133 0.369932 0.840701 0.716529 0.991603 0.817749 0.963519 0.957594 0.96965 0.931452 0.873932 0.940584 0.949832 0.988325 0.0482535 0.991614 0.647095 0.9639 0.963924 0.298521 0.0993845 0.464264 0.729773 0.963571 0.647873 0.655465 0.565025 0.690736 0.789257 0.664709 0.703785 0.992866 0.307722 0.133508 0.96696 0.689194 0.107909 0.0119349 0.00436121 0.684567 0.0498589 0.0101106 0.140971 0.0255087 0.33991 0.0991629 0.0503924 0.740545 0.535913 0.734739 0.00303878 0.856531 0.0647835 0.101564 0.720148 0.865105 0.548003 0.112938 0.994079 0.505202 0.0811451 0.0887492 0.300018 0.0456706 0.0808452 0.00303468 0.0197331 0.0124228 0.13953 0.0163467 0.151992 0.684921 0.0208313 0.869024 0.027541 0.00570459 0.157295 0.0729317 0.0287628 0.566923 0.0988766 0.133635 0.0240996 0.0647909 0.0844799 0.0419816 0.796887
0.750901 0.853747 0.143262 0.562908 0.489814 0.77789 0.532072 0.987909 0.201714 0.645282 0.314232 0.918151 0.870695 0.984243 0.368588 0.840872 0.714939 0.991612 0.819332 0.963617 0.957941 0.97003 0.932165 0.874314 0.9412 0.950228 0.988374 0.047717 0.991623 0.643709 0.963887 0.963908 0.295803 0.0987223 0.463276 0.729842 0.963665 0.648617 0.657346 0.562207 0.689128 0.790403 0.665526 0.702215 0.992872 0.30616 0.133549 0.96704 0.689752 0.106899 0.0117761 0.00432894 0.68682 0.049291 0.0101102 0.140496 0.0255023 0.342592 0.0982157 0.0497865 0.742399 0.536787 0.736691 0.00303512 0.857072 0.0645404 0.10143 0.722836 0.866538 0.551502 0.112741 0.994146 0.503676 0.0802423 0.0888746 0.302639 0.0451721 0.0804833 0.00303069 0.0195622 0.0124182 0.140917 0.0162953 0.153311 0.687192 0.020837 0.870417 0.0273087 0.00567886 0.15706 0.0738984 0.0284424 0.568333 0.0979397 0.133627 0.0238801 0.0645484 0.0845281 0.0417241 0.798161
0.75001 0.854189 0.143093 0.560061 0.491452 0.776094 0.529302 0.987964 0.201612 0.645905 0.311577 0.918767 0.870819 0.984351 0.367214 0.841035 0.71336 0.99162 0.820909 0.96372 0.95829 0.970403 0.932876 0.874715 0.941816 0.950621 0.988418 0.0471853 0.991631 0.640273 0.96387 0.963893 0.293086 0.0980541 0.462263 0.729942 0.963764 0.649351 0.659236 0.559368 0.687518 0.791544 0.666386 0.700638 0.992879 0.304531 0.133601 0.967116 0.690319 0.105884 0.0116197 0.00429637 0.689088 0.0487253 0.0101104 0.140005 0.0254998 0.345313 0.0972945 0.0491921 0.744255 0.537704 0.738675 0.00303138 0.857611 0.0643037 0.101291 0.725567 0.867952 0.555006 0.112531 0.994214 0.502157 0.0793497 0.0890085 0.3053 0.044673 0.0801265 0.00302678 0.0193918 0.0124116 0.142344 0.0162463 0.154662 0.689472 0.0208389 0.871834 0.0270737 0.00565285 0.156818 0.0748722 0.0281287 0.569759 0.0970031 0.133624 0.0236635 0.0643164 0.0845905 0.0414675 0.799437
0.749149 0.854602 0.142878 0.557229 0.493091 0.774243 0.526506 0.98802 0.201504 0.64652 0.308895 0.919387 0.87095 0.984457 0.365815 0.841225 0.711723 0.991629 0.822487 0.963819 0.958634 0.970777 0.933597 0.875088 0.942418 0.951013 0.988465 0.0466586 0.99164 0.636833 0.963861 0.963886 0.290358 0.0973905 0.461209 0.730033 0.963852 0.650102 0.661092 0.556488 0.685888 0.792686 0.667248 0.699015 0.992885 0.302924 0.133682 0.967197 0.690909 0.104879 0.0114667 0.00426452 0.69136 0.0481706 0.0101123 0.139522 0.0254938 0.348064 0.0963742 0.0486011 0.746116 0.538636 0.740642 0.00302737 0.858151 0.0640656 0.101145 0.728222 0.86939 0.558518 0.112326 0.99428 0.500567 0.0784591 0.0891178 0.308028 0.0441821 0.0797625 0.00302295 0.0192244 0.0124041 0.143779 0.0161967 0.15601 0.691752 0.0208443 0.873223 0.0268442 0.0056264 0.156562 0.0758812 0.0278155 0.571183 0.0960732 0.133631 0.0234482 0.0640786 0.0846501 0.0412125 0.800712
0.748266 0.855027 0.142675 0.55433 0.494766 0.77237 0.523691 0.988072 0.20142 0.647127 0.306198 0.920009 0.871067 0.984563 0.364446 0.841408 0.710065 0.991637 0.82407 0.963913 0.958973 0.97115 0.934306 0.875481 0.943024 0.951403 0.988512 0.0461416 0.991649 0.63331 0.963853 0.963871 0.287639 0.0967158 0.460174 0.730126 0.96395 0.650886 0.662983 0.553603 0.684285 0.79383 0.668135 0.697403 0.992893 0.30131 0.133741 0.967273 0.691438 0.103858 0.011317 0.00423352 0.693663 0.0476233 0.0101114 0.139012 0.0254889 0.350835 0.0954653 0.0480044 0.748009 0.539569 0.742613 0.00302375 0.858717 0.0638217 0.101016 0.730883 0.870811 0.562088 0.112104 0.994347 0.499018 0.0775734 0.0892206 0.310781 0.0436995 0.0794154 0.00301903 0.0190589 0.0123976 0.145244 0.016148 0.157387 0.69405 0.0208474 0.874614 0.0266187 0.00560005 0.156279 0.0769109 0.0275082 0.572679 0.0951694 0.133587 0.0232402 0.0638356 0.0847324 0.0409612 0.802007
0.747337 0.855482 0.142464 0.55146 0.496442 0.770462 0.520817 0.988124 0.201293 0.647773 0.303479 0.920632 0.871207 0.984671 0.363077 0.841604 0.708426 0.991646 0.82565 0.964009 0.959309 0.971509 0.935 0.875874 0.943613 0.951789 0.988559 0.0456338 0.991657 0.629763 0.963842 0.963866 0.284884 0.096054 0.459122 0.730228 0.964039 0.651682 0.664833 0.550643 0.682627 0.794979 0.668994 0.695766 0.992899 0.299645 0.133813 0.967348 0.691972 0.102879 0.0111678 0.00420297 0.695942 0.0470795 0.0101108 0.138521 0.0254813 0.353667 0.0945611 0.0474138 0.749871 0.540505 0.74457 0.0030201 0.85927 0.0635819 0.100877 0.733568 0.872216 0.565663 0.111887 0.994411 0.497423 0.0766905 0.0893174 0.313571 0.043223 0.079052 0.0030153 0.0188947 0.0123939 0.146715 0.0160989 0.158811 0.696326 0.0208522 0.876021 0.0263913 0.00557232 0.156009 0.0779736 0.0272039 0.574166 0.0942606 0.133561 0.0230328 0.0635977 0.0848244 0.0407103 0.803281
0.746429 0.855953 0.142228 0.548472 0.498145 0.768556 0.517914 0.988176 0.201202 0.64842 0.300775 0.921258 0.871367 0.984779 0.361632 0.841809 0.706716 0.991654 0.827207 0.964103 0.959652 0.97187 0.935688 0.876264 0.94421 0.952169 0.988606 0.045121 0.991667 0.626197 0.963835 0.963856 0.282172 0.0953899 0.458031 0.730322 0.964133 0.652505 0.666666 0.547692 0.680957 0.796143 0.66991 0.694089 0.992905 0.297986 0.133891 0.967428 0.692533 0.101888 0.0110209 0.00417155 0.69821 0.0465412 0.0101105 0.137992 0.0254735 0.356539 0.0936772 0.046837 0.751747 0.541505 0.746559 0.00301669 0.859826 0.063336 0.100719 0.736219 0.873616 0.569272 0.111644 0.994474 0.495802 0.0758131 0.0894066 0.316403 0.0427454 0.0786908 0.00301182 0.0187295 0.012388 0.148204 0.0160541 0.160227 0.698615 0.0208518 0.877432 0.0261709 0.00554625 0.15571 0.079048 0.0269039 0.57567 0.0933643 0.133525 0.0228272 0.06335 0.0849176 0.0404613 0.804539
0.745436 0.85642 0.142002 0.545494 0.499817 0.76662 0.515008 0.988231 0.201071 0.649047 0.298068 0.921877 0.871508 0.984888 0.360226 0.842009 0.705008 0.991662 0.828782 0.964192 0.95999 0.972222 0.936383 0.876675 0.944792 0.952543 0.988651 0.0446243 0.991676 0.622571 0.963833 0.963845 0.279411 0.0947315 0.456897 0.730429 0.964226 0.653335 0.668506 0.544688 0.679303 0.797298 0.670816 0.692395 0.992912 0.296291 0.133977 0.967508 0.693106 0.100898 0.010874 0.00414182 0.700512 0.0460046 0.0101099 0.13748 0.025462 0.359424 0.0927865 0.0462676 0.753621 0.542501 0.748537 0.00301293 0.860366 0.0630921 0.100569 0.738891 0.875007 0.572866 0.111406 0.994538 0.494129 0.0749545 0.0894984 0.319241 0.042277 0.0783197 0.00300836 0.01857 0.0123837 0.149737 0.0160055 0.161678 0.700903 0.020855 0.878841 0.0259488 0.00551962 0.15544 0.0801473 0.0266072 0.577194 0.092472 0.133512 0.022625 0.0631189 0.0850176 0.0402065 0.805831
0.744453 0.856886 0.141745 0.542497 0.501564 0.764688 0.512079 0.988285 0.200936 0.649649 0.295344 0.922489 0.871688 0.984995 0.358823 0.842217 0.703331 0.99167 0.830325 0.964283 0.96032 0.972569 0.937085 0.877072 0.94537 0.952914 0.988699 0.0441207 0.991685 0.618867 0.963823 0.963843 0.276643 0.0940693 0.455742 0.730533 0.964321 0.654152 0.670363 0.541629 0.677601 0.798458 0.671737 0.690663 0.992917 0.294568 0.134107 0.967586 0.693632 0.0999031 0.0107296 0.00411195 0.702816 0.0454695 0.0101077 0.136925 0.0254518 0.362371 0.0919107 0.045702 0.755508 0.543517 0.750525 0.00300896 0.860935 0.0628453 0.100406 0.74159 0.876398 0.576522 0.111154 0.9946 0.492424 0.0740934 0.0895821 0.32213 0.0418098 0.0779498 0.00300442 0.0184127 0.0123807 0.15131 0.0159621 0.16316 0.703172 0.020855 0.880225 0.0257308 0.0054929 0.155159 0.0812727 0.0263131 0.578718 0.0915884 0.133501 0.0224191 0.0628739 0.085124 0.0399518 0.8071
0.743403 0.857343 0.141469 0.539451 0.503287 0.762714 0.50906 0.988338 0.200809 0.650309 0.292606 0.923117 0.871872 0.985101 0.357373 0.842458 0.701578 0.991676 0.83187 0.964368 0.960642 0.972913 0.937775 0.877485 0.945934 0.953282 0.988745 0.0436276 0.991692 0.615161 0.96382 0.963836 0.273922 0.0934086 0.454598 0.730671 0.964413 0.655002 0.672162 0.538501 0.675872 0.799619 0.672676 0.688899 0.992924 0.292885 0.134224 0.967671 0.694212 0.098926 0.0105861 0.0040817 0.705125 0.0449425 0.0101085 0.136388 0.0254403 0.365357 0.0910484 0.045141 0.757394 0.544589 0.752499 0.00300568 0.861498 0.0625933 0.100251 0.744255 0.877788 0.580173 0.110895 0.994662 0.490693 0.0732424 0.0896662 0.325101 0.0413469 0.0775692 0.00300083 0.0182553 0.012378 0.152899 0.015916 0.164658 0.70552 0.0208516 0.881613 0.0255182 0.00546623 0.154858 0.082417 0.0260212 0.580317 0.0907262 0.133486 0.0222146 0.0626322 0.0852533 0.0396996 0.808389
0.742353 0.857842 0.141193 0.536349 0.505074 0.760713 0.505982 0.988392 0.200681 0.650952 0.289867 0.923732 0.872058 0.985205 0.355934 0.842684 0.699825 0.991684 0.833422 0.964453 0.960962 0.973255 0.938452 0.877888 0.946502 0.953642 0.98879 0.0431379 0.991699 0.611439 0.963819 0.963835 0.271155 0.0927696 0.453398 0.730832 0.964498 0.655834 0.674003 0.535371 0.674136 0.800775 0.673617 0.687069 0.992931 0.291096 0.134348 0.967756 0.694755 0.0979426 0.0104438 0.00405249 0.707472 0.0444217 0.0101097 0.13585 0.0254206 0.368334 0.09018 0.0445899 0.759305 0.545713 0.754481 0.00300225 0.862055 0.0623477 0.100074 0.746911 0.879157 0.58386 0.110623 0.994723 0.488993 0.0723855 0.0897517 0.32808 0.0408857 0.0772037 0.0029971 0.0181004 0.0123724 0.154522 0.0158714 0.166182 0.707854 0.0208537 0.882998 0.0253046 0.0054399 0.154534 0.0835977 0.0257314 0.581919 0.0898627 0.133467 0.0220161 0.062379 0.0853703 0.0394496 0.809658
0.741308 0.858319 0.140904 0.53319 0.506851 0.758677 0.502931 0.988444 0.20056 0.651593 0.287181 0.92434 0.872234 0.98531 0.354471 0.842923 0.69804 0.991694 0.834981 0.964539 0.96128 0.973589 0.939121 0.878283 0.947062 0.954011 0.988835 0.0426486 0.991709 0.607659 0.963819 0.963836 0.268369 0.0921045 0.452166 0.730984 0.964583 0.656724 0.67578 0.532196 0.672377 0.801939 0.674578 0.685228 0.992937 0.2893 0.134482 0.967843 0.695364 0.0969844 0.0103026 0.0040236 0.709821 0.0439132 0.010109 0.135332 0.0254063 0.371383 0.0893222 0.0440379 0.761234 0.546828 0.756477 0.00299864 0.862621 0.0620887 0.0998987 0.749625 0.880531 0.58755 0.110353 0.994782 0.487261 0.0715568 0.0898145 0.33112 0.0404355 0.0768324 0.00299321 0.0179486 0.0123665 0.15616 0.0158284 0.167712 0.71018 0.0208498 0.884389 0.0250931 0.00541461 0.154227 0.0848076 0.0254422 0.583536 0.0890242 0.133431 0.0218191 0.06213 0.0854999 0.0392022 0.810918
0.740228 0.858796 0.140612 0.530041 0.508606 0.756578 0.499828 0.988501 0.200422 0.652253 0.284438 0.924951 0.872408 0.985413 0.353026 0.84316 0.696241 0.991701 0.836512 0.964624 0.96159 0.973921 0.93979 0.878696 0.947618 0.954365 0.988881 0.0421597 0.991715 0.603859 0.963816 0.963831 0.265649 0.0914487 0.450928 0.731134 0.964673 0.657633 0.677549 0.529028 0.670598 0.803121 0.67555 0.683406 0.992942 0.287517 0.13462 0.967926 0.695988 0.0960234 0.0101635 0.0039948 0.712168 0.0433954 0.010112 0.134788 0.0253885 0.374483 0.0884769 0.043493 0.763165 0.547944 0.758453 0.00299543 0.863194 0.0618421 0.0997312 0.752286 0.881897 0.591287 0.110075 0.994841 0.485484 0.0707197 0.0898862 0.334186 0.0399932 0.0764549 0.00298977 0.0177971 0.0123614 0.157847 0.015786 0.16929 0.712526 0.0208485 0.885774 0.0248788 0.00538767 0.153927 0.0860261 0.0251566 0.585183 0.0881802 0.133387 0.0216239 0.0618823 0.0856541 0.0389526 0.812184
0.739078 0.859287 0.140305 0.526848 0.510427 0.754468 0.49675 0.988551 0.200271 0.652886 0.281692 0.925556 0.872636 0.985517 0.351575 0.84338 0.694402 0.991709 0.838019 0.964706 0.961902 0.974252 0.940453 0.879101 0.94816 0.954722 0.988926 0.0416733 0.991723 0.599967 0.963818 0.963832 0.262908 0.0907942 0.449646 0.731297 0.964756 0.658566 0.679355 0.52579 0.668822 0.804293 0.676552 0.681522 0.992949 0.28572 0.134773 0.96801 0.696546 0.0950731 0.0100266 0.00396609 0.71449 0.0428762 0.0101135 0.134252 0.025372 0.377624 0.0876473 0.0429509 0.765081 0.549069 0.760473 0.00299219 0.863778 0.0615927 0.099549 0.754956 0.883249 0.594975 0.109788 0.9949 0.483681 0.0698842 0.0899478 0.33734 0.0395529 0.0760749 0.00298629 0.017646 0.0123538 0.15956 0.0157409 0.170884 0.714872 0.0208422 0.887156 0.0246712 0.00536073 0.153599 0.0872697 0.0248738 0.586841 0.0873568 0.133359 0.0214289 0.0616328 0.0858029 0.0387007 0.813447
0.737937 0.859766 0.139987 0.523619 0.512231 0.75233 0.493602 0.988605 0.200127 0.653539 0.278968 0.926168 0.87284 0.98562 0.350076 0.843613 0.692532 0.991716 0.839557 0.964789 0.962207 0.97458 0.941104 0.879522 0.948702 0.955076 0.988973 0.041201 0.991731 0.596048 0.963825 0.963833 0.26011 0.0901511 0.448313 0.731503 0.964843 0.659441 0.681171 0.522532 0.667066 0.805482 0.677586 0.679631 0.992955 0.283879 0.134951 0.9681 0.697135 0.0941227 0.00988986 0.00393837 0.716818 0.0423785 0.010113 0.133678 0.0253527 0.380801 0.0868239 0.0424143 0.766968 0.550246 0.762479 0.00298928 0.86437 0.0613414 0.0993595 0.757604 0.884605 0.598722 0.109491 0.994959 0.481815 0.0690513 0.0900122 0.340503 0.0391141 0.0756961 0.00298358 0.0174971 0.0123484 0.161308 0.0156988 0.172502 0.717204 0.0208349 0.888511 0.0244624 0.00533434 0.153225 0.0885468 0.0245942 0.588555 0.0865394 0.133296 0.0212368 0.061375 0.0859637 0.0384536 0.814715
0.736801 0.860252 0.139658 0.520312 0.514113 0.750129 0.490445 0.988657 0.19997 0.654203 0.276215 0.92678 0.873073 0.985724 0.348562 0.843885 0.690676 0.991724 0.841106 0.964875 0.962511 0.974904 0.94176 0.879923 0.949239 0.95543 0.989017 0.0407298 0.991739 0.592104 0.963827 0.963838 0.257369 0.0895148 0.446979 0.731699 0.964926 0.660376 0.682936 0.519201 0.665199 0.806666 0.67859 0.677706 0.992961 0.282057 0.135115 0.96818 0.69771 0.0931719 0.00975226 0.00391105 0.719149 0.0418799 0.0101149 0.133107 0.0253327 0.384045 0.0860055 0.0418808 0.768868 0.551466 0.764512 0.00298591 0.864952 0.0610897 0.0991795 0.760272 0.88595 0.602506 0.109192 0.995016 0.479949 0.068234 0.0900583 0.343755 0.0386796 0.0753059 0.00298065 0.017346 0.0123414 0.163087 0.015653 0.174173 0.719579 0.0208272 0.889874 0.0242585 0.00530726 0.152907 0.0898678 0.0243197 0.59022 0.085704 0.133273 0.0210467 0.0611154 0.086127 0.0382092 0.815978
0.735617 0.860743 0.139326 0.516994 0.515918 0.747936 0.487228 0.988711 0.199819 0.654881 0.273487 0.927388 0.873293 0.985827 0.347077 0.844144 0.68879 0.991733 0.842623 0.964961 0.962809 0.97522 0.942394 0.88033 0.949768 0.955771 0.989064 0.0402683 0.991746 0.58814 0.963835 0.963849 0.25463 0.0888614 0.445612 0.73191 0.965003 0.661338 0.684739 0.515855 0.663348 0.80788 0.679623 0.675765 0.992967 0.280237 0.135327 0.968266 0.698296 0.0922231 0.0096215 0.00388386 0.721484 0.0413796 0.0101155 0.132532 0.0253071 0.387306 0.0851906 0.0413666 0.770799 0.552687 0.766501 0.00298295 0.865558 0.0608254 0.0989831 0.762898 0.887288 0.606299 0.108875 0.995073 0.477973 0.0674165 0.0900903 0.347005 0.038256 0.074927 0.00297783 0.0172013 0.012335 0.164865 0.01561 0.17585 0.721889 0.0208176 0.891242 0.0240566 0.00527983 0.152573 0.0912145 0.0240479 0.591927 0.0848913 0.133235 0.0208593 0.0608617 0.0863012 0.0379621 0.817236
0.734406 0.861228 0.138966 0.513643 0.517773 0.745673 0.483994 0.988765 0.199642 0.655525 0.270743 0.927994 0.873534 0.985928 0.345531 0.844401 0.686886 0.991741 0.844114 0.965048 0.963103 0.975535 0.943029 0.880747 0.95029 0.956111 0.989111 0.0398062 0.991755 0.584137 0.963838 0.963858 0.251882 0.0882326 0.444208 0.732127 0.965091 0.662356 0.686517 0.512495 0.661472 0.809054 0.680656 0.673765 0.992973 0.278349 0.135535 0.968358 0.698874 0.0912619 0.00949082 0.00385729 0.723813 0.0408812 0.0101165 0.131954 0.0252828 0.390605 0.0843807 0.0408511 0.772736 0.553932 0.768495 0.00298025 0.866144 0.0605678 0.0987821 0.765558 0.888614 0.610059 0.10855 0.995129 0.476018 0.0666007 0.0901184 0.350309 0.0378328 0.0745519 0.00297544 0.0170581 0.0123274 0.166698 0.0155689 0.177559 0.724236 0.0208101 0.892622 0.0238532 0.00525367 0.1522 0.0925766 0.0237805 0.593668 0.0840992 0.133161 0.0206721 0.0606055 0.0864942 0.0377119 0.81851
0.733138 0.861727 0.138583 0.51027 0.519623 0.743409 0.480731 0.988818 0.19946 0.656212 0.268003 0.928608 0.873807 0.986028 0.344033 0.844667 0.684962 0.991749 0.845614 0.96513 0.963393 0.975842 0.943672 0.881178 0.950807 0.956458 0.989157 0.039349 0.991763 0.580137 0.963847 0.963867 0.249125 0.087608 0.442766 0.732346 0.965175 0.663372 0.688285 0.509127 0.65958 0.810265 0.6817 0.671803 0.99298 0.276469 0.135745 0.968444 0.699463 0.0903278 0.00935924 0.00383066 0.72616 0.040387 0.0101174 0.131336 0.0252556 0.39397 0.0835859 0.0403434 0.774657 0.555249 0.770501 0.00297796 0.866755 0.060302 0.0985948 0.768196 0.889926 0.613829 0.108198 0.995185 0.474034 0.0658015 0.0901487 0.353658 0.0374178 0.0741488 0.0029728 0.0169143 0.0123209 0.168559 0.0155253 0.179297 0.726586 0.0208014 0.894 0.0236541 0.00522778 0.151818 0.0939761 0.0235092 0.595487 0.0833121 0.133111 0.0204887 0.0603588 0.0866916 0.037457 0.81978
0.731857 0.862241 0.138221 0.506867 0.521521 0.741119 0.477453 0.988873 0.199279 0.656886 0.265245 0.929208 0.874087 0.986128 0.342512 0.844951 0.683009 0.991757 0.847112 0.965215 0.963684 0.976147 0.944302 0.881613 0.95132 0.956797 0.989203 0.0388897 0.991771 0.576028 0.963859 0.963883 0.246372 0.0869779 0.441297 0.732553 0.96525 0.664355 0.690028 0.505722 0.657681 0.811455 0.682756 0.669802 0.992984 0.274568 0.135969 0.968533 0.70001 0.0894173 0.00923078 0.0038046 0.728503 0.0399053 0.0101174 0.130755 0.0252312 0.397361 0.0827936 0.03984 0.776581 0.556516 0.772532 0.00297546 0.867341 0.0600463 0.0984046 0.770835 0.891226 0.617655 0.107842 0.995239 0.472016 0.0649986 0.0901794 0.357059 0.0370102 0.0737619 0.0029702 0.0167733 0.0123135 0.17045 0.0154838 0.181055 0.728923 0.0207901 0.895351 0.0234566 0.00520138 0.151432 0.0954166 0.0232448 0.597255 0.0825191 0.133034 0.0203054 0.0600999 0.0868917 0.0372074 0.821056
0.730572 0.862741 0.137823 0.503405 0.523424 0.738771 0.474163 0.988924 0.199079 0.657547 0.262505 0.929812 0.874351 0.986228 0.340965 0.845215 0.681008 0.991765 0.848596 0.965291 0.963978 0.976447 0.94493 0.882034 0.951826 0.95713 0.989249 0.0384349 0.991779 0.571911 0.963874 0.963901 0.243606 0.0863598 0.439793 0.732794 0.965327 0.665382 0.691786 0.502268 0.655754 0.812674 0.683896 0.667735 0.99299 0.272657 0.136201 0.968622 0.700595 0.0885051 0.00910487 0.00377885 0.730855 0.039423 0.0101174 0.13017 0.0251992 0.400798 0.0820011 0.0393378 0.778487 0.557874 0.774532 0.0029723 0.867921 0.0597879 0.0981815 0.773452 0.892531 0.621492 0.107477 0.995295 0.469991 0.0642134 0.0901839 0.360509 0.0365934 0.0733805 0.00296755 0.0166344 0.0123079 0.172375 0.0154431 0.182833 0.731284 0.0207786 0.89671 0.02326 0.00517672 0.151056 0.0968982 0.0229823 0.599069 0.0817386 0.132958 0.020124 0.0598367 0.0871034 0.0369622 0.822336
0.729294 0.863252 0.137411 0.499961 0.525367 0.736402 0.470808 0.988974 0.198839 0.658234 0.25974 0.930402 0.874617 0.986326 0.339429 0.845488 0.678967 0.991772 0.850106 0.965366 0.964269 0.976749 0.945552 0.882481 0.952322 0.957467 0.989298 0.0379868 0.991785 0.567765 0.963889 0.963913 0.240861 0.0857389 0.438295 0.733039 0.965404 0.666395 0.693481 0.498832 0.653787 0.813896 0.685002 0.665644 0.992994 0.270734 0.136435 0.968709 0.701181 0.0875878 0.00897901 0.00375307 0.73324 0.0389587 0.0101188 0.129577 0.0251652 0.404309 0.0812387 0.0388399 0.780414 0.559249 0.776558 0.00296961 0.868534 0.0595298 0.0979912 0.776062 0.893837 0.625351 0.107106 0.995348 0.467912 0.0634283 0.090197 0.364051 0.0361812 0.0729914 0.0029647 0.016496 0.0123013 0.174341 0.0154047 0.184644 0.733603 0.0207675 0.898054 0.0230648 0.00515043 0.15067 0.0983917 0.0227279 0.600914 0.080978 0.132878 0.0199476 0.0595825 0.0873358 0.0367132 0.823607
0.727961 0.863757 0.136995 0.496452 0.527305 0.73404 0.467427 0.989029 0.19863 0.658927 0.257004 0.930997 0.874917 0.986422 0.337894 0.845814 0.676964 0.99178 0.851595 0.965445 0.964546 0.977044 0.946159 0.882902 0.952825 0.957795 0.989345 0.0375442 0.991793 0.563626 0.963902 0.963933 0.238126 0.0851103 0.436815 0.733298 0.965488 0.66745 0.695254 0.495297 0.651804 0.815078 0.686172 0.663485 0.992997 0.268812 0.136692 0.9688 0.701784 0.0866727 0.00885438 0.00372828 0.735592 0.0384792 0.0101192 0.128984 0.0251363 0.407827 0.0804829 0.0383484 0.782345 0.560619 0.7786 0.00296696 0.869162 0.0592661 0.0977835 0.778678 0.895135 0.629184 0.106722 0.995401 0.465842 0.0626448 0.0902135 0.367616 0.0357803 0.0726033 0.00296235 0.0163574 0.0122954 0.176325 0.0153647 0.186486 0.735959 0.0207552 0.89942 0.0228682 0.0051241 0.150243 0.0999127 0.022471 0.602783 0.0802206 0.132801 0.0197718 0.0593055 0.0875844 0.036465 0.824857
0.726582 0.864276 0.136558 0.492918 0.529258 0.731625 0.464052 0.98908 0.198393 0.659644 0.254249 0.9316 0.87521 0.986522 0.336287 0.846116 0.674929 0.991787 0.853059 0.965531 0.964824 0.977333 0.946765 0.883342 0.953322 0.958123 0.98939 0.0371065 0.991798 0.559406 0.963923 0.963955 0.235372 0.0844812 0.435265 0.733592 0.965565 0.668531 0.696982 0.491723 0.649833 0.816291 0.687314 0.661342 0.993001 0.266857 0.136981 0.968894 0.702375 0.0857698 0.00873108 0.00370316 0.737956 0.0380126 0.0101204 0.128382 0.025107 0.411398 0.0797232 0.0378668 0.784277 0.562016 0.780636 0.00296465 0.86978 0.0590118 0.0975624 0.781245 0.896417 0.633049 0.106334 0.995453 0.4637 0.0618778 0.0902137 0.371269 0.0353763 0.0722121 0.0029606 0.0162219 0.0122888 0.17834 0.0153266 0.188379 0.738345 0.0207467 0.900763 0.0226744 0.00509768 0.14984 0.101491 0.0222189 0.604676 0.0794675 0.132725 0.0195968 0.0590455 0.087828 0.0362254 0.826104
0.725196 0.864819 0.136126 0.489356 0.53125 0.729146 0.460642 0.989134 0.198133 0.660336 0.25148 0.932195 0.87552 0.986621 0.334715 0.846427 0.672849 0.991794 0.85452 0.965603 0.965098 0.977623 0.94736 0.883791 0.953802 0.958447 0.989436 0.0366774 0.991804 0.555119 0.963942 0.963977 0.232638 0.0838649 0.433637 0.733881 0.965644 0.66965 0.698708 0.48811 0.647838 0.817501 0.688516 0.659197 0.993006 0.264879 0.137252 0.968994 0.702971 0.0848705 0.00860864 0.00367838 0.740301 0.0375516 0.0101198 0.127756 0.0250733 0.415018 0.0789696 0.0373829 0.786235 0.563432 0.782651 0.00296194 0.870399 0.0587401 0.0973524 0.78383 0.897701 0.636948 0.10595 0.995504 0.46151 0.061103 0.0902119 0.374964 0.0349836 0.0718044 0.00295806 0.0160887 0.0122816 0.180428 0.015287 0.190298 0.740709 0.0207325 0.902105 0.0224822 0.00507204 0.149421 0.103089 0.0219707 0.606565 0.0787278 0.132637 0.0194206 0.0587664 0.0881 0.0359721 0.827369
0.723785 0.865353 0.135675 0.485793 0.533251 0.726656 0.457194 0.989185 0.197885 0.661066 0.248731 0.932795 0.875842 0.986717 0.333137 0.846728 0.670754 0.991801 0.855987 0.965679 0.965369 0.977906 0.94796 0.884235 0.954294 0.958771 0.989485 0.0362413 0.991811 0.550819 0.963973 0.964001 0.22989 0.0832539 0.432068 0.734191 0.965725 0.670761 0.700431 0.484485 0.645823 0.81874 0.689668 0.65698 0.99301 0.262856 0.137557 0.969092 0.703551 0.0839614 0.00849065 0.00365419 0.74267 0.0370983 0.0101208 0.127111 0.0250378 0.418689 0.0782315 0.0369095 0.788157 0.564883 0.784695 0.0029599 0.871029 0.0584839 0.0971185 0.786425 0.898952 0.640799 0.105535 0.995556 0.459279 0.0603336 0.0902044 0.378665 0.0345934 0.0714102 0.00295548 0.0159572 0.0122739 0.182526 0.0152488 0.192214 0.743063 0.0207137 0.90345 0.0223024 0.00504639 0.149017 0.104737 0.0217224 0.608511 0.077984 0.132551 0.0192483 0.0584965 0.088362 0.0357295 0.828606
0.72235 0.865897 0.13521 0.482145 0.535228 0.724124 0.453704 0.989241 0.197618 0.66178 0.245947 0.933385 0.876166 0.986813 0.331552 0.84703 0.668593 0.991811 0.857426 0.965754 0.965644 0.978182 0.948553 0.884684 0.954776 0.959089 0.989532 0.0358182 0.991819 0.546456 0.963998 0.964026 0.227166 0.0826434 0.430464 0.734507 0.965798 0.671876 0.702164 0.480812 0.643784 0.819968 0.690885 0.654745 0.993014 0.260834 0.137866 0.969188 0.704131 0.0830682 0.00837211 0.00362972 0.745044 0.0366454 0.0101222 0.126488 0.0250001 0.422373 0.0775058 0.0364402 0.790079 0.56642 0.786707 0.00295744 0.871661 0.0582112 0.0969042 0.788983 0.900204 0.644676 0.105128 0.995607 0.457069 0.0595854 0.0901818 0.382456 0.0342062 0.0710109 0.00295299 0.0158256 0.0122663 0.184665 0.0152118 0.194176 0.745404 0.0206958 0.904772 0.0221182 0.00501977 0.148588 0.106425 0.0214795 0.610508 0.0772433 0.132455 0.0190787 0.058225 0.0886524 0.0354905 0.829879
0.72085 0.866435 0.134725 0.47846 0.537322 0.721564 0.450133 0.989293 0.197336 0.662486 0.243189 0.933973 0.876507 0.98691 0.329939 0.847356 0.666404 0.991818 0.858885 0.965829 0.965911 0.978455 0.949133 0.885148 0.955248 0.959408 0.989578 0.0353971 0.991828 0.542123 0.964028 0.964041 0.224409 0.0820518 0.428741 0.734808 0.965872 0.673037 0.703911 0.477102 0.64169 0.821176 0.69208 0.652443 0.993017 0.258781 0.138217 0.969284 0.704726 0.0821779 0.0082546 0.003606 0.747419 0.0361955 0.0101238 0.125859 0.0249646 0.426134 0.0767841 0.0359758 0.792026 0.5679 0.788725 0.00295535 0.872289 0.0579463 0.0966595 0.791549 0.901451 0.648617 0.104701 0.995655 0.45478 0.0588278 0.0901531 0.386287 0.0338262 0.0706009 0.00295049 0.0156948 0.0122567 0.186842 0.0151722 0.19618 0.747738 0.0206803 0.906082 0.0219396 0.00499349 0.148155 0.108136 0.0212359 0.612497 0.0765261 0.132361 0.018911 0.0579547 0.088943 0.0352441 0.831136
0.71933 0.866976 0.134234 0.474761 0.539361 0.718959 0.446566 0.989347 0.197034 0.663198 0.240431 0.934571 0.876876 0.987005 0.328343 0.847669 0.664234 0.991823 0.860319 0.965899 0.966173 0.978722 0.949711 0.885603 0.955714 0.959726 0.989625 0.034981 0.991833 0.537738 0.964054 0.964066 0.221712 0.0814477 0.426995 0.735124 0.965943 0.674231 0.705584 0.473322 0.639568 0.822394 0.69332 0.6501 0.99302 0.256753 0.138576 0.96938 0.705352 0.0812895 0.00813897 0.00358205 0.749785 0.0357481 0.0101244 0.125225 0.0249253 0.429945 0.0760698 0.0355254 0.793985 0.569443 0.790775 0.002953 0.87291 0.057675 0.0964269 0.794105 0.90268 0.652509 0.104276 0.995705 0.452466 0.0580813 0.090119 0.390189 0.033448 0.0701993 0.00294837 0.0155661 0.0122499 0.189059 0.0151332 0.198222 0.750139 0.0206601 0.907396 0.0217566 0.00496711 0.147726 0.109894 0.0209956 0.614523 0.075813 0.13224 0.0187417 0.0576782 0.0892496 0.0350046 0.832396
0.717752 0.867526 0.133747 0.471019 0.541407 0.7163 0.443005 0.9894 0.19676 0.663973 0.237675 0.935167 0.877246 0.987099 0.326723 0.848005 0.662027 0.991831 0.861753 0.965974 0.96643 0.978989 0.950283 0.886045 0.956175 0.96004 0.989671 0.0345705 0.991839 0.533292 0.964086 0.964101 0.219018 0.0808297 0.425325 0.735476 0.96602 0.675426 0.707293 0.469555 0.637438 0.823642 0.694577 0.647731 0.993025 0.254713 0.138936 0.969476 0.706003 0.080416 0.00802397 0.00355853 0.752127 0.0353148 0.0101233 0.124566 0.0248828 0.433753 0.0753553 0.0350746 0.795908 0.570991 0.792833 0.00295106 0.873547 0.0574125 0.0962025 0.796653 0.903912 0.656429 0.103846 0.995752 0.45007 0.057335 0.0900888 0.394108 0.0330722 0.0697917 0.00294638 0.0154401 0.0122431 0.191307 0.0150971 0.200318 0.752524 0.0206394 0.908701 0.0215729 0.00494072 0.14728 0.111688 0.0207575 0.616546 0.0751079 0.132114 0.0185751 0.0574095 0.0895773 0.0347647 0.833645
0.716119 0.86805 0.133229 0.46726 0.543486 0.713613 0.439379 0.989453 0.196433 0.664717 0.234922 0.935762 0.877626 0.987194 0.325055 0.848342 0.659791 0.991838 0.863182 0.966047 0.966688 0.979259 0.950857 0.886512 0.95663 0.960353 0.989718 0.0341595 0.991845 0.528789 0.964117 0.964135 0.216319 0.0802447 0.423514 0.735804 0.966097 0.676625 0.70901 0.465766 0.635302 0.824869 0.6958 0.645399 0.993029 0.25259 0.13929 0.969581 0.706623 0.0795733 0.00791166 0.00353501 0.754504 0.0348765 0.0101244 0.123925 0.024841 0.437638 0.0746527 0.0346294 0.797872 0.572565 0.794841 0.00294901 0.874202 0.0571471 0.0959622 0.799183 0.905131 0.660391 0.103402 0.995801 0.447702 0.0566041 0.0900481 0.398155 0.0327044 0.0693861 0.00294415 0.0153127 0.0122361 0.19359 0.0150585 0.202434 0.75488 0.0206212 0.909996 0.0213947 0.00491543 0.146807 0.113542 0.020522 0.618619 0.074416 0.132013 0.0184102 0.0571372 0.0899025 0.034521 0.834914
0.714515 0.868614 0.132702 0.463498 0.545574 0.710899 0.43574 0.989506 0.196166 0.665511 0.232146 0.936349 0.878014 0.987288 0.323412 0.848664 0.657584 0.991845 0.864612 0.966122 0.966945 0.979518 0.951419 0.886964 0.957081 0.960661 0.989765 0.0337514 0.991851 0.524271 0.964156 0.964165 0.213626 0.0796357 0.421696 0.736202 0.966166 0.677842 0.710721 0.461963 0.633121 0.826082 0.697039 0.642992 0.993033 0.250463 0.13969 0.969682 0.707242 0.0787058 0.00780018 0.00351258 0.75686 0.0344483 0.0101255 0.123272 0.0247981 0.44162 0.0739608 0.0341887 0.79982 0.57415 0.796875 0.00294657 0.874843 0.0568703 0.0957047 0.801701 0.90634 0.664303 0.102948 0.995848 0.445287 0.0558691 0.0899981 0.402208 0.0323383 0.0689892 0.00294235 0.0151898 0.0122295 0.195978 0.0150247 0.204572 0.757228 0.0205978 0.911284 0.021219 0.00489019 0.146338 0.115423 0.0202864 0.620687 0.0737266 0.131909 0.0182497 0.0568669 0.0902468 0.0342791 0.83616
0.71286 0.869172 0.132195 0.459621 0.547697 0.708164 0.432091 0.989559 0.195871 0.666239 0.229455 0.936931 0.878398 0.987381 0.321754 0.849027 0.655309 0.991852 0.866035 0.966197 0.967189 0.979772 0.951982 0.887445 0.957525 0.960968 0.989811 0.0333461 0.991858 0.51971 0.964191 0.964198 0.210935 0.0790226 0.419889 0.736539 0.96623 0.679055 0.712432 0.458081 0.630916 0.827305 0.69833 0.640534 0.993037 0.248348 0.140101 0.96978 0.707872 0.077842 0.00769044 0.00348956 0.759253 0.03402 0.0101264 0.122594 0.0247571 0.445601 0.0732681 0.0337517 0.801752 0.575804 0.798937 0.00294471 0.875493 0.0565965 0.0954442 0.804199 0.907537 0.668205 0.10248 0.995894 0.442863 0.0551417 0.0899361 0.406297 0.031975 0.0685812 0.00294084 0.0150666 0.0122208 0.198365 0.0149866 0.206747 0.759569 0.0205743 0.912551 0.0210418 0.0048645 0.145855 0.117349 0.0200578 0.622808 0.0730521 0.131795 0.0180884 0.0565827 0.0906086 0.0340372 0.837413
0.711197 0.869767 0.131626 0.455761 0.549845 0.705395 0.428411 0.989612 0.195549 0.666977 0.226728 0.937517 0.878829 0.987474 0.320076 0.849391 0.652996 0.991858 0.867449 0.966273 0.967441 0.980028 0.952532 0.887926 0.957983 0.961273 0.989858 0.0329405 0.991864 0.515129 0.96423 0.964226 0.208239 0.0784261 0.41803 0.736934 0.966301 0.680338 0.714113 0.454207 0.628694 0.828529 0.69966 0.638053 0.99304 0.246206 0.140501 0.96988 0.708475 0.0769841 0.00758035 0.00346733 0.761615 0.0336013 0.0101278 0.121923 0.0247141 0.449599 0.0725826 0.0333207 0.803658 0.57743 0.800963 0.0029423 0.876146 0.0563217 0.0951957 0.806722 0.908733 0.672161 0.102022 0.99594 0.440392 0.0544333 0.0898704 0.410441 0.0316256 0.0681683 0.00293887 0.0149429 0.0122124 0.20077 0.0149507 0.208952 0.76194 0.0205502 0.91383 0.020867 0.00483877 0.145368 0.119338 0.0198244 0.624975 0.0723776 0.131679 0.0179339 0.0563007 0.0909816 0.0337941 0.838664
0.709447 0.870341 0.13106 0.451866 0.552013 0.702565 0.424663 0.989664 0.195198 0.667736 0.224001 0.938098 0.879232 0.987567 0.318375 0.849751 0.650662 0.991864 0.868848 0.966344 0.967684 0.980277 0.953082 0.888391 0.958425 0.961568 0.989904 0.0325442 0.991871 0.51051 0.964264 0.964261 0.205564 0.0778266 0.416098 0.737325 0.966373 0.681625 0.715784 0.45035 0.626457 0.829768 0.700968 0.635516 0.993043 0.244092 0.140936 0.969983 0.709137 0.0761288 0.00747168 0.00344574 0.763964 0.0331817 0.0101292 0.121243 0.0246643 0.453648 0.071911 0.0328988 0.805607 0.57913 0.802996 0.0029404 0.876802 0.0560443 0.0949376 0.809202 0.909919 0.676137 0.101549 0.995986 0.437875 0.0537205 0.0897948 0.414642 0.0312663 0.067753 0.00293709 0.0148219 0.012204 0.20326 0.0149153 0.211198 0.764322 0.0205241 0.915093 0.0206952 0.00481343 0.144869 0.121367 0.0195967 0.627149 0.0717057 0.131553 0.0177762 0.0560131 0.0913662 0.0335557 0.839912
0.707689 0.870922 0.130505 0.447916 0.55417 0.699696 0.420909 0.989717 0.194845 0.668521 0.221272 0.93868 0.87964 0.987656 0.316652 0.85012 0.648279 0.991869 0.870236 0.966414 0.96792 0.98052 0.953624 0.888853 0.958862 0.961867 0.989952 0.0321474 0.991877 0.505839 0.96431 0.964305 0.202899 0.0772446 0.414171 0.737731 0.966444 0.682927 0.717485 0.446407 0.624152 0.830987 0.702312 0.63298 0.993046 0.241937 0.141396 0.970087 0.709773 0.0752876 0.00736578 0.00342403 0.766324 0.0327651 0.0101304 0.120564 0.0246201 0.457751 0.0712557 0.0324756 0.80753 0.580851 0.805048 0.00293835 0.877458 0.0557591 0.0946683 0.81168 0.911105 0.680128 0.101074 0.996032 0.435292 0.0530244 0.0897079 0.418905 0.0309145 0.0673402 0.00293534 0.0147026 0.0121945 0.205793 0.0148782 0.213457 0.766688 0.0204951 0.916358 0.0205216 0.00478819 0.14436 0.123439 0.0193718 0.629349 0.0710526 0.131416 0.0176221 0.0557241 0.0917533 0.0333149 0.841165
0.705866 0.87149 0.12992 0.443943 0.556338 0.696817 0.417126 0.989772 0.194503 0.669286 0.218564 0.939251 0.880079 0.987747 0.31493 0.850504 0.645916 0.991877 0.871618 0.966486 0.96815 0.980765 0.954163 0.889334 0.959291 0.962161 0.989998 0.0317566 0.991885 0.501175 0.964355 0.964351 0.200253 0.0766465 0.412197 0.738174 0.96651 0.684218 0.719154 0.442427 0.621803 0.832234 0.703715 0.630401 0.993048 0.239808 0.141867 0.970186 0.710427 0.0744493 0.00726039 0.0034022 0.768695 0.0323516 0.0101299 0.119888 0.02457 0.46191 0.0706067 0.0320586 0.809483 0.582561 0.807078 0.00293618 0.878097 0.0554816 0.0943948 0.814129 0.912284 0.68406 0.100575 0.996076 0.432722 0.0523173 0.0896138 0.423225 0.0305632 0.0669216 0.00293329 0.0145841 0.0121857 0.208354 0.0148458 0.215781 0.769059 0.0204688 0.917612 0.0203583 0.00476326 0.143866 0.125562 0.0191491 0.631569 0.0703993 0.131271 0.0174683 0.0554444 0.0921539 0.0330715 0.842423
0.704022 0.872069 0.129308 0.439956 0.5586 0.693898 0.413302 0.989825 0.194152 0.670047 0.215848 0.939834 0.880528 0.987837 0.313211 0.850896 0.643521 0.991883 0.872997 0.966555 0.968383 0.981005 0.954691 0.889826 0.959717 0.962455 0.990044 0.0313686 0.991892 0.496473 0.964398 0.964394 0.197615 0.0760731 0.41022 0.738664 0.966577 0.685555 0.720802 0.438407 0.619449 0.833474 0.705076 0.627816 0.993051 0.237626 0.142353 0.970294 0.711101 0.073612 0.00715589 0.00338155 0.77109 0.0319376 0.0101304 0.119216 0.0245179 0.466124 0.0699512 0.0316473 0.811424 0.584315 0.809106 0.00293469 0.878763 0.0551929 0.0941413 0.816614 0.913445 0.687996 0.100065 0.99612 0.430116 0.0516381 0.0895089 0.427592 0.030221 0.0664964 0.00293159 0.0144681 0.0121787 0.210948 0.0148124 0.218127 0.771434 0.0204392 0.918849 0.0201908 0.00473768 0.143342 0.127736 0.0189315 0.633825 0.0697422 0.131138 0.0173197 0.055161 0.0925711 0.0328305 0.843659
0.702169 0.87268 0.128698 0.435922 0.560831 0.6909 0.409497 0.989878 0.193791 0.670834 0.213133 0.940413 0.880975 0.987927 0.311483 0.851276 0.641115 0.991889 0.87437 0.966621 0.968616 0.981246 0.955225 0.890316 0.960135 0.962744 0.99009 0.0309874 0.9919 0.49177 0.964446 0.964443 0.194984 0.0754862 0.408248 0.739148 0.966639 0.686929 0.722454 0.43438 0.617121 0.834713 0.706439 0.62512 0.993051 0.235436 0.142842 0.970403 0.71176 0.0727897 0.00705265 0.00336043 0.773444 0.0315302 0.0101312 0.1185 0.0244615 0.470372 0.0693105 0.0312388 0.81333 0.586042 0.811143 0.00293306 0.879444 0.0549046 0.0938653 0.819059 0.914585 0.691913 0.0995602 0.996163 0.427491 0.0509435 0.0894026 0.432019 0.0298878 0.06608 0.00292975 0.0143532 0.0121695 0.21355 0.0147777 0.220493 0.773798 0.0204077 0.920072 0.0200294 0.00471165 0.142804 0.129968 0.0187189 0.636065 0.0691091 0.130989 0.017169 0.0548783 0.0930137 0.0325899 0.844877
0.700249 0.873273 0.12808 0.431862 0.563106 0.68786 0.405617 0.989931 0.193399 0.671622 0.210448 0.940984 0.881449 0.988018 0.309759 0.851678 0.638659 0.991894 0.875744 0.966688 0.968838 0.981479 0.955747 0.890799 0.960555 0.963036 0.990135 0.0306121 0.991906 0.486997 0.964492 0.964494 0.192373 0.0748935 0.406241 0.739627 0.966702 0.688287 0.724087 0.430303 0.614796 0.835954 0.707863 0.622442 0.993054 0.23324 0.143359 0.970508 0.712424 0.0719706 0.00695161 0.00334047 0.775795 0.0311271 0.0101321 0.117797 0.0244085 0.474626 0.0686718 0.0308391 0.815238 0.587845 0.81318 0.00293142 0.880128 0.0546192 0.0935902 0.821508 0.915726 0.695904 0.0990332 0.996206 0.424815 0.0502697 0.0892918 0.436455 0.0295508 0.0656685 0.00292823 0.0142368 0.012161 0.216208 0.0147427 0.222905 0.776167 0.0203752 0.921302 0.0198614 0.00468633 0.142276 0.132248 0.0185059 0.638342 0.0684907 0.130841 0.0170194 0.0545992 0.0934811 0.0323543 0.846104
0.698325 0.873875 0.127454 0.427784 0.565349 0.684786 0.401702 0.989984 0.193017 0.672477 0.207735 0.941554 0.881915 0.988108 0.308041 0.852076 0.636162 0.991902 0.877123 0.966756 0.969063 0.981711 0.956264 0.8913 0.960969 0.963325 0.990181 0.0302388 0.991914 0.48219 0.964548 0.964538 0.189724 0.0743181 0.404189 0.74011 0.966771 0.689683 0.725695 0.426175 0.612403 0.837224 0.70929 0.619687 0.993058 0.231052 0.143892 0.970618 0.713057 0.0711567 0.00685231 0.00332001 0.778134 0.0307274 0.0101332 0.117077 0.0243476 0.47898 0.0680485 0.0304406 0.817175 0.589684 0.815188 0.00292991 0.880812 0.0543416 0.0932913 0.82393 0.916845 0.699836 0.0985152 0.996249 0.42208 0.0495965 0.0891649 0.440941 0.0292213 0.0652409 0.00292631 0.0141221 0.0121493 0.218941 0.0147104 0.225417 0.778528 0.020343 0.922509 0.0196975 0.00466071 0.141713 0.134578 0.0182956 0.640628 0.0678518 0.13069 0.0168712 0.0543165 0.0939664 0.0321162 0.847325
0.696351 0.874509 0.126815 0.42366 0.567629 0.681655 0.397792 0.990035 0.192617 0.67326 0.205054 0.942121 0.882402 0.988199 0.306294 0.852512 0.633672 0.99191 0.878468 0.966825 0.969288 0.981936 0.956779 0.891791 0.96138 0.963609 0.990228 0.0298717 0.99192 0.477379 0.964601 0.964589 0.187128 0.0737433 0.402127 0.740639 0.966834 0.691114 0.727347 0.422034 0.609975 0.838502 0.710726 0.616874 0.99306 0.228819 0.14444 0.97073 0.713721 0.0703547 0.00675433 0.0033006 0.780468 0.030337 0.0101349 0.116369 0.0242888 0.483408 0.0674197 0.0300589 0.819126 0.591615 0.817189 0.00292816 0.881497 0.0540541 0.0929892 0.826333 0.917966 0.703785 0.0979841 0.99629 0.419379 0.0489345 0.0890322 0.4455 0.0288979 0.0648236 0.00292458 0.0140114 0.0121408 0.221708 0.0146781 0.227931 0.780878 0.0203127 0.923719 0.0195365 0.00463498 0.141148 0.13697 0.0180872 0.642952 0.0672417 0.130509 0.0167252 0.0540182 0.0944611 0.0318768 0.84854
0.694316 0.875125 0.12614 0.419549 0.569969 0.678487 0.393854 0.990087 0.192221 0.67409 0.202369 0.942678 0.882893 0.988285 0.304545 0.852911 0.631126 0.991916 0.879815 0.966895 0.969508 0.982161 0.957285 0.892296 0.961787 0.963895 0.990273 0.0295089 0.991926 0.472478 0.964652 0.964648 0.184538 0.0731584 0.399996 0.74115 0.966899 0.692532 0.729015 0.417941 0.607526 0.839766 0.71217 0.614087 0.993061 0.226584 0.145001 0.970842 0.714395 0.0695462 0.00665715 0.00328105 0.782826 0.0299457 0.0101347 0.115655 0.0242265 0.48782 0.0667974 0.0296742 0.821056 0.593507 0.81917 0.00292691 0.882179 0.0537683 0.0926967 0.828731 0.919068 0.707688 0.0974405 0.996331 0.416564 0.04828 0.0888906 0.450117 0.0285771 0.0643913 0.00292316 0.0139006 0.0121317 0.224513 0.0146462 0.230488 0.783234 0.0202765 0.924936 0.0193809 0.0046097 0.140574 0.139407 0.0178798 0.645328 0.0666272 0.130304 0.0165824 0.0537347 0.0949627 0.0316383 0.849753
0.692273 0.875746 0.125502 0.415381 0.572298 0.67526 0.38997 0.99014 0.191778 0.674917 0.199685 0.94324 0.883389 0.988373 0.302788 0.853334 0.628486 0.991923 0.881147 0.96696 0.969727 0.982386 0.95779 0.89279 0.962181 0.964177 0.990319 0.029147 0.991931 0.46758 0.96471 0.964699 0.18194 0.0725807 0.397888 0.741694 0.966968 0.693984 0.730655 0.413779 0.604991 0.841014 0.713633 0.611249 0.993064 0.22438 0.145561 0.970955 0.715036 0.0687528 0.00656111 0.00326112 0.785169 0.0295626 0.0101364 0.114934 0.024167 0.492297 0.0661934 0.029287 0.822985 0.595478 0.821176 0.00292502 0.882877 0.0534743 0.0924068 0.831131 0.92015 0.711619 0.0968831 0.996372 0.413766 0.0476296 0.088742 0.454777 0.0282546 0.0639629 0.00292177 0.013792 0.0121222 0.227366 0.0146116 0.233084 0.785592 0.0202419 0.926127 0.0192216 0.00458445 0.139988 0.141899 0.0176752 0.647701 0.0660196 0.130118 0.0164394 0.0534487 0.0954825 0.0314015 0.850976
0.69019 0.876379 0.1248 0.41121 0.574656 0.672047 0.386038 0.990193 0.191324 0.675718 0.197003 0.943792 0.883919 0.988459 0.30102 0.853767 0.625869 0.991929 0.88248 0.967017 0.969944 0.982606 0.958287 0.893288 0.962575 0.964456 0.990364 0.0287828 0.991936 0.462725 0.964767 0.964759 0.17937 0.0720195 0.395716 0.742217 0.967035 0.695481 0.732283 0.409554 0.602435 0.84227 0.71511 0.60834 0.993067 0.222149 0.146178 0.971072 0.715702 0.067977 0.00646573 0.00324266 0.787529 0.029178 0.0101354 0.114202 0.0241036 0.496774 0.0655896 0.0289071 0.824893 0.597443 0.823174 0.00292388 0.883585 0.0531825 0.0920997 0.833491 0.921237 0.715513 0.0963261 0.996412 0.410925 0.0469788 0.0885929 0.459513 0.0279417 0.0635415 0.00292036 0.0136845 0.0121114 0.230264 0.014578 0.235758 0.787946 0.020208 0.927301 0.0190638 0.0045594 0.1394 0.144472 0.0174719 0.650087 0.0654156 0.129913 0.0162982 0.0531577 0.096005 0.0311662 0.852204
0.688009 0.877009 0.124107 0.407017 0.576983 0.668765 0.382085 0.990245 0.190866 0.676572 0.194339 0.944325 0.884451 0.988546 0.299205 0.854208 0.623209 0.991935 0.8838 0.967081 0.970155 0.982823 0.958787 0.893814 0.962959 0.964735 0.990409 0.0284255 0.991942 0.45783 0.964829 0.964823 0.176848 0.0714472 0.393535 0.742762 0.967098 0.696933 0.733892 0.405364 0.599858 0.843553 0.716604 0.605421 0.99307 0.219919 0.146811 0.97119 0.716379 0.067191 0.00637208 0.00322357 0.789862 0.0288038 0.0101353 0.113475 0.0240427 0.501277 0.0649905 0.0285373 0.826789 0.599469 0.825157 0.00292259 0.884279 0.0528876 0.0917884 0.835867 0.922323 0.719425 0.0957475 0.996452 0.408008 0.0463338 0.0884266 0.46429 0.0276296 0.063113 0.00291945 0.013578 0.0121008 0.233233 0.0145472 0.238458 0.790288 0.0201682 0.928474 0.0189112 0.004534 0.138804 0.147097 0.0172741 0.652485 0.0648253 0.129715 0.0161588 0.0528613 0.096549 0.0309319 0.853391
0.685808 0.877653 0.123384 0.402742 0.57939 0.665429 0.378087 0.990296 0.1904 0.677462 0.191666 0.944885 0.884983 0.988632 0.297388 0.854668 0.620524 0.991942 0.885122 0.967144 0.970362 0.983038 0.959277 0.894336 0.963338 0.96501 0.990454 0.0280693 0.991948 0.452859 0.964897 0.964882 0.174288 0.0708738 0.391334 0.743326 0.967161 0.698449 0.73552 0.401072 0.597321 0.844804 0.71814 0.602445 0.993072 0.21767 0.147457 0.971306 0.717077 0.0664135 0.00628006 0.00320462 0.792193 0.0284331 0.0101355 0.112738 0.023981 0.505859 0.0643936 0.0281695 0.828697 0.601423 0.827175 0.00292148 0.884974 0.0525973 0.0914768 0.838251 0.923405 0.723323 0.0951679 0.996491 0.405093 0.0456922 0.0882411 0.469133 0.0273162 0.0626886 0.0029185 0.0134715 0.0120902 0.236243 0.0145139 0.241192 0.792617 0.020129 0.929652 0.0187548 0.00450929 0.13819 0.149797 0.017076 0.654939 0.064232 0.129499 0.0160225 0.0525659 0.0971195 0.0306965 0.854605
0.6836 0.878288 0.122676 0.398455 0.581824 0.66208 0.374033 0.990349 0.18989 0.678366 0.18905 0.945426 0.885528 0.988718 0.295562 0.855118 0.617829 0.991948 0.886434 0.967209 0.970568 0.983248 0.959761 0.894841 0.963716 0.965281 0.9905 0.0277203 0.991954 0.447871 0.964959 0.964947 0.171757 0.0703082 0.389105 0.743908 0.967229 0.700006 0.73712 0.396749 0.594674 0.846073 0.719681 0.599484 0.993073 0.215409 0.148116 0.971424 0.71778 0.0656385 0.00618933 0.00318667 0.794559 0.0280609 0.0101365 0.111984 0.023911 0.510476 0.0638123 0.0278081 0.830608 0.603407 0.829155 0.00292101 0.885694 0.0522975 0.0911684 0.840586 0.924459 0.727244 0.0945858 0.996529 0.402166 0.0450703 0.0880603 0.474047 0.0270079 0.0622566 0.00291717 0.0133663 0.012079 0.23931 0.0144846 0.244012 0.794925 0.0200873 0.930794 0.0186021 0.00448459 0.137562 0.152531 0.0168811 0.657406 0.0636393 0.129283 0.0158868 0.0522757 0.0977005 0.030469 0.855824
0.681317 0.878956 0.121954 0.394196 0.584269 0.658686 0.369984 0.9904 0.189389 0.679275 0.186413 0.94597 0.886077 0.988803 0.293729 0.855582 0.615081 0.991953 0.887729 0.967267 0.970779 0.983457 0.960233 0.895359 0.964088 0.965551 0.990544 0.0273722 0.991959 0.442865 0.965032 0.96501 0.169242 0.06974 0.386873 0.744528 0.967285 0.70155 0.738731 0.392476 0.592028 0.847334 0.721169 0.596447 0.993074 0.213147 0.148807 0.971541 0.718487 0.0648776 0.00610127 0.00316858 0.79685 0.0276913 0.010136 0.111231 0.0238464 0.51517 0.0632332 0.0274419 0.832519 0.605492 0.831156 0.00292013 0.8864 0.0520021 0.0908689 0.842899 0.925501 0.731122 0.0940079 0.996567 0.399201 0.0444449 0.087879 0.478988 0.0267043 0.061817 0.00291561 0.0132623 0.0120694 0.242414 0.0144529 0.246867 0.797227 0.0200472 0.931929 0.0184497 0.00446004 0.136939 0.155343 0.0166911 0.659892 0.0630608 0.129055 0.0157519 0.0519877 0.0983152 0.0302414 0.857003
0.679017 0.879598 0.121224 0.38989 0.586748 0.655219 0.365897 0.990452 0.188895 0.680189 0.183785 0.946515 0.886657 0.988885 0.291869 0.85605 0.612303 0.991961 0.889012 0.967327 0.970983 0.983661 0.960707 0.895894 0.964451 0.965816 0.990589 0.0270304 0.991965 0.437924 0.965103 0.965075 0.166749 0.0691768 0.384578 0.745136 0.967346 0.703118 0.740343 0.388194 0.589346 0.848591 0.722703 0.593397 0.993075 0.210888 0.149519 0.97166 0.719219 0.0641024 0.00601185 0.00315101 0.79913 0.0273276 0.0101368 0.110477 0.0237763 0.519877 0.0626573 0.0270906 0.834405 0.607589 0.833144 0.00291955 0.887121 0.0516947 0.0905511 0.845213 0.926549 0.734995 0.0934236 0.996605 0.396219 0.0438318 0.0876749 0.483923 0.026408 0.0613857 0.00291465 0.0131606 0.0120593 0.245565 0.0144243 0.249758 0.799552 0.0200028 0.933057 0.0182975 0.00443518 0.136324 0.158232 0.0165012 0.662409 0.0624988 0.128818 0.015617 0.0516793 0.0989375 0.0300071 0.858202
0.676602 0.880239 0.120488 0.385544 0.589236 0.651717 0.361853 0.990504 0.188382 0.681115 0.181182 0.94706 0.887245 0.988968 0.29004 0.856547 0.609493 0.991969 0.890287 0.967392 0.971183 0.983864 0.961179 0.896434 0.964817 0.966086 0.990632 0.0266905 0.991971 0.432944 0.965175 0.965149 0.164282 0.0686157 0.382222 0.745813 0.967406 0.704737 0.741928 0.38387 0.586634 0.849846 0.72431 0.590249 0.993076 0.208607 0.150272 0.971783 0.719928 0.0633345 0.0059247 0.00313409 0.801433 0.0269707 0.0101356 0.109715 0.0237085 0.524661 0.0620849 0.026739 0.836311 0.609687 0.835135 0.00291861 0.887852 0.0513994 0.0902173 0.847481 0.927572 0.738866 0.0928111 0.996642 0.393175 0.0432193 0.0874617 0.488936 0.0261076 0.0609491 0.002914 0.0130593 0.0120487 0.248775 0.0143961 0.252665 0.801841 0.0199577 0.934188 0.018147 0.00441024 0.135696 0.161175 0.0163116 0.664971 0.0619315 0.128585 0.0154861 0.0513767 0.0995862 0.029781 0.859392
0.674179 0.880899 0.119731 0.381198 0.591693 0.648212 0.35775 0.990555 0.187865 0.682065 0.178607 0.947594 0.887814 0.989051 0.288174 0.857006 0.606687 0.991976 0.891554 0.967454 0.971379 0.984061 0.961638 0.896966 0.96518 0.966346 0.990678 0.0263561 0.991977 0.427947 0.965247 0.965221 0.161827 0.0680558 0.379856 0.746476 0.967464 0.706348 0.743518 0.379502 0.583881 0.851118 0.725906 0.587068 0.993076 0.206312 0.151033 0.971904 0.720702 0.0625918 0.00583811 0.00311664 0.80375 0.0266139 0.0101346 0.108948 0.0236342 0.529463 0.061519 0.0263919 0.838167 0.611843 0.837107 0.00291798 0.888563 0.0510945 0.0898905 0.849766 0.928588 0.742725 0.0921903 0.996678 0.390075 0.0426153 0.0872523 0.493995 0.0258142 0.0605251 0.00291274 0.0129586 0.012038 0.252065 0.0143674 0.25562 0.804144 0.0199097 0.935301 0.0179997 0.00438547 0.135056 0.164201 0.0161231 0.667528 0.0613686 0.12833 0.0153547 0.0510672 0.100242 0.0295511 0.860588
0.671694 0.881582 0.118955 0.376852 0.594197 0.6446 0.353658 0.990606 0.18729 0.683037 0.176008 0.948125 0.888399 0.989133 0.286296 0.857481 0.603816 0.991983 0.892806 0.967519 0.971569 0.984256 0.9621 0.897499 0.96553 0.966609 0.990724 0.0260229 0.991984 0.422909 0.965322 0.965294 0.159402 0.0675004 0.377457 0.74715 0.96752 0.707969 0.745112 0.375109 0.581145 0.852367 0.727484 0.583806 0.993077 0.204035 0.151846 0.97203 0.721476 0.0618485 0.00575321 0.00309957 0.806042 0.0262592 0.0101344 0.108183 0.0235645 0.534318 0.0609666 0.0260474 0.840074 0.613989 0.839069 0.00291727 0.889293 0.0507854 0.0895647 0.852006 0.929596 0.746559 0.0915712 0.996714 0.387006 0.0420278 0.0870342 0.499115 0.0255202 0.0600824 0.00291213 0.0128598 0.0120292 0.25542 0.0143361 0.258664 0.806422 0.0198639 0.936404 0.0178523 0.00436072 0.134409 0.167293 0.0159391 0.670078 0.0608213 0.128086 0.0152236 0.0507575 0.100937 0.0293176 0.861768
0.669188 0.882259 0.118182 0.372433 0.596698 0.640993 0.349548 0.990658 0.186733 0.683992 0.173462 0.948659 0.888985 0.989215 0.284402 0.857963 0.600924 0.99199 0.894072 0.967584 0.971761 0.984449 0.962554 0.898032 0.965883 0.966866 0.990768 0.0256932 0.99199 0.417852 0.965402 0.965371 0.156962 0.0669438 0.375041 0.747847 0.967575 0.70965 0.746689 0.370733 0.578406 0.853632 0.729109 0.580491 0.993077 0.201743 0.15265 0.972152 0.722254 0.0611111 0.00566883 0.00308279 0.808334 0.0259136 0.0101335 0.10742 0.0234885 0.539157 0.0604132 0.025711 0.841969 0.616206 0.841014 0.00291644 0.890022 0.0504832 0.089218 0.854239 0.930603 0.750395 0.0909505 0.996749 0.383873 0.041434 0.086823 0.504333 0.0252308 0.0596346 0.00291165 0.0127606 0.0120188 0.258785 0.0143061 0.261712 0.808728 0.0198175 0.937501 0.0177073 0.00433644 0.133771 0.170446 0.0157599 0.672665 0.0602695 0.127818 0.0150948 0.0504544 0.101639 0.0290921 0.862949
0.66663 0.882951 0.117397 0.368053 0.599226 0.637289 0.345408 0.990709 0.186157 0.684935 0.170897 0.949189 0.889584 0.989295 0.282497 0.858464 0.597984 0.991996 0.895322 0.96764 0.971947 0.98464 0.963004 0.898572 0.966228 0.967119 0.990813 0.0253634 0.991998 0.412787 0.965477 0.965456 0.154552 0.0663855 0.372598 0.748518 0.967636 0.711337 0.748287 0.366365 0.575624 0.854892 0.730742 0.577149 0.993078 0.199435 0.153498 0.972274 0.723029 0.0603775 0.00558742 0.00306568 0.81058 0.025568 0.0101315 0.106624 0.0234122 0.544059 0.0598718 0.0253795 0.843816 0.618392 0.84297 0.00291524 0.890735 0.0501829 0.0888706 0.856473 0.931593 0.754209 0.0903183 0.996784 0.380733 0.0408531 0.0865808 0.509496 0.0249474 0.0591812 0.00291135 0.0126604 0.0120082 0.262242 0.0142773 0.264822 0.811021 0.0197703 0.938585 0.0175615 0.00431103 0.133111 0.173693 0.0155772 0.675276 0.0597253 0.127578 0.0149685 0.0501452 0.102384 0.0288573 0.864135
0.664023 0.883638 0.116613 0.363658 0.601809 0.633523 0.341244 0.99076 0.185566 0.685965 0.168377 0.949713 0.890191 0.989376 0.280559 0.858978 0.59499 0.992001 0.896559 0.967696 0.972135 0.984827 0.963448 0.899121 0.966576 0.967374 0.990858 0.025043 0.992003 0.407752 0.965563 0.965533 0.152155 0.0658356 0.370122 0.749238 0.967691 0.713009 0.749864 0.36193 0.572794 0.856181 0.73241 0.573787 0.993079 0.197143 0.154356 0.972393 0.723811 0.0596441 0.00550566 0.00304931 0.812833 0.0252298 0.0101291 0.105853 0.0233337 0.549011 0.0593332 0.025054 0.845684 0.620606 0.844936 0.00291409 0.891464 0.0498696 0.0885252 0.858698 0.932568 0.758013 0.0896746 0.996818 0.377578 0.0402732 0.0863426 0.514754 0.0246669 0.0587311 0.00291083 0.0125628 0.0119967 0.265736 0.0142477 0.268025 0.813285 0.0197207 0.939652 0.0174185 0.00428673 0.132452 0.177003 0.0153979 0.677949 0.0591938 0.127296 0.0148437 0.04983 0.103138 0.028633 0.86532
0.661371 0.884319 0.115802 0.359269 0.604408 0.629754 0.33705 0.990812 0.184989 0.686908 0.165837 0.950231 0.890827 0.989456 0.278606 0.859493 0.591985 0.992008 0.89779 0.967749 0.972316 0.985014 0.963889 0.899674 0.966916 0.967622 0.990903 0.0247271 0.99201 0.402647 0.965642 0.96561 0.149771 0.0652843 0.367682 0.749987 0.967746 0.7147 0.751432 0.357553 0.569864 0.857443 0.734073 0.570365 0.993079 0.19483 0.155233 0.97252 0.724565 0.0589199 0.00542557 0.00303342 0.815086 0.0248875 0.010129 0.105093 0.0232545 0.554 0.058805 0.0247299 0.847551 0.622853 0.846884 0.0029137 0.892206 0.049552 0.0881899 0.860893 0.933542 0.761792 0.089024 0.996851 0.374358 0.0397057 0.0860972 0.52003 0.0243849 0.0582857 0.00291046 0.0124676 0.0119851 0.269255 0.0142183 0.271295 0.815558 0.0196727 0.940706 0.0172755 0.00426201 0.131773 0.180376 0.0152234 0.680635 0.0586556 0.127013 0.0147186 0.0495197 0.103927 0.0284047 0.866488
0.65869 0.885019 0.114988 0.354874 0.607055 0.625947 0.332884 0.990863 0.184391 0.68789 0.163327 0.950754 0.891452 0.989534 0.276643 0.859999 0.588948 0.992015 0.899022 0.967805 0.972501 0.985195 0.964324 0.900224 0.967257 0.967877 0.990946 0.0244101 0.992017 0.397553 0.965719 0.965699 0.147425 0.0647385 0.365187 0.750716 0.967798 0.716423 0.753012 0.353149 0.566978 0.858726 0.73575 0.566914 0.99308 0.192509 0.156146 0.972645 0.725343 0.058207 0.0053465 0.00301819 0.817339 0.0245575 0.0101279 0.104307 0.0231758 0.55898 0.0582772 0.0244111 0.84938 0.625181 0.848818 0.00291279 0.892943 0.0492443 0.0878276 0.863074 0.934492 0.765577 0.0883611 0.996885 0.371097 0.0391465 0.0858202 0.525362 0.024112 0.0578396 0.00290987 0.0123724 0.0119735 0.272824 0.0141914 0.274597 0.817808 0.0196214 0.94175 0.0171343 0.00423722 0.131098 0.183861 0.0150483 0.683328 0.0581137 0.126731 0.0145938 0.0492004 0.104742 0.0281841 0.867664
0.65593 0.885728 0.11417 0.350438 0.609653 0.622086 0.328684 0.990915 0.183766 0.688932 0.160843 0.951276 0.892089 0.989612 0.274686 0.860525 0.585902 0.992021 0.900239 0.967861 0.972684 0.985376 0.964757 0.900777 0.967592 0.968129 0.99099 0.0241022 0.992024 0.39247 0.965808 0.965785 0.145054 0.0642045 0.362601 0.751474 0.967855 0.718187 0.754588 0.348747 0.563951 0.860013 0.737447 0.563413 0.993081 0.190192 0.157094 0.972771 0.726136 0.0574844 0.00526797 0.00300256 0.819581 0.0242261 0.0101263 0.103527 0.0230952 0.563986 0.0577403 0.024097 0.851204 0.627508 0.850759 0.00291219 0.893685 0.0489354 0.0874793 0.865203 0.935437 0.769313 0.0876981 0.996918 0.367861 0.0385886 0.085547 0.530745 0.0238401 0.0573777 0.00290922 0.0122792 0.0119622 0.276475 0.0141626 0.277946 0.820034 0.019563 0.942788 0.0169966 0.00421271 0.130403 0.187443 0.0148733 0.686031 0.0575869 0.126442 0.0144703 0.0489001 0.105561 0.0279573 0.86881
0.653105 0.886437 0.113344 0.345964 0.612312 0.618199 0.324509 0.990964 0.183156 0.68993 0.158357 0.951783 0.89273 0.989689 0.272695 0.861051 0.58278 0.992029 0.901457 0.967915 0.972861 0.985552 0.965185 0.901339 0.967929 0.968375 0.991032 0.0237941 0.992032 0.387387 0.965897 0.965875 0.142749 0.063672 0.360023 0.752284 0.967911 0.719966 0.756187 0.344305 0.560946 0.861302 0.73915 0.559866 0.993082 0.18787 0.158044 0.9729 0.726957 0.0567793 0.00519026 0.00298757 0.821811 0.0238969 0.0101237 0.102735 0.0230127 0.569097 0.0572189 0.023784 0.853024 0.629862 0.852666 0.0029121 0.894423 0.0486198 0.0871114 0.867328 0.93637 0.773002 0.0870301 0.99695 0.364574 0.0380369 0.0852709 0.536121 0.0235735 0.0569271 0.00290859 0.012187 0.0119503 0.280212 0.0141335 0.281338 0.8223 0.0195109 0.943823 0.0168599 0.00418854 0.129707 0.19106 0.0147007 0.688766 0.0570768 0.126139 0.0143497 0.0485945 0.106417 0.0277309 0.869964
0.650266 0.88716 0.112499 0.341529 0.614952 0.614224 0.32034 0.991016 0.182502 0.690958 0.155907 0.9523 0.893389 0.989768 0.270726 0.861581 0.579631 0.992037 0.902659 0.967973 0.97303 0.985724 0.965608 0.901906 0.968259 0.968625 0.991076 0.0234851 0.992039 0.382288 0.965985 0.965964 0.140451 0.0631407 0.357465 0.753108 0.967967 0.721773 0.757724 0.339873 0.557928 0.862575 0.7409 0.556283 0.993081 0.18558 0.159023 0.973029 0.727817 0.0560846 0.00511431 0.00297331 0.824015 0.0235752 0.0101193 0.101931 0.0229344 0.574155 0.0566997 0.0234764 0.854841 0.632244 0.854553 0.00291193 0.895166 0.0483002 0.0867262 0.869453 0.937297 0.776698 0.0863536 0.996982 0.361265 0.0374963 0.0849773 0.541535 0.0233073 0.056476 0.0029091 0.0120983 0.0119387 0.283981 0.014106 0.284785 0.824504 0.0194569 0.94484 0.0167214 0.0041639 0.128994 0.194759 0.0145336 0.691558 0.0565688 0.125837 0.0142302 0.048283 0.107282 0.0275085 0.871113
0.647368 0.887877 0.111645 0.337059 0.617644 0.610159 0.316145 0.991066 0.181844 0.692069 0.153454 0.952811 0.894062 0.989843 0.268683 0.862134 0.576418 0.992043 0.903856 0.968031 0.973202 0.985893 0.966028 0.902476 0.968579 0.968866 0.991119 0.0231847 0.992046 0.3772 0.966076 0.966058 0.138166 0.0626148 0.354812 0.753936 0.968021 0.723606 0.75932 0.335423 0.554876 0.863859 0.742637 0.552647 0.993082 0.183269 0.16006 0.973162 0.728672 0.0554015 0.00504037 0.00295856 0.826243 0.0232576 0.0101155 0.101139 0.0228507 0.579278 0.056187 0.0231746 0.856646 0.634649 0.856448 0.00291161 0.895929 0.0479792 0.0863564 0.871563 0.938214 0.780359 0.0856871 0.997014 0.357925 0.0369591 0.0846755 0.547076 0.0230475 0.0560296 0.00290842 0.0120063 0.0119244 0.287797 0.0140779 0.288317 0.826727 0.0194012 0.945839 0.0165826 0.00414002 0.128283 0.198562 0.0143668 0.694357 0.0560569 0.125528 0.0141129 0.0479678 0.108171 0.0272845 0.872266
0.644418 0.888605 0.110783 0.332581 0.62034 0.606109 0.311983 0.991115 0.181162 0.693157 0.151003 0.95332 0.894719 0.98992 0.26667 0.862678 0.573218 0.992049 0.905024 0.968088 0.973374 0.98606 0.966444 0.903048 0.9689 0.969107 0.991163 0.0228875 0.992052 0.372068 0.966167 0.966148 0.135901 0.0620789 0.352186 0.754785 0.968075 0.725445 0.760857 0.330951 0.551763 0.865148 0.744416 0.548963 0.993083 0.180932 0.161088 0.973297 0.729532 0.0547121 0.00496733 0.00294424 0.828428 0.0229425 0.0101143 0.100334 0.0227677 0.584413 0.0556809 0.0228729 0.85846 0.637098 0.858304 0.00291167 0.896677 0.0476592 0.0859794 0.873623 0.939125 0.78397 0.085007 0.997045 0.354559 0.0364301 0.0843659 0.552579 0.0227887 0.0555759 0.00290807 0.0119171 0.0119113 0.291678 0.0140488 0.291909 0.828926 0.019345 0.946829 0.0164473 0.0041162 0.127574 0.202454 0.014197 0.697199 0.0555548 0.125197 0.0139959 0.0476411 0.10909 0.0270598 0.873394
0.641466 0.889343 0.109914 0.328103 0.623032 0.602018 0.307766 0.991165 0.180465 0.694292 0.148572 0.953826 0.895393 0.989995 0.26464 0.863218 0.569983 0.992057 0.906187 0.968141 0.973545 0.986226 0.966854 0.903615 0.969219 0.969349 0.991205 0.0225932 0.992058 0.366945 0.966264 0.966247 0.133651 0.0615508 0.349502 0.755645 0.968133 0.727304 0.76241 0.326489 0.548667 0.866433 0.746182 0.545214 0.993082 0.17862 0.162147 0.973429 0.730381 0.054017 0.00489529 0.00292945 0.830626 0.0226272 0.0101105 0.0995253 0.0226857 0.58953 0.0551881 0.022577 0.860272 0.63954 0.860187 0.00291146 0.897431 0.0473426 0.0855885 0.875677 0.940016 0.787598 0.0843264 0.997075 0.351179 0.0359058 0.0840517 0.558088 0.0225273 0.0551185 0.00290808 0.011828 0.0118988 0.295619 0.0140189 0.295491 0.831137 0.0192896 0.94781 0.0163136 0.00409245 0.126852 0.206451 0.014034 0.699985 0.0550601 0.124855 0.0138814 0.047323 0.110046 0.0268313 0.874555
0.638411 0.890089 0.109049 0.323638 0.625775 0.597875 0.30355 0.991213 0.179764 0.695389 0.146163 0.954324 0.896081 0.990071 0.262635 0.863782 0.566705 0.992063 0.907337 0.968195 0.973713 0.986391 0.967259 0.904187 0.969532 0.969586 0.99125 0.0223063 0.992064 0.361846 0.966362 0.966347 0.131439 0.0610319 0.346815 0.756531 0.968184 0.729189 0.763956 0.322027 0.545543 0.867713 0.747949 0.541429 0.993081 0.176319 0.163263 0.973564 0.731243 0.0533386 0.00482391 0.00291554 0.832798 0.0223195 0.0101084 0.0987156 0.0225998 0.594728 0.0546989 0.0222851 0.86205 0.642 0.862065 0.00291138 0.898179 0.0470185 0.0851955 0.877707 0.940897 0.791186 0.0836391 0.997105 0.347732 0.0353841 0.0837275 0.563652 0.022271 0.054655 0.00290765 0.0117422 0.0118886 0.299622 0.0139918 0.299119 0.833317 0.019231 0.948774 0.0161794 0.00406871 0.126108 0.210506 0.0138709 0.702786 0.0545692 0.124518 0.0137643 0.047003 0.111027 0.0266106 0.875691
0.635294 0.890831 0.108171 0.319142 0.628537 0.593702 0.299346 0.991263 0.179063 0.696513 0.143794 0.954815 0.896787 0.990146 0.260601 0.864364 0.563402 0.992069 0.908499 0.96825 0.973876 0.986552 0.967654 0.904763 0.969838 0.969821 0.991293 0.0220171 0.99207 0.356773 0.966465 0.966451 0.129245 0.0605053 0.344114 0.757403 0.968236 0.73113 0.765517 0.317539 0.542358 0.868983 0.74976 0.537574 0.993079 0.174017 0.164408 0.973701 0.7321 0.052672 0.00475347 0.00290152 0.834958 0.0220114 0.0101054 0.0978969 0.0225124 0.599971 0.0542171 0.0220033 0.863816 0.644524 0.863929 0.00291118 0.89894 0.0466985 0.0848049 0.879727 0.941769 0.79473 0.082949 0.997135 0.344269 0.0348786 0.0833736 0.569221 0.0220189 0.0542004 0.00290754 0.0116528 0.0118757 0.303713 0.0139647 0.302813 0.835477 0.0191705 0.949727 0.0160494 0.00404474 0.125375 0.214656 0.0137091 0.705642 0.0540892 0.12417 0.0136506 0.0466783 0.112044 0.0263905 0.876822
0.632154 0.891595 0.10728 0.31467 0.631307 0.589471 0.295143 0.991313 0.178326 0.697659 0.141458 0.955309 0.897482 0.990218 0.258535 0.864928 0.560061 0.992076 0.909646 0.968308 0.974041 0.98671 0.968047 0.90535 0.970144 0.970058 0.991336 0.0217329 0.992076 0.351696 0.966565 0.966554 0.127065 0.059979 0.341353 0.75831 0.968296 0.733045 0.76708 0.313065 0.539115 0.870254 0.751535 0.5337 0.99308 0.171694 0.165581 0.973838 0.732986 0.0520012 0.00468404 0.00288797 0.837119 0.0217098 0.0101017 0.0970729 0.0224256 0.605158 0.053727 0.0217236 0.865564 0.647042 0.865762 0.0029108 0.899714 0.0463768 0.0844027 0.881712 0.942628 0.798258 0.0822418 0.997164 0.340787 0.0343728 0.0830311 0.574816 0.0217688 0.053741 0.00290784 0.0115682 0.0118629 0.307836 0.0139365 0.30662 0.837652 0.0191086 0.950675 0.0159159 0.00402064 0.12462 0.218901 0.0135519 0.708509 0.0536097 0.123785 0.0135366 0.0463566 0.113088 0.0261692 0.877975
0.628923 0.892347 0.10639 0.310155 0.634091 0.585153 0.290917 0.991363 0.177573 0.698828 0.139117 0.955807 0.8982 0.990289 0.256538 0.865526 0.556654 0.992082 0.910784 0.968361 0.974202 0.986867 0.968445 0.905939 0.970442 0.970294 0.991379 0.0214517 0.992081 0.346642 0.966672 0.96666 0.12491 0.0594504 0.338596 0.759239 0.968348 0.734981 0.768635 0.308602 0.535897 0.871525 0.753359 0.529797 0.993079 0.169384 0.166747 0.973978 0.733887 0.0513451 0.00461514 0.00287459 0.839258 0.0214083 0.0100985 0.0962502 0.0223365 0.610381 0.0532485 0.0214444 0.867313 0.649604 0.867598 0.00291153 0.900469 0.0460539 0.0840028 0.883689 0.943475 0.80176 0.0815342 0.997193 0.337296 0.0338779 0.0826774 0.580481 0.0215228 0.0532793 0.00290876 0.0114822 0.0118497 0.312032 0.0139106 0.310492 0.839794 0.0190466 0.951603 0.0157846 0.00399693 0.123874 0.223224 0.0133969 0.711433 0.0531301 0.123421 0.0134256 0.0460339 0.114162 0.0259479 0.879091
0.625635 0.893112 0.105483 0.305697 0.636864 0.580792 0.286753 0.991411 0.176811 0.700025 0.136797 0.956296 0.898911 0.990359 0.254478 0.866141 0.553242 0.99209 0.911929 0.96841 0.97436 0.987021 0.968834 0.906521 0.970737 0.970527 0.991421 0.021171 0.992088 0.341576 0.966783 0.96676 0.122766 0.0589242 0.335791 0.76018 0.968403 0.73697 0.770154 0.304161 0.532607 0.872808 0.755192 0.525854 0.993078 0.167125 0.167989 0.974115 0.734792 0.050689 0.00454833 0.00286158 0.841389 0.0211158 0.0100947 0.0954242 0.0222448 0.615641 0.0527749 0.0211704 0.869046 0.652216 0.869446 0.00291174 0.901234 0.0457242 0.0835937 0.885657 0.944322 0.805217 0.0808181 0.997221 0.333789 0.033384 0.0823208 0.586146 0.021281 0.052818 0.00290944 0.0113975 0.0118355 0.316293 0.0138847 0.314408 0.841955 0.0189812 0.952521 0.0156545 0.00397287 0.123134 0.22764 0.0132417 0.714315 0.0526601 0.123035 0.0133156 0.0457067 0.115269 0.0257211 0.880206
0.622295 0.893875 0.104562 0.301221 0.639699 0.57635 0.28254 0.99146 0.176008 0.701245 0.134487 0.956771 0.899628 0.990429 0.252384 0.866744 0.549764 0.992096 0.913043 0.968461 0.974518 0.987175 0.969215 0.907122 0.971034 0.970754 0.991464 0.0208935 0.992095 0.336544 0.966887 0.966869 0.120661 0.0584078 0.332953 0.761157 0.968461 0.738951 0.771714 0.299712 0.529293 0.87408 0.757044 0.521855 0.993077 0.164827 0.169288 0.974252 0.735727 0.0500386 0.00448279 0.00284866 0.843501 0.0208264 0.0100891 0.094603 0.0221545 0.620924 0.0522852 0.0208997 0.870769 0.654821 0.871252 0.00291194 0.902008 0.0454087 0.0831907 0.887607 0.945157 0.808673 0.0801066 0.997249 0.330225 0.0328867 0.0819596 0.591794 0.0210385 0.0523687 0.00290961 0.0113147 0.0118228 0.320636 0.0138557 0.318377 0.844071 0.018914 0.953428 0.0155233 0.00394993 0.122375 0.232175 0.0130868 0.717285 0.0521934 0.122645 0.0132067 0.0453779 0.116403 0.0254998 0.881329
0.618927 0.894633 0.103639 0.296744 0.642543 0.571933 0.278361 0.991511 0.175211 0.702465 0.132203 0.957246 0.900342 0.9905 0.250291 0.86736 0.546239 0.992103 0.914162 0.968516 0.974672 0.987325 0.969589 0.907712 0.971323 0.970981 0.991506 0.0206214 0.9921 0.331517 0.966994 0.966975 0.118581 0.0578843 0.3301 0.762151 0.968514 0.740923 0.77325 0.29524 0.525919 0.875359 0.758908 0.51779 0.993076 0.162536 0.170575 0.97439 0.736629 0.0493904 0.00441682 0.00283589 0.845613 0.0205381 0.0100859 0.0937777 0.0220629 0.626205 0.05181 0.0206291 0.872488 0.657449 0.873057 0.00291208 0.90278 0.0450747 0.0827836 0.889532 0.945972 0.812098 0.079383 0.997276 0.326626 0.032404 0.0815953 0.597484 0.0207982 0.0519148 0.00290987 0.0112305 0.0118091 0.325001 0.0138282 0.322415 0.846185 0.0188451 0.954321 0.015396 0.00392662 0.121596 0.236792 0.0129377 0.720191 0.0517319 0.122241 0.0130995 0.0450487 0.117563 0.0252776 0.88243
0.615492 0.895406 0.102731 0.292256 0.645357 0.567461 0.27416 0.991561 0.174398 0.703706 0.129945 0.95773 0.901067 0.99057 0.248204 0.867977 0.542706 0.992109 0.915261 0.968571 0.974823 0.987473 0.96996 0.908316 0.971612 0.97121 0.991547 0.0203544 0.992107 0.326506 0.967106 0.967077 0.116535 0.0573641 0.327196 0.76316 0.968563 0.742957 0.774762 0.2908 0.522494 0.876609 0.760783 0.513659 0.993075 0.160272 0.17194 0.97453 0.737553 0.0487477 0.00435184 0.00282317 0.84771 0.020255 0.0100826 0.092957 0.0219692 0.631494 0.0513482 0.0203687 0.874208 0.660097 0.874848 0.00291255 0.90355 0.0447516 0.0823603 0.891462 0.946782 0.815461 0.0786528 0.997303 0.323036 0.0319278 0.0812076 0.603137 0.0205623 0.0514617 0.00291001 0.0111499 0.0117968 0.329436 0.0138024 0.326496 0.848284 0.0187794 0.955207 0.0152695 0.00390353 0.12081 0.241504 0.0127885 0.723125 0.0512776 0.121833 0.0129942 0.0447211 0.118764 0.0250603 0.883536
0.61201 0.896195 0.101798 0.28778 0.648233 0.562897 0.269953 0.991608 0.173602 0.705016 0.127703 0.958205 0.901797 0.990639 0.246117 0.868604 0.539099 0.992115 0.916337 0.968619 0.974974 0.98762 0.970329 0.908927 0.971898 0.971432 0.991589 0.0200849 0.992114 0.321493 0.96722 0.967187 0.114492 0.0568553 0.3243 0.764179 0.968622 0.744979 0.776281 0.286345 0.519047 0.877873 0.762694 0.509496 0.993074 0.157994 0.173321 0.974674 0.738481 0.0481157 0.0042883 0.00281047 0.849807 0.0199748 0.0100778 0.0921254 0.0218775 0.63677 0.0508917 0.02011 0.875889 0.662776 0.876627 0.00291279 0.904335 0.0444211 0.0819368 0.893332 0.947581 0.818797 0.0779277 0.99733 0.319467 0.0314522 0.0808109 0.608844 0.0203276 0.0510002 0.00291064 0.0110698 0.0117805 0.33394 0.0137759 0.330664 0.850385 0.0187114 0.956077 0.0151422 0.00388069 0.120029 0.246306 0.0126418 0.726081 0.050815 0.121414 0.0128907 0.0443934 0.120001 0.0248422 0.884643
0.608485 0.896967 0.100862 0.28334 0.651081 0.558342 0.265802 0.991655 0.172741 0.706292 0.125484 0.958673 0.902537 0.990709 0.243996 0.869243 0.535466 0.992122 0.917414 0.96867 0.975123 0.987764 0.970688 0.909541 0.972177 0.971657 0.99163 0.0198177 0.99212 0.316507 0.967334 0.9673 0.112467 0.0563444 0.321334 0.765223 0.968674 0.746998 0.777831 0.281906 0.515614 0.879146 0.764611 0.505338 0.993072 0.155742 0.174737 0.974816 0.739433 0.0474898 0.00422732 0.00279856 0.851864 0.0196962 0.0100744 0.0913049 0.0217827 0.642102 0.0504304 0.0198576 0.877576 0.665517 0.878404 0.00291301 0.905108 0.0440911 0.0815075 0.895194 0.948367 0.822117 0.0771985 0.997355 0.31585 0.0309882 0.0804216 0.614558 0.0200965 0.0505463 0.0029108 0.0109904 0.0117655 0.33849 0.013749 0.334865 0.852454 0.018641 0.956935 0.0150181 0.00385841 0.119252 0.251167 0.012496 0.729059 0.0503616 0.120981 0.0127881 0.0440565 0.121269 0.0246235 0.885754
0.604909 0.897748 0.0999149 0.278945 0.654015 0.553699 0.261647 0.991703 0.171883 0.707591 0.123284 0.959136 0.903306 0.990778 0.241872 0.869866 0.531777 0.992127 0.918497 0.968722 0.975272 0.987905 0.971048 0.910138 0.972452 0.971876 0.991671 0.0195582 0.992127 0.311512 0.967449 0.967413 0.110463 0.0558317 0.318419 0.766276 0.968727 0.749064 0.779348 0.277503 0.512151 0.880417 0.7665 0.501132 0.993069 0.153518 0.176227 0.974965 0.740424 0.0468719 0.00416586 0.00278675 0.853924 0.0194198 0.0100705 0.0904563 0.0216859 0.647385 0.0499788 0.0196047 0.879256 0.66824 0.880151 0.00291363 0.905899 0.0437549 0.0810908 0.897029 0.94915 0.825422 0.0764775 0.997382 0.31223 0.0305293 0.0800179 0.62028 0.0198674 0.0500879 0.00291104 0.0109118 0.0117489 0.343107 0.0137222 0.339167 0.854507 0.018571 0.957784 0.0148919 0.00383598 0.118433 0.256168 0.0123518 0.732052 0.049914 0.120538 0.0126848 0.0437164 0.12258 0.0244056 0.886852
0.601276 0.898519 0.0989799 0.274533 0.656928 0.549011 0.257466 0.99175 0.171019 0.708903 0.121119 0.959602 0.904061 0.990847 0.239753 0.870489 0.528121 0.992133 0.919563 0.968775 0.975416 0.988045 0.971412 0.910751 0.972725 0.9721 0.99171 0.0192997 0.992134 0.306531 0.967566 0.967532 0.108503 0.0553184 0.315485 0.767401 0.968783 0.751195 0.780883 0.273086 0.508634 0.881678 0.76841 0.496849 0.993067 0.15129 0.177743 0.975108 0.741436 0.0462682 0.004106 0.00277499 0.855972 0.0191482 0.0100657 0.0896205 0.0215889 0.652667 0.0495342 0.0193584 0.880923 0.67099 0.881869 0.00291397 0.906669 0.0434203 0.0806599 0.898837 0.949907 0.828689 0.0757345 0.997407 0.308633 0.030074 0.0795979 0.62599 0.0196411 0.0496362 0.00291174 0.0108339 0.0117316 0.3478 0.0136963 0.343553 0.856544 0.0185018 0.958615 0.0147731 0.00381294 0.117623 0.261283 0.0122074 0.73507 0.0494617 0.120082 0.0125821 0.0433781 0.123944 0.0241921 0.887924
0.597525 0.899328 0.098032 0.270126 0.659863 0.544285 0.253335 0.991798 0.170124 0.710239 0.118975 0.960065 0.904822 0.990913 0.237599 0.871141 0.524451 0.992141 0.920616 0.96883 0.975559 0.988182 0.971764 0.911366 0.972993 0.972321 0.99175 0.0190442 0.992141 0.301631 0.967681 0.967653 0.106544 0.0548178 0.312476 0.768478 0.968838 0.75331 0.782402 0.26867 0.505095 0.882926 0.770338 0.492512 0.993065 0.14905 0.179288 0.975254 0.742425 0.0456572 0.00404656 0.0027633 0.857997 0.0188801 0.0100596 0.0888001 0.0214894 0.657944 0.0490865 0.0191143 0.882556 0.673706 0.883601 0.00291427 0.907455 0.0430862 0.0802191 0.900642 0.950663 0.831902 0.0750003 0.997432 0.30499 0.029627 0.0791707 0.631775 0.0194133 0.0491782 0.00291275 0.0107564 0.0117152 0.352522 0.0136722 0.347963 0.858564 0.018433 0.959433 0.0146535 0.00379091 0.1168 0.266499 0.0120679 0.738069 0.0490123 0.119628 0.0124845 0.0430407 0.125337 0.0239796 0.889018
0.593719 0.900124 0.0970972 0.26575 0.662819 0.539523 0.249224 0.991844 0.169203 0.711606 0.116853 0.960521 0.905589 0.990978 0.235451 0.871796 0.520704 0.992148 0.921658 0.96888 0.975701 0.988313 0.972107 0.911982 0.973263 0.972539 0.991791 0.0187908 0.992148 0.296721 0.967807 0.967774 0.10461 0.0543141 0.309489 0.769579 0.968889 0.755435 0.783918 0.264306 0.501435 0.884181 0.772294 0.488156 0.993063 0.146828 0.180884 0.975398 0.743447 0.0450513 0.00398787 0.00275179 0.860018 0.0186166 0.0100544 0.0879703 0.0213883 0.663243 0.0486443 0.018869 0.884183 0.676496 0.885303 0.00291476 0.908254 0.0427601 0.0797739 0.902408 0.951416 0.835104 0.0742641 0.997457 0.301378 0.0291859 0.0787436 0.637503 0.0191934 0.0487179 0.00291299 0.0106792 0.0116976 0.35733 0.013649 0.352453 0.860584 0.0183626 0.960235 0.0145329 0.00376896 0.115965 0.271775 0.0119284 0.741089 0.0485827 0.119157 0.0123851 0.042705 0.126759 0.0237678 0.890093
0.589865 0.900937 0.0961356 0.26137 0.665757 0.534721 0.245118 0.991889 0.168308 0.712979 0.114758 0.960966 0.90636 0.991044 0.233293 0.872456 0.516922 0.992156 0.922688 0.968934 0.975841 0.988445 0.972452 0.912604 0.973525 0.972754 0.99183 0.0185425 0.992156 0.291852 0.967922 0.967891 0.10271 0.053806 0.306499 0.770705 0.968941 0.757549 0.785462 0.259947 0.497843 0.885442 0.774275 0.483739 0.993061 0.144635 0.182519 0.975544 0.744513 0.0444542 0.00393125 0.00274051 0.862032 0.0183551 0.0100476 0.0871412 0.021286 0.668534 0.0482089 0.0186302 0.885802 0.679328 0.886994 0.00291539 0.909037 0.0424245 0.0793133 0.904158 0.952154 0.838257 0.0735265 0.997481 0.297721 0.0287448 0.0783051 0.643271 0.0189747 0.0482629 0.00291365 0.0106029 0.0116808 0.362184 0.0136226 0.356993 0.86258 0.0182875 0.96102 0.0144128 0.00374648 0.115152 0.277211 0.0117907 0.744095 0.0481468 0.118667 0.0122873 0.042376 0.128217 0.0235541 0.891174
0.585957 0.901769 0.0951583 0.257035 0.66875 0.529882 0.241089 0.991935 0.167371 0.714341 0.112677 0.961411 0.907126 0.99111 0.231129 0.87312 0.513084 0.992161 0.923716 0.968986 0.975978 0.988575 0.972793 0.913207 0.973786 0.972969 0.991871 0.0182994 0.992162 0.287006 0.968048 0.968021 0.100834 0.0533043 0.303468 0.771877 0.968994 0.75969 0.786998 0.255621 0.494155 0.886678 0.776235 0.479274 0.993058 0.142449 0.184202 0.97569 0.745568 0.0438607 0.00387477 0.00272962 0.864023 0.0180955 0.0100409 0.0863069 0.0211833 0.673821 0.0477749 0.0183954 0.887409 0.682198 0.888673 0.00291618 0.909819 0.0420929 0.0788636 0.905879 0.95288 0.84137 0.0727988 0.997505 0.294047 0.0283146 0.077874 0.649032 0.0187606 0.0478113 0.00291464 0.0105266 0.0116621 0.367078 0.0135973 0.361592 0.864582 0.0182149 0.961802 0.0142936 0.0037241 0.114328 0.282731 0.0116563 0.747151 0.0477077 0.118159 0.0121899 0.0420444 0.129726 0.0233399 0.892246
0.582003 0.90259 0.0942084 0.252699 0.671757 0.525009 0.237027 0.991982 0.166405 0.715732 0.110618 0.961852 0.907902 0.991172 0.22899 0.873807 0.509221 0.992169 0.92473 0.969037 0.976116 0.988704 0.97313 0.91383 0.974043 0.973182 0.991911 0.0180587 0.992169 0.282161 0.968174 0.968144 0.0989746 0.0528145 0.300446 0.773063 0.969048 0.761821 0.788567 0.251307 0.490442 0.887932 0.778212 0.47479 0.993055 0.140257 0.185914 0.975835 0.746652 0.0432733 0.00381888 0.00271938 0.865977 0.0178392 0.010033 0.0854747 0.0210843 0.679102 0.0473467 0.0181624 0.889002 0.68502 0.890327 0.0029171 0.91061 0.0417521 0.0784065 0.907585 0.953604 0.844452 0.0720518 0.997528 0.290331 0.0278881 0.0774028 0.654772 0.0185479 0.0473589 0.00291565 0.0104523 0.0116438 0.372073 0.0135716 0.366249 0.866538 0.0181387 0.96257 0.0141751 0.00370249 0.113504 0.288338 0.0115208 0.750206 0.0472775 0.117663 0.0120957 0.0417089 0.131291 0.0231289 0.893318
0.578033 0.90341 0.0932491 0.248409 0.674733 0.520066 0.233027 0.992029 0.165466 0.717146 0.108573 0.962294 0.908696 0.991234 0.226825 0.874493 0.505267 0.992176 0.925732 0.969092 0.976254 0.988832 0.973462 0.914457 0.974298 0.973395 0.991949 0.0178209 0.992175 0.277382 0.968303 0.968267 0.0971383 0.0523226 0.297388 0.774271 0.969104 0.763946 0.790106 0.247038 0.486694 0.889176 0.780223 0.47025 0.993053 0.138084 0.187688 0.975985 0.747739 0.0426934 0.00376474 0.00270878 0.867943 0.0175892 0.0100256 0.0846413 0.0209822 0.684345 0.0469185 0.0179295 0.890585 0.687852 0.891979 0.00291786 0.911389 0.041421 0.0779589 0.909267 0.954309 0.847505 0.0713084 0.997551 0.286636 0.0274725 0.0769494 0.66048 0.0183369 0.0469095 0.00291651 0.0103794 0.0116255 0.377109 0.0135465 0.370999 0.868495 0.0180638 0.963316 0.0140595 0.0036808 0.112648 0.294021 0.0113882 0.75326 0.0468547 0.117152 0.0119998 0.0413701 0.13288 0.0229116 0.894368
0.573995 0.904231 0.0922627 0.244135 0.67772 0.515105 0.228992 0.992076 0.164519 0.718587 0.106574 0.962728 0.909479 0.991296 0.224634 0.875198 0.50133 0.992183 0.926722 0.96915 0.97639 0.988958 0.973787 0.915089 0.974554 0.973606 0.991988 0.0175859 0.992183 0.272623 0.968433 0.968395 0.0953445 0.0518412 0.29434 0.775505 0.969158 0.766134 0.791655 0.242769 0.482894 0.890407 0.782197 0.465683 0.99305 0.135891 0.189485 0.976133 0.748814 0.0421194 0.00371131 0.00269832 0.869879 0.0173402 0.0100179 0.0837948 0.0208781 0.689622 0.0464963 0.0177015 0.892151 0.690723 0.89363 0.00291924 0.912169 0.0410764 0.0774796 0.910947 0.955008 0.850504 0.0705578 0.997573 0.282913 0.0270598 0.076473 0.666248 0.0181256 0.0464529 0.0029175 0.0103075 0.0116068 0.382232 0.0135212 0.375781 0.870444 0.0179898 0.964061 0.0139456 0.00365911 0.111793 0.29983 0.0112588 0.756313 0.046429 0.11662 0.0119044 0.0410351 0.134531 0.0226979 0.895422
0.569893 0.905051 0.0912863 0.23988 0.680771 0.510161 0.224996 0.99212 0.163522 0.720036 0.104587 0.963156 0.910272 0.991358 0.222414 0.875886 0.497367 0.99219 0.927705 0.969202 0.976527 0.989083 0.974109 0.9157 0.974799 0.973815 0.992026 0.0173509 0.99219 0.267887 0.968558 0.968526 0.0935553 0.0513395 0.291267 0.77676 0.969216 0.768343 0.793212 0.238526 0.479066 0.891642 0.784201 0.461055 0.993046 0.133757 0.191336 0.976285 0.749893 0.0415525 0.00365937 0.00268804 0.871825 0.017094 0.0100109 0.0829637 0.0207735 0.69486 0.0460773 0.0174802 0.893732 0.69361 0.895258 0.00292038 0.912948 0.0407347 0.0770145 0.912583 0.955702 0.85349 0.06981 0.997595 0.279182 0.0266582 0.0759973 0.671884 0.0179172 0.0459938 0.00291763 0.010236 0.0115889 0.387386 0.0134943 0.380619 0.872366 0.0179144 0.964793 0.0138307 0.00363774 0.11094 0.305752 0.0111318 0.759353 0.0460116 0.116082 0.0118149 0.0406964 0.136249 0.0224878 0.896474
0.565709 0.90587 0.0903245 0.235639 0.68384 0.505175 0.221051 0.992166 0.162536 0.721496 0.102621 0.963585 0.911062 0.991419 0.220203 0.876602 0.493321 0.992197 0.928677 0.969259 0.976662 0.989204 0.974427 0.91632 0.975043 0.974025 0.992065 0.0171208 0.992197 0.263194 0.968695 0.968655 0.091803 0.050846 0.288184 0.778033 0.969272 0.770547 0.794783 0.234303 0.475235 0.892853 0.786171 0.456395 0.993043 0.131629 0.193244 0.976433 0.751012 0.0409929 0.00360786 0.00267823 0.873744 0.0168509 0.0100033 0.0821322 0.0206696 0.700076 0.0456587 0.0172604 0.895268 0.696525 0.896862 0.00292172 0.91372 0.0404006 0.0765306 0.914204 0.956381 0.856422 0.069064 0.997616 0.275457 0.0262633 0.0755083 0.677569 0.0177121 0.0455409 0.00291902 0.0101645 0.0115688 0.392587 0.0134661 0.385561 0.874255 0.0178356 0.965505 0.0137161 0.0036161 0.110069 0.311775 0.0110036 0.76241 0.0455977 0.115522 0.0117219 0.0403495 0.137972 0.0222824 0.89753
0.561477 0.906693 0.0893434 0.231417 0.686932 0.500116 0.217134 0.99221 0.161535 0.722975 0.100709 0.964007 0.911855 0.99148 0.218005 0.877304 0.489238 0.992204 0.929636 0.96931 0.976793 0.989322 0.974738 0.916961 0.975286 0.974232 0.992104 0.0168933 0.992205 0.258538 0.968833 0.968791 0.0900575 0.0503609 0.285078 0.779302 0.969323 0.772778 0.796339 0.230134 0.471295 0.894069 0.788159 0.451705 0.99304 0.12953 0.195212 0.976588 0.752158 0.0404305 0.00355765 0.00266884 0.875642 0.0166098 0.00999538 0.0812983 0.0205632 0.705247 0.0452419 0.0170468 0.896778 0.699478 0.898448 0.00292327 0.914511 0.0400671 0.0760559 0.915784 0.957051 0.859331 0.0683157 0.997638 0.271731 0.0258693 0.0750223 0.683199 0.0175102 0.0450963 0.0029203 0.0100927 0.0115484 0.397857 0.0134377 0.390543 0.876153 0.0177576 0.966209 0.0136023 0.00359479 0.109192 0.317888 0.0108796 0.765473 0.0451832 0.11496 0.0116316 0.0400096 0.139757 0.0220757 0.898577
0.557196 0.907519 0.0883644 0.22726 0.689985 0.49492 0.2132 0.992254 0.160506 0.724496 0.0988091 0.964431 0.912648 0.991539 0.215791 0.878034 0.485156 0.992212 0.930601 0.96937 0.976922 0.989441 0.975047 0.917592 0.975526 0.974437 0.992141 0.0166694 0.992213 0.253908 0.968966 0.968919 0.0883565 0.0498722 0.281924 0.780639 0.969382 0.775003 0.7979 0.225988 0.467368 0.895297 0.790174 0.447041 0.993038 0.127426 0.197234 0.97674 0.753282 0.0398768 0.00350726 0.00265897 0.877538 0.0163741 0.00998736 0.0804637 0.0204615 0.710377 0.0448279 0.0168302 0.898298 0.702416 0.900019 0.00292401 0.915285 0.0397182 0.0755751 0.91735 0.957706 0.862188 0.0675636 0.997658 0.268024 0.0254765 0.0745256 0.688837 0.0173104 0.0446432 0.00292155 0.0100219 0.0115287 0.403207 0.0134074 0.395583 0.87805 0.0176786 0.966901 0.0134884 0.0035736 0.108327 0.324109 0.0107565 0.7685 0.0447729 0.114393 0.0115401 0.0396667 0.141596 0.0218679 0.899639
0.552836 0.90835 0.0873952 0.223129 0.69308 0.489772 0.209335 0.992296 0.159473 0.726028 0.0969157 0.96485 0.913472 0.991597 0.213543 0.878755 0.481016 0.992219 0.931542 0.969426 0.977048 0.989556 0.975356 0.918227 0.975765 0.974637 0.992178 0.0164454 0.992221 0.249303 0.969105 0.969052 0.0866785 0.0493922 0.278772 0.78195 0.969433 0.777238 0.799466 0.221848 0.463429 0.896519 0.792224 0.442337 0.993034 0.125333 0.199314 0.976891 0.75445 0.0393343 0.00345778 0.0026497 0.8794 0.0161444 0.00997891 0.0796157 0.0203512 0.715513 0.0444195 0.016621 0.899805 0.705381 0.901569 0.00292483 0.916063 0.0393761 0.0751132 0.918907 0.958365 0.864991 0.0668165 0.997679 0.264308 0.0250953 0.0740267 0.69448 0.0171099 0.0441938 0.00292249 0.00995239 0.0115101 0.408543 0.0133796 0.400694 0.8799 0.017601 0.967582 0.0133759 0.00355259 0.107441 0.330429 0.0106359 0.771538 0.0443622 0.113822 0.0114529 0.0393243 0.143489 0.0216615 0.900656
0.548402 0.909177 0.0864189 0.219031 0.69617 0.484593 0.205513 0.99234 0.158399 0.727582 0.0950578 0.965262 0.914285 0.991656 0.211327 0.879486 0.476869 0.992227 0.932479 0.969479 0.977173 0.989669 0.975659 0.918865 0.976001 0.974838 0.992214 0.0162265 0.99223 0.244745 0.969246 0.969189 0.0850341 0.0489096 0.275632 0.783285 0.969489 0.779468 0.801004 0.217779 0.459457 0.897728 0.794286 0.437514 0.993031 0.123255 0.201445 0.977042 0.75567 0.0387978 0.00340972 0.00264068 0.881253 0.0159128 0.00996931 0.0787693 0.0202391 0.720667 0.0440106 0.0164127 0.901287 0.708332 0.903126 0.00292615 0.916845 0.0390346 0.0746275 0.920438 0.959003 0.867774 0.0660807 0.997699 0.26061 0.0247151 0.0735182 0.700012 0.0169151 0.0437487 0.002924 0.00988402 0.0114887 0.414017 0.0133523 0.405861 0.881744 0.0175195 0.968252 0.0132654 0.00353164 0.106554 0.336871 0.0105165 0.77459 0.043957 0.113218 0.0113659 0.0389834 0.145444 0.0214554 0.901663
0.543928 0.910016 0.08544 0.214969 0.699252 0.479376 0.201721 0.992382 0.157339 0.729165 0.0932049 0.965675 0.915084 0.991712 0.209081 0.880217 0.472665 0.992235 0.933409 0.969536 0.977298 0.989782 0.975963 0.919506 0.976236 0.975041 0.992252 0.0160104 0.992238 0.240233 0.969383 0.969325 0.0834121 0.0484293 0.272468 0.784683 0.969543 0.781695 0.802601 0.213716 0.45543 0.89895 0.796321 0.432648 0.993027 0.121192 0.203633 0.977194 0.75686 0.0382682 0.00336209 0.00263195 0.883096 0.0156872 0.00995841 0.077918 0.0201285 0.725714 0.0436157 0.0162093 0.90274 0.71131 0.904642 0.00292694 0.917644 0.0386924 0.0741283 0.921942 0.959641 0.87052 0.0653436 0.997718 0.256879 0.0243427 0.0730058 0.705615 0.0167231 0.0433022 0.00292526 0.00981461 0.0114697 0.419495 0.0133243 0.411151 0.883567 0.01744 0.968904 0.013156 0.00351189 0.105688 0.343398 0.0103979 0.77762 0.0435496 0.112611 0.0112787 0.0386328 0.147423 0.0212478 0.902697
0.539345 0.910851 0.0844589 0.210905 0.702354 0.474093 0.197957 0.992426 0.156267 0.730782 0.0913883 0.966079 0.915888 0.991769 0.206819 0.880967 0.468435 0.992242 0.934322 0.969599 0.977425 0.989894 0.97626 0.920158 0.97647 0.975242 0.992288 0.0157966 0.992244 0.235743 0.96953 0.96947 0.0818046 0.0479529 0.269315 0.786082 0.969606 0.783987 0.804164 0.20969 0.451356 0.900155 0.798374 0.427765 0.993025 0.11916 0.205876 0.977344 0.758061 0.0377434 0.0033159 0.00262312 0.884895 0.0154627 0.00994894 0.0770824 0.020021 0.730719 0.0432206 0.016007 0.904202 0.71429 0.906153 0.0029277 0.918421 0.0383531 0.0736262 0.923416 0.960269 0.873193 0.0646141 0.997738 0.253188 0.0239774 0.0724867 0.711053 0.0165332 0.0428554 0.00292666 0.00974722 0.0114487 0.425063 0.0132951 0.416453 0.885374 0.0173563 0.969544 0.0130469 0.00349161 0.104796 0.350015 0.0102805 0.780664 0.0431566 0.112 0.0111911 0.0382888 0.149468 0.0210435 0.903722
0.534775 0.91167 0.0834845 0.206888 0.70549 0.468822 0.194222 0.992469 0.155179 0.732408 0.0896008 0.966479 0.916698 0.991826 0.204573 0.881718 0.464224 0.99225 0.935218 0.969659 0.977547 0.990004 0.97655 0.920809 0.976693 0.975442 0.992323 0.0155874 0.992253 0.231302 0.969667 0.969608 0.0802211 0.0474703 0.266145 0.7875 0.969669 0.78625 0.805726 0.205702 0.447231 0.90134 0.800417 0.422868 0.993022 0.11714 0.208146 0.9775 0.759285 0.0372228 0.00327082 0.00261454 0.88669 0.0152398 0.00993922 0.0762442 0.0199118 0.735753 0.0428254 0.0158062 0.905642 0.71729 0.90765 0.00292941 0.919203 0.0380183 0.0731198 0.924864 0.960883 0.875839 0.0638736 0.997757 0.249558 0.0236193 0.0719609 0.716552 0.0163455 0.0424111 0.00292786 0.00968067 0.0114286 0.430711 0.0132683 0.421823 0.88717 0.0172764 0.970174 0.0129391 0.00347188 0.1039 0.35675 0.0101629 0.783691 0.0427656 0.111386 0.0111078 0.0379422 0.151568 0.020843 0.904739
0.530127 0.912497 0.0824969 0.202959 0.70867 0.463513 0.190516 0.992511 0.154071 0.734074 0.0878388 0.966878 0.917519 0.991882 0.202301 0.882497 0.459954 0.992258 0.936117 0.96972 0.977669 0.990111 0.976838 0.921449 0.976919 0.975638 0.992359 0.0153797 0.992261 0.226921 0.969807 0.969751 0.0786796 0.0469936 0.262989 0.7889 0.969726 0.788528 0.807307 0.201761 0.443099 0.902533 0.802466 0.417944 0.993017 0.115133 0.210504 0.977655 0.760537 0.0367071 0.00322588 0.00260637 0.888472 0.0150223 0.00992952 0.0754203 0.019802 0.740735 0.0424313 0.0156137 0.907061 0.7203 0.909137 0.00293055 0.91999 0.0376774 0.072616 0.926294 0.961486 0.878448 0.063134 0.997775 0.245867 0.02326 0.0714327 0.721972 0.01616 0.0419625 0.00292914 0.00961474 0.0114075 0.436388 0.0132384 0.427211 0.888947 0.0171935 0.97079 0.0128307 0.00345195 0.102999 0.363549 0.0100492 0.786722 0.0423695 0.11075 0.0110239 0.0376034 0.153718 0.0206416 0.905734
0.525449 0.913322 0.0815077 0.199011 0.711804 0.458153 0.186837 0.992553 0.152939 0.735792 0.086096 0.967274 0.918335 0.991938 0.200037 0.883262 0.455598 0.992267 0.937002 0.969773 0.97779 0.990215 0.977118 0.9221 0.977139 0.975835 0.992393 0.0151755 0.99227 0.222588 0.969948 0.969895 0.0771511 0.0465249 0.259827 0.790299 0.969789 0.790834 0.808869 0.197849 0.438931 0.903714 0.80451 0.413044 0.993013 0.113148 0.212921 0.977809 0.761816 0.0361917 0.00318147 0.00259833 0.890211 0.0148069 0.00992044 0.074588 0.0196937 0.745684 0.0420428 0.015419 0.908487 0.72331 0.910595 0.00293194 0.920782 0.0373367 0.0720996 0.927704 0.962083 0.881033 0.0624025 0.997794 0.242161 0.0229081 0.0708991 0.727356 0.0159751 0.0415205 0.00293044 0.00954993 0.0113862 0.44213 0.0132092 0.432685 0.890708 0.0171147 0.971398 0.0127228 0.00343228 0.102101 0.37045 0.00993746 0.789727 0.0419771 0.110099 0.0109393 0.0372633 0.155949 0.0204396 0.906735
0.520755 0.914148 0.080535 0.19511 0.714953 0.452744 0.183191 0.992594 0.151808 0.737515 0.0844071 0.96766 0.919142 0.991993 0.197748 0.884038 0.451252 0.992275 0.93788 0.969839 0.97791 0.990318 0.977398 0.922752 0.977357 0.976024 0.992429 0.0149702 0.992277 0.218296 0.970092 0.970037 0.0756239 0.0460525 0.256643 0.79178 0.969848 0.793149 0.810444 0.193987 0.43475 0.904913 0.806533 0.408018 0.993009 0.111184 0.215423 0.977962 0.763112 0.0356834 0.00313867 0.00259057 0.891931 0.0145967 0.00991128 0.0737609 0.0195809 0.750569 0.0416485 0.0152305 0.909864 0.726362 0.912056 0.00293326 0.921562 0.0369934 0.0715927 0.929115 0.962674 0.88356 0.0616641 0.997811 0.238491 0.022561 0.0703654 0.732681 0.0157938 0.0410714 0.0029321 0.00948587 0.0113641 0.447901 0.0131798 0.438215 0.892454 0.01703 0.971991 0.0126157 0.00341268 0.101219 0.377451 0.00982512 0.792724 0.0415897 0.109441 0.0108567 0.036923 0.158233 0.0202388 0.907728
0.515958 0.914983 0.0795642 0.191289 0.718091 0.447354 0.179573 0.992636 0.150657 0.739255 0.0827137 0.968047 0.919954 0.992047 0.19549 0.884825 0.446864 0.992284 0.938743 0.9699 0.978028 0.990419 0.977674 0.923389 0.977574 0.976219 0.992464 0.014771 0.992285 0.214062 0.970235 0.970178 0.0741483 0.0455784 0.253431 0.793276 0.969907 0.79545 0.81204 0.190176 0.430525 0.90609 0.808592 0.403042 0.993005 0.109234 0.217946 0.978116 0.764425 0.0351865 0.00309652 0.00258334 0.893672 0.0143871 0.00990014 0.0729466 0.0194713 0.755421 0.0412674 0.015045 0.911235 0.729388 0.913475 0.00293475 0.92234 0.0366557 0.0710689 0.930491 0.963247 0.886055 0.0609253 0.997829 0.234845 0.0222202 0.069818 0.737986 0.0156135 0.040629 0.0029334 0.00942168 0.0113419 0.453697 0.0131509 0.443768 0.89419 0.0169446 0.972572 0.0125084 0.00339357 0.100319 0.384565 0.0097153 0.795732 0.0411996 0.108767 0.0107745 0.0365835 0.160587 0.0200401 0.90871
0.511101 0.91581 0.0785774 0.187496 0.721261 0.441933 0.176018 0.992676 0.149495 0.740999 0.0810448 0.968432 0.920761 0.9921 0.193232 0.885598 0.442489 0.992292 0.939609 0.969965 0.978149 0.99052 0.977944 0.924041 0.977789 0.976408 0.992497 0.0145755 0.992293 0.209853 0.970383 0.970322 0.0726943 0.0451132 0.250273 0.79479 0.969973 0.797771 0.813633 0.18637 0.426294 0.907266 0.810661 0.398025 0.993 0.107321 0.220545 0.978267 0.765752 0.0346932 0.00305497 0.00257591 0.895382 0.0141826 0.00988756 0.0721205 0.0193603 0.760213 0.0408884 0.0148609 0.91261 0.732417 0.914868 0.00293587 0.923124 0.0363175 0.0705491 0.93184 0.963819 0.888515 0.0601977 0.997846 0.231214 0.0218847 0.0692646 0.743255 0.0154397 0.0401896 0.00293459 0.00935715 0.0113171 0.459615 0.0131213 0.449383 0.895913 0.0168622 0.973144 0.0124024 0.00337437 0.0994074 0.391715 0.0096068 0.798741 0.0408139 0.108094 0.010692 0.0362446 0.163014 0.0198436 0.909686
0.506202 0.916636 0.0776024 0.18375 0.724427 0.436511 0.172494 0.992714 0.148332 0.742748 0.0794182 0.96881 0.921576 0.992151 0.190951 0.886391 0.438047 0.992299 0.940455 0.97003 0.978271 0.990619 0.978215 0.924685 0.977999 0.976596 0.992531 0.0143848 0.992299 0.205714 0.97053 0.970464 0.0712588 0.0446485 0.247079 0.796291 0.970035 0.800063 0.815199 0.182635 0.422022 0.908421 0.812691 0.392992 0.992996 0.105432 0.223202 0.978421 0.767123 0.0342048 0.00301418 0.00256841 0.897071 0.0139805 0.00987526 0.0712852 0.0192482 0.764976 0.0405135 0.0146804 0.913961 0.735459 0.916274 0.0029372 0.923892 0.0359816 0.0700258 0.933173 0.964376 0.890941 0.0594671 0.997863 0.227565 0.0215525 0.0687187 0.748461 0.0152622 0.0397498 0.00293621 0.00929417 0.011295 0.465518 0.0130898 0.455114 0.8976 0.0167771 0.973703 0.0122971 0.00335553 0.0984867 0.398987 0.00949908 0.801703 0.0404351 0.107407 0.0106116 0.0359035 0.165513 0.0196497 0.910667
0.50124 0.917473 0.0766436 0.180056 0.727603 0.431106 0.169027 0.992754 0.147139 0.744542 0.0778148 0.969187 0.922393 0.992202 0.188671 0.887176 0.433588 0.992307 0.941292 0.970091 0.978389 0.990717 0.97848 0.925336 0.978206 0.97678 0.992563 0.0141938 0.992308 0.201623 0.97068 0.970611 0.0698496 0.0441847 0.243893 0.797826 0.970102 0.802377 0.816783 0.178929 0.417721 0.909564 0.814754 0.387938 0.992991 0.103554 0.225928 0.978575 0.768521 0.0337218 0.0029743 0.00256157 0.898755 0.0137818 0.00986158 0.0704662 0.0191382 0.769727 0.0401385 0.0145012 0.915305 0.738552 0.917641 0.00293839 0.924665 0.0356345 0.0694964 0.934472 0.964932 0.89331 0.05874 0.997879 0.223986 0.0212301 0.0681649 0.753621 0.015088 0.0393097 0.00293758 0.00923227 0.0112711 0.471492 0.0130594 0.460838 0.899274 0.0166881 0.974253 0.0121943 0.0033364 0.0975589 0.406352 0.00939469 0.804689 0.0400467 0.106714 0.0105308 0.0355639 0.168094 0.0194531 0.911642
0.49621 0.918309 0.0756901 0.176387 0.730748 0.425668 0.165607 0.992792 0.145955 0.746333 0.0762453 0.969559 0.923212 0.992253 0.186421 0.887967 0.429062 0.992315 0.942116 0.970156 0.978508 0.990813 0.978738 0.925987 0.978412 0.976968 0.992595 0.0140028 0.992316 0.197554 0.970823 0.970757 0.0684658 0.0437178 0.240685 0.799382 0.970165 0.804694 0.818397 0.17526 0.41338 0.910717 0.816824 0.382852 0.992987 0.101679 0.228756 0.978729 0.769907 0.0332426 0.00293561 0.00255447 0.900403 0.013584 0.0098465 0.0696445 0.0190238 0.774424 0.0397578 0.0143236 0.916618 0.7416 0.918986 0.00294043 0.925433 0.035294 0.0689616 0.935767 0.965477 0.895648 0.0580136 0.997895 0.220365 0.0209071 0.0676015 0.758707 0.0149149 0.0388749 0.00293866 0.00916927 0.0112461 0.477496 0.0130303 0.466617 0.900926 0.0165996 0.974792 0.0120915 0.00331807 0.0966585 0.413729 0.00929002 0.807659 0.0396676 0.106014 0.0104524 0.035228 0.170737 0.0192565 0.912617
0.491166 0.919138 0.0747462 0.172763 0.733899 0.42015 0.162202 0.992832 0.144719 0.748126 0.0746899 0.969929 0.924031 0.992303 0.184143 0.888771 0.424505 0.992324 0.942936 0.970224 0.978621 0.990909 0.978995 0.926638 0.978613 0.977154 0.992627 0.0138181 0.992325 0.193544 0.970973 0.97091 0.0671071 0.0432605 0.237492 0.800916 0.970231 0.807021 0.819975 0.171677 0.409026 0.911858 0.818868 0.377694 0.992982 0.099854 0.231629 0.978886 0.771298 0.032769 0.00289693 0.00254776 0.902039 0.0133909 0.00983171 0.0688291 0.0189132 0.779022 0.0393883 0.0141504 0.917921 0.74466 0.920309 0.00294233 0.926201 0.0349592 0.0684314 0.937024 0.966011 0.897938 0.057302 0.997911 0.21678 0.0205899 0.0670395 0.76375 0.0147447 0.0384457 0.00294092 0.00910841 0.0112222 0.48355 0.0129993 0.472479 0.90255 0.0165113 0.975318 0.01199 0.00330007 0.0957473 0.421226 0.00918793 0.81061 0.0392942 0.105296 0.0103734 0.0348807 0.17346 0.0190642 0.913585
0.486105 0.919971 0.073803 0.169169 0.737083 0.414653 0.158892 0.99287 0.143511 0.749945 0.0731613 0.97029 0.924847 0.992352 0.181873 0.889585 0.41996 0.992333 0.943736 0.970288 0.978736 0.991001 0.979249 0.927285 0.978814 0.977339 0.99266 0.0136352 0.992334 0.189602 0.971127 0.971059 0.0657552 0.0427999 0.234306 0.802503 0.970298 0.809355 0.821585 0.168096 0.404618 0.912989 0.820929 0.372563 0.992977 0.0980308 0.234562 0.979041 0.772738 0.0323037 0.00285982 0.00254146 0.903668 0.0131999 0.00981829 0.0680174 0.0187992 0.783593 0.0390109 0.0139772 0.919211 0.747734 0.921628 0.00294423 0.926963 0.0346232 0.0678893 0.93826 0.966532 0.900175 0.0565821 0.997926 0.213189 0.0202803 0.0664704 0.768772 0.0145758 0.0380088 0.00294236 0.00904786 0.0111979 0.489587 0.0129651 0.478388 0.904145 0.0164216 0.975836 0.0118884 0.00328151 0.09482 0.428831 0.00908731 0.81354 0.0389241 0.104561 0.0102968 0.0345465 0.176256 0.018872 0.914537
0.480942 0.920803 0.0728388 0.165625 0.740244 0.409107 0.155591 0.992908 0.142255 0.75184 0.0716482 0.970651 0.925649 0.992402 0.179593 0.89041 0.415403 0.992341 0.944529 0.970353 0.978846 0.991093 0.979504 0.927933 0.979014 0.97752 0.992692 0.0134534 0.99234 0.185693 0.971278 0.971218 0.0644307 0.0423463 0.231091 0.804115 0.97037 0.811689 0.823179 0.164556 0.400166 0.914103 0.822969 0.367426 0.992973 0.0962322 0.23759 0.979194 0.774192 0.0318432 0.00282321 0.00253471 0.905256 0.0130119 0.00980507 0.0672061 0.0186873 0.788128 0.0386366 0.0138093 0.920492 0.750798 0.922931 0.00294593 0.927717 0.0342866 0.0673399 0.939493 0.967054 0.902365 0.0558659 0.997941 0.209636 0.0199736 0.0658933 0.773725 0.0144085 0.0375718 0.00294404 0.00898625 0.0111718 0.495707 0.0129306 0.484317 0.905728 0.0163353 0.976341 0.0117887 0.00326392 0.0938982 0.436498 0.00898549 0.816473 0.0385497 0.103823 0.0102205 0.0342075 0.179126 0.0186811 0.915493
0.475734 0.921636 0.0718974 0.162134 0.743407 0.403499 0.152323 0.992945 0.140997 0.753704 0.0701728 0.971008 0.926453 0.992449 0.177305 0.891216 0.410779 0.992349 0.945323 0.970421 0.978956 0.991184 0.979751 0.928585 0.97921 0.977705 0.992724 0.0132747 0.992349 0.181836 0.971426 0.97137 0.0631337 0.0418904 0.227896 0.805737 0.97044 0.813986 0.824771 0.161071 0.395703 0.915218 0.825016 0.362331 0.992968 0.0944522 0.240705 0.97935 0.775686 0.0313896 0.00278762 0.00252833 0.906828 0.0128266 0.0097907 0.0663988 0.0185709 0.792622 0.0382639 0.0136452 0.921751 0.753861 0.924218 0.00294808 0.928476 0.0339504 0.0667918 0.94069 0.967559 0.904516 0.0551502 0.997956 0.206122 0.019675 0.0653313 0.778578 0.0142426 0.0371482 0.00294546 0.00892671 0.0111472 0.501884 0.0128954 0.490365 0.907302 0.0162438 0.976829 0.0116906 0.00324645 0.0929543 0.44418 0.00888629 0.819384 0.0381785 0.103084 0.0101437 0.0338739 0.182071 0.0184911 0.916438
0.470493 0.922464 0.0709428 0.158716 0.746628 0.397959 0.149108 0.992982 0.13974 0.755599 0.0687194 0.971358 0.927264 0.992496 0.175032 0.892036 0.406156 0.992358 0.946094 0.970496 0.979066 0.991272 0.979996 0.929231 0.979406 0.977886 0.992754 0.0130972 0.992359 0.178042 0.971579 0.971524 0.0618548 0.0414413 0.22472 0.807364 0.970511 0.81631 0.826362 0.157666 0.391221 0.916322 0.827079 0.357208 0.992963 0.092696 0.243888 0.979503 0.777158 0.0309412 0.00275265 0.00252251 0.908384 0.0126449 0.00977601 0.0656017 0.0184557 0.797027 0.0378932 0.0134823 0.922989 0.756915 0.925492 0.00294896 0.929239 0.0336155 0.0662414 0.941878 0.968057 0.906647 0.05444 0.99797 0.202643 0.0193793 0.0647599 0.783404 0.0140803 0.0367291 0.00294744 0.00886746 0.0111219 0.50804 0.0128612 0.49638 0.908857 0.0161558 0.97731 0.0115927 0.00322881 0.0920148 0.451957 0.00878977 0.822244 0.0378138 0.102338 0.0100696 0.0335299 0.185096 0.0183015 0.91738
0.465282 0.923308 0.0700144 0.155327 0.749784 0.39241 0.145946 0.993018 0.13846 0.757503 0.0672879 0.971708 0.928072 0.992542 0.172788 0.892862 0.401517 0.992367 0.946858 0.970567 0.97918 0.991359 0.980235 0.929876 0.9796 0.978065 0.992786 0.0129246 0.992369 0.174336 0.971728 0.971672 0.0606026 0.0409877 0.221529 0.808976 0.970584 0.818637 0.827996 0.154336 0.386778 0.917426 0.829127 0.352025 0.992959 0.0909562 0.24714 0.979657 0.778668 0.0304957 0.00271832 0.00251621 0.909925 0.012466 0.00976169 0.0648072 0.0183401 0.801402 0.0375268 0.0133201 0.924206 0.759992 0.926734 0.00295122 0.929987 0.0332809 0.0656871 0.943042 0.968545 0.908733 0.0537408 0.997984 0.199154 0.0190905 0.0641716 0.788163 0.0139227 0.0363068 0.00294946 0.00880704 0.0110961 0.514238 0.0128269 0.50246 0.910393 0.0160644 0.977781 0.0114956 0.00321143 0.0910778 0.459758 0.0086938 0.825115 0.0374513 0.101579 0.0099951 0.0331905 0.188226 0.0181163 0.918308
0.459933 0.924136 0.0690801 0.151988 0.752941 0.386833 0.142812 0.993054 0.13719 0.759463 0.0658743 0.97205 0.928881 0.992589 0.170501 0.893713 0.396835 0.992376 0.94762 0.970642 0.979287 0.991445 0.980469 0.930517 0.97979 0.978241 0.992816 0.012751 0.992378 0.170627 0.971881 0.971827 0.0593774 0.0405342 0.218364 0.810646 0.970658 0.820975 0.829589 0.151016 0.382304 0.918524 0.831167 0.346885 0.992954 0.0892374 0.250506 0.979807 0.780206 0.0300633 0.00268505 0.00251028 0.911443 0.0122888 0.00974701 0.0640121 0.0182262 0.805685 0.0371623 0.0131586 0.925418 0.763071 0.927966 0.00295245 0.930734 0.0329458 0.065127 0.94418 0.969029 0.910778 0.0530395 0.997998 0.195682 0.0188031 0.0635817 0.792876 0.013762 0.0358917 0.00295083 0.00874899 0.0110673 0.520493 0.0127894 0.508542 0.911907 0.0159714 0.978241 0.0113986 0.0031946 0.0901324 0.467617 0.00859815 0.827941 0.0370851 0.100821 0.00992254 0.0328559 0.191404 0.0179259 0.919239
0.454567 0.924959 0.0681526 0.148713 0.756118 0.381281 0.139734 0.993089 0.1359 0.761463 0.0644968 0.97239 0.929675 0.992635 0.168246 0.894543 0.392151 0.992385 0.948366 0.970719 0.979396 0.99153 0.980703 0.931176 0.979977 0.978417 0.992848 0.0125805 0.992386 0.167002 0.972037 0.971982 0.058175 0.0400945 0.215204 0.812323 0.970736 0.82327 0.831193 0.147761 0.377759 0.919612 0.833192 0.341787 0.992949 0.0875538 0.253904 0.979959 0.781748 0.0296319 0.00265193 0.00250465 0.912943 0.0121149 0.00972955 0.0632166 0.018111 0.809944 0.0368041 0.0130025 0.926603 0.766127 0.92919 0.00295404 0.931482 0.0326185 0.064574 0.945303 0.969511 0.912775 0.0523499 0.998011 0.192246 0.018519 0.0629969 0.797497 0.0136028 0.0354762 0.00295234 0.00869049 0.0110407 0.526746 0.0127529 0.514733 0.91342 0.0158808 0.978694 0.0113035 0.00317809 0.0891951 0.475516 0.00850417 0.830759 0.0367174 0.100049 0.00984947 0.0325265 0.194678 0.0177394 0.920164
0.449178 0.925798 0.0672313 0.145486 0.759286 0.375723 0.136716 0.993125 0.134597 0.763488 0.0631373 0.972723 0.930485 0.99268 0.166006 0.895394 0.387441 0.992394 0.949107 0.970792 0.979506 0.991613 0.98093 0.931822 0.980167 0.978593 0.992878 0.0124148 0.992397 0.163412 0.972193 0.972133 0.0569862 0.0396597 0.212027 0.814013 0.970808 0.825573 0.832833 0.144546 0.373256 0.920697 0.83525 0.336614 0.992944 0.0858766 0.257389 0.98011 0.783281 0.0292112 0.00261955 0.00249924 0.914447 0.0119438 0.00971224 0.0624277 0.0179957 0.814112 0.0364426 0.0128482 0.927784 0.769214 0.930395 0.0029559 0.932233 0.0322882 0.0640202 0.946395 0.969981 0.914737 0.0516649 0.998023 0.188853 0.0182415 0.0623973 0.802049 0.013446 0.0350608 0.00295395 0.00863184 0.0110156 0.533043 0.0127181 0.520898 0.914906 0.0157904 0.979136 0.0112094 0.00316188 0.0882518 0.483511 0.00841239 0.833554 0.0363583 0.0992513 0.00977559 0.032188 0.198068 0.0175597 0.921076
0.443754 0.926628 0.0663116 0.142294 0.762462 0.370172 0.133724 0.993162 0.133265 0.76549 0.0618196 0.97305 0.931278 0.992725 0.163765 0.896257 0.382685 0.992404 0.94983 0.970865 0.979617 0.991696 0.981157 0.932464 0.980352 0.978767 0.992907 0.012252 0.992405 0.159868 0.97235 0.972291 0.055832 0.0392227 0.208876 0.815684 0.970881 0.827862 0.834442 0.141376 0.368721 0.921765 0.837271 0.331478 0.992939 0.0842443 0.260981 0.980264 0.784856 0.0287913 0.00258837 0.00249415 0.915915 0.0117743 0.00969361 0.0616465 0.0178777 0.818236 0.0360833 0.0126946 0.928946 0.772284 0.931568 0.0029578 0.932955 0.0319575 0.0634617 0.947479 0.970441 0.916678 0.0509838 0.998036 0.185463 0.0179686 0.0618046 0.80654 0.0132946 0.0346485 0.00295631 0.00857468 0.0109883 0.539336 0.0126805 0.527148 0.916364 0.0156996 0.979572 0.0111154 0.00314564 0.087302 0.491549 0.00832105 0.836323 0.0360027 0.0984714 0.00970532 0.031863 0.20154 0.0173794 0.921996
0.438331 0.92744 0.0653865 0.139148 0.765602 0.364661 0.13077 0.993195 0.131966 0.767491 0.060515 0.973373 0.932079 0.992769 0.161515 0.897114 0.377975 0.992414 0.950551 0.970937 0.979726 0.991777 0.98138 0.933094 0.980536 0.978938 0.992937 0.0120901 0.992412 0.156406 0.972506 0.972448 0.0547008 0.0387833 0.205747 0.81739 0.970961 0.830195 0.83604 0.138263 0.364109 0.922841 0.839282 0.326363 0.992934 0.0826212 0.264648 0.980418 0.786412 0.0283774 0.00255778 0.00248905 0.917369 0.0116082 0.00967689 0.0608549 0.0177625 0.822337 0.0357262 0.0125443 0.930092 0.775341 0.932725 0.0029596 0.93368 0.0316259 0.0629119 0.948529 0.970895 0.918577 0.0503035 0.998049 0.182093 0.0176991 0.0612092 0.81099 0.0131404 0.0342405 0.00295837 0.00851788 0.0109608 0.545659 0.0126432 0.533416 0.917805 0.0156098 0.979994 0.0110219 0.00312968 0.0863605 0.499591 0.00823021 0.839083 0.0356465 0.0976752 0.00963321 0.0315287 0.205089 0.0171982 0.922906
0.432847 0.928264 0.0644855 0.136076 0.768757 0.359052 0.12787 0.993229 0.130669 0.769493 0.0592243 0.973698 0.932872 0.992811 0.159281 0.89798 0.373222 0.992423 0.951265 0.971021 0.979832 0.991856 0.9816 0.93373 0.980719 0.979112 0.992965 0.0119294 0.992422 0.153007 0.972667 0.972602 0.0535828 0.0383518 0.202639 0.819095 0.971039 0.832469 0.83766 0.1352 0.359567 0.9239 0.841298 0.321195 0.992929 0.081021 0.268395 0.980572 0.788006 0.027969 0.00252706 0.0024845 0.918812 0.011447 0.00965754 0.0600847 0.0176465 0.826325 0.0353768 0.0123958 0.931219 0.778391 0.933868 0.00296162 0.934417 0.0312948 0.0623547 0.949561 0.97134 0.920431 0.0496339 0.99806 0.178805 0.0174324 0.0606171 0.815344 0.0129909 0.0338306 0.00296051 0.00846352 0.0109328 0.551996 0.0126061 0.539667 0.919215 0.0155185 0.980406 0.0109283 0.00311376 0.0854062 0.507673 0.00814167 0.841806 0.0352947 0.0968615 0.00956234 0.0312002 0.208723 0.0170185 0.923806
0.427316 0.92908 0.0635871 0.133031 0.771899 0.353447 0.125035 0.993263 0.129355 0.771572 0.0579693 0.974017 0.933655 0.992854 0.157061 0.898839 0.36845 0.992432 0.951969 0.971103 0.97994 0.991934 0.981817 0.934362 0.980898 0.979276 0.992994 0.0117719 0.992429 0.149658 0.972826 0.972762 0.0524897 0.0379185 0.199521 0.820815 0.971124 0.83475 0.839275 0.1322 0.354961 0.924941 0.843328 0.316037 0.992926 0.0794565 0.27221 0.980724 0.789615 0.0275672 0.00249783 0.00247972 0.920215 0.0112859 0.00963898 0.0593162 0.0175286 0.830245 0.0350233 0.0122506 0.932326 0.781414 0.934994 0.00296333 0.935136 0.0309695 0.0617942 0.950573 0.971778 0.922242 0.0489769 0.998072 0.17553 0.0171735 0.0600105 0.819587 0.0128427 0.0334239 0.00296247 0.00840797 0.010903 0.558339 0.0125668 0.545972 0.920621 0.0154254 0.980812 0.0108345 0.0030976 0.0844715 0.515783 0.00805572 0.844541 0.0349398 0.0960653 0.00949263 0.0308732 0.212477 0.0168385 0.924696
0.421792 0.929902 0.0627007 0.130062 0.775046 0.347904 0.122252 0.993296 0.12801 0.773641 0.0567361 0.974332 0.93444 0.992896 0.154834 0.899702 0.363628 0.99244 0.952664 0.971182 0.980044 0.992011 0.982028 0.935003 0.981075 0.979445 0.993022 0.011618 0.992439 0.146357 0.972982 0.972921 0.0514236 0.0374934 0.196405 0.822551 0.971207 0.837035 0.840901 0.129231 0.350304 0.925978 0.845336 0.310943 0.99292 0.0779235 0.276153 0.980875 0.791237 0.0271704 0.00246885 0.00247496 0.921602 0.0111264 0.00962047 0.058549 0.017411 0.834108 0.0346721 0.0121058 0.933421 0.784467 0.936103 0.00296529 0.935851 0.0306526 0.0612242 0.951557 0.972212 0.924007 0.0483205 0.998083 0.172251 0.0169235 0.0594081 0.823785 0.0126939 0.0330211 0.00296457 0.00835221 0.010875 0.564693 0.012528 0.552305 0.922008 0.0153324 0.981206 0.0107426 0.00308199 0.0835171 0.523888 0.00796808 0.847241 0.0345858 0.095241 0.00942454 0.0305483 0.216316 0.0166603 0.925597
0.41624 0.930713 0.0618112 0.127139 0.778179 0.342363 0.119533 0.993329 0.126679 0.775721 0.0555328 0.974644 0.935226 0.992938 0.152627 0.900561 0.358809 0.992449 0.953341 0.971271 0.98015 0.992086 0.982236 0.935628 0.981248 0.979615 0.99305 0.0114667 0.992449 0.143105 0.973139 0.973078 0.0503758 0.0370683 0.193371 0.824324 0.971288 0.839316 0.842528 0.126328 0.345665 0.927008 0.847325 0.305844 0.992914 0.0763969 0.280172 0.981026 0.792874 0.0267794 0.0024407 0.00247064 0.922981 0.0109692 0.00960052 0.0577752 0.0172945 0.837912 0.0343209 0.0119654 0.934496 0.787519 0.937197 0.00296752 0.936584 0.0303302 0.0606514 0.952529 0.972635 0.925753 0.0476664 0.998094 0.169019 0.0166728 0.0588095 0.8279 0.0125485 0.032623 0.00296674 0.00829776 0.0108442 0.571066 0.0124881 0.558622 0.923383 0.01524 0.98159 0.0106523 0.00306724 0.082567 0.532001 0.00788271 0.849915 0.0342383 0.0944236 0.00935822 0.0302307 0.220259 0.0164816 0.926503
0.410675 0.931519 0.0609209 0.124255 0.781315 0.336847 0.11684 0.993361 0.125329 0.777814 0.0543512 0.974956 0.935987 0.992978 0.150426 0.901427 0.35398 0.992459 0.954016 0.97136 0.980254 0.99216 0.982438 0.936255 0.981422 0.97978 0.993078 0.011318 0.992457 0.139923 0.973294 0.97324 0.0493422 0.0366444 0.190308 0.826078 0.97137 0.841586 0.844152 0.12348 0.341049 0.92803 0.849314 0.30079 0.992909 0.0748977 0.284306 0.981174 0.794548 0.0263949 0.0024129 0.00246619 0.924328 0.0108167 0.00957964 0.0570119 0.0171805 0.841642 0.0339732 0.0118261 0.935558 0.790516 0.938288 0.00296917 0.937297 0.0300044 0.0600785 0.953487 0.973054 0.927442 0.0470177 0.998104 0.165807 0.0164277 0.0582099 0.831942 0.0124049 0.0322294 0.00296904 0.00824394 0.0108119 0.577433 0.0124475 0.564974 0.924741 0.0151492 0.981967 0.0105625 0.00305172 0.0816375 0.540143 0.00779873 0.852557 0.0338916 0.0935887 0.00929058 0.0299092 0.224333 0.0163057 0.927393
0.405075 0.932325 0.0600383 0.121431 0.784437 0.331311 0.114192 0.993393 0.124002 0.779936 0.0531888 0.975257 0.936768 0.993017 0.14822 0.902305 0.349164 0.992467 0.954692 0.971444 0.980359 0.992232 0.982641 0.936888 0.981591 0.979943 0.993107 0.0111696 0.992467 0.136821 0.973456 0.973398 0.0483416 0.0362245 0.187257 0.827839 0.971459 0.843843 0.845784 0.120663 0.336379 0.929037 0.851312 0.295693 0.992903 0.073429 0.288493 0.98132 0.796228 0.0260163 0.00238557 0.00246213 0.925656 0.0106659 0.00955955 0.0562636 0.0170624 0.845295 0.0336322 0.0116898 0.936617 0.793532 0.939347 0.00297154 0.938006 0.0296833 0.0594951 0.954422 0.973462 0.929104 0.0463727 0.998114 0.162643 0.0161813 0.0576094 0.835944 0.0122638 0.0318336 0.00297108 0.00819064 0.0107811 0.583772 0.0124066 0.571301 0.92608 0.0150561 0.982333 0.0104726 0.00303692 0.0806938 0.548246 0.00771702 0.855141 0.0335441 0.0927435 0.00922322 0.0295838 0.228467 0.0161289 0.928267
0.399494 0.93312 0.0591625 0.118671 0.787559 0.3258 0.111599 0.993423 0.122642 0.782067 0.0520476 0.975553 0.937523 0.993057 0.146028 0.903172 0.344292 0.992476 0.955351 0.971529 0.980466 0.992304 0.982836 0.937511 0.981764 0.980107 0.993132 0.0110254 0.992478 0.13374 0.973615 0.973559 0.047357 0.0358106 0.184227 0.829623 0.97155 0.846052 0.847414 0.117907 0.331717 0.930045 0.853263 0.290656 0.992897 0.0719794 0.292754 0.981472 0.797953 0.0256425 0.00235888 0.00245824 0.926972 0.0105192 0.00953723 0.0555109 0.0169456 0.848899 0.0332864 0.0115536 0.937651 0.796535 0.9404 0.0029731 0.938724 0.0293665 0.0589205 0.955338 0.973861 0.930737 0.0457331 0.998124 0.15953 0.0159429 0.0570069 0.839847 0.0121248 0.0314407 0.00297316 0.00813778 0.0107505 0.590144 0.0123658 0.577645 0.927393 0.0149646 0.98269 0.0103844 0.00302268 0.0797469 0.556373 0.00763639 0.857725 0.0332014 0.0918878 0.00915616 0.0292592 0.232742 0.0159607 0.929142
0.39386 0.933914 0.0583078 0.115947 0.790658 0.320337 0.109048 0.993454 0.121252 0.784205 0.050939 0.97585 0.938282 0.993096 0.143849 0.904066 0.339462 0.992486 0.955996 0.971619 0.980571 0.992374 0.983034 0.938146 0.981933 0.98027 0.993159 0.0108836 0.992487 0.130725 0.973774 0.973724 0.0463894 0.0353976 0.181216 0.831443 0.971637 0.848292 0.849043 0.115204 0.327023 0.931026 0.855249 0.285626 0.992891 0.0705425 0.297149 0.981622 0.799682 0.0252779 0.00233329 0.00245445 0.928266 0.0103735 0.00951605 0.0547656 0.0168294 0.852442 0.0329444 0.0114199 0.938672 0.79955 0.94142 0.00297554 0.939431 0.0290535 0.0583381 0.956229 0.974257 0.932328 0.0450978 0.998134 0.156433 0.0157085 0.0564116 0.843693 0.0119865 0.0310506 0.00297576 0.00808303 0.0107184 0.596501 0.0123253 0.584039 0.928685 0.0148728 0.983041 0.0102971 0.00300846 0.0788082 0.56452 0.00755777 0.860285 0.0328579 0.0910327 0.0090895 0.0289421 0.237078 0.0157899 0.929994
0.388215 0.934711 0.0574554 0.113283 0.793735 0.314896 0.106553 0.993485 0.119879 0.786402 0.0498473 0.976139 0.939037 0.993134 0.141674 0.904936 0.334634 0.992497 0.956633 0.971714 0.980672 0.992444 0.983227 0.938771 0.982097 0.980432 0.993184 0.010742 0.992496 0.127771 0.973934 0.973886 0.0454343 0.0349868 0.178225 0.833247 0.971727 0.850502 0.850655 0.112559 0.322329 0.932007 0.857231 0.280615 0.992885 0.0691409 0.30163 0.981772 0.801416 0.0249137 0.00230827 0.00245085 0.929554 0.0102288 0.0094935 0.0540251 0.0167129 0.855914 0.032596 0.0112877 0.939676 0.802536 0.942414 0.00297731 0.940122 0.0287388 0.0577677 0.957108 0.974644 0.933892 0.0444656 0.998143 0.153413 0.0154781 0.0558128 0.847436 0.0118511 0.0306612 0.00297838 0.00803027 0.0106859 0.602905 0.0122816 0.590451 0.92996 0.0147791 0.983383 0.010211 0.00299432 0.077863 0.572631 0.0074797 0.862796 0.0325155 0.0901766 0.00902214 0.0286229 0.241538 0.0156195 0.930847
0.382519 0.935494 0.0566113 0.110686 0.796778 0.309476 0.104107 0.993515 0.118518 0.788557 0.0487737 0.976427 0.9398 0.993171 0.139496 0.905828 0.329759 0.992505 0.957259 0.971808 0.980775 0.992512 0.983413 0.939394 0.982259 0.980592 0.993209 0.010603 0.992505 0.124861 0.974094 0.974048 0.0445067 0.0345762 0.175251 0.835061 0.971822 0.852719 0.852271 0.109959 0.317704 0.93297 0.859183 0.275584 0.99288 0.0677599 0.306195 0.981916 0.803126 0.0245571 0.00228355 0.00244699 0.930804 0.0100882 0.00947032 0.0532949 0.016598 0.859315 0.0322629 0.0111574 0.940661 0.805507 0.943404 0.00297959 0.940806 0.0284228 0.0571942 0.957969 0.975024 0.935417 0.0438465 0.998152 0.150402 0.0152489 0.0552138 0.851163 0.0117169 0.030283 0.00298076 0.00797855 0.0106535 0.60928 0.0122368 0.596805 0.931209 0.0146848 0.983717 0.0101264 0.00298029 0.076941 0.580771 0.00740301 0.865267 0.0321724 0.0893087 0.00895879 0.0283043 0.246061 0.0154512 0.931706
0.376814 0.936276 0.0557607 0.108148 0.799773 0.304085 0.101716 0.993544 0.117133 0.790756 0.0477287 0.976712 0.94056 0.993207 0.137345 0.906713 0.324951 0.992514 0.957874 0.9719 0.980877 0.992578 0.983599 0.940011 0.982421 0.980748 0.993234 0.010467 0.992513 0.121996 0.974261 0.974213 0.0435969 0.0341672 0.17234 0.836898 0.971921 0.854906 0.853875 0.107423 0.312992 0.93393 0.861128 0.270651 0.992874 0.0664006 0.310856 0.982066 0.804862 0.0242039 0.00225973 0.0024435 0.932051 0.00994876 0.00944734 0.052571 0.0164823 0.862646 0.0319189 0.0110299 0.941631 0.80843 0.944372 0.00298194 0.941498 0.0281075 0.056621 0.958807 0.975399 0.936911 0.0432324 0.998161 0.14744 0.0150266 0.0546018 0.854788 0.0115857 0.0299067 0.00298267 0.00792532 0.0106209 0.615637 0.0121947 0.603204 0.932455 0.0145896 0.984045 0.0100408 0.00296666 0.0760061 0.588838 0.00732677 0.86772 0.0318352 0.0884205 0.00889394 0.0279943 0.250728 0.0152859 0.932547
0.371174 0.937055 0.0549272 0.105636 0.802798 0.29871 0.0993591 0.993572 0.115773 0.792938 0.046699 0.976993 0.941314 0.993242 0.13521 0.907597 0.320099 0.992524 0.958488 0.971994 0.980986 0.992644 0.983783 0.940621 0.982576 0.980904 0.993259 0.0103311 0.992521 0.119201 0.974423 0.974376 0.0427052 0.0337573 0.169428 0.838696 0.972019 0.85709 0.855525 0.104941 0.30831 0.934876 0.863058 0.26573 0.992868 0.0650732 0.31561 0.982208 0.806629 0.0238583 0.00223634 0.00244006 0.933283 0.00981423 0.00942232 0.0518467 0.0163665 0.865904 0.0315842 0.0109032 0.942582 0.811365 0.945336 0.00298422 0.942193 0.0278047 0.0560388 0.959639 0.975765 0.93836 0.042623 0.99817 0.1445 0.0148086 0.0539963 0.858349 0.0114556 0.0295377 0.00298494 0.00787402 0.0105881 0.621968 0.0121498 0.609591 0.933675 0.0144952 0.984363 0.00995598 0.00295315 0.0750716 0.596909 0.00725251 0.87015 0.0315009 0.0875501 0.00883063 0.0276813 0.255528 0.0151219 0.933395
0.365481 0.937825 0.0541042 0.103171 0.805823 0.293399 0.0970407 0.9936 0.114399 0.79516 0.0456984 0.977269 0.942053 0.993278 0.133096 0.908496 0.315277 0.992533 0.959081 0.972092 0.981089 0.992709 0.983961 0.941232 0.982732 0.981057 0.993284 0.0101995 0.992531 0.11646 0.974583 0.974536 0.0418315 0.0333557 0.166529 0.840536 0.972117 0.859269 0.857141 0.102494 0.303691 0.935809 0.864958 0.260835 0.992862 0.0637569 0.320438 0.982354 0.808405 0.0235137 0.00221358 0.0024365 0.934477 0.00968202 0.00939617 0.0511291 0.0162513 0.869126 0.0312507 0.0107776 0.943525 0.814268 0.946277 0.00298591 0.942873 0.0274926 0.0554614 0.960453 0.976125 0.93979 0.0420185 0.998178 0.141597 0.0145981 0.0533931 0.861817 0.0113266 0.0291706 0.00298652 0.00782264 0.010555 0.628289 0.0121041 0.615982 0.934877 0.0144011 0.984673 0.00987105 0.00293976 0.0741354 0.60495 0.00717809 0.872552 0.0311679 0.0866604 0.00876545 0.0273666 0.260396 0.0149591 0.934238
0.359793 0.938595 0.0532808 0.100754 0.808812 0.288095 0.0947828 0.993629 0.113023 0.797376 0.0447192 0.977537 0.942781 0.993314 0.130984 0.909402 0.310444 0.992543 0.959677 0.972186 0.981192 0.992773 0.984138 0.941841 0.982888 0.98121 0.993308 0.010067 0.992541 0.113772 0.974749 0.974702 0.0409772 0.0329591 0.163655 0.842355 0.972213 0.861418 0.858738 0.10011 0.299043 0.936732 0.866877 0.256011 0.992855 0.0624665 0.325402 0.982499 0.810178 0.0231738 0.00219128 0.00243329 0.935658 0.00955287 0.0093719 0.0504222 0.0161343 0.872269 0.0309113 0.0106544 0.944446 0.817152 0.947209 0.002988 0.943544 0.0271842 0.0548902 0.961243 0.976481 0.94119 0.0414259 0.998185 0.138732 0.0143871 0.0527922 0.865224 0.0112002 0.0288051 0.00298853 0.00777217 0.0105209 0.63461 0.0120594 0.622379 0.936056 0.014309 0.984976 0.00978824 0.00292737 0.0732038 0.612994 0.0071059 0.874893 0.0308396 0.0857607 0.00870369 0.0270575 0.265451 0.0147987 0.935064
0.354063 0.93936 0.0524752 0.0983942 0.811792 0.282814 0.0925629 0.993655 0.111645 0.799613 0.0437532 0.977805 0.943508 0.993348 0.128877 0.910292 0.305625 0.992555 0.960262 0.972288 0.981294 0.992834 0.984312 0.942449 0.98304 0.981364 0.993332 0.00993875 0.99255 0.111144 0.974912 0.974867 0.040139 0.0325629 0.160808 0.844164 0.972314 0.86356 0.860353 0.0977472 0.294366 0.937656 0.868811 0.251186 0.992849 0.0612134 0.330443 0.982642 0.811977 0.0228365 0.00216988 0.00243031 0.936827 0.00942487 0.00934594 0.0497185 0.0160207 0.87536 0.0305754 0.010536 0.94536 0.820032 0.948118 0.00299095 0.944206 0.0268788 0.0543153 0.962023 0.976827 0.942554 0.0408397 0.998193 0.135895 0.014181 0.0521969 0.868567 0.0110757 0.0284377 0.00299051 0.00772122 0.0104855 0.640874 0.012013 0.62877 0.937217 0.0142157 0.985272 0.00970367 0.00291457 0.0722669 0.620943 0.00703524 0.877234 0.0305064 0.0848762 0.00864281 0.0267523 0.270563 0.0146386 0.935887
0.348372 0.940114 0.0516729 0.0960842 0.814748 0.277584 0.0903981 0.993682 0.110279 0.801847 0.0428101 0.978074 0.944226 0.993383 0.126797 0.911192 0.300827 0.992564 0.960842 0.97239 0.9814 0.992895 0.98448 0.943053 0.98319 0.981516 0.993355 0.00981176 0.99256 0.108569 0.975074 0.975029 0.0393215 0.0321683 0.157961 0.846 0.972414 0.865678 0.861975 0.0954373 0.289721 0.938563 0.870697 0.24643 0.992843 0.0599829 0.335609 0.982786 0.813807 0.0225079 0.0021486 0.00242732 0.937977 0.0092993 0.00932157 0.0490106 0.0159034 0.878386 0.0302414 0.0104172 0.946261 0.822905 0.949006 0.00299295 0.944875 0.0265758 0.053734 0.962783 0.977168 0.943878 0.0402516 0.9982 0.133119 0.0139775 0.0515944 0.871818 0.0109514 0.0280789 0.00299274 0.00767005 0.0104511 0.647123 0.0119644 0.635116 0.938359 0.0141193 0.985563 0.00962162 0.00290157 0.0713396 0.628821 0.00696565 0.879543 0.0301697 0.0839779 0.00858337 0.0264485 0.275828 0.0144803 0.936713
0.342672 0.940862 0.0508727 0.093824 0.817691 0.272386 0.0882753 0.993707 0.108887 0.804076 0.0418777 0.978333 0.944948 0.993416 0.124713 0.912095 0.296048 0.992573 0.961405 0.972494 0.981501 0.992956 0.984646 0.943655 0.983342 0.981668 0.993377 0.00968787 0.99257 0.106045 0.975236 0.975193 0.0385163 0.0317818 0.155144 0.847839 0.97252 0.867793 0.863585 0.0931675 0.285089 0.939464 0.872561 0.241685 0.992836 0.0587585 0.340865 0.982926 0.81562 0.0221808 0.00212839 0.00242423 0.939107 0.00917599 0.00929466 0.0483171 0.0157867 0.88134 0.0299086 0.0102987 0.947153 0.825738 0.949887 0.00299457 0.94553 0.0262741 0.0531514 0.963524 0.977504 0.945164 0.0396741 0.998207 0.130371 0.0137761 0.0509936 0.875003 0.0108295 0.0277213 0.00299472 0.00762059 0.0104177 0.653302 0.0119162 0.641418 0.939493 0.0140254 0.985848 0.00954176 0.00288916 0.0704239 0.63666 0.00689657 0.881803 0.0298416 0.0830838 0.0085234 0.0261491 0.281191 0.0143227 0.937533
0.336998 0.941603 0.050095 0.0916025 0.820609 0.267227 0.0862009 0.993733 0.10751 0.806336 0.0409814 0.978591 0.94566 0.993448 0.122665 0.913 0.291269 0.992585 0.961958 0.972599 0.981606 0.993015 0.984809 0.944261 0.983491 0.981818 0.993399 0.00956743 0.992579 0.103557 0.975396 0.975354 0.0377325 0.0313975 0.152367 0.849675 0.972627 0.869903 0.865206 0.0909485 0.280498 0.940363 0.87441 0.236986 0.99283 0.0575454 0.34624 0.983066 0.817463 0.0218578 0.00210827 0.00242165 0.940217 0.00905411 0.00926887 0.0476398 0.0156701 0.884222 0.0295815 0.0101832 0.948036 0.828542 0.950747 0.00299677 0.946182 0.0259769 0.0525624 0.964248 0.977835 0.946431 0.0391017 0.998213 0.127693 0.0135805 0.0503846 0.87814 0.0107057 0.0273694 0.00299731 0.00757238 0.0103799 0.659517 0.0118675 0.647723 0.940597 0.0139313 0.986121 0.00945992 0.00287698 0.0695038 0.644436 0.00682884 0.884074 0.0295177 0.0821784 0.00846462 0.0258524 0.286712 0.014167 0.938347
0.331348 0.94234 0.0493176 0.0894312 0.823501 0.262132 0.0841733 0.993758 0.106134 0.808586 0.0401048 0.978847 0.946368 0.993479 0.120625 0.913908 0.286489 0.992594 0.9625 0.972707 0.981709 0.993073 0.98497 0.944863 0.983636 0.981966 0.993422 0.0094489 0.992588 0.101119 0.975557 0.975514 0.0369684 0.0310131 0.149633 0.85152 0.972731 0.871983 0.866834 0.0887892 0.275883 0.941247 0.87626 0.232328 0.992824 0.0563677 0.351696 0.983205 0.819337 0.0215459 0.00208855 0.0024191 0.941307 0.00893692 0.00924187 0.046958 0.0155551 0.887054 0.0292598 0.0100701 0.9489 0.831341 0.951596 0.00299904 0.946823 0.0256781 0.0519877 0.964955 0.978164 0.94767 0.038538 0.99822 0.125048 0.0133875 0.0497906 0.881203 0.0105835 0.0270192 0.00299954 0.00752356 0.0103436 0.665698 0.0118178 0.654022 0.941684 0.0138363 0.986389 0.00938027 0.00286551 0.0685801 0.652162 0.0067612 0.88628 0.0291913 0.0812825 0.00840404 0.0255532 0.292315 0.0140127 0.939147
0.325739 0.943073 0.0485611 0.0873118 0.826373 0.257057 0.0821844 0.993783 0.104736 0.81085 0.0392422 0.979095 0.947061 0.993509 0.118599 0.91482 0.281721 0.992605 0.963044 0.972814 0.981814 0.99313 0.98513 0.945446 0.983779 0.982112 0.993443 0.00932993 0.992599 0.0987435 0.97572 0.975677 0.036215 0.0306315 0.146942 0.853357 0.972838 0.874043 0.868452 0.0866792 0.271265 0.94212 0.878075 0.227751 0.992819 0.0552148 0.357246 0.983347 0.821203 0.0212368 0.00206977 0.00241639 0.942386 0.00882169 0.00921437 0.04629 0.0154384 0.88982 0.028938 0.00995769 0.949737 0.834109 0.952424 0.00300112 0.947465 0.0253812 0.0514159 0.965648 0.978482 0.94887 0.0379772 0.998226 0.122429 0.0131987 0.0491987 0.884202 0.0104648 0.0266784 0.00300188 0.00747524 0.0103057 0.671827 0.0117676 0.660296 0.942747 0.0137416 0.986648 0.00930247 0.00285405 0.0676567 0.659801 0.00669494 0.888452 0.0288699 0.0803731 0.00834451 0.0252577 0.298074 0.0138606 0.939954
0.320098 0.943792 0.0478063 0.0852277 0.829196 0.252037 0.0802537 0.993807 0.103361 0.813121 0.0384077 0.979339 0.947748 0.993539 0.116592 0.915718 0.277014 0.992614 0.963577 0.972923 0.981912 0.993187 0.985285 0.946032 0.983923 0.982259 0.993464 0.00921371 0.992609 0.0964373 0.975879 0.97584 0.0354818 0.0302503 0.144245 0.855198 0.97295 0.876054 0.870061 0.0846127 0.266715 0.942986 0.879893 0.223195 0.992814 0.054094 0.362907 0.983485 0.823082 0.0209343 0.00205098 0.00241433 0.943448 0.00870584 0.00918555 0.0456165 0.0153256 0.892512 0.0286143 0.00984761 0.950559 0.836872 0.95324 0.00300341 0.948094 0.0250877 0.0508401 0.966326 0.978791 0.950054 0.0374218 0.998231 0.119833 0.0130143 0.0486053 0.887141 0.0103475 0.0263382 0.00300389 0.00742823 0.0102671 0.677901 0.0117158 0.666548 0.943789 0.0136466 0.986904 0.00922517 0.00284303 0.0667603 0.667361 0.0066312 0.890588 0.0285463 0.0794644 0.00828546 0.0249638 0.303897 0.0137082 0.940752
0.314473 0.944509 0.0470589 0.0831854 0.832028 0.247072 0.078362 0.993831 0.10199 0.815379 0.0375822 0.979577 0.948432 0.993569 0.114617 0.916621 0.27232 0.992624 0.964103 0.973036 0.982016 0.993241 0.985438 0.946617 0.984065 0.982403 0.993484 0.00910045 0.99262 0.0941531 0.976041 0.975999 0.0347639 0.0298727 0.141592 0.857052 0.973065 0.878088 0.871684 0.0825965 0.26219 0.943836 0.881688 0.218674 0.992808 0.0529857 0.368637 0.983621 0.82496 0.0206373 0.00203329 0.00241251 0.944479 0.00859304 0.00915697 0.0449573 0.0152112 0.895153 0.0282918 0.00973886 0.95138 0.839613 0.954038 0.00300528 0.948722 0.0247968 0.0502568 0.966991 0.979096 0.951205 0.0368796 0.998237 0.117292 0.0128328 0.0480219 0.889984 0.0102333 0.0260001 0.00300637 0.00738084 0.0102298 0.683931 0.0116655 0.67272 0.944817 0.0135534 0.987153 0.00914599 0.00283232 0.0658478 0.674803 0.00656797 0.892673 0.0282294 0.0785559 0.00822712 0.024673 0.309887 0.0135607 0.941539
0.308855 0.945221 0.046328 0.0812062 0.834818 0.242112 0.0765028 0.993854 0.100627 0.817672 0.0367887 0.979816 0.949112 0.993599 0.112666 0.917519 0.267565 0.992634 0.96462 0.973149 0.982118 0.993293 0.98559 0.947187 0.984203 0.982549 0.993505 0.00898804 0.992629 0.091934 0.9762 0.976159 0.0340595 0.0295002 0.13897 0.858899 0.973182 0.880078 0.873285 0.0806158 0.257684 0.944677 0.883466 0.214225 0.992801 0.0518946 0.374441 0.983758 0.826841 0.0203453 0.00201624 0.00241079 0.945498 0.00848307 0.00912835 0.0443094 0.0150935 0.89772 0.0279773 0.00963319 0.952178 0.842324 0.954828 0.0030078 0.949343 0.0245083 0.0496789 0.967639 0.979397 0.952326 0.0363415 0.998242 0.114789 0.0126557 0.0474359 0.892776 0.0101195 0.0256642 0.00300855 0.00733338 0.0101921 0.689921 0.0116139 0.678864 0.945838 0.0134581 0.987395 0.00906837 0.00282221 0.0649469 0.682217 0.00650564 0.894747 0.0279149 0.0776425 0.00816826 0.0243865 0.315993 0.0134117 0.942318
0.303279 0.945914 0.0455966 0.0792748 0.837577 0.23725 0.0746868 0.993876 0.0992467 0.819936 0.0360068 0.980048 0.949782 0.993628 0.11071 0.918429 0.262925 0.992644 0.965124 0.973266 0.98222 0.993346 0.985737 0.947762 0.984343 0.98269 0.993523 0.0088784 0.99264 0.0897583 0.976366 0.976321 0.0333752 0.0291316 0.136398 0.860726 0.973302 0.882061 0.87489 0.0786854 0.253156 0.945501 0.885238 0.2098 0.992795 0.0508289 0.380356 0.983893 0.82871 0.0200541 0.0019995 0.00240941 0.946499 0.00837424 0.00909839 0.0436619 0.0149793 0.900244 0.0276618 0.00952814 0.952968 0.84498 0.955603 0.00300972 0.949954 0.0242215 0.0490968 0.968276 0.979692 0.953416 0.0358142 0.998246 0.112343 0.0124802 0.0468525 0.895497 0.0100073 0.0253319 0.00301114 0.00728619 0.0101522 0.69588 0.0115639 0.684973 0.94684 0.0133675 0.987628 0.00899125 0.00281168 0.0640426 0.68957 0.00644461 0.896781 0.0276002 0.0767284 0.00811067 0.0240979 0.322237 0.0132653 0.943086
0.297737 0.946615 0.0448735 0.0773764 0.840332 0.232404 0.0729055 0.993898 0.0978837 0.822238 0.035245 0.980275 0.950457 0.993656 0.108778 0.919335 0.258289 0.992654 0.965628 0.973379 0.982322 0.993399 0.985882 0.948331 0.984483 0.982831 0.993543 0.00877188 0.992648 0.0876383 0.976528 0.976482 0.0327056 0.0287673 0.133837 0.862554 0.973419 0.884013 0.876504 0.0768071 0.248661 0.946329 0.886985 0.205423 0.992789 0.0497859 0.386352 0.984029 0.830614 0.0197626 0.00198304 0.00240789 0.947493 0.00826824 0.0090683 0.0430224 0.0148667 0.902707 0.0273453 0.00942284 0.953746 0.84762 0.956364 0.00301153 0.950567 0.0239361 0.0485311 0.968897 0.979979 0.954492 0.0352905 0.998251 0.109927 0.0123083 0.0462764 0.898159 0.00989716 0.0250045 0.00301342 0.00724164 0.0101131 0.701749 0.0115114 0.691024 0.947834 0.0132736 0.987859 0.00891577 0.00280123 0.0631553 0.696794 0.00638402 0.898801 0.0272852 0.0758105 0.00805496 0.0238159 0.328586 0.0131209 0.943844
0.292197 0.947304 0.0441632 0.0755363 0.843064 0.227627 0.071178 0.993918 0.0965325 0.824535 0.0344972 0.9805 0.951108 0.993684 0.106853 0.92024 0.253663 0.992663 0.966123 0.973493 0.982425 0.99345 0.986026 0.948903 0.984616 0.98297 0.993562 0.00866621 0.992658 0.0855676 0.976687 0.976645 0.0320445 0.0284053 0.131311 0.864369 0.973539 0.885965 0.878093 0.0749719 0.244226 0.947146 0.888717 0.201108 0.992783 0.0487592 0.392451 0.984163 0.83248 0.0194801 0.00196734 0.00240667 0.948475 0.00816471 0.00903862 0.0423855 0.0147507 0.905108 0.0270309 0.00932178 0.954514 0.850232 0.95711 0.00301415 0.951162 0.0236513 0.0479582 0.969497 0.980265 0.955531 0.0347739 0.998255 0.107556 0.0121389 0.04569 0.900744 0.00978992 0.0246788 0.00301554 0.00719581 0.0100733 0.707576 0.0114572 0.697037 0.948802 0.01318 0.988082 0.00883989 0.00279144 0.06227 0.703943 0.00632473 0.90077 0.0269737 0.0748972 0.00799928 0.0235383 0.335045 0.012978 0.944606
0.286729 0.947986 0.0434612 0.0737354 0.845749 0.222912 0.0694982 0.993939 0.0951732 0.826798 0.0337667 0.980719 0.95176 0.993712 0.104954 0.921142 0.24908 0.992673 0.966609 0.973607 0.982528 0.993501 0.986167 0.949471 0.984747 0.983109 0.993581 0.00856056 0.992668 0.0835513 0.976849 0.976804 0.0314041 0.0280504 0.128819 0.866192 0.973655 0.887875 0.87966 0.0731922 0.23982 0.94794 0.890442 0.196859 0.992778 0.0477561 0.398655 0.984296 0.83438 0.019205 0.00195198 0.00240514 0.949435 0.00806173 0.00900945 0.0417592 0.0146383 0.907458 0.02672 0.00922223 0.955262 0.852833 0.957842 0.00301614 0.951757 0.0233715 0.047383 0.970089 0.980546 0.956551 0.03426 0.998259 0.105232 0.0119727 0.045109 0.90327 0.00968159 0.0243541 0.00301795 0.0071509 0.0100341 0.713363 0.0114015 0.703008 0.949749 0.0130844 0.988303 0.00876504 0.00278108 0.0613911 0.710999 0.00626663 0.90272 0.0266558 0.0739899 0.00794352 0.023261 0.341646 0.0128345 0.945352
0.281305 0.948667 0.0427697 0.0719652 0.848441 0.218244 0.067849 0.993959 0.0938255 0.829049 0.0330519 0.980938 0.95241 0.993739 0.10308 0.922044 0.244511 0.992683 0.967089 0.973721 0.982628 0.99355 0.986306 0.950033 0.98488 0.983244 0.993599 0.00845948 0.992679 0.0815678 0.977009 0.976965 0.0307754 0.0276977 0.126344 0.86801 0.973773 0.889768 0.881231 0.0714429 0.235445 0.948726 0.892134 0.192681 0.992772 0.046785 0.40495 0.984426 0.836312 0.0189327 0.00193685 0.00240375 0.950374 0.0079619 0.00897959 0.0411379 0.0145233 0.90974 0.0264162 0.00912314 0.956003 0.855414 0.958562 0.00301826 0.952342 0.0230953 0.0468147 0.970665 0.980822 0.957535 0.0337552 0.998263 0.102941 0.0118085 0.0445384 0.905738 0.00957468 0.0240352 0.00302052 0.00710559 0.00999272 0.719092 0.011346 0.708934 0.950688 0.0129911 0.988514 0.00869118 0.00277179 0.0605152 0.717988 0.00620897 0.904622 0.0263438 0.0730783 0.0078881 0.0229821 0.348328 0.0126931 0.946092
0.27591 0.949337 0.0420847 0.0702386 0.851089 0.213637 0.0662392 0.993979 0.0924749 0.831306 0.0323562 0.981149 0.953045 0.993765 0.101234 0.922938 0.24 0.992693 0.967563 0.973841 0.982727 0.993597 0.986442 0.950593 0.985009 0.983378 0.993616 0.00835941 0.99269 0.0796321 0.977167 0.977128 0.0301571 0.0273455 0.123896 0.869825 0.973896 0.891647 0.882802 0.0697289 0.231088 0.949507 0.893815 0.188534 0.992766 0.0458212 0.411362 0.984553 0.838225 0.018665 0.00192248 0.00240267 0.951298 0.00786278 0.00894951 0.0405298 0.0144086 0.911975 0.0261098 0.00902712 0.956721 0.857966 0.959271 0.00302068 0.95293 0.0228204 0.046246 0.97123 0.981091 0.958498 0.0332548 0.998266 0.100699 0.011649 0.0439644 0.908153 0.00947043 0.0237252 0.00302269 0.0070612 0.00995218 0.724797 0.0112914 0.714812 0.951608 0.0128989 0.988722 0.00861874 0.00276292 0.0596382 0.724863 0.00615261 0.906519 0.0260382 0.0721442 0.0078331 0.022707 0.355181 0.0125533 0.946822
0.270553 0.950004 0.0414158 0.0685532 0.853706 0.209122 0.064662 0.993999 0.0911399 0.833603 0.031672 0.981363 0.953682 0.993791 0.0994158 0.923835 0.235525 0.992703 0.968028 0.973964 0.982827 0.993644 0.986573 0.951146 0.985136 0.983514 0.993634 0.00826243 0.9927 0.0777384 0.977323 0.977288 0.0295565 0.0269988 0.121503 0.871633 0.974016 0.893498 0.884359 0.0680553 0.226784 0.950284 0.895487 0.184475 0.99276 0.0448733 0.417856 0.984681 0.840132 0.0184009 0.00190865 0.00240156 0.952201 0.00776679 0.00891862 0.0399193 0.0142955 0.914163 0.0258026 0.00893175 0.957427 0.860459 0.959958 0.00302327 0.953513 0.0225482 0.0456798 0.971784 0.981357 0.959436 0.0327601 0.99827 0.0984971 0.0114906 0.0433935 0.91051 0.00936717 0.0234173 0.00302492 0.00701631 0.00991145 0.730432 0.0112371 0.720609 0.952515 0.0128047 0.988924 0.00854653 0.00275388 0.0587822 0.7316 0.00609607 0.908367 0.0257336 0.0712361 0.00777884 0.0224338 0.362094 0.0124186 0.947553
0.26524 0.950662 0.0407451 0.0669133 0.856284 0.204623 0.063128 0.994018 0.0897798 0.835858 0.0310078 0.98157 0.954312 0.993818 0.097593 0.924723 0.231062 0.992713 0.968483 0.974086 0.982924 0.99369 0.986704 0.951698 0.985263 0.983647 0.993652 0.00816444 0.992709 0.0758831 0.977484 0.977447 0.02897 0.0266542 0.119111 0.873418 0.974135 0.895335 0.885904 0.0664309 0.222488 0.95104 0.897135 0.180439 0.992755 0.043946 0.424414 0.984808 0.842047 0.0181413 0.00189515 0.0023999 0.953095 0.00767234 0.00888673 0.0393241 0.0141838 0.916282 0.0255003 0.00883767 0.958121 0.862938 0.960631 0.00302547 0.954089 0.0222759 0.0451138 0.972318 0.981615 0.960354 0.0322804 0.998273 0.0963405 0.0113353 0.0428266 0.912796 0.00926637 0.0231124 0.00302662 0.00697255 0.00986896 0.735979 0.0111812 0.726373 0.953405 0.0127118 0.989118 0.00847669 0.00274514 0.0579392 0.738239 0.00604153 0.910174 0.0254289 0.0703276 0.00772622 0.0221647 0.369168 0.0122825 0.948291
0.259981 0.951312 0.0400921 0.0653126 0.858839 0.200209 0.0616274 0.994037 0.0884469 0.838112 0.0303621 0.981774 0.954929 0.993843 0.095802 0.92561 0.226648 0.992724 0.968925 0.97421 0.983022 0.993735 0.986834 0.952229 0.98539 0.983781 0.993669 0.00806955 0.992719 0.0740707 0.977646 0.977606 0.0283924 0.02631 0.116753 0.875221 0.97426 0.897147 0.887441 0.0648278 0.218226 0.951788 0.898781 0.176456 0.992749 0.0430367 0.431032 0.984935 0.84398 0.0178846 0.00188187 0.00239898 0.953969 0.00758057 0.00885377 0.0387256 0.0140725 0.918343 0.025203 0.00874637 0.958813 0.86541 0.961288 0.0030272 0.954653 0.0220091 0.0445558 0.972846 0.981866 0.961248 0.0318051 0.998275 0.0942064 0.0111839 0.042263 0.915015 0.0091653 0.0228089 0.00302869 0.00692875 0.00982763 0.741465 0.0111247 0.732069 0.954278 0.0126183 0.98931 0.00840626 0.00273683 0.0570933 0.744756 0.00598731 0.911965 0.0251253 0.069416 0.00767354 0.0218979 0.376306 0.0121505 0.949017
0.254759 0.951959 0.0394422 0.0637372 0.861349 0.19584 0.0601709 0.994054 0.0871239 0.840349 0.0297272 0.981974 0.95554 0.993867 0.0940225 0.926491 0.222255 0.992735 0.96937 0.974336 0.983124 0.993779 0.986961 0.952769 0.985512 0.983908 0.993685 0.00797585 0.99273 0.0723104 0.97781 0.977766 0.0278369 0.0259718 0.114433 0.877029 0.974383 0.898927 0.888971 0.0632782 0.214002 0.95253 0.900403 0.172534 0.992744 0.0421482 0.437771 0.985061 0.845883 0.0176313 0.00186935 0.00239799 0.954831 0.00748921 0.00881961 0.0381445 0.0139606 0.920365 0.0249083 0.00865534 0.959484 0.867842 0.96194 0.00302949 0.955213 0.0217438 0.0439946 0.973362 0.982116 0.962126 0.0313346 0.998277 0.0921241 0.0110338 0.0417053 0.917189 0.00906523 0.0225129 0.00303092 0.0068861 0.00978353 0.746932 0.0110677 0.737668 0.955127 0.0125232 0.989497 0.00833669 0.00272855 0.0562485 0.751188 0.00593364 0.913703 0.0248283 0.0685033 0.00762089 0.0216303 0.383592 0.0120204 0.949728
0.249571 0.95259 0.0388083 0.0621985 0.863866 0.19156 0.0587527 0.994072 0.0858048 0.842593 0.0291081 0.982168 0.956145 0.993891 0.0922842 0.927374 0.217903 0.992743 0.969798 0.974466 0.983227 0.993823 0.987086 0.953308 0.985634 0.984035 0.9937 0.00788456 0.99274 0.0705939 0.977968 0.977924 0.0272854 0.0256281 0.112144 0.878802 0.97451 0.900701 0.890497 0.0617727 0.209853 0.953253 0.901995 0.168688 0.99274 0.041291 0.444537 0.985183 0.847787 0.017384 0.00185706 0.00239725 0.955673 0.00739984 0.00878757 0.0375657 0.0138504 0.922329 0.0246075 0.00856552 0.960143 0.870224 0.962582 0.00303091 0.95576 0.0214855 0.0434407 0.973863 0.98236 0.96298 0.0308664 0.998279 0.0900804 0.0108885 0.0411503 0.919297 0.00896718 0.0222199 0.00303277 0.00684319 0.00973968 0.752279 0.0110107 0.743217 0.955966 0.0124319 0.989679 0.00826763 0.00272061 0.0554151 0.757516 0.00588037 0.915416 0.0245341 0.0675968 0.00756966 0.0213731 0.390949 0.0118889 0.95043
0.244441 0.953219 0.0381772 0.0607056 0.866337 0.18733 0.0573638 0.994089 0.0844908 0.844823 0.0285024 0.982362 0.956746 0.993915 0.0905536 0.928246 0.213617 0.992752 0.970225 0.97459 0.983327 0.993866 0.987209 0.953828 0.985755 0.984162 0.993716 0.00779334 0.992749 0.0689175 0.978132 0.978087 0.0267492 0.0252972 0.109876 0.880575 0.974637 0.902443 0.892018 0.0603002 0.205751 0.953964 0.90356 0.164903 0.992733 0.0404504 0.451437 0.985308 0.849693 0.0171433 0.001845 0.00239661 0.956501 0.00731261 0.00875316 0.0369932 0.0137381 0.924246 0.024318 0.00847856 0.960791 0.872593 0.963203 0.00303263 0.9563 0.0212267 0.0428874 0.974347 0.982599 0.963812 0.0304073 0.99828 0.0880821 0.0107453 0.0406009 0.921341 0.00887179 0.0219299 0.00303493 0.00680175 0.00969756 0.757573 0.0109523 0.74871 0.956788 0.0123394 0.989855 0.00819922 0.00271226 0.0545871 0.7637 0.00582935 0.917103 0.0242421 0.0667062 0.00751735 0.0211174 0.398424 0.0117627 0.951128
0.2394 0.953839 0.0375607 0.0592621 0.868785 0.18318 0.0560132 0.994105 0.0831903 0.847063 0.0279149 0.982551 0.957335 0.993939 0.088858 0.929118 0.209361 0.992761 0.970645 0.974718 0.983428 0.993907 0.987329 0.954346 0.985873 0.98429 0.993732 0.0077037 0.992758 0.0672791 0.978291 0.978244 0.0262253 0.0249726 0.107669 0.882342 0.974764 0.904159 0.893526 0.058865 0.201662 0.954673 0.905133 0.161194 0.992728 0.039622 0.458389 0.985428 0.851619 0.0169052 0.0018337 0.00239633 0.957313 0.00722694 0.00871865 0.036427 0.0136272 0.92611 0.0240297 0.00839118 0.961429 0.874947 0.963812 0.00303445 0.956838 0.0209654 0.0423327 0.974828 0.982833 0.964617 0.0299578 0.998282 0.0861259 0.0106044 0.0400611 0.923345 0.00877775 0.0216445 0.00303648 0.00675945 0.00965307 0.762801 0.0108958 0.754155 0.95759 0.012249 0.990026 0.00813297 0.00270423 0.0537681 0.769782 0.00577892 0.918762 0.0239519 0.0657989 0.00746606 0.020861 0.405998 0.0116366 0.951824
0.234389 0.954451 0.0369494 0.0578589 0.871191 0.179061 0.0546863 0.994122 0.0818992 0.849276 0.0273414 0.982735 0.957919 0.993961 0.0871823 0.929989 0.205127 0.992772 0.971055 0.974847 0.983527 0.993948 0.987447 0.954861 0.985988 0.984416 0.993746 0.00761645 0.992769 0.0656805 0.978445 0.978404 0.0257143 0.0246459 0.105501 0.884105 0.974895 0.90584 0.895029 0.0574615 0.197639 0.95537 0.906675 0.157532 0.992722 0.0388171 0.465407 0.985547 0.85351 0.01667 0.00182254 0.00239591 0.958108 0.00714339 0.00868341 0.0358701 0.0135175 0.927926 0.02374 0.00830795 0.962046 0.877273 0.964411 0.00303632 0.957377 0.0207096 0.0417785 0.975296 0.983061 0.965407 0.0295097 0.998283 0.084208 0.0104683 0.039525 0.925297 0.00868427 0.0213605 0.00303852 0.006718 0.00960929 0.76796 0.0108382 0.759516 0.95838 0.0121578 0.990192 0.00806529 0.00269643 0.0529466 0.775801 0.00572874 0.920381 0.0236676 0.0649084 0.00741669 0.0206064 0.413664 0.0115101 0.952509
0.229425 0.955067 0.0363446 0.0564879 0.873563 0.174991 0.0533941 0.994136 0.0806193 0.851516 0.0267788 0.982917 0.958499 0.993983 0.0855303 0.93087 0.20095 0.992781 0.97146 0.974977 0.983624 0.993988 0.987559 0.955376 0.986105 0.98454 0.99376 0.00753113 0.992779 0.0641229 0.978604 0.978564 0.0252138 0.0243223 0.103333 0.885868 0.975022 0.9075 0.896518 0.0560948 0.19365 0.956057 0.908204 0.153945 0.992716 0.0380239 0.472464 0.985668 0.855432 0.0164413 0.00181172 0.00239571 0.958902 0.00706196 0.00864896 0.0353195 0.0134073 0.929689 0.0234515 0.00822468 0.962661 0.879545 0.965 0.00303815 0.957908 0.02046 0.0412283 0.975754 0.983288 0.966172 0.0290705 0.998284 0.0823288 0.0103316 0.0389921 0.927196 0.00859288 0.0210814 0.00304038 0.00667678 0.00956552 0.773039 0.0107789 0.764822 0.959155 0.0120663 0.990355 0.00799818 0.00268932 0.0521321 0.781664 0.00567971 0.921969 0.0233804 0.064014 0.00736681 0.020355 0.421419 0.0113863 0.953186
0.224563 0.955668 0.0357487 0.0551461 0.875907 0.171018 0.0521316 0.994151 0.0793376 0.853706 0.0262308 0.983098 0.959081 0.994005 0.0839041 0.931733 0.196797 0.992791 0.971863 0.975104 0.983722 0.994027 0.98767 0.955882 0.986219 0.984663 0.993773 0.00744669 0.992789 0.0626062 0.97876 0.978726 0.0247281 0.0240049 0.101217 0.887609 0.975153 0.909139 0.898003 0.0547656 0.189679 0.956725 0.909703 0.150424 0.992711 0.037249 0.479605 0.985789 0.857332 0.0162143 0.00180122 0.00239519 0.959673 0.00698087 0.00861376 0.0347772 0.0132975 0.931413 0.0231679 0.00814253 0.963263 0.881817 0.965577 0.00304037 0.958435 0.0202085 0.0406836 0.9762 0.98351 0.966921 0.0286368 0.998284 0.0804922 0.0101993 0.0384569 0.929037 0.00850327 0.0208078 0.00304289 0.00663526 0.0095203 0.778064 0.0107208 0.770033 0.959918 0.0119774 0.990514 0.00793305 0.0026828 0.0513288 0.787395 0.00563188 0.923531 0.023097 0.0631276 0.00731631 0.0201097 0.429336 0.0112663 0.953856
0.219702 0.956265 0.0351655 0.0538328 0.878209 0.167095 0.0509004 0.994166 0.0780713 0.85588 0.0256948 0.983278 0.959647 0.994026 0.0822971 0.932597 0.192706 0.992801 0.972257 0.975236 0.983821 0.994064 0.987781 0.956393 0.986332 0.984784 0.993787 0.00736482 0.992799 0.0611282 0.978919 0.978884 0.0242554 0.0236919 0.0991406 0.889344 0.975285 0.91075 0.899471 0.0534599 0.185774 0.957398 0.911191 0.146962 0.992706 0.0364926 0.486753 0.985905 0.859203 0.0159906 0.00179163 0.00239492 0.960433 0.00690217 0.00858005 0.0342424 0.0131891 0.933094 0.0228893 0.00806211 0.963851 0.884037 0.966146 0.00304245 0.958956 0.0199606 0.040144 0.976636 0.983726 0.967647 0.0282075 0.998285 0.0786958 0.0100699 0.0379266 0.930845 0.00841285 0.0205321 0.00304534 0.00659404 0.00947542 0.782968 0.010661 0.775162 0.960665 0.0118874 0.99067 0.00786737 0.00267631 0.0505321 0.793013 0.00558548 0.925069 0.0228181 0.0622407 0.00726792 0.0198608 0.437304 0.0111442 0.954524
0.214931 0.956854 0.0345903 0.0525578 0.88048 0.163228 0.0497057 0.994179 0.0768178 0.858046 0.0251756 0.983455 0.960204 0.994046 0.0807178 0.933453 0.188663 0.99281 0.972641 0.975364 0.983916 0.994102 0.987889 0.956886 0.986443 0.984905 0.993801 0.00728558 0.992808 0.0596844 0.979074 0.979042 0.023791 0.0233825 0.0971032 0.891077 0.97542 0.912357 0.90094 0.0522004 0.181908 0.958054 0.912675 0.143573 0.992702 0.0357537 0.493997 0.986023 0.861097 0.0157702 0.00178214 0.00239514 0.961166 0.00682414 0.00854388 0.0337086 0.0130815 0.934728 0.0226098 0.00798123 0.964429 0.88622 0.966702 0.00304463 0.959461 0.0197175 0.0396115 0.977058 0.983939 0.968357 0.0277863 0.998284 0.0769231 0.00994136 0.0374011 0.932602 0.00832472 0.0202636 0.00304745 0.00655328 0.00943021 0.787835 0.0106023 0.780242 0.961397 0.0117978 0.99082 0.00780372 0.00266946 0.0497456 0.798533 0.00553918 0.926564 0.0225394 0.0613573 0.00721958 0.0196215 0.445377 0.0110241 0.955178
0.210223 0.95743 0.0340261 0.0513125 0.882728 0.159429 0.0485405 0.994192 0.0755678 0.860209 0.024669 0.983626 0.960762 0.994068 0.0791573 0.9343 0.184687 0.99282 0.973019 0.9755 0.984013 0.994139 0.987995 0.957368 0.986551 0.985024 0.993813 0.00720618 0.992818 0.0582672 0.97923 0.979194 0.0233371 0.0230745 0.0950937 0.892791 0.97555 0.91394 0.902403 0.0509747 0.17811 0.958718 0.914127 0.140215 0.992697 0.0350337 0.501276 0.986141 0.862989 0.0155531 0.00177288 0.002395 0.961889 0.00674825 0.00850718 0.033185 0.0129707 0.93633 0.0223345 0.00790171 0.964996 0.888373 0.967241 0.00304738 0.959961 0.0194726 0.0390756 0.977474 0.984148 0.969046 0.0273684 0.998284 0.0751915 0.00981594 0.0368717 0.934308 0.00823994 0.0199961 0.003049 0.00651424 0.00938435 0.792616 0.0105404 0.785228 0.962116 0.0117081 0.990968 0.00774062 0.00266335 0.0489706 0.803894 0.00549457 0.92802 0.0222635 0.0604844 0.00717086 0.0193793 0.453489 0.0109072 0.955835
0.20558 0.958006 0.0334687 0.0501082 0.884939 0.155733 0.0474123 0.994205 0.0743333 0.862389 0.0241733 0.983792 0.96131 0.994088 0.0776217 0.935141 0.180766 0.992829 0.973398 0.975635 0.984112 0.994173 0.988097 0.957853 0.986658 0.985142 0.993825 0.00712855 0.992828 0.0568803 0.979389 0.979352 0.0228979 0.022771 0.0931297 0.894472 0.975688 0.915497 0.903848 0.0497777 0.174313 0.959356 0.915554 0.136938 0.992691 0.0343288 0.508625 0.986256 0.864858 0.0153409 0.00176392 0.00239495 0.962593 0.006675 0.00846967 0.0326702 0.0128609 0.937884 0.0220613 0.00782412 0.965553 0.890505 0.967776 0.00304937 0.960458 0.0192339 0.0385492 0.977875 0.98435 0.969722 0.0269597 0.998284 0.0735006 0.0096937 0.0363606 0.935963 0.00815563 0.0197362 0.00305079 0.00647425 0.0093387 0.797324 0.0104789 0.790151 0.962817 0.0116207 0.991112 0.00767669 0.00265715 0.0481944 0.809184 0.00544988 0.929469 0.0219857 0.0596079 0.0071222 0.0191397 0.461719 0.0107931 0.956479
0.200991 0.958575 0.032919 0.0489403 0.88711 0.152063 0.0463089 0.994217 0.0731062 0.864523 0.0236921 0.983956 0.961851 0.994108 0.0761039 0.935984 0.176853 0.99284 0.973766 0.975774 0.98421 0.994207 0.988198 0.958338 0.986765 0.985258 0.993836 0.00705321 0.992837 0.0555401 0.979544 0.979508 0.022465 0.0224681 0.0911841 0.896151 0.975822 0.917022 0.905281 0.0486149 0.170573 0.959988 0.916962 0.133716 0.992686 0.0336373 0.515981 0.986371 0.866732 0.0151334 0.00175583 0.00239503 0.96329 0.0066026 0.00843089 0.0321562 0.0127518 0.939405 0.0217881 0.00774811 0.966104 0.892603 0.968298 0.00305142 0.96095 0.0189948 0.0380187 0.978272 0.98455 0.970377 0.0265541 0.998283 0.0718504 0.00957192 0.0358475 0.937581 0.00807181 0.0194787 0.00305298 0.00643619 0.00929314 0.801994 0.0104183 0.795003 0.963509 0.0115292 0.991252 0.00761489 0.00265185 0.0474289 0.814334 0.00540631 0.930878 0.0217117 0.0587428 0.00707384 0.0189062 0.469992 0.0106774 0.957112
0.196473 0.959136 0.0323811 0.0477888 0.889267 0.148479 0.0452382 0.99423 0.0718999 0.866633 0.0232179 0.984121 0.962388 0.994127 0.0746136 0.936818 0.173024 0.992849 0.974128 0.975909 0.984307 0.994241 0.988298 0.958816 0.986873 0.985376 0.993848 0.00697947 0.992847 0.05424 0.979701 0.979663 0.022042 0.0221691 0.089266 0.8978 0.97596 0.918527 0.906702 0.0474868 0.166913 0.960608 0.918355 0.130569 0.992681 0.0329631 0.523373 0.986486 0.868586 0.0149296 0.0017477 0.00239508 0.963973 0.00653173 0.00839392 0.0316552 0.012645 0.940876 0.0215178 0.00767157 0.966638 0.894675 0.968808 0.00305311 0.961435 0.0187622 0.0374995 0.978654 0.984746 0.97101 0.0261625 0.998281 0.0702302 0.00945511 0.0353456 0.939151 0.00798857 0.0192238 0.00305544 0.00639793 0.00924567 0.806561 0.0103573 0.799759 0.964185 0.0114392 0.991387 0.00755281 0.00264612 0.0466854 0.819373 0.00536394 0.932259 0.0214408 0.0578827 0.00702628 0.0186768 0.478295 0.010566 0.957736
0.192055 0.959687 0.0318505 0.0466758 0.891391 0.144946 0.0441947 0.99424 0.0706969 0.868742 0.0227611 0.984281 0.962911 0.994145 0.0731457 0.93765 0.169249 0.992858 0.974481 0.976048 0.984403 0.994275 0.988395 0.959283 0.986978 0.985491 0.993858 0.00690518 0.992856 0.0529785 0.979853 0.979817 0.0216275 0.0218721 0.0873845 0.899446 0.976098 0.920008 0.90811 0.0463721 0.163302 0.961218 0.919735 0.127494 0.992676 0.0323017 0.530847 0.986596 0.870421 0.014729 0.00173974 0.00239537 0.964633 0.00646262 0.00835605 0.0311579 0.012539 0.942316 0.021247 0.00759744 0.967164 0.896708 0.969311 0.003056 0.961911 0.0185307 0.0369851 0.979025 0.984936 0.971632 0.0257668 0.99828 0.0686548 0.00933942 0.0348421 0.940666 0.00790748 0.0189744 0.00305708 0.00635831 0.00920077 0.811033 0.0102956 0.804415 0.964845 0.0113529 0.991519 0.00749192 0.00264059 0.0459392 0.824285 0.00532238 0.933609 0.0211767 0.0570256 0.00698114 0.0184472 0.486629 0.010455 0.958358
0.187668 0.960225 0.0313254 0.0455929 0.893482 0.141507 0.0431754 0.994252 0.0695044 0.87083 0.0223142 0.984441 0.96344 0.994163 0.0717065 0.938482 0.165578 0.992868 0.97483 0.976186 0.984502 0.994307 0.988493 0.959749 0.987078 0.985601 0.99387 0.00683276 0.992866 0.0517428 0.980008 0.979971 0.0212258 0.0215803 0.0855507 0.901089 0.976238 0.921479 0.909503 0.0453001 0.15976 0.961822 0.921102 0.124478 0.992672 0.0316556 0.53832 0.986703 0.872256 0.0145306 0.00173251 0.00239578 0.965289 0.00639438 0.00831813 0.0306735 0.0124333 0.943715 0.0209833 0.00752479 0.967681 0.898712 0.969804 0.00305842 0.962383 0.0183061 0.0364658 0.979389 0.985124 0.972236 0.0253861 0.998278 0.0671042 0.0092267 0.0343415 0.942153 0.00782918 0.0187273 0.00305869 0.00631984 0.00915295 0.815456 0.0102337 0.809016 0.9655 0.0112639 0.991648 0.00743091 0.00263535 0.0452063 0.8291 0.00528108 0.934933 0.0209112 0.0561817 0.00693573 0.0182218 0.495046 0.0103452 0.958974
0.183358 0.960767 0.0308071 0.0445289 0.895548 0.138136 0.0421834 0.994263 0.0683271 0.872917 0.0218778 0.984595 0.963956 0.994182 0.0702933 0.939299 0.161913 0.992878 0.975172 0.976324 0.984596 0.994339 0.988586 0.960212 0.987179 0.985713 0.993881 0.00676143 0.992876 0.0505306 0.980159 0.980126 0.0208334 0.0212922 0.0837374 0.902708 0.976376 0.922917 0.910903 0.0442545 0.156231 0.962414 0.922443 0.121521 0.992667 0.0310335 0.545865 0.986813 0.87408 0.0143354 0.00172602 0.00239614 0.965929 0.00632715 0.00828016 0.0301988 0.0123292 0.945062 0.0207237 0.00745328 0.968184 0.900679 0.970288 0.00306031 0.962853 0.0180798 0.0359656 0.979745 0.985307 0.972823 0.0250094 0.998277 0.0655902 0.0091158 0.0338455 0.943593 0.00775042 0.0184831 0.00306091 0.00628094 0.00910583 0.819763 0.0101731 0.813513 0.96614 0.0111732 0.991773 0.00737113 0.00263035 0.0444825 0.833812 0.00524047 0.936226 0.0206557 0.0553372 0.0068909 0.0179977 0.50349 0.0102356 0.959576
0.179099 0.961301 0.0303025 0.0434947 0.897568 0.134804 0.0412201 0.994274 0.0671517 0.874961 0.0214515 0.984749 0.964462 0.9942 0.0689009 0.940108 0.158311 0.992888 0.975515 0.976463 0.984693 0.994371 0.988679 0.960678 0.987279 0.985823 0.993892 0.006693 0.992883 0.0493447 0.980309 0.980281 0.0204487 0.0210104 0.0819628 0.904324 0.976516 0.924335 0.912271 0.0432327 0.15278 0.962996 0.923772 0.118635 0.992662 0.0304226 0.553378 0.98692 0.875912 0.0141443 0.00171947 0.00239674 0.966561 0.00626192 0.00824138 0.0297283 0.0122245 0.946373 0.0204643 0.00738204 0.968684 0.902632 0.970762 0.00306206 0.963318 0.0178583 0.0354592 0.980094 0.985487 0.973396 0.0246393 0.998275 0.0641108 0.00900644 0.0333578 0.944991 0.00767368 0.0182435 0.00306298 0.00624352 0.00905739 0.824005 0.0101104 0.817948 0.966767 0.011085 0.991895 0.00731295 0.00262585 0.043757 0.838404 0.00520027 0.937494 0.020403 0.0545006 0.00684438 0.0177775 0.511944 0.0101293 0.960178
0.174913 0.961828 0.0298072 0.04249 0.899547 0.131563 0.0402867 0.994285 0.065996 0.877013 0.0210399 0.984896 0.964956 0.994217 0.0675237 0.940925 0.154774 0.992898 0.975844 0.976607 0.984787 0.994402 0.98877 0.96113 0.987376 0.985933 0.993902 0.00662477 0.992893 0.0481977 0.980465 0.980432 0.0200777 0.0207355 0.0802248 0.90592 0.976654 0.925738 0.913626 0.0422406 0.149386 0.963568 0.92508 0.115801 0.992657 0.0298221 0.560914 0.987027 0.877713 0.0139582 0.00171308 0.00239738 0.967172 0.00619778 0.00820209 0.0292602 0.0121208 0.94765 0.0202116 0.00731319 0.969171 0.904549 0.971219 0.00306401 0.96377 0.017635 0.0349544 0.980432 0.985665 0.973955 0.0242758 0.998272 0.0626708 0.00889808 0.0328739 0.946348 0.00759753 0.0180063 0.00306484 0.00620661 0.00900896 0.82819 0.010048 0.822301 0.967377 0.0109981 0.992014 0.00725542 0.00262116 0.0430432 0.84286 0.00516059 0.938744 0.0201449 0.0536646 0.00679797 0.0175578 0.52045 0.0100236 0.960769
0.170801 0.962348 0.0293166 0.0415163 0.901477 0.128386 0.0393744 0.994293 0.0648593 0.879031 0.0206325 0.985041 0.96545 0.994234 0.0661754 0.94172 0.151275 0.992906 0.976169 0.976745 0.984884 0.994431 0.988858 0.961576 0.987473 0.986039 0.993912 0.00655821 0.992904 0.0470765 0.980615 0.980583 0.0197087 0.0204596 0.0785121 0.907499 0.976794 0.927108 0.914961 0.0412715 0.146022 0.964134 0.926365 0.11302 0.992652 0.0292304 0.568416 0.987131 0.879494 0.0137748 0.00170718 0.00239865 0.967778 0.0061348 0.00816298 0.028806 0.0120181 0.948901 0.0199615 0.00724479 0.969643 0.906436 0.971671 0.00306562 0.964217 0.0174176 0.034462 0.980762 0.985839 0.9745 0.0239122 0.998269 0.0612626 0.00879391 0.0323979 0.947678 0.00752266 0.0177735 0.00306664 0.0061692 0.00896119 0.832273 0.00998708 0.82658 0.967973 0.0109102 0.992129 0.00719961 0.00261671 0.0423402 0.847205 0.00512236 0.939969 0.0198895 0.0528358 0.00675407 0.0173421 0.528989 0.00991941 0.961356
0.166752 0.962854 0.0288386 0.0405695 0.903387 0.125282 0.0384781 0.994302 0.0637267 0.881025 0.02024 0.985185 0.965936 0.99425 0.0648471 0.942505 0.147842 0.992915 0.97649 0.976882 0.984976 0.99446 0.988943 0.962015 0.987568 0.986146 0.993921 0.00649248 0.992913 0.0459897 0.980764 0.980735 0.0193515 0.0201844 0.0768363 0.909057 0.976937 0.928449 0.916282 0.0403215 0.142732 0.964693 0.927626 0.110299 0.992648 0.0286509 0.575951 0.987235 0.881277 0.0135915 0.00170145 0.00239944 0.968371 0.00607264 0.00812521 0.0283551 0.0119168 0.950119 0.0197128 0.00717784 0.970116 0.908277 0.972112 0.00306717 0.964653 0.0172019 0.0339695 0.981086 0.986011 0.975026 0.0235543 0.998267 0.059889 0.00869259 0.0319238 0.948963 0.00745 0.0175422 0.00306819 0.00613302 0.00891272 0.836283 0.00992419 0.830743 0.968561 0.0108247 0.992241 0.00714115 0.00261257 0.0416509 0.851457 0.00508495 0.941165 0.0196395 0.0520266 0.00670883 0.0171311 0.537579 0.00981731 0.961935
0.162797 0.963354 0.0283639 0.0396399 0.905263 0.122225 0.037613 0.994311 0.0626123 0.883013 0.019857 0.985326 0.966412 0.994266 0.0635433 0.943285 0.144451 0.992926 0.976806 0.977021 0.985073 0.994489 0.989029 0.962447 0.987663 0.986252 0.99393 0.006429 0.992923 0.0449335 0.980917 0.980886 0.0190077 0.0199154 0.0751923 0.910609 0.977079 0.929769 0.917601 0.0394019 0.139469 0.965242 0.928869 0.107649 0.992643 0.0280941 0.583483 0.98734 0.883048 0.0134122 0.00169626 0.00239985 0.968952 0.00601259 0.00808664 0.027908 0.0118128 0.951298 0.0194649 0.00711197 0.970584 0.910104 0.972545 0.00306869 0.96508 0.0169929 0.0334892 0.981404 0.98618 0.975541 0.0232058 0.998264 0.058539 0.00859287 0.0314555 0.95022 0.00737771 0.0173135 0.00307023 0.00609851 0.0088651 0.840215 0.00986061 0.834852 0.969135 0.0107391 0.992351 0.00708544 0.00260836 0.0409648 0.855617 0.00504741 0.942337 0.0193908 0.0512159 0.00666413 0.0169229 0.546173 0.0097158 0.962502
0.158906 0.963851 0.0279011 0.038737 0.907113 0.119235 0.0367696 0.99432 0.061508 0.884977 0.0194805 0.985461 0.966884 0.994282 0.0622619 0.944077 0.141134 0.992935 0.977117 0.97716 0.985166 0.994516 0.989113 0.962887 0.987757 0.986356 0.993939 0.00636635 0.992933 0.0438995 0.981065 0.981039 0.0186675 0.0196477 0.0735784 0.912147 0.97722 0.931077 0.918889 0.0385022 0.136288 0.965773 0.930102 0.105045 0.99264 0.027552 0.590984 0.987441 0.8848 0.0132365 0.0016915 0.00240105 0.969521 0.00595556 0.00804667 0.0274749 0.0117107 0.952445 0.0192175 0.00704759 0.971041 0.9119 0.972968 0.00307051 0.965515 0.0167853 0.033006 0.981709 0.986347 0.976045 0.0228595 0.99826 0.0572186 0.00849374 0.0309895 0.951444 0.00730457 0.0170919 0.00307185 0.0060618 0.00881671 0.844067 0.00979901 0.838881 0.969707 0.0106525 0.992457 0.00702957 0.00260427 0.0402903 0.859657 0.00501188 0.943481 0.0191458 0.0504157 0.00662024 0.0167176 0.554707 0.00961509 0.963061
0.155083 0.96434 0.0274455 0.0378623 0.908921 0.116308 0.0359468 0.994328 0.0604241 0.886921 0.019113 0.985595 0.967353 0.994296 0.061007 0.94485 0.137879 0.992945 0.977421 0.9773 0.98526 0.994543 0.989194 0.963315 0.987848 0.98646 0.993949 0.00630507 0.992944 0.0428924 0.981208 0.981189 0.0183336 0.0193824 0.0719983 0.913653 0.977362 0.932345 0.920174 0.0376326 0.133167 0.9663 0.931317 0.102503 0.992636 0.0270179 0.598499 0.987539 0.886553 0.0130645 0.00168651 0.00240235 0.97008 0.00589772 0.00800797 0.0270434 0.0116092 0.953567 0.0189731 0.00698309 0.971492 0.913655 0.973386 0.00307278 0.965936 0.0165787 0.0325378 0.982012 0.98651 0.976536 0.0225218 0.998257 0.0559284 0.00839716 0.0305359 0.952636 0.00723457 0.0168695 0.00307351 0.00602736 0.00876703 0.847844 0.00973569 0.842859 0.970259 0.0105681 0.992561 0.00697683 0.0026007 0.0396202 0.863588 0.00497564 0.944602 0.0189031 0.0496245 0.00657644 0.0165151 0.563293 0.00951691 0.963611
0.151353 0.964817 0.0269995 0.0370077 0.910711 0.113452 0.0351487 0.994336 0.0593548 0.888831 0.0187536 0.985728 0.967815 0.994311 0.0597714 0.945618 0.134683 0.992954 0.977722 0.977442 0.985355 0.994568 0.989272 0.963737 0.987938 0.986562 0.993958 0.00624502 0.992953 0.041911 0.981357 0.981338 0.0180125 0.0191221 0.0704437 0.915141 0.977507 0.933603 0.921446 0.0367876 0.130102 0.96682 0.932504 0.100015 0.992633 0.0265014 0.606023 0.987638 0.888263 0.012895 0.00168205 0.00240305 0.970628 0.00584188 0.00796913 0.0266194 0.011508 0.95465 0.0187296 0.00692027 0.97193 0.915377 0.973798 0.00307418 0.966351 0.0163773 0.0320681 0.982305 0.98667 0.97701 0.0221878 0.998253 0.0546779 0.00830259 0.030083 0.953783 0.00716523 0.0166525 0.00307535 0.00599202 0.00871843 0.851527 0.00967295 0.846708 0.970805 0.0104844 0.992663 0.00692244 0.00259709 0.0389589 0.867402 0.0049408 0.945697 0.0186639 0.048842 0.00653419 0.0163136 0.571812 0.00941911 0.964157
0.14767 0.965288 0.0265623 0.0361799 0.912468 0.110655 0.0343646 0.994343 0.058292 0.890731 0.0184069 0.985857 0.96827 0.994325 0.0585588 0.946377 0.131538 0.992965 0.978017 0.977585 0.985448 0.994593 0.989351 0.964161 0.988029 0.986662 0.993966 0.00618557 0.992961 0.0409576 0.981506 0.981485 0.0176941 0.0188636 0.0689278 0.916617 0.977646 0.934837 0.922705 0.0359659 0.127075 0.967329 0.933676 0.0975717 0.99263 0.0259956 0.613498 0.987732 0.889982 0.0127271 0.00167811 0.00240448 0.971162 0.00578683 0.0079293 0.0262054 0.0114074 0.955706 0.0184924 0.00685791 0.972355 0.917055 0.974196 0.00307576 0.966766 0.0161756 0.0316028 0.982594 0.986826 0.977472 0.0218576 0.998249 0.0534551 0.00820855 0.0296367 0.954895 0.00709876 0.0164365 0.00307679 0.00595749 0.0086682 0.855144 0.0096098 0.850508 0.971334 0.0104007 0.992762 0.00686966 0.00259349 0.0383128 0.871103 0.00490665 0.946764 0.0184286 0.0480626 0.00649225 0.0161148 0.580314 0.00932328 0.964693
0.144085 0.965751 0.0261262 0.0353704 0.91419 0.107912 0.0336079 0.99435 0.0572449 0.892603 0.0180662 0.98598 0.968716 0.994339 0.0573852 0.947122 0.128457 0.992974 0.978304 0.97773 0.985541 0.994618 0.989427 0.964581 0.988117 0.98676 0.993973 0.00612853 0.992971 0.0400381 0.981651 0.981631 0.0173882 0.0186085 0.0674329 0.918068 0.977786 0.936041 0.923947 0.0351644 0.124113 0.967828 0.934821 0.0952185 0.992626 0.0254971 0.620919 0.98783 0.891692 0.0125656 0.00167435 0.00240544 0.971678 0.0057328 0.00788845 0.0257959 0.0113101 0.956742 0.0182562 0.00679763 0.972775 0.918709 0.974586 0.00307737 0.96717 0.0159759 0.0311405 0.982872 0.986978 0.97792 0.0215346 0.998244 0.0522608 0.00811711 0.0291968 0.955979 0.00703166 0.0162235 0.00307822 0.00592263 0.0086179 0.858702 0.00954547 0.854187 0.97185 0.0103173 0.992859 0.00681626 0.00259043 0.0376718 0.874722 0.00487314 0.947809 0.0181951 0.0472998 0.00645004 0.0159179 0.588826 0.00923011 0.965228
0.140578 0.966217 0.0257 0.0345811 0.915891 0.105239 0.0328736 0.994356 0.0562165 0.89446 0.0177352 0.986104 0.969157 0.994353 0.056222 0.947865 0.125444 0.992982 0.978587 0.977873 0.98563 0.994643 0.989501 0.964997 0.988205 0.986858 0.99398 0.00607239 0.99298 0.0391338 0.981794 0.981779 0.0170885 0.0183566 0.0659782 0.919509 0.977926 0.937237 0.925167 0.0343849 0.121207 0.968322 0.935957 0.0929046 0.992623 0.0250091 0.628301 0.987926 0.893385 0.0124056 0.00167057 0.00240678 0.972192 0.00568064 0.007848 0.0253919 0.0112137 0.957737 0.0180228 0.00673757 0.973186 0.920337 0.974969 0.00307847 0.967569 0.0157805 0.030688 0.983143 0.987129 0.97836 0.0212161 0.99824 0.051089 0.00802707 0.0287627 0.957031 0.00696675 0.016015 0.00307911 0.00588722 0.00856895 0.86216 0.00948253 0.85781 0.97236 0.0102346 0.992953 0.00676379 0.00258707 0.0370426 0.878247 0.0048406 0.948832 0.017963 0.0465384 0.00640881 0.0157228 0.597318 0.00913888 0.96575
0.137123 0.966667 0.0252785 0.0338148 0.917554 0.102635 0.0321565 0.994362 0.0551954 0.896278 0.0174104 0.986229 0.96959 0.994367 0.0550863 0.948606 0.122489 0.99299 0.978865 0.978015 0.98572 0.994665 0.989576 0.965402 0.98829 0.986954 0.993987 0.00601659 0.99299 0.0382528 0.981937 0.981923 0.0167945 0.0181105 0.0645511 0.920926 0.978063 0.938412 0.926372 0.0336257 0.118367 0.968807 0.937072 0.0906341 0.992618 0.0245352 0.635639 0.988018 0.895058 0.0122484 0.00166704 0.00240794 0.972689 0.00562844 0.00780751 0.0249947 0.0111157 0.958711 0.0177946 0.0066794 0.973589 0.921943 0.975344 0.00307977 0.96796 0.0155867 0.0302398 0.983408 0.987275 0.978789 0.0209036 0.998235 0.0499498 0.00793956 0.028336 0.958058 0.00690238 0.0158102 0.00308068 0.00585298 0.00851906 0.865563 0.00942048 0.861369 0.972862 0.0101539 0.993044 0.00671248 0.00258423 0.036427 0.88167 0.00480781 0.949826 0.0177363 0.0457807 0.00636765 0.0155312 0.605792 0.00904878 0.966264
0.133749 0.967118 0.0248628 0.0330669 0.919188 0.100085 0.0314552 0.994368 0.0541971 0.898083 0.0171005 0.98635 0.970017 0.994379 0.0539718 0.94933 0.119581 0.992999 0.979136 0.978159 0.98581 0.994688 0.989647 0.965802 0.988373 0.987049 0.993993 0.00596187 0.992999 0.0373917 0.982082 0.982066 0.0165069 0.0178652 0.0631491 0.922324 0.978203 0.939565 0.927567 0.0328841 0.11557 0.969287 0.938173 0.0884134 0.992615 0.0240768 0.642928 0.988113 0.896714 0.0120925 0.00166396 0.00240909 0.973179 0.00557751 0.00776734 0.0246046 0.0110202 0.95965 0.0175677 0.00662104 0.973986 0.923514 0.975713 0.00308094 0.968353 0.0153968 0.0297947 0.983667 0.987419 0.979205 0.0205985 0.99823 0.0488459 0.00785323 0.0279091 0.959055 0.0068396 0.015609 0.00308145 0.00581833 0.00846987 0.868867 0.00935796 0.864837 0.973346 0.0100707 0.993133 0.00666231 0.00258102 0.0358126 0.884996 0.00477533 0.950806 0.017512 0.0450384 0.00632646 0.0153413 0.614217 0.00896082 0.966775
0.130435 0.967553 0.0244585 0.0323414 0.920797 0.0975899 0.0307775 0.994372 0.0531958 0.899869 0.0167907 0.986469 0.970438 0.994393 0.0528746 0.950055 0.116743 0.993008 0.979407 0.9783 0.985901 0.994711 0.989717 0.966192 0.988458 0.987141 0.993999 0.00590875 0.993008 0.0365532 0.982226 0.982206 0.0162283 0.0176251 0.061771 0.923704 0.978347 0.940693 0.928748 0.0321653 0.112836 0.969766 0.939241 0.0862714 0.992611 0.0236232 0.650187 0.988203 0.898341 0.0119409 0.00166117 0.00241022 0.973657 0.00552882 0.00772729 0.0242239 0.0109227 0.960568 0.0173485 0.00656306 0.974374 0.925061 0.976072 0.00308231 0.968736 0.0152088 0.0293527 0.983919 0.987562 0.979609 0.0202977 0.998225 0.0477622 0.00776893 0.0274853 0.960017 0.00677771 0.0154121 0.00308317 0.00578586 0.00841986 0.872117 0.00929489 0.868232 0.973824 0.00999001 0.993218 0.0066122 0.00257841 0.0352185 0.888233 0.00474452 0.951759 0.017286 0.0442956 0.00628637 0.0151549 0.622579 0.0088733 0.967274
0.127192 0.967987 0.0240612 0.0316379 0.922369 0.0951378 0.030112 0.994377 0.0522282 0.901618 0.0164894 0.986584 0.970851 0.994407 0.0517959 0.950766 0.113941 0.993017 0.979672 0.978444 0.985989 0.994732 0.989786 0.96658 0.98854 0.987235 0.994004 0.00585525 0.993016 0.0357386 0.982366 0.982347 0.0159543 0.0173895 0.0604286 0.925067 0.978488 0.941802 0.929908 0.0314645 0.110149 0.970224 0.940299 0.0841726 0.992607 0.0231833 0.657393 0.988294 0.899946 0.0117935 0.00165858 0.00241195 0.974128 0.00547961 0.00768608 0.0238494 0.0108276 0.961453 0.0171276 0.0065071 0.974755 0.926574 0.976423 0.00308326 0.969118 0.015023 0.028919 0.984163 0.9877 0.980005 0.0199975 0.998219 0.0467111 0.00768652 0.0270711 0.960963 0.00671608 0.0152142 0.0030847 0.00575308 0.00837057 0.875269 0.00923192 0.871536 0.974293 0.00990948 0.993302 0.00656251 0.00257624 0.0346268 0.891367 0.00471348 0.952697 0.0170679 0.0435664 0.00624674 0.0149708 0.630868 0.00878544 0.967773
0.124019 0.968418 0.0236742 0.0309516 0.923905 0.0927689 0.0294693 0.994382 0.0512718 0.90336 0.0162005 0.986699 0.97126 0.994419 0.0507427 0.951471 0.111201 0.993026 0.97993 0.978588 0.986079 0.994753 0.989854 0.966964 0.988621 0.987328 0.994011 0.00580481 0.993025 0.0349473 0.982509 0.982489 0.0156878 0.0171567 0.0591223 0.926412 0.978629 0.942891 0.931056 0.0307839 0.107511 0.970678 0.941343 0.0821262 0.992605 0.0227479 0.664549 0.988385 0.901539 0.0116462 0.00165632 0.00241341 0.974587 0.00543253 0.00764478 0.0234784 0.0107329 0.962317 0.0169115 0.00645188 0.975131 0.928054 0.976768 0.00308395 0.969489 0.0148409 0.028493 0.984408 0.987835 0.98039 0.0197029 0.998213 0.0456811 0.00760464 0.0266653 0.961877 0.00665525 0.015021 0.00308647 0.00571969 0.00831986 0.878369 0.00917039 0.874761 0.974749 0.00983094 0.993386 0.00651313 0.00257363 0.0340404 0.894428 0.00468353 0.953618 0.0168512 0.0428494 0.00620912 0.0147875 0.639082 0.0087008 0.96826
0.120921 0.968841 0.0232926 0.0302843 0.925415 0.0904477 0.0288422 0.994387 0.0503274 0.905057 0.0159152 0.986809 0.971662 0.994431 0.0497007 0.952175 0.108523 0.993035 0.980184 0.978727 0.986167 0.994773 0.98992 0.967342 0.988701 0.98742 0.994016 0.00575358 0.993034 0.0341801 0.98265 0.982623 0.0154274 0.0169267 0.0578416 0.927733 0.978769 0.943952 0.932189 0.0301208 0.10493 0.971126 0.942376 0.0801173 0.9926 0.0223259 0.671694 0.988472 0.903115 0.0115021 0.00165447 0.00241522 0.975035 0.00538561 0.0076051 0.0231157 0.010641 0.963164 0.0166954 0.0063979 0.975497 0.929511 0.977104 0.00308497 0.969855 0.0146603 0.0280742 0.984643 0.987969 0.980764 0.0194165 0.998207 0.0446767 0.0075262 0.0262617 0.962765 0.00659645 0.0148314 0.00308779 0.00568729 0.00826946 0.881394 0.00910772 0.877935 0.9752 0.00975146 0.993466 0.00646586 0.00257143 0.0334627 0.897385 0.00465437 0.954515 0.0166379 0.0421408 0.0061696 0.01461 0.647239 0.008616 0.968742
0.117898 0.969253 0.0229166 0.0296365 0.926897 0.0881818 0.0282354 0.994391 0.0494066 0.906747 0.0156397 0.986917 0.972055 0.994443 0.0486839 0.952858 0.105907 0.993044 0.980437 0.978864 0.986254 0.994793 0.989985 0.967718 0.988781 0.987508 0.99402 0.00570486 0.993044 0.033433 0.982789 0.982762 0.0151727 0.0166991 0.0565832 0.929036 0.978908 0.944996 0.933301 0.0294722 0.102422 0.971558 0.943385 0.0781758 0.992598 0.0219169 0.678738 0.98856 0.904675 0.0113618 0.00165261 0.00241677 0.975474 0.00534049 0.00756455 0.022757 0.010549 0.96399 0.0164833 0.00634502 0.975858 0.930933 0.977435 0.00308604 0.970214 0.0144837 0.0276537 0.984874 0.9881 0.981127 0.019134 0.998201 0.0437013 0.00744835 0.0258695 0.963635 0.00653768 0.014643 0.00308907 0.0056557 0.0082181 0.884332 0.00904468 0.881027 0.975635 0.00967321 0.993543 0.00641812 0.00256959 0.0328971 0.900258 0.00462559 0.955387 0.0164256 0.041439 0.00613104 0.014434 0.655342 0.00853156 0.969214
0.114941 0.969654 0.0225442 0.0289977 0.928344 0.0859662 0.0276445 0.994394 0.0484935 0.908396 0.0153682 0.987025 0.972441 0.994455 0.0476851 0.953542 0.103321 0.993054 0.980684 0.979009 0.986341 0.994811 0.990047 0.968086 0.988858 0.987597 0.994025 0.00565584 0.993053 0.0327005 0.982929 0.982899 0.0149265 0.0164742 0.0553525 0.930312 0.97905 0.946023 0.934395 0.0288431 0.0999705 0.971986 0.944381 0.0762532 0.992594 0.0215138 0.685703 0.988647 0.906217 0.0112223 0.00165124 0.00241817 0.975902 0.00529712 0.00752397 0.0224094 0.0104572 0.964791 0.0162718 0.00629196 0.976211 0.932338 0.97776 0.00308719 0.970569 0.0143068 0.0272418 0.985098 0.988228 0.981484 0.0188574 0.998194 0.0427493 0.00737223 0.0254784 0.964479 0.00648033 0.0144593 0.00308962 0.00562348 0.00816775 0.887209 0.00898312 0.884034 0.976065 0.00959328 0.99362 0.00637074 0.00256838 0.0323424 0.903038 0.00459738 0.956247 0.0162142 0.0407561 0.00609206 0.0142581 0.663326 0.0084495 0.969681
0.112035 0.970053 0.0221847 0.0283843 0.929769 0.0838041 0.0270682 0.994398 0.0475931 0.910032 0.0151054 0.987129 0.972826 0.994466 0.04672 0.954213 0.100802 0.993062 0.980927 0.979156 0.986432 0.99483 0.990111 0.968448 0.988934 0.987686 0.99403 0.00560841 0.993063 0.0319951 0.983066 0.983039 0.0146826 0.0162553 0.0541489 0.931568 0.979188 0.947037 0.935482 0.028228 0.0975663 0.972407 0.945343 0.0743959 0.99259 0.0211222 0.692554 0.98873 0.907733 0.0110848 0.00164993 0.00241974 0.976324 0.00525354 0.00748286 0.0220614 0.0103636 0.965567 0.0160655 0.00623988 0.976554 0.933705 0.978077 0.00308905 0.970921 0.0141341 0.026835 0.985315 0.988354 0.981833 0.0185862 0.998187 0.0418255 0.00729686 0.0250969 0.965292 0.00642488 0.0142796 0.00309034 0.00559125 0.00811823 0.890034 0.00892241 0.886983 0.976482 0.00951779 0.993695 0.00632512 0.00256707 0.0317956 0.905746 0.00456962 0.95709 0.016008 0.040075 0.00605453 0.0140848 0.671251 0.00836886 0.970142
0.109188 0.970445 0.0218271 0.0277856 0.931159 0.0817054 0.0265035 0.994401 0.0467142 0.911648 0.0148495 0.987234 0.973205 0.994477 0.0457687 0.954875 0.0983326 0.993071 0.981163 0.979295 0.986518 0.994848 0.990174 0.968809 0.989009 0.987772 0.994034 0.00556099 0.993072 0.0313027 0.983201 0.983177 0.0144449 0.0160369 0.0529714 0.932808 0.97933 0.948027 0.936552 0.027628 0.0952105 0.972826 0.946289 0.0725716 0.992587 0.0207375 0.699391 0.988813 0.909237 0.0109519 0.00164893 0.0024212 0.976736 0.00521103 0.00744253 0.0217218 0.0102719 0.966321 0.015863 0.00618904 0.976888 0.935053 0.978386 0.00309031 0.971268 0.0139646 0.0264337 0.985531 0.988479 0.982169 0.0183147 0.998181 0.0409139 0.00722338 0.0247195 0.966084 0.00636927 0.0141035 0.00309185 0.00556067 0.00806823 0.892776 0.00886102 0.889851 0.976891 0.00944144 0.993768 0.00627876 0.0025661 0.0312546 0.908367 0.00454244 0.957909 0.0158053 0.0394003 0.00601771 0.0139158 0.679102 0.00829067 0.970593
0.106434 0.970832 0.0214782 0.027202 0.932527 0.0796601 0.0259566 0.994403 0.0458424 0.913239 0.0145985 0.987335 0.973577 0.994486 0.0448376 0.955529 0.0959391 0.99308 0.981398 0.979433 0.986604 0.994865 0.990235 0.969166 0.989084 0.987855 0.994039 0.00551585 0.993081 0.0306346 0.983336 0.983309 0.0142154 0.0158225 0.0518214 0.934032 0.979471 0.94899 0.937599 0.027045 0.0929087 0.973233 0.94723 0.0707942 0.992584 0.0203634 0.706128 0.988894 0.910727 0.01082 0.00164806 0.00242286 0.977142 0.00516886 0.00740331 0.0213812 0.0101837 0.967051 0.0156663 0.00613805 0.977216 0.936363 0.978692 0.00309151 0.971606 0.0137968 0.0260339 0.985737 0.988601 0.982494 0.0180514 0.998174 0.0400205 0.00715238 0.024344 0.966854 0.00631655 0.0139257 0.00309294 0.00553045 0.0080178 0.895448 0.00879928 0.892638 0.97729 0.0093647 0.993839 0.00623384 0.00256512 0.030725 0.91092 0.00451663 0.958709 0.0156043 0.0387338 0.00598062 0.0137502 0.686869 0.00821352 0.971033
0.103732 0.971208 0.0211331 0.0266315 0.933863 0.0776623 0.0254299 0.994405 0.044978 0.914805 0.014354 0.987434 0.973944 0.994497 0.043926 0.956175 0.0935878 0.993088 0.981624 0.979572 0.986691 0.994882 0.990295 0.969513 0.989158 0.987938 0.994043 0.00546995 0.993089 0.0299848 0.983468 0.983441 0.0139899 0.0156128 0.0506959 0.935241 0.979611 0.949936 0.938635 0.0264838 0.0906578 0.973626 0.948148 0.0690743 0.992582 0.0199999 0.712785 0.988977 0.912175 0.0106913 0.00164758 0.00242501 0.977535 0.00512751 0.00736239 0.0210501 0.0100944 0.967766 0.0154679 0.00608918 0.977541 0.937654 0.978991 0.00309279 0.971941 0.0136287 0.0256386 0.985943 0.98872 0.982813 0.017791 0.998166 0.0391551 0.00708195 0.0239744 0.967598 0.00626252 0.0137531 0.00309428 0.00549828 0.0079665 0.898062 0.00873854 0.895349 0.97768 0.00928823 0.993909 0.00618893 0.00256424 0.0302029 0.913384 0.00449011 0.959485 0.0154039 0.0380841 0.00594321 0.0135836 0.694524 0.00813567 0.971473
0.10109 0.971577 0.0207942 0.0260761 0.935166 0.0757149 0.0249082 0.994408 0.0441316 0.916337 0.0141154 0.987531 0.974304 0.994507 0.043028 0.956815 0.0912882 0.993098 0.981851 0.979709 0.986775 0.994898 0.990352 0.969856 0.989229 0.988023 0.994047 0.00542644 0.993097 0.0293486 0.983601 0.983573 0.0137667 0.0154041 0.0496026 0.936422 0.979751 0.95086 0.939654 0.0259333 0.0884475 0.974022 0.949064 0.0673849 0.992578 0.0196465 0.719344 0.989059 0.913618 0.0105644 0.00164739 0.00242698 0.977918 0.00508838 0.00732152 0.0207263 0.0100061 0.968458 0.0152703 0.0060421 0.977859 0.938908 0.979283 0.00309413 0.972273 0.013468 0.0252538 0.986141 0.988836 0.983127 0.0175354 0.998159 0.0383143 0.0070131 0.0236109 0.968323 0.00621063 0.0135838 0.00309529 0.00546788 0.00791644 0.900598 0.00867728 0.898009 0.97806 0.00921279 0.993976 0.00614566 0.00256313 0.029689 0.915779 0.00446382 0.960247 0.0152083 0.0374406 0.00590691 0.0134195 0.702053 0.00806117 0.971904
0.098527 0.971944 0.0204637 0.0255408 0.936441 0.0738277 0.0244014 0.99441 0.0432995 0.917858 0.0138828 0.987624 0.974661 0.994516 0.0421539 0.957442 0.089053 0.993107 0.982072 0.979847 0.986859 0.994915 0.990407 0.970194 0.989302 0.988104 0.99405 0.00538244 0.993105 0.0287232 0.983733 0.983707 0.0135497 0.0152007 0.0485315 0.937592 0.979891 0.95177 0.940665 0.0253966 0.0862981 0.974405 0.949955 0.065745 0.992575 0.0192996 0.725809 0.989139 0.915056 0.0104403 0.00164702 0.00242869 0.978298 0.00504863 0.00728181 0.0204074 0.00991873 0.969133 0.015079 0.00599416 0.978172 0.940142 0.979572 0.00309478 0.972596 0.0133068 0.0248739 0.986336 0.988951 0.98343 0.0172862 0.998151 0.0374897 0.00694546 0.0232494 0.969023 0.00615892 0.0134141 0.00309669 0.00543712 0.00786813 0.903081 0.00861586 0.900586 0.978436 0.00913655 0.994041 0.00610286 0.00256197 0.02919 0.918112 0.00443848 0.960989 0.0150146 0.0368092 0.00587038 0.01326 0.709517 0.0079867 0.972331
0.0960251 0.972305 0.0201386 0.0250166 0.937695 0.0719825 0.0239079 0.994412 0.0424885 0.919346 0.0136568 0.987717 0.975012 0.994525 0.041294 0.958058 0.0868528 0.993116 0.982288 0.979983 0.986942 0.99493 0.990463 0.970526 0.989373 0.988186 0.994052 0.00533962 0.993112 0.0281257 0.983864 0.983838 0.0133388 0.0149986 0.0474922 0.938734 0.98003 0.952659 0.94165 0.0248741 0.0841892 0.974785 0.950832 0.0641489 0.992573 0.0189602 0.732222 0.989219 0.916466 0.010316 0.00164712 0.00243078 0.978667 0.00501025 0.00724125 0.0200934 0.00983112 0.969788 0.0148907 0.00594655 0.97848 0.941345 0.979849 0.00309611 0.972914 0.0131475 0.0244991 0.986525 0.989063 0.983726 0.0170415 0.998143 0.0366933 0.00687846 0.0228989 0.969709 0.0061086 0.0132504 0.00309767 0.0054064 0.0078196 0.905502 0.00855579 0.903096 0.978805 0.00906284 0.994106 0.00605985 0.00256115 0.0286943 0.920376 0.0044141 0.961709 0.0148258 0.0361902 0.00583531 0.0131036 0.716803 0.0079141 0.972749
0.0935866 0.972661 0.0198214 0.0245092 0.938928 0.0701686 0.0234293 0.994414 0.0416966 0.920809 0.0134354 0.98781 0.97535 0.994534 0.040455 0.958669 0.0847009 0.993126 0.982501 0.980119 0.987026 0.994945 0.990519 0.97086 0.989442 0.988264 0.994056 0.00529788 0.993121 0.0275334 0.983993 0.983967 0.0131352 0.0148028 0.0464658 0.939856 0.980165 0.953529 0.942622 0.0243631 0.0821202 0.975157 0.951683 0.0625913 0.992571 0.0186273 0.738526 0.989298 0.917861 0.0101966 0.00164754 0.00243267 0.97903 0.00497185 0.00720082 0.0197863 0.00974341 0.970424 0.0147054 0.00589933 0.978779 0.942536 0.980124 0.00309742 0.97323 0.01299 0.0241274 0.986711 0.989173 0.984012 0.016798 0.998135 0.0359166 0.00681252 0.0225528 0.970374 0.00605907 0.0130881 0.00309827 0.00537688 0.00777114 0.907855 0.00849514 0.905549 0.979165 0.00898969 0.994169 0.00601632 0.00256049 0.0282047 0.922568 0.00438987 0.962415 0.0146381 0.0355806 0.00579993 0.0129496 0.723962 0.007842 0.973158
0.0912088 0.97301 0.0195079 0.0240158 0.940132 0.0684193 0.0229653 0.994416 0.0409136 0.922244 0.0132202 0.987899 0.97569 0.994544 0.0396333 0.959269 0.0826088 0.993135 0.982713 0.980251 0.98711 0.994959 0.990571 0.971181 0.989509 0.988342 0.994059 0.00525626 0.993129 0.0269636 0.984123 0.984094 0.0129333 0.0146061 0.0454673 0.940959 0.9803 0.954382 0.94357 0.0238732 0.0801154 0.975522 0.952517 0.0610751 0.99257 0.0183084 0.744705 0.989376 0.91922 0.0100769 0.00164781 0.00243483 0.97938 0.00493575 0.00716015 0.0194837 0.0096577 0.971045 0.0145224 0.00585482 0.979074 0.943695 0.980397 0.00309801 0.97354 0.0128394 0.0237679 0.986891 0.989284 0.984293 0.0165617 0.998127 0.0351514 0.00674899 0.0222115 0.97102 0.00601067 0.0129295 0.00309875 0.0053475 0.0077216 0.910156 0.00843504 0.907941 0.97952 0.00891612 0.994228 0.00597505 0.00256035 0.0277296 0.924707 0.00436684 0.963116 0.0144535 0.0349758 0.00576425 0.0127975 0.731062 0.0077709 0.973563
0.0888964 0.973355 0.0192005 0.0235262 0.941308 0.0667036 0.0225142 0.994417 0.0401498 0.923648 0.0130106 0.987989 0.97602 0.994553 0.0388298 0.959864 0.080565 0.993144 0.98292 0.980384 0.987191 0.994973 0.990622 0.971503 0.989574 0.988421 0.994061 0.00521608 0.993138 0.0264038 0.984248 0.984222 0.0127357 0.014412 0.0444924 0.942048 0.980436 0.955215 0.944513 0.0233936 0.0781619 0.975881 0.953352 0.0596018 0.992567 0.0179962 0.750774 0.989453 0.920569 0.00996175 0.00164836 0.00243694 0.979729 0.00490009 0.00711918 0.0191959 0.00957168 0.971653 0.0143396 0.00581011 0.979361 0.944833 0.980661 0.00309935 0.973848 0.0126882 0.023413 0.987067 0.989387 0.984565 0.0163281 0.998118 0.0344056 0.00668635 0.021875 0.971649 0.00596316 0.0127719 0.00310009 0.00531905 0.00767326 0.912401 0.00837551 0.910262 0.979865 0.00884309 0.994288 0.00593439 0.00255994 0.0272601 0.926766 0.0043435 0.963796 0.0142711 0.0343791 0.00573077 0.0126489 0.738066 0.0077017 0.973962
0.0866221 0.973694 0.0189012 0.0230615 0.942459 0.0650369 0.0220725 0.994417 0.0393969 0.925046 0.0128044 0.988076 0.97635 0.994562 0.0380407 0.960449 0.0785813 0.993152 0.983122 0.980516 0.987273 0.994987 0.990674 0.971818 0.98964 0.988499 0.994064 0.00517642 0.993146 0.0258616 0.984377 0.984346 0.012542 0.0142226 0.0435398 0.943117 0.98057 0.956031 0.945439 0.0229247 0.0762369 0.976236 0.954161 0.0581625 0.992565 0.0176909 0.75677 0.989528 0.921883 0.00984614 0.00164897 0.00243864 0.980068 0.00486549 0.00707912 0.0189074 0.00949005 0.972237 0.014161 0.00576747 0.979642 0.94594 0.980916 0.0030995 0.974149 0.0125394 0.0230582 0.987241 0.989492 0.98483 0.0160992 0.99811 0.0336798 0.00662456 0.021543 0.97226 0.00591565 0.0126176 0.00310097 0.00529017 0.00762442 0.91458 0.0083165 0.912526 0.980202 0.00877207 0.994346 0.00589372 0.00255958 0.0267988 0.928774 0.00432066 0.964462 0.0140936 0.0337946 0.00569566 0.0124983 0.744907 0.0076326 0.974352
0.0844248 0.974029 0.0186055 0.0226036 0.9436 0.0634113 0.021644 0.994416 0.0386551 0.926422 0.0126032 0.988163 0.976671 0.994571 0.0372795 0.961023 0.0766345 0.99316 0.983321 0.980649 0.987356 0.994999 0.990724 0.972127 0.989706 0.988574 0.994064 0.00513842 0.993155 0.0253326 0.9845 0.984472 0.0123536 0.0140362 0.0426076 0.944155 0.980704 0.95683 0.94634 0.0224698 0.0743697 0.976583 0.954959 0.0567703 0.992564 0.0173894 0.762679 0.989602 0.923191 0.00973321 0.00164983 0.00244068 0.980397 0.00483105 0.00704068 0.01862 0.00940663 0.972806 0.0139836 0.00572377 0.979919 0.947033 0.981169 0.00310038 0.974448 0.0123927 0.0227102 0.98741 0.989594 0.98509 0.0158718 0.998101 0.0329718 0.00656398 0.0212179 0.972856 0.00586913 0.0124658 0.00310154 0.00526101 0.00757668 0.9167 0.00825945 0.914741 0.98053 0.00870013 0.994402 0.00585414 0.00255968 0.0263465 0.930727 0.00429844 0.96511 0.0139182 0.0332163 0.0056617 0.0123539 0.751649 0.00756532 0.974734
0.0822847 0.974354 0.0183191 0.0221565 0.944697 0.0618428 0.0212232 0.994416 0.0379294 0.927765 0.0124076 0.988246 0.976985 0.994579 0.0365255 0.961592 0.074752 0.993168 0.983516 0.980781 0.987437 0.995013 0.990772 0.972434 0.989768 0.988649 0.994066 0.00510132 0.993163 0.0248193 0.984623 0.984595 0.0121691 0.0138542 0.0417017 0.945196 0.980838 0.957618 0.947233 0.0220269 0.0725589 0.976919 0.95574 0.0554149 0.992563 0.017098 0.768476 0.989676 0.924476 0.00962213 0.00165117 0.00244332 0.98072 0.00479715 0.00700005 0.0183399 0.00932347 0.973366 0.0138082 0.0056809 0.980189 0.948097 0.98142 0.00310136 0.974739 0.0122497 0.0223667 0.987575 0.989694 0.985344 0.0156534 0.998092 0.032278 0.00650414 0.0208995 0.973439 0.00582277 0.0123162 0.00310259 0.00523259 0.00752858 0.918769 0.0082009 0.916892 0.980853 0.00863031 0.994458 0.00581458 0.00255955 0.0259015 0.93262 0.00427595 0.965739 0.0137455 0.0326483 0.00562773 0.0122106 0.758225 0.00749844 0.975113
0.0801841 0.974677 0.0180362 0.0217223 0.945779 0.0603125 0.0208112 0.994415 0.0372219 0.929078 0.0122149 0.988329 0.977291 0.994588 0.0357856 0.962147 0.0728947 0.993175 0.983707 0.980914 0.987515 0.995027 0.990819 0.972736 0.98983 0.988724 0.994068 0.00506291 0.993172 0.0243147 0.984745 0.984717 0.0119906 0.0136743 0.0408098 0.946205 0.98097 0.958387 0.94811 0.021597 0.0707853 0.977253 0.956502 0.0540831 0.99256 0.0168082 0.774154 0.989748 0.92574 0.00951195 0.00165272 0.00244524 0.981039 0.00476469 0.00695896 0.0180615 0.00924195 0.973909 0.0136379 0.0056388 0.980458 0.949136 0.98167 0.00310193 0.975025 0.0121075 0.0220275 0.987737 0.989791 0.985591 0.0154353 0.998082 0.0316083 0.00644679 0.0205833 0.974001 0.00577835 0.0121705 0.00310389 0.00520527 0.00748224 0.920789 0.00814248 0.918982 0.981169 0.00856235 0.994511 0.00577642 0.00255968 0.0254691 0.934446 0.00425431 0.966355 0.0135737 0.0320917 0.00559505 0.0120695 0.764687 0.00743269 0.975485
0.0781444 0.974991 0.0177604 0.0212975 0.946838 0.0588179 0.0204162 0.994414 0.0365196 0.930373 0.0120279 0.988408 0.977597 0.994595 0.035074 0.962695 0.0710929 0.993183 0.983897 0.981048 0.987595 0.995038 0.990867 0.973038 0.989892 0.988795 0.99407 0.00502689 0.99318 0.0238265 0.984867 0.984837 0.0118155 0.0134958 0.0399388 0.947201 0.981102 0.959144 0.948984 0.0211777 0.069055 0.977579 0.957254 0.0527922 0.992557 0.016529 0.77972 0.989818 0.926974 0.00940545 0.00165423 0.00244709 0.981354 0.0047323 0.00691952 0.0177927 0.00916105 0.974436 0.0134673 0.00559819 0.980721 0.950148 0.981908 0.00310266 0.975302 0.0119693 0.0216994 0.987893 0.989888 0.985834 0.0152172 0.998073 0.0309554 0.00638919 0.0202753 0.974549 0.00573372 0.0120261 0.00310488 0.00517822 0.00743408 0.922763 0.00808358 0.921024 0.981478 0.00849327 0.994564 0.00573881 0.00255978 0.0250398 0.936214 0.00423299 0.966959 0.0134067 0.0315454 0.00556198 0.0119305 0.771035 0.00736806 0.975848
0.0761741 0.975302 0.0174883 0.0208844 0.947869 0.057362 0.0200279 0.994414 0.0358306 0.93164 0.0118462 0.988486 0.977894 0.994603 0.0343778 0.963236 0.0693401 0.993192 0.984085 0.981179 0.987674 0.99505 0.990913 0.973331 0.989953 0.988867 0.994071 0.00499131 0.993188 0.023347 0.984987 0.984957 0.0116448 0.0133209 0.0390955 0.948174 0.981236 0.959887 0.949838 0.0207691 0.0673603 0.977899 0.957979 0.0515395 0.992556 0.0162532 0.785189 0.989889 0.928181 0.00929976 0.00165621 0.00244884 0.981658 0.00470051 0.00688074 0.0175284 0.00908193 0.974948 0.0132999 0.00555868 0.980974 0.95114 0.982141 0.00310328 0.975581 0.0118302 0.0213683 0.988049 0.989983 0.986067 0.015008 0.998063 0.0303176 0.00633344 0.0199733 0.975084 0.00569006 0.0118829 0.00310608 0.00515099 0.007387 0.924669 0.00802641 0.923001 0.98178 0.00842615 0.994615 0.00570023 0.00256043 0.0246207 0.937933 0.0042119 0.967545 0.0132399 0.0310073 0.00552831 0.0117936 0.777231 0.00730337 0.97621
0.0742387 0.975605 0.0172221 0.0204824 0.948878 0.0559512 0.0196461 0.994413 0.035154 0.932903 0.0116677 0.988561 0.978189 0.994611 0.0336924 0.963767 0.0676387 0.993201 0.984267 0.981307 0.987752 0.995062 0.990958 0.973623 0.990014 0.98894 0.994072 0.00495606 0.993196 0.0228867 0.985104 0.985076 0.0114786 0.0131485 0.0382668 0.949128 0.981367 0.96061 0.950671 0.0203693 0.0657175 0.978216 0.958697 0.0503099 0.992553 0.0159836 0.790526 0.989959 0.929386 0.00919762 0.00165784 0.00245101 0.981952 0.00466987 0.00683946 0.0172688 0.00900159 0.975448 0.0131341 0.00551958 0.981227 0.952114 0.982369 0.00310399 0.975856 0.0116945 0.0210463 0.988199 0.990075 0.986299 0.0148019 0.998053 0.0296937 0.00627834 0.0196806 0.975605 0.00564655 0.0117421 0.0031065 0.00512337 0.00734025 0.926539 0.00796956 0.924943 0.982074 0.0083592 0.994665 0.00566284 0.00256074 0.0242133 0.939599 0.00419123 0.968124 0.0130764 0.0304714 0.0054964 0.0116574 0.783292 0.00724251 0.976564
0.0723576 0.975907 0.0169568 0.0200894 0.949856 0.0545782 0.0192745 0.994412 0.0344923 0.934129 0.0114936 0.988638 0.97848 0.994618 0.0330267 0.96429 0.0659672 0.993209 0.984445 0.981438 0.987829 0.995073 0.991001 0.973911 0.990073 0.989009 0.994074 0.00492157 0.993204 0.0224393 0.985222 0.985193 0.0113139 0.0129793 0.0374608 0.950072 0.981496 0.961318 0.951497 0.0199795 0.0641138 0.978521 0.9594 0.049122 0.992553 0.0157204 0.795787 0.990027 0.930561 0.0090951 0.00165981 0.00245302 0.982243 0.00463923 0.00680032 0.0170144 0.00892392 0.975932 0.012972 0.00548007 0.981472 0.953061 0.982595 0.00310437 0.976129 0.0115635 0.0207286 0.988346 0.990167 0.986522 0.0146006 0.998043 0.0290866 0.00622434 0.0193837 0.976107 0.0056049 0.0116049 0.00310725 0.00509775 0.00729233 0.928342 0.00791254 0.926824 0.982361 0.00829254 0.994713 0.00562624 0.00256136 0.0238071 0.941217 0.00417142 0.968689 0.0129151 0.0299491 0.00546431 0.0115235 0.789235 0.00718145 0.976909
0.0705221 0.976201 0.0167021 0.0197092 0.95082 0.0532442 0.0189147 0.99441 0.0338489 0.935336 0.011323 0.988714 0.978765 0.994626 0.032377 0.964801 0.0643441 0.993217 0.984619 0.981568 0.987905 0.995083 0.991046 0.974194 0.99013 0.989079 0.994075 0.00488784 0.993213 0.0220026 0.985339 0.985306 0.0111511 0.0128126 0.0366745 0.950995 0.981622 0.96201 0.952298 0.019603 0.0625474 0.978823 0.960093 0.0479675 0.992552 0.0154653 0.800936 0.990095 0.931716 0.00899646 0.00166191 0.0024552 0.98253 0.00460931 0.00676074 0.0167654 0.00884837 0.976414 0.0128105 0.00544087 0.981717 0.953987 0.982813 0.00310473 0.976395 0.0114333 0.0204186 0.988491 0.990257 0.986741 0.0144025 0.998033 0.0284971 0.00617107 0.019094 0.976596 0.00556364 0.0114684 0.00310742 0.00507191 0.00724602 0.930111 0.00785512 0.928658 0.982642 0.00822529 0.994761 0.00559067 0.00256183 0.0234112 0.942779 0.00415144 0.969236 0.0127581 0.029441 0.00543221 0.0113946 0.795024 0.007121 0.977253
0.0687497 0.976491 0.0164493 0.019334 0.951764 0.0519378 0.0185659 0.994409 0.0332177 0.936521 0.0111569 0.988787 0.979045 0.994632 0.0317402 0.965314 0.06276 0.993225 0.984791 0.981696 0.987981 0.995094 0.991089 0.974467 0.990188 0.989146 0.994076 0.00485535 0.99322 0.0215768 0.985456 0.985423 0.0109934 0.0126498 0.0359076 0.951894 0.981749 0.962685 0.953092 0.0192324 0.0610239 0.97912 0.960774 0.046841 0.99255 0.0152152 0.805979 0.990161 0.932857 0.0088987 0.00166434 0.00245743 0.982809 0.0045808 0.00672176 0.016522 0.00877211 0.976875 0.012651 0.00540236 0.981953 0.954893 0.983029 0.00310516 0.976657 0.0113029 0.0201106 0.988632 0.990347 0.986954 0.0142075 0.998022 0.0279196 0.00611839 0.0188096 0.977073 0.00552286 0.0113362 0.0031082 0.00504636 0.00719979 0.93181 0.00780062 0.930441 0.982917 0.00816028 0.994808 0.00555441 0.00256252 0.0230207 0.944295 0.00413165 0.969774 0.0126029 0.0289358 0.00540097 0.0112685 0.800669 0.00706066 0.97759
0.0670159 0.976776 0.016203 0.0189698 0.952678 0.0506697 0.0182265 0.994408 0.0325944 0.937677 0.010993 0.988858 0.97932 0.994639 0.031115 0.965812 0.0612143 0.993232 0.98496 0.981821 0.988054 0.995104 0.991132 0.974736 0.990245 0.989216 0.994076 0.00482321 0.993228 0.0211603 0.985571 0.985537 0.0108416 0.0124933 0.0351567 0.952778 0.981874 0.96335 0.953867 0.0188754 0.0595404 0.979416 0.961437 0.0457526 0.992547 0.0149721 0.810901 0.990227 0.933982 0.00880308 0.00166657 0.00245964 0.983084 0.00455147 0.00668322 0.0162793 0.00869555 0.977323 0.0124973 0.00536514 0.982184 0.955783 0.983239 0.00310622 0.976912 0.0111773 0.0198107 0.98877 0.990433 0.987163 0.0140163 0.998012 0.0273577 0.00606668 0.0185313 0.977535 0.00548297 0.0112067 0.00310894 0.00501991 0.00715307 0.933483 0.00774623 0.932159 0.983187 0.00809555 0.994854 0.00551903 0.00256288 0.0226403 0.945774 0.00411284 0.970301 0.0124471 0.0284448 0.00537028 0.0111424 0.806187 0.00700089 0.977917
0.0653344 0.977053 0.0159633 0.0186166 0.953576 0.0494339 0.0178958 0.994407 0.0319912 0.938802 0.0108348 0.988928 0.979586 0.994646 0.0305077 0.966309 0.0597189 0.993239 0.985125 0.981949 0.988129 0.995114 0.991173 0.975003 0.9903 0.989283 0.994077 0.00479141 0.993236 0.0207584 0.985684 0.985653 0.010691 0.0123345 0.0344183 0.953645 0.981999 0.963997 0.954631 0.0185226 0.0580884 0.979702 0.962095 0.044689 0.992546 0.0147359 0.815735 0.990291 0.935086 0.00870805 0.00166885 0.00246193 0.983349 0.00452342 0.00664589 0.0160423 0.00862021 0.977761 0.012346 0.00532872 0.982408 0.956653 0.983445 0.00310633 0.977165 0.0110518 0.0195177 0.988906 0.990518 0.987367 0.0138289 0.998001 0.0268105 0.00601634 0.018256 0.977985 0.00544353 0.0110778 0.00310949 0.00499387 0.00710787 0.935112 0.00769011 0.93383 0.983453 0.00803083 0.994899 0.00548504 0.00256378 0.0222641 0.947198 0.00409404 0.970814 0.0122967 0.0279575 0.00533979 0.0110176 0.811609 0.00694333 0.978242
0.0636929 0.977329 0.0157249 0.0182739 0.954464 0.0482342 0.0175726 0.994405 0.0313892 0.939913 0.0106796 0.988998 0.979853 0.994652 0.0299153 0.966788 0.0582676 0.993248 0.985289 0.982075 0.988202 0.995123 0.991214 0.975268 0.990355 0.989347 0.994078 0.00476046 0.993245 0.0203652 0.985795 0.985765 0.0105435 0.012178 0.0337038 0.954497 0.982123 0.964627 0.955372 0.0181807 0.0566946 0.979988 0.962733 0.0436511 0.992546 0.0145048 0.82046 0.990354 0.936179 0.00861581 0.00167133 0.002464 0.98361 0.0044945 0.00660925 0.0158125 0.00854732 0.978188 0.012197 0.00529337 0.98263 0.957501 0.983651 0.00310687 0.977417 0.0109286 0.0192297 0.989038 0.990602 0.987566 0.0136441 0.997991 0.0262781 0.00596711 0.0179861 0.978426 0.00540459 0.0109515 0.00311014 0.00496871 0.00706192 0.936701 0.00763624 0.935468 0.98371 0.00796767 0.994943 0.00545112 0.00256486 0.0218971 0.948576 0.00407554 0.971315 0.0121492 0.0274824 0.00530992 0.0108946 0.816861 0.00688723 0.978557
0.0620987 0.9776 0.0154902 0.0179381 0.955323 0.0470776 0.017254 0.994403 0.0308072 0.941001 0.0105287 0.989066 0.980115 0.994659 0.0293286 0.967262 0.0568455 0.993255 0.985448 0.982197 0.988274 0.995131 0.991255 0.975531 0.990409 0.989412 0.994078 0.00472988 0.993251 0.0199776 0.985905 0.985878 0.0103988 0.0120232 0.0330054 0.955337 0.982246 0.965247 0.956104 0.0178457 0.0553395 0.980267 0.963365 0.0426447 0.992544 0.0142753 0.825048 0.990417 0.937246 0.00852531 0.00167396 0.0024663 0.983864 0.00446639 0.00657076 0.0155834 0.00847233 0.9786 0.012048 0.00525759 0.982849 0.958327 0.983851 0.00310722 0.977664 0.0108062 0.0189454 0.989168 0.990684 0.987759 0.0134611 0.99798 0.0257574 0.00591849 0.0177253 0.978853 0.00536592 0.0108281 0.00311059 0.00494363 0.0070179 0.938233 0.00758266 0.937047 0.983964 0.00790576 0.994986 0.00541738 0.0025655 0.0215364 0.949909 0.00405734 0.971806 0.0119998 0.0270152 0.00528004 0.0107731 0.822008 0.00683042 0.978867
0.0605542 0.977869 0.0152625 0.0176094 0.956165 0.0459426 0.016945 0.9944 0.0302386 0.942066 0.0103818 0.989135 0.980369 0.994666 0.0287629 0.967734 0.0554669 0.993262 0.985608 0.98232 0.988346 0.995141 0.991293 0.975786 0.990464 0.989477 0.994079 0.00469946 0.993259 0.0196039 0.986014 0.985986 0.0102594 0.0118746 0.0323268 0.956149 0.982367 0.965856 0.956823 0.0175216 0.0540013 0.980537 0.963987 0.0416648 0.992543 0.014055 0.829543 0.990478 0.938282 0.00843685 0.00167695 0.00246847 0.984111 0.0044401 0.0065326 0.0153616 0.00839975 0.979 0.0119028 0.0052231 0.983062 0.959137 0.984051 0.00310799 0.977905 0.0106862 0.0186647 0.989295 0.990764 0.987947 0.0132837 0.997969 0.0252543 0.00587058 0.0174683 0.97927 0.00532929 0.0107057 0.00311067 0.00491915 0.0069738 0.939741 0.00752728 0.938585 0.984211 0.00784401 0.995027 0.0053838 0.00256655 0.0211861 0.951207 0.00403941 0.972281 0.0118549 0.0265543 0.00525092 0.0106547 0.827005 0.00677502 0.979171
0.059054 0.978129 0.0150396 0.0172885 0.956978 0.0448407 0.0166445 0.994397 0.0296744 0.94312 0.010237 0.9892 0.98062 0.994671 0.0282087 0.968193 0.0541182 0.99327 0.985765 0.982438 0.988417 0.995148 0.991332 0.97604 0.990517 0.989542 0.994079 0.00466892 0.993268 0.0192398 0.986123 0.986093 0.0101212 0.0117251 0.0316612 0.956946 0.982488 0.966448 0.957527 0.0172046 0.0527022 0.980804 0.964588 0.0407098 0.992543 0.0138389 0.833918 0.99054 0.939306 0.00834992 0.00167974 0.00247099 0.984356 0.00441352 0.00649494 0.0151447 0.00832921 0.979393 0.0117588 0.00518858 0.983272 0.959933 0.984243 0.00310831 0.978142 0.0105697 0.0183883 0.989418 0.990844 0.988131 0.0131094 0.997958 0.024762 0.00582342 0.0172121 0.979676 0.00529203 0.0105875 0.00311153 0.00489494 0.00692951 0.941196 0.00747478 0.940089 0.984454 0.00778325 0.995068 0.00535029 0.00256769 0.0208377 0.952465 0.00402223 0.972754 0.0117141 0.0261056 0.00522219 0.0105375 0.831891 0.00672071 0.979472
0.0575962 0.978385 0.014818 0.0169743 0.957779 0.0437714 0.016351 0.994395 0.0291335 0.944146 0.010096 0.989265 0.980865 0.994676 0.0276639 0.968645 0.0528069 0.993278 0.985921 0.982557 0.988488 0.995156 0.991369 0.976289 0.990572 0.989604 0.994079 0.00463924 0.993276 0.0188842 0.986231 0.986202 0.00998388 0.0115815 0.0310128 0.957735 0.982608 0.967023 0.958222 0.0168946 0.0514376 0.981066 0.965181 0.0397804 0.992541 0.0136269 0.838206 0.990601 0.940313 0.00826348 0.00168268 0.00247323 0.984595 0.00438809 0.00645735 0.0149292 0.00825897 0.979777 0.0116178 0.00515489 0.983479 0.960704 0.98443 0.00310904 0.978374 0.0104551 0.0181179 0.989539 0.990919 0.988313 0.0129398 0.997946 0.0242774 0.00577772 0.0169592 0.980068 0.00525575 0.0104699 0.00311175 0.00487054 0.00688569 0.942605 0.00742109 0.941554 0.984689 0.00772186 0.995107 0.00531835 0.00256919 0.0204968 0.953681 0.00400463 0.973211 0.0115749 0.0256665 0.00519408 0.0104216 0.836672 0.00666552 0.979767
0.0561675 0.978639 0.0146012 0.0166747 0.958573 0.0427285 0.0160659 0.994392 0.0285997 0.945153 0.00995889 0.989328 0.981109 0.994681 0.0271343 0.96909 0.0515341 0.993284 0.98607 0.982674 0.988557 0.995164 0.991406 0.976541 0.990623 0.989667 0.994078 0.00461096 0.993283 0.0185355 0.986334 0.986305 0.00985217 0.0114383 0.0303819 0.958503 0.982725 0.967597 0.958897 0.0165963 0.0502079 0.98132 0.965755 0.0388831 0.992539 0.0134204 0.84241 0.99066 0.941286 0.00817923 0.0016859 0.00247581 0.98483 0.00436318 0.00642058 0.0147186 0.00818894 0.980149 0.0114777 0.00512232 0.983684 0.961464 0.984615 0.0031095 0.978603 0.01034 0.0178548 0.989658 0.990996 0.988487 0.0127714 0.997934 0.0238029 0.00573239 0.0167162 0.980452 0.00522012 0.0103545 0.00311239 0.0048468 0.00684229 0.943972 0.0073678 0.942966 0.98492 0.00766107 0.995146 0.00528565 0.00257026 0.0201628 0.954857 0.00398779 0.973657 0.0114371 0.0252317 0.00516556 0.0103086 0.841298 0.0066131 0.980056
0.0547862 0.978888 0.0143908 0.0163773 0.959336 0.0417136 0.015791 0.99439 0.0280756 0.946137 0.00982566 0.989392 0.981344 0.994686 0.0266134 0.969531 0.0502855 0.993292 0.986218 0.982794 0.988626 0.995171 0.991443 0.976783 0.990673 0.989728 0.994078 0.00458238 0.993292 0.0181978 0.986436 0.986412 0.00972223 0.0112958 0.0297682 0.959258 0.982843 0.968155 0.959559 0.0163048 0.0490051 0.98157 0.966318 0.0380038 0.992537 0.0132187 0.846504 0.990719 0.942248 0.00809646 0.00168907 0.00247786 0.985059 0.00433828 0.00638391 0.0145125 0.00812113 0.980513 0.0113429 0.00508934 0.98388 0.962206 0.984796 0.00310989 0.978828 0.0102281 0.0175939 0.989774 0.99107 0.988659 0.0126068 0.997923 0.0233425 0.00568809 0.0164791 0.980826 0.00518528 0.0102408 0.00311261 0.00482388 0.00679853 0.94531 0.0073167 0.944342 0.985145 0.00760171 0.995185 0.00525423 0.00257121 0.0198355 0.955999 0.00397093 0.974094 0.0113003 0.0248068 0.00513705 0.0101981 0.845773 0.00656046 0.980341
0.0534381 0.979132 0.0141849 0.0160918 0.960085 0.040735 0.015521 0.994388 0.0275556 0.947106 0.00969533 0.989455 0.981583 0.994691 0.0261069 0.969958 0.0490847 0.993299 0.986362 0.982913 0.988696 0.995178 0.991477 0.97702 0.990723 0.989788 0.994078 0.00455433 0.9933 0.0178718 0.986539 0.986515 0.00959497 0.0111565 0.0291683 0.959994 0.98296 0.968704 0.960213 0.0160173 0.0478435 0.981818 0.966873 0.0371541 0.992537 0.013021 0.850479 0.990777 0.943196 0.00801513 0.00169224 0.00248038 0.985284 0.00431427 0.00634753 0.0143095 0.00805341 0.980869 0.0112097 0.00505717 0.984074 0.962936 0.984973 0.00310981 0.979051 0.010119 0.0173387 0.989886 0.991144 0.988827 0.0124427 0.997911 0.0228955 0.00564507 0.0162421 0.981188 0.00515052 0.0101281 0.00311282 0.0048011 0.00675498 0.946616 0.00726565 0.94568 0.985368 0.00754411 0.995222 0.0052234 0.00257216 0.0195165 0.95711 0.00395452 0.974522 0.0111672 0.0243899 0.00510959 0.0100873 0.850145 0.00650982 0.980622
0.0521398 0.979374 0.0139796 0.0158125 0.960818 0.0397807 0.0152589 0.994384 0.0270535 0.948046 0.009567 0.989516 0.981812 0.994697 0.0256088 0.970378 0.0479134 0.993306 0.986504 0.983029 0.988765 0.995185 0.991512 0.977257 0.990773 0.989848 0.994077 0.00452805 0.993307 0.0175508 0.98664 0.986615 0.00947126 0.0110203 0.02858 0.960712 0.983078 0.969234 0.960854 0.0157371 0.0467169 0.982061 0.967416 0.036326 0.992536 0.0128271 0.854359 0.990835 0.944136 0.00793427 0.00169548 0.00248241 0.985504 0.0042905 0.00631035 0.014114 0.007986 0.981213 0.0110774 0.00502581 0.984263 0.963639 0.985149 0.00311006 0.979269 0.0100103 0.0170865 0.989998 0.991216 0.988991 0.0122826 0.9979 0.0224583 0.00560387 0.016006 0.981544 0.00511663 0.0100175 0.00311344 0.00477753 0.00671229 0.947876 0.00721547 0.946988 0.985588 0.00748698 0.995257 0.00519234 0.00257326 0.0192028 0.958179 0.00393818 0.97494 0.0110361 0.0239815 0.00508176 0.00997983 0.854422 0.00645957 0.980893
0.0508702 0.979605 0.0137811 0.0155387 0.96154 0.0388634 0.0150018 0.99438 0.0265603 0.948972 0.00944077 0.989575 0.982038 0.994702 0.0251281 0.970799 0.0467698 0.993313 0.986644 0.983144 0.988832 0.995192 0.991547 0.977487 0.99082 0.989906 0.994077 0.00450156 0.993314 0.0172405 0.986741 0.986716 0.00935224 0.010889 0.0280113 0.961416 0.983193 0.969755 0.961487 0.0154641 0.0456211 0.982298 0.96795 0.0355201 0.992534 0.0126401 0.85813 0.990892 0.945049 0.00785619 0.00169905 0.00248468 0.985718 0.00426655 0.00627463 0.013918 0.00791975 0.981547 0.0109488 0.00499516 0.984451 0.964329 0.985318 0.00311017 0.979485 0.00990462 0.0168374 0.990107 0.99129 0.98915 0.0121255 0.997888 0.022035 0.00556186 0.0157776 0.981889 0.00508309 0.00990946 0.00311291 0.00475468 0.00666982 0.949111 0.00716352 0.948254 0.985804 0.00742848 0.995294 0.00516125 0.00257481 0.0188957 0.959223 0.00392112 0.975347 0.0109059 0.0235839 0.00505444 0.00987389 0.858574 0.00640984 0.981164
0.0496391 0.979834 0.0135876 0.0152722 0.962245 0.0379633 0.0147496 0.994377 0.0260725 0.949874 0.00931731 0.989632 0.982263 0.994707 0.0246552 0.971211 0.0456619 0.993319 0.986781 0.983259 0.988897 0.995197 0.99158 0.977715 0.990869 0.989964 0.994077 0.00447667 0.99332 0.0169364 0.986841 0.986817 0.00923317 0.0107576 0.0274518 0.962109 0.983308 0.970266 0.962105 0.0151977 0.0445515 0.98253 0.968464 0.0347284 0.992534 0.012456 0.861809 0.990949 0.945949 0.0077788 0.00170278 0.00248765 0.985927 0.00424385 0.00623938 0.0137225 0.00785312 0.981874 0.0108206 0.00496382 0.984634 0.964999 0.985485 0.00310981 0.9797 0.00980012 0.0165961 0.990215 0.991358 0.989306 0.0119721 0.997876 0.0216195 0.00552078 0.0155523 0.982227 0.00504996 0.00980435 0.00311317 0.00473269 0.00662738 0.950306 0.00711255 0.949478 0.98601 0.00737221 0.995329 0.0051321 0.00257661 0.0185963 0.960229 0.00390582 0.975747 0.0107789 0.0231923 0.00502778 0.0097691 0.862594 0.0063605 0.98143
0.0484431 0.980066 0.0133978 0.0150094 0.96293 0.037085 0.0145023 0.994374 0.0256023 0.950757 0.009197 0.98969 0.982479 0.994712 0.0241966 0.971613 0.0445762 0.993327 0.986917 0.983373 0.988962 0.995204 0.991614 0.977938 0.990915 0.990021 0.994077 0.00445087 0.993327 0.016636 0.986941 0.986915 0.00911599 0.01063 0.0269097 0.962789 0.983421 0.970763 0.962705 0.0149404 0.0435137 0.982758 0.968973 0.0339668 0.992533 0.0122753 0.865401 0.991006 0.946826 0.0077032 0.00170625 0.00248993 0.986134 0.00422142 0.00620451 0.0135339 0.00778965 0.982192 0.0106935 0.00493342 0.984815 0.965661 0.985649 0.00311028 0.979909 0.00969556 0.0163586 0.99032 0.991425 0.989459 0.0118232 0.997864 0.0212129 0.00547978 0.0153319 0.982556 0.00501712 0.00970016 0.00311312 0.00471082 0.00658632 0.951457 0.00706257 0.950678 0.986214 0.00731602 0.995363 0.00510234 0.00257842 0.0183009 0.961211 0.00388985 0.976137 0.0106528 0.0228058 0.00500076 0.00966474 0.866515 0.00631367 0.981689
0.0472736 0.980287 0.0132082 0.0147543 0.963605 0.0362222 0.0142612 0.994371 0.0251436 0.951627 0.00908 0.989748 0.982693 0.994717 0.0237465 0.972004 0.0435241 0.993334 0.987051 0.983486 0.989027 0.995211 0.991648 0.978154 0.990962 0.990077 0.994075 0.00442615 0.993333 0.0163456 0.987039 0.987012 0.00899999 0.0105013 0.0263756 0.963453 0.983534 0.971255 0.963298 0.0146883 0.0425065 0.982983 0.969469 0.0332227 0.992532 0.0120984 0.868898 0.991059 0.947689 0.00762959 0.00171006 0.00249244 0.986335 0.00419864 0.00616927 0.0133532 0.00772643 0.982506 0.0105687 0.0049027 0.984994 0.966301 0.985811 0.00311039 0.980113 0.00959454 0.0161248 0.990423 0.991493 0.989607 0.0116764 0.997852 0.0208167 0.00543914 0.0151172 0.982874 0.0049855 0.00959829 0.00311335 0.00468846 0.00654418 0.95258 0.00701356 0.951836 0.986414 0.00726143 0.995396 0.00507248 0.00257947 0.0180134 0.962165 0.0038744 0.976514 0.0105291 0.0224252 0.00497389 0.00956373 0.870325 0.00626694 0.981941
0.0461453 0.980504 0.0130244 0.0145066 0.964259 0.0353955 0.014028 0.994368 0.0246909 0.952467 0.0089649 0.989801 0.982904 0.994721 0.0233069 0.972393 0.0425003 0.993341 0.987179 0.983599 0.989091 0.995217 0.99168 0.978376 0.991009 0.990133 0.994075 0.00440137 0.99334 0.0160605 0.987135 0.987107 0.00888986 0.0103771 0.0258592 0.964093 0.983645 0.971732 0.963876 0.01444 0.0415129 0.983205 0.96995 0.0324997 0.99253 0.0119252 0.872301 0.991114 0.948538 0.00755489 0.00171351 0.00249511 0.986534 0.00417673 0.00613412 0.013172 0.00766259 0.982805 0.0104465 0.00487277 0.985169 0.96693 0.985969 0.00311027 0.980314 0.0094951 0.0158979 0.990524 0.991558 0.989752 0.0115316 0.997839 0.0204347 0.00539924 0.0149063 0.983186 0.00495341 0.00949541 0.00311319 0.00466631 0.00650246 0.953681 0.00696498 0.952959 0.986609 0.00720617 0.995429 0.00504341 0.00258085 0.0177329 0.963086 0.00385926 0.976889 0.0104101 0.0220632 0.00494811 0.00946433 0.874018 0.00621996 0.982186
0.045041 0.98072 0.0128455 0.0142643 0.964901 0.0345935 0.0137988 0.994364 0.0242485 0.953296 0.00885192 0.989855 0.983113 0.994725 0.0228797 0.972772 0.0414988 0.993348 0.987306 0.983707 0.989156 0.995223 0.991712 0.97859 0.991055 0.990189 0.994073 0.00437711 0.993346 0.0157837 0.987227 0.987202 0.00878222 0.0102553 0.0253544 0.964724 0.983754 0.972197 0.964441 0.0142018 0.0405522 0.983419 0.970433 0.0317948 0.99253 0.0117561 0.875618 0.991166 0.949372 0.00748281 0.00171712 0.00249739 0.986727 0.00415602 0.00609907 0.0129949 0.00759948 0.983103 0.0103253 0.00484362 0.985338 0.967541 0.986125 0.0031103 0.980513 0.00939552 0.0156749 0.99062 0.991622 0.989895 0.0113894 0.997827 0.0200604 0.00536014 0.0146972 0.983488 0.00492244 0.00939415 0.00311298 0.00464424 0.00646186 0.954744 0.00691707 0.95406 0.9868 0.00715265 0.995461 0.00501503 0.00258226 0.0174565 0.963982 0.00384447 0.977256 0.0102914 0.0217017 0.00492288 0.00936599 0.877574 0.00617344 0.982432
0.0439681 0.980933 0.0126685 0.0140296 0.965525 0.0338136 0.0135757 0.99436 0.023817 0.954112 0.00874109 0.989909 0.983317 0.99473 0.022458 0.973148 0.0405349 0.993353 0.987431 0.983818 0.989219 0.995228 0.991742 0.978799 0.9911 0.99024 0.994072 0.00435316 0.993354 0.0155131 0.987321 0.987297 0.00867683 0.0101353 0.0248626 0.96534 0.983863 0.97265 0.964995 0.0139682 0.0396213 0.983627 0.970901 0.0311073 0.992531 0.0115887 0.878859 0.99122 0.950184 0.00741075 0.00172097 0.00249967 0.986913 0.00413551 0.00606465 0.0128238 0.00753684 0.983391 0.0102074 0.00481473 0.985505 0.96814 0.986276 0.0031106 0.980711 0.00929788 0.0154563 0.990718 0.991687 0.990035 0.0112489 0.997814 0.0196946 0.00532275 0.0144912 0.983784 0.00489222 0.00929682 0.00311347 0.00462306 0.00642079 0.955775 0.00686982 0.955122 0.986986 0.00710006 0.995492 0.00498707 0.00258404 0.0171867 0.964852 0.00382975 0.977608 0.0101744 0.0213464 0.0048974 0.00927034 0.881061 0.00612716 0.982672
0.0429233 0.981143 0.0124953 0.013801 0.966143 0.0330493 0.013357 0.994356 0.0233949 0.954905 0.00863322 0.989962 0.983521 0.994734 0.0220505 0.973522 0.0395894 0.993361 0.987553 0.983924 0.989282 0.995233 0.991772 0.979008 0.991145 0.990294 0.99407 0.0043298 0.993361 0.0152509 0.98741 0.987391 0.00857326 0.0100161 0.0243859 0.965941 0.983968 0.973098 0.965545 0.0137412 0.038708 0.983834 0.971361 0.0304409 0.99253 0.01143 0.88199 0.991272 0.950983 0.00734204 0.00172513 0.0025023 0.987098 0.00411592 0.00603082 0.0126547 0.00747575 0.983674 0.010092 0.00478632 0.985672 0.968725 0.986427 0.00311055 0.980906 0.00920277 0.0152381 0.990814 0.99175 0.99017 0.0111111 0.997801 0.0193381 0.00528683 0.0142921 0.98407 0.0048624 0.00919984 0.00311366 0.00460253 0.00638145 0.95679 0.00682353 0.956152 0.98717 0.0070474 0.995523 0.00495855 0.00258548 0.0169204 0.965694 0.0038149 0.977959 0.0100592 0.0209991 0.00487257 0.00917598 0.884434 0.00608155 0.982906
0.041913 0.981348 0.012326 0.0135759 0.966738 0.0323029 0.0131448 0.994353 0.0229831 0.955678 0.0085283 0.990015 0.983721 0.994738 0.0216531 0.973882 0.0386782 0.993366 0.987674 0.984031 0.989344 0.995238 0.991802 0.979215 0.991186 0.990347 0.994069 0.00430593 0.993368 0.0149911 0.987503 0.987482 0.00847099 0.00990116 0.0239195 0.966539 0.984073 0.973536 0.966088 0.0135186 0.0378262 0.984034 0.971811 0.0297939 0.992529 0.0112731 0.885039 0.991322 0.951768 0.00727369 0.00172928 0.00250472 0.987279 0.00409571 0.00599716 0.0124864 0.00741632 0.983947 0.00997877 0.00475802 0.985832 0.969298 0.986574 0.00311099 0.981095 0.00910955 0.0150265 0.990907 0.991812 0.990303 0.0109758 0.997789 0.01899 0.00524922 0.0140938 0.984351 0.00483278 0.00910574 0.00311363 0.00458306 0.00634209 0.957763 0.00677693 0.957162 0.987352 0.00699678 0.995554 0.00493113 0.00258735 0.0166567 0.966514 0.00380142 0.978299 0.0099461 0.0206597 0.00484846 0.00908308 0.887694 0.00603745 0.983138
0.0409274 0.981546 0.012162 0.0133572 0.967318 0.0315821 0.012938 0.994347 0.022579 0.956434 0.00842493 0.990066 0.98391 0.994741 0.0212609 0.974235 0.0377816 0.993373 0.987792 0.984137 0.989404 0.995242 0.991833 0.979416 0.991229 0.990398 0.994066 0.00428335 0.993373 0.0147398 0.987598 0.987571 0.00836965 0.00978656 0.023464 0.967112 0.984177 0.973962 0.966615 0.0133005 0.0369699 0.984231 0.972253 0.0291619 0.992528 0.0111171 0.887999 0.991373 0.952543 0.00720693 0.00173377 0.00250725 0.987457 0.00407591 0.00596384 0.0123203 0.00735815 0.984216 0.00986585 0.00473043 0.98599 0.96986 0.986716 0.00311079 0.981284 0.00901557 0.0148181 0.990998 0.991873 0.990434 0.0108437 0.997776 0.0186517 0.00521321 0.0139019 0.984623 0.0048034 0.00901282 0.00311405 0.00456355 0.00630285 0.95872 0.00673182 0.958143 0.987525 0.00694559 0.995583 0.00490424 0.00258948 0.0164027 0.967306 0.00378756 0.978634 0.00983566 0.0203242 0.00482395 0.00898945 0.890889 0.00599376 0.983362
0.0399711 0.981743 0.0120019 0.0131435 0.967888 0.0308777 0.0127362 0.994344 0.0221843 0.957181 0.00832413 0.990118 0.984097 0.994745 0.0208814 0.974582 0.036915 0.993379 0.987909 0.984239 0.989465 0.995246 0.991863 0.979612 0.99127 0.990449 0.994065 0.00426054 0.993378 0.0144953 0.987687 0.987662 0.00827179 0.00967358 0.0230177 0.967675 0.98428 0.974381 0.967125 0.0130884 0.036133 0.984425 0.972686 0.0285468 0.992528 0.0109647 0.890885 0.991423 0.953299 0.00714156 0.00173814 0.00250929 0.98763 0.00405626 0.00593045 0.012158 0.0072992 0.984477 0.00975872 0.00470401 0.986146 0.9704 0.986855 0.00311143 0.981468 0.00892493 0.0146143 0.991088 0.991933 0.99056 0.0107114 0.997763 0.0183213 0.00517719 0.0137124 0.984888 0.0047745 0.00892048 0.00311382 0.00454375 0.00626426 0.959645 0.00668715 0.959089 0.987697 0.0068945 0.995612 0.00487739 0.00259135 0.0161523 0.968069 0.00377476 0.978961 0.00972884 0.0199989 0.0048001 0.0088981 0.893973 0.00595066 0.983585
0.0390388 0.981938 0.0118425 0.0129336 0.968442 0.0301978 0.0125383 0.99434 0.0218003 0.95791 0.00822506 0.990168 0.984285 0.994748 0.0205092 0.974922 0.0360762 0.993387 0.988024 0.984343 0.989526 0.995251 0.991892 0.979806 0.991313 0.9905 0.994063 0.00423819 0.993386 0.0142557 0.987775 0.987751 0.00817652 0.00956171 0.0225876 0.968232 0.984382 0.974792 0.967631 0.0128825 0.0353216 0.984619 0.973112 0.0279496 0.992527 0.0108164 0.893693 0.991472 0.954036 0.00707676 0.0017424 0.00251131 0.987799 0.00403699 0.00589764 0.0120011 0.00724095 0.984731 0.0096515 0.00467783 0.986298 0.970932 0.986994 0.00311149 0.981645 0.00883594 0.014414 0.991175 0.991993 0.990683 0.0105834 0.99775 0.0179974 0.0051429 0.0135258 0.985144 0.00474602 0.0088305 0.00311382 0.00452342 0.0062253 0.960541 0.00664211 0.960012 0.987867 0.00684515 0.99564 0.00485107 0.00259296 0.0159066 0.968817 0.00376123 0.97928 0.00962097 0.0196806 0.00477628 0.00880917 0.896967 0.00590823 0.983802
0.0381364 0.98213 0.0116877 0.0127286 0.968986 0.0295336 0.0123459 0.994337 0.0214256 0.958624 0.00812776 0.990216 0.984468 0.994752 0.0201461 0.975252 0.0352551 0.993394 0.988137 0.984444 0.989585 0.995257 0.99192 0.979997 0.991354 0.99055 0.99406 0.00421695 0.993393 0.0140216 0.987862 0.987839 0.0080819 0.00945586 0.0221643 0.968774 0.984483 0.975193 0.968125 0.0126764 0.0345281 0.984809 0.973526 0.0273659 0.992527 0.0106727 0.896416 0.991519 0.954759 0.00701285 0.00174664 0.00251341 0.987964 0.00401797 0.00586504 0.0118465 0.00718502 0.984981 0.00954673 0.00465196 0.986447 0.971446 0.987129 0.00311183 0.981826 0.00874822 0.0142158 0.991262 0.992051 0.990806 0.0104585 0.997737 0.0176804 0.00510868 0.0133436 0.985398 0.00471866 0.00874119 0.003114 0.00450375 0.00618675 0.961416 0.00659806 0.960907 0.98803 0.00679544 0.995668 0.00482565 0.00259487 0.0156664 0.96954 0.00374752 0.979594 0.00951586 0.0193673 0.00475326 0.00872162 0.899884 0.00586707 0.984015
0.03726 0.982315 0.0115344 0.012532 0.969516 0.0288906 0.012158 0.994332 0.0210592 0.959324 0.00803227 0.990263 0.984648 0.994756 0.0197906 0.975582 0.0344567 0.9934 0.988249 0.984543 0.989643 0.99526 0.991948 0.980185 0.991394 0.990597 0.994059 0.00419618 0.993401 0.0137954 0.987947 0.987926 0.00799062 0.00935063 0.0217501 0.969305 0.984583 0.975589 0.968609 0.0124758 0.0337592 0.984995 0.973929 0.0267953 0.992526 0.0105328 0.899057 0.991565 0.955471 0.00694963 0.00175135 0.00251555 0.988126 0.00399934 0.00583271 0.0116946 0.00712814 0.985221 0.00944146 0.00462608 0.986591 0.971951 0.987263 0.00311156 0.982002 0.00866162 0.0140213 0.991347 0.992109 0.990924 0.0103343 0.997724 0.0173721 0.00507526 0.0131641 0.985646 0.00469158 0.0086531 0.00311386 0.00448365 0.0061493 0.962261 0.00655417 0.961781 0.988192 0.00674785 0.995695 0.00479989 0.00259656 0.0154312 0.970235 0.00373416 0.979897 0.00941108 0.01906 0.00472981 0.00863632 0.902697 0.00582687 0.984222
0.0364086 0.982497 0.0113867 0.0123381 0.970029 0.0282626 0.0119736 0.994328 0.0206961 0.960004 0.00793944 0.99031 0.984824 0.994761 0.0194476 0.975906 0.0336901 0.993406 0.988357 0.984644 0.989701 0.995264 0.991976 0.980371 0.991434 0.990648 0.994057 0.00417522 0.993408 0.0135731 0.988028 0.988012 0.00790205 0.00924655 0.0213475 0.96983 0.984685 0.975975 0.969088 0.0122847 0.0330085 0.985176 0.974324 0.0262421 0.992527 0.0103932 0.901644 0.991612 0.956167 0.00688717 0.0017556 0.00251847 0.988286 0.00398135 0.00580052 0.0115481 0.00707286 0.985458 0.00933945 0.0046007 0.986735 0.972442 0.987393 0.00311167 0.982172 0.00857776 0.0138323 0.991429 0.992163 0.991041 0.0102121 0.997711 0.0170735 0.00504184 0.0129905 0.985887 0.0046636 0.00856742 0.00311447 0.0044652 0.0061121 0.96309 0.00651003 0.962634 0.98835 0.0066995 0.995722 0.00477537 0.00259818 0.0151997 0.970914 0.00372169 0.980196 0.00930865 0.0187571 0.00470652 0.00855111 0.905427 0.00578619 0.984427
0.0355806 0.98268 0.0112387 0.0121505 0.970531 0.0276561 0.0117938 0.994324 0.0203416 0.960675 0.00784774 0.990359 0.984998 0.994764 0.0191078 0.976224 0.0329369 0.993413 0.988464 0.984743 0.989757 0.995268 0.992003 0.980553 0.991472 0.990696 0.994055 0.00415538 0.993413 0.0133579 0.988112 0.988095 0.00781404 0.00914263 0.0209514 0.970341 0.984785 0.976347 0.969554 0.0120945 0.0322774 0.985354 0.974711 0.0257028 0.992528 0.0102563 0.904147 0.991659 0.956846 0.0068258 0.00175991 0.00252104 0.988443 0.00396376 0.00576817 0.0114046 0.00701847 0.985688 0.00923863 0.00457625 0.986876 0.972922 0.987523 0.00311145 0.982341 0.00849373 0.0136457 0.99151 0.992219 0.991156 0.0100948 0.997698 0.0167805 0.0050086 0.0128195 0.986123 0.00463715 0.00848255 0.00311479 0.00444588 0.00607554 0.963894 0.00646687 0.963457 0.988504 0.00665168 0.995748 0.00475057 0.00259988 0.0149706 0.971572 0.00370831 0.98049 0.00920865 0.0184608 0.0046839 0.00846809 0.908077 0.00574683 0.984632
0.0347778 0.982858 0.0110922 0.0119659 0.971026 0.0270593 0.0116186 0.994319 0.0199962 0.96133 0.00775866 0.990405 0.985167 0.994767 0.0187765 0.976534 0.0322054 0.993419 0.988572 0.984837 0.989812 0.995271 0.99203 0.980733 0.991512 0.990742 0.994052 0.00413555 0.99342 0.0131466 0.988195 0.98818 0.0077266 0.0090415 0.0205666 0.970833 0.984882 0.976718 0.97001 0.0119103 0.0315727 0.985531 0.975094 0.0251815 0.992528 0.0101232 0.906601 0.991704 0.957508 0.00676636 0.00176451 0.00252359 0.988598 0.00394573 0.00573644 0.0112627 0.00696406 0.985915 0.00914032 0.0045521 0.987013 0.973393 0.987649 0.00311125 0.982507 0.00841117 0.013464 0.991588 0.992272 0.991268 0.00997809 0.997685 0.0164936 0.00497741 0.0126518 0.986351 0.00461091 0.00839977 0.00311508 0.00442713 0.00603893 0.964678 0.00642388 0.964256 0.988654 0.00660358 0.995773 0.00472518 0.00260219 0.0147515 0.972215 0.00369632 0.980775 0.00911132 0.0181726 0.00466134 0.00838619 0.910644 0.00570751 0.984831
0.0339989 0.983034 0.0109502 0.0117866 0.971513 0.0264867 0.0114479 0.994317 0.0196563 0.961969 0.00767119 0.990448 0.985333 0.99477 0.0184543 0.976838 0.031493 0.993426 0.988678 0.984934 0.989867 0.995274 0.992056 0.980907 0.99155 0.99079 0.994049 0.00411549 0.993427 0.0129419 0.988277 0.988262 0.00764162 0.00894287 0.0201889 0.97132 0.984976 0.97708 0.970458 0.0117303 0.0308808 0.985702 0.97547 0.0246755 0.992527 0.00999274 0.908952 0.991749 0.958161 0.00670576 0.00176907 0.0025265 0.988746 0.00392892 0.00570633 0.0111236 0.0069109 0.986136 0.0090421 0.00452801 0.987148 0.973851 0.987773 0.00311108 0.982669 0.00832988 0.0132831 0.991666 0.992325 0.991377 0.00986467 0.997671 0.0162187 0.00494529 0.0124877 0.986574 0.00458496 0.00831773 0.00311428 0.00440808 0.0060027 0.96544 0.0063832 0.96504 0.988802 0.00655647 0.995799 0.00470031 0.0026038 0.0145357 0.972837 0.00368419 0.981055 0.00901441 0.0178889 0.00463877 0.00830756 0.913138 0.0056693 0.985023
0.0332347 0.983207 0.0108114 0.0116072 0.971983 0.0259274 0.0112797 0.994314 0.0193281 0.962599 0.00758462 0.990493 0.985499 0.994773 0.01814 0.977137 0.0308042 0.993432 0.98878 0.98503 0.989922 0.995277 0.992082 0.981084 0.991588 0.990836 0.994046 0.00409597 0.993433 0.012741 0.988357 0.988344 0.00755867 0.00884613 0.0198234 0.971798 0.985071 0.977431 0.97089 0.0115564 0.0302115 0.98587 0.975831 0.0241797 0.992526 0.00986558 0.911253 0.991795 0.958805 0.00664629 0.00177407 0.00252875 0.988894 0.00391239 0.00567444 0.0109867 0.00685864 0.98635 0.00894393 0.00450307 0.987278 0.974307 0.987893 0.00311145 0.982827 0.00825097 0.0131074 0.991744 0.992377 0.991483 0.0097542 0.997658 0.0159436 0.00491424 0.0123253 0.986792 0.00455872 0.00823715 0.00311396 0.00438953 0.00596586 0.966179 0.00634177 0.965799 0.988947 0.00651139 0.995823 0.00467614 0.00260551 0.0143255 0.973445 0.00367255 0.981328 0.00891821 0.0176091 0.00461717 0.00822865 0.91554 0.00563171 0.985213
0.0324971 0.983377 0.0106749 0.011436 0.972442 0.0253841 0.0111142 0.99431 0.0190086 0.963214 0.00750136 0.990535 0.98566 0.994776 0.0178359 0.977427 0.030136 0.993438 0.988883 0.985124 0.989978 0.99528 0.992109 0.981255 0.991626 0.990881 0.994044 0.00407653 0.99344 0.0125446 0.988438 0.988426 0.00747631 0.0087497 0.0194684 0.972264 0.985167 0.977776 0.97132 0.0113841 0.0295596 0.986033 0.97619 0.0236935 0.992525 0.00974133 0.91349 0.991839 0.959431 0.0065908 0.00177891 0.00253073 0.989036 0.00389547 0.00564351 0.0108512 0.00680696 0.986559 0.00884991 0.00447933 0.98741 0.974745 0.988012 0.00311123 0.982986 0.00817285 0.0129357 0.991819 0.992429 0.991587 0.00964456 0.997645 0.0156746 0.00488383 0.0121663 0.987004 0.00453392 0.00815755 0.00311384 0.004371 0.00592957 0.966904 0.00630185 0.966542 0.989088 0.00646685 0.995848 0.00465243 0.00260707 0.0141169 0.974031 0.00366066 0.981596 0.00882398 0.0173357 0.00459511 0.00815097 0.917871 0.00559429 0.985399
0.0317804 0.983545 0.0105413 0.0112654 0.972888 0.0248538 0.0109565 0.994305 0.0186942 0.963806 0.00741846 0.990578 0.985818 0.994778 0.017532 0.977717 0.0294815 0.993444 0.988983 0.985223 0.990031 0.995283 0.992134 0.981422 0.991665 0.990926 0.994043 0.00405745 0.993446 0.012354 0.988516 0.988504 0.00739735 0.00865704 0.0191207 0.972714 0.985262 0.978114 0.971742 0.0112161 0.028931 0.986195 0.976541 0.0232218 0.992526 0.0096198 0.915655 0.991882 0.960046 0.00653512 0.00178342 0.00253316 0.989176 0.00387972 0.0056133 0.0107182 0.00675604 0.986764 0.00875745 0.00445617 0.987539 0.975175 0.988128 0.00311158 0.983139 0.00809593 0.0127683 0.991894 0.99248 0.991689 0.009538 0.997631 0.0154161 0.00485318 0.0120122 0.987212 0.00450976 0.0080799 0.00311348 0.00435232 0.00589496 0.967607 0.00626032 0.967255 0.989226 0.00642157 0.995872 0.00462887 0.00260941 0.0139148 0.9746 0.00364928 0.981855 0.00873263 0.0170705 0.00457356 0.0080754 0.920122 0.00555752 0.985582
0.0310808 0.983709 0.0104097 0.0111002 0.973331 0.0243404 0.0108003 0.9943 0.0183853 0.964391 0.0073378 0.990618 0.985973 0.994781 0.0172353 0.977998 0.0288484 0.993451 0.98908 0.985316 0.990085 0.995286 0.992158 0.981586 0.991701 0.990969 0.994041 0.00403923 0.993452 0.0121659 0.988596 0.988583 0.00731942 0.00856291 0.0187814 0.973159 0.985354 0.978444 0.972155 0.0110541 0.0283174 0.986355 0.976884 0.022764 0.992526 0.00949975 0.91777 0.991924 0.960643 0.00647964 0.00178804 0.00253561 0.989314 0.00386292 0.00558258 0.0105873 0.0067072 0.986964 0.00866589 0.00443332 0.987668 0.975596 0.988242 0.00311197 0.983291 0.00801975 0.0126028 0.991965 0.99253 0.991789 0.00943121 0.997618 0.0151644 0.00482298 0.0118601 0.987416 0.0044852 0.00800312 0.00311362 0.0043346 0.00586029 0.96829 0.00621991 0.967952 0.989361 0.00637781 0.995895 0.00460497 0.00261175 0.0137137 0.975155 0.00363801 0.98211 0.00864264 0.0168102 0.00455206 0.00799937 0.922315 0.0055213 0.985759
0.0304022 0.983869 0.0102818 0.0109397 0.973765 0.0238369 0.0106456 0.994296 0.0180847 0.964967 0.00725831 0.990661 0.986125 0.994784 0.0169474 0.978279 0.0282324 0.993459 0.989176 0.985411 0.990136 0.995289 0.992181 0.981749 0.991738 0.991013 0.994038 0.00402074 0.993457 0.0119836 0.988671 0.988659 0.00724091 0.0084721 0.0184507 0.973592 0.985445 0.978767 0.972563 0.0108934 0.0277134 0.986511 0.977219 0.0223182 0.992526 0.00938267 0.91982 0.991966 0.961231 0.00642486 0.00179297 0.00253798 0.98945 0.0038477 0.00555422 0.0104564 0.00665702 0.987161 0.00857631 0.00441076 0.987791 0.976005 0.988354 0.00311239 0.983442 0.00794566 0.0124402 0.992036 0.992579 0.991888 0.00932787 0.997604 0.014919 0.00479448 0.0117098 0.987612 0.00446122 0.00792964 0.00311349 0.00431709 0.0058264 0.968951 0.00618106 0.968626 0.989496 0.00633388 0.995919 0.00458275 0.00261391 0.0135188 0.975693 0.0036275 0.982354 0.00855336 0.0165551 0.0045307 0.00792533 0.924442 0.00548625 0.985936
0.0297442 0.984026 0.0101566 0.0107829 0.974179 0.023348 0.0104957 0.994292 0.017792 0.965531 0.00717927 0.990704 0.986274 0.994788 0.0166696 0.978551 0.027627 0.993465 0.989269 0.985499 0.990188 0.995291 0.992205 0.981909 0.991773 0.991056 0.994036 0.00400279 0.993464 0.0118031 0.988749 0.988736 0.00716536 0.00838105 0.0181298 0.974017 0.985535 0.979084 0.972959 0.0107356 0.0271308 0.986665 0.977548 0.0218839 0.992525 0.0092679 0.921807 0.992009 0.96181 0.00637268 0.00179781 0.00254062 0.989582 0.0038318 0.00552387 0.0103312 0.00660876 0.987351 0.00848731 0.00438844 0.987911 0.976399 0.988466 0.00311188 0.983593 0.00787172 0.0122818 0.992107 0.992628 0.991985 0.00922496 0.997591 0.0146784 0.00476656 0.011562 0.987803 0.00443766 0.00785505 0.00311329 0.00429981 0.00579237 0.969599 0.00614198 0.969285 0.989627 0.0062918 0.995942 0.00456008 0.00261598 0.0133281 0.97621 0.0036165 0.982598 0.0084668 0.0163048 0.0045102 0.00785387 0.926495 0.00545163 0.986109
0.0291034 0.984183 0.0100348 0.0106307 0.974597 0.0228744 0.0103488 0.994288 0.0175047 0.966081 0.00710254 0.990745 0.98642 0.99479 0.0163936 0.978821 0.0270419 0.993471 0.989361 0.985589 0.990239 0.995294 0.992228 0.982065 0.991806 0.991098 0.994033 0.00398505 0.99347 0.0116294 0.988822 0.98881 0.00709189 0.00829453 0.0178145 0.974435 0.985621 0.979394 0.973343 0.0105843 0.0265568 0.986814 0.977868 0.0214622 0.992525 0.00915436 0.923731 0.99205 0.962369 0.00631857 0.001803 0.00254279 0.98971 0.00381593 0.00549478 0.0102093 0.00656061 0.987538 0.00840091 0.00436595 0.988031 0.976791 0.988575 0.00311205 0.983737 0.00779922 0.0121278 0.992176 0.992675 0.992079 0.00912507 0.997577 0.0144412 0.00473765 0.0114128 0.98799 0.00441461 0.00778193 0.00311357 0.00428301 0.00575923 0.970225 0.00610339 0.969932 0.989755 0.00624927 0.995965 0.00453786 0.00261823 0.0131394 0.976715 0.0036055 0.982839 0.00838018 0.0160603 0.00449036 0.00778149 0.928491 0.00541626 0.986279
0.028481 0.984335 0.00991365 0.0104807 0.974997 0.0224112 0.0102055 0.994283 0.0172206 0.966618 0.00702854 0.990786 0.986564 0.994793 0.016127 0.979085 0.0264717 0.993476 0.989451 0.985677 0.990288 0.995297 0.992251 0.982221 0.99184 0.99114 0.994029 0.0039673 0.993476 0.0114578 0.988895 0.988885 0.00701881 0.00820647 0.0175069 0.97484 0.985708 0.9797 0.973722 0.0104348 0.0260053 0.986962 0.978185 0.0210521 0.992526 0.00904386 0.925608 0.992089 0.962925 0.00626803 0.00180757 0.00254514 0.989836 0.00380087 0.0054673 0.0100882 0.00651252 0.987719 0.00831576 0.00434404 0.988149 0.977173 0.98868 0.00311251 0.983878 0.00772781 0.0119734 0.992244 0.992722 0.992172 0.00902768 0.997563 0.0142115 0.00470995 0.0112696 0.988174 0.00439082 0.00770967 0.0031134 0.00426596 0.00572602 0.970835 0.00606481 0.970552 0.98988 0.00620721 0.995987 0.004516 0.0026203 0.0129565 0.977208 0.00359473 0.983073 0.00829595 0.0158207 0.00446994 0.0077109 0.930415 0.00538116 0.986447
0.0278777 0.984487 0.00979611 0.0103349 0.975392 0.0219608 0.010065 0.994278 0.0169437 0.967142 0.00695646 0.990826 0.986708 0.994795 0.0158644 0.979339 0.0259153 0.993483 0.98954 0.985765 0.990338 0.9953 0.992274 0.982375 0.991876 0.991181 0.994027 0.00395044 0.993482 0.0112929 0.988966 0.988957 0.00694789 0.0081234 0.0172064 0.975235 0.985794 0.979996 0.974091 0.0102876 0.0254692 0.987107 0.978491 0.0206534 0.992527 0.00893651 0.927426 0.99213 0.963472 0.00621734 0.00181242 0.00254768 0.98996 0.00378558 0.00544028 0.00996956 0.0064654 0.987896 0.00823257 0.00432313 0.988264 0.977548 0.988786 0.0031126 0.984022 0.00765776 0.0118227 0.99231 0.992769 0.992261 0.008932 0.99755 0.0139903 0.00468343 0.0111314 0.988355 0.0043687 0.00763936 0.00311312 0.00424985 0.00569276 0.971426 0.00602666 0.971159 0.990002 0.00616612 0.996008 0.00449456 0.0026224 0.0127775 0.977684 0.00358419 0.983301 0.00821202 0.0155856 0.00444958 0.00764041 0.932294 0.00534779 0.986612
0.0272933 0.984633 0.00968015 0.0101903 0.97578 0.0215231 0.00992765 0.994274 0.0166741 0.967657 0.00688545 0.990865 0.986846 0.994797 0.0156074 0.979593 0.0253729 0.993487 0.989628 0.985851 0.990387 0.995304 0.992295 0.982528 0.991909 0.991221 0.994024 0.00393321 0.993489 0.0111297 0.989038 0.98903 0.00687835 0.00804156 0.0169167 0.975623 0.98588 0.980289 0.974452 0.0101436 0.0249487 0.987249 0.978792 0.0202596 0.992529 0.00883013 0.9292 0.992168 0.964007 0.00616711 0.0018173 0.00255009 0.990082 0.00377055 0.0054129 0.00985391 0.00641889 0.98807 0.0081487 0.0043016 0.988377 0.977915 0.988888 0.00311242 0.984162 0.00758808 0.0116734 0.992374 0.992813 0.992349 0.00883711 0.997536 0.0137711 0.00465609 0.010994 0.988531 0.00434589 0.00757064 0.00311335 0.00423364 0.0056605 0.972002 0.00598887 0.971748 0.990122 0.00612641 0.996028 0.00447389 0.00262442 0.0126023 0.978148 0.00357319 0.983527 0.00812932 0.0153566 0.00443076 0.00757092 0.934109 0.00531483 0.986775
0.026721 0.984776 0.00956661 0.0100483 0.976155 0.0211 0.00979346 0.994269 0.016409 0.968164 0.00681542 0.990905 0.986983 0.9948 0.0153563 0.979839 0.0248509 0.993493 0.989716 0.985936 0.990439 0.995307 0.992318 0.982676 0.991943 0.991261 0.994021 0.00391641 0.993495 0.0109711 0.989108 0.989101 0.00680953 0.00795983 0.016633 0.976007 0.985964 0.980576 0.974812 0.0100042 0.024437 0.987386 0.979089 0.0198787 0.992529 0.00872629 0.930914 0.992207 0.96453 0.00611755 0.00182221 0.00255251 0.990202 0.00375547 0.00538407 0.00974143 0.00637304 0.988241 0.00806655 0.00428073 0.98849 0.97827 0.98899 0.00311242 0.984297 0.00752084 0.0115278 0.992436 0.992858 0.992436 0.00874483 0.997523 0.013559 0.00462919 0.0108589 0.988702 0.00432395 0.0075035 0.00311336 0.00421774 0.00562959 0.972568 0.00595292 0.972322 0.99024 0.00608645 0.996049 0.00445198 0.00262658 0.0124307 0.9786 0.00356274 0.983749 0.00804894 0.0151334 0.00441101 0.00750369 0.935872 0.00528202 0.986932
0.0261633 0.984919 0.00945569 0.00991044 0.976519 0.0206877 0.00966421 0.994264 0.0161507 0.968661 0.00674777 0.990942 0.987117 0.994802 0.0151139 0.980087 0.0243413 0.993497 0.989802 0.98602 0.990485 0.995309 0.992339 0.982825 0.991976 0.991301 0.994019 0.00390074 0.993501 0.0108156 0.989179 0.989171 0.00674321 0.00788046 0.0163547 0.976376 0.986048 0.980849 0.975159 0.00986628 0.0239399 0.987523 0.979377 0.0195086 0.99253 0.00862434 0.932589 0.992246 0.965041 0.00606773 0.00182696 0.00255455 0.99032 0.00374042 0.00535604 0.00962728 0.00632898 0.988408 0.0079881 0.00426019 0.988598 0.978621 0.989092 0.00311225 0.984433 0.00745449 0.0113843 0.992498 0.992902 0.992521 0.00865383 0.997509 0.0133487 0.00460283 0.0107273 0.988868 0.00430034 0.00743737 0.00311323 0.00420174 0.005597 0.973112 0.00591606 0.972874 0.990357 0.00604705 0.99607 0.00443095 0.0026285 0.0122622 0.979041 0.00355234 0.983965 0.00796999 0.0149137 0.00439169 0.00743764 0.937567 0.00524962 0.987086
0.0256216 0.985058 0.00934518 0.00977737 0.976878 0.0202859 0.00953615 0.99426 0.015895 0.969143 0.00668017 0.990979 0.987251 0.994805 0.0148747 0.980325 0.0238496 0.993504 0.989885 0.986103 0.990532 0.995311 0.992361 0.982969 0.99201 0.99134 0.994016 0.00388489 0.993506 0.0106643 0.989249 0.989241 0.00667745 0.00780096 0.0160817 0.976742 0.98613 0.98112 0.975504 0.00973162 0.0234573 0.987658 0.979657 0.019145 0.99253 0.00852433 0.934219 0.992285 0.965548 0.00601969 0.001832 0.00255668 0.990433 0.00372648 0.0053289 0.00951704 0.00628534 0.988571 0.00790976 0.00424078 0.988704 0.978966 0.989187 0.00311207 0.984566 0.00738885 0.0112433 0.992559 0.992945 0.992602 0.00856495 0.997495 0.0131452 0.00457794 0.0105973 0.989033 0.00427917 0.00737082 0.00311325 0.00418528 0.00556505 0.973644 0.0058791 0.973417 0.99047 0.00600717 0.99609 0.00441003 0.00263015 0.0120946 0.979467 0.0035417 0.984178 0.00789184 0.0146991 0.00437248 0.00737316 0.939208 0.00521813 0.987236
0.0250962 0.985196 0.00923951 0.0096449 0.97723 0.0198906 0.0094099 0.994255 0.0156499 0.969614 0.00661376 0.991016 0.987381 0.994807 0.0146454 0.980559 0.0233655 0.99351 0.989969 0.986184 0.990579 0.995313 0.992382 0.98311 0.992042 0.991379 0.994014 0.00386963 0.993512 0.0105158 0.989317 0.989309 0.00661238 0.00772218 0.0158162 0.977099 0.986213 0.981387 0.975843 0.00960161 0.0229891 0.987789 0.979934 0.0187939 0.99253 0.00842708 0.935794 0.992323 0.966038 0.00597308 0.00183705 0.00255939 0.990546 0.00371259 0.00530156 0.00941007 0.0062413 0.98873 0.00783384 0.00422026 0.98881 0.9793 0.989283 0.00311217 0.984695 0.00732405 0.0111056 0.992619 0.992987 0.992683 0.00847746 0.997481 0.012944 0.00455346 0.010472 0.989193 0.00425801 0.00730633 0.00311295 0.00416911 0.0055338 0.97416 0.00584378 0.973943 0.990582 0.00596855 0.99611 0.00438943 0.00263228 0.0119335 0.979885 0.00353187 0.984385 0.00781447 0.0144852 0.00435449 0.00730928 0.9408 0.00518703 0.987384
0.0245818 0.985333 0.00913488 0.00951567 0.977573 0.0195069 0.00928907 0.99425 0.0154088 0.970078 0.00654872 0.991052 0.987509 0.994809 0.0144194 0.980791 0.0228957 0.993515 0.990051 0.986267 0.990626 0.995315 0.992405 0.98325 0.992075 0.991418 0.994012 0.0038539 0.993518 0.0103698 0.989385 0.989375 0.00654963 0.00764633 0.0155592 0.977447 0.986295 0.981649 0.976166 0.00947434 0.0225348 0.987918 0.980205 0.018452 0.99253 0.00833064 0.937329 0.992361 0.966516 0.00592698 0.0018423 0.00256196 0.990657 0.00369944 0.00527481 0.00930339 0.0061987 0.988884 0.00776041 0.00420039 0.988912 0.979622 0.989377 0.00311183 0.984822 0.00726136 0.0109696 0.992679 0.993029 0.992763 0.00839064 0.997467 0.0127519 0.0045275 0.010347 0.989349 0.0042374 0.00724182 0.00311267 0.00415303 0.0055034 0.974665 0.0058082 0.97446 0.990689 0.0059311 0.996128 0.00436966 0.00263462 0.0117741 0.980288 0.00352221 0.984588 0.00773934 0.014276 0.00433552 0.00724701 0.942338 0.005157 0.987529
0.0240859 0.985464 0.00903267 0.00938993 0.977909 0.0191353 0.00916937 0.994246 0.0151705 0.97053 0.00648534 0.991088 0.987634 0.994811 0.0141976 0.981016 0.0224411 0.993519 0.99013 0.986349 0.990672 0.995318 0.992426 0.983388 0.992107 0.991455 0.994009 0.00383848 0.993523 0.0102258 0.989449 0.989441 0.00648742 0.00757224 0.0153032 0.977796 0.986376 0.981904 0.976488 0.00934868 0.0220925 0.988047 0.980473 0.0181185 0.99253 0.00823763 0.938822 0.992399 0.966985 0.00588146 0.00184755 0.0025641 0.990765 0.00368586 0.00524765 0.00920078 0.00615729 0.989034 0.00768706 0.00418022 0.98901 0.979939 0.989471 0.0031117 0.98495 0.00719955 0.0108369 0.992737 0.99307 0.99284 0.00830628 0.997454 0.0125621 0.00450345 0.0102244 0.9895 0.00421746 0.00718038 0.00311238 0.00413757 0.00547285 0.975161 0.00577295 0.974961 0.990797 0.00589341 0.996147 0.00435013 0.00263683 0.0116184 0.98068 0.00351228 0.98479 0.00766467 0.0140745 0.00431634 0.00718502 0.943835 0.00512659 0.987673
0.0236005 0.985595 0.0089318 0.00926776 0.97824 0.0187701 0.00905128 0.994241 0.0149405 0.970976 0.0064228 0.991124 0.987759 0.994813 0.0139794 0.981236 0.021995 0.993526 0.990208 0.986426 0.990717 0.99532 0.992447 0.983521 0.992138 0.991492 0.994006 0.00382265 0.993529 0.0100852 0.989513 0.989508 0.00642724 0.00749837 0.0150553 0.978131 0.986454 0.982154 0.976806 0.0092278 0.0216578 0.988171 0.980733 0.0177908 0.992531 0.00814622 0.940265 0.992436 0.967441 0.00583627 0.00185238 0.00256599 0.990871 0.00367246 0.00522178 0.00909849 0.00611647 0.989183 0.00761246 0.00416072 0.98911 0.98025 0.989565 0.00311114 0.985075 0.00713885 0.0107068 0.992793 0.993111 0.992917 0.00822319 0.99744 0.0123748 0.0044787 0.0101059 0.989649 0.00419703 0.00711813 0.0031122 0.00412227 0.00544385 0.975638 0.00573905 0.975447 0.990902 0.00585557 0.996165 0.00433089 0.0026389 0.0114667 0.981061 0.00350236 0.984985 0.00759139 0.0138749 0.00429775 0.007123 0.945286 0.00509614 0.987813
0.0231338 0.985723 0.00883091 0.0091484 0.978558 0.0184175 0.0089361 0.994236 0.0147153 0.971406 0.00636124 0.991159 0.98788 0.994815 0.0137651 0.981455 0.0215613 0.993533 0.990285 0.986503 0.990761 0.995321 0.992465 0.983655 0.992167 0.99153 0.994003 0.00380718 0.993534 0.00994915 0.989577 0.989573 0.00636702 0.00742639 0.0148142 0.97846 0.986531 0.9824 0.977113 0.00910814 0.0212366 0.988294 0.98099 0.0174744 0.992531 0.00805676 0.941651 0.992473 0.967893 0.00579109 0.00185703 0.0025687 0.990975 0.00366006 0.00519588 0.00899972 0.00607514 0.989327 0.00754028 0.00414074 0.989208 0.980555 0.989654 0.00311096 0.985198 0.0070785 0.0105792 0.992847 0.99315 0.992991 0.00814164 0.997426 0.0121912 0.00445562 0.00998965 0.989794 0.00417676 0.00705832 0.00311167 0.0041071 0.00541406 0.976105 0.00570555 0.975922 0.991005 0.00581963 0.996183 0.00431111 0.00264095 0.0113204 0.981429 0.00349346 0.985175 0.00752099 0.0136774 0.0042806 0.00706201 0.946696 0.00506639 0.987948
0.0226742 0.985849 0.00873427 0.00902946 0.978877 0.0180711 0.00882365 0.994233 0.0144941 0.971825 0.00630118 0.991193 0.988 0.994817 0.0135575 0.981671 0.0211357 0.993538 0.990361 0.986581 0.990806 0.995324 0.992484 0.983788 0.992198 0.991565 0.994 0.00379223 0.99354 0.00981481 0.989641 0.989637 0.00630786 0.0073562 0.0145785 0.978781 0.98661 0.982637 0.977417 0.00899189 0.0208214 0.988416 0.981238 0.0171636 0.992532 0.00796807 0.943009 0.992507 0.968338 0.00574786 0.00186183 0.00257113 0.991078 0.00364675 0.00517106 0.00890125 0.00603453 0.98947 0.00747041 0.00412225 0.989304 0.980851 0.989742 0.00311097 0.985317 0.00701856 0.0104531 0.9929 0.993189 0.993063 0.00806134 0.997412 0.012011 0.00443229 0.009873 0.989935 0.0041568 0.0069995 0.00311174 0.00409207 0.00538497 0.976559 0.005672 0.976382 0.991107 0.00578397 0.996201 0.00429225 0.0026432 0.0111736 0.981789 0.00348395 0.98536 0.00745041 0.0134866 0.00426284 0.00700347 0.948057 0.0050364 0.988086
0.0222272 0.985972 0.00863789 0.00891357 0.979182 0.017737 0.00871445 0.994228 0.0142771 0.972236 0.00624182 0.991225 0.988115 0.99482 0.0133536 0.981877 0.0207206 0.993544 0.990436 0.986654 0.99085 0.995324 0.992505 0.983919 0.992228 0.991601 0.993998 0.00377743 0.993544 0.0096857 0.989704 0.989699 0.00625057 0.00728637 0.0143473 0.979095 0.986688 0.982869 0.977711 0.00887616 0.020423 0.988533 0.981482 0.0168615 0.992533 0.00788082 0.944332 0.992541 0.968771 0.00570502 0.00186665 0.00257375 0.991179 0.00363388 0.00514547 0.0088048 0.00599441 0.989608 0.00740055 0.00410359 0.989397 0.981139 0.989829 0.00311059 0.985435 0.00696009 0.0103307 0.992955 0.993229 0.993135 0.00798063 0.997398 0.0118372 0.00440877 0.00975912 0.990074 0.00413725 0.00694095 0.00311151 0.00407655 0.00535608 0.977001 0.00563834 0.976833 0.991206 0.00574857 0.996219 0.00427347 0.00264497 0.0110321 0.982139 0.00347496 0.985543 0.00738186 0.0133014 0.00424513 0.00694406 0.949373 0.0050082 0.98822
0.0217903 0.986094 0.00854344 0.00879991 0.979484 0.0174128 0.00860877 0.994224 0.0140628 0.972642 0.00618322 0.991259 0.988232 0.994822 0.0131545 0.982082 0.0203197 0.993549 0.990509 0.98673 0.990892 0.995325 0.992523 0.984047 0.992258 0.991636 0.993994 0.00376252 0.99355 0.00955841 0.989765 0.98976 0.0061936 0.00721805 0.0141242 0.9794 0.986762 0.9831 0.978005 0.00876293 0.0200331 0.988648 0.981725 0.0165693 0.992534 0.00779543 0.945613 0.992574 0.969197 0.00566308 0.00187158 0.00257608 0.991277 0.0036215 0.00512003 0.00870922 0.0059541 0.989744 0.00733282 0.00408539 0.98949 0.981425 0.989913 0.00311042 0.985548 0.00690186 0.0102097 0.993009 0.993266 0.993206 0.00790277 0.997385 0.0116672 0.00438583 0.00964833 0.990208 0.00411845 0.00688219 0.00311173 0.00406183 0.00532752 0.977431 0.00560539 0.977276 0.991304 0.00571333 0.996236 0.00425533 0.00264676 0.0108911 0.982482 0.00346575 0.985723 0.00731413 0.0131199 0.00422811 0.00688758 0.95066 0.00497966 0.988351
0.0213673 0.986212 0.00845211 0.00868921 0.979779 0.0170933 0.00850341 0.994219 0.0138549 0.973043 0.00612595 0.991293 0.988345 0.994824 0.0129613 0.982286 0.0199317 0.993555 0.990581 0.986806 0.990936 0.995327 0.992541 0.98417 0.992286 0.99167 0.993992 0.0037472 0.993555 0.00943192 0.989828 0.98982 0.0061372 0.00715066 0.0139033 0.9797 0.986835 0.983325 0.978288 0.00865357 0.0196512 0.988761 0.981962 0.0162849 0.992534 0.0077133 0.946862 0.992607 0.969616 0.00562183 0.00187666 0.00257797 0.991374 0.00360934 0.00509544 0.00861745 0.00591483 0.989876 0.00726449 0.0040675 0.989582 0.981705 0.989995 0.00310976 0.985662 0.00684682 0.0100917 0.993061 0.993304 0.993276 0.0078253 0.99737 0.0115006 0.00436227 0.00953969 0.99034 0.00409888 0.00682507 0.00311127 0.00404773 0.00529983 0.977852 0.00557326 0.977703 0.991399 0.00567883 0.996253 0.00423714 0.00264908 0.0107543 0.982814 0.00345678 0.985898 0.00724636 0.0129406 0.00421055 0.00682897 0.951889 0.00495153 0.988477
0.0209535 0.986331 0.00836227 0.00858116 0.980066 0.0167836 0.00839959 0.994214 0.013653 0.973428 0.00606978 0.991324 0.988456 0.994826 0.0127728 0.982484 0.0195516 0.993561 0.99065 0.986879 0.990978 0.995328 0.99256 0.984295 0.992315 0.991704 0.993989 0.00373282 0.993561 0.00931031 0.989887 0.989881 0.006082 0.00708421 0.013687 0.979994 0.986908 0.983545 0.97857 0.00854661 0.019282 0.988873 0.982192 0.0160025 0.992533 0.00763186 0.948065 0.992639 0.970023 0.00558139 0.00188194 0.00258011 0.991468 0.00359781 0.00507167 0.00852527 0.00587593 0.990004 0.00719867 0.0040498 0.989674 0.981976 0.990078 0.0031093 0.985773 0.00679266 0.00997492 0.993112 0.99334 0.993343 0.00775051 0.997357 0.0113367 0.00434025 0.00943186 0.990468 0.00407978 0.00676932 0.00311074 0.00403373 0.00527202 0.978264 0.00554191 0.978119 0.991491 0.00564496 0.99627 0.00421942 0.00265166 0.0106182 0.983136 0.00344778 0.98607 0.00718021 0.0127651 0.00419318 0.00677266 0.953087 0.00492379 0.988603
0.0205517 0.986446 0.00827231 0.0084752 0.980344 0.0164799 0.00829902 0.994208 0.0134535 0.973804 0.00601543 0.991356 0.988565 0.994828 0.0125866 0.982679 0.019183 0.993566 0.990722 0.986949 0.991019 0.99533 0.992578 0.984415 0.992343 0.991737 0.993987 0.00371879 0.993566 0.0091901 0.989947 0.98994 0.00602767 0.00701805 0.0134769 0.98028 0.986982 0.983759 0.978846 0.00844038 0.0189229 0.988982 0.982418 0.0157279 0.992534 0.00755286 0.949234 0.992671 0.970422 0.00554148 0.0018869 0.00258213 0.991559 0.00358611 0.00504763 0.00843779 0.00583838 0.990131 0.00713361 0.00403182 0.98976 0.98224 0.99016 0.00310914 0.985884 0.00673776 0.0098619 0.993162 0.993377 0.993409 0.00767679 0.997343 0.0111768 0.00431828 0.00932665 0.990596 0.00406188 0.00671448 0.00311028 0.00401987 0.005244 0.978656 0.0055105 0.978526 0.991582 0.00561242 0.996286 0.00420121 0.0026541 0.0104858 0.983451 0.00343931 0.986239 0.00711579 0.0125944 0.00417626 0.00671819 0.954247 0.00489703 0.98873
0.0201614 0.986562 0.00818606 0.00837308 0.980618 0.0161834 0.00819949 0.994203 0.0132592 0.974174 0.00596199 0.991385 0.988672 0.994829 0.0124063 0.98287 0.0188206 0.993571 0.990791 0.98702 0.99106 0.995331 0.992596 0.984534 0.992371 0.991771 0.993984 0.00370539 0.99357 0.00907225 0.990005 0.989999 0.00597474 0.00695429 0.0132697 0.98056 0.987053 0.983973 0.979111 0.0083388 0.0185728 0.98909 0.982637 0.0154609 0.992533 0.00747541 0.950374 0.992704 0.97082 0.00550182 0.00189208 0.00258439 0.99165 0.0035742 0.00502286 0.00835132 0.00580075 0.990257 0.00707016 0.00401508 0.989846 0.982502 0.99024 0.0031085 0.985993 0.0066837 0.00975139 0.993212 0.993412 0.993474 0.00760319 0.997329 0.0110212 0.00429622 0.00922417 0.990721 0.0040437 0.00666001 0.00311012 0.00400607 0.00521671 0.979042 0.00547925 0.978921 0.991673 0.00557894 0.996303 0.00418299 0.00265581 0.0103547 0.983757 0.0034303 0.986405 0.00705168 0.0124275 0.00416032 0.00666583 0.95537 0.00487053 0.988851
0.019778 0.986675 0.00810121 0.00827101 0.980891 0.0158961 0.00810265 0.994197 0.0130712 0.974535 0.00590908 0.991416 0.988778 0.994831 0.0122295 0.983059 0.0184711 0.993576 0.990859 0.98709 0.991102 0.995333 0.992613 0.984653 0.992398 0.991806 0.993981 0.00369192 0.993575 0.0089573 0.990061 0.99006 0.00592167 0.006891 0.0130685 0.980833 0.987122 0.984181 0.979377 0.00823602 0.018232 0.989196 0.982857 0.0152029 0.992534 0.00739816 0.951486 0.992737 0.971198 0.00546229 0.00189755 0.00258665 0.991738 0.00356272 0.00499992 0.00826678 0.00576361 0.990379 0.00700683 0.00399851 0.989932 0.982756 0.99032 0.00310825 0.986102 0.0066304 0.00964196 0.993262 0.993447 0.993539 0.00753117 0.997315 0.0108678 0.00427545 0.00912276 0.990843 0.00402643 0.00660711 0.00311012 0.00399157 0.00519073 0.979419 0.00544867 0.979304 0.99176 0.00554632 0.996319 0.00416582 0.00265798 0.0102283 0.984058 0.00342116 0.986564 0.00699022 0.0122619 0.00414449 0.00661168 0.956462 0.00484415 0.988971
0.0194073 0.986787 0.00801736 0.00817205 0.981156 0.0156142 0.00800877 0.994192 0.0128841 0.974892 0.00585686 0.991448 0.988881 0.994832 0.0120549 0.983243 0.0181309 0.993581 0.990927 0.98716 0.991142 0.995334 0.99263 0.984768 0.992424 0.991839 0.993978 0.00367856 0.99358 0.00884424 0.990117 0.990118 0.00587177 0.00682881 0.0128702 0.981102 0.987191 0.98438 0.979637 0.0081371 0.0178989 0.989301 0.983071 0.01495 0.992533 0.00732263 0.95256 0.992769 0.971572 0.00542367 0.00190259 0.00258874 0.991826 0.00355111 0.00497679 0.00818168 0.00572798 0.990497 0.00694374 0.0039813 0.990016 0.983005 0.990397 0.00310772 0.986207 0.0065785 0.0095348 0.993309 0.993482 0.993601 0.00746112 0.997301 0.0107191 0.00425536 0.00902165 0.990963 0.00400897 0.00655473 0.00310944 0.00397713 0.00516371 0.979791 0.00541848 0.979679 0.991847 0.00551442 0.996335 0.00414842 0.00265968 0.0101041 0.98435 0.00341271 0.986721 0.00692903 0.0120988 0.0041291 0.00655979 0.957523 0.00481927 0.989087
0.0190465 0.986894 0.00793604 0.00807477 0.981413 0.0153427 0.00791567 0.994188 0.012705 0.975241 0.00580611 0.991478 0.988984 0.994834 0.0118851 0.983425 0.0177947 0.993586 0.990994 0.98723 0.991181 0.995336 0.992646 0.984881 0.99245 0.991871 0.993976 0.00366522 0.993586 0.0087341 0.990175 0.990174 0.00582226 0.00676705 0.0126787 0.981368 0.987263 0.984577 0.979891 0.00804137 0.0175756 0.989405 0.983277 0.0147035 0.992532 0.00724871 0.953603 0.9928 0.971939 0.00538604 0.00190763 0.00259134 0.991913 0.00353967 0.00495425 0.00809821 0.00569204 0.990614 0.00688307 0.00396461 0.990097 0.983251 0.990473 0.00310799 0.986308 0.00652643 0.00943012 0.993357 0.993516 0.993663 0.00739133 0.997287 0.0105753 0.00423486 0.00892392 0.991079 0.00399163 0.00650532 0.00310914 0.00396474 0.00513654 0.980153 0.00538935 0.980043 0.991932 0.00548191 0.99635 0.00413202 0.00266182 0.00998302 0.984634 0.00340484 0.986876 0.00686807 0.0119385 0.00411321 0.00650746 0.958543 0.00479383 0.989203
0.0186966 0.987 0.00785464 0.00797908 0.981668 0.015075 0.00782522 0.994183 0.0125272 0.975583 0.00575557 0.991508 0.989085 0.994837 0.0117185 0.983603 0.0174699 0.993591 0.99106 0.987301 0.991222 0.995336 0.992664 0.98499 0.992476 0.991903 0.993974 0.0036524 0.99359 0.00862552 0.990231 0.99023 0.0057734 0.00670694 0.0124948 0.981627 0.987332 0.98477 0.980136 0.00794815 0.0172607 0.989503 0.983482 0.0144619 0.992532 0.00717643 0.954615 0.992831 0.972303 0.00534802 0.0019126 0.00259358 0.991995 0.00352813 0.00493185 0.00801822 0.00565738 0.990728 0.0068238 0.00394764 0.990178 0.98349 0.990546 0.00310779 0.986412 0.00647651 0.00932572 0.993403 0.993548 0.993725 0.00732403 0.997273 0.0104334 0.00421438 0.00882814 0.991193 0.00397504 0.00645422 0.00310879 0.00395135 0.00511035 0.980499 0.00535982 0.980398 0.992014 0.00545001 0.996366 0.00411556 0.00266412 0.00986374 0.984911 0.00339634 0.987027 0.00680765 0.0117834 0.00409764 0.00645832 0.959534 0.00476802 0.989314
0.018355 0.987105 0.0077768 0.0078862 0.981919 0.0148145 0.00773778 0.994178 0.0123548 0.975919 0.0057061 0.991538 0.989183 0.994838 0.011558 0.983778 0.0171525 0.993596 0.991124 0.987369 0.991261 0.995338 0.992681 0.985101 0.992502 0.991935 0.993971 0.00363972 0.993594 0.00851969 0.990286 0.990286 0.00572597 0.00664845 0.0123112 0.981881 0.9874 0.984958 0.980381 0.00785614 0.0169509 0.989601 0.983682 0.0142277 0.992531 0.0071055 0.955605 0.992862 0.972657 0.00531155 0.00191799 0.00259562 0.992076 0.00351699 0.00490942 0.00793757 0.00562225 0.990839 0.0067655 0.00393116 0.990258 0.983724 0.99062 0.00310756 0.986514 0.00642735 0.00922216 0.993447 0.993581 0.993785 0.00725738 0.997259 0.0102934 0.00419442 0.00873411 0.991303 0.00395811 0.00640402 0.00310866 0.00393858 0.0050854 0.980841 0.00533038 0.980746 0.992097 0.00542018 0.996381 0.00409981 0.00266621 0.00974797 0.985179 0.00338906 0.987178 0.00674858 0.0116309 0.00408244 0.00640866 0.9605 0.00474272 0.989423
0.0180198 0.987207 0.00769892 0.0077947 0.982162 0.0145632 0.00765076 0.994174 0.0121837 0.976242 0.00565854 0.991566 0.98928 0.994839 0.0113992 0.983951 0.0168464 0.9936 0.991186 0.987436 0.9913 0.995339 0.992697 0.98521 0.992528 0.991965 0.993969 0.00362683 0.993599 0.00841598 0.99034 0.990339 0.00567771 0.00659028 0.0121319 0.982127 0.987469 0.985145 0.980622 0.00776407 0.0166517 0.989695 0.983881 0.0139983 0.992533 0.00703637 0.956569 0.992891 0.973002 0.0052766 0.00192309 0.00259729 0.992156 0.00350644 0.00488766 0.00785751 0.00558697 0.990948 0.00670731 0.00391504 0.990336 0.98395 0.99069 0.00310771 0.986612 0.00637796 0.00912294 0.993491 0.993613 0.993842 0.00719211 0.997245 0.0101558 0.00417587 0.00864274 0.991411 0.00394145 0.00635345 0.00310832 0.00392574 0.00506098 0.981175 0.00530147 0.981082 0.992177 0.00538976 0.996395 0.00408352 0.00266876 0.00963264 0.985441 0.00338094 0.987325 0.006691 0.0114822 0.00406793 0.00636072 0.961429 0.00471755 0.989531
0.0176931 0.987308 0.00762276 0.00770589 0.9824 0.0143142 0.00756496 0.994169 0.0120186 0.976561 0.00561165 0.991595 0.989376 0.994841 0.0112451 0.98412 0.0165455 0.993606 0.991248 0.987501 0.991338 0.995339 0.992715 0.985318 0.992555 0.991997 0.993966 0.00361464 0.993604 0.00831623 0.990395 0.990392 0.00563115 0.00653312 0.0119556 0.982367 0.987533 0.985328 0.980857 0.00767581 0.0163575 0.989789 0.984074 0.0137743 0.992534 0.00696881 0.957504 0.992921 0.973341 0.00524146 0.00192802 0.00259932 0.992236 0.00349656 0.00486624 0.00777996 0.00555315 0.991056 0.00665004 0.00389952 0.990415 0.984172 0.99076 0.00310689 0.98671 0.00632979 0.00902566 0.993534 0.993646 0.993899 0.00712869 0.997232 0.010021 0.00415627 0.00855172 0.991518 0.00392519 0.00630502 0.00310813 0.00391259 0.00503641 0.981502 0.00527351 0.981409 0.992257 0.00535944 0.99641 0.00406699 0.00267115 0.00951975 0.985694 0.00337333 0.987468 0.00663414 0.0113359 0.00405338 0.00631272 0.962338 0.00469305 0.989638
0.0173748 0.987407 0.00754631 0.00761768 0.98263 0.0140746 0.00748017 0.994164 0.011857 0.976874 0.0055653 0.991622 0.989468 0.994842 0.0110929 0.984283 0.0162515 0.993611 0.991308 0.987566 0.991376 0.99534 0.992732 0.985426 0.992579 0.992025 0.993964 0.0036025 0.993609 0.00821596 0.990447 0.990445 0.00558551 0.00647737 0.0117848 0.982602 0.987596 0.985508 0.981088 0.00758899 0.0160711 0.989882 0.984264 0.0135563 0.992534 0.00690034 0.958414 0.99295 0.973672 0.005206 0.00193317 0.00260141 0.992314 0.00348619 0.00484531 0.00770552 0.00551975 0.991161 0.00659481 0.00388438 0.99049 0.984387 0.990831 0.0031066 0.986809 0.00628294 0.00892942 0.993578 0.993677 0.993956 0.00706476 0.997218 0.0098896 0.00413666 0.00846374 0.991622 0.00390874 0.00625806 0.00310717 0.00390073 0.00501212 0.981816 0.00524482 0.981728 0.992334 0.00532965 0.996424 0.0040513 0.00267344 0.00940818 0.985943 0.00336553 0.987606 0.00657718 0.0111933 0.00403799 0.00626542 0.963214 0.00466905 0.989743
0.0170634 0.987504 0.00747186 0.0075317 0.982855 0.0138367 0.00739701 0.994159 0.0116974 0.977183 0.00552007 0.991651 0.98956 0.994844 0.0109442 0.984442 0.0159678 0.993617 0.991369 0.987633 0.991413 0.995341 0.992748 0.985529 0.992605 0.992054 0.993961 0.00359048 0.993613 0.00811888 0.990498 0.990497 0.00554087 0.00642176 0.0116178 0.982836 0.987657 0.985685 0.981313 0.00750369 0.0157943 0.989974 0.98445 0.0133448 0.992534 0.00683454 0.959286 0.992979 0.973999 0.00517133 0.0019382 0.00260349 0.992389 0.00347531 0.00482401 0.00763291 0.00548736 0.991265 0.00654029 0.00386908 0.990564 0.984602 0.990899 0.00310617 0.986902 0.00623554 0.00883351 0.993621 0.993708 0.994011 0.00700403 0.997204 0.00976246 0.00411834 0.00837796 0.991724 0.00389324 0.00621121 0.00310716 0.00388798 0.00498892 0.982127 0.00521734 0.982037 0.992409 0.00529936 0.996438 0.00403642 0.00267555 0.00930019 0.986184 0.00335878 0.987741 0.00652197 0.0110549 0.00402363 0.0062199 0.964061 0.00464554 0.989846
0.0167616 0.987604 0.00740018 0.00744639 0.983076 0.0136096 0.00731669 0.994155 0.0115398 0.977483 0.00547525 0.991678 0.98965 0.994847 0.0107997 0.984602 0.0156885 0.993621 0.991428 0.987696 0.991449 0.995341 0.992765 0.98563 0.99263 0.992086 0.993958 0.00357819 0.993618 0.00802384 0.99055 0.99055 0.00549648 0.00636811 0.0114538 0.983062 0.98772 0.985855 0.981538 0.0074209 0.0155241 0.990065 0.984632 0.0131351 0.992535 0.00677005 0.96014 0.993006 0.974319 0.00513758 0.00194307 0.00260568 0.992464 0.00346511 0.00480294 0.0075599 0.00545451 0.991366 0.00648582 0.00385378 0.990639 0.984809 0.990967 0.00310595 0.986994 0.00618959 0.00874183 0.993662 0.993739 0.994065 0.00694368 0.99719 0.00963833 0.00409973 0.00829292 0.991825 0.00387707 0.00616519 0.00310715 0.00387612 0.00496465 0.982428 0.00519027 0.982342 0.992483 0.00527045 0.996452 0.00402096 0.00267785 0.00919276 0.98642 0.00335133 0.987877 0.00646742 0.0109167 0.00400921 0.00617509 0.964886 0.00462225 0.989949
0.0164679 0.9877 0.00732972 0.00736316 0.983295 0.0133842 0.0072378 0.99415 0.0113881 0.977776 0.00543125 0.991704 0.98974 0.994849 0.0106558 0.984759 0.0154155 0.993626 0.991487 0.987759 0.991485 0.995342 0.992781 0.98573 0.992654 0.992116 0.993955 0.00356621 0.993623 0.00793116 0.990602 0.990603 0.00545241 0.00631387 0.0112937 0.983286 0.987782 0.98602 0.981752 0.00733891 0.0152581 0.990153 0.984808 0.0129305 0.992536 0.00670491 0.960971 0.993034 0.974633 0.00510447 0.00194831 0.00260802 0.992537 0.00345454 0.00478263 0.00748849 0.00542094 0.991465 0.0064326 0.00383849 0.99071 0.985012 0.991033 0.00310581 0.987086 0.00614276 0.00865134 0.993703 0.99377 0.994118 0.00688443 0.997176 0.00951472 0.00408155 0.00820943 0.991923 0.00386125 0.0061195 0.00310697 0.00386422 0.00494093 0.982722 0.00516336 0.982639 0.992555 0.00524175 0.996466 0.00400581 0.00267966 0.00908848 0.986651 0.0033438 0.988009 0.00641495 0.0107819 0.00399462 0.00613025 0.965683 0.00459929 0.990048
0.0161815 0.987797 0.00725968 0.00728189 0.983507 0.0131697 0.00715993 0.994145 0.011237 0.978067 0.00538786 0.991731 0.989829 0.99485 0.0105164 0.984911 0.015152 0.99363 0.991544 0.987821 0.991521 0.995342 0.992797 0.985829 0.992678 0.992144 0.993952 0.00355426 0.993627 0.00783924 0.990653 0.990652 0.00540931 0.00626223 0.0111365 0.983504 0.987843 0.986186 0.981968 0.00725897 0.0150011 0.990239 0.984981 0.0127309 0.992537 0.00664294 0.961782 0.993062 0.974945 0.00507291 0.00195318 0.00261023 0.992609 0.00344462 0.00476131 0.00741791 0.00538928 0.991561 0.00637999 0.00382378 0.99078 0.985211 0.991098 0.00310538 0.987177 0.00609828 0.00856049 0.993743 0.9938 0.99417 0.00682398 0.997163 0.00939577 0.00406258 0.00812557 0.992018 0.00384588 0.00607423 0.0031063 0.00385222 0.00491765 0.983007 0.00513659 0.982926 0.992627 0.00521452 0.996479 0.00399098 0.00268164 0.00898675 0.986873 0.00333642 0.988138 0.00636259 0.0106531 0.00398037 0.00608672 0.966462 0.00457694 0.990143
0.0159036 0.987891 0.00719115 0.00720313 0.983717 0.0129577 0.00708475 0.994141 0.0110909 0.978351 0.00534508 0.991758 0.989915 0.99485 0.0103793 0.985065 0.0148964 0.993634 0.991601 0.987884 0.991557 0.995344 0.992813 0.985926 0.992702 0.992173 0.993949 0.00354281 0.993632 0.00775006 0.990702 0.9907 0.00536679 0.00620943 0.0109837 0.983718 0.987905 0.986349 0.982175 0.00717999 0.0147501 0.990325 0.985151 0.0125361 0.992537 0.00658147 0.962579 0.993089 0.975247 0.00504044 0.00195816 0.00261237 0.992681 0.00343403 0.00474031 0.00734985 0.00535874 0.991656 0.00632748 0.00380953 0.990849 0.985407 0.991162 0.00310471 0.987266 0.00605427 0.00847329 0.993784 0.993829 0.994221 0.00676575 0.997149 0.00927836 0.00404527 0.00804489 0.992114 0.00383057 0.00603016 0.0031056 0.00384066 0.00489401 0.983287 0.00511013 0.983209 0.992697 0.00518541 0.996493 0.00397584 0.00268323 0.00888711 0.98709 0.00332951 0.988264 0.00631042 0.0105228 0.00396648 0.00604255 0.967219 0.004555 0.990237
0.0156349 0.987982 0.00712434 0.00712562 0.983922 0.0127495 0.0070098 0.994137 0.0109466 0.978627 0.0053033 0.991783 0.989999 0.994852 0.010245 0.985214 0.0146455 0.99364 0.991657 0.987945 0.991593 0.995344 0.992828 0.986026 0.992725 0.992201 0.993948 0.00353181 0.993636 0.00766266 0.990752 0.990747 0.00532491 0.00615781 0.0108338 0.983928 0.987966 0.986506 0.982377 0.00710331 0.0145037 0.99041 0.985318 0.0123472 0.992538 0.00652145 0.963346 0.993117 0.975544 0.00500908 0.00196285 0.00261455 0.99275 0.00342436 0.00472024 0.00728272 0.00532802 0.991748 0.00627597 0.00379522 0.990917 0.985596 0.991225 0.00310433 0.987355 0.00601083 0.00838533 0.993824 0.993859 0.99427 0.00670858 0.997135 0.00916396 0.00402804 0.00796494 0.992205 0.00381546 0.0059862 0.00310508 0.00382858 0.00487099 0.983563 0.00508405 0.983485 0.992766 0.0051581 0.996506 0.00396078 0.00268574 0.00878877 0.987303 0.00332191 0.98839 0.00625916 0.0103961 0.0039522 0.00600025 0.96795 0.00453309 0.99033
0.0153667 0.988072 0.00705867 0.00704983 0.984122 0.0125478 0.00693623 0.994131 0.0108044 0.978897 0.00526231 0.991808 0.990085 0.994853 0.0101138 0.985362 0.0144012 0.993646 0.991711 0.988006 0.991626 0.995344 0.992843 0.986118 0.992747 0.99223 0.993944 0.0035207 0.99364 0.00757664 0.990801 0.990794 0.00528356 0.00610883 0.0106877 0.984134 0.988024 0.986663 0.982581 0.00702832 0.0142627 0.990492 0.985483 0.0121614 0.992539 0.00646249 0.964086 0.993144 0.975834 0.00497872 0.00196778 0.00261668 0.992818 0.0034147 0.00470025 0.00721442 0.0052975 0.991838 0.00622569 0.00378088 0.990983 0.985783 0.991287 0.00310415 0.987441 0.00596744 0.00830065 0.993862 0.993888 0.994319 0.00665241 0.997121 0.00905129 0.0040103 0.00788672 0.992296 0.00380114 0.00594422 0.00310419 0.00381669 0.00484871 0.983826 0.00505889 0.983751 0.992834 0.00513108 0.996518 0.00394618 0.00268781 0.00869284 0.987513 0.00331512 0.988512 0.00620928 0.0102728 0.00393852 0.00595821 0.968655 0.00451186 0.990423
0.0151061 0.988161 0.0069947 0.00697514 0.984318 0.0123511 0.00686465 0.994127 0.0106663 0.979162 0.00522181 0.991833 0.990167 0.994854 0.00998463 0.985506 0.0141604 0.99365 0.991765 0.988064 0.991661 0.995345 0.992857 0.986213 0.99277 0.992257 0.993941 0.0035099 0.993645 0.00749409 0.99085 0.990842 0.00524363 0.00605929 0.0105433 0.984334 0.988083 0.986814 0.982775 0.00695427 0.0140309 0.990574 0.985645 0.0119793 0.99254 0.00640416 0.964813 0.993171 0.976119 0.00494788 0.00197248 0.00261866 0.992885 0.0034054 0.00468012 0.0071483 0.00526852 0.991927 0.00617623 0.00376722 0.991049 0.985967 0.991347 0.00310385 0.987528 0.00592663 0.00821926 0.9939 0.993916 0.994368 0.0065973 0.997108 0.00894002 0.00399287 0.00781007 0.992384 0.00378664 0.0059025 0.00310371 0.00380452 0.00482644 0.984085 0.00503368 0.984014 0.9929 0.00510386 0.996531 0.00393172 0.00268976 0.00859876 0.987716 0.00330848 0.988633 0.00616061 0.0101511 0.00392497 0.00591664 0.969347 0.00448986 0.990514
0.0148554 0.988249 0.00693139 0.00690251 0.98451 0.0121595 0.00679543 0.994123 0.010531 0.979421 0.00518142 0.991858 0.990248 0.994855 0.00985695 0.985649 0.0139277 0.993654 0.991819 0.988123 0.991693 0.995345 0.992872 0.986306 0.992793 0.992283 0.99394 0.00349962 0.993649 0.00741038 0.990898 0.99089 0.00520414 0.00601114 0.0104029 0.984532 0.98814 0.986965 0.982969 0.00688177 0.0138028 0.990654 0.985805 0.0118025 0.992541 0.00634677 0.965525 0.993196 0.976402 0.00491726 0.00197736 0.00262068 0.992951 0.00339589 0.00466137 0.00708328 0.00523896 0.992014 0.00612764 0.00375369 0.991114 0.986147 0.991407 0.00310368 0.987611 0.00588531 0.00813777 0.993938 0.993945 0.994416 0.00654145 0.997094 0.00883356 0.00397614 0.00773463 0.992471 0.00377268 0.00586048 0.00310311 0.00379348 0.00480498 0.984338 0.0050091 0.984271 0.992967 0.00507813 0.996544 0.00391744 0.0026916 0.00850504 0.987914 0.00330139 0.988752 0.00611206 0.0100313 0.00391151 0.00587609 0.970019 0.00446868 0.990603
0.0146112 0.988335 0.00686929 0.00682902 0.984699 0.011971 0.00672505 0.994119 0.0103977 0.979678 0.00514361 0.991883 0.990328 0.994856 0.00973499 0.985788 0.0136998 0.993658 0.991872 0.98818 0.991726 0.995344 0.992885 0.986399 0.992817 0.992309 0.993937 0.00348857 0.993653 0.00732894 0.990942 0.990938 0.00516512 0.00596315 0.010266 0.984726 0.988198 0.98711 0.983158 0.0068114 0.0135799 0.990732 0.985961 0.0116302 0.992541 0.00629046 0.966208 0.993221 0.976677 0.00488707 0.00198248 0.00262276 0.993015 0.00338714 0.00464216 0.00701908 0.00521021 0.992099 0.00607903 0.0037397 0.991178 0.986324 0.991467 0.00310307 0.987695 0.00584487 0.00805767 0.993975 0.993972 0.994463 0.00648709 0.997081 0.00872629 0.00395943 0.00766081 0.992555 0.00375838 0.00581915 0.0031029 0.0037821 0.00478332 0.984585 0.0049852 0.98452 0.993031 0.00505149 0.996556 0.00390356 0.00269299 0.00841422 0.988106 0.0032943 0.988867 0.00606438 0.0099159 0.00389764 0.00583516 0.970669 0.00444737 0.99069
0.0143686 0.988418 0.00680739 0.00675858 0.984883 0.011787 0.00665709 0.994114 0.0102679 0.979928 0.00510531 0.991906 0.990405 0.994858 0.0096157 0.985924 0.0134762 0.993662 0.991924 0.988236 0.991757 0.995344 0.9929 0.986488 0.992838 0.992335 0.993934 0.0034782 0.993658 0.00725075 0.990987 0.990983 0.00512701 0.00591612 0.0101321 0.984913 0.988255 0.987252 0.98334 0.006741 0.0133625 0.99081 0.986113 0.0114623 0.992541 0.00623464 0.966883 0.993247 0.976944 0.00485753 0.00198749 0.00262534 0.99308 0.00337839 0.00462283 0.00695653 0.00518298 0.992183 0.00603093 0.00372653 0.991242 0.986498 0.991523 0.00310291 0.987777 0.00580446 0.00797959 0.994011 0.994 0.994508 0.00643435 0.997068 0.00862165 0.00394301 0.00758896 0.992638 0.00374399 0.00577942 0.00310249 0.00377166 0.0047622 0.984826 0.00496086 0.984764 0.993094 0.00502575 0.996567 0.0038896 0.00269543 0.0083246 0.988293 0.0032869 0.98898 0.00601912 0.00980266 0.00388404 0.00579494 0.971302 0.00442639 0.990775
0.0141329 0.988505 0.0067472 0.00668889 0.985064 0.0116084 0.00659038 0.994109 0.0101427 0.98017 0.00506698 0.99193 0.990482 0.994859 0.00949749 0.98606 0.0132613 0.993666 0.991974 0.988293 0.991789 0.995345 0.992914 0.986576 0.992859 0.992362 0.993931 0.00346745 0.993663 0.00717254 0.991033 0.99103 0.00508954 0.00587086 0.00999991 0.985097 0.988312 0.987393 0.98352 0.00667182 0.0131513 0.990886 0.986265 0.0112973 0.992543 0.00618019 0.967532 0.993271 0.97721 0.00482804 0.00199235 0.00262755 0.993142 0.00336883 0.00460365 0.00689514 0.00515532 0.992266 0.00598379 0.00371339 0.991305 0.986668 0.99158 0.00310214 0.987857 0.00576481 0.0079027 0.994047 0.994025 0.994553 0.00638341 0.997054 0.00852016 0.00392619 0.00751863 0.99272 0.00373014 0.00574025 0.0031024 0.00376031 0.00474131 0.985061 0.00493669 0.985 0.993155 0.00499975 0.99658 0.00387564 0.00269739 0.00823716 0.988476 0.00328054 0.989092 0.00597252 0.00968937 0.0038715 0.00575505 0.971914 0.00440614 0.99086
0.0139061 0.988587 0.00668907 0.00662117 0.985241 0.0114329 0.00652679 0.994105 0.0100193 0.980413 0.00503029 0.991955 0.990557 0.99486 0.0093816 0.98619 0.0130492 0.99367 0.992024 0.988348 0.991821 0.995344 0.992929 0.986662 0.99288 0.992389 0.993928 0.00345754 0.993667 0.00709653 0.991078 0.991074 0.0050524 0.00582522 0.00986894 0.985279 0.988369 0.98753 0.983704 0.00660418 0.0129452 0.990961 0.986414 0.0111343 0.992544 0.00612635 0.968167 0.993297 0.977467 0.00479921 0.00199731 0.00263017 0.993203 0.0033604 0.00458582 0.00683524 0.005128 0.992347 0.00593892 0.00369999 0.991365 0.986833 0.991637 0.00310128 0.987935 0.00572584 0.00782706 0.994082 0.994051 0.994598 0.00633275 0.997041 0.00841964 0.00391096 0.00744782 0.992801 0.00371586 0.00570047 0.00310143 0.00374935 0.00472052 0.98529 0.00491253 0.985231 0.993217 0.00497532 0.996591 0.003863 0.00269919 0.00815123 0.988653 0.00327414 0.989199 0.00592788 0.00957625 0.00385868 0.00571601 0.972508 0.00438579 0.990942
0.0136845 0.988666 0.00663062 0.006553 0.985414 0.0112619 0.00646352 0.994101 0.00989788 0.980646 0.00499407 0.991978 0.990634 0.994861 0.00926689 0.98632 0.0128435 0.993673 0.992072 0.988405 0.991854 0.995344 0.992943 0.986749 0.992902 0.992411 0.993926 0.00344718 0.993672 0.00702222 0.991123 0.991117 0.0050163 0.00578013 0.0097428 0.985457 0.988423 0.987666 0.98388 0.0065383 0.0127421 0.991034 0.986558 0.0109767 0.992543 0.00607434 0.968783 0.993322 0.977722 0.00477049 0.00200229 0.00263211 0.993263 0.00335166 0.00456734 0.00677727 0.00510127 0.992424 0.00589446 0.00368716 0.991426 0.986993 0.991693 0.00310083 0.988015 0.00568704 0.00775168 0.994116 0.994077 0.994641 0.00628342 0.997027 0.00832135 0.00389495 0.00737835 0.992879 0.00370244 0.00566152 0.00310096 0.00373874 0.00469964 0.985514 0.00488923 0.985459 0.993277 0.0049509 0.996603 0.00384982 0.00270102 0.00806645 0.988827 0.00326818 0.989307 0.00588332 0.00946755 0.00384591 0.0056774 0.973088 0.0043653 0.991022
0.0134672 0.988747 0.00657383 0.00648785 0.985584 0.0110953 0.00640054 0.994096 0.00977809 0.980878 0.00495815 0.992001 0.990706 0.994863 0.00915588 0.986448 0.0126421 0.993677 0.992122 0.988457 0.991886 0.995345 0.992957 0.986831 0.992923 0.992436 0.993924 0.00343732 0.993676 0.00694875 0.991166 0.991161 0.00498147 0.00573617 0.00961953 0.985631 0.988477 0.987799 0.984056 0.00647297 0.0125459 0.991104 0.986697 0.0108235 0.992544 0.00602295 0.969379 0.993346 0.977966 0.00474275 0.00200707 0.00263388 0.993322 0.00334317 0.00454879 0.00671985 0.00507437 0.992502 0.00585085 0.00367425 0.991486 0.987151 0.991749 0.00310056 0.988093 0.00564831 0.00767823 0.99415 0.994103 0.994683 0.00623475 0.997014 0.00822517 0.00387947 0.00730946 0.992954 0.00368843 0.00562385 0.00310066 0.00372809 0.00467887 0.985734 0.00486631 0.985683 0.993335 0.00492716 0.996614 0.00383705 0.00270299 0.00798399 0.988996 0.00326149 0.989415 0.00583973 0.00935964 0.00383359 0.00564009 0.973651 0.00434546 0.991104
0.0132555 0.988826 0.00651736 0.00642409 0.985752 0.0109326 0.0063396 0.994093 0.00966017 0.981104 0.00492333 0.992024 0.990778 0.994864 0.00904762 0.98657 0.0124441 0.993681 0.992168 0.988511 0.991917 0.995345 0.99297 0.986914 0.992944 0.992461 0.993922 0.00342775 0.99368 0.00687722 0.991207 0.991202 0.00494633 0.00569238 0.00949713 0.985801 0.98853 0.98793 0.984227 0.00640934 0.0123557 0.991174 0.986838 0.0106707 0.992546 0.00597301 0.969963 0.99337 0.978209 0.0047155 0.00201173 0.00263602 0.993381 0.0033346 0.00453073 0.0066625 0.00504828 0.992578 0.00580694 0.00366186 0.991545 0.987306 0.991803 0.00309964 0.988169 0.00561191 0.00760627 0.994184 0.994129 0.994724 0.00618639 0.997 0.00813242 0.00386484 0.00724449 0.99303 0.00367548 0.00558688 0.00310042 0.00371808 0.00465899 0.98595 0.00484286 0.985903 0.993392 0.00490423 0.996626 0.00382425 0.00270481 0.00790402 0.989161 0.00325477 0.989517 0.00579594 0.00925563 0.00382154 0.00560279 0.974199 0.00432581 0.991182
0.0130485 0.988903 0.00646185 0.0063624 0.985916 0.0107736 0.00628041 0.994089 0.00954427 0.981327 0.00488856 0.992048 0.990847 0.994865 0.0089415 0.986693 0.0122502 0.993686 0.992215 0.988564 0.991947 0.995346 0.992983 0.986996 0.992965 0.992485 0.993919 0.00341776 0.993683 0.0068054 0.991251 0.991244 0.0049114 0.00564979 0.00938111 0.985969 0.988583 0.988057 0.984393 0.00634627 0.0121663 0.991243 0.986976 0.0105232 0.992547 0.00592444 0.970532 0.993395 0.978447 0.00468816 0.00201671 0.00263749 0.993438 0.0033263 0.00451291 0.00660552 0.00502245 0.992654 0.00576481 0.00364991 0.991603 0.987459 0.991856 0.00309982 0.988243 0.00557517 0.00753553 0.994218 0.994154 0.994766 0.00613871 0.996988 0.0080403 0.00384932 0.00717849 0.993104 0.00366236 0.00555033 0.00310018 0.00370739 0.00463854 0.986161 0.00482078 0.986112 0.993448 0.00488136 0.996636 0.00381081 0.00270683 0.00782585 0.989325 0.00324838 0.98962 0.00575379 0.00915404 0.00380979 0.00556686 0.974726 0.00430664 0.991258
0.0128481 0.98898 0.00640769 0.00630151 0.986077 0.010618 0.00622136 0.994084 0.00943145 0.981543 0.00485427 0.992069 0.990918 0.994866 0.00883463 0.986813 0.0120621 0.99369 0.992259 0.988615 0.991978 0.995345 0.992997 0.987077 0.992985 0.992511 0.993917 0.00340825 0.993687 0.00673533 0.991292 0.991285 0.00487733 0.00560694 0.00926548 0.986133 0.988635 0.988183 0.984555 0.00628501 0.0119812 0.991311 0.987108 0.0103794 0.992547 0.00587673 0.97108 0.993417 0.978685 0.00466118 0.00202186 0.00263892 0.993494 0.00331776 0.00449548 0.00655003 0.00499617 0.992727 0.00572207 0.00363799 0.991659 0.987608 0.991906 0.0030994 0.988318 0.00553939 0.00746648 0.994251 0.994179 0.994806 0.00609134 0.996974 0.00795138 0.00383361 0.00711541 0.993176 0.00364998 0.0055141 0.00309938 0.00369711 0.00461928 0.986367 0.00479851 0.986318 0.993504 0.00485818 0.996647 0.00379845 0.00270876 0.00774749 0.989484 0.00324263 0.989719 0.00571221 0.00905312 0.0037979 0.00553138 0.975241 0.00428745 0.991335
0.0126503 0.989055 0.00635292 0.0062408 0.986234 0.0104656 0.00616373 0.99408 0.00932174 0.981754 0.00481983 0.992092 0.990987 0.994866 0.00873136 0.986932 0.0118802 0.993693 0.992305 0.988667 0.992007 0.995346 0.993009 0.987158 0.993006 0.992536 0.993916 0.00339877 0.993691 0.00666771 0.991332 0.991327 0.00484405 0.00556583 0.00915316 0.986295 0.988686 0.988306 0.984714 0.00622546 0.0118022 0.991378 0.987239 0.0102378 0.992547 0.0058283 0.971618 0.993441 0.978913 0.00463559 0.00202666 0.00264072 0.993548 0.00330967 0.00447844 0.00649463 0.00497036 0.992798 0.00568054 0.00362617 0.991716 0.987755 0.991957 0.00309904 0.98839 0.00550369 0.00739792 0.994283 0.994205 0.994846 0.00604604 0.99696 0.00786353 0.00381936 0.00705082 0.993246 0.0036377 0.00547818 0.00309858 0.00368729 0.00459978 0.986569 0.00477674 0.986519 0.993559 0.00483521 0.996657 0.0037866 0.00271063 0.00767033 0.989641 0.00323617 0.989818 0.00567142 0.00895591 0.00378612 0.00549694 0.975745 0.00426895 0.991413
0.0124575 0.989127 0.00629926 0.00618154 0.986389 0.0103164 0.00610605 0.994075 0.00921285 0.981963 0.00478756 0.992114 0.991053 0.994866 0.0086312 0.987046 0.011703 0.993697 0.992349 0.988716 0.992037 0.995347 0.993022 0.987237 0.993025 0.99256 0.993912 0.00338952 0.993695 0.00660089 0.991376 0.991367 0.00481107 0.00552532 0.00904141 0.986451 0.988738 0.988427 0.984869 0.0061656 0.0116261 0.991445 0.987367 0.0100989 0.992546 0.00578099 0.972141 0.993464 0.979137 0.00461047 0.00203119 0.00264239 0.993604 0.00330151 0.00446168 0.00644098 0.00494495 0.992869 0.0056398 0.00361418 0.991769 0.9879 0.992007 0.00309798 0.988461 0.00546761 0.00733066 0.994315 0.994229 0.994885 0.00600057 0.996947 0.00777712 0.00380476 0.00698893 0.993315 0.00362585 0.00544338 0.00309823 0.00367701 0.00458026 0.986764 0.0047552 0.986718 0.993613 0.00481216 0.996668 0.00377441 0.00271289 0.00759501 0.989792 0.00322991 0.989916 0.005631 0.0088592 0.00377445 0.00546199 0.976233 0.00425085 0.991487
0.0122671 0.989197 0.0062473 0.00612331 0.986541 0.0101697 0.00604988 0.994071 0.00910855 0.982168 0.00475531 0.992135 0.991119 0.994867 0.00853482 0.987158 0.0115281 0.993702 0.992394 0.988766 0.992067 0.995347 0.993035 0.987315 0.993043 0.992583 0.993909 0.00338032 0.993699 0.00653514 0.991415 0.991407 0.00477925 0.0054863 0.00893439 0.986607 0.988787 0.988544 0.98502 0.00610715 0.0114562 0.991511 0.987493 0.00996333 0.992547 0.0057343 0.972656 0.993487 0.979357 0.00458502 0.00203596 0.00264434 0.993656 0.00329359 0.00444468 0.0063887 0.00491918 0.992938 0.00559878 0.00360259 0.991822 0.988041 0.992055 0.00309801 0.988534 0.00543357 0.00726585 0.994347 0.994253 0.994925 0.00595547 0.996934 0.00769437 0.00378983 0.00692899 0.993383 0.00361346 0.00540936 0.00309753 0.00366652 0.00456086 0.986955 0.00473362 0.986911 0.993666 0.00478913 0.996679 0.00376223 0.00271493 0.00752046 0.989939 0.00322388 0.990009 0.00559113 0.00876471 0.0037624 0.00542701 0.976703 0.00423318 0.991559
0.0120804 0.989269 0.00619608 0.00606631 0.986692 0.0100279 0.00599486 0.994066 0.00900555 0.982372 0.00472289 0.992156 0.991186 0.994868 0.00843828 0.987269 0.0113596 0.993705 0.992439 0.988814 0.992096 0.995347 0.993048 0.98739 0.993063 0.992606 0.993908 0.00337029 0.993703 0.00647178 0.991455 0.991446 0.00474748 0.00544731 0.00882684 0.986759 0.988836 0.988661 0.985171 0.00605004 0.0112879 0.991576 0.987617 0.00983299 0.992547 0.00568918 0.973154 0.993508 0.979576 0.00455983 0.00204061 0.00264591 0.993708 0.00328609 0.00442775 0.00633672 0.00489425 0.993005 0.00555983 0.00359106 0.991876 0.988178 0.992104 0.00309751 0.988603 0.00539924 0.00720081 0.994377 0.994276 0.994963 0.00591208 0.99692 0.0076101 0.00377665 0.00686971 0.99345 0.00360154 0.00537615 0.00309703 0.00365667 0.00454093 0.987141 0.00471233 0.987097 0.993718 0.00476756 0.996689 0.00375052 0.0027167 0.00744859 0.990084 0.00321784 0.990102 0.00555144 0.00867125 0.00375071 0.00539296 0.977162 0.00421584 0.991629
0.011901 0.989338 0.00614668 0.00601034 0.986836 0.009889 0.00593961 0.994062 0.00890308 0.982571 0.00469016 0.992177 0.99125 0.994869 0.00834563 0.987377 0.0111918 0.993708 0.992483 0.988863 0.992124 0.995347 0.993061 0.987467 0.993082 0.99263 0.993905 0.00336173 0.993708 0.00640912 0.991493 0.991484 0.00471622 0.00540913 0.00872361 0.986908 0.988888 0.988775 0.985318 0.00599279 0.011124 0.991637 0.987739 0.00970521 0.992549 0.00564467 0.973636 0.993529 0.979789 0.00453598 0.00204556 0.00264721 0.99376 0.00327873 0.00441151 0.00628636 0.0048697 0.99307 0.00552134 0.00357993 0.991928 0.988311 0.992153 0.00309803 0.988674 0.0053658 0.00713717 0.994407 0.9943 0.995 0.00586938 0.996907 0.00752837 0.00376299 0.00681109 0.993515 0.00358983 0.00534253 0.00309639 0.00364667 0.00452231 0.987323 0.00469171 0.987282 0.993769 0.00474589 0.9967 0.00373869 0.00271834 0.00737672 0.990225 0.00321161 0.990193 0.00551134 0.00858081 0.00373973 0.00535952 0.977612 0.00419901 0.991699
0.0117253 0.989407 0.0060972 0.00595508 0.98698 0.00975289 0.00588663 0.994056 0.0088051 0.982765 0.00465913 0.992198 0.991312 0.99487 0.00825285 0.987487 0.0110299 0.993713 0.992525 0.988912 0.992153 0.995347 0.993073 0.987539 0.993102 0.992652 0.993903 0.00335281 0.993712 0.00634882 0.991531 0.991522 0.00468559 0.00537151 0.00862109 0.987053 0.988937 0.988886 0.985463 0.00593788 0.0109637 0.991698 0.987858 0.00957817 0.99255 0.00560082 0.974106 0.993551 0.980001 0.00451143 0.00205039 0.00264856 0.99381 0.00327081 0.00439589 0.00623693 0.00484602 0.993135 0.00548177 0.00356862 0.991979 0.988443 0.9922 0.00309803 0.988741 0.0053326 0.00707439 0.994437 0.994322 0.995036 0.00582712 0.996893 0.00744894 0.00374944 0.00675221 0.993579 0.00357777 0.00531014 0.00309647 0.00363741 0.00450361 0.987502 0.00467062 0.987463 0.993819 0.00472524 0.996711 0.00372668 0.00272058 0.00730832 0.990363 0.00320628 0.990282 0.00547292 0.00849125 0.00372864 0.00532576 0.978047 0.00418194 0.991769
0.0115525 0.989473 0.00604915 0.00590075 0.987121 0.00962092 0.00583505 0.994052 0.00870671 0.982955 0.00462851 0.992219 0.991374 0.994871 0.00816215 0.987594 0.0108684 0.993717 0.992566 0.988959 0.99218 0.995347 0.993085 0.98761 0.99312 0.992674 0.9939 0.00334437 0.993717 0.00628841 0.99157 0.991562 0.00465507 0.00533423 0.00852155 0.987195 0.988985 0.988998 0.985605 0.00588473 0.0108088 0.991759 0.987978 0.00945399 0.992551 0.00555738 0.974565 0.993572 0.980206 0.00448727 0.00205481 0.00265025 0.99386 0.00326314 0.00437945 0.00618819 0.00482266 0.993199 0.00544453 0.00355686 0.992029 0.988573 0.992247 0.00309792 0.988807 0.0053006 0.00701257 0.994465 0.994345 0.995072 0.00578635 0.99688 0.00737162 0.00373554 0.00669697 0.993643 0.00356597 0.0052778 0.00309647 0.00362799 0.00448559 0.987676 0.00464985 0.987637 0.993869 0.00470439 0.996721 0.0037151 0.00272191 0.00723992 0.990498 0.00320062 0.99037 0.00543536 0.00840279 0.00371783 0.00529351 0.978472 0.00416524 0.991837
0.0113852 0.989539 0.00600152 0.00584833 0.987256 0.00949087 0.00578354 0.994047 0.00861055 0.98314 0.00459829 0.992241 0.991434 0.994872 0.00807425 0.987698 0.0107134 0.993721 0.992607 0.989006 0.992209 0.995347 0.993097 0.987681 0.993139 0.992695 0.993898 0.00333623 0.993721 0.00622875 0.991609 0.991599 0.00462532 0.0052976 0.00842265 0.987336 0.989031 0.989106 0.985747 0.0058321 0.0106547 0.99182 0.988094 0.00933158 0.99255 0.00551555 0.975012 0.993593 0.98041 0.00446382 0.00205953 0.00265184 0.993909 0.00325578 0.00436358 0.00613956 0.00479995 0.993263 0.00540792 0.00354591 0.992078 0.9887 0.992293 0.0030975 0.988872 0.00526833 0.00695238 0.994495 0.994367 0.995108 0.0057456 0.996868 0.00729484 0.00372279 0.00664204 0.993705 0.00355408 0.00524602 0.00309659 0.00361934 0.00446781 0.987846 0.00462917 0.987809 0.993917 0.00468305 0.996731 0.00370397 0.00272339 0.00717228 0.99063 0.00319501 0.990455 0.00539917 0.00831725 0.00370758 0.00526129 0.978885 0.00414921 0.991904
0.0112213 0.989606 0.00595513 0.00579626 0.98739 0.00936483 0.00573287 0.994044 0.00851902 0.983321 0.00456848 0.992261 0.991494 0.994873 0.00798589 0.9878 0.0105605 0.993726 0.992649 0.989052 0.992236 0.995347 0.99311 0.987752 0.993158 0.992718 0.993895 0.00332718 0.993724 0.00616955 0.991644 0.991636 0.00459605 0.00526079 0.00832675 0.987473 0.989078 0.989211 0.985884 0.00578025 0.0105057 0.99188 0.988209 0.00921355 0.992551 0.00547414 0.975444 0.993614 0.98061 0.00444075 0.00206408 0.0026541 0.993956 0.00324834 0.0043473 0.00609248 0.00477641 0.993325 0.00537153 0.00353465 0.992128 0.988826 0.992337 0.00309721 0.988935 0.00523624 0.0068929 0.994523 0.994387 0.995142 0.00570431 0.996855 0.00722011 0.00370997 0.00658701 0.993765 0.00354255 0.00521418 0.00309589 0.00360977 0.00445035 0.988012 0.00460933 0.987977 0.993963 0.00466241 0.996741 0.00369276 0.00272515 0.00710668 0.990758 0.00318935 0.99054 0.00536265 0.0082326 0.00369642 0.00522912 0.97929 0.00413255 0.991969
0.0110619 0.989669 0.00590943 0.00574444 0.987523 0.00923944 0.00568259 0.99404 0.00842595 0.983501 0.00453911 0.992281 0.991553 0.994873 0.00790114 0.987902 0.0104118 0.993729 0.99269 0.989097 0.992264 0.995347 0.993121 0.987821 0.993176 0.99274 0.993892 0.0033187 0.993728 0.00611289 0.99168 0.991672 0.00456757 0.00522441 0.00823252 0.987608 0.989122 0.989315 0.986018 0.00572961 0.0103578 0.991938 0.988321 0.00909729 0.992552 0.00543284 0.975867 0.993634 0.980808 0.00441826 0.00206882 0.00265614 0.994002 0.00324082 0.00433175 0.00604517 0.00475383 0.993386 0.00533536 0.00352373 0.992176 0.988949 0.992383 0.0030966 0.989001 0.00520508 0.00683486 0.994551 0.994409 0.995177 0.00566421 0.996843 0.00714662 0.0036967 0.00653263 0.993825 0.00353103 0.00518218 0.00309526 0.00360055 0.00443265 0.988172 0.00459 0.988139 0.99401 0.00464186 0.99675 0.00368178 0.00272716 0.00704175 0.990885 0.00318363 0.990622 0.00532638 0.00814936 0.00368564 0.00519823 0.979684 0.00411538 0.992033
0.0109059 0.989733 0.00586358 0.00569334 0.987652 0.00911712 0.00563391 0.994037 0.00833628 0.983678 0.00451069 0.992298 0.991611 0.994874 0.00781799 0.988003 0.0102662 0.993732 0.992728 0.989143 0.992289 0.995347 0.993132 0.987891 0.993194 0.992761 0.99389 0.00331044 0.993731 0.00605578 0.991715 0.991709 0.00453948 0.0051899 0.00813912 0.987742 0.989168 0.989416 0.986151 0.00567882 0.0102152 0.991996 0.988432 0.00898242 0.992553 0.00539193 0.976282 0.993655 0.980998 0.00439543 0.00207368 0.00265793 0.994048 0.00323349 0.00431604 0.00599816 0.00473194 0.993446 0.00530011 0.0035133 0.992223 0.989067 0.992427 0.00309671 0.989064 0.00517485 0.00677667 0.994579 0.99443 0.995211 0.00562544 0.996829 0.00707333 0.00368433 0.00647964 0.993883 0.00352075 0.00515158 0.00309518 0.00359166 0.00441563 0.988332 0.00457107 0.988299 0.994056 0.00462182 0.99676 0.00367047 0.0027289 0.00697757 0.991008 0.00317807 0.990703 0.00529135 0.00806893 0.00367562 0.00516655 0.980061 0.00410006 0.992096
0.0107522 0.989795 0.00581908 0.00564316 0.987779 0.00899841 0.0055861 0.994033 0.00824718 0.983851 0.00448245 0.992318 0.99167 0.994875 0.00773633 0.988101 0.0101254 0.993736 0.992768 0.989189 0.992316 0.995347 0.993143 0.987958 0.993211 0.992783 0.993887 0.00330237 0.993736 0.0060014 0.991752 0.991745 0.00451127 0.00515612 0.0080486 0.98787 0.989213 0.989517 0.986282 0.00562976 0.0100763 0.992051 0.988539 0.00886957 0.992554 0.00535155 0.976687 0.993677 0.981187 0.00437302 0.00207841 0.00265998 0.994093 0.0032257 0.00430057 0.00595248 0.00470991 0.993506 0.00526593 0.00350368 0.99227 0.989185 0.992471 0.00309619 0.989128 0.00514512 0.00671991 0.994607 0.994452 0.995244 0.00558635 0.996817 0.00700132 0.0036715 0.00642653 0.993941 0.00350989 0.00512073 0.0030953 0.00358281 0.00439818 0.988486 0.00455239 0.988454 0.994102 0.00460142 0.996768 0.00365965 0.00273091 0.0069148 0.991128 0.00317321 0.990783 0.00525632 0.00798789 0.00366554 0.00513623 0.980433 0.00408388 0.992158
0.0106033 0.989859 0.00577527 0.00559362 0.987903 0.00888107 0.00553962 0.99403 0.00815937 0.984022 0.00445423 0.992337 0.991725 0.994875 0.00765654 0.988197 0.00998676 0.993739 0.992806 0.989233 0.992341 0.995346 0.993154 0.988024 0.993227 0.992803 0.993884 0.00329408 0.993738 0.00594716 0.991787 0.99178 0.0044836 0.00512207 0.00796137 0.987998 0.989257 0.989616 0.986411 0.0055814 0.00994049 0.992107 0.988643 0.00876086 0.992555 0.00531332 0.977081 0.993696 0.98137 0.00435143 0.00208305 0.0026611 0.994138 0.00321861 0.00428555 0.005908 0.00468775 0.993564 0.00523157 0.00349418 0.992316 0.989301 0.992514 0.0030956 0.989189 0.0051161 0.00666491 0.994633 0.994472 0.995278 0.00554762 0.996804 0.00693206 0.00365894 0.0063756 0.993997 0.00349917 0.00509079 0.00309508 0.00357407 0.00438118 0.988637 0.00453362 0.988611 0.994145 0.00458208 0.996777 0.00364829 0.00273239 0.00685415 0.991247 0.00316733 0.990861 0.00522084 0.00790947 0.00365494 0.00510639 0.980792 0.00406796 0.99222
0.0104568 0.98992 0.00573226 0.00554563 0.988024 0.00876565 0.00549354 0.994026 0.00807446 0.984188 0.0044269 0.992357 0.991781 0.994876 0.00757716 0.988291 0.00985167 0.993742 0.992844 0.989277 0.992368 0.995346 0.993165 0.98809 0.993243 0.992823 0.993882 0.00328644 0.993742 0.00589418 0.991821 0.991815 0.00445714 0.00508818 0.00787409 0.988119 0.989299 0.989712 0.986539 0.00553442 0.00980676 0.992161 0.988748 0.00865535 0.992557 0.00527473 0.977467 0.993715 0.981549 0.00432941 0.00208798 0.00266269 0.994182 0.00321134 0.00427094 0.00586496 0.00466599 0.99362 0.00519703 0.00348353 0.992363 0.989414 0.992556 0.00309515 0.989249 0.00508621 0.00660989 0.994658 0.994492 0.995309 0.00551081 0.996791 0.00686287 0.00364572 0.00632469 0.994053 0.00348868 0.00506122 0.00309494 0.00356534 0.00436393 0.988787 0.00451569 0.988761 0.994188 0.00456291 0.996786 0.00363794 0.0027341 0.00679252 0.991362 0.00316256 0.990937 0.00518722 0.00783244 0.00364461 0.00507796 0.981141 0.00405223 0.992281
0.0103127 0.989979 0.00568948 0.00549906 0.988145 0.0086561 0.00544815 0.994022 0.00799046 0.984351 0.00439971 0.992375 0.991836 0.994877 0.00749979 0.988383 0.00971977 0.993746 0.992883 0.989319 0.992393 0.995346 0.993175 0.988156 0.993259 0.992844 0.993879 0.00327822 0.993747 0.00584195 0.991855 0.991849 0.00443127 0.00505518 0.00778856 0.988239 0.98934 0.989808 0.986662 0.00548904 0.00967527 0.992214 0.98885 0.00854986 0.992557 0.00523739 0.977836 0.993734 0.98173 0.00430781 0.00209239 0.0026642 0.994225 0.00320402 0.00425597 0.00582195 0.00464514 0.993675 0.00516362 0.00347298 0.992409 0.989524 0.992597 0.00309491 0.989307 0.00505725 0.00655586 0.994684 0.994512 0.995341 0.00547326 0.996778 0.00679597 0.00363429 0.00627509 0.994106 0.0034775 0.0050321 0.00309451 0.0035563 0.00434779 0.988932 0.00449695 0.98891 0.994232 0.00454284 0.996795 0.00362738 0.00273568 0.00673317 0.991474 0.00315802 0.991012 0.00515431 0.00775563 0.00363433 0.00504953 0.981482 0.00403602 0.99234
0.0101706 0.990039 0.00564768 0.0054531 0.988264 0.00854768 0.00540405 0.994018 0.00790827 0.984509 0.00437402 0.992392 0.991889 0.994877 0.00742303 0.988476 0.00959019 0.99375 0.992919 0.989362 0.992417 0.995346 0.993185 0.988219 0.993276 0.992865 0.993877 0.0032701 0.99375 0.00579076 0.991889 0.991883 0.004405 0.00502275 0.00770522 0.988359 0.989382 0.9899 0.986784 0.00544298 0.00954855 0.992268 0.988949 0.00844806 0.992556 0.00520025 0.978204 0.993753 0.981904 0.00428727 0.00209693 0.00266576 0.994268 0.0031971 0.00424185 0.00577936 0.00462389 0.993731 0.00513033 0.00346306 0.992451 0.989633 0.992638 0.00309416 0.989363 0.00502922 0.00650276 0.99471 0.994532 0.995372 0.00543726 0.996765 0.00673062 0.00362266 0.00622595 0.994159 0.00346767 0.00500294 0.0030937 0.00354722 0.00433225 0.989074 0.00447845 0.989055 0.994275 0.00452403 0.996804 0.00361711 0.00273762 0.00667489 0.991581 0.00315281 0.991086 0.00512132 0.00768029 0.00362382 0.00502117 0.981816 0.00402082 0.992398
0.0100343 0.990097 0.00560752 0.00540889 0.988381 0.00844005 0.00536035 0.994013 0.00782798 0.984668 0.00434737 0.992411 0.991941 0.994879 0.00734833 0.988565 0.0094634 0.993754 0.992955 0.989404 0.992442 0.995346 0.993197 0.988281 0.993293 0.992885 0.993875 0.00326219 0.993753 0.00573934 0.991925 0.991917 0.00437971 0.00499037 0.00762471 0.988477 0.989422 0.989992 0.986903 0.00539864 0.00942251 0.992319 0.989048 0.00834885 0.992556 0.0051636 0.978561 0.993773 0.982075 0.00426573 0.00210165 0.00266769 0.994309 0.0031897 0.00422737 0.00573776 0.00460288 0.993785 0.00509808 0.00345354 0.992494 0.98974 0.992679 0.00309345 0.989418 0.00500053 0.00645118 0.994737 0.994551 0.995402 0.00540129 0.996753 0.00666665 0.00361051 0.00617835 0.994211 0.00345763 0.00497427 0.00309348 0.00353883 0.00431644 0.989213 0.00446033 0.989196 0.994317 0.00450564 0.996813 0.00360671 0.0027391 0.00661591 0.991688 0.00314772 0.991158 0.0050899 0.00760725 0.00361422 0.00499289 0.982137 0.00400517 0.992454
0.00990074 0.990155 0.00556795 0.00536386 0.988494 0.00833515 0.00531665 0.99401 0.00774888 0.984819 0.00432185 0.992429 0.991992 0.994879 0.00727427 0.988654 0.00934018 0.993757 0.99299 0.989446 0.992468 0.995345 0.993207 0.988345 0.99331 0.992904 0.993872 0.00325503 0.993755 0.00568999 0.991956 0.991949 0.00435447 0.00495886 0.00754394 0.988592 0.989464 0.990082 0.98702 0.0053542 0.0093032 0.992371 0.989145 0.00825226 0.992557 0.00512822 0.978908 0.993791 0.982244 0.00424545 0.00210587 0.0026691 0.994351 0.00318341 0.0042131 0.0056969 0.00458233 0.993837 0.00506645 0.00344342 0.992537 0.989845 0.992718 0.00309254 0.989474 0.00497284 0.00639923 0.994761 0.99457 0.995432 0.00536601 0.99674 0.00660228 0.0035985 0.00613168 0.994262 0.00344775 0.0049463 0.00309298 0.0035306 0.00429878 0.989349 0.00444253 0.989334 0.994357 0.00448669 0.996821 0.00359702 0.00274087 0.00655981 0.991792 0.00314278 0.991231 0.00505813 0.00753422 0.00360484 0.00496455 0.982452 0.00399045 0.99251
0.00977106 0.990211 0.0055286 0.00532024 0.988602 0.00823184 0.00527365 0.994007 0.00767212 0.984968 0.00429693 0.992448 0.992045 0.99488 0.00720269 0.988742 0.00922015 0.993761 0.993026 0.989488 0.992492 0.995344 0.993216 0.988406 0.993326 0.992923 0.993869 0.00324774 0.993758 0.00564013 0.991988 0.991981 0.00433009 0.00492806 0.00746535 0.988706 0.989505 0.990171 0.987135 0.00531115 0.00918237 0.992423 0.98924 0.00815662 0.992558 0.00509262 0.979242 0.99381 0.98241 0.00422486 0.00211048 0.00267067 0.994392 0.00317732 0.00419852 0.00565573 0.00456215 0.993889 0.00503544 0.00343376 0.992579 0.989948 0.992757 0.0030923 0.989531 0.0049451 0.00634801 0.994787 0.994589 0.995461 0.00533158 0.996727 0.00653886 0.00358701 0.00608513 0.994313 0.00343788 0.00491982 0.00309233 0.0035224 0.00428254 0.989484 0.00442459 0.989469 0.994398 0.00446852 0.996829 0.0035871 0.00274196 0.00650498 0.991896 0.00313785 0.991303 0.00502798 0.0074637 0.003595 0.00493801 0.982758 0.0039758 0.992564
0.00964376 0.990268 0.00549062 0.00527759 0.988711 0.00813147 0.0052323 0.994003 0.00759818 0.985117 0.00427207 0.992465 0.992097 0.99488 0.0071311 0.98883 0.0091029 0.993765 0.99306 0.989526 0.992516 0.995344 0.993226 0.988466 0.993342 0.992943 0.993866 0.00324041 0.993761 0.00559298 0.992021 0.992013 0.00430515 0.00489683 0.00738706 0.988818 0.989544 0.990259 0.987248 0.00526823 0.00906538 0.992473 0.989332 0.00806177 0.99256 0.00505763 0.979574 0.993828 0.982576 0.00420408 0.00211458 0.00267155 0.994432 0.00317068 0.00418491 0.00561643 0.00454234 0.99394 0.00500434 0.00342448 0.99262 0.990049 0.992796 0.00309187 0.989585 0.00491701 0.00629937 0.99481 0.994608 0.99549 0.00529833 0.996715 0.00647911 0.00357598 0.00603976 0.994363 0.00342744 0.00489341 0.00309168 0.00351403 0.00426693 0.989615 0.00440727 0.9896 0.994438 0.00445002 0.996837 0.00357731 0.00274353 0.00645218 0.991995 0.00313309 0.991371 0.00499746 0.0073943 0.00358532 0.00491078 0.983058 0.00396144 0.992619
0.00951709 0.990322 0.00545175 0.00523505 0.988816 0.00803306 0.0051923 0.994 0.00752311 0.985261 0.00424803 0.992481 0.992148 0.994881 0.00706167 0.988913 0.00898732 0.993769 0.993093 0.989567 0.992538 0.995345 0.993237 0.988526 0.993356 0.992962 0.993864 0.00323195 0.993764 0.00554683 0.992051 0.992046 0.00427977 0.00486716 0.00731123 0.988928 0.989584 0.990346 0.98736 0.00522674 0.00895049 0.992523 0.989424 0.00796971 0.99256 0.00502347 0.979897 0.993846 0.982734 0.00418383 0.00211871 0.00267302 0.99447 0.00316452 0.00417177 0.00557686 0.00452341 0.99399 0.00497259 0.00341487 0.992661 0.990148 0.992835 0.00309116 0.989638 0.00489069 0.0062503 0.994834 0.994627 0.995519 0.00526429 0.996703 0.00642029 0.00356393 0.00599577 0.994412 0.00341795 0.00486668 0.00309156 0.00350623 0.00425143 0.989743 0.00438995 0.98973 0.994477 0.00443287 0.996845 0.00356748 0.00274506 0.00639775 0.992094 0.00312831 0.99144 0.00496746 0.00732557 0.00357632 0.00488481 0.98335 0.00394765 0.992672
0.00939592 0.990376 0.00541437 0.00519353 0.988921 0.00793719 0.00515324 0.993996 0.00744894 0.985405 0.00422385 0.992498 0.992195 0.994881 0.00699366 0.988997 0.00887386 0.993771 0.993126 0.989607 0.992562 0.995345 0.993247 0.988585 0.993372 0.992981 0.993862 0.00322478 0.993768 0.00550049 0.992082 0.992076 0.0042555 0.00483774 0.00723657 0.989036 0.989625 0.990428 0.987469 0.00518421 0.00883937 0.992571 0.989513 0.00787977 0.992561 0.00498937 0.980211 0.993864 0.982891 0.00416436 0.00212309 0.00267483 0.994509 0.00315763 0.00415809 0.00553649 0.00450308 0.994039 0.00494203 0.00340547 0.992701 0.990247 0.992873 0.00309095 0.989689 0.00486416 0.00620285 0.994858 0.994646 0.995547 0.00523054 0.99669 0.00636164 0.00355244 0.00595236 0.99446 0.00340883 0.00484078 0.00309142 0.00349794 0.00423587 0.989868 0.0043728 0.989858 0.994516 0.00441572 0.996853 0.00355787 0.00274663 0.00634447 0.99219 0.0031235 0.991509 0.00493826 0.00725925 0.00356651 0.00485868 0.983633 0.00393438 0.992725
0.00927711 0.990429 0.00537699 0.00515311 0.989026 0.00784373 0.00511487 0.993992 0.00737705 0.985545 0.00420003 0.992515 0.992245 0.994881 0.00692573 0.989078 0.00876285 0.993774 0.993159 0.989645 0.992584 0.995345 0.993256 0.988644 0.993389 0.993 0.993861 0.00321741 0.993772 0.0054546 0.992113 0.992107 0.00423096 0.00480896 0.00716365 0.989143 0.989664 0.99051 0.987575 0.00514391 0.00872774 0.992618 0.989601 0.00779057 0.992562 0.0049561 0.980515 0.993882 0.983043 0.00414525 0.00212772 0.00267644 0.994547 0.00315149 0.00414443 0.00549884 0.00448349 0.994086 0.00491155 0.00339629 0.992741 0.990342 0.992909 0.00309063 0.989744 0.00483831 0.00615534 0.994881 0.994664 0.995575 0.00519813 0.996678 0.0063025 0.00354114 0.00590946 0.994506 0.00339987 0.00481413 0.00309097 0.00349055 0.00422168 0.989991 0.00435559 0.98998 0.994554 0.00439847 0.996861 0.00354858 0.002749 0.00629311 0.992284 0.0031187 0.991573 0.0049089 0.00719432 0.00355655 0.00483298 0.983913 0.00392063 0.992776
0.00916037 0.990482 0.0053399 0.00511324 0.989125 0.00774925 0.00507632 0.993989 0.00730599 0.985685 0.00417743 0.992532 0.992292 0.994882 0.00686029 0.989158 0.00865315 0.993777 0.993191 0.989682 0.992608 0.995345 0.993264 0.9887 0.993405 0.993019 0.993858 0.00321013 0.993775 0.00540948 0.992144 0.992138 0.00420768 0.00478093 0.00709198 0.989244 0.989701 0.990591 0.987679 0.00510487 0.00861971 0.992665 0.989686 0.00770292 0.992563 0.00492331 0.980815 0.9939 0.983197 0.00412674 0.00213169 0.00267795 0.994584 0.00314523 0.00413114 0.00546268 0.00446532 0.994133 0.00488247 0.0033875 0.99278 0.990436 0.992945 0.00309012 0.989798 0.00481311 0.00610906 0.994904 0.994681 0.995602 0.00516639 0.996665 0.00624469 0.00352952 0.0058666 0.994552 0.00339022 0.0047884 0.00309058 0.00348318 0.00420742 0.990112 0.00433942 0.990101 0.994591 0.00438193 0.996868 0.00353934 0.00275127 0.00624191 0.992377 0.00311352 0.991638 0.00488018 0.00712952 0.0035478 0.00480717 0.984184 0.0039066 0.992827
0.00904683 0.990533 0.00530354 0.00507442 0.989225 0.00765851 0.00503746 0.993986 0.00723604 0.98582 0.00415422 0.992549 0.992339 0.994883 0.00679469 0.989238 0.00854684 0.99378 0.993223 0.989719 0.992631 0.995344 0.993274 0.988757 0.99342 0.993036 0.993855 0.00320332 0.993778 0.00536529 0.992174 0.992168 0.00418424 0.00475254 0.00702063 0.989347 0.989738 0.990671 0.987782 0.00506636 0.00851524 0.99271 0.989772 0.00761742 0.992564 0.0048915 0.981111 0.993917 0.983345 0.00410762 0.00213589 0.00267939 0.994621 0.00313908 0.0041187 0.00542555 0.00444624 0.994179 0.00485347 0.00337783 0.992819 0.990528 0.992981 0.00308954 0.989849 0.00478782 0.00606342 0.994927 0.9947 0.995629 0.00513492 0.996653 0.00618882 0.00351862 0.00582285 0.994598 0.0033809 0.00476279 0.00309014 0.00347526 0.00419307 0.99023 0.00432276 0.990219 0.994627 0.00436511 0.996876 0.00353017 0.00275268 0.00619237 0.992468 0.00310889 0.991702 0.00485167 0.00706605 0.00353948 0.00478248 0.984447 0.00389386 0.992877
0.00893421 0.990585 0.00526856 0.00503511 0.989322 0.00757088 0.00500042 0.993983 0.00716716 0.985954 0.00413132 0.992566 0.992386 0.994885 0.00673201 0.989316 0.00844128 0.993782 0.993254 0.989755 0.992653 0.995343 0.993283 0.988814 0.993436 0.993054 0.993853 0.00319632 0.993783 0.00532218 0.992203 0.992198 0.00416123 0.00472537 0.00695149 0.989443 0.989774 0.990747 0.987885 0.00502799 0.00841129 0.992755 0.989855 0.00753453 0.992565 0.0048602 0.981397 0.993934 0.983489 0.00408896 0.0021401 0.00268078 0.994658 0.00313301 0.00410603 0.00538889 0.00442857 0.994225 0.00482535 0.00336882 0.992857 0.990619 0.993017 0.00308889 0.989897 0.00476314 0.0060188 0.994949 0.994717 0.995656 0.00510416 0.996641 0.00613341 0.00350788 0.00578115 0.994643 0.00337208 0.00473776 0.00308978 0.00346713 0.00417895 0.990346 0.00430721 0.990336 0.994663 0.00434834 0.996884 0.00352062 0.00275462 0.00614331 0.992555 0.00310433 0.991765 0.00482327 0.00700343 0.00353066 0.00475807 0.984704 0.00388121 0.992928
0.0088257 0.990635 0.00523301 0.00499659 0.98942 0.00748425 0.00496404 0.99398 0.00709984 0.986085 0.00410884 0.992583 0.992429 0.994885 0.00666954 0.989394 0.00833788 0.993786 0.993285 0.989793 0.992675 0.995343 0.993292 0.98887 0.993451 0.993072 0.993851 0.00318955 0.993786 0.0052794 0.992232 0.992227 0.00413942 0.00469876 0.00688378 0.98954 0.989811 0.990823 0.987984 0.00499036 0.00831047 0.992799 0.98994 0.00745236 0.992566 0.00482825 0.981676 0.99395 0.983633 0.00407144 0.00214443 0.00268273 0.994693 0.00312714 0.00409353 0.00535249 0.00441041 0.994269 0.00479714 0.00336016 0.992894 0.990706 0.993054 0.00308869 0.989946 0.00473909 0.00597453 0.994971 0.994735 0.995681 0.00507275 0.996629 0.00607977 0.00349727 0.00574009 0.994686 0.00336353 0.00471257 0.00308971 0.00346 0.00416483 0.990459 0.00429152 0.99045 0.994698 0.00433275 0.996892 0.00351183 0.00275662 0.00609496 0.992642 0.00309977 0.991829 0.00479553 0.00694155 0.00352173 0.00473382 0.984955 0.0038682 0.992975
0.00871717 0.990685 0.00519963 0.00495891 0.989514 0.00739901 0.00492814 0.993976 0.00703464 0.986215 0.00408675 0.9926 0.992474 0.994886 0.00660938 0.989468 0.00823888 0.993789 0.993316 0.98983 0.992698 0.995343 0.993301 0.988924 0.993464 0.993088 0.993849 0.00318219 0.99379 0.00523708 0.992261 0.992256 0.00411696 0.00467202 0.00681626 0.989638 0.989848 0.990899 0.988084 0.00495295 0.00821262 0.992842 0.990021 0.00737271 0.992565 0.00479727 0.981951 0.993966 0.983777 0.00405396 0.00214843 0.0026846 0.994728 0.00312131 0.00408099 0.0053169 0.00439189 0.994313 0.00476972 0.00335154 0.99293 0.990791 0.993088 0.00308848 0.989996 0.00471519 0.00593077 0.994993 0.994751 0.995707 0.00504179 0.996617 0.00602716 0.00348667 0.00570076 0.994729 0.00335451 0.00468917 0.00308917 0.00345265 0.00415116 0.99057 0.00427551 0.990561 0.994733 0.00431587 0.996899 0.00350264 0.00275832 0.00604705 0.992727 0.00309587 0.99189 0.00476738 0.00688074 0.003513 0.00470923 0.985199 0.00385477 0.993022
0.0086141 0.990735 0.00516641 0.00492294 0.989607 0.00731613 0.00489212 0.993973 0.00696967 0.986342 0.00406462 0.992616 0.992518 0.994887 0.00654964 0.989542 0.00814097 0.993792 0.993347 0.989868 0.99272 0.995343 0.99331 0.988979 0.993478 0.993106 0.993846 0.00317523 0.993793 0.00519683 0.99229 0.992286 0.00409543 0.00464472 0.00675071 0.989734 0.989885 0.990974 0.98818 0.00491679 0.00811537 0.992886 0.990099 0.00729441 0.992566 0.00476611 0.982215 0.993982 0.983917 0.00403601 0.00215255 0.00268534 0.994762 0.0031157 0.00406865 0.00528308 0.00437363 0.994356 0.0047421 0.003343 0.992967 0.990876 0.993123 0.00308833 0.990045 0.00469179 0.00588692 0.995015 0.994768 0.995733 0.00501346 0.996604 0.00597543 0.00347617 0.00566116 0.994771 0.0033455 0.00466477 0.00308905 0.0034453 0.00413723 0.990679 0.00426027 0.990671 0.994768 0.00429988 0.996906 0.00349379 0.00276017 0.00600041 0.992811 0.00309219 0.991949 0.00473949 0.00682216 0.00350408 0.00468516 0.985438 0.00384128 0.993069
0.00850888 0.990784 0.00513251 0.00488702 0.989699 0.0072347 0.00485694 0.993968 0.00690483 0.986466 0.00404362 0.992631 0.992562 0.994887 0.00649006 0.989615 0.00804413 0.993796 0.993378 0.989904 0.992742 0.995342 0.99332 0.98903 0.993492 0.993123 0.993843 0.00316825 0.993797 0.00515691 0.992317 0.992314 0.00407473 0.00461845 0.00668683 0.989826 0.989921 0.991047 0.988277 0.00488115 0.00802016 0.992926 0.990178 0.00721836 0.992566 0.00473633 0.982477 0.993998 0.984051 0.0040187 0.00215684 0.00268663 0.994796 0.00310952 0.00405665 0.00524919 0.00435631 0.994399 0.0047157 0.00333473 0.993003 0.990961 0.993156 0.00308767 0.990093 0.00466869 0.00584559 0.995036 0.994785 0.995758 0.0049844 0.996592 0.00592447 0.00346545 0.00562301 0.994812 0.00333653 0.00464155 0.00308929 0.00343841 0.00412354 0.990785 0.00424511 0.990777 0.994802 0.00428332 0.996913 0.00348448 0.00276196 0.00595469 0.992891 0.00308735 0.992009 0.00471309 0.00676403 0.00349585 0.00466226 0.985672 0.0038288 0.993116
0.00840644 0.990832 0.00510026 0.00485141 0.989789 0.00715415 0.00482231 0.993965 0.00684322 0.986586 0.00402231 0.992646 0.992604 0.994888 0.00643157 0.989686 0.00794965 0.9938 0.993406 0.98994 0.992763 0.995342 0.99333 0.989084 0.993507 0.993139 0.993842 0.00316148 0.993799 0.00511761 0.992345 0.992342 0.0040537 0.00459225 0.00662451 0.989917 0.989956 0.991119 0.988372 0.00484616 0.00792782 0.992968 0.990255 0.00714395 0.992566 0.00470731 0.982731 0.994014 0.984188 0.00400204 0.00216088 0.00268813 0.994829 0.00310395 0.00404474 0.00521622 0.00433866 0.994441 0.00468944 0.00332644 0.993039 0.991044 0.993188 0.00308703 0.99014 0.00464542 0.00580352 0.995056 0.994801 0.995783 0.00495537 0.99658 0.00587499 0.00345555 0.00558446 0.994852 0.00332805 0.00461838 0.00308961 0.00343153 0.00411011 0.990888 0.00422982 0.990881 0.994835 0.0042677 0.99692 0.00347645 0.00276343 0.00591005 0.992971 0.00308295 0.992067 0.00468724 0.00670673 0.00348772 0.0046381 0.985899 0.003816 0.993162
0.00830733 0.990878 0.00506663 0.0048171 0.989878 0.00707554 0.00478822 0.993962 0.00678055 0.986704 0.00400127 0.992661 0.992646 0.994888 0.00637462 0.989755 0.00785817 0.993804 0.993435 0.989975 0.992783 0.995342 0.993339 0.989137 0.993521 0.993157 0.99384 0.00315485 0.993803 0.00507907 0.992373 0.992369 0.00403264 0.00456712 0.00656282 0.990006 0.989991 0.99119 0.988462 0.00481178 0.00783716 0.993007 0.990329 0.00706916 0.992567 0.00467865 0.982981 0.99403 0.984318 0.00398458 0.00216462 0.00268954 0.994861 0.00309806 0.00403296 0.00518255 0.00432145 0.994482 0.00466391 0.00331821 0.993072 0.991124 0.993221 0.00308652 0.990188 0.00462259 0.00576228 0.995076 0.994817 0.995807 0.00492694 0.996568 0.00582616 0.00344537 0.00554719 0.994891 0.00331982 0.00459487 0.00308972 0.00342395 0.00409727 0.99099 0.00421467 0.990983 0.994868 0.00425189 0.996927 0.00346807 0.00276511 0.00586501 0.993049 0.00307846 0.992124 0.00466105 0.00664972 0.00347964 0.00461514 0.986119 0.00380363 0.993208
0.00821162 0.990924 0.00503507 0.00478237 0.989964 0.00699844 0.00475416 0.993958 0.00671981 0.986822 0.00398123 0.992676 0.992688 0.994888 0.006318 0.989826 0.00776757 0.993807 0.993463 0.990008 0.992803 0.995341 0.993349 0.989187 0.993534 0.993173 0.993838 0.0031483 0.993806 0.00504044 0.992401 0.992397 0.0040129 0.00454186 0.00650281 0.990093 0.990025 0.991258 0.988551 0.00477708 0.00774733 0.99305 0.990406 0.0069964 0.992568 0.00465131 0.983222 0.994046 0.984448 0.00396803 0.00216896 0.00269131 0.994893 0.00309256 0.00402106 0.00515007 0.0043055 0.994523 0.00463845 0.0033101 0.993106 0.991204 0.993253 0.0030863 0.990234 0.00459988 0.00572325 0.995096 0.994834 0.995831 0.0048989 0.996556 0.00577758 0.00343569 0.00551035 0.99493 0.00331121 0.0045727 0.00308894 0.00341654 0.00408461 0.991091 0.0041997 0.991083 0.994901 0.00423657 0.996934 0.00345953 0.00276693 0.00582049 0.993126 0.00307426 0.992181 0.00463507 0.00659314 0.00347116 0.00459249 0.986334 0.00379161 0.993253
0.00811667 0.990971 0.00500296 0.00474919 0.990049 0.00692314 0.00472176 0.993956 0.00666083 0.986937 0.00396099 0.992692 0.992729 0.994889 0.00626393 0.989895 0.00767938 0.99381 0.993491 0.990042 0.992823 0.995342 0.993357 0.989236 0.993547 0.99319 0.993836 0.00314227 0.99381 0.00500318 0.992428 0.992424 0.00399301 0.00451637 0.00644422 0.99018 0.990058 0.991328 0.988641 0.00474346 0.00765988 0.993089 0.99048 0.00692515 0.99257 0.00462294 0.983459 0.994062 0.984576 0.00395161 0.00217289 0.00269318 0.994926 0.00308714 0.00400967 0.00511771 0.00428925 0.994562 0.00461256 0.00330203 0.993141 0.99128 0.993285 0.00308577 0.990279 0.00457703 0.00568375 0.995116 0.99485 0.995854 0.00487051 0.996544 0.00573074 0.00342578 0.00547369 0.994969 0.0033028 0.00455059 0.00308884 0.00340894 0.00407145 0.991188 0.00418414 0.991183 0.994931 0.00422177 0.996941 0.0034514 0.00276815 0.00577705 0.993201 0.00307 0.992236 0.00461004 0.00653877 0.00346303 0.00457026 0.986543 0.00377953 0.993297
0.00802382 0.991017 0.00497288 0.00471595 0.990134 0.00684989 0.00468856 0.993952 0.00660368 0.987053 0.00394159 0.992707 0.992769 0.994889 0.00621086 0.989964 0.00759172 0.993813 0.99352 0.990077 0.992843 0.995341 0.993366 0.989286 0.993561 0.993206 0.993834 0.00313618 0.993813 0.004966 0.992455 0.992452 0.00397296 0.00449224 0.00638474 0.990267 0.990093 0.991397 0.98873 0.00471022 0.00757483 0.993129 0.990553 0.00685504 0.99257 0.00459548 0.98369 0.994078 0.984701 0.00393565 0.00217703 0.00269513 0.994957 0.00308159 0.003998 0.00508534 0.00427359 0.994601 0.00458763 0.00329397 0.993174 0.991357 0.993315 0.00308562 0.990322 0.00455563 0.00564534 0.995136 0.994865 0.995877 0.00484393 0.996533 0.00568362 0.00341659 0.00543685 0.995007 0.00329482 0.0045289 0.00308831 0.00340203 0.00405867 0.991285 0.00417001 0.991279 0.994963 0.00420746 0.996948 0.00344254 0.00276918 0.00573417 0.993274 0.00306578 0.992291 0.00458619 0.00648445 0.00345552 0.0045498 0.986749 0.00376733 0.993339
0.00793385 0.991061 0.00494219 0.0046829 0.990215 0.00677745 0.00465647 0.993949 0.00654639 0.987163 0.00392223 0.992721 0.992808 0.99489 0.00615842 0.990031 0.00750582 0.993817 0.993549 0.990109 0.992862 0.99534 0.993374 0.989335 0.993573 0.993221 0.993832 0.00313026 0.993815 0.00493007 0.992481 0.992479 0.00395356 0.00446804 0.00632728 0.990352 0.990126 0.991466 0.988817 0.00467733 0.00749006 0.993168 0.990627 0.00678608 0.992573 0.00456845 0.983917 0.994093 0.984825 0.00391908 0.00218123 0.0026968 0.994988 0.00307674 0.0039865 0.00505483 0.00425706 0.994639 0.00456313 0.00328606 0.993208 0.991432 0.993346 0.00308561 0.990367 0.00453441 0.00560794 0.995155 0.99488 0.995899 0.00481797 0.996522 0.00563771 0.00340727 0.00540125 0.995045 0.00328661 0.0045064 0.00308778 0.00339516 0.00404598 0.991379 0.00415484 0.991372 0.994993 0.00419292 0.996954 0.00343416 0.00277095 0.00569157 0.993347 0.00306145 0.992345 0.00456199 0.00643206 0.00344771 0.00452836 0.986949 0.00375585 0.99338
0.00784336 0.991103 0.00491289 0.00465087 0.990294 0.00670755 0.00462464 0.993945 0.00649243 0.987271 0.00390292 0.992737 0.992847 0.99489 0.00610707 0.990097 0.00742139 0.99382 0.993576 0.990141 0.992882 0.99534 0.993383 0.989383 0.993585 0.993237 0.993829 0.00312459 0.993817 0.00489395 0.992506 0.992506 0.00393413 0.0044442 0.00627107 0.990433 0.990158 0.99153 0.988903 0.00464527 0.00740932 0.993207 0.990697 0.00671864 0.992574 0.00454137 0.984139 0.994107 0.984945 0.00390354 0.00218525 0.00269857 0.995019 0.00307115 0.00397589 0.0050249 0.00424123 0.994677 0.00453927 0.00327835 0.993241 0.991505 0.993376 0.00308549 0.99041 0.00451327 0.00556973 0.995174 0.994895 0.995921 0.00479153 0.996511 0.00559324 0.00339753 0.00536613 0.995082 0.0032786 0.00448547 0.00308774 0.00338869 0.00403355 0.99147 0.00414102 0.991465 0.995024 0.00417903 0.996961 0.00342637 0.0027725 0.00565014 0.993417 0.00305722 0.992397 0.00453699 0.00637968 0.0034394 0.00450754 0.987146 0.00374442 0.993421
0.0077562 0.991146 0.00488342 0.00461926 0.990373 0.00663757 0.00459352 0.993941 0.00643705 0.987378 0.00388462 0.99275 0.992886 0.994892 0.00605544 0.990159 0.00734071 0.993822 0.993604 0.990174 0.992901 0.995339 0.993392 0.989431 0.993598 0.993251 0.993827 0.00311882 0.993819 0.00485859 0.992531 0.992531 0.0039154 0.00442041 0.00621536 0.990514 0.990192 0.991594 0.988987 0.00461357 0.00732858 0.993244 0.990767 0.0066518 0.992576 0.00451522 0.984355 0.994121 0.985066 0.00388816 0.00218912 0.00269999 0.995048 0.00306616 0.00396518 0.00499496 0.00422656 0.994715 0.00451528 0.00327039 0.993272 0.991578 0.993406 0.0030854 0.990455 0.00449179 0.00553323 0.995194 0.99491 0.995944 0.00476563 0.996499 0.00554874 0.00338859 0.00533122 0.995118 0.00327143 0.00446434 0.00308727 0.00338186 0.00402137 0.991561 0.00412709 0.991557 0.995054 0.00416452 0.996967 0.00341812 0.00277375 0.00560981 0.993487 0.00305311 0.992448 0.00451295 0.00632959 0.00343155 0.0044868 0.987336 0.00373229 0.993462
0.00767035 0.991188 0.00485504 0.00458815 0.990451 0.00656879 0.00456343 0.993938 0.00638299 0.987484 0.00386641 0.992764 0.992924 0.994892 0.00600511 0.990221 0.00726081 0.993825 0.993631 0.990205 0.992921 0.995339 0.993401 0.989477 0.993612 0.993268 0.993825 0.00311284 0.993823 0.00482422 0.992556 0.992556 0.00389678 0.00439717 0.00616021 0.990591 0.990224 0.991658 0.989068 0.00458336 0.00724988 0.993282 0.990833 0.00658756 0.992577 0.00448905 0.984566 0.994135 0.985184 0.00387278 0.00219311 0.00270161 0.995077 0.00306087 0.00395417 0.0049644 0.00421128 0.994752 0.00449205 0.00326249 0.993302 0.99165 0.993434 0.00308513 0.990497 0.00447084 0.00549637 0.995213 0.994926 0.995966 0.00474041 0.996488 0.00550525 0.00337971 0.005298 0.995154 0.00326285 0.00444359 0.00308677 0.00337566 0.00400918 0.991649 0.00411334 0.991647 0.995084 0.00415118 0.996973 0.0034103 0.00277536 0.00557004 0.993555 0.0030494 0.992499 0.00448911 0.00628031 0.00342424 0.00446576 0.987521 0.00372169 0.993503
0.00758447 0.991229 0.00482706 0.00455769 0.99053 0.00650299 0.00453345 0.993934 0.0063295 0.987585 0.00384809 0.992778 0.99296 0.994892 0.00595734 0.990285 0.00718186 0.993828 0.993658 0.990238 0.992939 0.995338 0.99341 0.989524 0.993625 0.993283 0.993823 0.00310744 0.993825 0.00478969 0.99258 0.99258 0.00387827 0.00437403 0.00610696 0.99067 0.990255 0.991719 0.98915 0.0045535 0.0071721 0.993319 0.990899 0.00652326 0.992579 0.00446368 0.984775 0.99415 0.9853 0.00385594 0.00219711 0.00270317 0.995106 0.00305516 0.00394255 0.00493512 0.00419663 0.99479 0.00446893 0.0032554 0.993333 0.99172 0.993464 0.00308435 0.990539 0.0044504 0.0054608 0.995231 0.994941 0.995987 0.00471503 0.996476 0.00546205 0.00337033 0.00526453 0.995188 0.00325468 0.00442382 0.00308634 0.00336862 0.00399714 0.991735 0.00409943 0.991735 0.995112 0.00413687 0.996979 0.00340282 0.00277701 0.00553027 0.993621 0.00304569 0.992549 0.00446596 0.00623139 0.00341638 0.00444608 0.987703 0.00371018 0.993542
0.00750181 0.991269 0.00479982 0.00452837 0.990605 0.00643686 0.00450372 0.993931 0.00627725 0.987686 0.00383006 0.992793 0.992997 0.994892 0.00590824 0.990349 0.00710504 0.993831 0.993684 0.990269 0.992958 0.995338 0.993419 0.989569 0.993637 0.993297 0.993821 0.00310155 0.993828 0.00475691 0.992606 0.992603 0.00385973 0.00435066 0.00605445 0.990746 0.990286 0.99178 0.989229 0.00452275 0.00709593 0.993355 0.990964 0.00646063 0.992579 0.00443822 0.984976 0.994164 0.985414 0.00384075 0.00220085 0.00270476 0.995135 0.00305032 0.0039316 0.00490663 0.00418189 0.994826 0.0044462 0.00324764 0.993365 0.991788 0.993492 0.00308433 0.990581 0.00443008 0.0054253 0.99525 0.994955 0.996009 0.00469016 0.996465 0.00542051 0.00336187 0.00523129 0.995223 0.00324712 0.00440367 0.00308624 0.00336183 0.00398569 0.99182 0.00408647 0.991821 0.995141 0.00412288 0.996985 0.00339462 0.00277848 0.00549108 0.993687 0.00304163 0.992599 0.00444291 0.00618372 0.00340926 0.00442597 0.987884 0.00369928 0.993582
0.00742137 0.991311 0.00477268 0.00449925 0.990679 0.00637274 0.00447472 0.993928 0.00622576 0.987786 0.00381206 0.992807 0.993034 0.994892 0.00586138 0.99041 0.00702848 0.993833 0.99371 0.9903 0.992977 0.995338 0.993427 0.989614 0.99365 0.993312 0.993819 0.00309585 0.99383 0.00472401 0.992631 0.992628 0.00384205 0.00432734 0.00600302 0.990821 0.990319 0.99184 0.98931 0.00449324 0.007022 0.993389 0.991028 0.00639922 0.99258 0.00441289 0.98517 0.994177 0.985528 0.00382539 0.00220426 0.00270662 0.995165 0.00304548 0.00392087 0.00487723 0.00416705 0.99486 0.00442377 0.00324014 0.993395 0.991856 0.993521 0.00308377 0.990621 0.00441009 0.00539046 0.995268 0.99497 0.99603 0.00466605 0.996454 0.00537992 0.00335269 0.00519888 0.995256 0.0032396 0.00438356 0.0030858 0.00335579 0.00397402 0.991903 0.00407279 0.991906 0.99517 0.00410894 0.996991 0.00338656 0.00278001 0.00545277 0.99375 0.003038 0.992646 0.00441967 0.00613717 0.00340212 0.00440639 0.988057 0.00368909 0.993621
0.00734172 0.991349 0.00474569 0.00446936 0.990752 0.00631004 0.00444641 0.993924 0.00617445 0.987886 0.00379451 0.992821 0.99307 0.994893 0.00581355 0.990468 0.00695403 0.993836 0.993734 0.990331 0.992994 0.995336 0.993435 0.98966 0.993661 0.993328 0.993818 0.00309004 0.993832 0.00469149 0.992654 0.992652 0.00382426 0.00430537 0.00595276 0.990894 0.99035 0.991898 0.989386 0.00446391 0.00694881 0.993424 0.99109 0.00633954 0.992581 0.0043885 0.985365 0.994189 0.985641 0.00381044 0.00220834 0.00270762 0.995192 0.00304058 0.00391015 0.00484854 0.00415243 0.994894 0.00440155 0.00323273 0.993424 0.991923 0.993549 0.00308346 0.990662 0.00439056 0.00535645 0.995287 0.994984 0.996051 0.00464215 0.996443 0.00533973 0.00334414 0.00516781 0.995289 0.00323188 0.00436443 0.00308603 0.00334916 0.00396196 0.991985 0.0040595 0.991987 0.995198 0.0040955 0.996997 0.00337897 0.00278121 0.00541611 0.993814 0.00303389 0.992695 0.00439703 0.00608942 0.00339468 0.00438567 0.988225 0.00367814 0.993658
0.00726399 0.991389 0.00471887 0.00444112 0.990825 0.00624849 0.00441832 0.993921 0.00612446 0.987982 0.00377731 0.992835 0.993105 0.994894 0.00576689 0.990527 0.00688101 0.993838 0.99376 0.99036 0.993013 0.995336 0.993442 0.989703 0.993674 0.993342 0.993815 0.00308465 0.993834 0.00465905 0.992678 0.992675 0.0038065 0.00428408 0.00590286 0.990966 0.99038 0.991955 0.989461 0.00443557 0.0068769 0.993459 0.991152 0.00627986 0.992582 0.00436506 0.985556 0.994203 0.985749 0.00379614 0.00221236 0.00270812 0.99522 0.00303592 0.00389914 0.0048202 0.004138 0.994928 0.00437949 0.00322509 0.993453 0.991988 0.993577 0.00308314 0.990703 0.00437084 0.00532378 0.995304 0.994998 0.996071 0.00461736 0.996431 0.005299 0.00333548 0.0051358 0.995322 0.00322469 0.00434537 0.0030853 0.00334247 0.00395089 0.992067 0.00404539 0.992068 0.995224 0.00408171 0.997004 0.00337103 0.00278281 0.00537886 0.993875 0.00302994 0.992742 0.00437521 0.00604243 0.00338803 0.00436616 0.988392 0.00366736 0.993697
0.00718646 0.991427 0.00469264 0.00441211 0.990897 0.0061879 0.00439121 0.993918 0.00607641 0.988079 0.00376008 0.992847 0.993139 0.994894 0.00572071 0.990587 0.00680977 0.993841 0.993785 0.990392 0.993031 0.995335 0.99345 0.989744 0.993685 0.993357 0.993813 0.00307971 0.993836 0.0046276 0.992701 0.992698 0.00378915 0.00426288 0.00585418 0.991038 0.990408 0.992011 0.989535 0.00440782 0.00680757 0.993493 0.991213 0.00622189 0.992582 0.00434135 0.98574 0.994216 0.985856 0.00378283 0.00221656 0.00270918 0.995247 0.00303092 0.00388928 0.00479284 0.00412314 0.99496 0.00435757 0.00321826 0.993482 0.992051 0.993604 0.00308342 0.990741 0.00435164 0.00529072 0.995321 0.995012 0.996092 0.00459415 0.99642 0.00525985 0.00332727 0.00510611 0.995355 0.00321721 0.00432668 0.0030848 0.00333657 0.00393983 0.992146 0.00403227 0.992147 0.995251 0.00406878 0.99701 0.00336342 0.00278435 0.00534246 0.993935 0.00302622 0.992789 0.00435302 0.00599726 0.00338122 0.00434696 0.988555 0.00365626 0.993734
0.00711147 0.991465 0.00466605 0.00438456 0.990967 0.00612775 0.00436394 0.993915 0.00602814 0.988173 0.00374284 0.99286 0.993173 0.994895 0.00567522 0.990643 0.00673974 0.993844 0.993809 0.990421 0.993048 0.995335 0.993458 0.989787 0.993695 0.993371 0.99381 0.00307389 0.993838 0.00459614 0.992723 0.992721 0.00377214 0.00424229 0.00580539 0.991109 0.990438 0.992068 0.989608 0.00438001 0.00673938 0.993526 0.991274 0.00616517 0.992582 0.00431852 0.985923 0.994229 0.98596 0.00376893 0.00222069 0.00271065 0.995273 0.00302599 0.00387926 0.00476649 0.0041093 0.994993 0.00433614 0.00321191 0.99351 0.992115 0.993631 0.00308296 0.99078 0.0043331 0.00525814 0.995339 0.995025 0.996111 0.00457039 0.996409 0.00522036 0.00331871 0.00507582 0.995387 0.00321 0.0043074 0.00308473 0.00333056 0.00392827 0.992223 0.00401906 0.992226 0.995278 0.00405633 0.997015 0.00335557 0.00278558 0.00530741 0.993994 0.00302232 0.992835 0.00433224 0.00595276 0.00337422 0.0043281 0.988713 0.00364557 0.993769
0.00703799 0.991503 0.00464087 0.00435679 0.991037 0.00606831 0.00433794 0.993911 0.00598104 0.988267 0.00372538 0.992872 0.993207 0.994895 0.00563169 0.990699 0.00667121 0.993845 0.993832 0.990451 0.993066 0.995335 0.993465 0.989829 0.993707 0.993384 0.993808 0.00306854 0.993841 0.00456568 0.992746 0.992745 0.00375552 0.00422216 0.00575916 0.991178 0.990466 0.992122 0.98968 0.00435151 0.00667123 0.993559 0.991334 0.00610987 0.992582 0.00429594 0.986101 0.994241 0.986062 0.00375512 0.00222459 0.00271244 0.995299 0.00302118 0.00386891 0.00474062 0.00409504 0.995025 0.00431574 0.00320543 0.993538 0.992178 0.993658 0.00308278 0.990818 0.00431445 0.00522612 0.995355 0.995038 0.99613 0.00454761 0.996398 0.00518216 0.00331076 0.00504678 0.995417 0.00320251 0.00428876 0.00308408 0.00332426 0.00391709 0.992298 0.00400621 0.992303 0.995305 0.00404371 0.997021 0.00334838 0.0027868 0.00527247 0.994053 0.00301842 0.992879 0.00431056 0.00590899 0.00336791 0.00431071 0.988866 0.00363505 0.993805
0.0069665 0.99154 0.00461539 0.00433022 0.991106 0.00601102 0.00431204 0.993908 0.00593501 0.988358 0.00370958 0.992885 0.993241 0.994896 0.00558831 0.990754 0.00660461 0.993849 0.993855 0.990479 0.993082 0.995335 0.993472 0.989871 0.993719 0.993397 0.993805 0.00306293 0.993844 0.00453564 0.992768 0.992768 0.00373852 0.00420155 0.00571249 0.991247 0.990495 0.992177 0.989752 0.00432483 0.006605 0.993592 0.991392 0.00605527 0.992583 0.00427322 0.986277 0.994254 0.986163 0.00374147 0.00222812 0.00271352 0.995325 0.00301596 0.00385811 0.00471472 0.0040812 0.995057 0.00429454 0.00319851 0.993566 0.992237 0.993684 0.00308273 0.990855 0.00429523 0.00519446 0.995372 0.99505 0.996149 0.00452489 0.996387 0.00514446 0.00330253 0.00501755 0.995448 0.0031953 0.00426978 0.00308383 0.00331886 0.00390668 0.992373 0.0039932 0.992379 0.99533 0.00403027 0.997027 0.00334154 0.00278848 0.00523868 0.99411 0.00301472 0.992923 0.00428959 0.00586645 0.0033609 0.00429199 0.989016 0.0036253 0.993841
0.00689629 0.991578 0.00459065 0.00430366 0.991172 0.0059549 0.00428611 0.993904 0.00589034 0.988447 0.00369372 0.992898 0.993274 0.994896 0.00554554 0.990808 0.00653908 0.993852 0.993878 0.990508 0.993098 0.995335 0.99348 0.989912 0.993731 0.99341 0.993804 0.00305728 0.993846 0.00450713 0.992791 0.992791 0.00372201 0.00418165 0.00566661 0.991315 0.990524 0.99223 0.989822 0.00429862 0.00653952 0.993624 0.991449 0.00600157 0.992584 0.00425131 0.986447 0.994267 0.986266 0.00372812 0.00223172 0.00271468 0.99535 0.00301165 0.00384832 0.00468892 0.00406724 0.995089 0.00427406 0.00319234 0.993595 0.992298 0.99371 0.00308225 0.990892 0.00427671 0.00516328 0.995388 0.995064 0.996168 0.00450286 0.996377 0.00510773 0.00329489 0.00498845 0.995478 0.00318837 0.00425154 0.00308339 0.00331328 0.00389619 0.992446 0.00398098 0.992455 0.995355 0.00401713 0.997032 0.00333459 0.00279028 0.00520401 0.994166 0.00301085 0.992965 0.00426883 0.00582459 0.00335441 0.00427348 0.989163 0.00361493 0.993875
0.00682704 0.991615 0.00456574 0.00427782 0.991237 0.00589951 0.00426135 0.993901 0.00584492 0.988534 0.00367755 0.992911 0.993307 0.994897 0.0055048 0.990864 0.00647357 0.993854 0.9939 0.990536 0.993114 0.995335 0.993488 0.989953 0.993743 0.993423 0.993803 0.00305209 0.993848 0.00447794 0.992813 0.992812 0.00370568 0.00416278 0.00562212 0.991382 0.990552 0.992281 0.989891 0.00427302 0.00647541 0.993657 0.991506 0.00594883 0.992585 0.00422986 0.986615 0.994279 0.986365 0.0037153 0.0022351 0.00271594 0.995375 0.00300698 0.00383788 0.00466418 0.00405373 0.99512 0.00425402 0.00318506 0.993621 0.992356 0.993735 0.00308211 0.990928 0.00425838 0.00513235 0.995404 0.995076 0.996186 0.00448136 0.996366 0.00507218 0.00328695 0.00495985 0.995508 0.00318152 0.0042343 0.00308318 0.00330808 0.00388593 0.992518 0.00396894 0.992526 0.995379 0.00400465 0.997037 0.00332813 0.00279177 0.0051713 0.994221 0.0030073 0.993008 0.00424836 0.00578392 0.00334784 0.00425586 0.989307 0.00360543 0.99391
0.00676 0.991651 0.004542 0.00425278 0.9913 0.00584579 0.00423583 0.993897 0.00579999 0.988621 0.00366154 0.992923 0.993339 0.994898 0.00546346 0.990916 0.00641029 0.993858 0.993923 0.990565 0.993131 0.995334 0.993496 0.989992 0.993754 0.993438 0.9938 0.00304707 0.993851 0.00444993 0.992836 0.992833 0.00369016 0.00414304 0.00557783 0.991447 0.990581 0.992332 0.989958 0.00424807 0.00641151 0.993688 0.991561 0.00589666 0.992587 0.00420802 0.986778 0.994292 0.98646 0.00370165 0.0022386 0.00271742 0.995398 0.00300253 0.00382852 0.0046395 0.0040409 0.99515 0.00423359 0.0031785 0.993648 0.992414 0.993762 0.00308169 0.990965 0.0042408 0.00510202 0.995419 0.995089 0.996205 0.00445987 0.996354 0.0050372 0.003279 0.00493278 0.995537 0.00317402 0.00421664 0.00308321 0.0033027 0.00387565 0.992588 0.00395675 0.992597 0.995404 0.00399223 0.997042 0.00332111 0.00279312 0.00513835 0.994276 0.00300399 0.99305 0.0042281 0.00574238 0.00334107 0.00423794 0.989449 0.00359573 0.993946
0.00669442 0.991687 0.00451812 0.00422735 0.991364 0.00579337 0.00421077 0.993894 0.00575572 0.988706 0.00364611 0.992934 0.99337 0.994897 0.00542213 0.990968 0.00634794 0.99386 0.993946 0.990593 0.993148 0.995334 0.993504 0.990032 0.993764 0.993451 0.993799 0.00304256 0.993854 0.00442127 0.992857 0.992855 0.00367445 0.00412332 0.00553397 0.99151 0.990609 0.992384 0.990025 0.00422328 0.00635062 0.993718 0.991618 0.00584577 0.992588 0.00418666 0.986938 0.994304 0.986555 0.00368809 0.00224242 0.00271828 0.995422 0.00299764 0.00381864 0.00461492 0.00402792 0.99518 0.00421408 0.00317276 0.993674 0.992471 0.993786 0.00308133 0.990999 0.0042239 0.00507188 0.995434 0.995101 0.996223 0.00443862 0.996344 0.00500258 0.00327117 0.00490461 0.995565 0.00316747 0.00419908 0.00308285 0.00329702 0.00386476 0.992656 0.00394475 0.992667 0.995428 0.00397999 0.997048 0.00331501 0.00279451 0.00510625 0.994329 0.0030002 0.993091 0.00420821 0.00570166 0.00333475 0.00422123 0.989587 0.00358517 0.99398
0.00662875 0.991723 0.0044951 0.00420198 0.991425 0.00574116 0.00418679 0.993891 0.00571351 0.988791 0.0036302 0.992947 0.993401 0.994898 0.00538265 0.991018 0.00628703 0.993863 0.993968 0.990621 0.993165 0.995333 0.993512 0.99007 0.993776 0.993465 0.993797 0.0030378 0.993856 0.00439303 0.992878 0.992877 0.00365894 0.00410375 0.0054909 0.991572 0.990635 0.992435 0.99009 0.00419797 0.0062896 0.993748 0.991673 0.00579504 0.992589 0.00416611 0.987095 0.994317 0.986649 0.0036745 0.0022464 0.00272003 0.995446 0.00299317 0.00380885 0.00459066 0.00401414 0.99521 0.00419406 0.00316607 0.993701 0.992526 0.993811 0.00308149 0.991035 0.00420651 0.00504293 0.995449 0.995112 0.996241 0.00441809 0.996333 0.00496724 0.00326344 0.0048775 0.995594 0.00316039 0.00418231 0.00308252 0.00329116 0.00385451 0.992724 0.00393336 0.992735 0.995453 0.00396821 0.997053 0.00330854 0.00279647 0.00507391 0.994381 0.00299686 0.993132 0.00418939 0.00566212 0.00332815 0.00420356 0.989724 0.00357571 0.994013
0.00656443 0.991759 0.00447234 0.00417741 0.991486 0.00569034 0.00416287 0.993888 0.00567235 0.988872 0.00361469 0.99296 0.993431 0.994898 0.00534337 0.99107 0.00622664 0.993864 0.99399 0.990648 0.993181 0.995333 0.993518 0.990109 0.993787 0.993477 0.993795 0.00303266 0.993859 0.00436605 0.992899 0.992897 0.0036435 0.00408529 0.00544828 0.991633 0.990663 0.992485 0.990155 0.00417394 0.00623033 0.993779 0.991727 0.00574581 0.992591 0.00414575 0.987248 0.994329 0.986743 0.00366096 0.00225044 0.00272136 0.99547 0.00298914 0.00379947 0.00456734 0.0040017 0.995239 0.00417524 0.00315905 0.993726 0.992581 0.993834 0.00308156 0.991069 0.0041901 0.00501392 0.995465 0.995125 0.996259 0.00439734 0.996322 0.00493244 0.00325577 0.00485013 0.995622 0.00315356 0.00416601 0.00308217 0.00328573 0.00384451 0.992793 0.00392161 0.992802 0.995476 0.00395702 0.997059 0.00330167 0.0027979 0.00504309 0.994433 0.00299418 0.993172 0.00416979 0.00562344 0.00332103 0.00418653 0.989855 0.0035663 0.994046
0.00650124 0.991793 0.00444961 0.00415324 0.991546 0.00563977 0.00413975 0.993885 0.0056308 0.988953 0.00359925 0.992971 0.993461 0.994898 0.0053054 0.991121 0.00616834 0.993866 0.994011 0.990676 0.993197 0.995333 0.993523 0.990145 0.993798 0.99349 0.993794 0.00302815 0.993862 0.00433907 0.992921 0.992918 0.00362889 0.00406675 0.00540741 0.991695 0.990691 0.992534 0.990219 0.00414957 0.00617245 0.993807 0.991779 0.00569608 0.992593 0.00412568 0.987396 0.994342 0.986831 0.00364834 0.00225432 0.0027224 0.995494 0.00298522 0.00379062 0.00454426 0.00398904 0.995267 0.00415658 0.00315273 0.993751 0.992634 0.993858 0.00308157 0.991102 0.00417299 0.00498507 0.995479 0.995138 0.996276 0.00437687 0.996312 0.00489829 0.00324836 0.00482326 0.99565 0.00314654 0.00414911 0.00308177 0.00328042 0.00383469 0.992857 0.00391037 0.992867 0.995499 0.00394526 0.997064 0.00329517 0.00279879 0.00501142 0.994483 0.00299102 0.993214 0.00415092 0.0055849 0.0033149 0.00416973 0.989984 0.00355802 0.994077
0.00643971 0.991827 0.00442763 0.00413 0.991605 0.00559039 0.00411672 0.993883 0.00559024 0.989031 0.00358514 0.992983 0.993491 0.994899 0.00526767 0.991171 0.00610984 0.99387 0.994032 0.990702 0.993213 0.995332 0.993529 0.990181 0.993808 0.993503 0.993793 0.00302316 0.993865 0.00431234 0.992941 0.992937 0.00361417 0.00404777 0.0053663 0.991753 0.990717 0.992581 0.990281 0.00412568 0.00611527 0.993836 0.991832 0.00564787 0.992593 0.00410602 0.987544 0.994354 0.986921 0.00363611 0.00225782 0.00272369 0.995517 0.00298104 0.00378151 0.00452067 0.00397624 0.995296 0.00413835 0.00314616 0.993775 0.992686 0.993881 0.00308141 0.991137 0.00415638 0.00495635 0.995494 0.99515 0.996293 0.00435706 0.996301 0.00486494 0.00324106 0.00479707 0.995677 0.00314028 0.00413201 0.00308219 0.00327488 0.00382502 0.992922 0.00389917 0.992932 0.995522 0.00393351 0.997069 0.00328868 0.00279993 0.00498143 0.994533 0.00298736 0.993253 0.00413226 0.0055471 0.00330875 0.00415322 0.99011 0.00354883 0.994109
0.00637903 0.991862 0.00440523 0.00410694 0.991662 0.00554203 0.00409302 0.99388 0.00555089 0.989111 0.00356995 0.992994 0.993521 0.994899 0.00523017 0.991219 0.00605245 0.993873 0.994052 0.990727 0.993228 0.995331 0.993536 0.990217 0.993819 0.993516 0.993791 0.00301824 0.993868 0.00428628 0.992962 0.992958 0.00359975 0.00403008 0.00532618 0.991813 0.990743 0.992628 0.990343 0.00410238 0.0060592 0.993865 0.991881 0.00560087 0.992595 0.00408685 0.987687 0.994365 0.987009 0.00362399 0.00226134 0.00272475 0.995539 0.00297677 0.00377256 0.00449807 0.00396378 0.995323 0.00412032 0.00313992 0.9938 0.992739 0.993904 0.00308125 0.99117 0.00413946 0.00492889 0.995509 0.995163 0.99631 0.0043373 0.99629 0.00483264 0.00323389 0.00477133 0.995703 0.00313363 0.00411499 0.00308211 0.00326963 0.00381503 0.992985 0.00388791 0.992995 0.995544 0.00392223 0.997074 0.00328248 0.00280068 0.00495181 0.994581 0.00298357 0.993292 0.00411371 0.00550981 0.0033023 0.00413715 0.990235 0.00354015 0.99414
0.00631998 0.991893 0.00438303 0.00408365 0.991718 0.00549402 0.00407079 0.993877 0.00551125 0.989187 0.00355543 0.993006 0.993551 0.9949 0.00519399 0.991269 0.00599608 0.993875 0.994074 0.990753 0.993243 0.995331 0.993543 0.990253 0.99383 0.993528 0.993788 0.0030137 0.99387 0.00426044 0.992981 0.992978 0.00358592 0.00401185 0.00528779 0.99187 0.990766 0.992674 0.990404 0.00407834 0.00600541 0.993893 0.991929 0.0055549 0.992595 0.0040674 0.987828 0.994377 0.987094 0.00361202 0.00226508 0.00272582 0.995561 0.00297303 0.00376402 0.00447557 0.00395142 0.995351 0.00410301 0.00313377 0.993824 0.992791 0.993927 0.00308046 0.991203 0.00412289 0.00490218 0.995523 0.995175 0.996327 0.00431748 0.99628 0.00480075 0.00322648 0.00474561 0.99573 0.00312747 0.00409868 0.0030821 0.00326374 0.00380532 0.993046 0.00387633 0.993057 0.995566 0.0039117 0.997079 0.0032755 0.00280245 0.00492202 0.994628 0.00298002 0.99333 0.0040962 0.00547322 0.00329581 0.0041208 0.990359 0.00353121 0.994171
0.00626217 0.991926 0.00436111 0.00406095 0.991773 0.00544627 0.00404957 0.993874 0.00547303 0.989262 0.00354051 0.993016 0.993581 0.9949 0.0051585 0.991318 0.0059409 0.993878 0.994093 0.990779 0.993258 0.995331 0.99355 0.990288 0.993841 0.99354 0.993786 0.00300919 0.993872 0.0042351 0.993001 0.992995 0.00357078 0.00399457 0.00525031 0.991928 0.990791 0.992719 0.990464 0.00405574 0.00595123 0.99392 0.991979 0.00551054 0.992595 0.00404846 0.987966 0.994389 0.987179 0.00360089 0.00226928 0.00272742 0.995583 0.00296951 0.00375445 0.00445414 0.00393887 0.995378 0.00408464 0.00312777 0.993849 0.992842 0.99395 0.00307972 0.991234 0.00410693 0.00487563 0.995538 0.995186 0.996343 0.00429809 0.996269 0.00476886 0.00321975 0.00472061 0.995755 0.00312065 0.00408313 0.00308189 0.00325852 0.00379587 0.993107 0.00386572 0.993118 0.995587 0.00390026 0.997083 0.00326901 0.00280391 0.00489297 0.994674 0.00297654 0.993369 0.00407926 0.00543658 0.00328994 0.00410446 0.990477 0.00352215 0.994201
0.00620496 0.991958 0.00434055 0.00403852 0.991827 0.00540045 0.00402755 0.99387 0.00543469 0.989337 0.00352669 0.993028 0.993609 0.994901 0.00512431 0.991364 0.00588737 0.99388 0.994114 0.990803 0.993273 0.99533 0.993556 0.990323 0.993851 0.993553 0.993784 0.00300459 0.993874 0.00421027 0.993021 0.993015 0.00355681 0.00397771 0.00521191 0.991983 0.990816 0.992764 0.990522 0.00403368 0.00589876 0.993948 0.992027 0.00546608 0.992597 0.00402908 0.988102 0.9944 0.987264 0.00358898 0.00227281 0.00272864 0.995605 0.00296521 0.00374624 0.00443295 0.00392714 0.995405 0.00406771 0.00312186 0.993873 0.992892 0.993971 0.00307897 0.991268 0.00409136 0.00484935 0.995552 0.995197 0.99636 0.00427877 0.996259 0.00473828 0.00321248 0.00469649 0.995781 0.00311493 0.00406702 0.00308184 0.00325338 0.00378676 0.993167 0.00385537 0.993177 0.995609 0.00388953 0.997088 0.00326252 0.00280514 0.00486505 0.994721 0.00297333 0.993406 0.00406206 0.00540083 0.00328412 0.00408856 0.990593 0.00351305 0.994231
0.00614885 0.991989 0.00431939 0.00401569 0.991881 0.00535491 0.00400553 0.993868 0.00539696 0.98941 0.00351328 0.993039 0.993637 0.9949 0.00509 0.99141 0.00583476 0.993882 0.994133 0.990828 0.993289 0.99533 0.993564 0.990358 0.99386 0.993565 0.993782 0.00299967 0.993877 0.00418609 0.99304 0.993035 0.00354309 0.0039607 0.00517521 0.992039 0.990839 0.992807 0.990581 0.00401154 0.00584726 0.993975 0.992075 0.00542188 0.992598 0.00401047 0.988233 0.994411 0.987346 0.003577 0.00227626 0.00272986 0.995626 0.00296095 0.00373772 0.00441239 0.00391583 0.99543 0.00405071 0.00311596 0.993896 0.99294 0.993993 0.00307867 0.991298 0.00407542 0.00482286 0.995566 0.995209 0.996375 0.00425941 0.996249 0.00470808 0.0032057 0.0046721 0.995806 0.00310822 0.00405134 0.0030813 0.00324763 0.0037771 0.993225 0.00384474 0.993237 0.995629 0.00387919 0.997093 0.00325648 0.00280678 0.00483643 0.994765 0.00296927 0.993442 0.00404447 0.00536534 0.00327853 0.00407379 0.990708 0.00350474 0.99426
0.00609355 0.992022 0.00429822 0.00399418 0.991936 0.00531002 0.0039841 0.993864 0.00536068 0.989481 0.00349933 0.993051 0.993665 0.9949 0.00505612 0.991455 0.00578207 0.993885 0.994153 0.990854 0.993304 0.995329 0.99357 0.990393 0.993871 0.993576 0.99378 0.00299502 0.993878 0.00416157 0.993059 0.993055 0.00352946 0.00394422 0.00513908 0.992093 0.990864 0.992851 0.990638 0.00398964 0.00579655 0.994002 0.992121 0.00537924 0.992598 0.00399235 0.988362 0.994422 0.987425 0.00356484 0.00227986 0.00273088 0.995647 0.00295724 0.00372961 0.00439072 0.00390446 0.995456 0.00403408 0.00310986 0.993919 0.992989 0.994015 0.0030788 0.99133 0.00406011 0.004797 0.995579 0.99522 0.996391 0.0042407 0.996239 0.00467736 0.00319835 0.00464914 0.99583 0.0031015 0.00403692 0.00308109 0.00324206 0.0037672 0.993282 0.00383365 0.993293 0.995649 0.00386832 0.997097 0.00325013 0.00280834 0.00480905 0.994809 0.00296655 0.993479 0.00402743 0.00533136 0.00327256 0.00405882 0.99082 0.00349644 0.994289
0.00603967 0.992053 0.00427779 0.00397307 0.991989 0.00526682 0.00396347 0.993862 0.00532491 0.98955 0.00348556 0.993061 0.993693 0.9949 0.00502183 0.991499 0.00573026 0.993888 0.994173 0.990877 0.993317 0.995328 0.993577 0.990428 0.99388 0.993587 0.99378 0.00298992 0.993881 0.00413724 0.993077 0.993074 0.00351616 0.00392804 0.00510251 0.992145 0.990888 0.992893 0.990694 0.0039688 0.00574647 0.994029 0.992168 0.00533585 0.9926 0.00397424 0.988489 0.994433 0.987507 0.00355425 0.00228371 0.00273195 0.995667 0.00295361 0.0037206 0.00436896 0.00389264 0.995482 0.00401688 0.00310405 0.993942 0.993036 0.994036 0.00307894 0.991362 0.00404502 0.00477109 0.995592 0.995231 0.996407 0.00422219 0.996229 0.0046477 0.00319114 0.0046257 0.995855 0.00309511 0.00402155 0.00308097 0.00323669 0.00375795 0.993338 0.00382347 0.99335 0.99567 0.00385753 0.997103 0.00324386 0.00280872 0.00478152 0.994853 0.00296285 0.993515 0.00401076 0.00529704 0.00326674 0.00404385 0.99093 0.00348766 0.994317
0.00598679 0.992082 0.00425771 0.00395247 0.99204 0.00522367 0.00394293 0.993861 0.00528905 0.98962 0.0034725 0.993073 0.993722 0.9949 0.00498939 0.991542 0.00568095 0.99389 0.994192 0.990901 0.993332 0.995328 0.993584 0.990462 0.99389 0.993599 0.993779 0.00298523 0.993882 0.00411435 0.993096 0.993092 0.00350307 0.00391231 0.00506683 0.992197 0.990912 0.992935 0.99075 0.0039472 0.00569685 0.994055 0.992212 0.00529468 0.9926 0.00395676 0.988614 0.994445 0.987586 0.00354334 0.00228705 0.00273283 0.995688 0.00294951 0.00371284 0.00434787 0.00388135 0.995507 0.00399967 0.00309847 0.993965 0.993082 0.994058 0.00307848 0.991394 0.0040303 0.00474525 0.995606 0.995242 0.996422 0.00420372 0.99622 0.00461851 0.00318399 0.00460214 0.995878 0.00308948 0.00400709 0.00308103 0.00323168 0.00374923 0.993394 0.0038128 0.993405 0.995691 0.00384679 0.997108 0.0032375 0.00281024 0.00475479 0.994896 0.00295948 0.993549 0.00399387 0.00526306 0.00326131 0.00402931 0.991038 0.00347907 0.994344
0.00593414 0.992112 0.00423803 0.00393248 0.992092 0.00518098 0.00392241 0.993858 0.0052541 0.989689 0.00345945 0.993084 0.993749 0.994901 0.00495643 0.991586 0.00563336 0.993891 0.994211 0.990923 0.993345 0.995328 0.993591 0.990495 0.9939 0.993611 0.993778 0.00298069 0.993885 0.0040906 0.993115 0.993109 0.00348992 0.00389632 0.00503184 0.992249 0.990936 0.992977 0.990806 0.00392639 0.00564847 0.994081 0.992257 0.00525348 0.992601 0.00393943 0.988738 0.994455 0.987664 0.00353208 0.00229 0.00273381 0.995708 0.00294578 0.00370474 0.00432781 0.00387027 0.995532 0.00398318 0.00309231 0.993985 0.993127 0.994079 0.00307839 0.991423 0.00401521 0.00472086 0.995618 0.995253 0.996437 0.00418624 0.996209 0.00458982 0.00317787 0.00457887 0.995901 0.00308428 0.00399228 0.0030804 0.00322626 0.00373956 0.993448 0.00380342 0.993462 0.995711 0.00383639 0.997113 0.00323249 0.00281169 0.00472777 0.994938 0.0029566 0.993584 0.00397737 0.00523064 0.00325533 0.00401372 0.991143 0.00347102 0.994371
0.00588215 0.992143 0.00421918 0.00391261 0.992141 0.00513901 0.00390236 0.993856 0.005219 0.989755 0.00344673 0.993094 0.993776 0.994901 0.00492432 0.991628 0.00558526 0.993892 0.99423 0.990946 0.993359 0.995328 0.993596 0.990528 0.993908 0.993622 0.993776 0.00297653 0.993887 0.00406767 0.993133 0.993127 0.00347706 0.00388062 0.00499724 0.992299 0.990959 0.993018 0.99086 0.0039063 0.00560057 0.994106 0.992301 0.00521288 0.992603 0.00392204 0.98886 0.994464 0.98774 0.00352104 0.00229318 0.00273509 0.995728 0.0029423 0.00369678 0.00430759 0.00385878 0.995556 0.00396697 0.00308672 0.994008 0.993172 0.994099 0.00307821 0.991453 0.00400052 0.00469713 0.995631 0.995264 0.996452 0.00416791 0.996199 0.00456183 0.00317081 0.00455565 0.995924 0.00307867 0.00397773 0.00308053 0.00322119 0.00373071 0.993501 0.00379401 0.993516 0.99573 0.00382608 0.997117 0.00322646 0.00281275 0.0047015 0.99498 0.00295397 0.993617 0.00396094 0.00519895 0.00324977 0.00399919 0.991245 0.00346243 0.994398
0.00583122 0.992172 0.00420025 0.00389287 0.992191 0.00509825 0.00388394 0.993854 0.00518455 0.989823 0.00343405 0.993105 0.993802 0.994901 0.00489185 0.991671 0.00553727 0.993894 0.994249 0.99097 0.993373 0.995327 0.993603 0.990561 0.993916 0.993633 0.993774 0.00297262 0.99389 0.0040454 0.993153 0.993144 0.00346384 0.00386489 0.00496336 0.992349 0.990981 0.993058 0.990913 0.00388649 0.00555386 0.994131 0.992345 0.005173 0.992603 0.00390461 0.988978 0.994475 0.987817 0.00351001 0.00229664 0.00273598 0.995747 0.00293889 0.00368894 0.00428824 0.00384742 0.995579 0.00395011 0.00308087 0.99403 0.993217 0.99412 0.00307769 0.991482 0.00398645 0.00467228 0.995644 0.995275 0.996466 0.00415116 0.996191 0.00453383 0.00316445 0.00453358 0.995947 0.00307303 0.00396312 0.00308029 0.00321577 0.00372167 0.993554 0.00378429 0.993569 0.995749 0.00381575 0.997121 0.00321982 0.00281393 0.00467538 0.99502 0.00295131 0.99365 0.00394511 0.0051672 0.00324433 0.00398463 0.991345 0.00345438 0.994425
0.0057819 0.9922 0.00418134 0.00387303 0.99224 0.00505844 0.00386387 0.993851 0.0051505 0.98989 0.00342105 0.993115 0.993827 0.994901 0.00486033 0.991713 0.00549129 0.993896 0.994266 0.990992 0.993385 0.995326 0.993609 0.990593 0.993926 0.993645 0.993773 0.00296803 0.993892 0.00402384 0.993171 0.993162 0.00345126 0.00384951 0.00493045 0.992399 0.991005 0.993097 0.990965 0.00386694 0.00550783 0.994155 0.992388 0.00513427 0.992603 0.00388744 0.989093 0.994486 0.987893 0.00349861 0.00230015 0.00273638 0.995767 0.00293553 0.00368104 0.00426932 0.00383679 0.995601 0.00393418 0.00307522 0.994052 0.993261 0.99414 0.00307804 0.99151 0.00397233 0.00464917 0.995657 0.995285 0.996481 0.0041339 0.996181 0.00450683 0.00315824 0.00451194 0.995969 0.00306717 0.00394891 0.00307992 0.00321079 0.00371235 0.993606 0.0037752 0.993621 0.995768 0.0038059 0.997125 0.00321428 0.0028148 0.00464978 0.99506 0.00294895 0.993683 0.00392917 0.0051352 0.00323893 0.00397114 0.991444 0.00344657 0.994452
0.00573367 0.992228 0.00416231 0.00385364 0.992289 0.00501799 0.00384384 0.993848 0.00511751 0.989953 0.00340802 0.993124 0.993852 0.994901 0.00482944 0.991753 0.0054462 0.993899 0.994284 0.991016 0.9934 0.995326 0.993615 0.990624 0.993935 0.993656 0.993771 0.00296404 0.993895 0.00400243 0.993188 0.993179 0.00343844 0.00383463 0.00489734 0.992448 0.991029 0.993138 0.991018 0.00384822 0.00546187 0.99418 0.99243 0.0050967 0.992605 0.00387058 0.989208 0.994496 0.987966 0.00348807 0.00230353 0.00273721 0.995785 0.00293172 0.00367325 0.0042499 0.00382583 0.995624 0.00391849 0.00306998 0.994073 0.993304 0.99416 0.00307765 0.991539 0.00395859 0.00462601 0.995669 0.995295 0.996495 0.00411695 0.996171 0.00447972 0.00315203 0.00449032 0.995991 0.00306189 0.00393471 0.00307956 0.00320609 0.00370366 0.993658 0.00376552 0.993672 0.995787 0.00379659 0.99713 0.00320842 0.00281576 0.0046252 0.995099 0.00294663 0.993714 0.00391421 0.00510399 0.00323287 0.00395715 0.991539 0.00343872 0.994477
0.00568703 0.992255 0.00414421 0.00383412 0.992336 0.00497849 0.00382471 0.993846 0.00508486 0.990015 0.00339564 0.993134 0.993878 0.9949 0.00479914 0.991795 0.00540214 0.993902 0.994301 0.991038 0.993413 0.995326 0.99362 0.990655 0.993944 0.993666 0.993769 0.00295978 0.993896 0.00398117 0.993204 0.993196 0.00342592 0.00381912 0.00486486 0.992495 0.99105 0.993176 0.991068 0.00382857 0.00541815 0.994203 0.992473 0.00505879 0.992606 0.00385458 0.98932 0.994506 0.988037 0.00347721 0.00230693 0.00273807 0.995804 0.00292852 0.00366516 0.00423118 0.00381495 0.995647 0.00390311 0.00306463 0.994093 0.993346 0.99418 0.00307724 0.99157 0.00394379 0.00460278 0.995682 0.995306 0.996509 0.00410016 0.996162 0.00445341 0.00314566 0.00446854 0.996013 0.00305638 0.00392099 0.00307956 0.00320128 0.00369518 0.993709 0.00375663 0.993722 0.995806 0.00378602 0.997134 0.00320292 0.00281682 0.00460172 0.995138 0.00294393 0.993746 0.00389901 0.00507369 0.00322727 0.00394344 0.991635 0.0034311 0.994502
0.00564085 0.992283 0.0041265 0.00381475 0.992382 0.00494071 0.00380638 0.993844 0.00505305 0.990079 0.00338345 0.993145 0.993903 0.9949 0.00476994 0.991833 0.00535796 0.993905 0.994319 0.991059 0.993427 0.995326 0.993626 0.990685 0.993954 0.993677 0.993768 0.00295531 0.993898 0.0039603 0.99322 0.993213 0.0034138 0.00380467 0.00483194 0.992543 0.991071 0.993214 0.991117 0.00380958 0.00537402 0.994227 0.992515 0.00502188 0.992606 0.00383808 0.989427 0.994516 0.988107 0.00346622 0.00230993 0.00273937 0.995822 0.00292458 0.00365807 0.00421331 0.00380525 0.995669 0.0038878 0.00305971 0.994114 0.993388 0.994199 0.00307693 0.991597 0.00393001 0.00458071 0.995694 0.995315 0.996523 0.00408312 0.996151 0.00442788 0.00313979 0.00444795 0.996035 0.00305113 0.00390684 0.00307885 0.00319634 0.00368657 0.993758 0.0037471 0.993772 0.995824 0.00377621 0.997139 0.00319728 0.00281784 0.00457675 0.995176 0.00294126 0.993778 0.00388346 0.00504289 0.00322163 0.00393021 0.991727 0.00342262 0.994528
0.0055948 0.992309 0.00410832 0.00379623 0.992427 0.00490355 0.00378837 0.993841 0.00502188 0.99014 0.00337123 0.993153 0.993926 0.9949 0.0047398 0.991872 0.00531482 0.993907 0.994337 0.991082 0.993439 0.995325 0.993632 0.990716 0.993962 0.993688 0.993766 0.0029511 0.9939 0.00393936 0.993237 0.993231 0.00340152 0.00379086 0.00480124 0.992589 0.991093 0.993252 0.991165 0.00379073 0.00533034 0.994249 0.992556 0.00498619 0.992607 0.00382223 0.989535 0.994525 0.988177 0.0034557 0.00231296 0.00274029 0.99584 0.00292104 0.00365067 0.0041952 0.00379523 0.995692 0.00387259 0.00305415 0.994134 0.993429 0.994218 0.00307704 0.991624 0.00391606 0.00455881 0.995705 0.995324 0.996537 0.00406724 0.996142 0.00440217 0.00313376 0.00442808 0.996056 0.00304581 0.0038934 0.00307874 0.00319106 0.00367855 0.993806 0.00373752 0.99382 0.995842 0.0037667 0.997143 0.00319183 0.0028189 0.00455238 0.995214 0.00293864 0.993808 0.00386825 0.00501405 0.00321613 0.00391659 0.991817 0.00341502 0.994553
0.00554957 0.992336 0.00409045 0.00377747 0.992473 0.00486702 0.00376968 0.993839 0.00499036 0.990201 0.00335997 0.993163 0.99395 0.9949 0.00471092 0.991909 0.0052721 0.993909 0.994354 0.991104 0.993453 0.995324 0.993637 0.990746 0.993971 0.993699 0.993765 0.00294702 0.993903 0.00391873 0.993254 0.993246 0.00338935 0.00377629 0.00477117 0.992634 0.991115 0.993289 0.991212 0.0037726 0.00528778 0.994272 0.992597 0.00495037 0.992608 0.00380621 0.989641 0.994535 0.988247 0.00344576 0.00231627 0.00274166 0.995858 0.0029183 0.003643 0.00417649 0.00378507 0.995714 0.00385721 0.00304933 0.994154 0.99347 0.994237 0.00307682 0.991651 0.00390331 0.00453652 0.995718 0.995334 0.99655 0.00405227 0.996132 0.00437711 0.00312834 0.00440794 0.996077 0.00304073 0.00387998 0.00307827 0.00318665 0.00367063 0.993853 0.00372797 0.993867 0.995859 0.00375712 0.997148 0.00318651 0.00281983 0.00452848 0.99525 0.00293603 0.993839 0.00385381 0.00498413 0.00321066 0.00390332 0.991906 0.00340749 0.994578
0.00550498 0.992363 0.00407349 0.00375937 0.992516 0.00482988 0.00375197 0.993837 0.00495998 0.99026 0.00334742 0.993172 0.993973 0.9949 0.00468298 0.991947 0.00522953 0.993911 0.994372 0.991124 0.993466 0.995324 0.993642 0.990776 0.993981 0.99371 0.993764 0.00294297 0.993905 0.00389916 0.993272 0.993263 0.00337858 0.00376218 0.00474147 0.992679 0.991136 0.993326 0.991261 0.00375444 0.00524625 0.994295 0.992637 0.00491508 0.992609 0.00379066 0.989743 0.994545 0.988314 0.00343637 0.0023193 0.00274241 0.995876 0.002915 0.00363615 0.00415874 0.00377519 0.995735 0.00384236 0.00304469 0.994174 0.99351 0.994256 0.00307693 0.991678 0.00389019 0.00451516 0.995729 0.995344 0.996563 0.00403727 0.996123 0.00435182 0.00312233 0.00438762 0.996098 0.00303535 0.00386751 0.00307906 0.00318182 0.00366239 0.9939 0.00371853 0.993914 0.995877 0.00374823 0.997152 0.00318126 0.00282097 0.00450527 0.995286 0.0029338 0.993869 0.00383937 0.00495502 0.00320537 0.00389038 0.991994 0.00340026 0.994603
0.00546209 0.99239 0.0040559 0.00374135 0.992561 0.00479457 0.00373464 0.993834 0.00493031 0.990318 0.0033359 0.993182 0.993996 0.994901 0.00465542 0.991983 0.00518954 0.993914 0.994388 0.991145 0.99348 0.995323 0.993648 0.990806 0.993989 0.99372 0.993762 0.00293925 0.993906 0.003879 0.993287 0.99328 0.00336662 0.00374823 0.0047121 0.992723 0.991158 0.993361 0.991309 0.00373701 0.00520546 0.994317 0.992676 0.0048807 0.992608 0.00377504 0.989842 0.994554 0.98838 0.00342672 0.00232223 0.00274302 0.995893 0.00291174 0.00362921 0.00414119 0.00376541 0.995756 0.00382791 0.00304017 0.994193 0.99355 0.994274 0.00307632 0.991704 0.00387761 0.00449261 0.995741 0.995353 0.996576 0.00402228 0.996114 0.00432807 0.0031162 0.00436745 0.996118 0.00303024 0.00385468 0.00307822 0.00317751 0.00365419 0.993945 0.00370994 0.993959 0.995894 0.00373943 0.997156 0.00317557 0.00282205 0.00448274 0.995322 0.00293137 0.9939 0.00382531 0.00492676 0.0032002 0.00387744 0.992079 0.00339276 0.994626
0.00541945 0.992417 0.00403905 0.00372353 0.992605 0.00476017 0.00371703 0.993832 0.00490098 0.990375 0.00332529 0.99319 0.994017 0.994902 0.00462804 0.992021 0.00514945 0.993917 0.994405 0.991167 0.993491 0.995323 0.993653 0.990834 0.993998 0.993731 0.99376 0.00293536 0.993907 0.00385976 0.993304 0.993297 0.00335551 0.00373423 0.00468255 0.992767 0.99118 0.993397 0.991355 0.00371971 0.00516539 0.99434 0.992714 0.00484634 0.992609 0.00375957 0.989941 0.994564 0.988449 0.00341688 0.002325 0.0027443 0.99591 0.00290828 0.00362185 0.00412308 0.00375481 0.995776 0.0038132 0.00303552 0.994212 0.99359 0.994292 0.00307564 0.991731 0.00386578 0.00447159 0.995752 0.995363 0.996588 0.00400712 0.996105 0.00430436 0.00311036 0.00434723 0.996137 0.00302572 0.00384187 0.00307778 0.00317387 0.00364604 0.99399 0.00370147 0.994005 0.995912 0.00372999 0.99716 0.00317004 0.00282281 0.00445979 0.995356 0.0029285 0.993929 0.00381116 0.00489875 0.00319525 0.00386475 0.992162 0.00338481 0.99465
0.0053768 0.992442 0.00402264 0.0037052 0.992649 0.00472613 0.00370012 0.99383 0.00487152 0.990432 0.00331375 0.993202 0.994039 0.994902 0.00460076 0.992058 0.00510975 0.993918 0.994421 0.991189 0.993502 0.995322 0.993659 0.990862 0.994005 0.993741 0.993759 0.00293172 0.99391 0.00384062 0.99332 0.993314 0.00334446 0.00372099 0.00465443 0.99281 0.9912 0.993432 0.991401 0.00370242 0.00512598 0.994362 0.992752 0.00481268 0.992611 0.00374501 0.99004 0.994573 0.988513 0.00340682 0.0023283 0.00274496 0.995927 0.00290522 0.0036148 0.00410569 0.00374513 0.995797 0.00379881 0.00303052 0.994231 0.993628 0.994308 0.00307499 0.991757 0.00385318 0.00445078 0.995765 0.995373 0.996601 0.00399187 0.996095 0.00428056 0.00310501 0.00432818 0.996157 0.00302052 0.00382966 0.00307748 0.00316999 0.00363816 0.994035 0.00369276 0.994051 0.995928 0.00372097 0.997164 0.00316481 0.00282384 0.00443647 0.99539 0.00292581 0.993958 0.00379731 0.004872 0.00319037 0.00385305 0.992245 0.00337745 0.994673
0.00533513 0.992467 0.00400577 0.0036875 0.992691 0.00469199 0.00368269 0.993828 0.00484324 0.990489 0.00330281 0.993211 0.994062 0.994902 0.00457324 0.992093 0.00507147 0.993919 0.994437 0.99121 0.993515 0.995321 0.993665 0.99089 0.994013 0.993751 0.993758 0.00292812 0.993912 0.00382157 0.993335 0.99333 0.00333341 0.00370763 0.00462547 0.992852 0.99122 0.993467 0.991446 0.00368527 0.00508772 0.994385 0.992789 0.0047791 0.992612 0.00373085 0.990134 0.994582 0.988577 0.00339685 0.00233176 0.00274618 0.995943 0.00290177 0.00360774 0.00408871 0.00373571 0.995818 0.00378478 0.00302586 0.99425 0.993665 0.994325 0.00307493 0.991783 0.00383996 0.00443092 0.995776 0.995382 0.996614 0.00397641 0.996086 0.00425657 0.00309917 0.00430876 0.996176 0.00301625 0.00381745 0.00307661 0.00316521 0.00363012 0.994078 0.00368436 0.994094 0.995946 0.00371205 0.997168 0.00315978 0.00282525 0.00441526 0.995423 0.00292319 0.993987 0.00378346 0.00484464 0.00318495 0.0038403 0.992326 0.00336976 0.994696
0.00529378 0.992493 0.0039905 0.00367024 0.992733 0.00465821 0.00366639 0.993826 0.00481474 0.990542 0.00329178 0.99322 0.994084 0.994902 0.0045466 0.992129 0.00503352 0.993921 0.994453 0.991231 0.993527 0.99532 0.993669 0.990918 0.994022 0.99376 0.993757 0.00292449 0.993913 0.00380306 0.99335 0.993345 0.00332295 0.0036941 0.00459726 0.992894 0.99124 0.993501 0.99149 0.0036681 0.00504926 0.994407 0.992825 0.0047466 0.992612 0.00371689 0.990226 0.994592 0.988641 0.00338753 0.00233497 0.00274716 0.99596 0.002898 0.00360088 0.00407156 0.00372578 0.995837 0.00377164 0.00302118 0.994269 0.993702 0.994342 0.00307508 0.991808 0.00382897 0.00441041 0.995787 0.995392 0.996626 0.00396169 0.996077 0.00423317 0.00309368 0.00428989 0.996195 0.00301143 0.00380516 0.00307698 0.00316122 0.00362277 0.99412 0.0036757 0.994136 0.995962 0.00370356 0.997172 0.00315442 0.00282626 0.00439386 0.995455 0.00292084 0.994014 0.00376955 0.00481845 0.00318096 0.00382855 0.992405 0.00336309 0.994719
0.0052534 0.992518 0.00397457 0.00365325 0.992773 0.00462619 0.00364968 0.993824 0.00478657 0.990597 0.0032803 0.993228 0.994106 0.994903 0.0045211 0.992163 0.00499647 0.993923 0.994469 0.99125 0.993538 0.995319 0.993675 0.990946 0.994031 0.99377 0.993756 0.00292074 0.993915 0.00378432 0.993365 0.993361 0.0033126 0.00368126 0.00456898 0.992936 0.991258 0.993535 0.991535 0.00365206 0.0050121 0.994428 0.992861 0.00471508 0.992611 0.00370196 0.990318 0.994601 0.988704 0.00337816 0.0023381 0.00274826 0.995977 0.00289432 0.00359401 0.00405453 0.00371613 0.995857 0.00375827 0.00301645 0.994287 0.99374 0.99436 0.00307448 0.991834 0.00381651 0.00439038 0.995798 0.9954 0.996639 0.00394699 0.996068 0.00421025 0.00308847 0.00427155 0.996213 0.00300609 0.00379288 0.00307648 0.0031569 0.00361494 0.994162 0.00366701 0.994178 0.995979 0.00369517 0.997176 0.00314956 0.00282779 0.00437205 0.995488 0.00291818 0.994042 0.00375615 0.00479156 0.00317674 0.00381636 0.992482 0.00335627 0.994741
0.0052134 0.992541 0.00395855 0.00363635 0.992812 0.00459248 0.00363388 0.993822 0.00475947 0.990651 0.00326995 0.993238 0.994126 0.994904 0.00449479 0.992196 0.00495882 0.993925 0.994485 0.991272 0.99355 0.995319 0.993682 0.990974 0.994039 0.99378 0.993754 0.00291717 0.993916 0.00376562 0.993381 0.993377 0.00330157 0.00366859 0.00454215 0.992977 0.991277 0.993569 0.991579 0.00363542 0.00497542 0.994449 0.992898 0.00468451 0.992612 0.00368757 0.990408 0.99461 0.988764 0.00336959 0.00234119 0.00274905 0.995994 0.00289059 0.00358728 0.0040377 0.00370613 0.995876 0.00374413 0.00301198 0.994306 0.993776 0.994377 0.00307383 0.991859 0.00380451 0.0043701 0.995809 0.995409 0.996651 0.00393238 0.996058 0.00418792 0.00308309 0.00425316 0.996232 0.00300107 0.00378082 0.00307575 0.00315279 0.0036073 0.994204 0.00365877 0.99422 0.995995 0.00368668 0.99718 0.00314441 0.00282891 0.00435083 0.99552 0.0029159 0.994071 0.00374263 0.00476569 0.00317229 0.00380449 0.992558 0.00334906 0.994763
0.00517405 0.992565 0.00394346 0.00361982 0.99285 0.00456026 0.0036185 0.993819 0.00473227 0.990704 0.00325998 0.993246 0.994148 0.994904 0.00446966 0.992232 0.00492263 0.993926 0.994501 0.99129 0.993561 0.99532 0.993686 0.991 0.994046 0.99379 0.993753 0.00291352 0.993918 0.00374743 0.993396 0.993392 0.00329168 0.00365579 0.00451493 0.993018 0.991295 0.993602 0.991621 0.00361852 0.00493915 0.994469 0.992933 0.00465419 0.992612 0.00367368 0.990497 0.994619 0.988825 0.00335994 0.00234384 0.00274985 0.99601 0.00288724 0.00358087 0.00402094 0.00369731 0.995896 0.00373093 0.00300786 0.994324 0.993811 0.994393 0.00307323 0.991884 0.00379185 0.0043501 0.99582 0.995418 0.996663 0.0039179 0.99605 0.00416582 0.00307757 0.00423553 0.996251 0.00299669 0.00376914 0.00307545 0.00314843 0.00360017 0.994245 0.00364987 0.994262 0.996011 0.00367848 0.997184 0.00313938 0.00282989 0.00432958 0.995551 0.00291324 0.994097 0.00373011 0.00473912 0.00316719 0.00379271 0.992633 0.00334237 0.994785
0.00513661 0.99259 0.00392706 0.00360362 0.992889 0.00452863 0.00360286 0.993817 0.00470548 0.990757 0.00324964 0.993255 0.994169 0.994904 0.00444547 0.992266 0.00488681 0.993928 0.994516 0.99131 0.993572 0.99532 0.993692 0.991028 0.994053 0.993799 0.99375 0.00291021 0.99392 0.00372975 0.993411 0.993408 0.00328158 0.00364337 0.00448941 0.993056 0.991314 0.993634 0.991662 0.00360262 0.00490409 0.994489 0.992966 0.00462421 0.992612 0.00365985 0.990585 0.994628 0.988884 0.0033507 0.00234652 0.00275121 0.996025 0.00288376 0.00357439 0.00400513 0.00368856 0.995914 0.00371719 0.0030032 0.994343 0.993845 0.99441 0.00307309 0.991909 0.00378043 0.00433141 0.995831 0.995426 0.996674 0.00390434 0.996041 0.00414447 0.00307204 0.00421821 0.996269 0.00299226 0.00375746 0.00307531 0.00314408 0.00359197 0.994285 0.00364126 0.994303 0.996027 0.00367018 0.997187 0.00313451 0.00283073 0.00430918 0.995582 0.00291037 0.994124 0.00371734 0.00471417 0.00316207 0.00378044 0.992706 0.00333584 0.994807
0.00509881 0.992614 0.00391119 0.00358758 0.992926 0.00449793 0.00358763 0.993815 0.00467934 0.99081 0.00323922 0.993264 0.994189 0.994905 0.00442126 0.992299 0.00485168 0.993929 0.994531 0.991329 0.993583 0.99532 0.993697 0.991054 0.994061 0.993808 0.993749 0.0029069 0.993922 0.00371277 0.993425 0.993422 0.00327149 0.00363039 0.00446417 0.993095 0.991333 0.993665 0.991704 0.00358699 0.0048686 0.994508 0.993 0.00459442 0.992613 0.00364623 0.990672 0.994637 0.988943 0.00334212 0.00234945 0.0027521 0.99604 0.00288032 0.00356681 0.00398922 0.00368018 0.995932 0.00370425 0.00299849 0.99436 0.99388 0.994426 0.0030732 0.991933 0.00376899 0.00431255 0.995842 0.995434 0.996686 0.00389086 0.996032 0.00412256 0.00306618 0.00420062 0.996288 0.00298836 0.00374607 0.00307474 0.00313993 0.00358477 0.994325 0.00363327 0.994342 0.996042 0.00366198 0.997191 0.00312972 0.00283157 0.00428881 0.995612 0.00290834 0.99415 0.00370417 0.00468928 0.0031579 0.00376913 0.992777 0.0033292 0.994828
0.00506217 0.992637 0.00389574 0.00357198 0.992964 0.00446694 0.00357179 0.993812 0.00465362 0.99086 0.0032288 0.993274 0.994209 0.994906 0.00439711 0.99233 0.00481668 0.993931 0.994546 0.991348 0.993596 0.99532 0.993702 0.99108 0.994068 0.993817 0.993747 0.00290319 0.993922 0.0036948 0.993439 0.993437 0.00326115 0.00361817 0.00443765 0.993132 0.991354 0.993695 0.991746 0.0035709 0.00483479 0.994527 0.993033 0.0045646 0.992613 0.00363258 0.990755 0.994646 0.989001 0.00333265 0.00235231 0.00275293 0.996055 0.00287784 0.00356023 0.00397458 0.00367132 0.99595 0.00369137 0.00299402 0.994377 0.993915 0.994443 0.00307273 0.991956 0.003758 0.00429371 0.995852 0.995442 0.996698 0.00387804 0.996024 0.00410122 0.00306107 0.00418326 0.996305 0.00298413 0.00373479 0.00307476 0.00313562 0.00357742 0.994364 0.0036254 0.994381 0.996057 0.00365359 0.997194 0.0031254 0.0028325 0.00426838 0.995643 0.00290605 0.994176 0.00369147 0.00466519 0.00315324 0.00375786 0.992848 0.00332256 0.994849
0.0050258 0.99266 0.00388109 0.00355668 0.993002 0.00443746 0.00355696 0.993811 0.00462843 0.990909 0.00321899 0.993282 0.994229 0.994905 0.00437412 0.992363 0.00478257 0.993934 0.99456 0.991366 0.993607 0.995319 0.993708 0.991104 0.994075 0.993825 0.993745 0.00289962 0.993925 0.00367754 0.993454 0.993451 0.0032513 0.00360527 0.00441248 0.993169 0.991373 0.993725 0.991787 0.00355563 0.00480058 0.994547 0.993066 0.00453566 0.992615 0.00361961 0.990837 0.994655 0.989058 0.00332475 0.0023554 0.00275366 0.99607 0.00287522 0.00355378 0.0039593 0.00366275 0.995969 0.00367897 0.00298924 0.994395 0.993949 0.994459 0.00307229 0.991978 0.00374622 0.00427512 0.995862 0.995451 0.996709 0.0038649 0.996015 0.00408055 0.00305608 0.00416514 0.996322 0.00297989 0.00372372 0.00307396 0.00313161 0.00356997 0.994401 0.00361729 0.994419 0.996072 0.00364612 0.997198 0.0031206 0.00283343 0.0042482 0.995672 0.00290326 0.994202 0.00367857 0.00464118 0.00314834 0.0037466 0.992916 0.00331611 0.99487
0.00499041 0.992683 0.00386634 0.00354148 0.993039 0.00440848 0.00354216 0.993809 0.00460363 0.990958 0.00320909 0.99329 0.994249 0.994905 0.0043509 0.992396 0.00474909 0.993936 0.994574 0.991384 0.993617 0.995319 0.993712 0.991129 0.994082 0.993835 0.993744 0.00289622 0.993927 0.00366108 0.993467 0.993465 0.00324079 0.00359334 0.00438787 0.993206 0.99139 0.993756 0.991826 0.00354045 0.00476811 0.994567 0.993098 0.00450783 0.992615 0.00360632 0.990919 0.994664 0.989113 0.00331601 0.00235778 0.00275443 0.996085 0.00287253 0.00354703 0.00394465 0.0036544 0.995986 0.00366686 0.00298497 0.994411 0.993982 0.994474 0.00307238 0.992 0.00373455 0.00425747 0.995872 0.995459 0.99672 0.00385151 0.996006 0.00405984 0.00305037 0.00414793 0.996339 0.00297575 0.00371304 0.00307396 0.00312771 0.00356308 0.994439 0.00360946 0.994457 0.996087 0.0036384 0.997201 0.00311603 0.00283427 0.00422826 0.995701 0.00290066 0.994227 0.00366587 0.00461747 0.00314385 0.00373562 0.992985 0.00331036 0.99489
0.00495511 0.992707 0.00385212 0.00352628 0.993075 0.00437969 0.00352787 0.993806 0.00457823 0.991005 0.0031996 0.993298 0.994269 0.994906 0.00432727 0.992426 0.00471555 0.993937 0.994589 0.991402 0.993627 0.995319 0.993716 0.991155 0.99409 0.993843 0.993743 0.00289299 0.993928 0.00364444 0.993482 0.993479 0.00323145 0.00358131 0.00436379 0.993243 0.991409 0.993785 0.991865 0.00352546 0.00473486 0.994585 0.993131 0.00448026 0.992615 0.00359337 0.990998 0.994672 0.98917 0.00330773 0.0023605 0.00275529 0.9961 0.0028698 0.0035408 0.00392931 0.00364633 0.996004 0.00365437 0.0029807 0.994427 0.994015 0.994491 0.00307213 0.992023 0.00372306 0.00423975 0.995882 0.995467 0.996731 0.00383892 0.995997 0.0040398 0.0030454 0.00413158 0.996355 0.00297212 0.00370198 0.00307394 0.00312406 0.00355599 0.994477 0.00360216 0.994494 0.996102 0.00363072 0.997205 0.0031114 0.00283473 0.00420921 0.995729 0.00289789 0.994252 0.00365318 0.00459473 0.00313917 0.00372477 0.99305 0.00330434 0.994909
0.00492055 0.992729 0.00383757 0.00351144 0.993111 0.0043507 0.00351278 0.993804 0.00455388 0.991055 0.0031892 0.993308 0.994289 0.994907 0.00430497 0.992459 0.00468316 0.993939 0.994603 0.991421 0.993638 0.995319 0.993721 0.99118 0.994096 0.993852 0.993742 0.00288972 0.993929 0.00362778 0.993495 0.993493 0.00322196 0.00356966 0.00433971 0.993278 0.991426 0.993813 0.991904 0.00351067 0.00470247 0.994604 0.993161 0.00445228 0.992615 0.00358029 0.991076 0.994681 0.989225 0.00329931 0.00236316 0.00275601 0.996114 0.00286682 0.00353481 0.00391496 0.00363798 0.996021 0.00364214 0.00297624 0.994444 0.994047 0.994507 0.00307191 0.992046 0.00371133 0.00422181 0.995892 0.995475 0.996742 0.00382594 0.995988 0.00401986 0.00304014 0.00411532 0.996372 0.00296833 0.0036912 0.00307394 0.0031196 0.00354944 0.994513 0.00359467 0.994531 0.996117 0.00362285 0.997208 0.00310737 0.00283587 0.00419037 0.995757 0.0028963 0.994278 0.003641 0.00457189 0.00313445 0.00371452 0.993115 0.00329856 0.994928
0.00488663 0.992751 0.00382356 0.00349638 0.993145 0.0043227 0.00349898 0.993802 0.00453138 0.991101 0.00317967 0.993316 0.994309 0.994907 0.00428305 0.99249 0.00465092 0.993941 0.994615 0.991439 0.993649 0.995318 0.993726 0.991205 0.994102 0.993862 0.993741 0.00288628 0.993932 0.00361157 0.993508 0.993506 0.0032129 0.0035582 0.00431643 0.993313 0.991442 0.993843 0.99194 0.00349636 0.00467087 0.994622 0.993193 0.00442457 0.992616 0.00356806 0.991153 0.994689 0.98928 0.0032914 0.00236572 0.00275734 0.996128 0.00286413 0.00352867 0.00390023 0.00362972 0.996038 0.00363034 0.00297232 0.994461 0.994078 0.994523 0.00307187 0.992069 0.00370119 0.00420417 0.995903 0.995484 0.996753 0.0038134 0.99598 0.00400005 0.00303509 0.00409977 0.996388 0.00296384 0.00368069 0.00307388 0.00311561 0.00354197 0.99455 0.00358665 0.994567 0.996131 0.00361531 0.997211 0.00310242 0.00283655 0.00417168 0.995784 0.00289362 0.994302 0.00362933 0.00454877 0.0031304 0.00370444 0.993179 0.00329198 0.994948
0.00485343 0.992772 0.00380983 0.00348244 0.99318 0.00429563 0.00348535 0.9938 0.00450736 0.991148 0.00317032 0.993324 0.994328 0.994908 0.00426124 0.992519 0.00461945 0.993942 0.994629 0.991457 0.99366 0.995317 0.99373 0.991228 0.99411 0.993871 0.993741 0.00288265 0.993932 0.00359587 0.993522 0.99352 0.00320363 0.00354707 0.00429348 0.993347 0.99146 0.993871 0.991977 0.00348144 0.00463954 0.99464 0.993224 0.004398 0.992618 0.00355568 0.991228 0.994697 0.989331 0.00328297 0.00236853 0.00275778 0.996142 0.00286136 0.00352238 0.00388615 0.00362082 0.996055 0.00361825 0.00296864 0.994477 0.99411 0.994538 0.00307183 0.992089 0.00369022 0.00418757 0.995913 0.995491 0.996763 0.00380042 0.995972 0.00398092 0.00302994 0.00408365 0.996405 0.00295897 0.00367015 0.00307364 0.00311119 0.00353481 0.994585 0.00357988 0.994603 0.996145 0.00360795 0.997214 0.00309789 0.00283744 0.00415364 0.995812 0.00289164 0.994327 0.00361822 0.00452679 0.00312588 0.00369391 0.99324 0.0032855 0.994967
0.00482103 0.992794 0.00379603 0.00346768 0.993215 0.00426859 0.00347146 0.993798 0.00448398 0.991194 0.00316147 0.993332 0.994346 0.994909 0.00423943 0.992548 0.00458826 0.993944 0.994643 0.991474 0.993671 0.995316 0.993735 0.991253 0.994117 0.993879 0.99374 0.00287919 0.993934 0.00358033 0.993536 0.993534 0.00319483 0.00353563 0.00427006 0.993381 0.991478 0.993899 0.992015 0.00346733 0.00460905 0.994658 0.993254 0.00437195 0.992617 0.00354354 0.991301 0.994704 0.989384 0.00327465 0.00237139 0.00275856 0.996156 0.00285846 0.00351652 0.00387169 0.00361356 0.996071 0.00360585 0.00296427 0.994493 0.994141 0.994554 0.00307115 0.992111 0.00367953 0.00417061 0.995921 0.995499 0.996773 0.00378809 0.995964 0.00396171 0.00302492 0.00406797 0.99642 0.00295501 0.00365894 0.00307351 0.00310756 0.00352819 0.99462 0.00357227 0.994638 0.996159 0.00360071 0.997218 0.00309385 0.00283877 0.00413516 0.995839 0.00288922 0.99435 0.00360669 0.00450457 0.00312153 0.00368424 0.993303 0.00327883 0.994985
0.00478811 0.992815 0.00378222 0.00345383 0.993248 0.00424153 0.00345802 0.993795 0.00446136 0.99124 0.00315269 0.993338 0.994364 0.994909 0.00421778 0.992578 0.00455774 0.993945 0.994656 0.991493 0.993683 0.995316 0.99374 0.991275 0.994123 0.993888 0.993739 0.00287559 0.993936 0.00356437 0.993548 0.993547 0.0031859 0.00352424 0.00424732 0.993416 0.991496 0.993928 0.99205 0.00345297 0.00457884 0.994675 0.993284 0.00434663 0.992619 0.00353105 0.991375 0.994713 0.989433 0.00326609 0.0023744 0.00275939 0.99617 0.00285561 0.00351077 0.00385847 0.0036048 0.996088 0.00359335 0.00296002 0.994508 0.99417 0.994568 0.00307082 0.992132 0.0036687 0.00415338 0.99593 0.995506 0.996784 0.00377594 0.995956 0.00394254 0.00302013 0.00405239 0.996436 0.00295095 0.00364876 0.0030731 0.00310339 0.00352161 0.994654 0.00356515 0.994673 0.996173 0.00359349 0.997221 0.00308963 0.00283952 0.00411665 0.995866 0.00288725 0.994374 0.00359529 0.00448279 0.00311747 0.00367409 0.993362 0.00327315 0.995004
0.00475697 0.992836 0.00376935 0.00344016 0.993282 0.00421618 0.0034442 0.993792 0.00443829 0.991285 0.00314339 0.993345 0.994381 0.994909 0.0041963 0.992608 0.00452774 0.993949 0.99467 0.99151 0.993693 0.995315 0.993746 0.991298 0.99413 0.993897 0.993737 0.00287218 0.993938 0.00354885 0.993562 0.993561 0.0031769 0.00351324 0.00422511 0.99345 0.991515 0.993955 0.992087 0.00343933 0.00454926 0.994693 0.993314 0.00432057 0.99262 0.003519 0.991447 0.994721 0.989484 0.00325829 0.00237679 0.00276024 0.996184 0.00285304 0.00350476 0.00384459 0.0035967 0.996104 0.00358172 0.00295599 0.994523 0.994199 0.994583 0.00307045 0.992153 0.0036586 0.00413703 0.99594 0.995513 0.996793 0.0037636 0.995947 0.00392408 0.00301567 0.00403655 0.996452 0.00294664 0.00363796 0.00307305 0.00309964 0.00351542 0.994687 0.00355751 0.994707 0.996187 0.00358604 0.997224 0.00308561 0.00284085 0.00409938 0.995891 0.00288576 0.994396 0.00358372 0.00446126 0.00311372 0.00366451 0.993421 0.00326686 0.995022
0.00472522 0.992855 0.00375606 0.00342615 0.993314 0.00419025 0.0034305 0.993791 0.0044153 0.99133 0.00313457 0.993354 0.994399 0.994909 0.00417597 0.992636 0.00449948 0.993951 0.994682 0.991526 0.993704 0.995314 0.993749 0.991323 0.994138 0.993905 0.993735 0.00286912 0.993939 0.00353431 0.993575 0.993573 0.00316816 0.00350259 0.00420265 0.993482 0.991532 0.993982 0.992122 0.00342568 0.00452063 0.994712 0.993343 0.00429546 0.99262 0.00350707 0.991516 0.99473 0.989534 0.00325121 0.00237996 0.00276113 0.996197 0.00285026 0.0034987 0.0038311 0.0035895 0.99612 0.00357117 0.00295169 0.994538 0.994228 0.994598 0.00306982 0.992174 0.00364873 0.00412088 0.995949 0.99552 0.996803 0.00375204 0.995938 0.00390539 0.00301117 0.00402078 0.996468 0.00294219 0.0036275 0.0030731 0.00309629 0.00350907 0.99472 0.00354951 0.99474 0.9962 0.00357876 0.997227 0.00308122 0.00284203 0.00408208 0.995917 0.00288384 0.994418 0.00357263 0.00444076 0.00310935 0.00365479 0.993479 0.00326061 0.99504
0.00469382 0.992876 0.00374337 0.00341248 0.993346 0.00416531 0.0034174 0.993788 0.00439348 0.991374 0.00312633 0.993362 0.994416 0.994909 0.00415579 0.992665 0.00447042 0.993953 0.994695 0.991542 0.993713 0.995313 0.993753 0.991344 0.994145 0.993913 0.993733 0.00286581 0.99394 0.00352001 0.993588 0.993587 0.00315921 0.00349173 0.00418179 0.993514 0.991548 0.994009 0.992156 0.00341339 0.0044907 0.994729 0.993373 0.00427073 0.99262 0.00349509 0.991586 0.994737 0.989583 0.00324349 0.0023826 0.00276165 0.99621 0.00284733 0.00349273 0.0038181 0.00358221 0.996135 0.00356008 0.00294769 0.994553 0.994258 0.994613 0.00306931 0.992195 0.00363869 0.00410413 0.995958 0.995528 0.996813 0.0037398 0.99593 0.00388741 0.00300677 0.00400572 0.996482 0.00293762 0.00361739 0.00307268 0.00309268 0.00350245 0.994753 0.00354199 0.994773 0.996213 0.00357127 0.997231 0.00307604 0.00284257 0.00406427 0.995942 0.00288164 0.994439 0.00356202 0.00441994 0.00310589 0.00364478 0.993536 0.00325455 0.995058
0.00466274 0.992897 0.00373038 0.00339907 0.993378 0.00414024 0.00340464 0.993787 0.00437186 0.991418 0.00311781 0.993368 0.994434 0.99491 0.00413482 0.992693 0.00444135 0.993953 0.994708 0.991558 0.993724 0.995313 0.993759 0.991366 0.994152 0.993922 0.993731 0.00286267 0.993942 0.00350593 0.993601 0.993599 0.0031509 0.00348095 0.00416075 0.993545 0.991567 0.994036 0.992191 0.00340011 0.00446141 0.994746 0.993402 0.0042462 0.992621 0.00348346 0.991652 0.994745 0.989632 0.00323613 0.00238528 0.00276254 0.996222 0.00284487 0.0034874 0.00380528 0.00357534 0.996151 0.00354883 0.00294327 0.994568 0.994286 0.994626 0.00306961 0.992214 0.00362954 0.00408775 0.995967 0.995535 0.996823 0.00372811 0.995921 0.0038701 0.00300197 0.00399157 0.996497 0.00293368 0.00360685 0.00307278 0.00308941 0.00349585 0.994785 0.0035351 0.994805 0.996226 0.00356417 0.997234 0.00307198 0.0028435 0.00404759 0.995967 0.00287939 0.994462 0.0035515 0.00439998 0.00310184 0.00363501 0.993591 0.00324932 0.995075
0.00463229 0.992917 0.00371719 0.00338641 0.993409 0.004116 0.00339303 0.993784 0.00435 0.99146 0.00310958 0.993377 0.994452 0.99491 0.0041145 0.99272 0.00441429 0.993955 0.994721 0.991574 0.993734 0.995313 0.993763 0.991388 0.994158 0.99393 0.993729 0.0028598 0.993942 0.00349166 0.993614 0.993612 0.00314262 0.00347046 0.00414012 0.993576 0.991584 0.994063 0.992227 0.00338722 0.00443375 0.994762 0.99343 0.00422183 0.992621 0.00347161 0.991719 0.994752 0.989679 0.00322882 0.00238768 0.00276371 0.996235 0.00284227 0.00348184 0.00379244 0.00356859 0.996166 0.00353858 0.00293937 0.994582 0.994314 0.99464 0.00306947 0.992235 0.00362027 0.0040723 0.995976 0.995543 0.996832 0.00371713 0.995913 0.00385305 0.00299755 0.0039765 0.996511 0.00292979 0.00359684 0.0030728 0.00308572 0.0034901 0.994817 0.00352822 0.994837 0.996239 0.00355725 0.997237 0.00306823 0.00284469 0.00403104 0.995991 0.00287693 0.994483 0.00353998 0.00438041 0.00309761 0.00362498 0.993646 0.00324268 0.995093
0.00460295 0.992938 0.00370524 0.00337345 0.99344 0.00409146 0.00338003 0.993782 0.00432854 0.991502 0.00310139 0.993384 0.994469 0.994909 0.00409493 0.992748 0.0043866 0.993958 0.994733 0.99159 0.993743 0.995313 0.993767 0.99141 0.994165 0.993938 0.993729 0.00285682 0.993943 0.00347719 0.993626 0.993625 0.00313364 0.00346002 0.00411905 0.993607 0.991599 0.994089 0.992261 0.00337457 0.00440668 0.994779 0.993457 0.00419828 0.992623 0.00346063 0.991785 0.99476 0.989726 0.00322104 0.00239019 0.00276474 0.996247 0.00283956 0.00347617 0.00377937 0.0035621 0.996181 0.00352812 0.00293542 0.994597 0.994342 0.994654 0.00306974 0.992255 0.00361076 0.00405629 0.995985 0.99555 0.996842 0.00370553 0.995906 0.00383579 0.00299307 0.00396193 0.996525 0.00292543 0.00358723 0.00307248 0.00308242 0.00348363 0.994848 0.0035218 0.994869 0.996251 0.00355065 0.99724 0.00306448 0.00284534 0.00401425 0.996014 0.0028746 0.994504 0.00352939 0.00436017 0.00309335 0.00361486 0.9937 0.00323703 0.99511
0.00457452 0.992957 0.00369327 0.00336105 0.993471 0.00406799 0.00336778 0.99378 0.00430825 0.991542 0.00309285 0.993392 0.994486 0.994909 0.00407546 0.992776 0.00435886 0.993959 0.994747 0.991605 0.993752 0.995313 0.993771 0.991432 0.994171 0.993944 0.993728 0.00285405 0.993945 0.00346379 0.993638 0.993636 0.00312599 0.00344994 0.00409823 0.993639 0.991615 0.994114 0.992296 0.00336187 0.00437918 0.994796 0.993484 0.00417461 0.992623 0.00344948 0.991849 0.994767 0.989773 0.00321362 0.00239319 0.00276569 0.996259 0.00283696 0.00347126 0.00376709 0.00355475 0.996196 0.0035179 0.00293136 0.99461 0.994369 0.994668 0.00306983 0.992274 0.00360149 0.0040412 0.995993 0.995558 0.996851 0.00369461 0.995898 0.00381842 0.00298876 0.00394658 0.996539 0.00292109 0.00357774 0.00307295 0.00307925 0.00347771 0.994879 0.00351484 0.994899 0.996264 0.00354368 0.997243 0.00306052 0.00284573 0.00399818 0.996039 0.00287276 0.994525 0.00351883 0.00434045 0.00308925 0.00360554 0.993754 0.0032316 0.995128
0.00454565 0.992976 0.00368073 0.00334871 0.993501 0.00404401 0.00335562 0.993778 0.00428745 0.991581 0.00308449 0.9934 0.994503 0.994909 0.00405694 0.992802 0.00433182 0.993961 0.994759 0.991621 0.993761 0.995313 0.993776 0.991453 0.994176 0.993952 0.993726 0.00285147 0.993947 0.00345024 0.993649 0.993648 0.00311787 0.00343998 0.00407821 0.993669 0.991632 0.99414 0.992329 0.00334944 0.00435316 0.994811 0.99351 0.00415209 0.992623 0.00343787 0.991912 0.994773 0.989819 0.00320599 0.00239584 0.00276606 0.996271 0.00283406 0.00346582 0.003754 0.00354647 0.996211 0.00350711 0.002928 0.994624 0.994395 0.994682 0.00306944 0.992294 0.00359212 0.00402625 0.996002 0.995565 0.996861 0.00368374 0.99589 0.00380151 0.00298463 0.00393198 0.996552 0.00291655 0.00356798 0.00307284 0.00307544 0.00347173 0.99491 0.00350767 0.99493 0.996276 0.00353695 0.997246 0.00305683 0.00284631 0.00398237 0.996062 0.00287056 0.994547 0.00350841 0.00432153 0.0030851 0.00359646 0.993806 0.00322557 0.995144
0.00451722 0.992995 0.00366885 0.00333653 0.993532 0.00402096 0.00334372 0.993776 0.00426738 0.99162 0.00307635 0.993409 0.994519 0.994909 0.00403805 0.99283 0.00430601 0.993963 0.994771 0.991638 0.99377 0.995313 0.993781 0.991474 0.994181 0.99396 0.993725 0.00284888 0.993948 0.00343633 0.99366 0.993659 0.00311001 0.00342975 0.0040588 0.9937 0.991647 0.994164 0.992362 0.00333729 0.00432632 0.994827 0.993537 0.00412963 0.992624 0.00342757 0.991973 0.994781 0.989865 0.00319926 0.00239847 0.00276635 0.996284 0.00283149 0.00345968 0.00374191 0.00353975 0.996225 0.00349669 0.00292459 0.994638 0.994422 0.994695 0.0030695 0.992313 0.00358311 0.00401175 0.996011 0.995571 0.99687 0.00367298 0.995883 0.00378534 0.00298027 0.00391871 0.996566 0.00291295 0.00355877 0.00307271 0.00307179 0.00346596 0.994941 0.00350063 0.99496 0.996288 0.00353047 0.99725 0.00305308 0.00284693 0.00396617 0.996085 0.00286912 0.994567 0.00349857 0.00430273 0.00308094 0.00358724 0.993858 0.00322061 0.995161
0.00448943 0.993014 0.00365724 0.00332423 0.99356 0.00399866 0.00333174 0.993775 0.00424781 0.99166 0.003068 0.993415 0.994536 0.994909 0.00401952 0.992855 0.00428049 0.993965 0.994783 0.991652 0.99378 0.995313 0.993785 0.991494 0.994187 0.993967 0.993723 0.00284601 0.99395 0.00342228 0.993672 0.993671 0.00310218 0.00341958 0.00403914 0.99373 0.991661 0.994189 0.992395 0.00332539 0.00430094 0.994842 0.993562 0.00410744 0.992624 0.00341612 0.992033 0.994789 0.98991 0.00319206 0.00240114 0.00276716 0.996297 0.0028289 0.00345376 0.00372983 0.00353278 0.996239 0.00348623 0.00292066 0.994652 0.994448 0.994708 0.00306923 0.992332 0.00357409 0.00399651 0.996019 0.995578 0.996879 0.00366221 0.995875 0.00376839 0.00297564 0.003905 0.996579 0.00290982 0.0035495 0.00307216 0.00306844 0.00345957 0.994971 0.00349438 0.99499 0.9963 0.00352373 0.997253 0.00304912 0.00284786 0.00395002 0.996107 0.00286694 0.994587 0.00348784 0.00428336 0.0030769 0.00357853 0.993908 0.00321458 0.995178
0.0044635 0.993032 0.00364572 0.00331255 0.99359 0.00397636 0.00332015 0.993772 0.0042281 0.991698 0.00306031 0.993422 0.994552 0.99491 0.00400148 0.992882 0.00425422 0.993965 0.994794 0.991669 0.993789 0.995313 0.993789 0.991514 0.994192 0.993974 0.993723 0.00284386 0.993951 0.00340886 0.993685 0.993683 0.0030941 0.00341085 0.00402 0.993759 0.991677 0.994213 0.992426 0.00331351 0.00427593 0.994857 0.993588 0.00408553 0.992623 0.00340543 0.992094 0.994796 0.989954 0.00318481 0.00240391 0.00276789 0.996309 0.00282686 0.00344772 0.00371833 0.00352623 0.996253 0.00347602 0.00291668 0.994666 0.994474 0.99472 0.00306897 0.99235 0.00356464 0.00398155 0.996028 0.995584 0.996888 0.00365155 0.995868 0.0037524 0.00297169 0.00389143 0.996592 0.00290604 0.00354087 0.00307183 0.00306524 0.00345308 0.994999 0.00348789 0.995018 0.996312 0.00351781 0.997256 0.00304535 0.00284822 0.00393442 0.99613 0.00286474 0.994607 0.0034772 0.00426474 0.00307337 0.00356917 0.993957 0.00320909 0.995194
0.00443711 0.993051 0.00363423 0.00330101 0.993618 0.00395445 0.0033088 0.993771 0.00420825 0.991737 0.00305311 0.993429 0.994568 0.994911 0.00398289 0.992908 0.00422844 0.993966 0.994806 0.991683 0.993799 0.995312 0.993793 0.991534 0.994199 0.993982 0.993721 0.00284083 0.993954 0.00339542 0.993697 0.993695 0.0030864 0.00340115 0.00400114 0.993787 0.991692 0.994237 0.992457 0.00330152 0.00425058 0.994871 0.993614 0.00406415 0.992623 0.00339551 0.992156 0.994802 0.989999 0.00317835 0.00240611 0.00276852 0.99632 0.00282434 0.00344214 0.0037066 0.00351975 0.996267 0.0034662 0.00291303 0.99468 0.9945 0.994733 0.0030684 0.992368 0.00355537 0.00396753 0.996035 0.995591 0.996897 0.00364086 0.99586 0.00373619 0.00296713 0.00387815 0.996605 0.00290204 0.00353217 0.00307156 0.00306196 0.00344775 0.995027 0.00348156 0.995047 0.996324 0.00351158 0.997259 0.00304167 0.00284906 0.00391943 0.996152 0.00286248 0.994627 0.00346753 0.00424661 0.00306943 0.00355941 0.994006 0.00320393 0.99521
0.0044112 0.993069 0.00362273 0.00328917 0.993645 0.0039334 0.00329669 0.99377 0.00418975 0.991775 0.00304556 0.993436 0.994584 0.994912 0.00396438 0.992933 0.00420307 0.993968 0.994817 0.991697 0.993808 0.995312 0.993796 0.991554 0.994206 0.993989 0.993719 0.00283798 0.993956 0.00338306 0.993709 0.993706 0.00307872 0.00339144 0.00398313 0.993815 0.991707 0.994261 0.992487 0.00328982 0.00422625 0.994886 0.99364 0.00404294 0.992623 0.00338539 0.992214 0.99481 0.990041 0.00317207 0.00240861 0.00276955 0.996331 0.00282193 0.00343744 0.00369464 0.00351291 0.99628 0.00345652 0.00290861 0.994693 0.994525 0.994746 0.00306769 0.992387 0.00354649 0.00395286 0.996044 0.995598 0.996906 0.00362979 0.995853 0.00372065 0.00296318 0.00386467 0.996618 0.00289847 0.003524 0.00307081 0.0030593 0.00344179 0.995055 0.00347476 0.995075 0.996336 0.00350483 0.997262 0.00303791 0.00284986 0.00390495 0.996173 0.00286053 0.994646 0.00345752 0.00422825 0.00306604 0.00355076 0.994053 0.00319922 0.995227
0.00438522 0.993086 0.0036109 0.00327785 0.993673 0.00391174 0.0032847 0.993768 0.00417098 0.991811 0.00303774 0.993442 0.994598 0.994911 0.00394731 0.992957 0.00417874 0.993969 0.994829 0.991712 0.993816 0.995312 0.9938 0.991573 0.994212 0.993996 0.993718 0.00283511 0.993956 0.00337069 0.99372 0.993718 0.00307145 0.00338183 0.00396489 0.993843 0.991721 0.994284 0.992517 0.00327785 0.00420215 0.994901 0.993665 0.00402228 0.992622 0.00337486 0.992271 0.994816 0.990084 0.0031651 0.00241141 0.00277035 0.996342 0.00281947 0.0034324 0.00368293 0.00350566 0.996294 0.00344694 0.00290548 0.994706 0.994549 0.994758 0.00306748 0.992405 0.00353773 0.00393881 0.996052 0.995605 0.996914 0.00361988 0.995845 0.00370509 0.00295946 0.00385233 0.996631 0.00289432 0.00351546 0.00307062 0.00305595 0.00343622 0.995082 0.00346774 0.995103 0.996347 0.00349864 0.997265 0.00303428 0.00285058 0.00389074 0.996195 0.00285881 0.994665 0.00344789 0.00421101 0.00306218 0.00354195 0.9941 0.00319386 0.995242
0.0043596 0.993103 0.00359957 0.00326663 0.9937 0.00389037 0.0032733 0.993767 0.00415189 0.991848 0.0030305 0.99345 0.994613 0.994911 0.00393007 0.992982 0.00415491 0.99397 0.994841 0.991726 0.993825 0.995313 0.993804 0.991594 0.994218 0.994003 0.993717 0.00283269 0.993957 0.00335777 0.99373 0.99373 0.00306412 0.00337327 0.00394651 0.99387 0.991736 0.994307 0.992547 0.00326648 0.00417762 0.994916 0.99369 0.00400169 0.992624 0.00336476 0.992327 0.994823 0.990124 0.00315869 0.00241366 0.0027715 0.996354 0.00281673 0.00342771 0.0036709 0.00349897 0.996307 0.00343705 0.0029022 0.994719 0.994573 0.99477 0.00306764 0.992423 0.00352856 0.00392517 0.99606 0.995611 0.996923 0.00360887 0.995838 0.00368932 0.00295544 0.00384003 0.996643 0.00289134 0.00350651 0.00307026 0.00305305 0.00343067 0.99511 0.00346124 0.995129 0.996359 0.00349159 0.997268 0.00303052 0.00285157 0.00387568 0.996217 0.00285697 0.994683 0.00343856 0.00419361 0.00305878 0.00353394 0.994146 0.00318856 0.995258
0.00433466 0.993121 0.00358812 0.00325512 0.993727 0.00386915 0.00326176 0.993765 0.00413319 0.991881 0.00302279 0.993455 0.994629 0.994911 0.00391208 0.993006 0.004131 0.993972 0.994851 0.99174 0.993833 0.995313 0.993808 0.991614 0.994225 0.99401 0.993715 0.00283006 0.993959 0.00334512 0.993741 0.993742 0.00305643 0.00336416 0.00392808 0.993896 0.991752 0.99433 0.992576 0.00325514 0.00415353 0.994931 0.993714 0.00398123 0.992625 0.00335436 0.992383 0.99483 0.990166 0.00315146 0.00241661 0.00277193 0.996365 0.00281453 0.00342266 0.00365961 0.00349208 0.99632 0.00342775 0.00289913 0.994731 0.994596 0.994783 0.00306743 0.992442 0.00351995 0.00391144 0.996067 0.995618 0.996931 0.00359872 0.99583 0.00367439 0.00295147 0.00382772 0.996656 0.00288801 0.0034975 0.00306976 0.00304997 0.00342498 0.995137 0.00345513 0.995158 0.996369 0.0034857 0.99727 0.00302734 0.00285281 0.003861 0.996236 0.00285482 0.994701 0.00342872 0.00417644 0.00305534 0.00352514 0.994192 0.00318369 0.995273
0.00431059 0.993138 0.0035776 0.00324424 0.993754 0.0038492 0.00325064 0.993763 0.00411491 0.991917 0.00301528 0.993461 0.994643 0.994911 0.00389458 0.993029 0.00410812 0.993973 0.994862 0.991755 0.993843 0.995312 0.993812 0.991633 0.99423 0.994016 0.993712 0.00282716 0.99396 0.0033324 0.993753 0.993754 0.00304947 0.00335506 0.00391043 0.993923 0.991767 0.994352 0.992605 0.00324413 0.00413043 0.994946 0.993737 0.00396101 0.992626 0.00334463 0.992437 0.994836 0.990207 0.00314456 0.00241914 0.00277259 0.996376 0.00281197 0.00341755 0.00364839 0.00348566 0.996333 0.00341865 0.00289604 0.994744 0.99462 0.994795 0.00306721 0.99246 0.00351168 0.00389842 0.996075 0.995625 0.996939 0.00358868 0.995823 0.00365939 0.0029473 0.00381509 0.99667 0.00288443 0.00348877 0.00306965 0.00304689 0.00341959 0.995163 0.00344897 0.995184 0.99638 0.00347988 0.997273 0.00302355 0.00285318 0.00384739 0.996257 0.00285258 0.99472 0.00341967 0.00415878 0.00305246 0.00351629 0.994236 0.00317861 0.995289
0.00428646 0.993153 0.00356726 0.00323307 0.993779 0.00382923 0.00323964 0.993763 0.0040967 0.991953 0.00300826 0.993467 0.994658 0.994911 0.00387849 0.993052 0.00408544 0.993975 0.994872 0.991767 0.99385 0.995312 0.993817 0.991651 0.994236 0.994024 0.993711 0.00282455 0.993962 0.00332044 0.993763 0.993765 0.003042 0.00334615 0.00389327 0.99395 0.991781 0.994374 0.992633 0.00323339 0.00410761 0.99496 0.993761 0.00394092 0.992627 0.00333501 0.992491 0.994842 0.990246 0.00313796 0.00242148 0.00277314 0.996386 0.00280971 0.00341227 0.00363696 0.00347891 0.996346 0.00340981 0.00289243 0.994756 0.994644 0.994807 0.0030672 0.992477 0.00350393 0.00388561 0.996083 0.995632 0.996948 0.00357885 0.995816 0.00364539 0.00294273 0.00380311 0.996682 0.00288108 0.0034809 0.00306966 0.00304358 0.00341467 0.995189 0.00344295 0.995212 0.996391 0.00347349 0.997276 0.00301998 0.00285431 0.0038334 0.996276 0.00285042 0.994738 0.00341094 0.00414155 0.00304848 0.00350852 0.99428 0.00317407 0.995304
0.0042623 0.993168 0.00355567 0.00322217 0.993803 0.00380951 0.0032285 0.993761 0.00407888 0.991987 0.00300149 0.993474 0.994673 0.99491 0.00386203 0.993075 0.00406208 0.993976 0.994883 0.991782 0.99386 0.995312 0.993822 0.99167 0.994242 0.994032 0.993711 0.00282143 0.993963 0.00330858 0.993775 0.993776 0.00303456 0.00333748 0.00387591 0.993976 0.991794 0.994395 0.992662 0.00322247 0.00408497 0.994974 0.993785 0.00392137 0.992629 0.00332508 0.992543 0.994848 0.990285 0.00313149 0.00242413 0.00277412 0.996397 0.00280781 0.00340704 0.00362648 0.0034729 0.99636 0.0034008 0.00288947 0.994768 0.994666 0.994819 0.00306707 0.992494 0.00349595 0.00387292 0.996091 0.995639 0.996956 0.00356973 0.995808 0.00363112 0.00293863 0.00379019 0.996694 0.00287807 0.00347289 0.00306916 0.00304104 0.00340923 0.995215 0.00343734 0.995237 0.996401 0.00346727 0.997278 0.00301616 0.00285558 0.00382017 0.996297 0.00284856 0.994757 0.00340109 0.00412507 0.00304538 0.00350035 0.994323 0.00316931 0.995319
0.00423883 0.993184 0.00354527 0.0032113 0.993828 0.0037906 0.00321801 0.993759 0.00406143 0.992021 0.00299452 0.99348 0.994688 0.99491 0.0038457 0.993097 0.00403955 0.993978 0.994893 0.991795 0.993869 0.995311 0.993825 0.991689 0.994248 0.994038 0.993709 0.00281859 0.993965 0.00329692 0.993786 0.993787 0.0030281 0.00332885 0.00385919 0.994001 0.991807 0.994417 0.99269 0.00321191 0.00406232 0.994987 0.993807 0.00390163 0.99263 0.00331524 0.992594 0.994855 0.990324 0.00312528 0.00242634 0.00277497 0.996408 0.00280534 0.00340211 0.00361548 0.00346669 0.996373 0.00339181 0.00288642 0.99478 0.994688 0.994831 0.00306738 0.99251 0.00348776 0.00386006 0.996098 0.995646 0.996963 0.0035599 0.995802 0.0036162 0.00293531 0.00377774 0.996706 0.00287479 0.00346445 0.00306826 0.00303826 0.00340402 0.99524 0.00343139 0.995261 0.996412 0.00346141 0.997281 0.00301296 0.00285618 0.00380655 0.996316 0.0028466 0.994775 0.00339206 0.00410868 0.00304219 0.00349264 0.994366 0.0031643 0.995332
0.00421536 0.9932 0.0035348 0.00320044 0.993853 0.00377185 0.0032078 0.993757 0.00404282 0.992055 0.00298756 0.993486 0.994702 0.99491 0.00382937 0.993118 0.00401688 0.99398 0.994903 0.991809 0.993877 0.995311 0.993829 0.991709 0.994254 0.994045 0.993709 0.00281644 0.993967 0.00328548 0.993796 0.993797 0.00302116 0.00332038 0.00384187 0.994026 0.991821 0.994438 0.992718 0.00320093 0.00404049 0.995001 0.99383 0.00388292 0.99263 0.00330665 0.992646 0.994861 0.990362 0.00311909 0.00242854 0.00277558 0.996418 0.00280338 0.00339745 0.00360566 0.00346076 0.996385 0.00338294 0.00288323 0.994792 0.99471 0.994842 0.00306675 0.992527 0.00347973 0.00384702 0.996106 0.995652 0.996971 0.0035504 0.995795 0.00360144 0.00293137 0.0037659 0.996717 0.00287145 0.00345591 0.00306811 0.00303563 0.00339936 0.995265 0.0034255 0.995286 0.996423 0.00345586 0.997284 0.00300905 0.00285743 0.00379334 0.996335 0.00284487 0.994793 0.00338341 0.00409218 0.00303882 0.00348451 0.994408 0.0031597 0.995346
0.00419272 0.993216 0.00352395 0.00319024 0.993877 0.00375268 0.00319758 0.993754 0.00402595 0.992088 0.00298075 0.993493 0.994716 0.994911 0.00381393 0.993141 0.0039951 0.993982 0.994913 0.991822 0.993885 0.99531 0.993833 0.991729 0.994259 0.994051 0.993707 0.00281402 0.993968 0.00327381 0.993806 0.993807 0.00301381 0.00331167 0.0038252 0.99405 0.991834 0.994458 0.992744 0.0031907 0.00401848 0.995014 0.993853 0.00386395 0.992632 0.00329793 0.992696 0.994867 0.990399 0.00311301 0.00243054 0.00277613 0.996428 0.00280087 0.00339281 0.00359486 0.00345443 0.996397 0.00337461 0.00287997 0.994803 0.994733 0.994853 0.00306629 0.992543 0.00347215 0.0038344 0.996113 0.995659 0.996979 0.00354149 0.995787 0.00358799 0.00292718 0.0037538 0.996729 0.00286749 0.00344742 0.00306826 0.00303253 0.00339456 0.995289 0.00341948 0.995311 0.996433 0.00344991 0.997287 0.00300592 0.00285762 0.00377962 0.996354 0.00284309 0.994811 0.00337421 0.00407614 0.00303496 0.00347614 0.99445 0.00315459 0.99536
0.00417012 0.993232 0.00351405 0.00317966 0.993903 0.00373373 0.00318742 0.993753 0.00400878 0.992121 0.00297346 0.993499 0.99473 0.994911 0.00379782 0.993162 0.00397385 0.993983 0.994923 0.991835 0.993893 0.995309 0.993836 0.991746 0.994265 0.994059 0.993707 0.00281131 0.993968 0.00326205 0.993816 0.993817 0.00300634 0.00330356 0.00380892 0.994074 0.991847 0.994478 0.992771 0.00318013 0.00399732 0.995028 0.993875 0.00384512 0.992633 0.00328919 0.992745 0.994873 0.990437 0.00310732 0.00243283 0.00277698 0.996438 0.00279847 0.00338805 0.00358449 0.00344828 0.996409 0.00336626 0.00287649 0.994816 0.994755 0.994865 0.0030663 0.99256 0.00346389 0.0038216 0.99612 0.995664 0.996986 0.00353167 0.99578 0.00357424 0.00292294 0.00374236 0.996741 0.00286423 0.00343943 0.00306781 0.00302933 0.00338946 0.995314 0.0034135 0.995335 0.996444 0.00344424 0.99729 0.00300311 0.00285831 0.00376616 0.996372 0.00284124 0.994829 0.00336519 0.00406034 0.00303176 0.00346817 0.99449 0.00314988 0.995374
0.004147 0.993247 0.00350413 0.0031695 0.993926 0.00371571 0.00317767 0.993752 0.0039921 0.992153 0.00296639 0.993505 0.994743 0.99491 0.00378194 0.993184 0.00395319 0.993984 0.994934 0.991848 0.993901 0.995309 0.99384 0.991764 0.99427 0.994065 0.993705 0.00280929 0.993969 0.00325091 0.993826 0.993827 0.00299992 0.00329593 0.00379296 0.994098 0.99186 0.994497 0.992798 0.00317038 0.00397637 0.995042 0.993897 0.00382674 0.992632 0.00327962 0.992794 0.994878 0.990472 0.00310151 0.00243496 0.00277773 0.996448 0.00279614 0.00338319 0.00357438 0.00344254 0.996421 0.0033576 0.00287352 0.994827 0.994777 0.994875 0.00306656 0.992575 0.00345657 0.00380908 0.996127 0.99567 0.996994 0.00352287 0.995774 0.00356074 0.00291948 0.00373106 0.996752 0.0028606 0.00343104 0.00306778 0.0030263 0.0033844 0.995338 0.00340767 0.995359 0.996454 0.00343823 0.997293 0.00299946 0.00285928 0.00375238 0.99639 0.00283979 0.994846 0.00335645 0.00404481 0.00302848 0.00345998 0.99453 0.00314543 0.995388
0.00412486 0.993264 0.00349513 0.00315956 0.993951 0.0036974 0.00316777 0.993752 0.00397622 0.992185 0.00295908 0.993511 0.994757 0.99491 0.00376667 0.993206 0.00393239 0.993986 0.994944 0.991861 0.993909 0.995308 0.993844 0.991781 0.994275 0.994072 0.993705 0.0028071 0.99397 0.00324034 0.993838 0.993837 0.00299347 0.00328781 0.00377697 0.994121 0.991873 0.994517 0.992825 0.00315981 0.00395576 0.995055 0.993918 0.0038091 0.992632 0.00327092 0.992841 0.994884 0.990509 0.0030956 0.00243748 0.00277869 0.996459 0.00279379 0.00337854 0.00356409 0.00343637 0.996432 0.00334931 0.00287061 0.994839 0.994798 0.994885 0.00306672 0.992591 0.00344805 0.00379697 0.996134 0.995676 0.997001 0.00351407 0.995766 0.00354759 0.00291589 0.0037201 0.996763 0.00285768 0.00342404 0.00306745 0.00302345 0.00337977 0.995362 0.00340235 0.995382 0.996464 0.00343324 0.997296 0.00299633 0.00286001 0.00373915 0.996409 0.00283801 0.994862 0.00334743 0.00402885 0.00302554 0.00345202 0.99457 0.003141 0.995401
0.0041033 0.99328 0.00348565 0.00314923 0.993973 0.00367945 0.00315844 0.99375 0.00395997 0.992215 0.00295293 0.993516 0.99477 0.994909 0.00375217 0.993228 0.00391168 0.993988 0.994955 0.991875 0.993917 0.995308 0.993847 0.991798 0.994282 0.994079 0.993704 0.00280454 0.993971 0.00322931 0.99385 0.993846 0.00298663 0.00327953 0.00376116 0.994145 0.991886 0.994536 0.992852 0.00314957 0.00393549 0.995068 0.99394 0.00379099 0.992632 0.0032619 0.992888 0.994889 0.990546 0.00308985 0.00243944 0.00277879 0.996469 0.00279162 0.00337422 0.00355408 0.00343042 0.996444 0.00334089 0.00286745 0.994849 0.994818 0.994896 0.00306655 0.992606 0.00343992 0.00378518 0.99614 0.995682 0.997009 0.00350537 0.995759 0.00353481 0.00291259 0.00370901 0.996775 0.00285435 0.00341693 0.00306738 0.00301997 0.00337519 0.995385 0.00339719 0.995406 0.996474 0.0034272 0.997298 0.00299322 0.00286065 0.00372691 0.996427 0.00283655 0.994879 0.00333908 0.00401426 0.00302232 0.00344453 0.994608 0.00313616 0.995414
0.00408185 0.993296 0.00347653 0.00313964 0.993997 0.00366116 0.00314878 0.993749 0.00394423 0.992245 0.00294664 0.993521 0.994783 0.994909 0.00373727 0.993248 0.00389196 0.993989 0.994964 0.991887 0.993925 0.995307 0.993851 0.991815 0.994287 0.994085 0.993703 0.0028025 0.993973 0.00321867 0.99386 0.993854 0.00298007 0.00327172 0.00374568 0.994168 0.9919 0.994556 0.992878 0.00313967 0.0039155 0.995082 0.993961 0.00377406 0.992632 0.00325286 0.992933 0.994895 0.990581 0.00308383 0.00244143 0.00277944 0.996479 0.00278993 0.00336993 0.0035439 0.00342525 0.996455 0.00333293 0.00286446 0.994861 0.994839 0.994907 0.00306615 0.992621 0.00343285 0.00377294 0.996147 0.995688 0.997016 0.00349691 0.995752 0.0035218 0.00290897 0.00369811 0.996785 0.00285144 0.00340998 0.00306723 0.00301706 0.00337008 0.995407 0.00339134 0.995429 0.996484 0.00342151 0.997302 0.00299 0.00286096 0.00371451 0.996445 0.00283473 0.994895 0.00333168 0.00399919 0.00301935 0.00343747 0.994647 0.00313089 0.995427
0.00406033 0.993312 0.00346727 0.00313026 0.994021 0.00364358 0.0031388 0.993749 0.00392939 0.992275 0.00293965 0.993526 0.994795 0.994909 0.00372252 0.993268 0.00387217 0.99399 0.994974 0.9919 0.993932 0.995307 0.993855 0.991833 0.994293 0.994092 0.993702 0.00280013 0.993975 0.00320813 0.99387 0.993864 0.00297411 0.00326406 0.00373025 0.994192 0.991913 0.994575 0.992905 0.00312995 0.0038955 0.995095 0.993981 0.00375718 0.992632 0.00324431 0.992978 0.994901 0.990615 0.00307829 0.00244334 0.00278029 0.996488 0.00278738 0.00336553 0.00353365 0.00341994 0.996467 0.00332515 0.00286115 0.994873 0.994859 0.994917 0.00306586 0.992637 0.00342528 0.00376163 0.996154 0.995694 0.997023 0.00348773 0.995745 0.00350878 0.00290526 0.00368693 0.996796 0.0028484 0.00340292 0.00306751 0.0030143 0.00336549 0.99543 0.00338605 0.995452 0.996493 0.00341595 0.997304 0.00298655 0.00286169 0.00370218 0.996462 0.00283314 0.994911 0.00332319 0.00398518 0.00301583 0.0034299 0.994684 0.00312603 0.99544
0.00403897 0.993328 0.00345754 0.00312074 0.994043 0.00362661 0.00312943 0.993748 0.0039131 0.992305 0.00293356 0.993532 0.994808 0.99491 0.00370897 0.993289 0.00385332 0.993992 0.994983 0.991913 0.993939 0.995306 0.993858 0.99185 0.994297 0.994097 0.993701 0.00279804 0.993976 0.00319725 0.99388 0.993874 0.00296799 0.00325631 0.0037151 0.994214 0.991927 0.994594 0.992931 0.00312028 0.00387651 0.995107 0.994002 0.0037402 0.992632 0.00323656 0.993023 0.994907 0.990652 0.00307263 0.00244559 0.00278089 0.996498 0.00278539 0.00336117 0.00352391 0.00341354 0.996478 0.00331757 0.00285844 0.994885 0.994879 0.994927 0.00306562 0.992652 0.00341755 0.00375052 0.99616 0.9957 0.99703 0.00347873 0.995737 0.00349609 0.00290216 0.003676 0.996806 0.00284509 0.00339523 0.00306719 0.00301167 0.00336069 0.995451 0.00338086 0.995474 0.996503 0.00341044 0.997306 0.00298345 0.00286228 0.00368967 0.996479 0.00283107 0.994927 0.00331555 0.00397135 0.00301265 0.00342254 0.994721 0.00312111 0.995453
0.0040183 0.993344 0.00344865 0.0031107 0.994065 0.00360973 0.00312036 0.993748 0.00389872 0.992335 0.0029272 0.993539 0.99482 0.99491 0.00369559 0.993308 0.00383348 0.993994 0.994993 0.991925 0.993948 0.995306 0.993862 0.991866 0.994302 0.994103 0.993701 0.00279625 0.993978 0.0031873 0.993889 0.993883 0.0029617 0.00324879 0.00370047 0.994236 0.991939 0.994612 0.992954 0.00311083 0.00385762 0.99512 0.994023 0.00372314 0.992632 0.00322818 0.993067 0.994912 0.990686 0.00306686 0.00244798 0.00278192 0.996507 0.00278365 0.00335651 0.00351435 0.00340721 0.996489 0.00330948 0.00285595 0.994895 0.9949 0.994938 0.00306559 0.992667 0.00341068 0.00373881 0.996167 0.995705 0.997037 0.00346988 0.995731 0.00348391 0.00289848 0.00366486 0.996817 0.00284203 0.00338852 0.00306678 0.00300912 0.00335554 0.995473 0.00337603 0.995496 0.996512 0.00340504 0.997308 0.00298057 0.00286333 0.0036785 0.996496 0.00283006 0.994943 0.00330762 0.00395738 0.00300932 0.00341505 0.994757 0.00311678 0.995465
0.0039981 0.993358 0.00343994 0.00310117 0.994087 0.0035934 0.00311106 0.993746 0.00388341 0.992365 0.00292081 0.993544 0.994831 0.994909 0.00368179 0.993328 0.00381441 0.993994 0.995003 0.991937 0.993955 0.995306 0.993865 0.991883 0.994308 0.994109 0.9937 0.00279398 0.99398 0.00317684 0.993898 0.993891 0.00295563 0.00324116 0.0036861 0.994257 0.991951 0.994631 0.992978 0.00310099 0.00383884 0.995132 0.994043 0.00370688 0.992632 0.00321982 0.993112 0.994917 0.990721 0.00306112 0.00244994 0.00278242 0.996516 0.00278137 0.00335185 0.00350483 0.00340154 0.996499 0.00330148 0.00285309 0.994906 0.99492 0.994947 0.00306603 0.992681 0.00340369 0.00372747 0.996174 0.995711 0.997044 0.00346198 0.995724 0.00347084 0.00289515 0.0036542 0.996827 0.00283928 0.00338128 0.00306654 0.00300652 0.00335015 0.995495 0.0033703 0.995517 0.996521 0.0033996 0.997311 0.00297804 0.00286446 0.00366662 0.996512 0.00282823 0.994959 0.0032994 0.00394331 0.0030067 0.00340748 0.994792 0.00311249 0.995477
0.00397805 0.993373 0.00343073 0.00309205 0.994109 0.00357717 0.0031017 0.993744 0.00386841 0.992393 0.00291464 0.993549 0.994843 0.994909 0.00366796 0.993347 0.00379619 0.993995 0.995012 0.991949 0.993962 0.995306 0.993869 0.991899 0.994313 0.994115 0.993699 0.00279207 0.993982 0.00316636 0.993907 0.9939 0.00294924 0.00323359 0.00367187 0.99428 0.991964 0.99465 0.993001 0.0030921 0.00382024 0.995145 0.994063 0.00369056 0.992632 0.00321131 0.993154 0.994922 0.990754 0.00305583 0.00245169 0.0027834 0.996526 0.0027795 0.00334711 0.00349538 0.00339558 0.996509 0.00329315 0.00285019 0.994917 0.994939 0.994957 0.0030665 0.992695 0.00339609 0.00371611 0.996181 0.995717 0.997051 0.00345427 0.995717 0.00345888 0.0028918 0.00364381 0.996837 0.00283708 0.00337432 0.00306566 0.00300387 0.00334495 0.995516 0.00336504 0.995538 0.99653 0.00339472 0.997313 0.00297506 0.00286557 0.00365532 0.996528 0.00282618 0.994973 0.00329158 0.00392861 0.00300382 0.00340046 0.994826 0.0031088 0.995489
0.0039588 0.993387 0.00342139 0.00308262 0.99413 0.00356098 0.00309233 0.993741 0.0038541 0.992423 0.00290891 0.993555 0.994856 0.99491 0.00365444 0.993367 0.00377802 0.993997 0.995021 0.991961 0.993969 0.995305 0.993873 0.991915 0.994318 0.994122 0.993698 0.00279 0.993984 0.00315682 0.993917 0.99391 0.00294324 0.00322618 0.00365653 0.994301 0.991977 0.994668 0.993025 0.00308238 0.0038017 0.995157 0.994082 0.00367442 0.992633 0.00320321 0.993196 0.994927 0.990786 0.00305031 0.00245345 0.00278378 0.996534 0.00277775 0.00334203 0.00348614 0.00339005 0.99652 0.00328521 0.00284707 0.994928 0.994958 0.994967 0.00306633 0.992709 0.00338878 0.00370471 0.996187 0.995722 0.997058 0.00344594 0.99571 0.00344721 0.00288869 0.00363362 0.996847 0.00283384 0.00336771 0.00306584 0.00300167 0.00334032 0.995538 0.00335974 0.995559 0.996539 0.00338916 0.997315 0.00297216 0.00286616 0.00364382 0.996544 0.00282457 0.994988 0.00328369 0.00391422 0.0030004 0.00339376 0.99486 0.00310485 0.995502
0.00393908 0.993401 0.0034132 0.00307368 0.994151 0.00354491 0.0030835 0.99374 0.00384025 0.99245 0.00290342 0.993562 0.994868 0.994909 0.00364087 0.993386 0.00375991 0.993998 0.995031 0.991974 0.993976 0.995305 0.993876 0.991931 0.994323 0.994127 0.993696 0.00278777 0.993986 0.00314688 0.993925 0.993919 0.00293684 0.00321887 0.00364229 0.994321 0.991988 0.994685 0.993048 0.00307371 0.00378362 0.995169 0.994101 0.00365807 0.992634 0.00319585 0.993238 0.994932 0.990817 0.00304531 0.00245553 0.00278445 0.996544 0.0027754 0.00333775 0.00347674 0.00338382 0.996531 0.00327731 0.00284446 0.994938 0.994977 0.994977 0.00306606 0.992723 0.00338184 0.00369388 0.996193 0.995728 0.997064 0.0034374 0.995704 0.00343535 0.00288518 0.003624 0.996856 0.00283089 0.00336002 0.00306547 0.00299922 0.00333558 0.995559 0.00335466 0.99558 0.996548 0.003384 0.997317 0.00296904 0.0028667 0.00363284 0.99656 0.00282304 0.995003 0.00327564 0.00390011 0.00299699 0.00338694 0.994894 0.00310089 0.995514
0.0039204 0.993416 0.00340407 0.00306493 0.994171 0.00352929 0.00307446 0.993739 0.00382577 0.992477 0.00289697 0.993567 0.99488 0.99491 0.00362751 0.993404 0.00374221 0.993999 0.99504 0.991985 0.993983 0.995306 0.993878 0.991946 0.994328 0.994132 0.993696 0.00278612 0.993987 0.00313743 0.993933 0.993929 0.00293057 0.00321167 0.00362864 0.994341 0.991999 0.994703 0.993071 0.00306519 0.00376566 0.995181 0.994121 0.00364266 0.992633 0.0031877 0.99328 0.994938 0.990849 0.00303995 0.00245778 0.00278482 0.996553 0.00277388 0.00333347 0.00346807 0.00337822 0.996541 0.00326904 0.00284182 0.994947 0.994996 0.994987 0.00306579 0.992735 0.00337457 0.00368306 0.996199 0.995733 0.997071 0.00342858 0.995698 0.00342338 0.0028821 0.00361438 0.996866 0.00282821 0.00335281 0.00306538 0.00299632 0.0033309 0.995578 0.00335006 0.9956 0.996557 0.00337889 0.997319 0.00296573 0.00286727 0.00362138 0.996575 0.00282134 0.995017 0.00326875 0.00388701 0.00299459 0.00338023 0.994927 0.00309639 0.995526
0.00390205 0.99343 0.00339537 0.00305639 0.994192 0.00351401 0.00306648 0.993736 0.0038121 0.992505 0.00289108 0.993573 0.994893 0.99491 0.00361516 0.993422 0.00372491 0.993999 0.995049 0.991997 0.993989 0.995307 0.993881 0.991961 0.994333 0.994138 0.993695 0.00278374 0.993987 0.00312771 0.993942 0.993938 0.00292457 0.00320517 0.00361459 0.994362 0.992009 0.99472 0.993094 0.00305654 0.00374894 0.995192 0.994139 0.00362708 0.992634 0.00317976 0.99332 0.994942 0.990879 0.00303545 0.00246006 0.00278596 0.996561 0.00277143 0.0033293 0.003459 0.00337262 0.996552 0.00326139 0.00283866 0.994958 0.995014 0.994996 0.0030658 0.99275 0.00336797 0.00367216 0.996206 0.995739 0.997078 0.00342038 0.995692 0.0034118 0.0028788 0.00360429 0.996875 0.00282558 0.00334566 0.00306496 0.00299377 0.00332647 0.995598 0.00334518 0.99562 0.996565 0.003374 0.997321 0.00296266 0.00286749 0.00360994 0.99659 0.00281941 0.995031 0.00326139 0.00387327 0.0029914 0.00337298 0.99496 0.00309236 0.995538
0.00388424 0.993443 0.00338715 0.0030478 0.994212 0.00349931 0.0030582 0.993735 0.00379872 0.992533 0.00288507 0.993578 0.994904 0.99491 0.00360244 0.993441 0.00370794 0.994 0.995057 0.992009 0.993997 0.995307 0.993884 0.991977 0.994338 0.994143 0.993694 0.00278146 0.993988 0.00311795 0.99395 0.993947 0.00291905 0.00319885 0.00360073 0.994382 0.992021 0.994737 0.993116 0.00304771 0.00373148 0.995204 0.994157 0.00361198 0.992635 0.00317222 0.993358 0.994948 0.99091 0.00303012 0.00246208 0.00278643 0.996569 0.00276914 0.00332525 0.00345017 0.00336751 0.996562 0.00325411 0.00283577 0.994969 0.995032 0.995005 0.00306512 0.992763 0.00336155 0.0036615 0.996212 0.995744 0.997084 0.00341296 0.995685 0.00340039 0.00287565 0.00359466 0.996885 0.00282266 0.00333929 0.00306496 0.00299114 0.00332224 0.995618 0.0033406 0.99564 0.996574 0.00336877 0.997323 0.00295911 0.00286827 0.00359851 0.996605 0.00281777 0.995044 0.00325451 0.00386046 0.0029886 0.00336629 0.994991 0.00308864 0.99555
0.00386623 0.993455 0.00337914 0.00303883 0.994234 0.00348363 0.00304988 0.993733 0.00378539 0.992559 0.0028793 0.993583 0.994916 0.99491 0.00358933 0.99346 0.00369028 0.994001 0.995066 0.992021 0.994003 0.995306 0.993886 0.991994 0.994344 0.994149 0.993693 0.00277972 0.993989 0.00310821 0.993959 0.993955 0.00291294 0.00319162 0.00358745 0.994401 0.992031 0.994753 0.993137 0.00303934 0.00371385 0.995216 0.994176 0.00359759 0.992637 0.00316465 0.993397 0.994953 0.990939 0.00302502 0.002464 0.00278708 0.996578 0.00276726 0.00332103 0.0034418 0.0033621 0.996571 0.00324684 0.00283312 0.994978 0.995049 0.995014 0.0030648 0.992776 0.00335561 0.00365083 0.996218 0.99575 0.99709 0.00340573 0.995679 0.00338923 0.0028727 0.00358496 0.996894 0.00281944 0.00333264 0.00306512 0.00298882 0.00331818 0.995637 0.00333558 0.99566 0.996582 0.00336364 0.997326 0.00295621 0.00286865 0.00358792 0.99662 0.00281654 0.995058 0.00324699 0.00384715 0.00298531 0.00336031 0.995023 0.00308427 0.995562
0.00384878 0.993467 0.00337063 0.00303003 0.994253 0.0034685 0.00304215 0.993733 0.0037714 0.992585 0.00287314 0.993588 0.994927 0.994909 0.00357655 0.993478 0.00367378 0.994002 0.995075 0.992032 0.99401 0.995306 0.993889 0.992008 0.994348 0.994154 0.993691 0.00277748 0.993991 0.00309943 0.993967 0.993965 0.00290741 0.00318455 0.00357361 0.994421 0.992043 0.99477 0.99316 0.0030305 0.00369593 0.995227 0.994193 0.00358277 0.992637 0.00315731 0.993436 0.994958 0.990971 0.00302012 0.00246571 0.00278827 0.996587 0.00276505 0.003317 0.00343319 0.00335683 0.996581 0.00323957 0.00283005 0.994988 0.995067 0.995023 0.00306446 0.99279 0.00334947 0.00364072 0.996224 0.995755 0.997097 0.00339798 0.995672 0.00337849 0.00286991 0.00357542 0.996903 0.00281699 0.00332656 0.00306485 0.00298657 0.00331349 0.995656 0.00333108 0.995679 0.99659 0.00335863 0.997328 0.0029536 0.00286911 0.00357782 0.996635 0.00281506 0.995072 0.00324009 0.00383378 0.00298222 0.00335353 0.995055 0.00308026 0.995573
0.00383114 0.99348 0.00336238 0.00302158 0.994272 0.00345378 0.00303408 0.993731 0.00375737 0.992611 0.00286792 0.993594 0.994938 0.994909 0.00356432 0.993495 0.00365758 0.994003 0.995084 0.992044 0.994017 0.995305 0.993892 0.992022 0.994354 0.994159 0.993689 0.00277511 0.993991 0.00309056 0.993975 0.993974 0.00290165 0.00317732 0.00355995 0.99444 0.992054 0.994787 0.993182 0.00302216 0.00367954 0.995238 0.99421 0.003568 0.992637 0.00315005 0.993473 0.994963 0.991001 0.00301532 0.00246764 0.00278902 0.996595 0.00276334 0.00331293 0.00342503 0.00335188 0.996591 0.00323274 0.00282719 0.994999 0.995084 0.995032 0.00306469 0.992803 0.003343 0.00363088 0.99623 0.99576 0.997103 0.0033903 0.995667 0.00336724 0.00286677 0.00356628 0.996912 0.00281442 0.00332026 0.003065 0.00298422 0.00330892 0.995675 0.00332531 0.995698 0.996599 0.00335381 0.99733 0.0029505 0.00286943 0.00356797 0.99665 0.00281382 0.995086 0.00323283 0.00382057 0.00297946 0.0033474 0.995086 0.00307623 0.995584
0.00381353 0.993491 0.00335432 0.00301355 0.99429 0.0034391 0.00302631 0.993729 0.00374451 0.992638 0.00286233 0.993599 0.994948 0.994909 0.00355204 0.993512 0.00364064 0.994004 0.995093 0.992054 0.994023 0.995306 0.993895 0.992037 0.994357 0.994164 0.993688 0.00277299 0.993991 0.00308184 0.993984 0.993982 0.00289555 0.00317042 0.00354761 0.99446 0.992065 0.994803 0.993204 0.00301423 0.00366369 0.995248 0.994227 0.0035545 0.992637 0.0031429 0.993511 0.994968 0.991029 0.00301101 0.00246968 0.00278994 0.996603 0.00276191 0.00330882 0.00341619 0.00334647 0.996601 0.00322542 0.00282446 0.995008 0.995101 0.995041 0.00306481 0.992815 0.00333649 0.00362109 0.996236 0.995765 0.997109 0.00338308 0.995661 0.00335722 0.00286406 0.00355684 0.996922 0.00281139 0.00331337 0.00306515 0.00298207 0.00330506 0.995693 0.00332006 0.995716 0.996606 0.00334949 0.997332 0.00294795 0.0028703 0.00355713 0.996664 0.00281227 0.995099 0.00322563 0.00380815 0.00297685 0.0033406 0.995116 0.00307244 0.995595
0.00379605 0.993504 0.00334611 0.00300538 0.994309 0.00342481 0.00301817 0.993728 0.0037322 0.992663 0.00285688 0.993603 0.994959 0.994909 0.00353973 0.99353 0.00362429 0.994005 0.995102 0.992065 0.99403 0.995305 0.993898 0.992051 0.994362 0.994169 0.993687 0.00277142 0.993993 0.00307334 0.993992 0.99399 0.00289021 0.00316379 0.00353504 0.994479 0.992076 0.99482 0.993225 0.00300644 0.00364782 0.995259 0.994244 0.00354078 0.992638 0.00313561 0.993548 0.994973 0.991058 0.00300569 0.00247148 0.00279051 0.996611 0.00276024 0.00330454 0.00340844 0.0033411 0.99661 0.00321876 0.00282215 0.995017 0.995118 0.995051 0.00306464 0.992828 0.0033305 0.00361139 0.996242 0.995769 0.997116 0.00337571 0.995655 0.00334754 0.00286078 0.00354797 0.996931 0.00280835 0.00330708 0.00306452 0.00297946 0.00330064 0.995711 0.0033151 0.995735 0.996614 0.00334501 0.997334 0.00294517 0.00287073 0.00354637 0.996678 0.00281078 0.995112 0.00321908 0.00379551 0.00297368 0.00333447 0.995145 0.00306893 0.995606
0.00377902 0.993516 0.0033379 0.00299728 0.994329 0.00341048 0.00301012 0.993727 0.00371979 0.992688 0.00285133 0.993608 0.99497 0.994908 0.00352732 0.993548 0.00360786 0.994006 0.99511 0.992077 0.994036 0.995304 0.993902 0.992067 0.994366 0.994174 0.993685 0.00276977 0.993993 0.00306475 0.993999 0.993999 0.0028855 0.00315666 0.0035219 0.994498 0.992087 0.994836 0.993244 0.00299842 0.00363207 0.995269 0.994262 0.0035268 0.992638 0.00312864 0.993584 0.994978 0.991087 0.0030008 0.00247352 0.00279147 0.996619 0.00275865 0.00330113 0.00340039 0.00333621 0.99662 0.00321257 0.00281937 0.995027 0.995135 0.99506 0.0030641 0.992841 0.00332381 0.00360111 0.996247 0.995774 0.997122 0.00336856 0.995648 0.00333697 0.00285762 0.00353892 0.99694 0.00280564 0.00330102 0.00306466 0.00297743 0.00329639 0.99573 0.00330995 0.995753 0.996622 0.00334106 0.997336 0.00294252 0.00287147 0.00353629 0.996692 0.00280936 0.995126 0.0032118 0.00378397 0.00297118 0.00332813 0.995174 0.00306535 0.995618
0.00376188 0.993529 0.00333029 0.00298917 0.994348 0.00339646 0.00300242 0.993726 0.00370735 0.992713 0.00284602 0.993613 0.99498 0.99491 0.00351539 0.993565 0.0035919 0.994007 0.995118 0.992088 0.994043 0.995304 0.993905 0.992081 0.99437 0.994179 0.993684 0.00276781 0.993994 0.00305604 0.994008 0.994006 0.00288042 0.00315028 0.00350946 0.994517 0.992099 0.994851 0.993266 0.00299068 0.00361565 0.995279 0.99428 0.00351309 0.992639 0.00312222 0.993619 0.994983 0.991115 0.00299623 0.00247556 0.0027918 0.996627 0.00275685 0.00329749 0.00339208 0.00333164 0.996629 0.00320623 0.00281674 0.995036 0.99515 0.995069 0.00306402 0.992854 0.0033176 0.00359114 0.996253 0.995779 0.997128 0.00336123 0.995642 0.00332646 0.00285425 0.00353044 0.996949 0.00280298 0.00329525 0.00306478 0.00297494 0.00329241 0.995747 0.00330517 0.99577 0.99663 0.00333629 0.997338 0.00293956 0.00287202 0.00352648 0.996706 0.00280789 0.995139 0.00320478 0.00377248 0.00296833 0.00332182 0.995203 0.00306152 0.995628
0.00374481 0.993541 0.00332288 0.00298165 0.994366 0.00338276 0.00299482 0.993724 0.00369524 0.992737 0.00284085 0.993618 0.994991 0.99491 0.00350435 0.993581 0.00357709 0.994009 0.995126 0.992097 0.99405 0.995304 0.993908 0.992095 0.994374 0.994184 0.993683 0.00276622 0.993995 0.00304717 0.994015 0.994013 0.00287523 0.00314377 0.00349698 0.994535 0.992109 0.994866 0.993286 0.00298312 0.00360024 0.995289 0.994296 0.00349894 0.992639 0.00311514 0.993654 0.994988 0.991143 0.00299169 0.0024774 0.00279161 0.996635 0.00275515 0.00329373 0.00338477 0.00332615 0.996638 0.0031996 0.00281438 0.995045 0.995167 0.995078 0.00306361 0.992866 0.00331154 0.00358169 0.996259 0.995784 0.997134 0.00335405 0.995636 0.00331545 0.0028513 0.00352097 0.996958 0.00280043 0.00328905 0.00306434 0.00297211 0.00328815 0.995765 0.00330055 0.995788 0.996638 0.00333183 0.99734 0.00293681 0.00287264 0.0035166 0.996719 0.00280615 0.995154 0.00319769 0.00376039 0.00296561 0.00331595 0.995232 0.00305755 0.995639
0.00372847 0.993551 0.0033153 0.0029739 0.994383 0.00336897 0.00298748 0.993724 0.0036829 0.992761 0.00283586 0.993624 0.995002 0.99491 0.00349311 0.993597 0.00356178 0.994011 0.995134 0.992108 0.994057 0.995304 0.993911 0.992109 0.994378 0.994189 0.993682 0.00276391 0.993994 0.00303856 0.994023 0.994023 0.00286993 0.00313724 0.00348551 0.994553 0.992119 0.994882 0.993306 0.00297576 0.00358496 0.995299 0.994313 0.00348546 0.992639 0.0031088 0.993688 0.994992 0.991171 0.00298692 0.00247957 0.00279218 0.996643 0.00275389 0.00329042 0.00337699 0.00332143 0.996647 0.00319275 0.0028118 0.995053 0.995183 0.995086 0.00306393 0.99288 0.00330563 0.00357223 0.996264 0.99579 0.997139 0.00334739 0.99563 0.00330612 0.0028486 0.00351189 0.996967 0.00279787 0.00328265 0.00306414 0.00296979 0.00328446 0.995782 0.00329586 0.995806 0.996645 0.003327 0.997342 0.00293377 0.00287307 0.00350669 0.996733 0.00280514 0.995167 0.00319114 0.00374916 0.00296341 0.00331039 0.99526 0.00305395 0.995649
0.00371214 0.993563 0.00330831 0.0029664 0.994402 0.00335576 0.00298 0.993722 0.00367038 0.992787 0.00282995 0.993629 0.995012 0.99491 0.00348185 0.993613 0.00354634 0.994012 0.99514 0.992119 0.994064 0.995303 0.993914 0.992122 0.994383 0.994194 0.993682 0.0027618 0.993996 0.00303009 0.99403 0.994032 0.00286515 0.00313071 0.0034741 0.99457 0.992129 0.994896 0.993326 0.00296846 0.00356985 0.995309 0.994328 0.00347173 0.992639 0.00310184 0.993722 0.994997 0.991199 0.00298255 0.00248187 0.0027921 0.99665 0.00275243 0.00328722 0.00336969 0.00331678 0.996656 0.00318599 0.00280931 0.995062 0.9952 0.995094 0.00306372 0.992892 0.00329997 0.00356285 0.99627 0.995794 0.997145 0.00334065 0.995625 0.00329601 0.00284586 0.00350309 0.996975 0.00279461 0.00327664 0.00306355 0.00296768 0.00328011 0.995799 0.00329132 0.995822 0.996653 0.00332292 0.997344 0.00293106 0.00287381 0.00349659 0.996746 0.00280377 0.99518 0.00318503 0.00373768 0.00296103 0.00330422 0.995287 0.00305023 0.995659
0.00369648 0.993574 0.00330105 0.00295874 0.99442 0.0033423 0.00297273 0.993721 0.00365922 0.992811 0.00282429 0.993633 0.995022 0.99491 0.00347097 0.993628 0.00353124 0.994013 0.995148 0.992129 0.994072 0.995302 0.993916 0.992136 0.994387 0.994199 0.993682 0.00275963 0.993997 0.00302215 0.994039 0.994039 0.00285969 0.00312449 0.00346246 0.994588 0.99214 0.994912 0.993345 0.0029614 0.00355447 0.995319 0.994344 0.00345806 0.99264 0.0030954 0.993756 0.995002 0.991226 0.00297789 0.00248391 0.00279266 0.996658 0.00275092 0.00328329 0.00336248 0.00331273 0.996665 0.00317951 0.00280696 0.995071 0.995215 0.995103 0.00306397 0.992904 0.00329361 0.00355393 0.996276 0.9958 0.99715 0.00333346 0.995618 0.00328636 0.0028432 0.00349489 0.996984 0.00279235 0.00327073 0.0030633 0.0029654 0.00327601 0.995816 0.00328661 0.995839 0.996661 0.0033187 0.997345 0.00292787 0.00287427 0.0034875 0.996759 0.002802 0.995193 0.00317832 0.0037259 0.00295831 0.00329792 0.995314 0.00304707 0.995668
0.00368009 0.993586 0.00329353 0.00295123 0.994438 0.00332944 0.00296491 0.99372 0.00364758 0.992833 0.00281916 0.993637 0.995032 0.99491 0.00345943 0.993643 0.0035164 0.994015 0.995156 0.992139 0.994079 0.995303 0.993919 0.992148 0.994391 0.994206 0.99368 0.00275776 0.993998 0.00301376 0.994046 0.994047 0.00285479 0.00311798 0.00345092 0.994605 0.992149 0.994927 0.993365 0.00295423 0.00353998 0.99533 0.99436 0.00344553 0.992641 0.00308872 0.99379 0.995007 0.991254 0.00297359 0.00248566 0.0027932 0.996665 0.00274949 0.00327998 0.00335483 0.00330869 0.996674 0.00317276 0.00280436 0.99508 0.995231 0.995111 0.00306321 0.992917 0.00328808 0.00354447 0.996281 0.995804 0.997156 0.00332653 0.995613 0.00327632 0.00284071 0.00348626 0.996992 0.00278972 0.00326491 0.00306303 0.00296271 0.00327207 0.995833 0.00328297 0.995855 0.996668 0.00331399 0.997347 0.00292528 0.00287475 0.00347848 0.996772 0.00280088 0.995204 0.00317284 0.00371447 0.00295546 0.00329159 0.995342 0.00304321 0.995679
0.00366522 0.993598 0.00328615 0.00294329 0.994456 0.00331635 0.00295757 0.993718 0.00363551 0.992855 0.00281421 0.993641 0.995042 0.99491 0.00344853 0.993659 0.0035021 0.994016 0.995163 0.992148 0.994085 0.995303 0.993922 0.992161 0.994395 0.99421 0.993679 0.00275569 0.993999 0.00300556 0.994053 0.994054 0.00284965 0.00311137 0.00343993 0.994622 0.992159 0.99494 0.993383 0.00294705 0.00352551 0.995339 0.994376 0.00343244 0.992642 0.00308256 0.993822 0.995012 0.991281 0.0029688 0.00248743 0.00279389 0.996671 0.00274782 0.00327673 0.00334701 0.00330415 0.996683 0.00316575 0.00280203 0.995089 0.995247 0.995119 0.00306332 0.992929 0.00328246 0.00353501 0.996287 0.995808 0.997162 0.00331988 0.995607 0.00326635 0.00283825 0.00347803 0.997 0.00278776 0.00325974 0.00306316 0.00296022 0.00326819 0.99585 0.00327899 0.995872 0.996676 0.0033099 0.997348 0.00292244 0.00287566 0.0034692 0.996784 0.00279913 0.995216 0.00316689 0.00370346 0.00295319 0.00328604 0.995368 0.00304036 0.995688
0.00364983 0.993609 0.00327881 0.00293596 0.994473 0.00330318 0.00295069 0.993718 0.00362419 0.992878 0.00280878 0.993644 0.995052 0.99491 0.00343804 0.993675 0.00348738 0.994017 0.99517 0.992158 0.994091 0.995302 0.993924 0.992174 0.9944 0.994215 0.993678 0.0027536 0.994 0.00299738 0.99406 0.994062 0.00284385 0.00310518 0.00342876 0.994639 0.992169 0.994954 0.993402 0.00294 0.00351124 0.995349 0.994391 0.00341973 0.992643 0.00307632 0.993854 0.995017 0.991308 0.00296451 0.00248893 0.00279416 0.996679 0.00274567 0.00327335 0.00333981 0.00329976 0.996691 0.00315942 0.00279986 0.995097 0.995262 0.995127 0.00306338 0.992939 0.00327699 0.00352567 0.996292 0.995812 0.997168 0.00331275 0.995602 0.00325681 0.0028356 0.00346986 0.997008 0.00278569 0.00325374 0.00306294 0.00295827 0.00326461 0.995866 0.003275 0.995888 0.996683 0.00330525 0.997351 0.00291996 0.0028763 0.00345984 0.996797 0.00279794 0.995229 0.00316079 0.0036924 0.00295075 0.00328094 0.995394 0.00303675 0.995698
0.00363478 0.993622 0.00327166 0.00292885 0.994488 0.0032904 0.00294371 0.993716 0.0036125 0.992901 0.00280391 0.993649 0.995061 0.994909 0.00342765 0.99369 0.003473 0.994018 0.995177 0.992169 0.994096 0.995302 0.993926 0.992187 0.994404 0.994219 0.993677 0.00275183 0.994001 0.00298964 0.994068 0.994069 0.00283823 0.00309996 0.00341747 0.994655 0.992179 0.994969 0.99342 0.00293311 0.00349781 0.995359 0.994406 0.00340656 0.992644 0.00306942 0.993885 0.995021 0.991334 0.00296004 0.00249062 0.00279438 0.996686 0.00274367 0.00327009 0.00333294 0.00329589 0.9967 0.00315317 0.00279697 0.995106 0.995276 0.995135 0.00306306 0.992951 0.00327101 0.0035171 0.996298 0.995816 0.997173 0.00330555 0.995596 0.00324709 0.00283334 0.00346147 0.997015 0.00278331 0.0032481 0.00306304 0.00295619 0.00326132 0.995882 0.00327141 0.995904 0.99669 0.00330127 0.997353 0.00291752 0.00287729 0.00345054 0.996809 0.00279685 0.99524 0.00315505 0.00368177 0.00294823 0.00327543 0.995419 0.00303345 0.995708
0.00362035 0.993634 0.00326385 0.00292194 0.994505 0.0032782 0.00293725 0.993715 0.00360144 0.992923 0.00279928 0.993654 0.995072 0.994909 0.00341737 0.993705 0.00346003 0.994019 0.995185 0.992178 0.994102 0.995302 0.99393 0.9922 0.994409 0.994224 0.993677 0.00275021 0.994003 0.0029815 0.994075 0.994077 0.00283333 0.00309362 0.0034063 0.994671 0.992188 0.994982 0.993438 0.00292597 0.00348321 0.995368 0.994421 0.00339412 0.992645 0.00306263 0.993916 0.995026 0.991358 0.00295528 0.00249222 0.0027948 0.996693 0.00274177 0.00326671 0.00332569 0.00329167 0.996708 0.00314826 0.00279464 0.995114 0.995291 0.995143 0.00306304 0.992964 0.00326569 0.00350848 0.996303 0.995821 0.997178 0.00329859 0.995591 0.00323826 0.00283009 0.00345317 0.997023 0.00278112 0.00324239 0.00306274 0.00295396 0.00325762 0.995898 0.00326643 0.99592 0.996697 0.00329734 0.997354 0.00291465 0.00287751 0.00344171 0.996822 0.00279541 0.995251 0.00314905 0.00367122 0.00294598 0.0032695 0.995445 0.00302986 0.995718
0.00360565 0.993645 0.00325694 0.00291518 0.994521 0.00326644 0.00293021 0.993714 0.00358966 0.992945 0.00279449 0.993658 0.99508 0.994908 0.00340728 0.99372 0.0034464 0.99402 0.995192 0.992187 0.994109 0.995301 0.993933 0.992215 0.994414 0.994229 0.993676 0.00274824 0.994003 0.00297367 0.994082 0.994084 0.00282875 0.00308782 0.00339576 0.994688 0.992196 0.994996 0.993456 0.00291921 0.00346934 0.995377 0.994436 0.00338191 0.992646 0.00305658 0.993947 0.995029 0.991385 0.00295114 0.00249381 0.00279495 0.9967 0.00273988 0.00326302 0.00331819 0.00328809 0.996716 0.00314202 0.00279245 0.995122 0.995306 0.995151 0.00306291 0.992975 0.00326022 0.00349998 0.996308 0.995825 0.997184 0.00329183 0.995586 0.00322976 0.00282712 0.00344538 0.997031 0.00277882 0.00323671 0.00306206 0.00295167 0.00325386 0.995914 0.00326256 0.995936 0.996704 0.0032936 0.997356 0.00291241 0.00287818 0.00343253 0.996834 0.00279406 0.995263 0.00314348 0.00366033 0.00294335 0.00326419 0.995469 0.00302637 0.995726
0.00359092 0.993657 0.00325042 0.00290864 0.994537 0.00325467 0.00292299 0.993714 0.00357876 0.992966 0.00278941 0.993663 0.995089 0.994908 0.00339691 0.993735 0.00343254 0.994022 0.995199 0.992196 0.994115 0.9953 0.993936 0.992227 0.994417 0.994233 0.993674 0.00274644 0.994004 0.00296587 0.99409 0.994091 0.00282429 0.00308183 0.00338499 0.994704 0.992206 0.995009 0.993473 0.00291231 0.00345552 0.995387 0.994451 0.00337016 0.992646 0.00305035 0.993977 0.995033 0.99141 0.0029467 0.00249532 0.0027962 0.996707 0.00273864 0.00325973 0.00331174 0.0032841 0.996724 0.00313655 0.00279069 0.995131 0.995321 0.995159 0.00306264 0.992987 0.00325486 0.00349127 0.996312 0.995828 0.997188 0.003286 0.995581 0.00322076 0.00282472 0.00343727 0.997038 0.00277653 0.00323148 0.0030621 0.00294935 0.00325027 0.99593 0.00325832 0.995951 0.996711 0.00328967 0.997358 0.00290991 0.00287863 0.00342338 0.996845 0.00279297 0.995274 0.00313746 0.00364957 0.00294081 0.00325878 0.995494 0.00302339 0.995735
0.00357733 0.993669 0.00324335 0.00290113 0.994553 0.00324295 0.00291633 0.993713 0.00356759 0.992987 0.00278448 0.993667 0.995099 0.994909 0.00338648 0.99375 0.00341893 0.994024 0.995205 0.992203 0.99412 0.9953 0.993939 0.992241 0.99442 0.994237 0.993673 0.00274474 0.994004 0.00295901 0.994097 0.994099 0.00281947 0.0030765 0.00337473 0.994721 0.992216 0.995023 0.993491 0.00290521 0.00344187 0.995395 0.994466 0.00335824 0.992646 0.00304454 0.994006 0.995038 0.991434 0.00294251 0.00249726 0.00279656 0.996714 0.00273693 0.00325643 0.00330477 0.0032797 0.996732 0.00313088 0.00278877 0.995139 0.995336 0.995168 0.00306244 0.992998 0.00324901 0.00348318 0.996317 0.995832 0.997194 0.00327975 0.995575 0.00321225 0.00282197 0.00342985 0.997046 0.00277395 0.00322633 0.00306191 0.00294715 0.0032464 0.995945 0.00325354 0.995966 0.996717 0.00328568 0.99736 0.0029079 0.00287947 0.00341451 0.996857 0.00279137 0.995285 0.00313095 0.00363857 0.00293873 0.0032532 0.995518 0.00302001 0.995745
0.00356307 0.99368 0.00323658 0.00289479 0.994568 0.0032312 0.00290968 0.993711 0.00355691 0.993008 0.00277951 0.993672 0.995108 0.994909 0.00337618 0.993763 0.00340604 0.994024 0.995212 0.992213 0.994126 0.9953 0.993943 0.992253 0.994424 0.994242 0.993673 0.00274316 0.994005 0.00295202 0.994104 0.994106 0.00281454 0.00307041 0.00336428 0.994736 0.992225 0.995035 0.993509 0.00289881 0.00342839 0.995404 0.99448 0.00334704 0.992647 0.00303844 0.994035 0.995042 0.991459 0.00293836 0.00249918 0.00279676 0.996721 0.00273528 0.00325279 0.00329789 0.00327524 0.99674 0.00312497 0.00278668 0.995147 0.99535 0.995175 0.00306258 0.993009 0.00324362 0.00347535 0.996322 0.995836 0.997199 0.00327362 0.99557 0.0032034 0.00281918 0.00342225 0.997054 0.0027717 0.00322088 0.00306175 0.00294512 0.00324271 0.99596 0.00324958 0.995981 0.996724 0.00328148 0.997361 0.0029054 0.00288014 0.00340596 0.996869 0.00278993 0.995296 0.00312532 0.00362821 0.00293652 0.00324804 0.995542 0.00301664 0.995753
0.00354911 0.99369 0.00323036 0.00288811 0.994584 0.00321956 0.00290344 0.993709 0.00354667 0.993029 0.00277502 0.993676 0.995118 0.994909 0.00336628 0.993777 0.0033928 0.994025 0.995219 0.992223 0.994131 0.9953 0.993946 0.992264 0.994427 0.994246 0.993671 0.00274143 0.994006 0.00294515 0.994112 0.994114 0.00281011 0.00306519 0.00335407 0.994752 0.992236 0.995048 0.993526 0.00289182 0.003415 0.995413 0.994494 0.00333504 0.992647 0.00303265 0.994063 0.995046 0.991485 0.00293394 0.00250128 0.00279696 0.996727 0.00273361 0.00324935 0.0032916 0.00327087 0.996748 0.00311965 0.00278503 0.995154 0.995365 0.995182 0.00306249 0.99302 0.00323842 0.00346717 0.996327 0.99584 0.997204 0.00326712 0.995565 0.0031954 0.00281708 0.00341475 0.997062 0.00276954 0.00321581 0.00306132 0.00294279 0.00324004 0.995976 0.00324533 0.995996 0.996731 0.00327755 0.997363 0.00290346 0.00288011 0.00339731 0.99688 0.00278865 0.995307 0.00311926 0.00361767 0.00293446 0.00324292 0.995565 0.00301343 0.995762
0.00353553 0.993701 0.00322412 0.00288133 0.994599 0.00320785 0.00289752 0.993708 0.00353625 0.993049 0.0027701 0.993681 0.995127 0.994909 0.00335616 0.993791 0.0033796 0.994025 0.995226 0.992231 0.994137 0.9953 0.993948 0.992276 0.99443 0.99425 0.99367 0.0027392 0.994006 0.00293789 0.994119 0.99412 0.00280579 0.00305967 0.00334365 0.994767 0.992244 0.995061 0.993543 0.00288455 0.00340216 0.995421 0.994508 0.003324 0.992648 0.0030269 0.994093 0.99505 0.99151 0.00292993 0.00250344 0.00279757 0.996734 0.0027323 0.00324609 0.00328497 0.00326641 0.996756 0.00311389 0.00278334 0.995162 0.995379 0.99519 0.00306254 0.99303 0.0032337 0.00345978 0.996331 0.995843 0.997209 0.00326045 0.995559 0.00318702 0.00281458 0.00340713 0.997069 0.0027676 0.00321051 0.00306081 0.00294093 0.00323642 0.99599 0.00324122 0.99601 0.996738 0.00327345 0.997364 0.00290082 0.00288059 0.00338937 0.996891 0.0027878 0.995318 0.00311369 0.00360761 0.00293214 0.00323753 0.995588 0.00301069 0.995771
0.00352192 0.993711 0.00321773 0.00287486 0.994613 0.00319663 0.00289133 0.993708 0.0035262 0.993069 0.00276616 0.993686 0.995137 0.99491 0.00334683 0.993805 0.00336649 0.994026 0.995233 0.992239 0.994142 0.995299 0.99395 0.992288 0.994435 0.994255 0.993671 0.00273742 0.994006 0.00293161 0.994125 0.994127 0.00280127 0.00305419 0.00333359 0.994783 0.992254 0.995075 0.99356 0.00287833 0.00338972 0.995428 0.994522 0.00331202 0.992648 0.00302132 0.99412 0.995054 0.991532 0.00292599 0.00250505 0.00279788 0.996741 0.0027307 0.0032431 0.00327825 0.00326256 0.996763 0.00310819 0.00278101 0.99517 0.995392 0.995197 0.00306249 0.993042 0.00322869 0.00345121 0.996335 0.995848 0.997214 0.0032545 0.995553 0.0031786 0.00281193 0.00340014 0.997075 0.00276524 0.00320496 0.00306025 0.002939 0.00323297 0.996005 0.0032373 0.996025 0.996745 0.00326895 0.997366 0.00289841 0.00288121 0.00338104 0.996903 0.00278678 0.995329 0.00310772 0.00359777 0.00292971 0.00323235 0.99561 0.00300772 0.99578
0.00350865 0.993722 0.00321173 0.00286797 0.994628 0.0031852 0.00288481 0.993707 0.00351675 0.993088 0.00276229 0.993689 0.995146 0.99491 0.00333783 0.993818 0.00335408 0.994026 0.995239 0.992249 0.994148 0.995298 0.993953 0.992299 0.994438 0.99426 0.99367 0.00273561 0.994008 0.00292422 0.994132 0.994133 0.00279679 0.00304868 0.00332366 0.994797 0.992263 0.995088 0.993577 0.00287191 0.00337675 0.995437 0.994536 0.00330115 0.992648 0.00301552 0.994148 0.995058 0.991557 0.00292236 0.00250638 0.00279889 0.996747 0.00272903 0.00324038 0.0032712 0.00325854 0.99677 0.00310282 0.0027785 0.995178 0.995405 0.995205 0.00306181 0.993053 0.00322348 0.0034431 0.996339 0.995852 0.997219 0.00324838 0.995548 0.00317013 0.00280951 0.00339302 0.997082 0.00276284 0.00320003 0.00305945 0.00293659 0.00322987 0.99602 0.00323316 0.996039 0.996751 0.00326561 0.997367 0.00289672 0.00288157 0.00337331 0.996915 0.00278536 0.99534 0.003102 0.0035877 0.00292723 0.00322691 0.995632 0.00300517 0.99579
0.00349583 0.993732 0.00320502 0.00286158 0.994643 0.00317398 0.00287886 0.993706 0.00350644 0.993109 0.00275841 0.993693 0.995154 0.99491 0.00332854 0.993832 0.00334169 0.994027 0.995245 0.992258 0.994153 0.995298 0.993956 0.992312 0.994442 0.994264 0.993669 0.00273374 0.994009 0.00291755 0.994138 0.99414 0.0027922 0.00304318 0.00331405 0.994812 0.992272 0.9951 0.993595 0.0028657 0.00336413 0.995445 0.994549 0.00329006 0.992649 0.00300976 0.994175 0.995061 0.991581 0.00291853 0.00250794 0.00279902 0.996753 0.00272808 0.00323751 0.00326442 0.00325505 0.996777 0.00309692 0.0027764 0.995185 0.995419 0.995212 0.00306096 0.993062 0.00321809 0.00343547 0.996344 0.995855 0.997223 0.00324249 0.995542 0.00316157 0.00280734 0.00338606 0.997089 0.00276054 0.00319503 0.00305919 0.00293478 0.00322706 0.996035 0.00322961 0.996053 0.996757 0.00326148 0.99737 0.00289417 0.00288234 0.00336564 0.996925 0.00278398 0.995351 0.0030965 0.00357787 0.00292501 0.00322188 0.995654 0.00300236 0.995798
0.00348267 0.993743 0.00319896 0.00285514 0.994658 0.00316324 0.00287256 0.993705 0.00349613 0.993128 0.00275466 0.993696 0.995163 0.994909 0.00331964 0.993845 0.00332933 0.994028 0.995251 0.992267 0.994158 0.995298 0.993959 0.992323 0.994446 0.994268 0.993669 0.00273208 0.99401 0.00291015 0.994144 0.994146 0.00278777 0.00303766 0.0033044 0.994828 0.99228 0.995112 0.993611 0.0028598 0.00335214 0.995453 0.994563 0.00327973 0.992649 0.00300415 0.994201 0.995065 0.991603 0.00291483 0.0025098 0.00279928 0.996759 0.00272671 0.00323427 0.00325791 0.00325102 0.996784 0.00309211 0.00277432 0.995193 0.995433 0.995219 0.00306098 0.993073 0.00321307 0.00342773 0.996349 0.99586 0.997228 0.00323719 0.995538 0.00315306 0.00280455 0.00337854 0.997096 0.0027585 0.00319008 0.00305919 0.00293292 0.00322365 0.996048 0.00322608 0.996067 0.996764 0.00325827 0.997372 0.00289215 0.00288285 0.00335746 0.996935 0.00278342 0.995362 0.00309066 0.00356837 0.00292256 0.00321698 0.995676 0.00299927 0.995807
0.00346947 0.993752 0.00319351 0.00284877 0.994672 0.00315185 0.00286671 0.993704 0.00348623 0.993148 0.00275014 0.9937 0.99517 0.994909 0.00331069 0.993858 0.00331714 0.994028 0.995258 0.992276 0.994163 0.995298 0.993961 0.992335 0.99445 0.994273 0.993668 0.00273045 0.994011 0.00290347 0.994151 0.994153 0.00278359 0.00303274 0.00329518 0.994843 0.992288 0.995124 0.993626 0.00285394 0.00333955 0.995461 0.994576 0.00326925 0.99265 0.00299826 0.994229 0.995069 0.991626 0.00291063 0.00251127 0.00279949 0.996765 0.0027247 0.00323116 0.00325129 0.00324703 0.996791 0.00308702 0.00277226 0.995199 0.995445 0.995226 0.00306055 0.993085 0.00320814 0.00342039 0.996353 0.995863 0.997232 0.00323178 0.995532 0.00314536 0.00280183 0.00337151 0.997103 0.0027565 0.00318489 0.00305895 0.00293093 0.0032202 0.996062 0.00322237 0.996081 0.996769 0.00325465 0.997373 0.00289023 0.00288355 0.00334984 0.996946 0.00278166 0.995372 0.00308544 0.00355899 0.00292085 0.00321176 0.995697 0.00299654 0.995816
0.00345774 0.993762 0.00318721 0.0028427 0.994686 0.00314138 0.00286067 0.993705 0.00347659 0.993168 0.00274599 0.993705 0.995179 0.99491 0.00330212 0.993871 0.0033054 0.99403 0.995264 0.992286 0.994168 0.995297 0.993964 0.992345 0.994453 0.994277 0.993666 0.00272881 0.994011 0.00289697 0.994156 0.99416 0.00277888 0.00302766 0.00328559 0.994858 0.992297 0.995135 0.993642 0.00284795 0.00332769 0.99547 0.994589 0.00325897 0.992651 0.00299229 0.994256 0.995073 0.991648 0.00290614 0.00251284 0.00280021 0.996771 0.00272338 0.00322798 0.00324501 0.00324354 0.996798 0.0030817 0.00277058 0.995207 0.995459 0.995233 0.00306026 0.993095 0.00320311 0.00341291 0.996358 0.995867 0.997237 0.00322632 0.995526 0.0031371 0.00279957 0.00336436 0.997109 0.00275409 0.0031797 0.00305847 0.00292862 0.00321708 0.996075 0.00321893 0.996095 0.996776 0.00325099 0.997375 0.00288797 0.00288402 0.00334213 0.996957 0.00278081 0.995382 0.0030803 0.00354953 0.0029187 0.00320698 0.995718 0.00299369 0.995824
0.00344514 0.993773 0.00318085 0.00283681 0.9947 0.00313164 0.00285426 0.993704 0.00346723 0.993187 0.00274185 0.993708 0.995187 0.994909 0.00329312 0.993885 0.00329325 0.99403 0.995271 0.992295 0.994173 0.995297 0.993966 0.992357 0.994457 0.994281 0.993665 0.00272744 0.994012 0.00288988 0.994162 0.994165 0.00277471 0.003023 0.00327634 0.994872 0.992305 0.995147 0.993658 0.00284168 0.00331558 0.995478 0.994601 0.00324853 0.992652 0.00298688 0.994282 0.995076 0.99167 0.0029021 0.00251455 0.00280057 0.996777 0.00272193 0.00322499 0.00323918 0.00323998 0.996805 0.00307579 0.00276839 0.995215 0.995472 0.99524 0.00306005 0.993105 0.00319839 0.00340525 0.996363 0.995871 0.997241 0.0032206 0.995521 0.00312931 0.0027967 0.00335754 0.997116 0.00275184 0.00317494 0.00305842 0.00292656 0.00321327 0.996089 0.00321513 0.996108 0.996781 0.0032475 0.997376 0.0028859 0.00288447 0.00333464 0.996967 0.00277981 0.995392 0.00307481 0.00353994 0.00291683 0.00320243 0.995739 0.00299082 0.995834
0.0034324 0.993782 0.00317495 0.00283077 0.994714 0.00312111 0.00284851 0.993703 0.00345805 0.993205 0.00273805 0.993712 0.995196 0.994909 0.00328426 0.993898 0.00328135 0.994031 0.995276 0.992304 0.994178 0.995298 0.993967 0.992368 0.99446 0.994286 0.993665 0.00272572 0.994013 0.00288355 0.994169 0.994173 0.00277082 0.00301816 0.00326723 0.994886 0.992312 0.995159 0.993673 0.00283549 0.00330406 0.995486 0.994614 0.00323837 0.992654 0.00298165 0.994308 0.99508 0.99169 0.00289885 0.0025161 0.00280069 0.996784 0.0027201 0.00322213 0.00323317 0.00323704 0.996812 0.00307103 0.00276664 0.995222 0.995483 0.995247 0.00306022 0.993114 0.00319363 0.00339807 0.996367 0.995874 0.997246 0.00321491 0.995517 0.00312197 0.00279428 0.00335055 0.997122 0.00275005 0.0031703 0.0030585 0.0029244 0.00321017 0.996102 0.00321163 0.996122 0.996787 0.00324413 0.997378 0.00288343 0.00288473 0.00332695 0.996978 0.00277827 0.995403 0.0030699 0.00353093 0.00291482 0.00319692 0.995759 0.0029884 0.995841
0.00342014 0.993793 0.00316928 0.00282457 0.994727 0.00311104 0.00284268 0.993702 0.00344868 0.993223 0.00273396 0.993716 0.995204 0.994908 0.00327544 0.993911 0.00327035 0.994032 0.995283 0.992312 0.994182 0.995297 0.99397 0.992378 0.994463 0.994289 0.993664 0.00272405 0.994013 0.00287743 0.994176 0.994179 0.00276711 0.00301288 0.00325831 0.994901 0.99232 0.99517 0.993688 0.00283028 0.00329253 0.995494 0.994627 0.00322874 0.992653 0.00297663 0.994333 0.995084 0.991711 0.00289506 0.0025176 0.002801 0.99679 0.00271871 0.00321908 0.00322759 0.0032333 0.996819 0.00306608 0.00276427 0.995228 0.995496 0.995254 0.00306057 0.993124 0.00318935 0.00339076 0.996372 0.995877 0.997251 0.00320905 0.995512 0.00311401 0.00279257 0.0033438 0.997129 0.00274855 0.00316593 0.00305856 0.00292268 0.00320657 0.996115 0.00320756 0.996135 0.996794 0.00323978 0.99738 0.00288164 0.00288491 0.00331928 0.996987 0.00277647 0.995412 0.00306421 0.00352224 0.00291277 0.00319228 0.99578 0.00298613 0.99585
0.00340837 0.993802 0.0031631 0.00281887 0.994741 0.0031011 0.00283717 0.993702 0.00343949 0.99324 0.00272982 0.99372 0.995213 0.994908 0.00326672 0.993924 0.00325872 0.994033 0.995288 0.992319 0.994187 0.995297 0.993973 0.992388 0.994467 0.994294 0.993664 0.00272278 0.994015 0.00287135 0.994182 0.994186 0.00276305 0.00300824 0.00324902 0.994915 0.992329 0.995181 0.993703 0.00282443 0.00328085 0.995501 0.994639 0.00321841 0.992654 0.00297166 0.994358 0.995088 0.991735 0.00289179 0.00251886 0.00280133 0.996795 0.00271744 0.00321632 0.00322169 0.00322981 0.996825 0.00306109 0.00276244 0.995235 0.995509 0.995261 0.00306037 0.993133 0.00318518 0.00338389 0.996375 0.995881 0.997255 0.00320342 0.995507 0.00310631 0.00278992 0.00333706 0.997135 0.00274627 0.00316123 0.00305838 0.00292089 0.00320337 0.996127 0.00320373 0.996148 0.9968 0.00323674 0.997382 0.00287937 0.00288588 0.00331212 0.996997 0.00277565 0.995422 0.00305951 0.00351334 0.00291092 0.00318741 0.9958 0.00298281 0.995858
0.00339693 0.993811 0.00315772 0.00281354 0.994754 0.00309147 0.00283139 0.993699 0.00343053 0.993258 0.00272588 0.993723 0.995221 0.994907 0.00325751 0.993935 0.00324727 0.994034 0.995294 0.992326 0.994193 0.995297 0.993976 0.992399 0.99447 0.994297 0.993663 0.00272082 0.994017 0.00286488 0.994188 0.994192 0.00275921 0.00300352 0.00323985 0.994928 0.992336 0.995192 0.993717 0.00281904 0.00326972 0.995509 0.994652 0.00320813 0.992653 0.00296656 0.994381 0.995091 0.991755 0.00288805 0.00252049 0.00280127 0.996801 0.00271591 0.00321329 0.003215 0.00322646 0.996832 0.00305636 0.00276026 0.995243 0.99552 0.995267 0.00306009 0.993141 0.00318053 0.00337681 0.99638 0.995885 0.997259 0.00319765 0.995503 0.00309891 0.00278768 0.00333031 0.997141 0.00274376 0.00315669 0.00305816 0.00291891 0.00320013 0.99614 0.00320044 0.99616 0.996805 0.00323315 0.997384 0.00287729 0.0028868 0.00330462 0.997006 0.0027743 0.995431 0.00305445 0.0035045 0.00290932 0.00318278 0.99582 0.00298003 0.995865
0.00338564 0.993819 0.00315218 0.00280811 0.994767 0.00308218 0.00282569 0.993698 0.00342165 0.993275 0.0027223 0.993727 0.995229 0.994907 0.00324867 0.993949 0.00323704 0.994035 0.995301 0.992334 0.994197 0.995297 0.993978 0.992409 0.994472 0.9943 0.993663 0.00271941 0.994018 0.0028581 0.994195 0.994198 0.00275548 0.0029985 0.00323126 0.99494 0.992345 0.995203 0.993731 0.00281364 0.00325881 0.995516 0.994664 0.00319887 0.992654 0.00296118 0.994406 0.995095 0.991776 0.00288423 0.00252201 0.00280183 0.996806 0.00271455 0.00321068 0.00320933 0.00322308 0.996838 0.00305118 0.00275847 0.99525 0.995532 0.995274 0.00306026 0.993151 0.00317588 0.00336938 0.996385 0.995888 0.997264 0.00319229 0.995497 0.00309145 0.00278529 0.00332433 0.997147 0.00274171 0.0031521 0.00305791 0.00291721 0.00319731 0.996153 0.00319755 0.996173 0.996811 0.00322893 0.997385 0.00287472 0.00288715 0.0032976 0.997016 0.00277309 0.995441 0.00304928 0.00349596 0.00290736 0.00317805 0.995839 0.002977 0.995873
0.00337414 0.993829 0.00314611 0.00280306 0.99478 0.00307213 0.00282016 0.993696 0.00341286 0.993293 0.00271846 0.993731 0.995236 0.994907 0.00324061 0.99396 0.00322594 0.994036 0.995307 0.992342 0.994202 0.995297 0.99398 0.992418 0.994477 0.994305 0.993662 0.0027181 0.994019 0.00285177 0.994201 0.994204 0.00275116 0.00299329 0.00322231 0.994953 0.992352 0.995215 0.993746 0.00280745 0.00324784 0.995524 0.994676 0.00318894 0.992654 0.00295589 0.994429 0.995099 0.991798 0.0028813 0.00252333 0.00280243 0.996811 0.00271351 0.00320824 0.00320338 0.00321968 0.996845 0.00304636 0.00275659 0.995256 0.995543 0.995281 0.00306027 0.993161 0.0031712 0.00336246 0.996389 0.995892 0.997268 0.0031869 0.995492 0.00308453 0.00278313 0.00331761 0.997153 0.00273989 0.0031481 0.0030573 0.00291562 0.00319422 0.996165 0.00319451 0.996185 0.996817 0.00322553 0.997387 0.00287289 0.00288739 0.0032901 0.997025 0.00277175 0.995451 0.00304429 0.0034877 0.00290558 0.00317391 0.995858 0.00297394 0.995881
0.00336336 0.993838 0.00314047 0.00279761 0.994793 0.00306232 0.00281454 0.993695 0.00340427 0.99331 0.00271491 0.993735 0.995244 0.994908 0.00323306 0.993973 0.00321562 0.994037 0.995313 0.99235 0.994206 0.995297 0.993983 0.992428 0.99448 0.994309 0.993661 0.00271697 0.99402 0.00284521 0.994206 0.994209 0.00274753 0.00298862 0.00321378 0.994966 0.992359 0.995225 0.99376 0.00280216 0.00323675 0.995531 0.994688 0.00317925 0.992656 0.00295094 0.994453 0.995102 0.991818 0.00287817 0.00252506 0.00280289 0.996817 0.00271197 0.0032052 0.00319763 0.00321629 0.996851 0.00304164 0.00275454 0.995263 0.995555 0.995288 0.0030601 0.993169 0.00316675 0.00335608 0.996392 0.995895 0.997273 0.00318149 0.995488 0.00307683 0.00278114 0.00331067 0.997159 0.00273847 0.00314314 0.00305729 0.0029136 0.00319136 0.996177 0.00319083 0.996197 0.996823 0.00322264 0.997388 0.00287105 0.00288808 0.00328357 0.997035 0.00277075 0.995461 0.00303922 0.00347984 0.00290345 0.00316953 0.995877 0.00297082 0.995889
0.00335178 0.993847 0.00313506 0.00279219 0.994806 0.00305276 0.00280892 0.993693 0.00339549 0.993327 0.00271139 0.993738 0.995251 0.994908 0.00322502 0.993984 0.00320438 0.994038 0.995319 0.992358 0.99421 0.995297 0.993983 0.992437 0.994484 0.994313 0.99366 0.00271559 0.994021 0.00283902 0.994212 0.994214 0.0027438 0.00298404 0.00320513 0.994978 0.992366 0.995236 0.993774 0.002797 0.00322661 0.995539 0.9947 0.00317024 0.992656 0.00294586 0.994476 0.995106 0.991838 0.00287485 0.00252706 0.00280377 0.996823 0.00271066 0.00320232 0.00319195 0.00321268 0.996857 0.00303679 0.00275248 0.995269 0.995566 0.995294 0.00305951 0.993178 0.00316206 0.00334911 0.996396 0.995898 0.997277 0.00317627 0.995483 0.00306959 0.00277879 0.00330418 0.997165 0.00273647 0.00313861 0.00305734 0.00291147 0.00318815 0.996189 0.00318703 0.99621 0.996828 0.00321876 0.997389 0.00286935 0.00288881 0.00327687 0.997044 0.00277017 0.995469 0.00303483 0.00347158 0.00290124 0.00316497 0.995895 0.00296786 0.995897
0.00334047 0.993856 0.00313015 0.00278618 0.994818 0.00304389 0.00280416 0.993692 0.00338692 0.993343 0.00270835 0.993742 0.995259 0.994908 0.00321728 0.993995 0.00319442 0.994039 0.995325 0.992365 0.994214 0.995297 0.993985 0.992448 0.994487 0.994316 0.99366 0.00271454 0.994021 0.00283343 0.994217 0.994219 0.00274028 0.00297955 0.00319687 0.99499 0.992372 0.995246 0.993789 0.00279113 0.00321598 0.995547 0.994712 0.00316025 0.992655 0.00294106 0.9945 0.99511 0.99186 0.00287192 0.00252852 0.00280409 0.996828 0.00270947 0.00319956 0.00318612 0.00320922 0.996864 0.00303184 0.00275037 0.995276 0.995577 0.995299 0.00305935 0.993186 0.00315745 0.00334218 0.9964 0.995902 0.997281 0.00317109 0.995479 0.00306244 0.00277654 0.00329834 0.997171 0.00273455 0.00313406 0.00305719 0.00290988 0.00318463 0.996201 0.00318366 0.996222 0.996833 0.00321582 0.997391 0.0028675 0.00288929 0.00327 0.997053 0.00276943 0.995478 0.00303004 0.00346354 0.0028992 0.00316038 0.995913 0.00296546 0.995904
0.00332895 0.993866 0.00312481 0.00278059 0.994831 0.0030344 0.00279914 0.993691 0.00337842 0.993361 0.00270482 0.993745 0.995267 0.994908 0.00321018 0.994007 0.00318386 0.994039 0.995331 0.992374 0.994219 0.995295 0.993987 0.992458 0.994489 0.99432 0.99366 0.00271303 0.994021 0.00282801 0.994222 0.994224 0.00273713 0.00297447 0.00318858 0.995003 0.992379 0.995258 0.993802 0.00278572 0.00320584 0.995555 0.994723 0.00315091 0.992655 0.00293652 0.994522 0.995114 0.99188 0.00286933 0.00252952 0.00280473 0.996834 0.00270829 0.00319682 0.00318039 0.00320578 0.996871 0.00302754 0.00274822 0.995282 0.995588 0.995305 0.0030592 0.993195 0.00315331 0.00333613 0.996404 0.995905 0.997285 0.00316553 0.995475 0.00305578 0.00277447 0.00329227 0.997176 0.00273225 0.00312994 0.00305736 0.00290807 0.00318161 0.996213 0.00318025 0.996234 0.996839 0.00321312 0.997393 0.00286527 0.00288993 0.00326353 0.997062 0.00276834 0.995487 0.00302485 0.00345516 0.00289763 0.00315545 0.99593 0.00296259 0.995911
0.00331756 0.993876 0.00311987 0.00277524 0.994843 0.00302546 0.00279373 0.993691 0.00337006 0.993377 0.00270125 0.993749 0.995274 0.994908 0.00320199 0.994018 0.00317364 0.994039 0.995337 0.992382 0.994224 0.995295 0.99399 0.992468 0.994493 0.994324 0.993659 0.00271145 0.994022 0.00282234 0.994228 0.99423 0.00273327 0.00296923 0.00318083 0.995015 0.992386 0.995269 0.993816 0.00278035 0.00319548 0.995561 0.994734 0.003142 0.992655 0.00293169 0.994544 0.995118 0.991899 0.00286616 0.00253149 0.00280526 0.996839 0.00270689 0.00319416 0.00317512 0.0032023 0.996876 0.00302321 0.00274627 0.995288 0.995599 0.995311 0.00305964 0.993204 0.00314927 0.00332973 0.996408 0.995908 0.997289 0.0031603 0.995471 0.00304842 0.00277209 0.0032863 0.997183 0.00273055 0.00312532 0.00305726 0.00290664 0.00317884 0.996225 0.00317695 0.996246 0.996844 0.00320966 0.997394 0.00286314 0.00289008 0.00325747 0.99707 0.00276763 0.995496 0.00302037 0.00344676 0.00289591 0.00315037 0.995947 0.00295961 0.995918
0.00330668 0.993884 0.00311508 0.00277007 0.994854 0.00301631 0.00278824 0.993689 0.00336181 0.993394 0.00269705 0.993754 0.995281 0.994908 0.003194 0.99403 0.00316327 0.994041 0.995342 0.992389 0.994229 0.995294 0.993991 0.992477 0.994496 0.994327 0.993658 0.00270997 0.994023 0.00281743 0.994232 0.994236 0.00272968 0.0029649 0.00317297 0.995026 0.992394 0.99528 0.99383 0.00277508 0.00318566 0.995568 0.994746 0.00313313 0.992656 0.00292661 0.994567 0.995122 0.991918 0.00286253 0.00253326 0.0028052 0.996844 0.0027057 0.00319165 0.00316923 0.00319948 0.996882 0.00301883 0.00274395 0.995294 0.99561 0.995317 0.00305975 0.993212 0.00314529 0.00332295 0.996412 0.995912 0.997293 0.00315557 0.995466 0.00304057 0.00277004 0.00328041 0.997189 0.00272833 0.00312074 0.00305642 0.00290484 0.0031757 0.996236 0.00317358 0.996257 0.99685 0.00320749 0.997396 0.00286154 0.00289033 0.00325063 0.997079 0.00276627 0.995505 0.00301561 0.00343862 0.00289441 0.00314679 0.995965 0.00295698 0.995925
0.00329572 0.993892 0.00310976 0.00276463 0.994866 0.0030073 0.00278294 0.993688 0.003354 0.99341 0.0026935 0.993756 0.995288 0.994908 0.00318603 0.994041 0.00315382 0.994041 0.995347 0.992396 0.994234 0.995294 0.993994 0.992487 0.994501 0.994331 0.993658 0.00270853 0.994023 0.00281172 0.994239 0.994242 0.00272608 0.00296038 0.00316467 0.995038 0.9924 0.99529 0.993842 0.00276959 0.00317564 0.995575 0.994756 0.00312446 0.992656 0.00292139 0.994589 0.995126 0.991937 0.00285959 0.00253449 0.00280555 0.996849 0.00270419 0.0031889 0.0031642 0.00319622 0.996889 0.00301398 0.00274208 0.9953 0.995621 0.995322 0.00306011 0.993221 0.00314083 0.00331653 0.996416 0.995915 0.997298 0.00315042 0.995461 0.0030334 0.00276776 0.00327475 0.997194 0.00272642 0.00311666 0.00305576 0.00290275 0.00317254 0.996247 0.00317084 0.996269 0.996855 0.00320456 0.997397 0.00285939 0.00289078 0.0032439 0.997088 0.00276571 0.995514 0.00301026 0.0034304 0.00289266 0.00314186 0.995982 0.00295406 0.995932
0.00328514 0.993901 0.00310473 0.0027596 0.994878 0.00299879 0.00277764 0.993686 0.00334563 0.993427 0.00268964 0.993761 0.995295 0.994907 0.00317887 0.994053 0.00314421 0.994043 0.995353 0.992403 0.994238 0.995293 0.993996 0.992496 0.994504 0.994335 0.993656 0.0027068 0.994025 0.00280582 0.994244 0.994247 0.00272276 0.00295578 0.00315686 0.99505 0.992408 0.9953 0.993855 0.00276433 0.00316618 0.995581 0.994767 0.00311599 0.992655 0.00291685 0.994612 0.99513 0.991955 0.00285698 0.00253573 0.00280559 0.996854 0.00270321 0.00318629 0.0031586 0.00319287 0.996895 0.00300962 0.00274076 0.995306 0.99563 0.995329 0.00305996 0.993229 0.00313651 0.00331065 0.99642 0.995918 0.997301 0.0031462 0.995457 0.00302678 0.0027658 0.00326932 0.9972 0.00272456 0.0031124 0.0030557 0.00290079 0.00316932 0.996257 0.00316734 0.996279 0.99686 0.00320121 0.997398 0.00285746 0.00289113 0.00323743 0.997096 0.00276462 0.995522 0.00300583 0.0034223 0.00289126 0.00313756 0.995999 0.00295118 0.99594
0.00327422 0.993909 0.00309989 0.00275477 0.994889 0.00299085 0.00277299 0.993686 0.00333758 0.993442 0.00268631 0.993764 0.995302 0.994908 0.00317132 0.994064 0.00313467 0.994045 0.995359 0.99241 0.994242 0.995293 0.993998 0.992505 0.994507 0.99434 0.993656 0.0027059 0.994025 0.00280117 0.994249 0.994253 0.00271938 0.00295162 0.00314917 0.995063 0.992416 0.995311 0.993869 0.00275939 0.00315668 0.995588 0.994777 0.00310793 0.992654 0.00291258 0.994634 0.995133 0.991972 0.00285332 0.00253681 0.00280594 0.996859 0.00270172 0.00318371 0.0031532 0.00318933 0.996901 0.00300518 0.00273883 0.995312 0.995641 0.995335 0.00305976 0.993238 0.00313214 0.00330404 0.996423 0.995921 0.997305 0.00314165 0.995451 0.0030207 0.00276368 0.00326367 0.997206 0.00272246 0.00310813 0.00305603 0.00289952 0.00316627 0.996268 0.00316517 0.99629 0.996865 0.00319813 0.997399 0.00285554 0.00289172 0.00323113 0.997105 0.00276379 0.99553 0.0030019 0.00341481 0.00288951 0.00313308 0.996016 0.00294804 0.995947
0.00326397 0.993917 0.0030953 0.00274978 0.9949 0.00298199 0.00276782 0.993685 0.0033299 0.993458 0.00268311 0.993768 0.99531 0.994908 0.00316374 0.994075 0.00312536 0.994046 0.995364 0.992418 0.994246 0.995294 0.994001 0.992515 0.99451 0.994342 0.993656 0.00270431 0.994027 0.00279507 0.994254 0.994258 0.00271541 0.00294754 0.00314124 0.995075 0.992423 0.99532 0.993882 0.00275449 0.00314705 0.995595 0.994787 0.00309908 0.992655 0.00290843 0.994654 0.995136 0.99199 0.00284986 0.00253793 0.00280624 0.996864 0.0027002 0.00318155 0.00314817 0.00318588 0.996907 0.00300061 0.00273676 0.995318 0.995651 0.99534 0.00305935 0.993246 0.0031281 0.00329772 0.996427 0.995924 0.997309 0.00313672 0.995447 0.00301459 0.00276229 0.00325834 0.997211 0.00272049 0.00310392 0.00305615 0.00289766 0.00316362 0.996278 0.00316255 0.996301 0.99687 0.00319485 0.9974 0.00285387 0.00289224 0.00322464 0.997113 0.00276252 0.995538 0.00299739 0.0034074 0.00288733 0.0031293 0.996033 0.00294535 0.995953
0.00325388 0.993924 0.00309058 0.00274483 0.994912 0.00297304 0.00276266 0.993684 0.00332229 0.993474 0.00267967 0.993772 0.995317 0.994907 0.00315645 0.994086 0.00311653 0.994046 0.99537 0.992424 0.99425 0.995293 0.994004 0.992524 0.994514 0.994346 0.993655 0.00270314 0.994028 0.00278941 0.99426 0.994264 0.00271233 0.00294349 0.00313359 0.995086 0.992429 0.995329 0.993894 0.00274935 0.00313758 0.995601 0.994797 0.00309028 0.992657 0.00290386 0.994675 0.995139 0.992007 0.00284689 0.00253934 0.00280672 0.996869 0.00269926 0.00317881 0.00314299 0.00318253 0.996913 0.00299691 0.00273506 0.995324 0.995661 0.995346 0.0030592 0.993255 0.00312398 0.00329206 0.996431 0.995927 0.997312 0.00313282 0.995443 0.00300814 0.00276017 0.00325274 0.997216 0.00271878 0.003099 0.00305601 0.0028961 0.00316101 0.996289 0.00315933 0.996312 0.996875 0.00319204 0.997401 0.00285203 0.00289236 0.00321819 0.997122 0.00276173 0.995546 0.00299319 0.00340051 0.00288497 0.0031252 0.996048 0.00294296 0.99596
0.00324414 0.993932 0.00308456 0.00273992 0.994924 0.00296462 0.00275777 0.993684 0.00331463 0.993489 0.00267637 0.993776 0.995324 0.994908 0.00314902 0.994096 0.00310726 0.994048 0.995376 0.992431 0.994254 0.995293 0.994006 0.992532 0.994516 0.994348 0.993656 0.00270207 0.994029 0.00278411 0.994265 0.994269 0.00270864 0.00293996 0.00312637 0.995097 0.992437 0.995338 0.993906 0.0027445 0.00312868 0.995607 0.994808 0.00308198 0.992657 0.00289981 0.994696 0.995142 0.992025 0.00284364 0.00254051 0.00280739 0.996874 0.00269824 0.00317596 0.0031383 0.00317964 0.996919 0.00299263 0.0027331 0.99533 0.99567 0.995352 0.00305878 0.993262 0.00312028 0.00328614 0.996434 0.99593 0.997316 0.00312823 0.995438 0.00300185 0.00275837 0.00324662 0.997222 0.00271694 0.00309489 0.00305618 0.00289457 0.00315842 0.9963 0.00315671 0.996323 0.99688 0.00318909 0.997403 0.00285 0.00289323 0.00321175 0.99713 0.00276121 0.995554 0.00298905 0.00339304 0.00288344 0.00312114 0.996064 0.00293986 0.995966
0.00323451 0.993981 0.00307983 0.00273508 0.99496 0.00295615 0.00275349 0.993731 0.00330679 0.993548 0.0026729 0.993828 0.995349 0.994937 0.00314168 0.994141 0.00309827 0.994089 0.995404 0.992504 0.994298 0.995321 0.994054 0.992606 0.994556 0.99439 0.993705 0.00270112 0.99407 0.00277878 0.994303 0.994308 0.00270475 0.00293598 0.00311916 0.995127 0.992509 0.995366 0.99396 0.00273991 0.00311972 0.995631 0.994844 0.0030746 0.992721 0.00289588 0.994736 0.995169 0.992111 0.00284054 0.00254207 0.00280788 0.996881 0.002697 0.00317382 0.00313279 0.00317633 0.996927 0.00298858 0.00273191 0.995358 0.995693 0.99538 0.00305847 0.993323 0.00311623 0.00327983 0.996448 0.99595 0.99732 0.00312402 0.995461 0.00299595 0.00275647 0.00324072 0.997226 0.00271503 0.00309121 0.00305612 0.00289304 0.00315549 0.996318 0.00315395 0.99634 0.996888 0.00318594 0.997404 0.00284838 0.00289385 0.00320514 0.997137 0.00276035 0.99558 0.00298508 0.00338594 0.00288218 0.00311717 0.996083 0.00293815 0.995984
