0.5 0.5 0.5 0.5 0.5 0.5 0.5 0.5 0.5 0.5 0.5 0.5 0.5 0.5 0.5 0.5 0.5 0.5 0.5 0.5 0.5 0.5 0.5 0.5 0.5 0.5 0.5 0.5 0.5 0.5 0.5 0.5 0.5 0.5 0.5 0.5 0.5 0.5 0.5 0.5 0.5 0.5 0.5 0.5 0.5 0.5 0.5 0.5 0.5 0.5 0.5 0.5 0.5 0.5 0.5 0.5 0.5 0.5 0.5 0.5 0.5 0.5 0.5 0.5 0.5 0.5 0.5 0.5 0.5 0.5 0.5 0.5 0.5 0.5 0.5 0.5 0.5 0.5 0.5 0.5 0.5 0.5 0.5 0.5 0.5 0.5 0.5 0.5 0.5 0.5 0.5 0.5 0.5 0.5 0.5 0.5 0.5 0.5 0.5 0.5
0.503178 0.503572 0.495889 0.504658 0.49864 0.506659 0.504291 0.509648 0.496843 0.501179 0.503231 0.50383 0.505609 0.507762 0.500725 0.505216 0.504897 0.510451 0.500591 0.507683 0.504266 0.502751 0.502996 0.504937 0.502507 0.503823 0.50968 0.498062 0.510494 0.505439 0.509338 0.509266 0.502306 0.498316 0.500366 0.502976 0.507699 0.501247 0.499083 0.504608 0.504466 0.50136 0.502115 0.504338 0.511891 0.500154 0.498128 0.506821 0.502542 0.498713 0.495306 0.491378 0.498323 0.4981 0.489856 0.496288 0.490845 0.495494 0.498682 0.498071 0.500539 0.501119 0.500521 0.487899 0.504535 0.494853 0.494523 0.497666 0.501202 0.496062 0.494472 0.506844 0.501687 0.498189 0.493689 0.495106 0.498522 0.495248 0.487919 0.494612 0.490326 0.494075 0.492059 0.493516 0.498291 0.490409 0.50026 0.49594 0.490063 0.496267 0.490972 0.496387 0.499467 0.49869 0.495055 0.494992 0.494796 0.496414 0.495565 0.501351
0.50627 0.507151 0.491828 0.509279 0.497349 0.513273 0.5085 0.519187 0.493656 0.502378 0.506429 0.507615 0.511179 0.515518 0.501417 0.51038 0.509796 0.520857 0.501238 0.515359 0.508487 0.505394 0.50599 0.50981 0.505042 0.507614 0.519294 0.496163 0.520902 0.510902 0.51861 0.518534 0.504593 0.496637 0.500728 0.505939 0.51542 0.502477 0.498203 0.509237 0.508928 0.502652 0.50426 0.508683 0.52365 0.500352 0.49626 0.513613 0.505057 0.497438 0.490613 0.482767 0.496622 0.496233 0.479789 0.492567 0.481758 0.49103 0.497478 0.496123 0.501 0.502274 0.501051 0.475907 0.509001 0.489651 0.489025 0.495248 0.502345 0.492204 0.48901 0.513584 0.503324 0.496326 0.487399 0.490233 0.497124 0.490503 0.475908 0.489236 0.480612 0.488174 0.484151 0.487099 0.496585 0.480853 0.500469 0.491908 0.480202 0.492578 0.48204 0.492779 0.498956 0.497363 0.490133 0.490021 0.489624 0.492816 0.49117 0.502677
0.50941 0.510657 0.487808 0.513877 0.495998 0.519782 0.512709 0.528699 0.490526 0.503567 0.509635 0.511391 0.516753 0.523196 0.502132 0.515541 0.514638 0.53119 0.501872 0.522926 0.512651 0.508084 0.50897 0.514719 0.507552 0.511328 0.528848 0.494286 0.531195 0.516326 0.527861 0.527753 0.506847 0.494993 0.501145 0.508858 0.523018 0.503718 0.497259 0.51386 0.513371 0.503964 0.506379 0.512975 0.535312 0.500451 0.494369 0.520326 0.507571 0.496154 0.485962 0.474269 0.494991 0.494308 0.4698 0.488844 0.472747 0.48663 0.496211 0.494222 0.501466 0.50341 0.501563 0.463968 0.513433 0.484534 0.483588 0.492837 0.503471 0.488345 0.483602 0.520325 0.504992 0.494569 0.481163 0.485375 0.4957 0.485783 0.46398 0.483895 0.471025 0.482276 0.476282 0.480743 0.494847 0.471413 0.500734 0.487973 0.470429 0.488888 0.47312 0.489221 0.498458 0.496048 0.485262 0.485097 0.484485 0.489219 0.486714 0.504037
0.512507 0.514182 0.483772 0.518443 0.494679 0.526263 0.516896 0.538111 0.487392 0.504736 0.512828 0.515143 0.522315 0.530756 0.50285 0.520676 0.519449 0.541415 0.502505 0.530479 0.516833 0.510785 0.511909 0.519544 0.510034 0.51506 0.538304 0.492405 0.541388 0.521692 0.537005 0.5369 0.509103 0.493337 0.501494 0.51177 0.530577 0.504928 0.496344 0.518426 0.517777 0.505247 0.50853 0.517282 0.546872 0.500581 0.492554 0.527035 0.510091 0.494877 0.481374 0.465839 0.493346 0.492413 0.459893 0.485202 0.46377 0.48222 0.494936 0.492295 0.501992 0.504566 0.50208 0.45216 0.517852 0.479446 0.478198 0.490457 0.504578 0.484561 0.478212 0.527005 0.506668 0.492786 0.474985 0.480607 0.494341 0.481069 0.452127 0.478574 0.461508 0.476484 0.468456 0.474422 0.493167 0.461991 0.500979 0.483978 0.460723 0.485239 0.464257 0.48567 0.497984 0.494837 0.480395 0.48019 0.479435 0.485717 0.482344 0.50538
0.515575 0.517688 0.47976 0.522985 0.493344 0.532697 0.521044 0.547497 0.484335 0.505907 0.516007 0.518893 0.527804 0.538328 0.503548 0.525798 0.524195 0.551547 0.503107 0.537938 0.52099 0.513422 0.514834 0.52433 0.512497 0.518749 0.547703 0.490582 0.551514 0.527015 0.546074 0.545989 0.511346 0.491758 0.501863 0.514619 0.538066 0.50611 0.495458 0.522987 0.522109 0.50656 0.510661 0.52159 0.558333 0.500743 0.490718 0.53369 0.51256 0.493599 0.476754 0.457449 0.491659 0.490525 0.450052 0.481528 0.454831 0.477788 0.493716 0.490335 0.502507 0.505739 0.50258 0.440476 0.522272 0.474405 0.472807 0.488028 0.505741 0.480792 0.472862 0.53363 0.508311 0.490975 0.468848 0.475845 0.49294 0.476439 0.440421 0.47333 0.452076 0.470688 0.460706 0.468139 0.491503 0.45273 0.501217 0.480076 0.451053 0.481605 0.455479 0.482089 0.497463 0.493613 0.475523 0.475284 0.474376 0.482158 0.478008 0.506721
0.518621 0.521101 0.475773 0.527418 0.492005 0.53908 0.525116 0.556756 0.481243 0.507021 0.519116 0.522572 0.5333 0.545817 0.504231 0.53084 0.528984 0.561556 0.503688 0.545356 0.52511 0.516008 0.517736 0.529057 0.514916 0.522439 0.55698 0.488793 0.561564 0.532337 0.55505 0.555035 0.513565 0.490143 0.502242 0.51748 0.545489 0.507287 0.494561 0.527524 0.526447 0.507852 0.512759 0.525823 0.569626 0.500885 0.488904 0.540315 0.515028 0.492349 0.472171 0.449128 0.490034 0.488679 0.440315 0.477887 0.445997 0.47341 0.492461 0.488415 0.503012 0.506816 0.503086 0.428925 0.526578 0.469386 0.467499 0.485646 0.506892 0.47701 0.467548 0.540179 0.509978 0.489233 0.462712 0.471096 0.4915 0.471826 0.428886 0.468072 0.442746 0.46495 0.452963 0.461927 0.489837 0.443474 0.501494 0.476133 0.441483 0.478009 0.446761 0.478568 0.496932 0.492373 0.470722 0.470453 0.469405 0.478652 0.473659 0.508055
0.521702 0.524552 0.471796 0.531907 0.490671 0.545373 0.529195 0.565942 0.478128 0.508118 0.522241 0.526254 0.538761 0.553301 0.504936 0.535895 0.533689 0.571506 0.504326 0.552736 0.529201 0.518558 0.520609 0.533833 0.517348 0.526145 0.566205 0.487014 0.571477 0.53764 0.564011 0.563947 0.515745 0.48852 0.502621 0.52033 0.552858 0.508491 0.493619 0.531977 0.530778 0.509119 0.514815 0.530066 0.580847 0.50107 0.487094 0.546831 0.517489 0.491116 0.467661 0.440869 0.488422 0.486832 0.43066 0.474279 0.437216 0.469077 0.491261 0.486544 0.503518 0.507934 0.503571 0.417475 0.530891 0.464424 0.462205 0.483288 0.508051 0.473254 0.462224 0.546701 0.511625 0.487471 0.456607 0.466389 0.490163 0.467269 0.417434 0.462862 0.433454 0.459222 0.445337 0.45577 0.488216 0.434319 0.50171 0.472195 0.431976 0.47443 0.438132 0.47503 0.49641 0.491133 0.465963 0.465661 0.464469 0.475184 0.469374 0.509359
0.524746 0.527968 0.467854 0.536351 0.489323 0.55164 0.533204 0.575023 0.475068 0.509267 0.525337 0.529909 0.544157 0.560731 0.505562 0.54088 0.538379 0.581298 0.504962 0.559992 0.533265 0.521157 0.523475 0.538547 0.519765 0.529763 0.575294 0.485173 0.581284 0.542909 0.572813 0.572763 0.517919 0.486891 0.502984 0.523139 0.560205 0.509691 0.492772 0.536427 0.535026 0.510456 0.516884 0.534245 0.591838 0.501242 0.485302 0.553319 0.519933 0.489906 0.463134 0.432728 0.486838 0.485072 0.421077 0.47061 0.428538 0.464767 0.490012 0.484674 0.504038 0.509032 0.504089 0.406199 0.535178 0.459507 0.456931 0.480878 0.509226 0.469601 0.456936 0.553186 0.513248 0.4857 0.450605 0.461671 0.488759 0.462744 0.406154 0.457722 0.424295 0.453565 0.43777 0.449622 0.486584 0.425236 0.50194 0.468316 0.422608 0.470868 0.429628 0.471508 0.495897 0.489894 0.461216 0.460881 0.459514 0.471715 0.465125 0.510733
0.527714 0.531361 0.463931 0.54074 0.488042 0.557874 0.537227 0.583984 0.472014 0.510322 0.528409 0.53354 0.54952 0.56807 0.506307 0.545836 0.543039 0.59098 0.505565 0.567204 0.537302 0.523688 0.526319 0.543158 0.5222 0.533358 0.584292 0.48332 0.590966 0.548163 0.581525 0.581536 0.520085 0.4853 0.503326 0.525943 0.567465 0.510874 0.491884 0.540894 0.539236 0.511709 0.518949 0.538457 0.602732 0.501401 0.483536 0.559746 0.522364 0.488687 0.458582 0.424646 0.485238 0.483259 0.411691 0.467053 0.419957 0.460477 0.488789 0.482829 0.504534 0.510161 0.504553 0.395079 0.539434 0.454576 0.451698 0.478491 0.51031 0.465996 0.451688 0.559661 0.514859 0.483954 0.444617 0.456973 0.487386 0.45827 0.395036 0.452554 0.415229 0.447961 0.430249 0.443541 0.484989 0.416282 0.50219 0.464492 0.41336 0.467298 0.421181 0.468028 0.495369 0.488674 0.456469 0.456086 0.454587 0.468261 0.460903 0.512022
0.5307 0.534721 0.460019 0.545132 0.48678 0.564046 0.541245 0.592857 0.468948 0.511492 0.531399 0.5371 0.554845 0.575361 0.50699 0.550767 0.547655 0.600523 0.506163 0.574404 0.541319 0.526184 0.529114 0.54778 0.524574 0.53691 0.593177 0.481476 0.600541 0.553372 0.590133 0.590197 0.522244 0.4837 0.503646 0.528755 0.574697 0.512034 0.490974 0.545285 0.54339 0.513036 0.520986 0.542637 0.613435 0.501553 0.481772 0.566099 0.524771 0.487454 0.454126 0.416595 0.483621 0.481441 0.402289 0.463498 0.411478 0.456246 0.487592 0.480978 0.50505 0.511321 0.50507 0.384116 0.543712 0.449708 0.446516 0.476182 0.511408 0.462356 0.446536 0.565989 0.51644 0.482235 0.438674 0.45237 0.486003 0.453759 0.38406 0.447487 0.406246 0.442371 0.422839 0.437462 0.483452 0.407379 0.502427 0.460691 0.40424 0.463779 0.412793 0.464595 0.494887 0.487473 0.451762 0.451386 0.449689 0.464833 0.456708 0.513381
0.533678 0.538043 0.456149 0.549456 0.485472 0.570156 0.54524 0.601618 0.465931 0.512625 0.534437 0.540634 0.560179 0.582583 0.507672 0.555644 0.552209 0.609966 0.50679 0.581506 0.545298 0.528675 0.531921 0.55232 0.52695 0.540475 0.601957 0.479735 0.609987 0.558508 0.59867 0.598717 0.524397 0.482122 0.503964 0.531589 0.581801 0.513217 0.490113 0.549607 0.547593 0.514277 0.522979 0.546762 0.623976 0.501719 0.480012 0.572426 0.527136 0.486249 0.449679 0.408655 0.482036 0.479635 0.393038 0.459982 0.403089 0.45201 0.486394 0.479157 0.505547 0.512419 0.505562 0.373326 0.547927 0.444896 0.44134 0.473908 0.512533 0.458737 0.441405 0.572299 0.517953 0.480536 0.432767 0.447755 0.484645 0.449281 0.373254 0.442438 0.397408 0.436811 0.415506 0.431455 0.481855 0.398635 0.502722 0.456938 0.395208 0.460294 0.404533 0.46118 0.494376 0.486285 0.447061 0.446741 0.444826 0.461448 0.452535 0.514725
0.536669 0.541329 0.452265 0.553755 0.484181 0.576179 0.54917 0.610289 0.462997 0.513718 0.537439 0.544162 0.565439 0.58974 0.508336 0.560499 0.556757 0.619231 0.507377 0.588528 0.549293 0.53123 0.534672 0.556901 0.529366 0.544028 0.610559 0.477978 0.619275 0.563593 0.607107 0.607138 0.526496 0.48055 0.504286 0.534365 0.588821 0.514384 0.489306 0.553961 0.551788 0.515533 0.524968 0.55084 0.634372 0.501892 0.478259 0.578718 0.529488 0.485042 0.445274 0.400806 0.480443 0.477889 0.383927 0.456506 0.394829 0.447801 0.485226 0.477306 0.506036 0.513505 0.506055 0.362692 0.552099 0.440083 0.436308 0.471622 0.513595 0.45514 0.436261 0.578544 0.519483 0.478785 0.426926 0.443144 0.483319 0.444888 0.36264 0.437431 0.388652 0.431329 0.408261 0.425569 0.480255 0.390011 0.502975 0.453151 0.386292 0.45683 0.396345 0.457783 0.493824 0.485087 0.442407 0.442127 0.440028 0.45809 0.448385 0.516042
0.539588 0.544612 0.448398 0.558034 0.482916 0.58216 0.553105 0.618804 0.460045 0.514812 0.540397 0.547633 0.570663 0.596776 0.509035 0.565314 0.561264 0.628373 0.507943 0.595436 0.553268 0.533653 0.537458 0.5614 0.53177 0.547557 0.619113 0.476194 0.628454 0.568602 0.615473 0.61546 0.52856 0.478993 0.504613 0.537133 0.595815 0.515538 0.488453 0.558248 0.555909 0.516754 0.526927 0.554937 0.644578 0.502025 0.476493 0.584945 0.531818 0.48381 0.440903 0.393077 0.478852 0.476146 0.374978 0.453077 0.386591 0.443647 0.484042 0.475453 0.506485 0.514616 0.506539 0.352301 0.556204 0.435297 0.431241 0.469357 0.514704 0.451596 0.431172 0.58473 0.52105 0.477081 0.421142 0.43862 0.482004 0.440503 0.352265 0.432451 0.380031 0.425916 0.401096 0.419652 0.478689 0.381496 0.503237 0.449481 0.377504 0.453378 0.388268 0.454381 0.493332 0.483941 0.437812 0.437542 0.435299 0.454708 0.444257 0.517361
0.542504 0.547867 0.444542 0.562306 0.481669 0.588053 0.556952 0.627197 0.457065 0.515894 0.543384 0.551092 0.575818 0.603773 0.50975 0.570118 0.565751 0.637365 0.508547 0.602257 0.557208 0.536087 0.540188 0.565905 0.534151 0.55104 0.627508 0.474457 0.63743 0.5736 0.623674 0.623678 0.53067 0.477442 0.50492 0.539846 0.602688 0.516643 0.487618 0.562517 0.560002 0.517971 0.528924 0.558955 0.654593 0.502218 0.474731 0.591054 0.53418 0.48261 0.436586 0.385412 0.477272 0.4744 0.366178 0.449611 0.378523 0.43954 0.482873 0.473647 0.507011 0.515716 0.507027 0.342107 0.560276 0.430566 0.426235 0.467079 0.515766 0.448011 0.426181 0.590847 0.522585 0.475419 0.415406 0.434137 0.480711 0.436165 0.342054 0.427558 0.371518 0.420546 0.394015 0.413837 0.477136 0.3731 0.503519 0.445766 0.368855 0.449962 0.380283 0.451067 0.4929 0.482767 0.433246 0.433009 0.43059 0.45136 0.440181 0.518687
0.54542 0.551075 0.440731 0.56649 0.48039 0.593905 0.560819 0.635443 0.454146 0.516974 0.546321 0.554559 0.581033 0.610691 0.510422 0.57485 0.570171 0.646182 0.509185 0.609033 0.561094 0.538532 0.542904 0.570295 0.536476 0.554493 0.635764 0.472673 0.646299 0.578513 0.631758 0.631751 0.532741 0.4759 0.505283 0.542571 0.609455 0.517784 0.486824 0.566721 0.564051 0.519218 0.530898 0.562921 0.664422 0.502388 0.473032 0.597135 0.53649 0.481459 0.432246 0.377823 0.475703 0.472625 0.357486 0.446135 0.370556 0.435467 0.481707 0.471855 0.507524 0.516776 0.507519 0.332107 0.564375 0.425947 0.421241 0.464856 0.516836 0.444517 0.421163 0.596865 0.524093 0.47373 0.409697 0.429663 0.479344 0.431844 0.332033 0.422656 0.363142 0.41518 0.387013 0.408074 0.475598 0.364834 0.503834 0.442127 0.360335 0.446556 0.372456 0.447724 0.492414 0.481639 0.428714 0.428482 0.425927 0.44807 0.436158 0.520013
0.548348 0.554296 0.436936 0.570657 0.47912 0.599699 0.564617 0.643515 0.451267 0.518063 0.549193 0.557979 0.586193 0.61755 0.511127 0.579561 0.574574 0.654882 0.50972 0.615735 0.564953 0.541034 0.545594 0.574616 0.538823 0.557898 0.643888 0.470965 0.655028 0.583467 0.639725 0.639723 0.534773 0.474391 0.505639 0.545279 0.616194 0.518946 0.486033 0.570935 0.568051 0.520446 0.53285 0.566941 0.674044 0.502553 0.471372 0.603198 0.538815 0.480281 0.427962 0.370416 0.474201 0.470884 0.348927 0.442709 0.362736 0.431426 0.480602 0.470063 0.507997 0.517927 0.508002 0.322276 0.568434 0.42131 0.416316 0.462622 0.517925 0.440991 0.416237 0.602828 0.525625 0.472033 0.404069 0.425217 0.478003 0.427576 0.322265 0.417821 0.3549 0.409914 0.380068 0.402355 0.474043 0.356707 0.504047 0.438454 0.351974 0.44314 0.364692 0.44446 0.491964 0.48048 0.424231 0.424022 0.421274 0.444767 0.432175 0.521341
0.551221 0.557496 0.433194 0.574746 0.477792 0.60547 0.56842 0.651578 0.448356 0.5192 0.55209 0.561383 0.591247 0.624278 0.511832 0.584205 0.578892 0.66338 0.510277 0.622323 0.568841 0.543436 0.54829 0.57896 0.541176 0.561275 0.651896 0.469216 0.663586 0.588341 0.647627 0.647626 0.536837 0.472883 0.505926 0.547903 0.622835 0.520059 0.485217 0.575123 0.572045 0.521663 0.53478 0.570913 0.683464 0.502721 0.469712 0.609123 0.541123 0.479095 0.423702 0.363073 0.472679 0.469168 0.340524 0.439321 0.354992 0.427421 0.479442 0.468296 0.508466 0.519009 0.508458 0.312659 0.57244 0.416689 0.411411 0.460419 0.51897 0.437487 0.411386 0.608743 0.527078 0.47035 0.398501 0.420845 0.476719 0.423318 0.312681 0.413039 0.346803 0.404674 0.373219 0.396727 0.472493 0.34863 0.504266 0.434844 0.343747 0.439793 0.357074 0.441213 0.491467 0.479325 0.41977 0.419606 0.416697 0.441533 0.428273 0.522649
0.55407 0.560675 0.429533 0.578851 0.476491 0.611136 0.572168 0.659505 0.445468 0.520272 0.554968 0.56474 0.596285 0.630907 0.512507 0.588899 0.583144 0.671788 0.510851 0.628862 0.572639 0.545809 0.550976 0.583259 0.543493 0.564594 0.659774 0.46754 0.671995 0.593172 0.655371 0.655361 0.538849 0.471372 0.506277 0.550591 0.62939 0.521187 0.484427 0.579258 0.575978 0.522897 0.536725 0.574809 0.692685 0.502873 0.468013 0.615048 0.543382 0.477932 0.4195 0.35583 0.471172 0.467452 0.332286 0.43596 0.347387 0.423475 0.478356 0.466566 0.50897 0.520133 0.508933 0.303269 0.576458 0.41212 0.406613 0.45822 0.520048 0.433995 0.406539 0.614574 0.528588 0.468712 0.39299 0.416509 0.475486 0.419144 0.30329 0.408321 0.338841 0.399493 0.366474 0.391133 0.471 0.340695 0.504571 0.43124 0.335635 0.436456 0.349605 0.437975 0.49095 0.478209 0.415324 0.415222 0.412159 0.43829 0.424358 0.523938
0.556928 0.563806 0.425829 0.582908 0.475199 0.616772 0.575835 0.667234 0.4426 0.521308 0.557787 0.56816 0.601261 0.637457 0.5132 0.593486 0.587386 0.680024 0.51148 0.63527 0.576342 0.548201 0.553569 0.587565 0.545782 0.567867 0.66756 0.46586 0.680198 0.597965 0.662981 0.662985 0.540837 0.469878 0.506618 0.553251 0.635831 0.52227 0.483611 0.583369 0.579856 0.524116 0.538609 0.578697 0.701687 0.503073 0.466373 0.62085 0.545671 0.476739 0.415305 0.348662 0.469662 0.465793 0.324189 0.432611 0.339908 0.419542 0.477209 0.464811 0.509495 0.521192 0.509399 0.294099 0.580396 0.407612 0.401849 0.456102 0.521107 0.430631 0.40173 0.620323 0.530064 0.467112 0.387565 0.41219 0.474213 0.414952 0.294155 0.403617 0.330992 0.394365 0.359807 0.385621 0.469538 0.332917 0.504806 0.427695 0.32765 0.433141 0.342189 0.434717 0.490479 0.477061 0.410969 0.410863 0.407676 0.435078 0.420485 0.525256
0.55975 0.566884 0.422207 0.586932 0.473887 0.622317 0.579532 0.674837 0.439793 0.522334 0.560617 0.571475 0.606182 0.643943 0.513895 0.598048 0.591588 0.688128 0.512064 0.641591 0.580094 0.550547 0.556205 0.591817 0.548074 0.57116 0.675167 0.464162 0.688245 0.602679 0.67048 0.670491 0.542823 0.468366 0.50695 0.555892 0.642178 0.523349 0.48283 0.587405 0.583713 0.525284 0.540523 0.582478 0.710436 0.503308 0.464749 0.626586 0.547864 0.47559 0.41116 0.341608 0.4682 0.464125 0.316258 0.429297 0.332563 0.415639 0.476082 0.463056 0.509946 0.522245 0.509869 0.285127 0.584295 0.403141 0.397096 0.453902 0.52211 0.427231 0.396944 0.626031 0.531576 0.465444 0.382193 0.407942 0.472932 0.410831 0.285216 0.39895 0.32325 0.389256 0.353247 0.380169 0.46806 0.3253 0.505077 0.424204 0.319836 0.42984 0.334938 0.431478 0.490031 0.47594 0.406643 0.406572 0.403183 0.431872 0.416622 0.526554
0.562526 0.569955 0.418575 0.590902 0.472621 0.627818 0.583195 0.682305 0.43698 0.523345 0.563395 0.574764 0.611063 0.650324 0.514588 0.602552 0.595725 0.696039 0.512646 0.647847 0.583831 0.552922 0.558795 0.595993 0.550377 0.574447 0.682659 0.462517 0.696157 0.607404 0.677856 0.677803 0.544753 0.466897 0.507275 0.55851 0.648434 0.524466 0.482069 0.591426 0.58753 0.526528 0.542439 0.586321 0.719016 0.503476 0.463111 0.632284 0.550096 0.474405 0.407045 0.334712 0.466694 0.462443 0.308433 0.426019 0.3253 0.411725 0.474977 0.461288 0.510423 0.523319 0.510351 0.27637 0.588152 0.398699 0.392403 0.451725 0.523182 0.423855 0.392191 0.631656 0.53306 0.463853 0.376876 0.403691 0.47168 0.406772 0.276441 0.394325 0.315687 0.384249 0.346747 0.374755 0.466556 0.317805 0.505312 0.420744 0.312156 0.426645 0.327737 0.428289 0.489579 0.474854 0.402363 0.402267 0.398762 0.428741 0.412834 0.527854
0.565316 0.573001 0.415002 0.594863 0.47134 0.633215 0.58683 0.689642 0.434218 0.524378 0.566119 0.578047 0.615938 0.656656 0.515302 0.607013 0.599841 0.703832 0.513247 0.654037 0.587547 0.555252 0.561411 0.600159 0.552662 0.577687 0.689969 0.460884 0.703931 0.612095 0.685101 0.685045 0.546716 0.465405 0.507592 0.561122 0.654594 0.525614 0.481297 0.5954 0.591338 0.527691 0.544368 0.590118 0.727382 0.503693 0.461512 0.637935 0.552288 0.473278 0.402957 0.327924 0.465225 0.460859 0.30078 0.422755 0.318224 0.40783 0.473907 0.459586 0.510909 0.52442 0.510817 0.267865 0.591991 0.394268 0.387758 0.449566 0.524173 0.420529 0.387501 0.637202 0.5345 0.462265 0.371581 0.39949 0.470486 0.402706 0.26791 0.389783 0.308219 0.379347 0.340375 0.369392 0.465081 0.310434 0.505584 0.417305 0.304638 0.423394 0.320726 0.425112 0.489148 0.47378 0.398071 0.398046 0.394391 0.42562 0.409036 0.529147
0.568079 0.576015 0.411442 0.598777 0.470079 0.638599 0.590434 0.69686 0.431456 0.52542 0.568856 0.581293 0.620695 0.662879 0.515987 0.611444 0.603935 0.7114 0.51382 0.660125 0.591234 0.557541 0.56402 0.604295 0.554938 0.580898 0.697179 0.459279 0.71155 0.61667 0.692209 0.692103 0.548645 0.46391 0.507942 0.563676 0.660721 0.526622 0.480561 0.599358 0.595076 0.528851 0.546255 0.593894 0.735573 0.503867 0.459916 0.643477 0.554462 0.472092 0.398959 0.321188 0.463747 0.459261 0.293314 0.419524 0.311248 0.404048 0.472841 0.457902 0.511408 0.525474 0.511293 0.259579 0.595776 0.389936 0.383167 0.447441 0.52519 0.417252 0.382893 0.642707 0.535935 0.460659 0.36639 0.395367 0.469222 0.398695 0.259608 0.38523 0.300926 0.374485 0.334097 0.36414 0.463602 0.303231 0.505794 0.41386 0.297239 0.420212 0.313805 0.421964 0.488674 0.472669 0.393805 0.393862 0.389991 0.42254 0.40531 0.530397
0.570873 0.57902 0.407941 0.602713 0.468835 0.643874 0.593955 0.703908 0.42874 0.526453 0.571586 0.584517 0.625452 0.669029 0.516643 0.615792 0.608016 0.718827 0.514346 0.666153 0.594861 0.559859 0.566556 0.608401 0.557096 0.584072 0.704243 0.457672 0.718989 0.621217 0.699188 0.69906 0.550573 0.462443 0.508279 0.566228 0.666761 0.527707 0.479803 0.603252 0.59883 0.530032 0.548154 0.597577 0.743518 0.504047 0.458356 0.648957 0.556648 0.470946 0.394983 0.314582 0.462316 0.457643 0.285966 0.416329 0.304387 0.400277 0.471701 0.456232 0.511822 0.526582 0.511756 0.25147 0.599567 0.385596 0.378615 0.445322 0.526229 0.413958 0.378281 0.648122 0.53739 0.459072 0.361247 0.391243 0.467923 0.394762 0.251514 0.380771 0.293792 0.369629 0.327912 0.358925 0.462152 0.296124 0.506051 0.410424 0.290022 0.417067 0.307016 0.418856 0.488245 0.471566 0.389648 0.389701 0.385685 0.419465 0.401574 0.531676
0.573603 0.581989 0.404485 0.606565 0.467559 0.649112 0.597449 0.7108 0.426005 0.527465 0.574292 0.587709 0.630148 0.675064 0.51733 0.620133 0.612007 0.726118 0.514942 0.672075 0.598447 0.562151 0.569097 0.61248 0.559306 0.587227 0.711178 0.456043 0.726219 0.625727 0.706021 0.705872 0.552463 0.461005 0.508605 0.568712 0.67267 0.528759 0.479136 0.607095 0.602488 0.531169 0.550037 0.601234 0.751271 0.50422 0.456825 0.65437 0.558834 0.469801 0.390995 0.308096 0.460867 0.456034 0.278775 0.413234 0.297674 0.396554 0.470644 0.454514 0.512275 0.527654 0.512188 0.243576 0.603282 0.381338 0.374124 0.443241 0.52721 0.410704 0.373806 0.653443 0.538834 0.457519 0.356201 0.387129 0.466669 0.390842 0.243661 0.376335 0.286785 0.364847 0.32179 0.353805 0.460759 0.289198 0.506303 0.407055 0.282952 0.413961 0.300331 0.41572 0.487781 0.470495 0.385523 0.385585 0.381399 0.416381 0.3979 0.532965
0.57635 0.584924 0.401066 0.610382 0.466339 0.654281 0.600926 0.71759 0.42332 0.52845 0.576945 0.590889 0.634819 0.681035 0.518028 0.624429 0.61601 0.733191 0.515449 0.677884 0.602025 0.564448 0.571602 0.616494 0.561499 0.590315 0.717952 0.45447 0.733298 0.630197 0.712757 0.712567 0.554379 0.459547 0.508943 0.571224 0.678462 0.529825 0.478386 0.610909 0.606136 0.532351 0.551874 0.604866 0.758845 0.504384 0.455289 0.659701 0.560994 0.468647 0.387068 0.301739 0.459465 0.454463 0.271717 0.410091 0.291112 0.392809 0.469535 0.45283 0.512734 0.528713 0.512621 0.2359 0.606972 0.377109 0.369678 0.441182 0.528174 0.407499 0.369377 0.658692 0.540256 0.455969 0.351192 0.383075 0.465421 0.386984 0.235988 0.371944 0.279942 0.36015 0.315738 0.348698 0.459368 0.282417 0.506553 0.403721 0.276045 0.410891 0.293758 0.412686 0.487302 0.469443 0.381423 0.381521 0.377142 0.413351 0.394274 0.534243
0.579042 0.58785 0.397644 0.614158 0.465119 0.659348 0.604344 0.724234 0.420654 0.529427 0.579638 0.594015 0.639458 0.686915 0.518678 0.628682 0.619954 0.740081 0.516016 0.683628 0.605591 0.566675 0.574112 0.620452 0.563746 0.593402 0.724601 0.452918 0.740263 0.634648 0.719335 0.719129 0.556244 0.458065 0.50933 0.57374 0.684186 0.53087 0.477651 0.614684 0.609754 0.533475 0.553683 0.608494 0.766183 0.504589 0.453752 0.664977 0.563136 0.467512 0.383179 0.295513 0.458094 0.452877 0.264817 0.406939 0.284658 0.38913 0.468409 0.451178 0.51322 0.52978 0.513056 0.228468 0.610646 0.372907 0.365248 0.439096 0.529177 0.40432 0.364972 0.663888 0.541663 0.454431 0.346223 0.379104 0.464185 0.383107 0.228538 0.36754 0.273219 0.35545 0.309807 0.34375 0.457926 0.275739 0.506778 0.400396 0.269249 0.40781 0.28734 0.409603 0.486857 0.468364 0.377395 0.377473 0.372992 0.410304 0.390702 0.535459
0.581702 0.590749 0.394231 0.617926 0.463882 0.664341 0.607784 0.730689 0.418025 0.530414 0.582256 0.597122 0.644012 0.692666 0.51938 0.632875 0.623875 0.746855 0.516563 0.68926 0.609121 0.568857 0.576562 0.62435 0.565967 0.59644 0.731092 0.451374 0.747053 0.639012 0.725756 0.72558 0.558135 0.456629 0.509656 0.576229 0.689853 0.531968 0.476942 0.618449 0.613312 0.53462 0.55549 0.612114 0.77331 0.504807 0.452264 0.670171 0.565274 0.466409 0.379336 0.289378 0.456691 0.451329 0.258091 0.403873 0.278353 0.385529 0.467358 0.449518 0.513667 0.530834 0.513505 0.221215 0.614246 0.368791 0.360929 0.437024 0.530195 0.401156 0.360639 0.668971 0.543114 0.452884 0.341368 0.375143 0.462975 0.379281 0.221314 0.363209 0.266658 0.350785 0.303946 0.338772 0.456489 0.269209 0.507011 0.397132 0.262598 0.404777 0.281035 0.406562 0.48646 0.467292 0.373381 0.373459 0.368862 0.407306 0.38714 0.536721
0.584355 0.593602 0.390887 0.621617 0.462637 0.669305 0.611187 0.737024 0.41539 0.531417 0.584883 0.600229 0.648515 0.69836 0.520114 0.637074 0.627724 0.753469 0.517123 0.694788 0.612625 0.571067 0.579033 0.62826 0.568147 0.599477 0.737469 0.449783 0.75364 0.643309 0.732055 0.731852 0.55996 0.45525 0.509982 0.578647 0.695434 0.533003 0.476307 0.622143 0.616858 0.535742 0.557299 0.615681 0.780267 0.504994 0.45075 0.67529 0.567379 0.465282 0.375518 0.283342 0.455298 0.449769 0.25149 0.40082 0.272128 0.381936 0.466285 0.447885 0.514113 0.531844 0.513914 0.214184 0.617821 0.364719 0.356607 0.434933 0.531192 0.397994 0.356348 0.674024 0.544508 0.451326 0.336569 0.371184 0.461755 0.375515 0.214287 0.358942 0.260227 0.346234 0.298248 0.333874 0.455081 0.262811 0.50721 0.393879 0.256135 0.401771 0.274873 0.403561 0.486007 0.466212 0.369372 0.369489 0.364702 0.40434 0.38362 0.537998
0.586997 0.596427 0.387598 0.625301 0.461416 0.674185 0.614567 0.743225 0.412819 0.532388 0.587495 0.603281 0.653022 0.703912 0.520774 0.641169 0.631526 0.759924 0.517699 0.700239 0.616115 0.573244 0.581475 0.632089 0.570341 0.602553 0.743712 0.448221 0.760046 0.647552 0.738242 0.738038 0.561769 0.453864 0.510334 0.581082 0.700935 0.534053 0.475662 0.625882 0.620356 0.536898 0.559108 0.619166 0.787018 0.505256 0.449289 0.680351 0.569487 0.464076 0.371708 0.277461 0.45391 0.44825 0.245049 0.397779 0.26606 0.378385 0.465203 0.446262 0.514654 0.532887 0.514344 0.207365 0.621353 0.360676 0.352375 0.43286 0.532171 0.394874 0.352083 0.678963 0.5459 0.449844 0.331825 0.367336 0.460482 0.371815 0.207492 0.354746 0.253904 0.341739 0.292593 0.329084 0.453679 0.256545 0.507449 0.390664 0.249785 0.398827 0.26883 0.400548 0.485545 0.465122 0.365444 0.365607 0.360617 0.401384 0.380087 0.539288
0.589608 0.599262 0.384306 0.6289 0.460242 0.678988 0.617857 0.749312 0.410206 0.533376 0.590061 0.606322 0.657403 0.709387 0.521462 0.645189 0.635308 0.766204 0.518254 0.705567 0.619561 0.57543 0.583922 0.635919 0.572547 0.605541 0.7498 0.446708 0.766338 0.651728 0.74431 0.744119 0.56353 0.452445 0.510668 0.583516 0.706297 0.53506 0.475 0.629506 0.623845 0.537946 0.560918 0.622618 0.793579 0.505447 0.447867 0.685323 0.571593 0.462959 0.36796 0.271611 0.45251 0.446749 0.238746 0.394727 0.260062 0.374874 0.464079 0.444585 0.515138 0.533896 0.514824 0.20074 0.624905 0.356658 0.348144 0.430845 0.533064 0.391786 0.347907 0.683864 0.54731 0.448363 0.327161 0.363518 0.459268 0.368119 0.200867 0.350565 0.247768 0.337268 0.287084 0.324395 0.452275 0.250437 0.507651 0.387406 0.24358 0.3959 0.262877 0.397508 0.485125 0.464021 0.361512 0.361728 0.356622 0.398517 0.376672 0.540512
0.592204 0.602051 0.381075 0.632493 0.459043 0.683739 0.621152 0.755199 0.407679 0.534284 0.592573 0.609294 0.661819 0.71482 0.522145 0.649197 0.639041 0.772314 0.518819 0.710871 0.623033 0.577547 0.586349 0.639712 0.574754 0.608564 0.755773 0.445204 0.772481 0.655811 0.750217 0.750074 0.565348 0.451037 0.511032 0.585922 0.711574 0.536062 0.47436 0.633109 0.627298 0.539033 0.562672 0.626047 0.799929 0.50571 0.446425 0.690224 0.573735 0.461877 0.364276 0.265884 0.451129 0.44527 0.232608 0.391741 0.254265 0.371413 0.46305 0.442955 0.515614 0.53495 0.515241 0.194328 0.628411 0.352665 0.343993 0.428839 0.534008 0.388721 0.343793 0.688654 0.54871 0.446875 0.322526 0.359766 0.458035 0.364454 0.194456 0.346443 0.241763 0.332876 0.281632 0.319741 0.450899 0.244466 0.50788 0.384186 0.237519 0.393019 0.25704 0.394553 0.484713 0.462949 0.357636 0.357868 0.352614 0.395611 0.37324 0.541695
0.594802 0.604811 0.37785 0.636051 0.45783 0.688373 0.624425 0.761016 0.405182 0.535229 0.595115 0.612267 0.66615 0.720092 0.522781 0.65319 0.642715 0.77826 0.519356 0.716105 0.626447 0.579706 0.588754 0.6435 0.576919 0.61154 0.76159 0.443704 0.778438 0.659926 0.756007 0.755829 0.567163 0.44963 0.511384 0.588272 0.716789 0.537079 0.473737 0.636669 0.630712 0.540135 0.564448 0.629432 0.806087 0.50597 0.445034 0.695035 0.575826 0.460786 0.360609 0.260272 0.44974 0.443764 0.226613 0.388733 0.248569 0.367996 0.461949 0.441364 0.516071 0.535961 0.515669 0.188097 0.631838 0.348716 0.339934 0.426862 0.534986 0.385621 0.339672 0.693375 0.550067 0.445396 0.318011 0.35601 0.456806 0.360834 0.188212 0.342363 0.235881 0.328554 0.276284 0.315125 0.449532 0.238634 0.508093 0.381049 0.231644 0.390224 0.251324 0.391604 0.484228 0.461827 0.353766 0.354075 0.348649 0.392729 0.36988 0.542915
0.597403 0.607561 0.374704 0.63957 0.456616 0.692952 0.627642 0.766712 0.402742 0.536118 0.597629 0.615239 0.670414 0.725308 0.523482 0.657108 0.646378 0.784037 0.519922 0.721208 0.629833 0.581836 0.591099 0.647238 0.579062 0.614443 0.76727 0.442184 0.784258 0.664001 0.761679 0.761466 0.568936 0.448272 0.511743 0.590614 0.721882 0.538078 0.473092 0.640197 0.634061 0.541222 0.566231 0.632758 0.812081 0.506213 0.443637 0.699794 0.577911 0.459666 0.356997 0.254779 0.448353 0.442274 0.220737 0.385837 0.242997 0.364608 0.460827 0.439766 0.516534 0.536989 0.516161 0.182047 0.635233 0.34484 0.335883 0.424852 0.535876 0.382581 0.335638 0.698038 0.551434 0.443979 0.313552 0.352308 0.455595 0.357233 0.182182 0.338364 0.230145 0.324277 0.271043 0.310625 0.448153 0.232949 0.508261 0.377932 0.225888 0.387391 0.245738 0.388685 0.483815 0.460766 0.349944 0.350321 0.344791 0.389874 0.366543 0.544132
0.599953 0.6103 0.371595 0.643083 0.455378 0.697448 0.630835 0.772256 0.400222 0.5371 0.600107 0.618167 0.674641 0.730392 0.524164 0.660959 0.649962 0.789695 0.520464 0.726245 0.633154 0.583922 0.593466 0.650961 0.581167 0.617347 0.772834 0.440689 0.789927 0.66797 0.767185 0.766983 0.570704 0.446931 0.512122 0.592944 0.726884 0.53909 0.472491 0.643694 0.637362 0.542307 0.567953 0.636088 0.817879 0.506476 0.442229 0.704483 0.579938 0.458555 0.353442 0.249395 0.447029 0.440795 0.215029 0.382919 0.237558 0.361209 0.45972 0.438168 0.517006 0.538045 0.516609 0.176174 0.638637 0.340918 0.331888 0.422883 0.536781 0.379583 0.331615 0.702634 0.552792 0.442464 0.309153 0.348645 0.454418 0.353625 0.176325 0.334375 0.224547 0.320071 0.265852 0.306168 0.446785 0.227416 0.508416 0.374838 0.220257 0.384625 0.24026 0.385807 0.483397 0.459686 0.346175 0.346602 0.340922 0.387072 0.363299 0.545376
0.602496 0.613004 0.368531 0.646582 0.454158 0.701912 0.634001 0.777652 0.397784 0.538078 0.60257 0.621068 0.678803 0.735432 0.524791 0.664753 0.653528 0.795208 0.521003 0.731168 0.636476 0.586003 0.595823 0.654621 0.583341 0.620227 0.778245 0.439238 0.795424 0.671956 0.772592 0.772373 0.572426 0.445548 0.512492 0.595257 0.73183 0.540005 0.471899 0.647169 0.640627 0.54336 0.569649 0.639375 0.823509 0.506704 0.440788 0.709105 0.581998 0.457498 0.349871 0.244167 0.445685 0.439371 0.209454 0.380011 0.232202 0.357825 0.458645 0.43657 0.517485 0.539031 0.517045 0.170517 0.641931 0.337061 0.327939 0.420938 0.537746 0.376644 0.327661 0.707132 0.554212 0.441038 0.304855 0.345009 0.453231 0.350108 0.170682 0.330416 0.219068 0.315937 0.260778 0.301802 0.445433 0.221986 0.508588 0.371807 0.214815 0.38189 0.234933 0.382914 0.483018 0.458593 0.342462 0.34295 0.33709 0.384294 0.360069 0.546583
0.605038 0.615698 0.365544 0.650005 0.452959 0.706302 0.637126 0.782963 0.395354 0.538989 0.604964 0.62389 0.682864 0.740306 0.525447 0.668524 0.657072 0.800559 0.521574 0.736028 0.639747 0.588047 0.598163 0.658217 0.585474 0.623062 0.783561 0.437782 0.80079 0.675863 0.777867 0.777644 0.574178 0.444208 0.512901 0.597585 0.736669 0.54094 0.471303 0.650564 0.643861 0.544372 0.571374 0.64263 0.82896 0.506963 0.439431 0.71363 0.58405 0.456398 0.346352 0.239007 0.444335 0.437949 0.204042 0.377146 0.227001 0.354498 0.457504 0.434988 0.517939 0.539996 0.517464 0.16504 0.645237 0.333306 0.324074 0.41901 0.538636 0.373689 0.323748 0.711565 0.555538 0.439581 0.30063 0.341427 0.452036 0.346614 0.165191 0.326528 0.213752 0.31183 0.255827 0.297467 0.444113 0.216727 0.508704 0.368777 0.209476 0.379178 0.229722 0.380068 0.482574 0.457466 0.338776 0.339274 0.333287 0.381498 0.356836 0.54778
0.607521 0.618369 0.362572 0.653418 0.451792 0.710629 0.640243 0.78812 0.392984 0.539944 0.607416 0.626784 0.686881 0.745125 0.526117 0.672254 0.66057 0.805788 0.52216 0.74077 0.642978 0.590077 0.600494 0.661738 0.587558 0.625823 0.788744 0.436343 0.80601 0.67969 0.783032 0.78281 0.575879 0.442874 0.513374 0.599853 0.741436 0.54194 0.470771 0.65397 0.647053 0.545421 0.573057 0.645791 0.834255 0.507248 0.438117 0.718089 0.586089 0.455261 0.342871 0.233942 0.442994 0.436498 0.198759 0.37434 0.221964 0.351207 0.456396 0.433492 0.518443 0.540981 0.517894 0.159735 0.64855 0.329558 0.320249 0.417096 0.539536 0.370762 0.319944 0.715939 0.556909 0.438118 0.296422 0.337846 0.450871 0.343143 0.159909 0.322641 0.208554 0.307796 0.250966 0.293239 0.442807 0.211552 0.508846 0.365775 0.204274 0.376502 0.224612 0.377221 0.482126 0.456364 0.335131 0.335643 0.329545 0.378785 0.353647 0.548964
0.609989 0.620973 0.359628 0.656756 0.450632 0.714885 0.643356 0.793141 0.390585 0.540898 0.609819 0.629576 0.690869 0.749845 0.526781 0.675924 0.663989 0.810842 0.52272 0.745442 0.646231 0.592095 0.602787 0.665323 0.589706 0.628606 0.79378 0.434935 0.811075 0.683452 0.788057 0.787834 0.577584 0.441577 0.513759 0.602051 0.746095 0.542889 0.470241 0.657363 0.650247 0.546447 0.574716 0.64896 0.83937 0.507518 0.436796 0.722457 0.588117 0.454093 0.339408 0.228944 0.441694 0.435085 0.193601 0.371513 0.217 0.347946 0.455317 0.43197 0.518911 0.541929 0.518313 0.154604 0.651816 0.325826 0.316522 0.415196 0.540428 0.367856 0.316191 0.720256 0.55823 0.4367 0.292292 0.334315 0.449649 0.339745 0.154763 0.318825 0.203506 0.303846 0.246164 0.28911 0.441454 0.20652 0.50902 0.362784 0.199193 0.373868 0.21961 0.374415 0.481745 0.455264 0.331535 0.332074 0.325839 0.376066 0.350508 0.550166
0.612424 0.623636 0.356712 0.660081 0.449458 0.719047 0.646398 0.798052 0.388216 0.541792 0.612209 0.632412 0.694817 0.754481 0.527382 0.67957 0.667385 0.815782 0.523359 0.750032 0.649429 0.594096 0.605059 0.668791 0.591797 0.631395 0.798701 0.433473 0.816037 0.68717 0.792917 0.792733 0.579269 0.440323 0.514116 0.604285 0.750672 0.543863 0.469755 0.660684 0.653357 0.547465 0.576411 0.652116 0.844316 0.507847 0.435462 0.72674 0.590145 0.453022 0.335999 0.224074 0.44041 0.433724 0.188591 0.36872 0.212141 0.34472 0.454258 0.430411 0.519355 0.542879 0.518753 0.149655 0.655013 0.322159 0.312777 0.413323 0.541303 0.364953 0.312468 0.724489 0.559585 0.435286 0.288267 0.330811 0.448497 0.336372 0.149817 0.315059 0.198542 0.299952 0.241492 0.284993 0.440161 0.201604 0.509118 0.359809 0.194234 0.37128 0.214705 0.371622 0.481333 0.45417 0.327959 0.328535 0.322188 0.37335 0.347414 0.551353
0.614877 0.626231 0.353785 0.663344 0.448276 0.723162 0.649411 0.802842 0.38588 0.542683 0.614541 0.635182 0.698684 0.759019 0.528022 0.683174 0.670749 0.82057 0.5239 0.754574 0.652629 0.596091 0.60734 0.672238 0.593894 0.634145 0.803518 0.432054 0.820843 0.690846 0.79769 0.797513 0.580903 0.439018 0.514556 0.606452 0.755164 0.544807 0.469249 0.663977 0.656412 0.548449 0.578094 0.65518 0.849111 0.508216 0.434126 0.730991 0.592145 0.451941 0.332638 0.219351 0.439085 0.432376 0.183716 0.366002 0.20742 0.34152 0.453146 0.428918 0.519842 0.543843 0.519148 0.144873 0.658177 0.318547 0.309113 0.411462 0.542163 0.362118 0.308781 0.728644 0.560922 0.433847 0.2843 0.327336 0.447331 0.333037 0.145008 0.311337 0.193738 0.296135 0.236887 0.280934 0.438809 0.196802 0.509212 0.356929 0.189406 0.368698 0.209932 0.36884 0.48094 0.453061 0.324444 0.325048 0.318565 0.370656 0.344356 0.552534
0.617297 0.628816 0.350892 0.666579 0.447132 0.727185 0.652379 0.807525 0.383558 0.543571 0.616879 0.637932 0.702502 0.763472 0.52865 0.686711 0.674068 0.825254 0.524478 0.758986 0.655771 0.598019 0.609581 0.675624 0.596008 0.636901 0.808183 0.430628 0.825503 0.694492 0.802327 0.802178 0.582552 0.437689 0.51499 0.608655 0.759564 0.545715 0.468821 0.667242 0.659503 0.549464 0.579761 0.658271 0.853781 0.50853 0.432832 0.735213 0.594126 0.450837 0.329301 0.214731 0.437799 0.430967 0.178965 0.363252 0.202805 0.338394 0.452039 0.427392 0.520286 0.544799 0.51961 0.140256 0.661293 0.314988 0.305469 0.409603 0.543039 0.359315 0.305145 0.732723 0.56224 0.432435 0.280374 0.32391 0.446156 0.329743 0.140362 0.307631 0.189063 0.292329 0.23237 0.276924 0.437566 0.192145 0.50936 0.35407 0.184699 0.366155 0.205261 0.366055 0.48054 0.451928 0.320971 0.321618 0.314956 0.367967 0.341313 0.553677
0.619733 0.631336 0.348054 0.66978 0.445942 0.731214 0.65533 0.812088 0.381254 0.544507 0.619209 0.640684 0.706276 0.76784 0.529338 0.690212 0.677397 0.829779 0.525031 0.763325 0.658908 0.599979 0.61178 0.678995 0.598106 0.639583 0.812713 0.429246 0.830019 0.698071 0.80685 0.806714 0.584191 0.436376 0.515427 0.610779 0.763904 0.546585 0.468381 0.670465 0.662481 0.550483 0.581389 0.661336 0.858266 0.508876 0.431494 0.739315 0.596135 0.44976 0.325997 0.210188 0.436552 0.429604 0.174353 0.360542 0.198318 0.335292 0.450909 0.42587 0.520731 0.545716 0.520045 0.135751 0.664374 0.311439 0.301893 0.407763 0.543888 0.356431 0.30164 0.736761 0.563584 0.431082 0.276566 0.320544 0.445008 0.326537 0.135873 0.30396 0.18448 0.288571 0.227924 0.273009 0.436248 0.187587 0.509447 0.351163 0.180119 0.363644 0.200708 0.363289 0.480141 0.450813 0.31754 0.318241 0.311413 0.365283 0.338312 0.554781
0.622087 0.633842 0.345268 0.67298 0.44479 0.73508 0.658279 0.816505 0.379045 0.545414 0.621521 0.643397 0.70998 0.772138 0.529932 0.693684 0.680605 0.834187 0.525584 0.767594 0.662014 0.601901 0.613971 0.682331 0.600191 0.642264 0.817156 0.427881 0.834402 0.701629 0.811284 0.811147 0.585823 0.435117 0.515832 0.612874 0.76815 0.547454 0.467919 0.673635 0.665468 0.551442 0.582975 0.664338 0.862617 0.50926 0.430269 0.743335 0.598099 0.448619 0.322681 0.205725 0.435241 0.428229 0.169859 0.35789 0.193918 0.332193 0.449813 0.424425 0.521202 0.546622 0.520468 0.131414 0.667469 0.307941 0.298345 0.405909 0.544707 0.353651 0.298106 0.74069 0.564905 0.429714 0.272786 0.317225 0.443813 0.323332 0.131519 0.300312 0.180024 0.284867 0.223592 0.26919 0.434949 0.183166 0.509507 0.34832 0.175652 0.36114 0.196267 0.360546 0.479746 0.449671 0.314126 0.314854 0.307942 0.362647 0.335341 0.555924
0.624492 0.636313 0.342578 0.676073 0.443627 0.738929 0.661157 0.820848 0.376786 0.546339 0.62386 0.646069 0.71362 0.77631 0.53051 0.697084 0.683818 0.838477 0.526141 0.771797 0.66514 0.603824 0.616143 0.685653 0.60224 0.644908 0.821496 0.426482 0.838674 0.70508 0.815608 0.815481 0.587417 0.433904 0.516294 0.615012 0.772327 0.54834 0.467451 0.676763 0.668426 0.55244 0.584619 0.667289 0.866826 0.509593 0.429037 0.747279 0.600057 0.447526 0.319435 0.201398 0.433952 0.426907 0.165478 0.355215 0.189634 0.329167 0.448682 0.422944 0.521667 0.547544 0.520871 0.127237 0.670491 0.304514 0.294859 0.404116 0.545487 0.350894 0.294689 0.744585 0.56622 0.428385 0.269091 0.313926 0.442674 0.3202 0.127331 0.296698 0.175706 0.281199 0.21933 0.265411 0.433619 0.178843 0.509606 0.345525 0.171322 0.358713 0.19191 0.357804 0.479289 0.448502 0.310784 0.311555 0.30448 0.360057 0.332427 0.557056
0.626828 0.638757 0.339894 0.679217 0.442489 0.742746 0.664016 0.825052 0.374614 0.547242 0.626121 0.64867 0.717229 0.780421 0.531137 0.700438 0.687006 0.842628 0.526722 0.77589 0.668193 0.605768 0.618342 0.688949 0.604279 0.647479 0.825715 0.425112 0.842816 0.708526 0.819815 0.819705 0.589034 0.432672 0.516774 0.617131 0.776411 0.549212 0.467034 0.679939 0.671333 0.553414 0.58624 0.670197 0.8709 0.509933 0.427824 0.751167 0.60203 0.446397 0.316245 0.197099 0.432644 0.425539 0.161249 0.352581 0.185484 0.326165 0.447544 0.421453 0.522123 0.548412 0.521313 0.123199 0.673512 0.301113 0.291398 0.402311 0.546301 0.348147 0.291295 0.748381 0.56754 0.427102 0.265429 0.310663 0.441529 0.317036 0.123287 0.293155 0.171456 0.277604 0.215157 0.261678 0.432357 0.17465 0.509634 0.34274 0.167105 0.356307 0.187661 0.355053 0.478887 0.447382 0.307471 0.308265 0.301096 0.357494 0.329544 0.55818
0.629189 0.641235 0.337211 0.682296 0.441321 0.746491 0.666866 0.829171 0.372378 0.548113 0.628377 0.651338 0.720773 0.784487 0.531762 0.703755 0.690144 0.846698 0.527277 0.779907 0.671201 0.607587 0.620569 0.69224 0.606358 0.650099 0.82982 0.42379 0.846839 0.711935 0.823936 0.823832 0.590626 0.431447 0.517219 0.619171 0.780454 0.550048 0.466641 0.683044 0.674179 0.554362 0.587812 0.673049 0.874823 0.510299 0.426598 0.754983 0.604031 0.445278 0.313116 0.192937 0.431381 0.424189 0.157116 0.349973 0.181424 0.32317 0.446404 0.42001 0.522563 0.549273 0.521724 0.119305 0.676436 0.297744 0.288032 0.400544 0.547111 0.345405 0.287945 0.752116 0.568896 0.425763 0.261884 0.30743 0.44038 0.313882 0.119374 0.28966 0.167351 0.27406 0.21106 0.257972 0.431115 0.170562 0.509722 0.339975 0.163018 0.353936 0.183515 0.35235 0.478506 0.446209 0.30417 0.30495 0.29766 0.354932 0.326708 0.559286
0.63149 0.643626 0.33464 0.685397 0.440193 0.750149 0.669672 0.833146 0.370204 0.549003 0.630604 0.653969 0.724297 0.78844 0.53239 0.707057 0.693268 0.850627 0.527821 0.783863 0.674191 0.60941 0.62279 0.695428 0.608371 0.65268 0.83381 0.422384 0.85076 0.715261 0.827929 0.82782 0.592212 0.430182 0.517746 0.621205 0.784364 0.550918 0.466251 0.686142 0.677028 0.555272 0.589404 0.6759 0.87866 0.510711 0.425382 0.758772 0.605989 0.444186 0.309997 0.188849 0.430098 0.422887 0.153129 0.347388 0.177484 0.320247 0.445272 0.418568 0.523045 0.550151 0.522129 0.115519 0.679373 0.294423 0.284702 0.398803 0.547925 0.342693 0.284669 0.755789 0.570241 0.424444 0.258419 0.304223 0.439279 0.310804 0.115599 0.286215 0.163335 0.270574 0.207038 0.254352 0.429846 0.166596 0.509767 0.337241 0.159018 0.351648 0.179455 0.349647 0.478122 0.445055 0.300918 0.301692 0.29432 0.35237 0.323919 0.560393
0.633778 0.646061 0.332103 0.688394 0.439065 0.75371 0.672452 0.837025 0.368059 0.549828 0.632833 0.656545 0.727786 0.792307 0.532967 0.71025 0.696324 0.854444 0.528362 0.787743 0.677199 0.6113 0.624938 0.698598 0.610438 0.655225 0.837714 0.421068 0.854544 0.718536 0.831818 0.831717 0.593781 0.428944 0.518257 0.623214 0.788223 0.551781 0.465926 0.689152 0.679833 0.556207 0.590915 0.678686 0.882343 0.511104 0.424193 0.762405 0.607981 0.443125 0.306866 0.184866 0.428795 0.421537 0.149229 0.344837 0.173647 0.317338 0.444095 0.417103 0.523511 0.551039 0.522582 0.111882 0.682263 0.291122 0.281421 0.397083 0.548691 0.339968 0.281436 0.759418 0.571582 0.423117 0.254993 0.301069 0.438145 0.307764 0.111938 0.282801 0.159441 0.267138 0.203107 0.250831 0.428542 0.162704 0.509763 0.334593 0.155123 0.349386 0.175509 0.346953 0.477791 0.443868 0.297681 0.298532 0.291009 0.349853 0.32115 0.561501
0.636049 0.648429 0.329607 0.691393 0.437956 0.757236 0.675173 0.840775 0.365922 0.55071 0.635014 0.659098 0.731166 0.796144 0.533592 0.71345 0.699361 0.858155 0.528952 0.791505 0.680143 0.613096 0.627076 0.701762 0.612461 0.657782 0.841497 0.419756 0.858254 0.721772 0.835613 0.835511 0.595346 0.427744 0.518826 0.625189 0.792006 0.552609 0.465604 0.69215 0.682583 0.557159 0.592472 0.681449 0.885904 0.51152 0.423085 0.766024 0.609943 0.442015 0.303811 0.180988 0.42751 0.42019 0.145431 0.342325 0.169878 0.314498 0.442978 0.415701 0.524007 0.551914 0.52307 0.108367 0.685121 0.287848 0.278196 0.395423 0.54943 0.337311 0.278249 0.762921 0.572911 0.421777 0.251656 0.297934 0.436988 0.304763 0.108417 0.279392 0.155632 0.263789 0.199277 0.247368 0.427217 0.158932 0.509825 0.331913 0.151352 0.347167 0.171652 0.344284 0.477412 0.442667 0.294489 0.295357 0.287733 0.34733 0.31843 0.562567
0.63831 0.650789 0.327135 0.69434 0.436824 0.760717 0.677897 0.844459 0.363827 0.551603 0.637227 0.661637 0.734521 0.799892 0.534127 0.716585 0.702345 0.861745 0.529536 0.795234 0.683048 0.614898 0.629224 0.704899 0.614476 0.660284 0.845199 0.418469 0.861861 0.724971 0.839328 0.839239 0.59688 0.426572 0.519367 0.627183 0.795727 0.553496 0.465278 0.695085 0.685301 0.558086 0.594015 0.684154 0.889335 0.511939 0.421942 0.769555 0.61184 0.440893 0.3008 0.177194 0.426264 0.418887 0.141761 0.339847 0.166238 0.311659 0.441777 0.414248 0.524442 0.552735 0.523477 0.104956 0.687946 0.284615 0.275011 0.393699 0.55018 0.334662 0.275122 0.766368 0.57418 0.420475 0.248401 0.294834 0.435856 0.301814 0.105007 0.276044 0.151969 0.260445 0.195503 0.243957 0.425949 0.155272 0.50979 0.329253 0.14768 0.344944 0.167892 0.341612 0.477032 0.441515 0.291311 0.2922 0.284511 0.344856 0.315746 0.563651
0.640544 0.653139 0.324714 0.697245 0.435723 0.764169 0.680538 0.848047 0.361761 0.552489 0.639388 0.664151 0.737802 0.803547 0.534691 0.71971 0.705308 0.865239 0.5301 0.79888 0.685942 0.616731 0.631345 0.707953 0.616525 0.662774 0.848785 0.417148 0.865352 0.728117 0.842921 0.842842 0.598448 0.425351 0.519918 0.629146 0.799377 0.554349 0.46497 0.697999 0.687963 0.559044 0.595556 0.68687 0.892669 0.512383 0.420803 0.773034 0.613753 0.439766 0.297799 0.173475 0.425029 0.417585 0.138187 0.337376 0.162676 0.308826 0.440534 0.412816 0.524902 0.553611 0.523878 0.101674 0.690744 0.281401 0.271837 0.392019 0.550903 0.332049 0.272037 0.769789 0.575519 0.419185 0.245146 0.291742 0.434706 0.29887 0.101732 0.272762 0.148369 0.25715 0.191801 0.240601 0.424631 0.151699 0.50978 0.326656 0.144087 0.342781 0.164197 0.339006 0.476628 0.440302 0.288224 0.289117 0.281334 0.342403 0.313108 0.564705
0.642785 0.655397 0.322296 0.700184 0.434603 0.767567 0.683186 0.85154 0.359738 0.553341 0.641523 0.666629 0.741043 0.807097 0.535233 0.722778 0.708201 0.86863 0.530704 0.802491 0.688819 0.618498 0.633471 0.711008 0.618465 0.665247 0.852277 0.415856 0.868726 0.7312 0.846442 0.846337 0.59997 0.424125 0.520477 0.631045 0.802975 0.555198 0.464714 0.700937 0.690654 0.559958 0.597128 0.689539 0.895883 0.512829 0.41967 0.776444 0.615691 0.43864 0.294868 0.169846 0.423773 0.416305 0.134698 0.33492 0.159187 0.306064 0.439327 0.411432 0.525367 0.554437 0.524343 0.098516 0.693501 0.278205 0.268715 0.390376 0.551679 0.329445 0.269003 0.773157 0.576912 0.417903 0.241958 0.288689 0.433589 0.295958 0.0985548 0.269503 0.144882 0.253957 0.188208 0.23729 0.423407 0.14822 0.509785 0.32405 0.140613 0.340644 0.160629 0.336383 0.476227 0.4391 0.285152 0.286045 0.278165 0.339992 0.310482 0.565768
0.644948 0.657705 0.319946 0.703072 0.433467 0.770891 0.685774 0.85494 0.357742 0.554241 0.643665 0.669044 0.74426 0.810581 0.535767 0.725777 0.711081 0.87191 0.531286 0.805978 0.691676 0.620304 0.635558 0.714001 0.620495 0.667683 0.855685 0.414539 0.872018 0.734226 0.849875 0.84977 0.601452 0.42294 0.52105 0.632996 0.806466 0.556002 0.464551 0.703805 0.693259 0.560865 0.598638 0.692202 0.898997 0.513302 0.418564 0.779778 0.61761 0.437499 0.291974 0.166291 0.422507 0.415013 0.131322 0.332471 0.155802 0.303342 0.438104 0.410013 0.525813 0.555239 0.524721 0.0954633 0.696227 0.275068 0.265649 0.388694 0.552413 0.326824 0.266023 0.77643 0.578295 0.416612 0.23884 0.285671 0.432466 0.293077 0.0954968 0.266266 0.141505 0.250793 0.184691 0.234079 0.422176 0.144847 0.509713 0.32143 0.137218 0.338558 0.157147 0.333741 0.475837 0.437905 0.282145 0.283036 0.275046 0.337555 0.30791 0.566868
0.647159 0.660009 0.317664 0.705896 0.432415 0.774136 0.688364 0.858232 0.355768 0.555153 0.645754 0.671488 0.747328 0.813968 0.536296 0.728736 0.71393 0.87508 0.531885 0.8094 0.694499 0.622028 0.637633 0.716986 0.622533 0.670122 0.858991 0.413238 0.875198 0.737216 0.853199 0.853089 0.602955 0.421747 0.521602 0.634868 0.809908 0.556754 0.46432 0.706626 0.695833 0.561768 0.600126 0.694806 0.902007 0.513787 0.417447 0.783039 0.619511 0.436365 0.289077 0.162836 0.421254 0.413728 0.12803 0.330138 0.152494 0.300598 0.436908 0.408563 0.526279 0.556058 0.525142 0.0925139 0.69897 0.271958 0.262667 0.387066 0.553138 0.324267 0.263091 0.779686 0.579596 0.415384 0.235783 0.282719 0.431367 0.290251 0.0925414 0.263119 0.138201 0.247696 0.181225 0.230926 0.420921 0.141565 0.509653 0.318882 0.133922 0.336502 0.15372 0.331167 0.47549 0.436664 0.279108 0.280047 0.271918 0.335126 0.305374 0.567886
0.649334 0.662274 0.315407 0.708668 0.431352 0.777334 0.690922 0.861464 0.353822 0.556023 0.647849 0.673918 0.750403 0.81733 0.536856 0.731666 0.716738 0.878171 0.532483 0.81273 0.697286 0.623772 0.639753 0.719926 0.624579 0.672511 0.862233 0.411951 0.878294 0.740151 0.856428 0.856325 0.604415 0.420625 0.522207 0.636719 0.813267 0.557565 0.464118 0.709429 0.698425 0.562625 0.601603 0.697386 0.90491 0.514283 0.416388 0.786248 0.621447 0.43523 0.286185 0.159436 0.420023 0.412488 0.124835 0.327775 0.149275 0.297949 0.435678 0.407198 0.526812 0.556828 0.525551 0.0896703 0.701635 0.268907 0.259704 0.385435 0.553844 0.321734 0.260233 0.78283 0.58093 0.414133 0.232805 0.2798 0.43024 0.287449 0.0896983 0.26 0.134992 0.244655 0.177834 0.227801 0.419686 0.138355 0.509593 0.316346 0.130728 0.334482 0.150394 0.328617 0.475099 0.435405 0.276132 0.277075 0.268854 0.332723 0.302875 0.568976
0.651531 0.664514 0.313171 0.71145 0.430252 0.780453 0.693443 0.864606 0.35191 0.556893 0.649952 0.676312 0.753415 0.820614 0.537358 0.734543 0.71949 0.881175 0.533094 0.816015 0.700047 0.625497 0.641841 0.722813 0.626553 0.6749 0.865389 0.410698 0.8813 0.743023 0.859546 0.859477 0.605897 0.419473 0.522838 0.638563 0.816558 0.558352 0.463978 0.712206 0.700919 0.563517 0.603016 0.699922 0.907708 0.5148 0.41532 0.789396 0.623371 0.434119 0.283344 0.156125 0.418731 0.411257 0.121752 0.325475 0.146168 0.295246 0.434444 0.405793 0.527248 0.557571 0.525952 0.0869296 0.704269 0.265895 0.256783 0.383834 0.55457 0.319188 0.25743 0.78594 0.582268 0.412927 0.229872 0.276884 0.429105 0.284677 0.0869523 0.256882 0.131871 0.241631 0.174492 0.224738 0.418408 0.135233 0.509504 0.313831 0.127613 0.332454 0.147152 0.326038 0.474737 0.434168 0.273201 0.274181 0.265819 0.330365 0.300409 0.570033
0.65366 0.666692 0.311006 0.71423 0.42915 0.783513 0.695955 0.867664 0.350008 0.557737 0.652009 0.678693 0.756381 0.82379 0.537924 0.737374 0.722196 0.884093 0.533678 0.819238 0.702807 0.627226 0.643904 0.72572 0.628594 0.677249 0.868441 0.409412 0.884224 0.745857 0.862617 0.862556 0.607344 0.418341 0.523471 0.64036 0.819774 0.559127 0.46385 0.714937 0.703407 0.564367 0.60445 0.702414 0.910424 0.51528 0.414273 0.792509 0.625283 0.43303 0.280529 0.152908 0.417484 0.410014 0.118744 0.323169 0.143111 0.292621 0.433189 0.404437 0.527713 0.55836 0.526388 0.0842818 0.706848 0.262936 0.253903 0.382237 0.555296 0.316667 0.254687 0.788953 0.583559 0.411701 0.227058 0.274027 0.427996 0.281941 0.084302 0.253771 0.128836 0.238688 0.171237 0.221735 0.417183 0.132203 0.509383 0.311337 0.124609 0.330497 0.143983 0.323533 0.474387 0.432914 0.270256 0.271274 0.262828 0.32802 0.29797 0.571059
0.655784 0.66884 0.308875 0.716946 0.428081 0.786512 0.698429 0.870623 0.348103 0.558608 0.654068 0.681038 0.759328 0.826895 0.538463 0.740135 0.724856 0.886909 0.534311 0.822423 0.705506 0.628919 0.645944 0.728571 0.630581 0.679601 0.871404 0.408115 0.887046 0.748655 0.865609 0.865544 0.608797 0.417189 0.524139 0.642149 0.822939 0.559894 0.463775 0.717705 0.705851 0.565213 0.605879 0.704873 0.913038 0.515858 0.413206 0.795533 0.627187 0.431949 0.277751 0.149734 0.41621 0.408794 0.115816 0.320852 0.140156 0.29003 0.431936 0.403073 0.528208 0.559127 0.52679 0.0817095 0.709447 0.259999 0.251087 0.380641 0.555939 0.314187 0.251961 0.791953 0.584915 0.410497 0.224236 0.271192 0.426881 0.279211 0.0817378 0.250719 0.125878 0.235787 0.168038 0.218761 0.415972 0.129263 0.509242 0.30892 0.121685 0.32859 0.140894 0.320969 0.474021 0.431641 0.267362 0.268385 0.259869 0.325687 0.295539 0.57207
0.657925 0.671013 0.30677 0.719614 0.427024 0.789492 0.70093 0.873506 0.346187 0.55948 0.656096 0.683324 0.762199 0.829961 0.538974 0.742907 0.727496 0.889637 0.534912 0.825526 0.708296 0.630605 0.647973 0.731385 0.632582 0.681924 0.874302 0.40683 0.889787 0.75142 0.868487 0.868444 0.610273 0.416104 0.524851 0.643929 0.826071 0.56066 0.46372 0.720405 0.708258 0.566012 0.607305 0.707303 0.915568 0.516434 0.412202 0.798501 0.629066 0.430819 0.275036 0.146644 0.414975 0.407591 0.112968 0.318586 0.137311 0.287476 0.430678 0.401715 0.528642 0.559891 0.527181 0.0792411 0.712019 0.257034 0.248296 0.379039 0.556576 0.311702 0.249303 0.794899 0.586269 0.409333 0.221504 0.268402 0.425756 0.276511 0.0792668 0.247706 0.123015 0.232943 0.164933 0.215885 0.414722 0.126403 0.509071 0.306453 0.118839 0.326701 0.137876 0.31848 0.473649 0.430359 0.264553 0.265616 0.25693 0.323399 0.293156 0.573078
0.660049 0.673147 0.304755 0.722259 0.425982 0.792416 0.703354 0.876331 0.344336 0.560362 0.658144 0.685618 0.765028 0.832934 0.539512 0.745598 0.730086 0.892306 0.535512 0.828564 0.710984 0.632266 0.650008 0.734183 0.634592 0.684242 0.877128 0.405556 0.892452 0.754136 0.871297 0.871252 0.611738 0.414952 0.525549 0.645674 0.829111 0.5614 0.463636 0.723076 0.710668 0.566856 0.608757 0.709673 0.91801 0.516988 0.411183 0.801412 0.630912 0.42972 0.272334 0.14363 0.413757 0.406363 0.11022 0.316371 0.13453 0.284942 0.42939 0.400384 0.529109 0.560625 0.527607 0.0768544 0.714588 0.254166 0.245557 0.377507 0.557182 0.309251 0.246714 0.797808 0.58763 0.408152 0.218831 0.265634 0.42463 0.27384 0.0768879 0.244721 0.120202 0.230153 0.161896 0.213073 0.413488 0.123613 0.508892 0.304008 0.116063 0.324883 0.134935 0.315973 0.473324 0.429029 0.261779 0.262781 0.254027 0.321112 0.290837 0.574067
0.66212 0.67521 0.302753 0.724885 0.424951 0.795264 0.705768 0.879069 0.34249 0.56122 0.660155 0.687899 0.767795 0.835867 0.540004 0.748257 0.732671 0.894887 0.536099 0.831555 0.713619 0.633933 0.651994 0.736929 0.636583 0.686526 0.879867 0.404305 0.89505 0.756794 0.874045 0.874007 0.613187 0.413793 0.526243 0.647407 0.832108 0.562142 0.463557 0.725723 0.713002 0.567717 0.610167 0.712022 0.920373 0.517593 0.410209 0.804279 0.632781 0.428586 0.269662 0.140682 0.412532 0.405131 0.107525 0.314183 0.131817 0.282417 0.428102 0.399042 0.529567 0.561337 0.527996 0.0745637 0.717101 0.251308 0.242852 0.375996 0.557826 0.306819 0.244164 0.80063 0.588964 0.406951 0.216215 0.262877 0.423534 0.271215 0.0745811 0.241765 0.11749 0.2274 0.158925 0.210291 0.412208 0.120905 0.508715 0.301572 0.113364 0.323064 0.132057 0.313471 0.472964 0.427732 0.259009 0.26 0.251159 0.318807 0.288575 0.575
0.664226 0.677346 0.300789 0.727479 0.42391 0.798086 0.708116 0.881717 0.340642 0.562084 0.662138 0.69015 0.770535 0.838728 0.540469 0.750848 0.735234 0.89739 0.536719 0.834477 0.716271 0.635563 0.654058 0.739722 0.638539 0.68878 0.882546 0.403095 0.897553 0.759411 0.876717 0.876667 0.614634 0.412647 0.526964 0.649119 0.835037 0.562857 0.463523 0.728329 0.715329 0.568582 0.611561 0.714347 0.922654 0.518187 0.409227 0.807092 0.634655 0.427448 0.267061 0.137815 0.41127 0.403911 0.104916 0.311997 0.129198 0.279902 0.426796 0.397715 0.530021 0.562063 0.528415 0.0723451 0.719623 0.248492 0.240201 0.374502 0.558472 0.304427 0.241657 0.803397 0.590277 0.40578 0.213645 0.260161 0.422416 0.268664 0.0723602 0.238861 0.114852 0.224702 0.156015 0.207554 0.410961 0.118277 0.508501 0.299167 0.110753 0.321293 0.129241 0.311007 0.472631 0.426404 0.256273 0.257254 0.248348 0.316608 0.286328 0.575977
0.666289 0.679425 0.298888 0.730061 0.422883 0.800823 0.710474 0.884307 0.338838 0.562971 0.664108 0.692404 0.77326 0.841536 0.540884 0.753416 0.73775 0.899824 0.537304 0.837343 0.718848 0.637192 0.656061 0.742432 0.640531 0.691027 0.885128 0.401851 0.899981 0.761981 0.879314 0.879263 0.616071 0.411523 0.527725 0.650822 0.837904 0.563586 0.463538 0.730905 0.717607 0.569364 0.612956 0.716608 0.924856 0.518798 0.40828 0.80986 0.636511 0.426329 0.264457 0.135018 0.410028 0.402693 0.102376 0.309862 0.126621 0.277435 0.425447 0.396436 0.5305 0.562721 0.52883 0.0702008 0.722026 0.245735 0.237567 0.372986 0.559098 0.302041 0.239193 0.806106 0.591615 0.404616 0.211122 0.257512 0.421365 0.26607 0.0702197 0.235971 0.112297 0.221997 0.15315 0.204858 0.409686 0.115728 0.508259 0.296838 0.108196 0.319537 0.126515 0.308509 0.472337 0.42505 0.253555 0.254557 0.245535 0.31434 0.284067 0.576954
0.668327 0.681496 0.297022 0.732629 0.421861 0.803537 0.712803 0.886834 0.337088 0.563823 0.666037 0.694621 0.775911 0.844261 0.541397 0.755953 0.740183 0.902192 0.537906 0.840169 0.721411 0.638774 0.65806 0.745121 0.642516 0.693244 0.887648 0.400637 0.902349 0.76452 0.881858 0.881793 0.617451 0.410421 0.52853 0.652487 0.840706 0.564282 0.463542 0.733487 0.719832 0.570197 0.614341 0.718844 0.926993 0.519428 0.40735 0.812566 0.638368 0.425177 0.261875 0.132277 0.40878 0.401497 0.0999232 0.307715 0.124125 0.274998 0.424116 0.395141 0.530999 0.563378 0.529269 0.06813 0.724452 0.242979 0.235018 0.371522 0.5597 0.299676 0.236772 0.808794 0.592959 0.403492 0.208683 0.254864 0.42031 0.263533 0.0681439 0.233148 0.109805 0.219332 0.150343 0.20222 0.408495 0.113248 0.508026 0.294513 0.105706 0.317846 0.123852 0.306056 0.472026 0.423674 0.250889 0.251902 0.242765 0.31209 0.281887 0.577931
0.6704 0.683514 0.295179 0.735135 0.420821 0.806218 0.715066 0.889283 0.335359 0.564699 0.668004 0.696839 0.778499 0.846939 0.541838 0.758483 0.742599 0.904478 0.538541 0.842939 0.723982 0.64038 0.660041 0.747778 0.64453 0.695422 0.890079 0.399415 0.904648 0.767049 0.884313 0.884251 0.618851 0.409322 0.529339 0.654155 0.84343 0.56496 0.46362 0.736019 0.722025 0.570985 0.615723 0.721047 0.929057 0.520082 0.406471 0.815228 0.640225 0.423995 0.259311 0.129595 0.407559 0.400333 0.0975327 0.305591 0.121678 0.27262 0.422772 0.393803 0.53148 0.564037 0.529677 0.0661261 0.726891 0.240234 0.232507 0.370024 0.560288 0.297303 0.234406 0.811392 0.594345 0.402337 0.206267 0.252275 0.419192 0.261047 0.0661437 0.230277 0.107369 0.216754 0.147585 0.199649 0.407322 0.11082 0.507792 0.292206 0.10329 0.316204 0.121268 0.303564 0.47169 0.422316 0.248226 0.249287 0.240045 0.309874 0.279697 0.578892
0.672407 0.685548 0.293348 0.737597 0.419824 0.80885 0.717326 0.891683 0.33364 0.565582 0.669988 0.699025 0.781039 0.849544 0.54229 0.760942 0.744946 0.906688 0.53918 0.845662 0.726493 0.641958 0.662008 0.750409 0.646512 0.697572 0.892465 0.398162 0.906859 0.769498 0.886706 0.886637 0.620191 0.408305 0.530164 0.65574 0.846102 0.565641 0.463732 0.738485 0.724214 0.571789 0.617075 0.723237 0.931045 0.520795 0.405565 0.817821 0.642106 0.422818 0.256792 0.126974 0.406317 0.399174 0.0952194 0.303504 0.119316 0.27028 0.421425 0.392506 0.531949 0.564678 0.530099 0.0641891 0.729255 0.237544 0.230045 0.368582 0.560891 0.294936 0.232063 0.813977 0.595677 0.401215 0.203914 0.249661 0.418102 0.258603 0.0642171 0.22749 0.104988 0.214241 0.14491 0.197104 0.406075 0.108458 0.507481 0.28991 0.100956 0.314575 0.118728 0.301113 0.471334 0.420957 0.245612 0.246673 0.237365 0.30768 0.277563 0.579847
0.674396 0.687539 0.291572 0.740067 0.418824 0.811399 0.719593 0.894001 0.331939 0.566473 0.671917 0.701202 0.78354 0.85211 0.542755 0.763361 0.747268 0.908844 0.539743 0.8483 0.729083 0.643514 0.663966 0.752989 0.648471 0.699773 0.894792 0.396931 0.909016 0.77193 0.889014 0.888973 0.621601 0.407221 0.531036 0.657332 0.848711 0.566312 0.463854 0.740952 0.726376 0.572575 0.618364 0.725426 0.932961 0.521467 0.404647 0.82038 0.643973 0.421669 0.25431 0.124413 0.405091 0.397992 0.0929638 0.30146 0.117023 0.267967 0.420087 0.391248 0.532423 0.565299 0.530537 0.0623275 0.731615 0.2349 0.227585 0.367155 0.561462 0.292628 0.229771 0.816493 0.597023 0.400097 0.201613 0.247086 0.417002 0.25616 0.0623501 0.224727 0.102704 0.211729 0.142291 0.194605 0.404834 0.106179 0.507195 0.287633 0.0986879 0.312988 0.116257 0.298715 0.471031 0.419589 0.243008 0.244115 0.234733 0.305537 0.27547 0.580764
0.676356 0.689494 0.289837 0.742501 0.417845 0.813931 0.721769 0.896267 0.330254 0.567322 0.673799 0.703319 0.785982 0.854603 0.543211 0.765711 0.749622 0.910925 0.540394 0.850897 0.731583 0.645053 0.665901 0.755531 0.650451 0.701888 0.897056 0.395704 0.911091 0.774291 0.891277 0.891239 0.622985 0.406186 0.531888 0.658902 0.851273 0.566986 0.463992 0.743356 0.728464 0.57334 0.619672 0.727539 0.934818 0.522142 0.403713 0.822861 0.645872 0.420486 0.251876 0.121907 0.403858 0.3968 0.0907738 0.299442 0.114776 0.265663 0.418681 0.389948 0.532874 0.565917 0.530958 0.0605317 0.733916 0.23223 0.22518 0.365751 0.562023 0.290315 0.227532 0.818959 0.598411 0.398997 0.19936 0.244559 0.415926 0.253752 0.0605467 0.221997 0.100475 0.209282 0.139734 0.192145 0.403621 0.103961 0.506934 0.285375 0.0964662 0.311447 0.113864 0.296258 0.470741 0.418176 0.240481 0.241555 0.232088 0.303361 0.27336 0.581691
0.678274 0.691405 0.28817 0.744906 0.41683 0.81639 0.723967 0.898476 0.328622 0.568168 0.675678 0.705421 0.788378 0.857045 0.543646 0.768068 0.751942 0.912945 0.540994 0.853426 0.734065 0.64658 0.667836 0.758083 0.652449 0.704008 0.899261 0.394493 0.913116 0.776594 0.893467 0.893449 0.624377 0.405121 0.532721 0.660427 0.853819 0.567655 0.464159 0.745777 0.730535 0.574134 0.62097 0.729628 0.936621 0.52286 0.402784 0.825292 0.647701 0.419321 0.249456 0.11949 0.402666 0.395657 0.0886485 0.297419 0.112615 0.263375 0.417271 0.388665 0.533355 0.566535 0.531434 0.058798 0.736215 0.229633 0.222818 0.364357 0.562562 0.288035 0.225395 0.821366 0.599776 0.397903 0.197171 0.24205 0.414771 0.25136 0.0588126 0.219322 0.0983258 0.206876 0.137234 0.189759 0.402387 0.101798 0.50658 0.283129 0.0943048 0.309941 0.111522 0.29382 0.470394 0.416759 0.237969 0.238998 0.229471 0.301234 0.271309 0.582571
0.680197 0.693352 0.286541 0.747327 0.415861 0.818796 0.726094 0.900597 0.327047 0.569044 0.677588 0.707509 0.790715 0.859444 0.544032 0.770397 0.754203 0.914913 0.541646 0.855891 0.73648 0.648129 0.669804 0.760605 0.654417 0.70611 0.901403 0.393284 0.915077 0.778881 0.89561 0.895599 0.625744 0.404053 0.533579 0.661969 0.856302 0.56831 0.464346 0.74817 0.732646 0.574887 0.622262 0.731676 0.938374 0.523627 0.401939 0.827662 0.649548 0.418143 0.247078 0.117115 0.40145 0.394482 0.0865808 0.29544 0.110517 0.261096 0.415868 0.387415 0.53382 0.567125 0.531852 0.0571167 0.738483 0.227057 0.220516 0.362952 0.563139 0.285752 0.223264 0.823737 0.601151 0.396755 0.195019 0.239572 0.413666 0.249003 0.0571449 0.216644 0.0962239 0.204492 0.134767 0.187432 0.401152 0.0997086 0.506207 0.280933 0.0922296 0.30844 0.109243 0.291383 0.4701 0.415298 0.235474 0.236499 0.226875 0.299131 0.269302 0.583446
0.682137 0.695306 0.284979 0.749713 0.414835 0.821177 0.728242 0.90267 0.325456 0.569945 0.679441 0.709583 0.793027 0.861787 0.544451 0.77268 0.756455 0.916817 0.542256 0.858312 0.738917 0.649654 0.671725 0.763076 0.656407 0.708195 0.903473 0.392058 0.916971 0.781117 0.89769 0.89767 0.627098 0.403001 0.53447 0.663449 0.858716 0.568986 0.464579 0.750539 0.734698 0.575616 0.623562 0.733699 0.940057 0.524362 0.401121 0.830002 0.651423 0.416964 0.244718 0.114807 0.400212 0.393341 0.0845819 0.293502 0.108457 0.258873 0.414419 0.386153 0.53427 0.567706 0.53228 0.0554966 0.740772 0.224527 0.218231 0.361546 0.563676 0.283501 0.221147 0.826066 0.602507 0.395649 0.192936 0.23712 0.412572 0.246694 0.0555232 0.213998 0.0941758 0.202173 0.132365 0.185161 0.3999 0.0976679 0.505857 0.278766 0.0902156 0.307033 0.107017 0.289014 0.469799 0.413821 0.233003 0.23401 0.224332 0.297019 0.267346 0.584323
0.684038 0.697236 0.283434 0.752023 0.413808 0.823511 0.730351 0.904703 0.323898 0.570847 0.681308 0.71162 0.795321 0.864084 0.544816 0.774916 0.758668 0.918679 0.54289 0.860702 0.74134 0.651201 0.673617 0.765526 0.658381 0.710271 0.905503 0.390878 0.918829 0.783287 0.899708 0.899694 0.628453 0.401939 0.53538 0.664944 0.861112 0.569594 0.464823 0.752906 0.73669 0.576369 0.624825 0.735692 0.941676 0.525154 0.400242 0.832299 0.653281 0.415758 0.242375 0.112519 0.399005 0.392165 0.0826338 0.291551 0.106469 0.256674 0.412935 0.384942 0.534751 0.568304 0.532713 0.0539276 0.74304 0.222001 0.215985 0.360123 0.564242 0.281253 0.219094 0.828338 0.603905 0.394606 0.190899 0.234746 0.411499 0.244376 0.0539534 0.211429 0.0921831 0.199872 0.129987 0.182912 0.39861 0.0956903 0.505491 0.276565 0.0882388 0.305623 0.10483 0.286595 0.469509 0.412357 0.230531 0.231579 0.22183 0.294913 0.265438 0.585237
0.685934 0.699114 0.28195 0.754365 0.412835 0.825788 0.732471 0.90668 0.322383 0.571734 0.683129 0.713633 0.797566 0.866329 0.545212 0.777126 0.760872 0.920485 0.543512 0.863049 0.743727 0.652697 0.675579 0.767969 0.660331 0.712346 0.90749 0.389691 0.920614 0.785404 0.901682 0.901667 0.629784 0.400905 0.536335 0.666413 0.863448 0.570209 0.465119 0.755207 0.738688 0.577111 0.626073 0.73764 0.943243 0.525933 0.399387 0.834541 0.65517 0.414558 0.240093 0.110307 0.397821 0.391005 0.0807617 0.289698 0.104543 0.254486 0.411458 0.383711 0.535255 0.568874 0.533174 0.0524098 0.745248 0.219521 0.213766 0.358751 0.564756 0.278997 0.217076 0.83058 0.605281 0.393553 0.188907 0.232345 0.410365 0.242127 0.0524463 0.208854 0.0902469 0.197617 0.12766 0.180685 0.397383 0.0937636 0.505078 0.274381 0.0863187 0.304257 0.102722 0.284241 0.46919 0.410899 0.228138 0.229147 0.219364 0.292817 0.263497 0.586096
0.687787 0.700997 0.280474 0.756663 0.41182 0.828061 0.73454 0.908596 0.320853 0.572614 0.684933 0.715682 0.799765 0.868534 0.545621 0.779253 0.76304 0.922226 0.54418 0.865324 0.746099 0.654166 0.677519 0.770352 0.662293 0.714355 0.909398 0.388503 0.922341 0.787536 0.9036 0.903568 0.63105 0.399885 0.537289 0.667859 0.865723 0.570835 0.465411 0.757479 0.740643 0.577827 0.62733 0.739563 0.944758 0.526779 0.39859 0.836722 0.657038 0.413315 0.237856 0.108127 0.396619 0.38987 0.0789225 0.287836 0.102646 0.252312 0.409978 0.382536 0.535752 0.569415 0.533612 0.0509423 0.747393 0.217074 0.211609 0.357434 0.565261 0.276737 0.215115 0.832753 0.60665 0.392527 0.186929 0.229964 0.409296 0.239881 0.050988 0.206307 0.0883826 0.195419 0.125378 0.178533 0.396147 0.0918953 0.504583 0.272225 0.0844443 0.302882 0.100652 0.281838 0.468901 0.409407 0.225758 0.226732 0.216884 0.290729 0.261619 0.586949
0.689662 0.70283 0.279077 0.758939 0.410848 0.830275 0.736566 0.91045 0.319391 0.573538 0.686743 0.717645 0.801904 0.870663 0.545959 0.781379 0.765173 0.923936 0.54483 0.867547 0.748461 0.655622 0.679465 0.77274 0.664237 0.716395 0.911269 0.387301 0.92403 0.789621 0.905448 0.905442 0.632359 0.39888 0.538235 0.669297 0.867958 0.571432 0.465732 0.759738 0.742548 0.578481 0.628576 0.741472 0.946229 0.527645 0.397804 0.838874 0.658893 0.412086 0.23559 0.106011 0.395358 0.388778 0.0771361 0.285945 0.10081 0.250189 0.408443 0.381312 0.536309 0.569919 0.53409 0.0495325 0.749572 0.214642 0.209476 0.356058 0.565764 0.274516 0.213198 0.834909 0.608018 0.391534 0.185015 0.227636 0.408188 0.237585 0.0495805 0.203775 0.08656 0.193278 0.123161 0.176418 0.394921 0.0900757 0.504092 0.270132 0.082624 0.301552 0.0986463 0.279465 0.468578 0.407876 0.2234 0.224338 0.214435 0.288693 0.259732 0.587838
0.691511 0.704681 0.27766 0.761208 0.40997 0.832456 0.738582 0.912253 0.317906 0.574442 0.688538 0.719599 0.804023 0.872751 0.546348 0.783469 0.767312 0.92557 0.545475 0.869755 0.750804 0.657066 0.681381 0.775092 0.666165 0.718436 0.913088 0.386111 0.925665 0.79166 0.907261 0.907256 0.633695 0.397884 0.539282 0.670707 0.870162 0.572055 0.466128 0.761983 0.744434 0.579198 0.629795 0.743371 0.947647 0.528494 0.397001 0.840993 0.660738 0.410855 0.233369 0.103926 0.39411 0.387649 0.0754049 0.284084 0.0990107 0.248067 0.406862 0.380108 0.536813 0.570422 0.53457 0.048176 0.751687 0.212232 0.207369 0.354734 0.56624 0.272323 0.211322 0.837005 0.609363 0.390516 0.183164 0.225344 0.407073 0.235386 0.0482167 0.201284 0.0847653 0.191174 0.120994 0.174323 0.393672 0.088303 0.5036 0.268028 0.0808664 0.300238 0.0966924 0.277131 0.468248 0.406335 0.221077 0.222011 0.212052 0.286671 0.257896 0.588682
0.693347 0.706511 0.276348 0.763424 0.409042 0.834576 0.740549 0.914031 0.316432 0.575303 0.69032 0.721586 0.806071 0.874805 0.546731 0.785509 0.769372 0.927169 0.546129 0.871914 0.753137 0.6585 0.683298 0.777423 0.668126 0.720419 0.914865 0.3849 0.927254 0.79366 0.90902 0.90901 0.63499 0.396851 0.540292 0.672085 0.872321 0.57261 0.466541 0.7642 0.74629 0.579876 0.631017 0.745187 0.949024 0.529395 0.396244 0.843069 0.662598 0.409637 0.231162 0.101904 0.39288 0.386538 0.0737173 0.282283 0.0972672 0.246042 0.405326 0.378867 0.537286 0.570921 0.53502 0.046866 0.753787 0.209848 0.205308 0.353449 0.566685 0.270135 0.20949 0.839089 0.610792 0.389487 0.181365 0.223096 0.406002 0.233205 0.0468905 0.198829 0.0830422 0.189068 0.118883 0.172279 0.392423 0.0865688 0.503158 0.265913 0.079156 0.298955 0.0947782 0.274773 0.46795 0.404766 0.21879 0.21967 0.209691 0.284646 0.256112 0.589487
0.69517 0.708316 0.275053 0.765633 0.408093 0.836656 0.7425 0.915754 0.315025 0.576155 0.692107 0.72349 0.808048 0.876793 0.547029 0.787524 0.771469 0.928719 0.546789 0.874008 0.755423 0.65992 0.685181 0.779726 0.670087 0.722401 0.916594 0.383707 0.928798 0.795612 0.91072 0.910734 0.636307 0.395843 0.541342 0.673436 0.874424 0.573201 0.466984 0.766403 0.748149 0.580595 0.632222 0.746972 0.950357 0.530317 0.395498 0.845086 0.664455 0.408393 0.229007 0.099938 0.391621 0.38537 0.0720714 0.28051 0.0955961 0.243982 0.403711 0.377653 0.537794 0.571393 0.535443 0.0455956 0.755862 0.207479 0.203287 0.352148 0.567143 0.267958 0.207704 0.841105 0.612193 0.38851 0.179572 0.220848 0.404947 0.231048 0.0456178 0.196376 0.0813635 0.187001 0.116812 0.170263 0.39119 0.084892 0.502596 0.263848 0.0774826 0.297718 0.0929172 0.272458 0.467587 0.403182 0.216493 0.217357 0.207351 0.282625 0.25434 0.59032
0.696946 0.710089 0.273812 0.767841 0.407189 0.838705 0.744448 0.917427 0.313572 0.577073 0.693866 0.725399 0.810042 0.878768 0.547353 0.789508 0.773497 0.930221 0.547461 0.876101 0.757707 0.661391 0.687099 0.782003 0.672044 0.724354 0.918272 0.382517 0.930299 0.79752 0.912383 0.91239 0.63758 0.394849 0.542396 0.674775 0.876466 0.573829 0.46744 0.768566 0.749933 0.581278 0.63343 0.748759 0.951646 0.531208 0.394757 0.847076 0.666305 0.407165 0.226833 0.0980103 0.3904 0.384251 0.0704768 0.278708 0.0939556 0.241971 0.402098 0.376454 0.538329 0.571865 0.535872 0.044373 0.757921 0.205162 0.201286 0.350907 0.567549 0.265807 0.205962 0.843081 0.613616 0.387518 0.177836 0.218605 0.403827 0.228932 0.0443892 0.193925 0.0797278 0.184961 0.114785 0.168292 0.389994 0.0832619 0.502019 0.2618 0.0758647 0.296485 0.0910919 0.270151 0.467272 0.401539 0.21423 0.215088 0.204999 0.28063 0.25258 0.591121
0.698709 0.71184 0.272601 0.769979 0.406274 0.840712 0.746347 0.919059 0.312202 0.577955 0.695617 0.727299 0.812006 0.880668 0.547693 0.79147 0.775483 0.931674 0.548177 0.878138 0.759966 0.662812 0.689057 0.784247 0.673986 0.726361 0.919903 0.38136 0.931755 0.79941 0.914001 0.914019 0.63886 0.393842 0.543471 0.676089 0.87849 0.574397 0.467932 0.770706 0.751702 0.581988 0.634575 0.750535 0.952889 0.532163 0.394032 0.849002 0.668129 0.405928 0.224719 0.0961208 0.389204 0.383099 0.0689373 0.277004 0.0923452 0.239955 0.400479 0.37525 0.538795 0.572321 0.536326 0.0431975 0.759941 0.202864 0.199318 0.349681 0.567987 0.263677 0.204265 0.845014 0.615043 0.386538 0.176193 0.216381 0.402788 0.226828 0.0431942 0.191513 0.0781283 0.182969 0.112792 0.166366 0.388798 0.0816741 0.501456 0.259741 0.0742894 0.295312 0.0893253 0.267833 0.466965 0.399939 0.212018 0.212846 0.202677 0.278648 0.250842 0.591957
0.700497 0.713565 0.271428 0.772129 0.405411 0.842704 0.748253 0.920647 0.310814 0.578797 0.697378 0.729139 0.813919 0.882537 0.548017 0.793415 0.777442 0.933096 0.548859 0.880122 0.762234 0.664189 0.69093 0.786482 0.675893 0.728281 0.921485 0.380189 0.933168 0.80131 0.915577 0.915595 0.640142 0.392794 0.544571 0.677382 0.880468 0.574947 0.468471 0.772813 0.753478 0.582649 0.635732 0.752244 0.954094 0.533119 0.393346 0.850879 0.669966 0.404654 0.22263 0.0942935 0.387986 0.381994 0.0674295 0.27528 0.0907807 0.237994 0.398867 0.374058 0.539321 0.572723 0.536789 0.0420478 0.761966 0.200574 0.197377 0.348465 0.568451 0.261574 0.202584 0.846926 0.616433 0.385552 0.174526 0.21422 0.401725 0.224745 0.0420418 0.18914 0.0765855 0.181042 0.110835 0.164463 0.387563 0.0801273 0.500811 0.257718 0.0727497 0.294209 0.0875907 0.265517 0.466684 0.398335 0.209805 0.210623 0.200377 0.276695 0.249164 0.592737
0.702274 0.715304 0.270302 0.774228 0.404536 0.844646 0.750129 0.92219 0.309475 0.579732 0.699097 0.731015 0.8158 0.884384 0.548313 0.795299 0.779373 0.934468 0.54955 0.882073 0.764461 0.665509 0.692775 0.788682 0.677843 0.730228 0.923019 0.379015 0.934545 0.803158 0.917103 0.917126 0.641399 0.391801 0.545688 0.678665 0.882399 0.575508 0.468969 0.774927 0.755166 0.583317 0.636896 0.753943 0.955269 0.534128 0.392648 0.852735 0.671821 0.403379 0.220581 0.0925058 0.386733 0.380863 0.0659821 0.2736 0.0892789 0.236037 0.397242 0.372861 0.53987 0.57311 0.537251 0.0409323 0.763975 0.19834 0.195468 0.347243 0.568856 0.259459 0.200928 0.848791 0.617835 0.384526 0.172929 0.212077 0.400713 0.222695 0.0409321 0.186776 0.0750758 0.179102 0.108922 0.162602 0.386337 0.0786289 0.500191 0.255708 0.07127 0.293114 0.0859083 0.263227 0.466399 0.396665 0.207671 0.208424 0.19812 0.274775 0.247489 0.593456
0.704046 0.717034 0.269193 0.776331 0.403666 0.846527 0.751979 0.923691 0.308132 0.580624 0.700803 0.732896 0.817644 0.886189 0.548642 0.797185 0.781279 0.935797 0.550226 0.883963 0.766656 0.666862 0.694641 0.790847 0.679772 0.732147 0.924515 0.37786 0.935888 0.804944 0.918603 0.918613 0.642648 0.390888 0.546844 0.679938 0.884299 0.576064 0.469542 0.776993 0.756833 0.583967 0.638039 0.755627 0.956401 0.535147 0.391957 0.854552 0.673672 0.40213 0.218553 0.0907403 0.385541 0.379744 0.0645697 0.271943 0.0878031 0.234145 0.395573 0.371699 0.54035 0.573518 0.537709 0.0398553 0.765953 0.196142 0.193629 0.34601 0.569272 0.257393 0.199316 0.850623 0.619246 0.383552 0.171361 0.209953 0.399646 0.220645 0.0398579 0.184433 0.073609 0.177225 0.107068 0.160778 0.385101 0.0771824 0.499559 0.253703 0.0698379 0.292069 0.0842616 0.26092 0.466095 0.394972 0.205523 0.206261 0.195897 0.272871 0.245873 0.594223
0.70572 0.718779 0.268138 0.77841 0.402774 0.848388 0.753816 0.925154 0.306814 0.581514 0.702477 0.734673 0.819455 0.887939 0.548963 0.799032 0.783179 0.937107 0.55095 0.885832 0.768847 0.668263 0.696549 0.793016 0.681721 0.734015 0.925968 0.376702 0.937186 0.806713 0.920039 0.920059 0.643857 0.38995 0.548029 0.681172 0.886163 0.576611 0.47013 0.779037 0.758523 0.584659 0.639214 0.757278 0.957489 0.536149 0.391289 0.856326 0.67553 0.400856 0.216566 0.0890421 0.384255 0.378593 0.0631917 0.270297 0.0863667 0.23225 0.393918 0.370562 0.540887 0.573886 0.538218 0.0388154 0.767923 0.193967 0.191811 0.344825 0.569692 0.255348 0.197716 0.852424 0.620674 0.382594 0.169849 0.207854 0.398609 0.218639 0.038825 0.182114 0.072197 0.17535 0.105248 0.15901 0.383853 0.0757712 0.498902 0.251739 0.0684352 0.291041 0.0826514 0.258657 0.465834 0.393286 0.203398 0.204093 0.193696 0.270929 0.244269 0.594978
0.707458 0.720487 0.267111 0.780465 0.401888 0.850239 0.755618 0.926572 0.305507 0.582453 0.704183 0.736486 0.821222 0.889666 0.549259 0.80083 0.785023 0.938371 0.551615 0.887658 0.771006 0.669603 0.698423 0.795149 0.683635 0.735905 0.927389 0.375531 0.938449 0.808471 0.921454 0.921478 0.645099 0.389049 0.549246 0.68241 0.887996 0.577134 0.470748 0.781069 0.760169 0.585297 0.640352 0.758896 0.958552 0.537158 0.390641 0.858068 0.6774 0.399561 0.214609 0.087358 0.383031 0.377455 0.0618581 0.268703 0.084986 0.230405 0.392233 0.369355 0.541394 0.57423 0.538665 0.0378068 0.76986 0.191809 0.190011 0.343618 0.570048 0.253281 0.196167 0.854173 0.622043 0.381696 0.168381 0.205784 0.397496 0.216639 0.0378153 0.179862 0.0708055 0.173526 0.103466 0.157296 0.382604 0.0744075 0.498232 0.249768 0.0670784 0.290086 0.0810843 0.256395 0.46553 0.391571 0.201293 0.201952 0.191535 0.269044 0.242665 0.595746
0.70918 0.722193 0.26609 0.78246 0.400962 0.852039 0.757438 0.927956 0.304216 0.583413 0.70586 0.738294 0.822984 0.891328 0.549533 0.802623 0.786855 0.939589 0.552323 0.889443 0.773121 0.67092 0.700316 0.797283 0.68552 0.73777 0.928771 0.374344 0.93966 0.810185 0.922833 0.922874 0.646325 0.38807 0.550437 0.683637 0.889789 0.577662 0.471359 0.78308 0.761786 0.585897 0.641473 0.760498 0.959574 0.538238 0.389968 0.859779 0.679258 0.398272 0.21264 0.0857226 0.38176 0.376414 0.0605593 0.267082 0.0836358 0.228543 0.390512 0.368157 0.541908 0.574599 0.539136 0.036835 0.771783 0.189645 0.188235 0.342423 0.570429 0.251218 0.194666 0.855895 0.62352 0.380736 0.166904 0.203748 0.396396 0.214704 0.0368426 0.177651 0.0694565 0.171752 0.101725 0.155591 0.381349 0.0730741 0.497506 0.247817 0.0657499 0.289164 0.0795593 0.254155 0.46527 0.389873 0.19921 0.199835 0.189373 0.267134 0.241112 0.59643
0.710854 0.723867 0.265092 0.784466 0.400052 0.853826 0.759231 0.929305 0.303012 0.584372 0.707514 0.740081 0.824664 0.892977 0.549807 0.804386 0.78868 0.940784 0.55298 0.891199 0.775249 0.672231 0.702202 0.799405 0.687421 0.739647 0.930115 0.373183 0.940847 0.811842 0.924177 0.924201 0.647531 0.387085 0.551668 0.684861 0.891543 0.578152 0.472062 0.785057 0.763356 0.586538 0.64259 0.762077 0.96057 0.539298 0.389359 0.861438 0.681079 0.396968 0.210692 0.0841314 0.380549 0.375282 0.0592881 0.26549 0.0823216 0.226697 0.388765 0.366974 0.542421 0.574959 0.53961 0.0358898 0.773721 0.187515 0.186496 0.341244 0.570804 0.249164 0.19317 0.857588 0.624994 0.379802 0.165488 0.201719 0.395305 0.212736 0.0359023 0.175414 0.0681621 0.170006 0.100024 0.153901 0.380157 0.0717768 0.496837 0.245903 0.0644657 0.288255 0.0780638 0.251873 0.464966 0.388124 0.197161 0.197761 0.187232 0.265283 0.23956 0.597143
0.712522 0.725509 0.264184 0.786426 0.399179 0.855564 0.761014 0.93062 0.301786 0.585275 0.70918 0.741881 0.826344 0.89457 0.550047 0.806124 0.790481 0.941937 0.553697 0.892918 0.77733 0.673536 0.704087 0.801478 0.689324 0.741493 0.931429 0.372028 0.942004 0.813489 0.925483 0.9255 0.648757 0.386148 0.55293 0.686057 0.893267 0.578663 0.472722 0.78702 0.76492 0.587192 0.643645 0.763622 0.961533 0.54039 0.38875 0.863074 0.682921 0.395655 0.208778 0.0825695 0.379338 0.37418 0.0580553 0.263929 0.0810452 0.224907 0.386985 0.365826 0.54293 0.575248 0.540058 0.034974 0.775589 0.185406 0.184782 0.340114 0.571153 0.247158 0.191736 0.859247 0.626427 0.37888 0.164121 0.199737 0.394228 0.210839 0.0349924 0.173219 0.0668891 0.168276 0.0983436 0.152258 0.378904 0.070513 0.496112 0.24397 0.0632088 0.287386 0.07661 0.249595 0.464685 0.386377 0.195122 0.195675 0.185127 0.263391 0.238041 0.59785
0.71418 0.727149 0.263301 0.788375 0.398307 0.857267 0.762711 0.931896 0.300521 0.586218 0.710855 0.743629 0.827967 0.896141 0.5503 0.807812 0.792271 0.943054 0.554384 0.894605 0.779408 0.674843 0.706007 0.803535 0.691247 0.743331 0.932708 0.370881 0.943125 0.815074 0.92675 0.926766 0.649982 0.385176 0.554274 0.6872 0.894931 0.579173 0.473439 0.78899 0.766432 0.587801 0.644691 0.765135 0.962461 0.541515 0.388097 0.864668 0.684789 0.394356 0.206904 0.08104 0.378109 0.373046 0.0568545 0.26239 0.0798186 0.223115 0.385197 0.364683 0.543475 0.575529 0.540556 0.0340896 0.777451 0.183321 0.183125 0.338985 0.571515 0.245123 0.190332 0.860863 0.627865 0.377955 0.162772 0.197708 0.393114 0.208943 0.0341094 0.171018 0.0656628 0.166572 0.096694 0.150658 0.377662 0.069277 0.495314 0.242093 0.0619806 0.286529 0.0752029 0.247343 0.464395 0.384601 0.193146 0.193616 0.183069 0.261566 0.236551 0.598514
0.715832 0.728745 0.262431 0.790314 0.397421 0.858948 0.764419 0.933144 0.299338 0.587139 0.712485 0.74534 0.829566 0.89766 0.550568 0.809455 0.793985 0.944146 0.555125 0.896263 0.781484 0.676113 0.707864 0.805595 0.693166 0.745185 0.933944 0.369739 0.944208 0.81665 0.92798 0.928011 0.651183 0.384264 0.555596 0.688343 0.89657 0.579618 0.474186 0.790932 0.767986 0.588471 0.64577 0.766607 0.963357 0.542665 0.387517 0.866224 0.686651 0.393044 0.205027 0.079538 0.376837 0.37196 0.0556902 0.260849 0.0786143 0.221363 0.383401 0.363577 0.543972 0.575838 0.541042 0.0332365 0.779301 0.181243 0.181483 0.337867 0.571839 0.243112 0.188957 0.862462 0.629329 0.377045 0.161486 0.195743 0.392017 0.207082 0.033254 0.168875 0.0644608 0.164925 0.095092 0.149093 0.376428 0.0680945 0.494495 0.240176 0.0607829 0.285705 0.0738224 0.24508 0.464115 0.3828 0.191166 0.191569 0.181023 0.259727 0.235093 0.599182
0.717479 0.73034 0.261634 0.792248 0.39653 0.860571 0.766123 0.934362 0.298152 0.588046 0.714141 0.747048 0.831139 0.899156 0.550835 0.811067 0.795712 0.945206 0.555868 0.897896 0.783566 0.677396 0.709752 0.80761 0.69506 0.746969 0.935153 0.368577 0.945262 0.818217 0.929177 0.9292 0.652418 0.383294 0.556904 0.689502 0.898192 0.580098 0.474964 0.792845 0.769449 0.589081 0.646855 0.768051 0.964236 0.543795 0.386989 0.86775 0.688554 0.391701 0.203171 0.078084 0.37556 0.370855 0.0545519 0.25933 0.0774464 0.2196 0.38162 0.36244 0.54446 0.576118 0.54155 0.0324161 0.781106 0.179201 0.179897 0.33677 0.572154 0.241105 0.187619 0.864022 0.630794 0.376144 0.160231 0.193792 0.390969 0.205227 0.0324262 0.166746 0.0632923 0.163293 0.0935076 0.147529 0.375166 0.0669243 0.493656 0.238293 0.0596227 0.284899 0.0724723 0.242873 0.463847 0.381016 0.189224 0.189539 0.178982 0.257881 0.233644 0.599873
0.719126 0.731909 0.260864 0.794117 0.395649 0.86215 0.767812 0.935549 0.296942 0.58896 0.715775 0.748745 0.832667 0.900613 0.551012 0.812645 0.797393 0.946236 0.556622 0.89948 0.785603 0.67865 0.711625 0.809618 0.696951 0.74877 0.936322 0.367403 0.946292 0.819739 0.930346 0.930368 0.653607 0.382369 0.558233 0.690638 0.899781 0.580623 0.475811 0.794759 0.770919 0.589681 0.647928 0.769458 0.965089 0.544974 0.386414 0.86924 0.69046 0.390362 0.201346 0.076656 0.3743 0.369726 0.0534565 0.257842 0.0762982 0.217861 0.37983 0.361311 0.54501 0.576383 0.542072 0.0316135 0.782914 0.177168 0.178327 0.335708 0.572471 0.239161 0.18628 0.865544 0.632331 0.375293 0.159001 0.19187 0.389924 0.203369 0.0316246 0.164658 0.0621572 0.16172 0.0919606 0.146002 0.373897 0.0658017 0.492791 0.236426 0.0584849 0.284099 0.071162 0.240655 0.463545 0.379167 0.18728 0.187533 0.176965 0.25603 0.232258 0.600504
0.720778 0.733493 0.260131 0.795972 0.39485 0.863747 0.769476 0.936701 0.295739 0.589928 0.717414 0.75042 0.834168 0.902061 0.551194 0.814213 0.799056 0.947233 0.557355 0.901027 0.787654 0.679904 0.713488 0.811616 0.698842 0.750607 0.937478 0.366275 0.947296 0.821198 0.93148 0.931501 0.654786 0.381456 0.559675 0.691727 0.901327 0.581043 0.476664 0.796621 0.772344 0.590262 0.648971 0.770889 0.965909 0.54618 0.38583 0.870685 0.692323 0.389036 0.199551 0.0752692 0.373034 0.36862 0.0523854 0.256365 0.0751918 0.216168 0.378013 0.360153 0.545523 0.576639 0.542518 0.0308358 0.784705 0.175155 0.176781 0.334653 0.572745 0.237194 0.185015 0.867056 0.633873 0.374388 0.157806 0.189973 0.388802 0.201545 0.030845 0.162591 0.0610478 0.16014 0.0904511 0.144526 0.372648 0.0646928 0.491879 0.234566 0.0573955 0.283379 0.0698708 0.238457 0.46326 0.377326 0.185359 0.185568 0.174973 0.254233 0.230895 0.601166
0.72235 0.735088 0.259455 0.797861 0.393994 0.8653 0.771098 0.937829 0.294619 0.590915 0.718971 0.752066 0.835657 0.903457 0.551406 0.815776 0.800702 0.948203 0.55812 0.902556 0.789616 0.681151 0.715343 0.813603 0.70075 0.752371 0.938602 0.365141 0.948261 0.822652 0.932583 0.932605 0.655991 0.380524 0.561127 0.692789 0.902841 0.581462 0.477534 0.798487 0.773745 0.590888 0.650017 0.772286 0.966708 0.547377 0.38524 0.872113 0.694182 0.387667 0.197741 0.0739214 0.37177 0.367521 0.0513596 0.254921 0.0741117 0.214519 0.376135 0.359018 0.546046 0.576874 0.543027 0.0300866 0.786475 0.173204 0.175241 0.333566 0.573047 0.235251 0.183773 0.868525 0.63537 0.373525 0.156639 0.188109 0.387756 0.199739 0.0300924 0.160558 0.0599716 0.158632 0.088975 0.143088 0.371381 0.0636241 0.490967 0.232746 0.0563194 0.282642 0.0686142 0.236286 0.462946 0.375449 0.183494 0.183601 0.173001 0.252429 0.229533 0.601792
0.723961 0.736608 0.258775 0.799686 0.3932 0.866828 0.772731 0.938918 0.29351 0.591935 0.720599 0.753719 0.837087 0.904852 0.551618 0.817288 0.802327 0.949152 0.558878 0.904045 0.791588 0.682359 0.717202 0.815534 0.702655 0.754138 0.939695 0.363966 0.949206 0.824089 0.933668 0.933685 0.657158 0.379628 0.562536 0.693891 0.904332 0.581897 0.478453 0.800298 0.775109 0.591509 0.651025 0.773651 0.96748 0.548651 0.384667 0.873524 0.696044 0.386325 0.196 0.0726004 0.37051 0.36642 0.0503443 0.253508 0.0730607 0.21283 0.374292 0.357927 0.546619 0.577033 0.543516 0.0293604 0.788207 0.17126 0.173751 0.332505 0.573297 0.233305 0.182549 0.869977 0.636903 0.372647 0.155514 0.186226 0.386637 0.197941 0.0293662 0.158521 0.0589332 0.157129 0.0875151 0.141661 0.370108 0.0625807 0.490074 0.230951 0.0552806 0.281961 0.067392 0.234108 0.462678 0.373589 0.181645 0.181656 0.17105 0.250667 0.228191 0.60246
0.725535 0.738139 0.258156 0.801491 0.392399 0.868322 0.774354 0.939981 0.292428 0.592859 0.722173 0.755348 0.83849 0.906182 0.551779 0.818801 0.803918 0.950074 0.559666 0.905518 0.793591 0.683584 0.719046 0.81746 0.704583 0.755885 0.940755 0.362811 0.950118 0.825506 0.934712 0.934734 0.65834 0.378702 0.563985 0.694946 0.905794 0.582357 0.479358 0.802114 0.776477 0.592054 0.652022 0.774995 0.968233 0.549929 0.384163 0.874891 0.697928 0.384938 0.194301 0.0713069 0.369272 0.365346 0.0493592 0.252118 0.0720475 0.211179 0.372371 0.356802 0.547149 0.577256 0.544026 0.0286524 0.78995 0.169334 0.172276 0.331485 0.573516 0.231395 0.18135 0.871388 0.638422 0.371796 0.154414 0.184417 0.385558 0.196181 0.0286609 0.15649 0.0579169 0.155639 0.0860921 0.140268 0.368883 0.0615677 0.489168 0.229146 0.0542655 0.281291 0.0662002 0.231939 0.462414 0.371672 0.179833 0.179748 0.169127 0.248931 0.226875 0.603012
0.727118 0.739628 0.257567 0.803258 0.391586 0.869785 0.7759 0.941023 0.291373 0.593812 0.723731 0.756945 0.839834 0.907518 0.551986 0.820245 0.805447 0.950969 0.560491 0.906962 0.795565 0.684845 0.720879 0.819349 0.706488 0.757609 0.941777 0.361654 0.951003 0.826889 0.935733 0.935751 0.659546 0.377794 0.565427 0.695986 0.90723 0.582823 0.480328 0.8039 0.777782 0.59264 0.653033 0.776329 0.968964 0.551208 0.383668 0.876254 0.699775 0.383626 0.192599 0.0700361 0.367996 0.364249 0.0484034 0.250731 0.0710608 0.209593 0.370429 0.355722 0.547694 0.577442 0.544529 0.027968 0.791673 0.167421 0.170825 0.330437 0.573779 0.22946 0.180213 0.872768 0.639944 0.370937 0.153353 0.182625 0.384472 0.194444 0.0279807 0.154472 0.0569224 0.1542 0.0846991 0.13889 0.367639 0.0605813 0.48823 0.227327 0.0532818 0.280643 0.0650251 0.229803 0.462152 0.369716 0.177999 0.177861 0.16723 0.247187 0.225587 0.603664
0.728648 0.741167 0.257003 0.805032 0.390815 0.871227 0.777483 0.942038 0.290316 0.594813 0.725264 0.758524 0.841183 0.908793 0.552159 0.821669 0.806999 0.951834 0.561292 0.908374 0.797515 0.686056 0.722692 0.821219 0.708352 0.75934 0.942783 0.360531 0.951868 0.828247 0.936729 0.93675 0.660688 0.376865 0.566981 0.697014 0.908652 0.583226 0.481312 0.805628 0.779106 0.593198 0.654019 0.777622 0.96967 0.552507 0.38323 0.877544 0.701649 0.382243 0.190945 0.0687945 0.36675 0.363131 0.0474785 0.249383 0.0701024 0.20801 0.368505 0.35464 0.548226 0.577644 0.545076 0.0273097 0.793383 0.16556 0.169374 0.329427 0.573996 0.227549 0.179098 0.874141 0.641487 0.370121 0.152297 0.180846 0.383347 0.192701 0.0273202 0.152487 0.0559569 0.152771 0.0833376 0.13755 0.366404 0.0596256 0.487251 0.225547 0.0523189 0.280044 0.0638708 0.227652 0.461864 0.367746 0.176212 0.175976 0.165353 0.245454 0.224295 0.60426
0.730174 0.74266 0.256462 0.806796 0.389959 0.872631 0.779052 0.943023 0.289271 0.595817 0.726788 0.760098 0.842509 0.910037 0.552324 0.823059 0.808525 0.952673 0.56209 0.909758 0.799423 0.68726 0.724485 0.823079 0.710224 0.761047 0.943754 0.3594 0.952714 0.829567 0.937707 0.937713 0.66186 0.375968 0.568472 0.697985 0.910042 0.583624 0.482336 0.807381 0.780409 0.593768 0.65499 0.778901 0.970354 0.553833 0.382795 0.878813 0.703552 0.380809 0.189272 0.0675763 0.365495 0.362013 0.0465713 0.248035 0.0691696 0.206432 0.366537 0.353581 0.548758 0.577764 0.545613 0.0266656 0.795062 0.163716 0.167968 0.328433 0.574221 0.225665 0.178024 0.87547 0.643029 0.369251 0.151299 0.179062 0.382286 0.191015 0.0266785 0.150535 0.0550129 0.151362 0.082008 0.13624 0.365141 0.0586933 0.486238 0.223738 0.0513847 0.279497 0.062757 0.225512 0.461588 0.365788 0.174393 0.174124 0.163517 0.243727 0.223064 0.604848
0.731708 0.744127 0.255974 0.808552 0.389177 0.874025 0.780587 0.943977 0.288224 0.596823 0.728338 0.761654 0.843816 0.911271 0.552498 0.824473 0.81005 0.953501 0.56284 0.911132 0.801343 0.688469 0.7263 0.824906 0.712085 0.762779 0.944715 0.358278 0.953537 0.830883 0.938658 0.938653 0.663027 0.375056 0.570049 0.699009 0.9114 0.584029 0.483444 0.809139 0.781675 0.594323 0.655995 0.780177 0.971015 0.555196 0.382312 0.880086 0.705381 0.379422 0.187608 0.0663948 0.364186 0.360927 0.0456926 0.24673 0.0682629 0.204843 0.364566 0.352551 0.549351 0.577874 0.546181 0.0260469 0.796718 0.161883 0.166574 0.32747 0.574437 0.22381 0.176974 0.876773 0.644614 0.368372 0.150345 0.177293 0.381193 0.189309 0.0260559 0.148603 0.0541028 0.149994 0.0806984 0.134968 0.363858 0.0577828 0.485214 0.221973 0.050481 0.278964 0.06167 0.223349 0.461268 0.363813 0.172622 0.172283 0.161678 0.241998 0.221845 0.605434
0.733281 0.745589 0.2555 0.81025 0.388401 0.875382 0.78212 0.944914 0.287217 0.59784 0.729881 0.763215 0.845072 0.912468 0.552644 0.825848 0.811524 0.954294 0.563623 0.912471 0.803241 0.689631 0.728169 0.826758 0.713972 0.764503 0.945642 0.357156 0.954336 0.832166 0.939575 0.939569 0.664195 0.374073 0.571614 0.699961 0.912729 0.58443 0.484528 0.810854 0.782931 0.594878 0.656989 0.781423 0.97166 0.556523 0.381904 0.881303 0.707221 0.377972 0.185986 0.0652383 0.362915 0.359797 0.0448334 0.245452 0.0673651 0.203247 0.362559 0.351477 0.549894 0.577984 0.546723 0.0254479 0.798363 0.160077 0.165198 0.326509 0.574616 0.221919 0.17595 0.878058 0.646134 0.367574 0.149403 0.175566 0.380118 0.187662 0.025455 0.146697 0.0532109 0.14864 0.0794272 0.133723 0.362548 0.0569033 0.484162 0.220208 0.0495954 0.278481 0.060607 0.221171 0.460979 0.361811 0.170901 0.170461 0.159855 0.240296 0.220633 0.605991
0.734781 0.747044 0.255066 0.811969 0.387605 0.876708 0.783608 0.945825 0.286255 0.59882 0.731425 0.764732 0.846311 0.913644 0.552809 0.827209 0.812959 0.955073 0.564428 0.913788 0.805116 0.690833 0.730007 0.828571 0.715816 0.766195 0.946555 0.356048 0.955111 0.833423 0.94047 0.940473 0.665374 0.373188 0.573189 0.700935 0.914032 0.584791 0.485657 0.812575 0.78413 0.595463 0.657983 0.782623 0.97228 0.557911 0.381507 0.882505 0.709063 0.376564 0.184376 0.0640951 0.361675 0.358687 0.0439899 0.244176 0.0665007 0.20171 0.360545 0.350446 0.55046 0.578114 0.54727 0.0248641 0.800004 0.1583 0.163879 0.325531 0.574826 0.220046 0.17494 0.879324 0.647712 0.366764 0.148526 0.173869 0.379029 0.186007 0.0248743 0.144806 0.0523392 0.147311 0.0781792 0.132481 0.361264 0.056042 0.483084 0.218465 0.0487353 0.277988 0.0595756 0.219066 0.460687 0.359799 0.169164 0.168616 0.158059 0.238581 0.219457 0.606525
0.736318 0.748503 0.254682 0.81368 0.386853 0.878024 0.785081 0.94672 0.285261 0.599828 0.732955 0.766265 0.847506 0.914794 0.552952 0.828509 0.814393 0.955826 0.565267 0.915067 0.806999 0.691995 0.731812 0.830346 0.717671 0.767876 0.947448 0.354929 0.955864 0.834631 0.941343 0.94133 0.66654 0.372263 0.574786 0.701878 0.915311 0.585187 0.486771 0.814285 0.785347 0.596076 0.658912 0.783803 0.972886 0.559292 0.381112 0.883678 0.710934 0.375112 0.182739 0.0629888 0.360408 0.357609 0.0431716 0.242922 0.0656587 0.200197 0.358524 0.349429 0.551037 0.578226 0.547771 0.0242985 0.801597 0.156519 0.162555 0.324584 0.575042 0.218203 0.173954 0.880551 0.649305 0.365979 0.14765 0.172183 0.377951 0.184371 0.0243074 0.142941 0.0514929 0.146022 0.0769513 0.131261 0.359991 0.0552107 0.481976 0.216716 0.0478901 0.27754 0.0585615 0.216966 0.460381 0.357761 0.167463 0.166814 0.156288 0.236897 0.218316 0.607104
0.73782 0.74992 0.254336 0.815342 0.386102 0.879305 0.786558 0.947586 0.284291 0.600839 0.734435 0.767743 0.848677 0.915929 0.553116 0.829816 0.815803 0.95656 0.566147 0.916319 0.808837 0.69315 0.733641 0.832104 0.719484 0.769539 0.948311 0.353802 0.956602 0.835836 0.94219 0.942165 0.667686 0.371348 0.576441 0.702804 0.916561 0.585576 0.487956 0.815945 0.786517 0.596628 0.659863 0.784982 0.973474 0.560706 0.380698 0.884841 0.712814 0.373708 0.181144 0.0618952 0.359146 0.356511 0.0423762 0.241714 0.0648453 0.198717 0.356452 0.348331 0.551597 0.578293 0.548283 0.0237537 0.803195 0.15478 0.161297 0.323652 0.575194 0.216351 0.173013 0.881751 0.650893 0.36518 0.146787 0.170513 0.376892 0.182745 0.0237583 0.141061 0.0506759 0.144762 0.0757523 0.130072 0.358699 0.0543894 0.480877 0.214998 0.0470676 0.277116 0.0575626 0.214833 0.460107 0.355746 0.165776 0.165047 0.154535 0.235218 0.217173 0.607662
0.739274 0.751348 0.254017 0.816984 0.385308 0.880592 0.788006 0.948437 0.283345 0.601836 0.735941 0.769201 0.849824 0.917039 0.553246 0.831083 0.81721 0.957278 0.566983 0.917555 0.810671 0.694279 0.73547 0.833856 0.72131 0.771225 0.949151 0.352667 0.957314 0.83702 0.943018 0.942988 0.668882 0.370448 0.578118 0.703714 0.91778 0.585938 0.489191 0.817584 0.787663 0.597186 0.660778 0.78613 0.974041 0.562133 0.380295 0.885968 0.714664 0.372256 0.179595 0.0608318 0.357888 0.355399 0.0416031 0.240495 0.0640696 0.197239 0.354403 0.347304 0.552199 0.578326 0.548843 0.0232197 0.804776 0.153052 0.160023 0.322729 0.57538 0.21452 0.172091 0.882936 0.652516 0.364401 0.145956 0.168835 0.375859 0.181148 0.023228 0.139232 0.049886 0.143514 0.0745676 0.128904 0.357457 0.0535949 0.4797 0.213265 0.0462759 0.27674 0.0565958 0.212709 0.459867 0.353679 0.164109 0.163275 0.152794 0.233563 0.216051 0.608161
0.740763 0.752765 0.253725 0.818622 0.384537 0.881839 0.789439 0.94927 0.282399 0.602885 0.73744 0.770661 0.850943 0.91812 0.553325 0.832326 0.818614 0.957972 0.567821 0.918756 0.812466 0.695363 0.737261 0.83559 0.72315 0.772895 0.949961 0.35152 0.958012 0.838174 0.943818 0.943795 0.670035 0.369516 0.579793 0.704582 0.918987 0.586306 0.490473 0.819225 0.78878 0.597743 0.661757 0.787257 0.974599 0.563611 0.37993 0.887074 0.716576 0.370818 0.178083 0.0597963 0.356598 0.354284 0.0408512 0.239306 0.0633018 0.195797 0.352349 0.346231 0.552781 0.578351 0.549418 0.0227008 0.806361 0.15134 0.158785 0.321808 0.575502 0.212712 0.171196 0.8841 0.654162 0.363631 0.145163 0.167185 0.374814 0.179554 0.0227072 0.137408 0.0490959 0.142273 0.0734199 0.12776 0.356184 0.0528238 0.478548 0.211529 0.0455046 0.276418 0.0556496 0.210633 0.45963 0.35158 0.162456 0.161521 0.151049 0.231927 0.214927 0.608738
0.742243 0.754145 0.253429 0.820235 0.38381 0.883055 0.790868 0.950077 0.281487 0.603892 0.738916 0.772117 0.852047 0.91918 0.553431 0.833554 0.81996 0.958648 0.568693 0.919936 0.814243 0.696468 0.739078 0.837286 0.725008 0.774534 0.950755 0.350378 0.958686 0.839325 0.944601 0.944576 0.671231 0.368605 0.581482 0.70549 0.920168 0.586655 0.491748 0.820832 0.789861 0.598285 0.662621 0.788367 0.975139 0.565101 0.379562 0.888167 0.718451 0.369362 0.176583 0.0587802 0.35532 0.353204 0.0401161 0.238107 0.0625524 0.194325 0.350281 0.34517 0.553393 0.578332 0.549983 0.0222029 0.807912 0.149627 0.157556 0.320879 0.57568 0.210907 0.170314 0.885229 0.655775 0.362885 0.14437 0.165565 0.373732 0.178017 0.0222086 0.135619 0.0483358 0.141066 0.0722932 0.12664 0.354938 0.0520674 0.477321 0.209853 0.0447522 0.276107 0.0547157 0.208559 0.459374 0.349435 0.160817 0.159789 0.149348 0.230295 0.213859 0.609267
0.743674 0.755514 0.253214 0.821831 0.38308 0.884263 0.792271 0.950855 0.280558 0.604887 0.740388 0.773529 0.853125 0.92022 0.553485 0.834758 0.821294 0.959305 0.569539 0.921098 0.816056 0.697572 0.740909 0.838959 0.726869 0.776207 0.951531 0.349239 0.959342 0.840446 0.945358 0.945338 0.672347 0.3677 0.583224 0.706356 0.921328 0.587011 0.49306 0.822419 0.790977 0.598852 0.663565 0.789468 0.975664 0.566629 0.379189 0.889227 0.720323 0.367879 0.175083 0.057776 0.35401 0.352086 0.0393927 0.236946 0.0618198 0.192941 0.34817 0.344102 0.55397 0.578325 0.550505 0.0217157 0.809447 0.147947 0.156368 0.319961 0.575802 0.209134 0.16948 0.886351 0.657403 0.362122 0.143621 0.163967 0.372658 0.176443 0.0217204 0.133827 0.0475994 0.139886 0.0711906 0.125551 0.353648 0.0513442 0.476052 0.208155 0.0440112 0.275815 0.0538102 0.20649 0.459084 0.347283 0.159208 0.158104 0.147653 0.228655 0.212847 0.609799
0.745157 0.756889 0.253025 0.823455 0.382333 0.885442 0.793666 0.951613 0.279691 0.60591 0.741859 0.77491 0.854196 0.921238 0.553595 0.835945 0.822604 0.959947 0.570396 0.92224 0.817819 0.698663 0.742691 0.840633 0.728695 0.777853 0.952291 0.348138 0.959981 0.841552 0.946092 0.946068 0.673509 0.366807 0.584976 0.70718 0.922466 0.587336 0.494419 0.824018 0.79206 0.599437 0.664467 0.790561 0.976174 0.56815 0.378815 0.890248 0.722236 0.366407 0.173608 0.0567963 0.352722 0.350962 0.0386996 0.235808 0.0611155 0.191527 0.346028 0.34308 0.554596 0.578362 0.551067 0.0212483 0.81097 0.146275 0.155196 0.319093 0.575907 0.207317 0.168659 0.887444 0.659036 0.36139 0.142921 0.162357 0.371592 0.17492 0.0212495 0.132075 0.0468858 0.138729 0.0701038 0.124488 0.352359 0.0506245 0.474811 0.206475 0.0432928 0.275571 0.0529212 0.204428 0.458841 0.345181 0.1576 0.1564 0.146003 0.227058 0.211775 0.610313
0.746593 0.758265 0.252905 0.825013 0.381594 0.886596 0.795009 0.95236 0.278836 0.606969 0.743333 0.776325 0.855244 0.922221 0.55366 0.837108 0.823901 0.960567 0.571184 0.923329 0.819572 0.699701 0.744439 0.842309 0.73052 0.779469 0.953025 0.347047 0.960603 0.842633 0.94681 0.946804 0.674613 0.365892 0.586743 0.708035 0.923574 0.587653 0.495757 0.825596 0.793115 0.600018 0.665347 0.791601 0.976672 0.569716 0.378496 0.891243 0.724125 0.364967 0.172148 0.0558466 0.351426 0.349876 0.0380181 0.234704 0.0604306 0.190144 0.343875 0.342043 0.555158 0.578347 0.551681 0.0207886 0.812504 0.144626 0.154022 0.318226 0.576078 0.205552 0.16787 0.888504 0.660682 0.360615 0.142211 0.160805 0.370519 0.173397 0.0207882 0.130328 0.0461804 0.137594 0.0690406 0.123447 0.351066 0.0499246 0.473518 0.20481 0.0425939 0.275364 0.0520584 0.202363 0.458591 0.342994 0.156019 0.154742 0.144366 0.225475 0.210759 0.610791
0.748015 0.759617 0.25281 0.82656 0.380867 0.887725 0.796367 0.953085 0.277962 0.607988 0.744773 0.777714 0.85622 0.923211 0.553745 0.838268 0.825165 0.961182 0.572045 0.924418 0.821313 0.700764 0.746208 0.843934 0.732345 0.781099 0.953748 0.345887 0.961209 0.843678 0.947513 0.94751 0.675782 0.364948 0.588568 0.70887 0.924659 0.588014 0.497172 0.827161 0.79418 0.600611 0.666212 0.792629 0.977151 0.5713 0.378185 0.89223 0.725972 0.363461 0.170686 0.054915 0.35014 0.348782 0.0373516 0.233608 0.0597553 0.188763 0.341679 0.340994 0.555751 0.57831 0.552288 0.0203419 0.814002 0.142984 0.152865 0.317395 0.576226 0.203788 0.167106 0.889555 0.662364 0.359875 0.141538 0.15926 0.36944 0.171894 0.0203439 0.128607 0.0454982 0.136452 0.0679965 0.122416 0.349782 0.0492485 0.472217 0.203153 0.041906 0.275175 0.0512129 0.200305 0.458315 0.340831 0.154473 0.153041 0.142753 0.223892 0.209793 0.611263
0.749431 0.760948 0.252752 0.828106 0.380115 0.888848 0.79773 0.953792 0.277104 0.608989 0.746251 0.779064 0.857234 0.924172 0.553775 0.839414 0.826414 0.961774 0.57292 0.925497 0.823031 0.701839 0.747998 0.845576 0.734143 0.782716 0.954457 0.344756 0.961797 0.844716 0.948197 0.9482 0.676905 0.364018 0.590404 0.709673 0.925742 0.588379 0.498625 0.828677 0.79517 0.601141 0.667097 0.793651 0.977619 0.572916 0.377864 0.893192 0.727831 0.361941 0.169266 0.054005 0.348829 0.347667 0.0367066 0.232489 0.0591131 0.187407 0.339481 0.339974 0.556339 0.578235 0.552857 0.0199104 0.815487 0.141382 0.151744 0.316523 0.576304 0.202031 0.166354 0.890577 0.664028 0.359094 0.140884 0.157711 0.368348 0.170429 0.0199099 0.1269 0.0448289 0.135364 0.0669826 0.121386 0.3485 0.0485944 0.470927 0.201481 0.0412402 0.275023 0.050385 0.198275 0.458054 0.338598 0.15292 0.151393 0.141165 0.222293 0.208838 0.611777
0.750841 0.762261 0.252727 0.829622 0.37942 0.88996 0.799042 0.954484 0.276285 0.610032 0.747689 0.780427 0.858185 0.925116 0.553841 0.840501 0.827658 0.962354 0.573781 0.926557 0.824768 0.702911 0.749815 0.847177 0.735998 0.784348 0.95514 0.343606 0.962367 0.845742 0.948861 0.948868 0.678017 0.363102 0.59224 0.71048 0.92681 0.588698 0.500099 0.830221 0.796154 0.601678 0.667966 0.794638 0.978073 0.574604 0.377534 0.894139 0.729723 0.360434 0.16786 0.0531137 0.347519 0.346518 0.0360761 0.231414 0.0584799 0.186041 0.337297 0.338958 0.556952 0.578186 0.553436 0.0194947 0.816965 0.139792 0.150639 0.315713 0.576376 0.200271 0.165618 0.891587 0.665706 0.358357 0.140274 0.156193 0.367333 0.168931 0.0194895 0.125204 0.0441726 0.1343 0.0659805 0.120384 0.347226 0.0479485 0.469594 0.199852 0.0405888 0.274869 0.0495894 0.19624 0.457804 0.336428 0.151398 0.149749 0.13959 0.220705 0.207892 0.612305
0.752253 0.763585 0.252705 0.831124 0.378722 0.891018 0.80036 0.955165 0.275469 0.611078 0.749112 0.78177 0.859134 0.926028 0.553949 0.8416 0.828866 0.962911 0.574693 0.927592 0.826451 0.703967 0.751627 0.848781 0.737831 0.785954 0.955813 0.342508 0.962929 0.846718 0.949511 0.949517 0.679116 0.362179 0.5941 0.711256 0.927833 0.589008 0.501594 0.831766 0.797099 0.602197 0.668792 0.795629 0.978511 0.57625 0.377259 0.895063 0.731595 0.358907 0.166447 0.0522305 0.346189 0.345403 0.0354619 0.230363 0.0578734 0.184715 0.335077 0.337952 0.557566 0.578104 0.554016 0.0190901 0.818409 0.138232 0.14955 0.314888 0.576424 0.19852 0.164901 0.892567 0.667374 0.357689 0.139689 0.154709 0.366255 0.167468 0.0190841 0.123531 0.0435302 0.13325 0.0650006 0.119412 0.345942 0.0473256 0.468223 0.198243 0.039966 0.27469 0.0487975 0.194211 0.457496 0.334222 0.149872 0.148134 0.138026 0.219141 0.206964 0.612733
0.753638 0.764879 0.252729 0.832645 0.378034 0.892084 0.801692 0.955823 0.274692 0.612184 0.750572 0.783108 0.86005 0.926919 0.553966 0.842639 0.830065 0.963454 0.575601 0.928609 0.828164 0.705004 0.753446 0.850354 0.73965 0.787512 0.956472 0.341337 0.963476 0.847689 0.950145 0.950149 0.680274 0.361278 0.595961 0.711997 0.928845 0.589292 0.503118 0.833251 0.798075 0.602746 0.669676 0.79659 0.97894 0.577956 0.376973 0.89597 0.733435 0.357396 0.165067 0.05137 0.344862 0.344275 0.0348618 0.229316 0.0572863 0.183408 0.332826 0.33698 0.558163 0.57803 0.554646 0.0186972 0.819858 0.136696 0.148505 0.31409 0.576495 0.196796 0.164234 0.893528 0.6691 0.356937 0.139123 0.153246 0.36523 0.166011 0.0186885 0.121882 0.0429152 0.132207 0.0640376 0.118463 0.344632 0.0467148 0.466865 0.196622 0.0393462 0.274619 0.0480334 0.192187 0.457201 0.331992 0.148379 0.146528 0.136459 0.217612 0.206036 0.613198
0.755051 0.766195 0.252812 0.834121 0.377342 0.89313 0.802982 0.956465 0.273886 0.613277 0.752009 0.784374 0.860939 0.927807 0.553985 0.843688 0.831265 0.963981 0.5765 0.929612 0.82986 0.706047 0.755253 0.851921 0.741456 0.789126 0.957108 0.340226 0.964014 0.848659 0.950772 0.950766 0.6814 0.360385 0.597884 0.712717 0.929837 0.589594 0.504767 0.834741 0.799014 0.603253 0.670518 0.797546 0.979357 0.579645 0.376726 0.896854 0.735284 0.355863 0.16371 0.050533 0.343529 0.343177 0.0342825 0.228331 0.0567059 0.182126 0.330582 0.335945 0.558809 0.577902 0.555235 0.0183115 0.82129 0.135172 0.147479 0.313294 0.576506 0.195093 0.163563 0.894477 0.670806 0.356212 0.13857 0.151792 0.364164 0.164586 0.0183042 0.120226 0.0423144 0.131192 0.0630871 0.117574 0.343303 0.0461163 0.465448 0.195027 0.0387497 0.274513 0.0472737 0.190152 0.45694 0.329769 0.146868 0.144935 0.13493 0.216074 0.205153 0.613647
0.756442 0.767459 0.252929 0.835577 0.376625 0.894157 0.804257 0.957097 0.273082 0.61433 0.753435 0.785677 0.861837 0.928668 0.55405 0.844706 0.832456 0.964489 0.577458 0.930586 0.831534 0.706997 0.757044 0.853472 0.743259 0.790715 0.95773 0.339082 0.964527 0.849575 0.951372 0.951375 0.682495 0.359492 0.599791 0.713448 0.930803 0.589864 0.506337 0.836207 0.799932 0.603771 0.671353 0.798504 0.979764 0.58141 0.37648 0.897705 0.737125 0.354336 0.162358 0.0497146 0.342245 0.342062 0.0337119 0.227348 0.0561323 0.180841 0.328328 0.334977 0.559412 0.577729 0.555857 0.0179371 0.822722 0.133639 0.146469 0.312527 0.576556 0.193365 0.16293 0.895403 0.672551 0.35549 0.138041 0.150361 0.363135 0.163182 0.0179303 0.118594 0.0417265 0.130191 0.0621604 0.116685 0.341996 0.0455371 0.464026 0.193467 0.0381679 0.274439 0.0465317 0.188148 0.456679 0.327528 0.145403 0.14337 0.133448 0.214545 0.204266 0.614063
0.757839 0.768733 0.253051 0.83703 0.37591 0.895146 0.805498 0.957709 0.272328 0.615436 0.754848 0.786968 0.862727 0.929521 0.554048 0.845706 0.833597 0.964994 0.578401 0.931538 0.833178 0.708013 0.758842 0.855013 0.745081 0.792308 0.958334 0.337941 0.965033 0.850478 0.951969 0.951964 0.683597 0.358576 0.601787 0.714144 0.931759 0.590173 0.507925 0.83766 0.800838 0.604269 0.672201 0.79943 0.98016 0.583215 0.376236 0.898529 0.739025 0.352807 0.161031 0.0489073 0.340915 0.340878 0.0331637 0.22636 0.0555776 0.179579 0.326031 0.333974 0.559977 0.577583 0.55646 0.0175762 0.824125 0.132134 0.145477 0.311761 0.57659 0.191684 0.162345 0.896311 0.674288 0.354797 0.137548 0.148914 0.362109 0.16182 0.0175663 0.116981 0.0411508 0.129212 0.0612487 0.115798 0.34065 0.0449705 0.462603 0.191877 0.0375919 0.27442 0.0458177 0.186158 0.456362 0.325219 0.143926 0.141813 0.13195 0.213033 0.203405 0.614523
0.759202 0.770022 0.253235 0.838471 0.375217 0.896112 0.806745 0.95831 0.271574 0.616529 0.756288 0.788221 0.863557 0.930366 0.554079 0.84671 0.83474 0.965484 0.579364 0.932488 0.834805 0.709049 0.760628 0.856553 0.746854 0.79387 0.958923 0.336834 0.965522 0.851374 0.952544 0.95254 0.684709 0.357641 0.603781 0.714838 0.932703 0.590437 0.509581 0.839107 0.801733 0.604827 0.673017 0.80035 0.980542 0.585037 0.376023 0.89935 0.740888 0.351247 0.159709 0.0481191 0.339594 0.339753 0.0326243 0.225418 0.0550459 0.178332 0.323736 0.332984 0.560579 0.577434 0.557065 0.0172244 0.825514 0.130631 0.144499 0.310959 0.576602 0.189989 0.161774 0.897195 0.676022 0.354103 0.137071 0.147495 0.361081 0.160406 0.0172153 0.115395 0.0405907 0.128249 0.0603505 0.114941 0.339308 0.0444287 0.461112 0.190305 0.0370369 0.274447 0.0451166 0.184184 0.456115 0.32288 0.142498 0.140255 0.130456 0.211524 0.202595 0.61493
0.76056 0.771265 0.253404 0.839877 0.37457 0.897074 0.807937 0.958889 0.270807 0.617611 0.757669 0.789478 0.864349 0.931192 0.554083 0.847677 0.835848 0.965961 0.580328 0.933412 0.836447 0.710053 0.762376 0.858061 0.748645 0.79543 0.959501 0.335711 0.966 0.852215 0.953113 0.953106 0.685832 0.356735 0.605746 0.71557 0.933621 0.590687 0.511312 0.840542 0.802591 0.605379 0.673822 0.801212 0.980917 0.586828 0.375807 0.900163 0.742805 0.349671 0.158411 0.0473415 0.338269 0.338593 0.032096 0.224473 0.0545329 0.177084 0.321455 0.331966 0.561206 0.57727 0.557718 0.0168807 0.826874 0.129176 0.143562 0.31023 0.57662 0.188289 0.1612 0.898066 0.67776 0.353426 0.136627 0.14609 0.36 0.159016 0.016868 0.113815 0.0400475 0.127294 0.0594811 0.114102 0.33796 0.0438866 0.459618 0.188735 0.0364893 0.274498 0.0444246 0.182215 0.455896 0.32061 0.141078 0.138721 0.128982 0.209996 0.201781 0.615331
0.761857 0.772494 0.253614 0.841286 0.373856 0.898015 0.80915 0.959461 0.270054 0.618688 0.759061 0.790714 0.865131 0.931985 0.554093 0.848643 0.836943 0.966425 0.581309 0.934323 0.838048 0.711025 0.764174 0.859559 0.75043 0.796959 0.960066 0.334581 0.966464 0.853082 0.953662 0.953651 0.686947 0.355844 0.607739 0.71627 0.93453 0.590941 0.513023 0.841955 0.803435 0.605932 0.674611 0.802084 0.981279 0.588625 0.375629 0.900957 0.744636 0.348107 0.157113 0.0465804 0.336953 0.33743 0.0315754 0.223537 0.0540268 0.175877 0.319144 0.33096 0.561841 0.577073 0.558324 0.0165479 0.828231 0.127719 0.142642 0.309467 0.576646 0.186604 0.160658 0.898921 0.67955 0.352732 0.136194 0.144683 0.358981 0.157663 0.0165324 0.112262 0.0395224 0.12637 0.0586248 0.113279 0.336604 0.0433659 0.458048 0.187172 0.0359532 0.274562 0.0437497 0.180239 0.455599 0.318274 0.139678 0.137194 0.127531 0.208519 0.200987 0.615755
0.763194 0.773693 0.253859 0.842689 0.373174 0.898949 0.810347 0.960022 0.26932 0.619762 0.760443 0.791949 0.865893 0.932763 0.554115 0.84961 0.838036 0.966883 0.582239 0.935208 0.839667 0.711982 0.765941 0.861008 0.752199 0.798497 0.960611 0.333472 0.966921 0.853924 0.954191 0.954188 0.688059 0.35494 0.609795 0.71695 0.935427 0.591232 0.514778 0.843364 0.804265 0.606482 0.675433 0.80295 0.981632 0.590434 0.375443 0.901707 0.746497 0.346517 0.155839 0.045836 0.335621 0.336284 0.0310729 0.222643 0.0535396 0.174643 0.316839 0.329996 0.5625 0.576869 0.558978 0.0162212 0.829597 0.126285 0.1417 0.30873 0.576651 0.18492 0.16015 0.899779 0.68133 0.352038 0.135784 0.143286 0.357931 0.156309 0.0162076 0.110726 0.0390033 0.125468 0.0577819 0.112476 0.33524 0.042859 0.456514 0.185625 0.0354351 0.274666 0.0430934 0.178255 0.455316 0.315893 0.138294 0.135703 0.126095 0.207042 0.200192 0.616107
0.764559 0.7749 0.25415 0.844071 0.372521 0.899869 0.811515 0.960555 0.26863 0.620834 0.761842 0.793174 0.866655 0.933533 0.554106 0.850515 0.839098 0.967328 0.583216 0.936086 0.841236 0.712934 0.767726 0.862458 0.753983 0.800024 0.961143 0.332329 0.967365 0.854757 0.954706 0.954709 0.689186 0.354066 0.611835 0.717601 0.936303 0.591491 0.516572 0.844731 0.805089 0.607043 0.676264 0.803821 0.981974 0.592337 0.375303 0.902463 0.748363 0.344931 0.154601 0.0451094 0.334283 0.335139 0.0305864 0.221724 0.0530641 0.173418 0.314485 0.32901 0.563161 0.576623 0.559664 0.0159011 0.830928 0.124868 0.140788 0.307968 0.576619 0.183232 0.159665 0.900607 0.683067 0.351342 0.135385 0.141928 0.356919 0.154967 0.0158941 0.109206 0.0384989 0.124561 0.0569527 0.111674 0.333898 0.0423625 0.454943 0.184091 0.0349332 0.274808 0.0424514 0.17632 0.455097 0.313546 0.136927 0.134203 0.124676 0.205556 0.199432 0.616524
0.765897 0.776098 0.254475 0.84544 0.37187 0.900766 0.812705 0.961085 0.267941 0.621904 0.763196 0.794382 0.867385 0.934274 0.554098 0.851436 0.840154 0.967758 0.584217 0.936958 0.842827 0.713874 0.769492 0.863904 0.755751 0.801517 0.961666 0.331179 0.967801 0.855551 0.955206 0.955221 0.690296 0.353126 0.613877 0.71823 0.937167 0.591746 0.518384 0.846091 0.805862 0.607607 0.677071 0.804639 0.982309 0.594221 0.375124 0.903193 0.750218 0.343282 0.153393 0.0443931 0.33292 0.333991 0.030108 0.220836 0.0526079 0.172227 0.312093 0.328007 0.563838 0.576374 0.560282 0.0155975 0.832281 0.123455 0.139872 0.307248 0.576568 0.181577 0.15918 0.901423 0.684827 0.350691 0.135024 0.140589 0.355836 0.153651 0.0155878 0.107687 0.0380113 0.123665 0.0561468 0.110887 0.332531 0.0418784 0.453355 0.182555 0.0344439 0.274959 0.0418161 0.174387 0.454836 0.311175 0.135562 0.132731 0.123295 0.20412 0.198694 0.616936
0.767253 0.777297 0.254874 0.846782 0.37119 0.901645 0.813874 0.961605 0.267252 0.623006 0.764578 0.795565 0.868084 0.935013 0.554051 0.852333 0.841175 0.968182 0.585254 0.937808 0.844368 0.714818 0.771252 0.865331 0.757502 0.803048 0.962172 0.330074 0.96822 0.85635 0.955698 0.955718 0.691375 0.352234 0.615967 0.718899 0.938012 0.591987 0.520222 0.847429 0.806651 0.608139 0.677874 0.805489 0.982636 0.596172 0.374959 0.903913 0.752111 0.341692 0.152178 0.0436895 0.331587 0.332849 0.0296409 0.219964 0.0521575 0.171063 0.309697 0.327058 0.564438 0.576099 0.560898 0.0152996 0.833601 0.122078 0.138996 0.306531 0.576517 0.179901 0.158729 0.90223 0.686594 0.350025 0.13467 0.139257 0.354811 0.152351 0.0152907 0.10619 0.0375301 0.122804 0.0553539 0.110122 0.33121 0.0414084 0.451734 0.18103 0.0339646 0.275151 0.0411992 0.172476 0.454539 0.308812 0.134199 0.131252 0.121895 0.202679 0.197976 0.617311
0.768573 0.778502 0.255297 0.848136 0.370501 0.902505 0.815005 0.96211 0.266606 0.624104 0.765979 0.796742 0.868766 0.935735 0.553974 0.853216 0.842191 0.968594 0.586266 0.938641 0.845903 0.715772 0.773013 0.866758 0.759253 0.804553 0.962671 0.328926 0.968637 0.857132 0.956178 0.956195 0.692442 0.351331 0.618092 0.719531 0.938849 0.592271 0.522159 0.84878 0.807415 0.608707 0.678666 0.806314 0.982954 0.598095 0.374846 0.904621 0.753996 0.340081 0.150956 0.0429971 0.330206 0.331685 0.0291846 0.219112 0.0517306 0.169892 0.307289 0.326113 0.565033 0.575805 0.561568 0.0150073 0.834921 0.120708 0.138124 0.305805 0.576464 0.178271 0.158298 0.903007 0.688382 0.349382 0.134346 0.137953 0.353752 0.151036 0.015003 0.104705 0.037063 0.121966 0.0545742 0.109378 0.329847 0.0409528 0.45006 0.179535 0.0334936 0.275371 0.0405927 0.170533 0.45423 0.306392 0.132868 0.129804 0.120527 0.201221 0.197265 0.617672
0.769884 0.779693 0.255723 0.849487 0.369823 0.903364 0.816121 0.962597 0.265962 0.62521 0.76736 0.797908 0.86944 0.936439 0.553891 0.854079 0.843187 0.968991 0.587273 0.939465 0.847428 0.716724 0.774772 0.868136 0.760986 0.80608 0.963157 0.327779 0.969036 0.857875 0.956647 0.956663 0.693569 0.350386 0.620307 0.720193 0.939658 0.592492 0.524057 0.850106 0.808133 0.609271 0.679411 0.807126 0.983267 0.600062 0.374769 0.905307 0.755906 0.338422 0.149781 0.04233 0.328891 0.33054 0.0287348 0.218272 0.0513051 0.168739 0.304874 0.325184 0.565661 0.57548 0.562269 0.0147259 0.836219 0.11935 0.137281 0.305092 0.576372 0.176642 0.157897 0.903766 0.690193 0.34877 0.134026 0.136654 0.352715 0.149786 0.0147205 0.103239 0.0365976 0.121124 0.0538058 0.108659 0.328488 0.0405024 0.448366 0.178037 0.0330344 0.275591 0.0399925 0.168615 0.453976 0.303965 0.13152 0.128345 0.119178 0.199785 0.196572 0.618039
0.771163 0.780865 0.256162 0.850799 0.369138 0.904201 0.817266 0.963085 0.265327 0.626349 0.768756 0.799077 0.870091 0.937122 0.553873 0.854923 0.844149 0.969379 0.58832 0.940272 0.848958 0.717621 0.776549 0.869529 0.762731 0.807572 0.963627 0.326661 0.969423 0.858622 0.957101 0.957119 0.694666 0.349502 0.62248 0.720777 0.940456 0.592705 0.526061 0.851431 0.808841 0.609776 0.68016 0.807908 0.983564 0.602031 0.37466 0.905958 0.757739 0.336796 0.148619 0.0416721 0.327536 0.329423 0.0283019 0.217448 0.0508963 0.167603 0.302422 0.324256 0.566324 0.575209 0.562919 0.0144507 0.837508 0.118005 0.13645 0.304409 0.576316 0.175037 0.157519 0.904519 0.692014 0.348122 0.133742 0.135371 0.351682 0.14852 0.0144445 0.101776 0.0361517 0.12031 0.0530551 0.107956 0.327092 0.0400591 0.446671 0.176538 0.0325851 0.275861 0.039415 0.166717 0.45367 0.301574 0.130223 0.126916 0.117834 0.19836 0.195888 0.618373
0.772409 0.782042 0.256657 0.85211 0.368455 0.905046 0.818373 0.963557 0.264688 0.627476 0.770123 0.800199 0.870732 0.937796 0.553826 0.855738 0.845126 0.969758 0.589399 0.94105 0.850491 0.718538 0.778291 0.870896 0.764482 0.809066 0.964088 0.3255 0.969798 0.859345 0.957539 0.957566 0.69577 0.348624 0.624678 0.721363 0.941238 0.592925 0.528032 0.85273 0.809557 0.61031 0.680912 0.808717 0.983857 0.604032 0.37457 0.906613 0.759579 0.3351 0.147454 0.0410259 0.326194 0.328255 0.0278798 0.216615 0.0505013 0.166476 0.299979 0.323338 0.566972 0.574858 0.563606 0.0141816 0.838789 0.116685 0.135642 0.303714 0.576233 0.17343 0.157159 0.905246 0.693835 0.347471 0.133466 0.134097 0.350667 0.147267 0.0141777 0.100327 0.0357146 0.119516 0.052316 0.10725 0.32571 0.0396362 0.444896 0.175058 0.0321473 0.276144 0.0388395 0.164809 0.453384 0.29912 0.128922 0.125499 0.116513 0.196962 0.195224 0.618715
0.773686 0.783181 0.257174 0.853397 0.36782 0.905855 0.819483 0.96402 0.264087 0.628594 0.771489 0.801326 0.87136 0.938479 0.553799 0.856554 0.846082 0.970132 0.590437 0.941816 0.851999 0.719445 0.780042 0.872256 0.766242 0.810551 0.96454 0.32433 0.97017 0.86007 0.957973 0.957998 0.696847 0.347697 0.626914 0.721935 0.942015 0.59314 0.530055 0.854032 0.81026 0.610808 0.681649 0.809482 0.984143 0.60603 0.374459 0.907252 0.761428 0.333451 0.146291 0.040389 0.324837 0.327072 0.027468 0.215787 0.0501208 0.165362 0.297524 0.322426 0.567631 0.574557 0.564277 0.0139217 0.840033 0.115392 0.134841 0.303011 0.576173 0.171844 0.156804 0.905951 0.695641 0.346817 0.133224 0.132819 0.349617 0.146015 0.0139181 0.0989052 0.0352843 0.118735 0.0515874 0.106568 0.32435 0.0392192 0.443105 0.173604 0.0317211 0.276456 0.0382808 0.16294 0.453069 0.296695 0.127632 0.124091 0.115221 0.195558 0.194563 0.619037
0.774954 0.784321 0.257769 0.854681 0.367173 0.906661 0.820536 0.964468 0.263483 0.629723 0.772822 0.802438 0.871983 0.939138 0.553733 0.857356 0.847021 0.970491 0.591468 0.942566 0.853497 0.720311 0.781776 0.873605 0.767988 0.812024 0.96498 0.323199 0.970526 0.860778 0.958393 0.958417 0.69797 0.346751 0.629128 0.722511 0.942772 0.593394 0.532107 0.855294 0.810912 0.61132 0.682392 0.810218 0.984421 0.608055 0.374407 0.907856 0.763265 0.331759 0.145138 0.0397621 0.323481 0.325883 0.0270653 0.21499 0.0497485 0.164262 0.29509 0.321458 0.568268 0.574183 0.564988 0.0136693 0.841291 0.114114 0.134055 0.302379 0.576081 0.170278 0.156474 0.906669 0.697511 0.346173 0.132987 0.131574 0.348586 0.14479 0.013664 0.0975004 0.034872 0.117979 0.0508761 0.105908 0.322994 0.0388127 0.441358 0.172133 0.031305 0.276795 0.0377303 0.161099 0.452811 0.294242 0.126358 0.1227 0.113927 0.194203 0.193928 0.61937
0.776215 0.785463 0.258358 0.855944 0.366526 0.907452 0.821597 0.964906 0.262921 0.630871 0.774138 0.803533 0.872586 0.939781 0.553677 0.858145 0.847939 0.97084 0.592511 0.943313 0.854952 0.721188 0.783536 0.874936 0.76972 0.813486 0.965404 0.322063 0.970874 0.86146 0.958804 0.958822 0.699078 0.345828 0.631407 0.723072 0.94351 0.59359 0.534239 0.856539 0.811554 0.61186 0.683125 0.810977 0.984693 0.610101 0.374338 0.908462 0.765114 0.330058 0.144031 0.0391489 0.322107 0.324702 0.0266661 0.21419 0.0493839 0.163147 0.292621 0.320543 0.568937 0.573775 0.565735 0.0134214 0.842522 0.112808 0.133289 0.301738 0.575969 0.168699 0.156144 0.907365 0.699367 0.345573 0.132779 0.130339 0.347545 0.143552 0.0134153 0.0961147 0.034471 0.117227 0.0501798 0.105273 0.321627 0.0384217 0.439567 0.170673 0.0309001 0.277157 0.0371935 0.159266 0.452501 0.291785 0.125089 0.121315 0.112643 0.192843 0.193315 0.619702
0.77748 0.786577 0.258979 0.857195 0.365869 0.90823 0.82268 0.965334 0.262345 0.632025 0.775484 0.804602 0.873157 0.940417 0.553569 0.858911 0.848863 0.971186 0.593578 0.944045 0.856409 0.722055 0.785285 0.876269 0.771459 0.814943 0.965822 0.320938 0.971214 0.86215 0.959206 0.959222 0.700188 0.344909 0.633695 0.72358 0.944238 0.593761 0.536346 0.85779 0.812171 0.612406 0.683835 0.811682 0.984959 0.612218 0.374294 0.909047 0.766974 0.328367 0.142935 0.0385541 0.320712 0.323515 0.0262843 0.213449 0.0490351 0.162083 0.290138 0.31964 0.569642 0.573371 0.566502 0.0131804 0.843729 0.111546 0.132543 0.301103 0.575887 0.167109 0.155863 0.908044 0.701183 0.344974 0.132598 0.129112 0.346471 0.142349 0.0131753 0.0947418 0.034071 0.116497 0.0495012 0.104642 0.320247 0.0380379 0.437724 0.169219 0.0304977 0.277538 0.0366658 0.157421 0.452225 0.289291 0.123839 0.119956 0.111368 0.191492 0.19271 0.62001
0.778728 0.787673 0.25963 0.858445 0.365256 0.908985 0.823705 0.965758 0.261821 0.633197 0.776839 0.805683 0.873713 0.941041 0.553475 0.859664 0.849769 0.97152 0.594656 0.944762 0.857863 0.722921 0.787056 0.877574 0.773211 0.8164 0.966232 0.319794 0.971548 0.862797 0.959597 0.959611 0.701315 0.343992 0.636007 0.724089 0.944952 0.593973 0.538523 0.859032 0.812788 0.612985 0.684541 0.812388 0.985218 0.614315 0.374289 0.909611 0.768807 0.326642 0.141831 0.0379657 0.31937 0.322332 0.0259066 0.212694 0.0486983 0.161003 0.287689 0.318721 0.57032 0.572957 0.567263 0.0129462 0.844951 0.110294 0.131819 0.300468 0.575752 0.165557 0.155597 0.908717 0.703082 0.344378 0.13244 0.127901 0.345454 0.141141 0.0129411 0.0933703 0.0336838 0.115775 0.0488295 0.104017 0.318884 0.0376599 0.435925 0.167765 0.0301081 0.277956 0.0361553 0.155591 0.451916 0.286808 0.122592 0.118602 0.110105 0.190145 0.192127 0.62031
0.779995 0.788772 0.260331 0.859677 0.364658 0.909723 0.824757 0.966168 0.261243 0.634355 0.778169 0.806748 0.874252 0.94165 0.553397 0.860395 0.850667 0.971847 0.595745 0.945467 0.859297 0.72377 0.78878 0.878883 0.774915 0.817849 0.966626 0.318627 0.971872 0.863438 0.959981 0.959993 0.702376 0.343066 0.638298 0.724603 0.945657 0.594168 0.54069 0.860273 0.813375 0.613544 0.685265 0.813073 0.985469 0.616451 0.374239 0.91017 0.770656 0.32497 0.140752 0.0373904 0.317987 0.321143 0.025542 0.211981 0.0483698 0.159948 0.285178 0.317826 0.571013 0.572537 0.568021 0.0127175 0.846156 0.109047 0.131106 0.299855 0.575622 0.163994 0.155346 0.909361 0.704953 0.343788 0.132309 0.126705 0.344462 0.139974 0.0127129 0.0920299 0.0333084 0.115058 0.0481754 0.103415 0.317496 0.0372968 0.434085 0.166329 0.0297311 0.27843 0.035657 0.153764 0.45165 0.284261 0.121349 0.117272 0.108863 0.188796 0.191532 0.620605
0.781208 0.789827 0.261087 0.860905 0.364016 0.91045 0.825784 0.966564 0.26067 0.635554 0.779528 0.807787 0.874777 0.942254 0.553352 0.861123 0.85155 0.972165 0.59686 0.946159 0.860717 0.724601 0.790499 0.880145 0.776627 0.819319 0.967014 0.317503 0.972188 0.864086 0.960352 0.960363 0.703486 0.342162 0.640641 0.725118 0.946357 0.59435 0.542916 0.861475 0.813929 0.614086 0.685988 0.813741 0.985715 0.618612 0.374255 0.910716 0.772529 0.32325 0.139667 0.0368204 0.316637 0.320009 0.0251843 0.211251 0.0480515 0.158908 0.282667 0.316908 0.571676 0.572061 0.568759 0.0124935 0.847346 0.10782 0.130376 0.299261 0.575467 0.162437 0.155112 0.909997 0.706827 0.343164 0.132201 0.125522 0.343442 0.138799 0.0124912 0.0907017 0.0329347 0.114355 0.0475292 0.102819 0.316089 0.0369457 0.43223 0.16487 0.0293586 0.278924 0.0351656 0.15195 0.451357 0.281726 0.120126 0.11594 0.107625 0.187467 0.190966 0.620868
0.782459 0.790924 0.261872 0.862113 0.363418 0.91117 0.826795 0.966954 0.260122 0.636718 0.780843 0.808809 0.875273 0.942839 0.553255 0.861816 0.852396 0.972475 0.598025 0.946846 0.862153 0.72543 0.79218 0.881417 0.778345 0.820759 0.967391 0.316369 0.972499 0.86474 0.960721 0.960726 0.704569 0.341256 0.642968 0.725634 0.947035 0.594542 0.545124 0.862688 0.814499 0.614655 0.686714 0.814429 0.985952 0.620828 0.374272 0.911256 0.774403 0.321528 0.138612 0.0362747 0.315246 0.318811 0.0248351 0.210549 0.0477441 0.157866 0.280131 0.316011 0.572371 0.571641 0.569487 0.0122766 0.848527 0.106601 0.129681 0.298661 0.575313 0.160881 0.154893 0.910633 0.708719 0.342542 0.132095 0.124346 0.342402 0.137654 0.0122766 0.0893882 0.0325746 0.113663 0.0468921 0.102252 0.314718 0.0365991 0.430365 0.163417 0.0289924 0.279447 0.034687 0.150154 0.451087 0.279153 0.118922 0.114638 0.10642 0.186128 0.190392 0.621146
0.783669 0.791995 0.262655 0.863308 0.362788 0.911871 0.827793 0.967339 0.259564 0.637864 0.782163 0.809842 0.875769 0.943425 0.553176 0.862501 0.853271 0.97278 0.59912 0.947515 0.863563 0.726266 0.793872 0.882677 0.780054 0.822192 0.967763 0.315249 0.9728 0.865353 0.961076 0.961081 0.705689 0.340347 0.645317 0.726097 0.947697 0.594751 0.547392 0.863881 0.815058 0.615236 0.687414 0.815099 0.986187 0.623013 0.374302 0.911775 0.776268 0.31979 0.13755 0.0357333 0.313859 0.317619 0.0244916 0.209878 0.0474531 0.15686 0.277581 0.315103 0.573061 0.571179 0.570278 0.0120633 0.849699 0.105409 0.129003 0.298063 0.575139 0.159343 0.154692 0.911251 0.710603 0.341965 0.13201 0.12319 0.341383 0.136497 0.0120657 0.0880852 0.0322232 0.113003 0.0462762 0.101685 0.313309 0.0362626 0.428421 0.162011 0.0286447 0.279961 0.0342109 0.148371 0.450796 0.276614 0.117713 0.113355 0.105224 0.184795 0.189847 0.621373
0.784868 0.793061 0.263502 0.864504 0.36218 0.912556 0.828805 0.967723 0.259049 0.639074 0.783477 0.81087 0.876238 0.943987 0.553058 0.863169 0.854112 0.973078 0.6003 0.948184 0.86497 0.72708 0.795595 0.883914 0.781776 0.823628 0.968124 0.314118 0.973094 0.865938 0.961421 0.961426 0.70679 0.339404 0.647697 0.726621 0.948357 0.594902 0.549678 0.865073 0.815591 0.615791 0.688115 0.815732 0.986414 0.625197 0.374329 0.912285 0.778099 0.318041 0.136512 0.0351951 0.312486 0.31639 0.0241537 0.209231 0.0471688 0.15588 0.275036 0.314195 0.573809 0.570676 0.571041 0.0118569 0.850874 0.104226 0.128328 0.297453 0.575 0.157831 0.154508 0.91185 0.712497 0.341419 0.131934 0.122044 0.340338 0.135339 0.0118588 0.0868124 0.0318809 0.112328 0.0456598 0.101127 0.311913 0.0359368 0.426459 0.160596 0.0283001 0.2805 0.0337444 0.146616 0.450515 0.274085 0.116524 0.112073 0.10405 0.183482 0.189359 0.621662
0.786082 0.794132 0.264396 0.86569 0.36159 0.913244 0.829797 0.968091 0.258557 0.640244 0.7848 0.811886 0.876694 0.944536 0.552959 0.863815 0.854951 0.973365 0.601415 0.94883 0.866337 0.727932 0.797308 0.885132 0.783471 0.825095 0.968477 0.31299 0.973378 0.866501 0.961761 0.961762 0.707929 0.338503 0.650105 0.7271 0.949001 0.595099 0.55199 0.866244 0.816103 0.61639 0.688775 0.816369 0.986632 0.627467 0.374355 0.912774 0.779961 0.316259 0.135482 0.0346761 0.311137 0.315221 0.0238254 0.208562 0.0468908 0.154893 0.27248 0.313328 0.574515 0.570146 0.5718 0.0116575 0.852023 0.103047 0.127651 0.296836 0.574796 0.156314 0.154359 0.912453 0.714376 0.340851 0.131896 0.120898 0.339272 0.134204 0.0116573 0.0855318 0.031551 0.1117 0.0450614 0.100593 0.310507 0.0356194 0.424439 0.159201 0.0279646 0.281082 0.0332842 0.144858 0.450268 0.271567 0.11533 0.11079 0.102878 0.182197 0.188854 0.621899
0.787283 0.795175 0.265295 0.86685 0.360974 0.913921 0.830777 0.968447 0.258073 0.641447 0.786117 0.81285 0.877135 0.945083 0.552834 0.864483 0.855753 0.973648 0.60257 0.949462 0.867708 0.728734 0.799033 0.886366 0.785139 0.826516 0.968818 0.311844 0.97366 0.867063 0.962089 0.962091 0.709044 0.337576 0.652509 0.727559 0.949646 0.595258 0.554327 0.867398 0.816606 0.616962 0.689475 0.816983 0.986851 0.629709 0.374464 0.913262 0.781786 0.314508 0.134461 0.0341652 0.309708 0.314042 0.0235039 0.20792 0.0466212 0.153951 0.269962 0.312434 0.575268 0.569616 0.57254 0.011462 0.853181 0.101881 0.127006 0.29625 0.574625 0.1548 0.154206 0.913018 0.716262 0.340301 0.131864 0.119765 0.338278 0.133085 0.0114626 0.0842805 0.0312209 0.111086 0.0444738 0.100039 0.309107 0.0353059 0.422426 0.157787 0.0276326 0.281684 0.0328315 0.143101 0.449954 0.269056 0.114159 0.109508 0.101711 0.180889 0.188365 0.622169
0.788502 0.796206 0.266267 0.868013 0.360364 0.914591 0.83174 0.968798 0.25756 0.642662 0.78741 0.81379 0.877557 0.945613 0.55273 0.865127 0.856547 0.973919 0.603718 0.950093 0.86907 0.729555 0.800759 0.887572 0.786837 0.827947 0.969154 0.310704 0.973933 0.867623 0.962409 0.962407 0.710168 0.336638 0.654925 0.728043 0.950265 0.595441 0.556735 0.868574 0.817108 0.617583 0.690126 0.817584 0.987061 0.631988 0.37452 0.913734 0.783636 0.312754 0.133471 0.0336566 0.308291 0.312823 0.0231874 0.20729 0.0463671 0.152996 0.267383 0.311539 0.575981 0.56908 0.573301 0.0112697 0.854312 0.100729 0.126359 0.295734 0.574441 0.153279 0.154083 0.913595 0.718182 0.339746 0.131848 0.118641 0.337228 0.131962 0.011273 0.083029 0.0309006 0.110473 0.0438904 0.0995249 0.307714 0.0349966 0.42039 0.15637 0.0273133 0.282318 0.0323852 0.141373 0.449635 0.266513 0.112998 0.108232 0.100559 0.179612 0.187898 0.622411
0.789726 0.797198 0.267244 0.869161 0.359777 0.915255 0.83269 0.969137 0.257092 0.643881 0.78869 0.814752 0.877975 0.946134 0.552595 0.865767 0.857343 0.974185 0.604872 0.950704 0.870406 0.730343 0.802459 0.888768 0.788506 0.829361 0.969485 0.309558 0.974201 0.868175 0.962712 0.962709 0.711295 0.335726 0.657345 0.728471 0.95088 0.595653 0.559114 0.869717 0.817559 0.61813 0.690802 0.818185 0.98727 0.6343 0.37457 0.914196 0.785495 0.310979 0.132493 0.0331604 0.306899 0.311632 0.0228791 0.206688 0.046127 0.152026 0.2648 0.31065 0.576716 0.56849 0.574104 0.0110824 0.855448 0.0995981 0.125757 0.295185 0.574229 0.151779 0.153973 0.914146 0.720122 0.339173 0.131844 0.117547 0.336183 0.13086 0.0110871 0.081808 0.0305885 0.109856 0.0433133 0.0989972 0.306302 0.0346982 0.418392 0.154996 0.0269971 0.282971 0.0319556 0.139653 0.449343 0.263963 0.111853 0.106987 0.0994122 0.17836 0.187432 0.622635
0.790928 0.79824 0.268258 0.870301 0.35915 0.915899 0.833629 0.969467 0.256625 0.645103 0.789978 0.815668 0.878372 0.946659 0.552417 0.866383 0.85813 0.974449 0.605982 0.951311 0.871759 0.731083 0.804149 0.889968 0.790168 0.830767 0.969806 0.308471 0.974458 0.868697 0.963018 0.963016 0.712402 0.33479 0.659788 0.728958 0.951487 0.595827 0.561577 0.87086 0.818014 0.618677 0.691453 0.818782 0.987472 0.636641 0.374712 0.914646 0.787307 0.309198 0.131518 0.0326679 0.305483 0.3104 0.0225798 0.206071 0.0458912 0.151094 0.262223 0.309778 0.577392 0.567916 0.574869 0.0109014 0.856576 0.0984788 0.125145 0.294622 0.573994 0.150301 0.153875 0.914701 0.722059 0.338619 0.131853 0.116443 0.335152 0.129754 0.0109045 0.0805925 0.030284 0.109268 0.0427552 0.098511 0.304886 0.0344131 0.416364 0.153615 0.0266878 0.283659 0.0315335 0.137922 0.44901 0.261389 0.11071 0.105744 0.0982932 0.177117 0.187007 0.622883
0.792151 0.799292 0.269291 0.871432 0.358555 0.916532 0.834572 0.969796 0.256181 0.64633 0.791269 0.816606 0.878751 0.947161 0.552281 0.866971 0.858889 0.974703 0.607167 0.951913 0.873098 0.73184 0.805849 0.891127 0.791825 0.832162 0.970116 0.307354 0.974714 0.869219 0.96331 0.963312 0.713501 0.333817 0.662234 0.729386 0.952079 0.596013 0.564051 0.871978 0.818451 0.619241 0.692106 0.819367 0.987668 0.639013 0.374855 0.91509 0.789098 0.307396 0.130552 0.0321871 0.304048 0.309159 0.0222852 0.205454 0.0456673 0.150165 0.259637 0.308886 0.578117 0.567302 0.57566 0.0107252 0.857675 0.0973699 0.12453 0.294093 0.573742 0.148823 0.153796 0.915235 0.724008 0.338053 0.131869 0.115353 0.334133 0.128671 0.0107278 0.0793869 0.029984 0.108692 0.0422111 0.0980196 0.303466 0.0341349 0.414272 0.152251 0.0263858 0.284391 0.0311187 0.136221 0.448712 0.258799 0.109592 0.104523 0.0971746 0.175873 0.186553 0.623112
0.793328 0.800299 0.270383 0.872571 0.357995 0.917151 0.835497 0.970116 0.255724 0.647569 0.792551 0.817538 0.879124 0.947656 0.552156 0.86758 0.859627 0.974949 0.608346 0.952493 0.8744 0.732585 0.80758 0.892279 0.793485 0.833569 0.970423 0.306222 0.974961 0.869747 0.963592 0.963602 0.714611 0.332878 0.664726 0.729829 0.952655 0.596168 0.566555 0.873084 0.818881 0.61982 0.692758 0.819946 0.987858 0.641343 0.374946 0.915508 0.790964 0.305599 0.129612 0.0317208 0.302583 0.307952 0.0219938 0.204885 0.0454542 0.149253 0.257067 0.308026 0.578885 0.566748 0.576452 0.0105533 0.858792 0.0962756 0.123943 0.29355 0.573447 0.147327 0.15371 0.915756 0.725964 0.337502 0.131932 0.114289 0.333103 0.127593 0.0105553 0.0781917 0.0296928 0.108139 0.0416728 0.0975495 0.302021 0.0338629 0.412154 0.150872 0.0260939 0.285125 0.0307123 0.134517 0.448391 0.256224 0.108472 0.103287 0.0960754 0.174623 0.186131 0.623292
0.794504 0.801299 0.271487 0.873714 0.357429 0.917764 0.836401 0.970428 0.255313 0.648803 0.793828 0.818447 0.879476 0.94815 0.552049 0.868194 0.86036 0.975189 0.609572 0.953062 0.875703 0.733341 0.809273 0.893437 0.795144 0.834978 0.970722 0.305084 0.975203 0.870223 0.963874 0.963885 0.715704 0.331941 0.667214 0.730258 0.953237 0.596329 0.569065 0.874194 0.819295 0.62038 0.693432 0.820527 0.988044 0.643709 0.375072 0.915915 0.792813 0.303796 0.128669 0.0312563 0.301168 0.306752 0.0217143 0.204305 0.0452356 0.148345 0.254527 0.307164 0.579588 0.566141 0.577297 0.0103867 0.859887 0.0951851 0.12337 0.293042 0.573202 0.145856 0.153657 0.916271 0.727919 0.336979 0.132009 0.113217 0.332083 0.126542 0.0103884 0.077009 0.0294091 0.107596 0.0411445 0.0970907 0.300577 0.0335941 0.410052 0.149497 0.0258084 0.285906 0.0303163 0.13284 0.448064 0.25364 0.107365 0.102086 0.0949776 0.173389 0.185736 0.623542
0.79567 0.802274 0.272649 0.874807 0.356853 0.91836 0.837329 0.970739 0.254885 0.650008 0.795083 0.819352 0.879831 0.948629 0.55189 0.868791 0.861091 0.975419 0.610753 0.953634 0.877011 0.734067 0.810953 0.894574 0.796768 0.836376 0.971009 0.303931 0.975435 0.870713 0.964143 0.964167 0.716798 0.331006 0.669718 0.730673 0.953802 0.596513 0.571617 0.875279 0.819709 0.620935 0.694085 0.821066 0.988227 0.646115 0.375208 0.916309 0.794631 0.301966 0.127715 0.0308013 0.299743 0.305503 0.0214397 0.203773 0.0450274 0.147452 0.251975 0.306277 0.5803 0.565522 0.578123 0.0102229 0.860987 0.0940989 0.122818 0.292506 0.572935 0.1444 0.153614 0.916782 0.729871 0.336433 0.132089 0.112171 0.33108 0.12548 0.0102243 0.0758568 0.0291313 0.107057 0.0406273 0.0966342 0.299121 0.0333296 0.407875 0.148148 0.0255233 0.286707 0.0299214 0.131145 0.447756 0.251075 0.106273 0.100879 0.0939085 0.172143 0.185357 0.623781
0.796847 0.803275 0.273798 0.875886 0.356271 0.918941 0.838232 0.97104 0.254469 0.651262 0.796332 0.820234 0.880162 0.94911 0.551749 0.869343 0.861787 0.97565 0.611915 0.954196 0.878328 0.734741 0.812659 0.895686 0.798383 0.837745 0.971293 0.30279 0.975662 0.871169 0.96441 0.964437 0.717905 0.330079 0.672236 0.731064 0.95435 0.596644 0.574202 0.876368 0.820079 0.621532 0.694709 0.821628 0.988407 0.648507 0.375385 0.916697 0.796441 0.300108 0.126801 0.0303535 0.298307 0.304251 0.0211701 0.203256 0.0448192 0.14657 0.24937 0.30541 0.581044 0.564884 0.578969 0.0100624 0.862056 0.0930384 0.122268 0.291986 0.572689 0.142949 0.153612 0.917255 0.731833 0.33588 0.132196 0.111136 0.330037 0.124417 0.010065 0.0747001 0.0288576 0.106531 0.040119 0.0961821 0.297729 0.0330744 0.405747 0.146819 0.0252459 0.28755 0.0295346 0.129484 0.447459 0.248479 0.105206 0.0996823 0.0928467 0.170921 0.184982 0.623996
0.797997 0.80427 0.275009 0.876988 0.355666 0.919524 0.839139 0.971332 0.25404 0.652493 0.797607 0.821101 0.880476 0.949577 0.551621 0.869888 0.862511 0.975871 0.613122 0.954739 0.879604 0.735461 0.814337 0.896786 0.800011 0.839115 0.971572 0.301654 0.975884 0.871645 0.964663 0.964695 0.719018 0.3291 0.674781 0.731511 0.954893 0.596766 0.576832 0.877433 0.820427 0.622095 0.695382 0.822141 0.988583 0.650966 0.375507 0.917069 0.798217 0.298285 0.125877 0.0299169 0.296876 0.303028 0.0209057 0.202744 0.0446396 0.145664 0.246792 0.30457 0.581814 0.56424 0.579856 0.00990716 0.863119 0.0919773 0.121734 0.291439 0.57239 0.141521 0.153622 0.917738 0.73387 0.335348 0.132297 0.110101 0.329001 0.123372 0.00990938 0.0735574 0.0285952 0.10602 0.0396204 0.0957526 0.29627 0.0328322 0.403574 0.145484 0.0249813 0.288379 0.0291604 0.127852 0.447189 0.245889 0.104119 0.0985023 0.0917964 0.169702 0.184611 0.624217
0.799164 0.805245 0.276294 0.878083 0.355103 0.920096 0.840004 0.971624 0.253646 0.653715 0.798848 0.821959 0.88078 0.950043 0.551478 0.870418 0.863209 0.976089 0.614338 0.955281 0.880862 0.736192 0.816009 0.897879 0.801633 0.84048 0.971841 0.300543 0.976106 0.872068 0.964912 0.964945 0.720144 0.32816 0.677332 0.731894 0.955428 0.596902 0.57945 0.878483 0.82078 0.622704 0.696003 0.822669 0.988751 0.653432 0.375667 0.917436 0.800042 0.2964 0.124974 0.0294872 0.295413 0.301791 0.0206488 0.202231 0.0444642 0.144774 0.244217 0.303761 0.58256 0.563538 0.580754 0.00975295 0.864168 0.0909447 0.121206 0.290965 0.572088 0.140086 0.15364 0.918209 0.735874 0.334838 0.132439 0.109078 0.327992 0.122341 0.00975772 0.072425 0.0283414 0.105521 0.0391247 0.0953404 0.294808 0.032591 0.401351 0.144144 0.0247209 0.289245 0.0287888 0.126212 0.446905 0.243303 0.103064 0.097342 0.0907744 0.168492 0.18425 0.62447
0.800346 0.806205 0.277598 0.879134 0.354524 0.920676 0.840875 0.971903 0.253248 0.65497 0.800096 0.82281 0.881065 0.950492 0.55135 0.870934 0.863892 0.976302 0.615551 0.955811 0.882109 0.736894 0.817678 0.898966 0.803251 0.841853 0.972107 0.29941 0.976318 0.872504 0.965156 0.965191 0.721271 0.327196 0.679912 0.732241 0.955956 0.596994 0.582153 0.879534 0.821121 0.623278 0.696643 0.823171 0.988918 0.655904 0.375837 0.917795 0.801851 0.294565 0.124099 0.0290605 0.293929 0.300543 0.0203922 0.201756 0.044289 0.143901 0.241628 0.302906 0.583284 0.562877 0.581603 0.00960323 0.865232 0.089926 0.120687 0.290435 0.571778 0.13866 0.153681 0.918656 0.737828 0.334355 0.1326 0.108074 0.326954 0.121327 0.00960754 0.0713082 0.0280878 0.105028 0.0386343 0.0949485 0.293355 0.0323535 0.3991 0.142805 0.0244635 0.29017 0.0284266 0.124588 0.446558 0.240735 0.102005 0.0962043 0.0897332 0.167288 0.18392 0.624641
0.801492 0.807154 0.278957 0.880189 0.353945 0.921237 0.841757 0.972178 0.25286 0.656235 0.801388 0.823615 0.881343 0.950925 0.551212 0.871461 0.864566 0.97651 0.616776 0.956329 0.88337 0.73765 0.819352 0.900043 0.804881 0.843219 0.972363 0.298233 0.976524 0.872925 0.965393 0.96543 0.722384 0.326263 0.682472 0.732584 0.956478 0.597121 0.584861 0.880589 0.821423 0.62386 0.69726 0.823691 0.98908 0.658375 0.37607 0.918122 0.803652 0.292718 0.123204 0.0286472 0.292463 0.299314 0.0201438 0.20127 0.0441319 0.143049 0.239018 0.302025 0.584065 0.562167 0.582434 0.00945839 0.866302 0.0889106 0.12017 0.289919 0.571456 0.13723 0.153745 0.919102 0.739811 0.333897 0.132769 0.10707 0.325931 0.120315 0.00946303 0.0702186 0.0278414 0.104534 0.0381569 0.0945494 0.291915 0.0321278 0.396819 0.141492 0.0242105 0.291139 0.0280669 0.122979 0.44623 0.238133 0.100948 0.0950731 0.0887239 0.166082 0.183605 0.624812
0.802649 0.808093 0.280325 0.88122 0.35333 0.921785 0.842617 0.972445 0.252493 0.657483 0.802639 0.824439 0.881606 0.951358 0.551077 0.871958 0.86523 0.976711 0.618052 0.95684 0.884628 0.738322 0.821008 0.901112 0.80649 0.844557 0.972621 0.297077 0.976728 0.873352 0.965627 0.965661 0.723474 0.325264 0.685031 0.732957 0.956983 0.597227 0.587565 0.881612 0.82175 0.62446 0.69789 0.824167 0.989239 0.660885 0.37622 0.918446 0.805446 0.290821 0.122337 0.0282457 0.291022 0.298096 0.0199033 0.200809 0.0439816 0.142197 0.236429 0.301164 0.584823 0.561442 0.583311 0.00931638 0.867326 0.087904 0.11967 0.289451 0.571102 0.135821 0.153825 0.919547 0.741773 0.333372 0.132964 0.106062 0.324908 0.119301 0.0093205 0.0691305 0.0275979 0.104049 0.0376818 0.0941677 0.290451 0.0319111 0.394602 0.140187 0.0239652 0.292115 0.0277206 0.121392 0.445925 0.235534 0.0999312 0.0939399 0.0877164 0.164905 0.183282 0.624968
0.80382 0.809029 0.281725 0.882246 0.352765 0.922327 0.843482 0.972702 0.252158 0.658781 0.803852 0.825238 0.881858 0.951788 0.550913 0.872462 0.865864 0.97691 0.619313 0.957346 0.885851 0.739006 0.822696 0.902164 0.808082 0.845922 0.972868 0.29593 0.976922 0.873766 0.965855 0.965884 0.724582 0.324259 0.687614 0.733313 0.957487 0.597348 0.590282 0.882648 0.822062 0.625062 0.698517 0.824658 0.989395 0.663393 0.37643 0.918769 0.807231 0.288925 0.121474 0.0278468 0.289512 0.296861 0.0196648 0.200351 0.0438372 0.141363 0.233831 0.300312 0.585568 0.560679 0.584241 0.00917643 0.868362 0.0869069 0.119172 0.288938 0.570755 0.134419 0.153911 0.919963 0.743773 0.332879 0.133159 0.105083 0.323896 0.1183 0.00918257 0.0680442 0.0273681 0.10357 0.0372189 0.0937855 0.288987 0.0317002 0.392295 0.138882 0.0237233 0.293075 0.0273769 0.119802 0.445622 0.232909 0.0988965 0.0928182 0.0867091 0.163712 0.183003 0.625104
0.804937 0.809979 0.283196 0.883252 0.352177 0.922859 0.844292 0.972958 0.251779 0.660007 0.805108 0.826046 0.88211 0.952206 0.550751 0.872933 0.866502 0.977104 0.620595 0.957841 0.887076 0.739679 0.824354 0.9032 0.809665 0.84727 0.973109 0.29481 0.977117 0.874183 0.966066 0.966106 0.725687 0.323289 0.690217 0.733647 0.957976 0.59748 0.593026 0.883682 0.822352 0.625688 0.69915 0.82513 0.989545 0.665938 0.376662 0.919073 0.809019 0.287081 0.120629 0.0274531 0.288083 0.295609 0.0194304 0.199884 0.0436991 0.140535 0.231238 0.299466 0.5863 0.559916 0.585148 0.00904179 0.869368 0.0859319 0.118694 0.288485 0.570389 0.133026 0.154037 0.920368 0.745766 0.332346 0.133394 0.104113 0.322861 0.117318 0.0090449 0.0669731 0.0271397 0.103127 0.036769 0.0934223 0.28751 0.0314898 0.390007 0.137609 0.0234847 0.294098 0.0270383 0.118213 0.445302 0.230313 0.0978809 0.0917027 0.0857192 0.162545 0.182744 0.625253
0.806069 0.810925 0.28469 0.884261 0.351627 0.923372 0.845119 0.973209 0.251414 0.661304 0.806357 0.826803 0.882317 0.952618 0.550581 0.873423 0.867113 0.977291 0.621898 0.958331 0.888274 0.740329 0.826018 0.904242 0.811251 0.848601 0.973342 0.293676 0.977305 0.874575 0.966277 0.966315 0.72676 0.322276 0.69282 0.733963 0.95847 0.597602 0.595816 0.884677 0.822646 0.626282 0.699756 0.825581 0.989694 0.668462 0.376937 0.919383 0.810785 0.285253 0.119804 0.0270668 0.286609 0.294315 0.0192033 0.19944 0.043565 0.139702 0.228649 0.298637 0.58703 0.559109 0.586022 0.00890835 0.870397 0.0849651 0.118193 0.28804 0.57005 0.131651 0.154192 0.920775 0.747772 0.331883 0.133625 0.103159 0.321844 0.116362 0.00891213 0.0659269 0.0269157 0.102681 0.0363218 0.0930626 0.286052 0.0312826 0.387678 0.136319 0.0232552 0.295158 0.0267059 0.116656 0.445008 0.227696 0.0968584 0.0905963 0.0847373 0.161393 0.18247 0.625392
0.807203 0.811824 0.286228 0.885264 0.351028 0.923887 0.84595 0.973453 0.251087 0.662584 0.807577 0.827584 0.882528 0.953023 0.550428 0.873903 0.867739 0.977476 0.623157 0.958809 0.889476 0.740977 0.827673 0.905269 0.81284 0.849931 0.973566 0.292548 0.977486 0.874962 0.966492 0.966522 0.727899 0.321301 0.695438 0.734275 0.958946 0.597688 0.598645 0.885671 0.822901 0.626863 0.700329 0.826055 0.989838 0.671047 0.377213 0.919673 0.812568 0.28337 0.118991 0.0266871 0.285171 0.293076 0.0189812 0.198993 0.0434381 0.138899 0.226066 0.297831 0.587795 0.5583 0.586927 0.00877836 0.871406 0.0840179 0.117746 0.287546 0.569674 0.130304 0.154308 0.921182 0.749771 0.331377 0.133879 0.102206 0.320853 0.115404 0.0087815 0.0648944 0.026701 0.102233 0.035885 0.0927161 0.284615 0.0310789 0.385304 0.135048 0.023031 0.296278 0.0263783 0.115089 0.444665 0.225094 0.0958625 0.0894984 0.0837681 0.160248 0.182203 0.625534
0.808342 0.812732 0.287772 0.886251 0.350528 0.924384 0.846761 0.973695 0.250713 0.663897 0.808813 0.828361 0.882725 0.953427 0.550258 0.874359 0.868351 0.977658 0.624444 0.959284 0.890676 0.741629 0.829331 0.906281 0.814409 0.851241 0.97379 0.291378 0.977665 0.875338 0.966696 0.96672 0.72899 0.320286 0.698067 0.734577 0.959417 0.597833 0.601481 0.88668 0.823153 0.627473 0.700906 0.826491 0.989978 0.673668 0.377465 0.919963 0.814315 0.281474 0.118177 0.0263156 0.283736 0.291836 0.0187596 0.198575 0.0433208 0.138083 0.223492 0.29702 0.588569 0.557491 0.587822 0.00865083 0.872397 0.0830663 0.117281 0.287059 0.569299 0.128938 0.154467 0.921565 0.751799 0.330883 0.134163 0.101271 0.319842 0.114435 0.0086535 0.0638801 0.0264892 0.101811 0.0354525 0.0923766 0.283131 0.0308891 0.38296 0.133757 0.0228129 0.29734 0.0260605 0.11354 0.444315 0.2225 0.0948669 0.0884253 0.0828285 0.159108 0.181963 0.625717
0.80946 0.813626 0.289373 0.887221 0.349988 0.924885 0.847588 0.973928 0.250376 0.665167 0.810032 0.829145 0.882905 0.953812 0.550113 0.874811 0.86894 0.977835 0.625758 0.959752 0.891856 0.742254 0.830965 0.907299 0.815973 0.852551 0.974011 0.290246 0.977839 0.875689 0.966891 0.966917 0.730117 0.319252 0.700669 0.734893 0.959879 0.597962 0.604341 0.887661 0.823419 0.628108 0.701464 0.826936 0.990115 0.676258 0.377749 0.920241 0.816117 0.279557 0.117371 0.0259449 0.282258 0.290549 0.0185445 0.19815 0.0432112 0.13728 0.220919 0.296191 0.589363 0.556658 0.588722 0.0085276 0.873363 0.0821194 0.116835 0.286581 0.568931 0.127569 0.154632 0.92195 0.753811 0.330353 0.134451 0.100333 0.318818 0.113482 0.00852846 0.0628717 0.026278 0.101413 0.0350322 0.0920426 0.281682 0.0306958 0.380612 0.13248 0.0225993 0.298469 0.0257445 0.112014 0.443987 0.219891 0.0938893 0.0873597 0.0818966 0.157976 0.181729 0.625833
0.810598 0.814514 0.290975 0.888189 0.349443 0.925366 0.848381 0.974158 0.25003 0.666497 0.811244 0.829876 0.883077 0.954191 0.549916 0.875262 0.869541 0.978004 0.627065 0.960207 0.893017 0.742929 0.832575 0.908291 0.817519 0.853857 0.974226 0.289137 0.97801 0.876051 0.967084 0.967113 0.731218 0.31827 0.7033 0.735181 0.960338 0.598084 0.607207 0.888644 0.823679 0.628715 0.702004 0.827389 0.99025 0.678861 0.378075 0.92052 0.817892 0.277678 0.116568 0.02558 0.280774 0.2893 0.0183308 0.197793 0.0430964 0.136492 0.218328 0.295392 0.590082 0.555867 0.589615 0.0084081 0.87436 0.0811879 0.116404 0.286132 0.568516 0.12624 0.154795 0.922324 0.755806 0.329851 0.134767 0.0994108 0.31782 0.112545 0.00840697 0.0618641 0.0260758 0.100999 0.0346178 0.0917224 0.280201 0.0305078 0.378219 0.131231 0.0223911 0.299651 0.0254362 0.110496 0.443684 0.217318 0.0929191 0.08629 0.0809615 0.156861 0.18149 0.625953
0.811693 0.815387 0.292631 0.889164 0.34887 0.92585 0.849146 0.974386 0.249693 0.667783 0.812448 0.830632 0.88323 0.954578 0.549751 0.875686 0.87011 0.97817 0.628399 0.960655 0.894182 0.74353 0.83421 0.909278 0.81907 0.855153 0.974429 0.288024 0.978174 0.876426 0.967269 0.967299 0.732327 0.317307 0.705961 0.735431 0.960789 0.598193 0.610124 0.889603 0.823905 0.629323 0.702603 0.827823 0.990383 0.6815 0.378379 0.920759 0.819635 0.275758 0.115774 0.0252192 0.279304 0.287995 0.0181216 0.197404 0.0429978 0.135715 0.215758 0.294555 0.590827 0.554995 0.590522 0.00828945 0.875341 0.0802741 0.11599 0.285661 0.568078 0.124886 0.154993 0.922702 0.757822 0.329395 0.135088 0.0984958 0.316826 0.111618 0.00828745 0.0608828 0.0258764 0.100597 0.0342086 0.0914058 0.278761 0.0303327 0.375848 0.129976 0.0221817 0.300818 0.0251347 0.109 0.443344 0.214746 0.0919566 0.0852343 0.0800533 0.155752 0.181239 0.626034
0.812814 0.816259 0.294319 0.890132 0.348336 0.92632 0.849932 0.974603 0.249371 0.669081 0.813672 0.831355 0.883385 0.95495 0.549607 0.8761 0.870678 0.978336 0.62971 0.961096 0.89533 0.744118 0.835837 0.910244 0.820632 0.856434 0.974629 0.286919 0.978336 0.876772 0.96745 0.967478 0.733469 0.316312 0.708649 0.735726 0.961235 0.598282 0.612991 0.890564 0.824125 0.629944 0.703188 0.828242 0.990513 0.684132 0.378665 0.921015 0.821373 0.273874 0.115003 0.0248676 0.277767 0.286745 0.017919 0.197047 0.0429107 0.134962 0.213193 0.293728 0.591549 0.554141 0.591441 0.00817169 0.8763 0.0793613 0.115591 0.28521 0.567673 0.123546 0.155216 0.923062 0.759844 0.328957 0.135414 0.0975917 0.315812 0.110683 0.00817178 0.0599079 0.0256825 0.100196 0.0338042 0.0911039 0.277227 0.0301578 0.373433 0.128719 0.0219814 0.301987 0.0248396 0.107533 0.443005 0.212219 0.0909989 0.0841944 0.0791409 0.15465 0.181045 0.626166
0.813907 0.81715 0.296045 0.891088 0.347777 0.926785 0.850716 0.974821 0.249049 0.670354 0.81488 0.832077 0.883505 0.955315 0.549471 0.876514 0.871223 0.978494 0.631036 0.961533 0.896473 0.744729 0.837464 0.911208 0.822164 0.857726 0.974825 0.285771 0.978492 0.877102 0.967625 0.967658 0.734572 0.31532 0.711303 0.736015 0.961668 0.598378 0.615912 0.891515 0.824289 0.630587 0.70373 0.828668 0.990639 0.686793 0.378954 0.921247 0.823078 0.271983 0.114222 0.0245222 0.276282 0.285468 0.0177221 0.196699 0.0428241 0.1342 0.210632 0.292952 0.592299 0.553237 0.592415 0.00805938 0.877264 0.0784567 0.115186 0.28484 0.567256 0.122232 0.155449 0.923413 0.761852 0.328519 0.135788 0.0966899 0.314836 0.109759 0.00805937 0.0589421 0.0254934 0.0998197 0.0334113 0.0908151 0.275757 0.0299919 0.371001 0.127489 0.0217857 0.303219 0.0245438 0.106063 0.442675 0.209679 0.0900511 0.0831699 0.078239 0.153549 0.180842 0.626268
0.815038 0.818038 0.297837 0.892031 0.347254 0.927245 0.851495 0.975033 0.248747 0.671658 0.816088 0.832779 0.883632 0.955674 0.549292 0.876902 0.871778 0.978645 0.632388 0.961964 0.897602 0.745312 0.83907 0.912177 0.823682 0.859019 0.975023 0.28465 0.978645 0.877452 0.967792 0.967828 0.735705 0.314395 0.713936 0.736259 0.96209 0.598465 0.618847 0.892464 0.824458 0.631264 0.704285 0.829094 0.990764 0.689478 0.379326 0.921481 0.824819 0.270049 0.113453 0.0241828 0.274793 0.284196 0.0175312 0.196391 0.04275 0.133469 0.208071 0.292155 0.593022 0.552321 0.593396 0.00794825 0.878231 0.07757 0.114819 0.28445 0.566837 0.120933 0.155706 0.923755 0.76389 0.328029 0.136151 0.0958008 0.313838 0.10885 0.00794788 0.0579944 0.0253079 0.0994461 0.0330206 0.0905347 0.274285 0.0298336 0.368529 0.126249 0.0215933 0.304471 0.0242579 0.104621 0.442347 0.207132 0.0891286 0.0821536 0.0773542 0.15245 0.180661 0.626377
0.816137 0.818901 0.29965 0.89297 0.346714 0.927699 0.852258 0.975237 0.248427 0.672967 0.817295 0.833484 0.883759 0.956024 0.54915 0.877306 0.872312 0.978797 0.633732 0.962388 0.898708 0.745912 0.840681 0.913121 0.825195 0.86031 0.975216 0.283533 0.978796 0.877779 0.967962 0.96799 0.736836 0.313413 0.71661 0.736534 0.962507 0.598545 0.6218 0.893396 0.824636 0.631896 0.704803 0.829503 0.990887 0.692166 0.379668 0.921693 0.826541 0.268106 0.112713 0.0238486 0.273302 0.282914 0.017344 0.196089 0.0426778 0.132723 0.205518 0.29135 0.593795 0.551407 0.594342 0.00784024 0.879169 0.0766893 0.114438 0.284074 0.566397 0.119635 0.155974 0.924092 0.765861 0.327514 0.136552 0.0949186 0.312852 0.107943 0.00784144 0.0570516 0.0251275 0.0990869 0.0326438 0.0902539 0.272751 0.0296729 0.366048 0.125015 0.0214076 0.30578 0.0239745 0.103171 0.442007 0.204582 0.0882219 0.0811353 0.0764812 0.151359 0.180482 0.626477
0.817263 0.819727 0.301513 0.893907 0.346173 0.928131 0.853015 0.975439 0.248125 0.674284 0.818522 0.834182 0.88386 0.956379 0.549016 0.877699 0.872855 0.978944 0.635065 0.962795 0.899821 0.746475 0.842292 0.914057 0.826696 0.861581 0.975402 0.282414 0.978945 0.8781 0.968123 0.968156 0.737965 0.312385 0.7193 0.736761 0.962919 0.598631 0.624787 0.894326 0.824771 0.632528 0.705337 0.829919 0.991004 0.694842 0.38003 0.921883 0.828247 0.26618 0.111973 0.0235234 0.271835 0.28163 0.0171571 0.195795 0.0426148 0.131953 0.20297 0.290528 0.594557 0.550521 0.595298 0.00773402 0.880096 0.0758276 0.114071 0.283668 0.565957 0.118331 0.156261 0.924412 0.76784 0.32704 0.136956 0.0940585 0.311874 0.107043 0.00773471 0.0561284 0.024952 0.0987363 0.0322647 0.0899874 0.271278 0.0295167 0.363579 0.123802 0.0212222 0.307089 0.0236987 0.101737 0.441647 0.202039 0.0872953 0.0801379 0.0756154 0.150264 0.180309 0.626533
0.81835 0.820567 0.303409 0.89484 0.345687 0.928569 0.853756 0.975637 0.247858 0.675597 0.819743 0.834834 0.883975 0.956718 0.548806 0.878066 0.873375 0.979089 0.636454 0.963205 0.900931 0.747055 0.843886 0.914986 0.828162 0.862851 0.97558 0.281261 0.979087 0.878409 0.968276 0.968315 0.739093 0.311367 0.721992 0.737006 0.963321 0.598726 0.627789 0.895236 0.824908 0.63319 0.705903 0.830308 0.991118 0.697551 0.380396 0.922077 0.829949 0.264255 0.111215 0.0232007 0.270365 0.280323 0.0169739 0.195534 0.0425582 0.131209 0.200436 0.289704 0.595364 0.549539 0.596229 0.00762981 0.881045 0.0749714 0.113708 0.283273 0.565508 0.117023 0.156567 0.924743 0.769857 0.326607 0.137398 0.0931851 0.31092 0.106146 0.00763113 0.0552089 0.024782 0.0983637 0.0318958 0.0897258 0.269806 0.0293689 0.361142 0.122582 0.0210406 0.308437 0.0234259 0.100328 0.441301 0.199511 0.0863815 0.0791422 0.0747506 0.149181 0.180167 0.626649
0.819439 0.821416 0.305341 0.895746 0.345153 0.929003 0.854487 0.975828 0.247604 0.676887 0.820923 0.835511 0.884065 0.957055 0.548629 0.878421 0.873895 0.97923 0.637809 0.963612 0.902011 0.747639 0.845497 0.915907 0.829666 0.864117 0.975754 0.28013 0.979227 0.878711 0.968433 0.96847 0.740226 0.310354 0.724702 0.737245 0.963718 0.598822 0.630783 0.896156 0.825054 0.633847 0.706467 0.83069 0.991232 0.700278 0.380754 0.922266 0.831657 0.262332 0.110466 0.0228831 0.268846 0.279042 0.0167944 0.195224 0.0425008 0.130466 0.197909 0.288896 0.596201 0.548566 0.597245 0.00752938 0.881977 0.0741271 0.113362 0.282858 0.565038 0.115745 0.156866 0.925065 0.771867 0.326145 0.137838 0.0923317 0.309968 0.105279 0.00753002 0.0543084 0.0246207 0.0980348 0.0315344 0.0894671 0.268299 0.0292192 0.358682 0.121383 0.0208633 0.309801 0.0231559 0.098932 0.440965 0.196959 0.0854904 0.0781572 0.0738928 0.148103 0.180036 0.626722
0.82052 0.822261 0.307329 0.896664 0.344596 0.929434 0.855203 0.976019 0.247336 0.678172 0.8221 0.836168 0.884139 0.957391 0.548419 0.878758 0.874412 0.979368 0.639239 0.964011 0.903096 0.748158 0.847086 0.916809 0.831166 0.865388 0.97593 0.278988 0.979362 0.879003 0.968583 0.968617 0.741368 0.309307 0.727401 0.737529 0.964115 0.598923 0.633805 0.89706 0.825187 0.634502 0.707007 0.831035 0.991345 0.703022 0.381168 0.922442 0.833369 0.260435 0.109735 0.0225694 0.26737 0.277744 0.0166199 0.194955 0.0424527 0.129756 0.195377 0.288153 0.597032 0.547567 0.598273 0.00743111 0.882874 0.0732902 0.112999 0.282473 0.564553 0.11446 0.157169 0.925372 0.773858 0.325665 0.138264 0.0914865 0.30901 0.104393 0.00743061 0.0534169 0.0244563 0.0977034 0.0311739 0.0892136 0.266792 0.0290726 0.356141 0.120187 0.0206913 0.311174 0.0228922 0.0975607 0.440595 0.194431 0.0845974 0.0771925 0.0730492 0.147036 0.179909 0.626844
0.821608 0.823096 0.309313 0.897559 0.344044 0.929855 0.855935 0.976207 0.247069 0.679475 0.823317 0.83681 0.884175 0.957722 0.548204 0.879109 0.874927 0.979502 0.640603 0.964404 0.904173 0.748676 0.84866 0.917702 0.832636 0.866657 0.976099 0.277879 0.979494 0.879291 0.968726 0.96876 0.742492 0.308257 0.730123 0.737787 0.964506 0.598985 0.636846 0.897961 0.825282 0.635194 0.707552 0.831397 0.991455 0.705717 0.381546 0.92262 0.835065 0.258485 0.109021 0.0222581 0.265865 0.276443 0.0164475 0.194683 0.0424118 0.129058 0.192866 0.287352 0.597808 0.546566 0.599269 0.00733455 0.883797 0.0724535 0.11266 0.282097 0.564058 0.113202 0.157495 0.925674 0.775875 0.325201 0.138731 0.090643 0.308031 0.103521 0.00733492 0.0525395 0.0243021 0.0973851 0.0308182 0.0889641 0.265288 0.028938 0.353625 0.119006 0.0205228 0.312602 0.022634 0.0962009 0.440227 0.191935 0.0837128 0.0762202 0.0722229 0.145996 0.17982 0.626923
0.822664 0.823909 0.31137 0.898452 0.343512 0.930262 0.856649 0.97639 0.246822 0.680816 0.824494 0.837446 0.88424 0.958042 0.548038 0.879455 0.875431 0.97963 0.641984 0.964787 0.905243 0.7492 0.850238 0.918581 0.83412 0.867909 0.97626 0.276773 0.979624 0.879556 0.968864 0.968901 0.743626 0.307227 0.73283 0.738004 0.964891 0.59905 0.63987 0.89887 0.82537 0.635848 0.708051 0.831753 0.991561 0.708427 0.381941 0.922779 0.836756 0.256578 0.108331 0.0219562 0.264394 0.275161 0.0162798 0.194427 0.0423812 0.128343 0.190364 0.286576 0.59863 0.545592 0.600293 0.0072405 0.884704 0.0716353 0.112333 0.281716 0.563536 0.111948 0.15786 0.925969 0.777903 0.324774 0.139214 0.0898031 0.30711 0.102677 0.00723918 0.0516766 0.0241415 0.0970813 0.0304671 0.0887187 0.263764 0.0287995 0.351088 0.117817 0.0203561 0.314053 0.0223802 0.0948263 0.439866 0.189432 0.0828474 0.0752719 0.0714092 0.144956 0.179745 0.627017
0.823753 0.824702 0.313441 0.89935 0.343021 0.930664 0.857357 0.976571 0.246564 0.682174 0.825671 0.838062 0.884279 0.958361 0.547859 0.879782 0.875931 0.97976 0.643361 0.965166 0.906288 0.749706 0.851792 0.919461 0.835592 0.869131 0.976423 0.275643 0.979749 0.879813 0.968993 0.969035 0.744767 0.306177 0.735531 0.738194 0.965276 0.599141 0.642982 0.899738 0.825463 0.636484 0.708562 0.832114 0.991666 0.711211 0.382381 0.92295 0.838419 0.254683 0.107616 0.0216583 0.262885 0.273858 0.0161147 0.194194 0.042353 0.12764 0.187854 0.285814 0.59944 0.544545 0.60135 0.00714799 0.885596 0.0708296 0.112024 0.281372 0.563039 0.110689 0.158221 0.926252 0.779933 0.324327 0.139723 0.0889765 0.306136 0.101824 0.00714558 0.0508244 0.0239905 0.0967652 0.0301252 0.0885096 0.262233 0.028671 0.348536 0.116632 0.0201941 0.315524 0.0221294 0.0934804 0.439495 0.186945 0.0819724 0.0743218 0.0705942 0.143911 0.179668 0.627102
0.82484 0.825523 0.315599 0.900227 0.342511 0.931057 0.85807 0.976746 0.24633 0.683518 0.826851 0.838681 0.884299 0.958679 0.547711 0.880087 0.876415 0.979885 0.644809 0.965545 0.90733 0.750231 0.853323 0.920321 0.837035 0.87038 0.976575 0.274536 0.979874 0.88008 0.969121 0.969167 0.745888 0.30513 0.738203 0.738385 0.965652 0.599221 0.646065 0.900611 0.825515 0.637179 0.709079 0.83246 0.991769 0.71398 0.382851 0.923101 0.840089 0.252758 0.106933 0.0213666 0.261376 0.272536 0.0159502 0.193981 0.0423364 0.126967 0.185364 0.285066 0.600245 0.543523 0.602388 0.00705626 0.886474 0.0700237 0.111702 0.280987 0.562508 0.10948 0.158604 0.926524 0.781985 0.323865 0.140222 0.0881586 0.305144 0.100985 0.00705417 0.0499678 0.0238412 0.0964795 0.0297864 0.0882985 0.260749 0.0285404 0.345953 0.115453 0.0200375 0.317041 0.0218801 0.0921444 0.439163 0.184475 0.0811139 0.0733717 0.0697984 0.142878 0.179618 0.627163
0.825907 0.826339 0.317808 0.901086 0.341976 0.931461 0.858775 0.976918 0.246107 0.684842 0.828019 0.839317 0.884313 0.958985 0.547509 0.880398 0.876892 0.980007 0.646218 0.965915 0.908367 0.750756 0.854849 0.921182 0.838483 0.871619 0.976725 0.273406 0.979996 0.880334 0.969246 0.969295 0.747084 0.304103 0.740901 0.738574 0.966014 0.599308 0.649163 0.901485 0.825593 0.637875 0.709575 0.83277 0.99187 0.716711 0.383272 0.923248 0.841747 0.250785 0.106247 0.0210775 0.25987 0.271223 0.015791 0.193765 0.0423297 0.126277 0.182912 0.284317 0.601029 0.542456 0.603447 0.00696764 0.887363 0.0692283 0.111395 0.280573 0.561993 0.108241 0.159 0.926801 0.783981 0.32347 0.140759 0.0873486 0.304196 0.10015 0.00696511 0.0491354 0.0236953 0.0961973 0.0294538 0.088085 0.259246 0.0284177 0.343422 0.114273 0.0198846 0.318557 0.0216393 0.0908229 0.438813 0.182016 0.0802565 0.0724483 0.0690071 0.141873 0.17954 0.627215
0.826977 0.827128 0.320023 0.901942 0.341419 0.931849 0.859448 0.977086 0.245867 0.686175 0.829191 0.839919 0.884318 0.959291 0.547347 0.880692 0.877364 0.980126 0.647629 0.966282 0.909374 0.751278 0.856373 0.922037 0.839896 0.87287 0.976871 0.272265 0.980116 0.880586 0.969366 0.969415 0.748221 0.303059 0.743592 0.738786 0.96637 0.599366 0.652317 0.902337 0.825635 0.638562 0.710104 0.833112 0.991967 0.719475 0.383703 0.923373 0.843375 0.248863 0.105564 0.0207909 0.258367 0.269924 0.0156359 0.193575 0.0423234 0.125606 0.180465 0.283506 0.601858 0.541394 0.604478 0.00687953 0.888226 0.0684341 0.111094 0.280222 0.561482 0.107028 0.159442 0.927067 0.785983 0.323061 0.141316 0.0865356 0.303184 0.0993321 0.00687888 0.048309 0.0235553 0.0959107 0.029129 0.0878861 0.257766 0.0283028 0.340806 0.113111 0.019734 0.320098 0.0213991 0.0895032 0.438469 0.179568 0.0794313 0.0715357 0.0682124 0.140822 0.179468 0.627293
0.828082 0.827937 0.322223 0.902788 0.340877 0.932217 0.860144 0.977254 0.245675 0.687483 0.830361 0.840489 0.884306 0.959591 0.547197 0.880979 0.87782 0.980237 0.649031 0.966637 0.910403 0.751789 0.857891 0.922881 0.841296 0.874087 0.977017 0.271163 0.980235 0.880828 0.969484 0.969532 0.749338 0.302044 0.746281 0.739019 0.966723 0.599439 0.655457 0.903186 0.825658 0.639237 0.710595 0.833444 0.992064 0.722231 0.384185 0.923495 0.845004 0.246922 0.104899 0.0205092 0.25683 0.268647 0.0154814 0.193434 0.0423158 0.124957 0.178016 0.282771 0.602661 0.540322 0.605497 0.00679552 0.889112 0.0676724 0.110806 0.27989 0.560933 0.105823 0.159872 0.92732 0.788012 0.322641 0.141901 0.0857337 0.302188 0.098507 0.00679323 0.0474993 0.023418 0.095629 0.0288092 0.0876827 0.256259 0.0281861 0.338225 0.111957 0.0195836 0.321691 0.0211637 0.0882092 0.438097 0.177124 0.078588 0.0706219 0.06744 0.139828 0.179419 0.627356
0.829142 0.828722 0.324515 0.903633 0.340314 0.932601 0.860825 0.977415 0.245477 0.688829 0.83153 0.841068 0.884289 0.959889 0.546978 0.881266 0.878279 0.980349 0.650479 0.966992 0.911403 0.752288 0.85941 0.923706 0.842696 0.875294 0.977155 0.270051 0.980346 0.881058 0.9696 0.969642 0.750466 0.300987 0.748968 0.739214 0.967068 0.599489 0.658573 0.904033 0.825676 0.639912 0.711114 0.833791 0.992159 0.725013 0.384641 0.923607 0.84661 0.244997 0.104239 0.0202375 0.255299 0.267353 0.01533 0.193257 0.0423147 0.124296 0.175602 0.281999 0.603455 0.539244 0.606549 0.00671139 0.889976 0.0669036 0.110525 0.279524 0.560386 0.104605 0.160292 0.927582 0.790045 0.322209 0.142495 0.0849499 0.301229 0.0976834 0.00670833 0.0466931 0.0232845 0.0953487 0.0284917 0.0874899 0.254757 0.0280779 0.335625 0.110805 0.019438 0.323313 0.0209291 0.0869168 0.437757 0.174694 0.0777468 0.069722 0.0666769 0.138834 0.179354 0.627404
0.830204 0.829503 0.326835 0.904465 0.339825 0.932962 0.861495 0.977578 0.245269 0.690154 0.832692 0.841647 0.884253 0.960181 0.546829 0.88155 0.878725 0.980457 0.651904 0.967335 0.912414 0.752784 0.860897 0.924528 0.844077 0.876513 0.977294 0.268936 0.980456 0.881276 0.969712 0.969752 0.751631 0.299937 0.751658 0.739425 0.967416 0.59958 0.661724 0.904884 0.825711 0.640565 0.7116 0.834089 0.992249 0.727766 0.385098 0.92372 0.848221 0.24308 0.103588 0.0199671 0.253774 0.26604 0.0151798 0.193082 0.0423217 0.123646 0.173159 0.281231 0.604262 0.538105 0.607621 0.00663083 0.890838 0.066156 0.110223 0.279198 0.559834 0.103401 0.160747 0.927824 0.792044 0.32182 0.143103 0.0841503 0.300282 0.0968784 0.00662652 0.0458998 0.0231519 0.0950864 0.0281816 0.0873003 0.253273 0.0279734 0.333014 0.109667 0.019293 0.324962 0.0207017 0.0856563 0.437423 0.172276 0.0769024 0.0688209 0.0659166 0.137846 0.179363 0.627402
0.831234 0.830315 0.329181 0.905322 0.339354 0.933324 0.862155 0.977732 0.245055 0.6915 0.833856 0.84217 0.884194 0.960468 0.546645 0.881822 0.879161 0.98056 0.653377 0.967671 0.913406 0.753246 0.862387 0.925348 0.845452 0.877711 0.977428 0.267796 0.980561 0.881496 0.969816 0.969862 0.752764 0.298917 0.754373 0.739627 0.967753 0.599664 0.664886 0.905706 0.825734 0.641241 0.712102 0.834403 0.992339 0.730524 0.385584 0.923814 0.849831 0.241134 0.102946 0.019701 0.252246 0.264719 0.015035 0.19295 0.0423318 0.122992 0.170763 0.280471 0.605037 0.536985 0.608705 0.006552 0.891694 0.0654023 0.109954 0.278887 0.559309 0.102196 0.161224 0.928057 0.794065 0.32141 0.143717 0.0833866 0.299336 0.0960727 0.00654543 0.0451218 0.0230197 0.0948416 0.0278754 0.0871218 0.251748 0.0278715 0.330407 0.108529 0.0191523 0.326611 0.0204802 0.0843921 0.437076 0.169889 0.076089 0.0679349 0.0651669 0.136848 0.179355 0.627448
0.8323 0.831071 0.331578 0.906152 0.338811 0.933694 0.862821 0.977884 0.244888 0.692867 0.835005 0.842744 0.884131 0.960759 0.546455 0.882091 0.879595 0.980669 0.654788 0.968006 0.914385 0.753712 0.863894 0.926166 0.846833 0.878905 0.977556 0.26666 0.980664 0.881724 0.969918 0.96996 0.753927 0.297872 0.75707 0.739821 0.968086 0.599709 0.668027 0.906536 0.82573 0.641927 0.712612 0.834721 0.992427 0.733319 0.386109 0.923912 0.851416 0.239188 0.102302 0.0194371 0.250752 0.263401 0.0148906 0.192797 0.0423521 0.12234 0.168369 0.279704 0.605872 0.535863 0.609815 0.00647332 0.892536 0.064657 0.109685 0.278558 0.558697 0.101014 0.1617 0.928289 0.796088 0.320997 0.144346 0.0826157 0.298378 0.0952748 0.00646727 0.0443504 0.022897 0.0945949 0.0275769 0.0869403 0.250235 0.0277712 0.327741 0.107413 0.0190141 0.328309 0.020259 0.0831524 0.436723 0.167543 0.0752928 0.0670663 0.0644274 0.135872 0.179351 0.627465
0.833336 0.831834 0.333967 0.906966 0.338279 0.934055 0.863485 0.978032 0.244712 0.694162 0.836161 0.843282 0.884073 0.961037 0.546247 0.882347 0.880015 0.980769 0.656219 0.968334 0.915356 0.754164 0.86539 0.926963 0.848199 0.880094 0.977679 0.265595 0.980764 0.88194 0.970017 0.970063 0.755091 0.296804 0.759733 0.739976 0.968418 0.599782 0.671216 0.907345 0.825709 0.642601 0.713114 0.835011 0.992516 0.736099 0.386631 0.924003 0.852993 0.237219 0.101673 0.0191803 0.249222 0.262101 0.0147503 0.192682 0.0423729 0.12171 0.166023 0.278952 0.606674 0.534657 0.610896 0.00639499 0.893383 0.0639316 0.10946 0.278217 0.558125 0.0998439 0.162194 0.928518 0.798063 0.320569 0.145006 0.0818474 0.297446 0.0944829 0.00639024 0.0435993 0.0227785 0.0943569 0.0272815 0.0867789 0.24869 0.0276746 0.325111 0.106311 0.0188815 0.330036 0.02004 0.081925 0.436316 0.165176 0.0744915 0.0662063 0.0636931 0.134878 0.179361 0.627497
0.834386 0.832598 0.336463 0.907774 0.337807 0.934403 0.864153 0.978179 0.244526 0.6955 0.837307 0.843818 0.883993 0.961323 0.546043 0.882595 0.880446 0.980871 0.657661 0.968654 0.916318 0.754641 0.866858 0.927742 0.849573 0.881259 0.977801 0.264486 0.980865 0.882147 0.970115 0.970154 0.75624 0.295735 0.762411 0.740131 0.968745 0.599847 0.674403 0.908132 0.825667 0.643296 0.713588 0.83532 0.992602 0.738852 0.387185 0.924078 0.854572 0.235297 0.101044 0.0189292 0.247708 0.260768 0.0146144 0.192552 0.0423982 0.121067 0.163651 0.27817 0.607455 0.533498 0.611982 0.00631966 0.894217 0.0632085 0.109198 0.27788 0.557488 0.0986704 0.162697 0.928741 0.800065 0.320161 0.145687 0.0810888 0.296504 0.093694 0.00631367 0.0428613 0.0226599 0.0941186 0.0269892 0.086621 0.247133 0.0275801 0.322442 0.1052 0.0187468 0.331771 0.019829 0.0806991 0.43595 0.162829 0.0736912 0.0653557 0.0629836 0.133901 0.179366 0.6275
0.835423 0.833335 0.338963 0.908579 0.337337 0.934751 0.864804 0.978322 0.244324 0.696856 0.838477 0.844345 0.883908 0.961597 0.54586 0.88284 0.880835 0.980968 0.659113 0.968978 0.91726 0.755022 0.868359 0.928526 0.850926 0.88243 0.977917 0.263391 0.980963 0.882357 0.970206 0.970248 0.757397 0.294709 0.765083 0.740273 0.969069 0.599895 0.67761 0.90892 0.82562 0.643996 0.714083 0.835613 0.992687 0.741644 0.38775 0.924147 0.856142 0.233356 0.100436 0.0186812 0.246184 0.259443 0.014478 0.192448 0.0424311 0.120444 0.161327 0.277425 0.608319 0.532301 0.613113 0.00624665 0.895053 0.0625007 0.108962 0.277599 0.556896 0.0975105 0.163216 0.928942 0.80205 0.319755 0.146383 0.0803373 0.29558 0.0929186 0.00623951 0.0421191 0.0225428 0.093894 0.0267041 0.0864687 0.245619 0.0274947 0.319795 0.104099 0.0186159 0.333543 0.0196192 0.0794972 0.435578 0.160475 0.0729062 0.0645111 0.0622667 0.132936 0.179415 0.627464
0.836451 0.834079 0.341487 0.90938 0.336837 0.935106 0.86546 0.978458 0.244173 0.698192 0.839631 0.844852 0.883795 0.961864 0.545706 0.883074 0.881241 0.981061 0.660596 0.969299 0.918212 0.755458 0.86978 0.929291 0.852269 0.883604 0.978029 0.262281 0.981054 0.882559 0.970297 0.970336 0.758533 0.293634 0.767766 0.74038 0.969383 0.599978 0.680775 0.909717 0.825576 0.644665 0.714534 0.835879 0.992769 0.744439 0.388294 0.924212 0.857703 0.231422 0.0998251 0.018439 0.244614 0.258126 0.0143458 0.192361 0.0424751 0.119826 0.159 0.276684 0.609166 0.531111 0.6142 0.00617452 0.895867 0.0617932 0.108724 0.277253 0.5563 0.0963748 0.163762 0.929143 0.804036 0.319394 0.147079 0.0795881 0.294634 0.0921457 0.00616619 0.0413972 0.0224282 0.0936701 0.026423 0.086332 0.244094 0.0274071 0.317119 0.103002 0.0184893 0.335355 0.0194118 0.0782995 0.435176 0.158156 0.0721287 0.0636659 0.0615576 0.131982 0.179452 0.627483
0.837503 0.834806 0.344148 0.910179 0.336325 0.935444 0.866104 0.978593 0.243982 0.699552 0.840757 0.84536 0.883694 0.962126 0.545562 0.883298 0.881638 0.981155 0.662071 0.969611 0.919147 0.75591 0.871241 0.930058 0.853602 0.884749 0.978142 0.26119 0.981144 0.882753 0.970381 0.970422 0.759698 0.292585 0.770431 0.740522 0.969696 0.600011 0.683964 0.910499 0.825523 0.645386 0.715051 0.836155 0.992851 0.74724 0.388822 0.924272 0.859245 0.229479 0.0992184 0.0181981 0.243044 0.256781 0.0142135 0.192282 0.042527 0.11922 0.156677 0.275947 0.609973 0.529913 0.615303 0.00610261 0.896692 0.0610894 0.1085 0.276927 0.555645 0.0952429 0.164317 0.929343 0.806013 0.319039 0.14779 0.0788593 0.293711 0.091401 0.00609497 0.0406855 0.022316 0.0934628 0.0261403 0.086184 0.242558 0.0273205 0.314466 0.101922 0.0183662 0.337212 0.0192042 0.0771152 0.434767 0.155816 0.0713637 0.0628345 0.0608582 0.131017 0.179491 0.627465
0.838541 0.835546 0.346792 0.910967 0.335803 0.935771 0.866729 0.978728 0.243833 0.700904 0.84189 0.845866 0.88359 0.962386 0.5454 0.883522 0.882027 0.981241 0.663536 0.969918 0.920066 0.75634 0.872689 0.930809 0.854951 0.885894 0.978253 0.260109 0.981232 0.882933 0.970462 0.970506 0.760853 0.291546 0.773055 0.740704 0.970003 0.600089 0.687206 0.911282 0.825441 0.646139 0.715536 0.836421 0.992929 0.750033 0.389384 0.924324 0.86079 0.227558 0.0986098 0.0179573 0.241547 0.255485 0.0140836 0.192223 0.0425792 0.118634 0.154387 0.27522 0.610803 0.528727 0.616423 0.00603288 0.89749 0.0604016 0.108276 0.276634 0.554963 0.0941122 0.164878 0.929527 0.808022 0.31864 0.148535 0.0781171 0.292801 0.0906445 0.00602523 0.0399739 0.0222084 0.0932775 0.0258701 0.0860422 0.24103 0.0272382 0.311795 0.100849 0.0182436 0.33908 0.0190033 0.0759631 0.434404 0.153514 0.0706081 0.0620163 0.0601651 0.130057 0.179535 0.627457
0.839583 0.836261 0.349452 0.911733 0.335297 0.936108 0.86735 0.978859 0.243648 0.702216 0.843005 0.846355 0.883481 0.96263 0.545223 0.883737 0.882428 0.981325 0.665032 0.970222 0.920991 0.756751 0.874114 0.931554 0.856259 0.887046 0.97836 0.259031 0.981316 0.883113 0.970541 0.970581 0.762026 0.290449 0.775697 0.740852 0.970309 0.600155 0.690421 0.912051 0.825357 0.646815 0.716038 0.836705 0.993005 0.752802 0.389958 0.92438 0.862307 0.225624 0.0980073 0.0177251 0.239992 0.254157 0.0139584 0.192194 0.0426328 0.118036 0.15209 0.274463 0.611583 0.527487 0.617559 0.00596514 0.898299 0.0597171 0.108065 0.276342 0.554307 0.0930029 0.165469 0.929716 0.810007 0.318265 0.149281 0.0773898 0.291855 0.0898833 0.00595662 0.03928 0.0221039 0.0930723 0.0256005 0.085912 0.239487 0.0271611 0.30913 0.0997762 0.018124 0.340959 0.0188013 0.0748268 0.433998 0.151238 0.0698423 0.0611971 0.0594834 0.129114 0.179605 0.627469
0.840621 0.836975 0.352131 0.912504 0.334773 0.93644 0.867955 0.978986 0.243506 0.703557 0.844144 0.846843 0.883338 0.962877 0.545058 0.883935 0.882804 0.98141 0.666517 0.97052 0.921895 0.757132 0.875546 0.932297 0.857576 0.888194 0.978462 0.257919 0.981403 0.883285 0.970619 0.970652 0.763184 0.289402 0.778321 0.740961 0.970609 0.600202 0.69365 0.912816 0.825258 0.647544 0.716533 0.836996 0.993081 0.75559 0.390553 0.924426 0.863837 0.22367 0.0974169 0.0174954 0.238444 0.252814 0.0138341 0.192109 0.0426926 0.117434 0.14984 0.273722 0.61238 0.526252 0.618719 0.00589885 0.899097 0.0590357 0.107869 0.27603 0.553662 0.0918965 0.166071 0.929888 0.811958 0.317894 0.150044 0.0766744 0.290932 0.0891442 0.00588897 0.0385983 0.022001 0.0928635 0.0253311 0.085787 0.237927 0.0270906 0.306436 0.0987127 0.0180068 0.342895 0.0186053 0.0736882 0.433627 0.148971 0.0690954 0.0603947 0.0588075 0.128192 0.179673 0.627437
0.841675 0.837706 0.354884 0.913261 0.334305 0.936773 0.868576 0.979111 0.243388 0.704915 0.845259 0.84731 0.883184 0.963127 0.544882 0.884146 0.883186 0.981494 0.667976 0.970815 0.922784 0.757527 0.876947 0.933032 0.858882 0.889313 0.978564 0.256835 0.981485 0.883467 0.970687 0.970725 0.764329 0.288308 0.780939 0.741136 0.970902 0.600292 0.696878 0.913573 0.825172 0.648273 0.717017 0.837248 0.993156 0.758343 0.391132 0.924466 0.865345 0.221741 0.0968209 0.0172651 0.236914 0.25149 0.0137126 0.192086 0.0427603 0.11684 0.147577 0.273004 0.613201 0.525 0.619873 0.00583264 0.899882 0.0583641 0.107677 0.275754 0.553024 0.0907786 0.166685 0.930061 0.813912 0.317529 0.150825 0.075976 0.290014 0.088425 0.00582253 0.0379221 0.0219035 0.0926777 0.0250673 0.0856487 0.236374 0.0270217 0.303747 0.0976634 0.0178944 0.344841 0.0184098 0.072562 0.433243 0.146748 0.0683394 0.0596026 0.05813 0.127245 0.179776 0.627375
0.842716 0.838417 0.357693 0.91401 0.333801 0.937093 0.869182 0.979234 0.243223 0.706284 0.846349 0.847791 0.883038 0.963376 0.54474 0.884331 0.883547 0.981573 0.669454 0.971098 0.923676 0.757911 0.878369 0.933759 0.860171 0.890439 0.978663 0.25576 0.981566 0.883655 0.970757 0.970796 0.765503 0.287227 0.783584 0.74128 0.97119 0.600332 0.700098 0.914329 0.825062 0.648989 0.717504 0.837496 0.993229 0.761129 0.391736 0.924493 0.866839 0.219782 0.0962456 0.0170402 0.235384 0.250134 0.013593 0.192032 0.0428248 0.116253 0.145359 0.272266 0.614024 0.523702 0.621013 0.00576816 0.900687 0.0577096 0.107496 0.275473 0.552366 0.0896869 0.167298 0.930231 0.815905 0.317191 0.151617 0.0752787 0.289135 0.0876898 0.00575775 0.0372612 0.0218092 0.092498 0.0248082 0.0855375 0.234857 0.0269576 0.301067 0.0966177 0.0177846 0.34681 0.0182232 0.0714528 0.432883 0.144542 0.0675999 0.0588212 0.0574689 0.126315 0.179861 0.627338
0.843741 0.839121 0.360535 0.914759 0.333296 0.937417 0.869784 0.979358 0.243069 0.707645 0.847473 0.848243 0.882875 0.963615 0.544566 0.884524 0.883913 0.98165 0.670966 0.97138 0.924551 0.758291 0.879792 0.934478 0.861452 0.891546 0.978758 0.254689 0.981643 0.88381 0.970821 0.97086 0.766649 0.286155 0.786176 0.741417 0.971477 0.600374 0.703299 0.915079 0.824965 0.649726 0.718014 0.837731 0.993301 0.763917 0.392281 0.924506 0.868306 0.217865 0.095685 0.0168193 0.233882 0.248802 0.0134767 0.192029 0.0429058 0.115678 0.143131 0.271556 0.614858 0.522454 0.622165 0.00570398 0.901466 0.0570604 0.107299 0.275204 0.551685 0.0885911 0.167938 0.930391 0.817861 0.316838 0.152403 0.0745863 0.288227 0.0869508 0.00569324 0.0366027 0.0217145 0.0923084 0.024557 0.0854321 0.233351 0.0268923 0.298337 0.095582 0.017675 0.348824 0.0180361 0.070358 0.432479 0.142354 0.0668791 0.0580484 0.0568175 0.125392 0.179967 0.62729
0.84475 0.839825 0.363405 0.915493 0.332767 0.93773 0.870393 0.979477 0.242931 0.709022 0.848575 0.848705 0.882685 0.96386 0.544356 0.884711 0.884266 0.981726 0.672509 0.971662 0.925423 0.758655 0.881199 0.935181 0.862748 0.89265 0.978847 0.253605 0.981717 0.883961 0.970883 0.970924 0.767797 0.285058 0.788791 0.741547 0.971757 0.6004 0.706507 0.915816 0.824848 0.650457 0.718506 0.838007 0.993372 0.76669 0.392894 0.924522 0.869778 0.215943 0.0951016 0.0166026 0.23234 0.247441 0.0133644 0.192041 0.0429877 0.115119 0.140934 0.270825 0.615665 0.521149 0.623309 0.00564218 0.902234 0.0564166 0.107132 0.274936 0.551004 0.0875107 0.168597 0.930545 0.819815 0.316498 0.153228 0.0738939 0.287316 0.08623 0.00563195 0.0359548 0.0216225 0.0921365 0.0243079 0.0853276 0.23183 0.0268367 0.295657 0.0945391 0.0175683 0.350844 0.0178501 0.0692915 0.432113 0.140153 0.0661545 0.0572759 0.05618 0.124475 0.180047 0.62721
0.845776 0.840504 0.36629 0.916228 0.332249 0.938045 0.870977 0.979594 0.242781 0.710346 0.849681 0.849139 0.882495 0.964094 0.544219 0.884865 0.884617 0.981798 0.67406 0.97194 0.926273 0.759001 0.88258 0.935884 0.864007 0.893753 0.978936 0.252556 0.981789 0.8841 0.970943 0.970983 0.768968 0.283981 0.791396 0.741667 0.972032 0.600454 0.7097 0.916549 0.824722 0.65117 0.718989 0.83827 0.993442 0.769458 0.393503 0.924517 0.871258 0.214026 0.094545 0.016387 0.230803 0.246105 0.0132516 0.192045 0.0430746 0.114541 0.138769 0.270145 0.616482 0.519821 0.624524 0.00558186 0.902994 0.0557821 0.10697 0.274641 0.55035 0.086449 0.16929 0.930703 0.821744 0.316119 0.154075 0.0731981 0.286398 0.0855083 0.00557064 0.0353215 0.0215343 0.0919561 0.0240632 0.0852166 0.230332 0.0267802 0.29298 0.0935239 0.0174618 0.352863 0.0176656 0.0682228 0.431698 0.137995 0.065439 0.0565187 0.0555436 0.123571 0.180169 0.627157
0.846804 0.841198 0.369216 0.916962 0.331756 0.938341 0.871559 0.979711 0.24267 0.711724 0.850789 0.849582 0.88231 0.964325 0.544044 0.88501 0.884946 0.981869 0.675568 0.972215 0.927127 0.759348 0.883952 0.936577 0.86525 0.894853 0.979025 0.251472 0.981864 0.884223 0.971 0.971042 0.770161 0.282885 0.793985 0.741775 0.972302 0.600539 0.712913 0.917279 0.824561 0.65191 0.719447 0.838517 0.99351 0.772231 0.394067 0.924505 0.872698 0.212106 0.0939856 0.0161758 0.229295 0.244786 0.0131406 0.192074 0.0431685 0.113975 0.136624 0.269464 0.617312 0.518523 0.625693 0.00552112 0.903751 0.0551566 0.106801 0.27441 0.549593 0.0854012 0.169983 0.930848 0.823674 0.315757 0.154949 0.0725111 0.285539 0.0847832 0.00551188 0.0346872 0.0214458 0.0917937 0.023817 0.0851308 0.228783 0.026729 0.290243 0.0925191 0.0173586 0.354949 0.0174852 0.0671694 0.431316 0.13584 0.0647316 0.055766 0.054923 0.122661 0.180287 0.627073
0.847833 0.841886 0.372171 0.91769 0.331249 0.938637 0.872129 0.979823 0.242531 0.71308 0.851883 0.849995 0.882116 0.964563 0.543898 0.885175 0.88527 0.981939 0.677071 0.972486 0.927967 0.75965 0.885321 0.937261 0.866479 0.895953 0.979109 0.250431 0.981934 0.884367 0.971051 0.971092 0.771309 0.281788 0.79657 0.741876 0.97257 0.600607 0.71615 0.918012 0.824398 0.652637 0.719913 0.838781 0.993577 0.77499 0.394661 0.924502 0.874153 0.210174 0.0934392 0.0159683 0.22773 0.243454 0.0130296 0.1921 0.0432699 0.113401 0.134496 0.268781 0.618122 0.517192 0.626856 0.0054624 0.904513 0.0545315 0.106639 0.274128 0.548869 0.0843533 0.1707 0.930987 0.825605 0.315433 0.15582 0.0718488 0.284609 0.0840737 0.00545391 0.0340671 0.0213612 0.0916306 0.0235768 0.0850433 0.227232 0.0266728 0.28753 0.0915059 0.0172554 0.357055 0.0173074 0.0661185 0.430923 0.133719 0.0640369 0.0550269 0.0543198 0.121771 0.18042 0.627016
0.848831 0.842574 0.375208 0.918413 0.330725 0.938939 0.872722 0.979932 0.242417 0.714453 0.852979 0.850416 0.881905 0.964781 0.543716 0.885311 0.885623 0.982003 0.678582 0.972744 0.928811 0.760023 0.886678 0.937943 0.867704 0.897034 0.979188 0.249366 0.981998 0.884533 0.971103 0.971143 0.772462 0.280711 0.799113 0.741963 0.972833 0.600681 0.719325 0.918708 0.824228 0.653369 0.720375 0.839003 0.993643 0.777708 0.395273 0.924496 0.875608 0.208258 0.0928945 0.0157633 0.22616 0.242123 0.0129214 0.192172 0.0433753 0.112846 0.132391 0.268066 0.618942 0.515892 0.628054 0.00540444 0.905259 0.053922 0.10648 0.273878 0.548175 0.0833028 0.171415 0.931118 0.827536 0.315038 0.156688 0.0711831 0.283749 0.083376 0.00539701 0.0334659 0.0212774 0.0914738 0.0233374 0.0849559 0.225701 0.0266238 0.284855 0.0905145 0.0171547 0.359222 0.0171324 0.0650923 0.430583 0.131626 0.0633482 0.0542914 0.0537085 0.120887 0.180576 0.626927
0.849841 0.843254 0.378256 0.91912 0.330189 0.939239 0.873307 0.98004 0.242312 0.7158 0.854063 0.850818 0.881667 0.964997 0.5436 0.885483 0.885935 0.98207 0.68015 0.973006 0.929644 0.760336 0.888006 0.938611 0.868911 0.8981 0.979271 0.248302 0.982065 0.884677 0.971151 0.971189 0.773614 0.279617 0.801666 0.742049 0.973095 0.600765 0.722472 0.919429 0.82408 0.654108 0.72084 0.839237 0.993707 0.780458 0.39595 0.924458 0.877032 0.20636 0.0923632 0.0155619 0.224605 0.240754 0.0128158 0.192222 0.0434798 0.112289 0.130276 0.267406 0.619762 0.514567 0.629219 0.00534772 0.906005 0.053304 0.106325 0.273641 0.547412 0.0822763 0.172117 0.931247 0.829448 0.31467 0.157593 0.0705155 0.282884 0.0826912 0.00534108 0.0328649 0.0211946 0.0913333 0.0231082 0.0848737 0.224155 0.0265736 0.282161 0.0895337 0.0170562 0.361406 0.0169598 0.0640789 0.430167 0.129536 0.0626618 0.0535627 0.0531037 0.120019 0.180724 0.626857
0.850842 0.84391 0.381345 0.91982 0.329677 0.939545 0.873861 0.980146 0.242201 0.717155 0.855137 0.851225 0.881449 0.965202 0.543423 0.885604 0.886262 0.982132 0.681669 0.973267 0.930462 0.760638 0.889347 0.939269 0.870124 0.899157 0.979349 0.247262 0.98213 0.884801 0.971194 0.971238 0.774785 0.27853 0.80421 0.742118 0.973351 0.600805 0.725688 0.920133 0.82389 0.654854 0.721342 0.839459 0.993771 0.783207 0.396586 0.924431 0.878446 0.204465 0.0918231 0.0153654 0.223049 0.239402 0.0127128 0.192259 0.0435895 0.111763 0.128215 0.266717 0.62062 0.513221 0.630368 0.00529185 0.906752 0.0527122 0.106163 0.273432 0.546626 0.081257 0.172862 0.931372 0.831386 0.314363 0.158508 0.0698669 0.282029 0.0819964 0.00528632 0.0322776 0.0211165 0.0912012 0.0228783 0.0847839 0.222619 0.0265261 0.279477 0.0885438 0.0169606 0.36364 0.0167892 0.063082 0.429741 0.127459 0.0619861 0.0528483 0.0525046 0.119153 0.180935 0.626795
0.851823 0.84457 0.384467 0.920528 0.329163 0.939825 0.874419 0.980251 0.242082 0.718477 0.856223 0.851604 0.8812 0.965412 0.543294 0.885738 0.886576 0.982192 0.683211 0.973523 0.931269 0.760941 0.890667 0.939925 0.87134 0.900209 0.97942 0.246207 0.982191 0.884934 0.971239 0.971277 0.775945 0.277416 0.806736 0.742203 0.973605 0.600909 0.728866 0.920838 0.823702 0.65562 0.721808 0.839695 0.993833 0.785924 0.397235 0.924394 0.879832 0.202569 0.0912997 0.0151709 0.221488 0.238051 0.0126092 0.192337 0.0437098 0.111236 0.126176 0.266023 0.621412 0.511826 0.631538 0.00523692 0.907487 0.0521213 0.106031 0.273178 0.545855 0.0802566 0.173591 0.931491 0.833304 0.314063 0.159455 0.0692336 0.281173 0.0813148 0.00523166 0.0316955 0.0210414 0.0910402 0.0226535 0.0847107 0.221088 0.0264845 0.276803 0.0875631 0.0168684 0.365894 0.0166199 0.0620929 0.42928 0.125424 0.061308 0.0521413 0.0519179 0.118268 0.181112 0.626714
0.85281 0.845216 0.387626 0.921227 0.328644 0.940105 0.874986 0.980351 0.241974 0.719809 0.857307 0.851957 0.880926 0.965624 0.543139 0.885855 0.88688 0.982251 0.684772 0.973777 0.932076 0.761226 0.89198 0.940573 0.872544 0.90126 0.979494 0.245142 0.98225 0.885064 0.971277 0.971318 0.777101 0.276351 0.809242 0.742319 0.973853 0.600934 0.732018 0.921533 0.823517 0.656404 0.722265 0.839919 0.993894 0.788626 0.397872 0.924346 0.881222 0.200688 0.0907668 0.014978 0.219937 0.236717 0.0125091 0.192407 0.0438361 0.110708 0.124141 0.26533 0.622252 0.510475 0.632713 0.00518304 0.90821 0.0515308 0.105915 0.272907 0.545108 0.0792632 0.174352 0.931611 0.835216 0.313736 0.16042 0.0686016 0.280298 0.0806403 0.00517722 0.0311304 0.0209695 0.0909079 0.0224313 0.0846498 0.219536 0.0264438 0.274102 0.0865994 0.0167753 0.368177 0.0164519 0.0611233 0.428849 0.123399 0.0606439 0.0514515 0.0513305 0.117399 0.181294 0.626616
0.853818 0.845871 0.39085 0.921924 0.328128 0.940388 0.875524 0.980446 0.241909 0.721125 0.85839 0.852321 0.880665 0.965832 0.543021 0.885996 0.887187 0.982309 0.686329 0.974023 0.932872 0.761502 0.893283 0.941209 0.873729 0.902285 0.979564 0.244075 0.98231 0.885188 0.971317 0.971353 0.778272 0.275239 0.811731 0.742415 0.974098 0.600998 0.735169 0.922223 0.823337 0.657142 0.722745 0.840129 0.993954 0.791311 0.398542 0.924302 0.882601 0.198808 0.090256 0.0147902 0.218388 0.235372 0.0124106 0.192492 0.0439697 0.11017 0.122137 0.264646 0.62307 0.509062 0.633983 0.0051315 0.908942 0.0509545 0.105776 0.27265 0.544365 0.0782682 0.175123 0.931725 0.83709 0.313436 0.161416 0.0679729 0.279444 0.0799631 0.00512483 0.0305635 0.0209 0.0907802 0.022214 0.0845806 0.217998 0.0264055 0.271423 0.0856489 0.0166831 0.370419 0.0162911 0.0601641 0.428439 0.121399 0.0599983 0.0507557 0.0507496 0.116524 0.1815 0.626486
0.854814 0.846504 0.394026 0.922612 0.327609 0.940666 0.876052 0.980542 0.241799 0.722466 0.859465 0.852681 0.880405 0.966038 0.542886 0.886105 0.887504 0.982365 0.687875 0.974262 0.93366 0.761827 0.894578 0.941835 0.874907 0.903321 0.97963 0.243036 0.98237 0.885314 0.971351 0.971386 0.77946 0.274173 0.814215 0.742483 0.974341 0.601051 0.73832 0.922904 0.823125 0.65787 0.723228 0.840381 0.994013 0.794 0.3992 0.924261 0.883963 0.196904 0.0897482 0.0146023 0.216878 0.23404 0.0123128 0.192611 0.0440944 0.109639 0.120142 0.263955 0.623881 0.507677 0.635186 0.00508032 0.909662 0.0503716 0.105665 0.272409 0.543583 0.0772846 0.175906 0.931831 0.83896 0.313114 0.162426 0.0673518 0.278557 0.0792932 0.00507322 0.0300113 0.0208343 0.0906531 0.0220017 0.0845096 0.216478 0.0263731 0.268714 0.0846928 0.0165975 0.372732 0.0161287 0.0592159 0.42803 0.119414 0.0593365 0.0500706 0.050175 0.115654 0.181716 0.626396
0.8558 0.847141 0.397299 0.923294 0.327142 0.940944 0.876598 0.980637 0.241727 0.723816 0.860532 0.853056 0.880111 0.966233 0.542764 0.886214 0.887804 0.982417 0.689414 0.974499 0.934437 0.762118 0.895851 0.942463 0.876059 0.904343 0.979694 0.241997 0.982424 0.885445 0.971384 0.971417 0.780646 0.273064 0.816671 0.74255 0.974579 0.601117 0.741473 0.923572 0.822923 0.658606 0.723674 0.840614 0.994071 0.796658 0.399913 0.924193 0.885315 0.195036 0.0892336 0.014415 0.215352 0.232725 0.0122158 0.192723 0.0442363 0.109122 0.118165 0.263269 0.624728 0.506269 0.636404 0.00503045 0.910383 0.049818 0.105563 0.272153 0.5428 0.0763138 0.176694 0.931933 0.840811 0.312789 0.163452 0.0667386 0.277737 0.0786243 0.00502252 0.0294696 0.0207692 0.0905344 0.0217884 0.0844497 0.214906 0.0263399 0.266029 0.0837488 0.0165105 0.375054 0.0159682 0.0582842 0.427602 0.117446 0.0586924 0.0493979 0.0496131 0.114775 0.181943 0.626254
0.856767 0.847785 0.400629 0.923961 0.326681 0.941211 0.877138 0.980732 0.241681 0.725168 0.86156 0.853421 0.87982 0.966426 0.542614 0.886322 0.888098 0.982468 0.69094 0.974732 0.935197 0.76235 0.897114 0.943082 0.877209 0.905356 0.979753 0.240963 0.982476 0.885531 0.971417 0.971445 0.78183 0.271971 0.819124 0.74259 0.974815 0.601138 0.744604 0.924245 0.822733 0.659373 0.724119 0.840838 0.994128 0.79934 0.400586 0.924139 0.886658 0.193165 0.0887335 0.0142354 0.213813 0.231387 0.0121224 0.192848 0.0443772 0.108601 0.116215 0.262596 0.625564 0.504913 0.637625 0.00498032 0.911092 0.0492573 0.105452 0.271951 0.542015 0.0753432 0.177496 0.932028 0.842644 0.312475 0.164455 0.0661336 0.276935 0.0779639 0.00497267 0.0289354 0.0207054 0.0904166 0.0215806 0.084389 0.213362 0.0263094 0.263352 0.0828197 0.0164274 0.377444 0.0158128 0.0573574 0.42723 0.115513 0.058053 0.0487397 0.04905 0.11392 0.182167 0.626113
0.857761 0.84842 0.404026 0.924635 0.326231 0.941475 0.87767 0.980822 0.241615 0.726491 0.862633 0.853767 0.87951 0.966626 0.54251 0.886407 0.888389 0.982518 0.692506 0.974965 0.93596 0.762628 0.898379 0.943704 0.878346 0.906352 0.979811 0.239975 0.982528 0.885642 0.971442 0.971474 0.783016 0.270876 0.821546 0.742681 0.975045 0.601193 0.747726 0.924906 0.822505 0.660143 0.724558 0.841066 0.994184 0.801992 0.401297 0.924073 0.887992 0.191298 0.0882468 0.0140544 0.212294 0.230026 0.0120291 0.193029 0.0445197 0.108095 0.114303 0.261942 0.626387 0.503459 0.638868 0.00493156 0.911788 0.0487091 0.105359 0.271749 0.541191 0.0743869 0.17833 0.932119 0.844452 0.312224 0.165504 0.0655348 0.276116 0.0773108 0.00492415 0.0284102 0.0206404 0.0903099 0.0213753 0.084346 0.21182 0.0262824 0.260695 0.0818842 0.0163448 0.379818 0.0156578 0.0564419 0.426824 0.113592 0.0574199 0.0480779 0.0485069 0.113063 0.182387 0.626013
0.858738 0.849032 0.407382 0.925283 0.325727 0.941743 0.878199 0.980914 0.241547 0.727855 0.863677 0.854105 0.879194 0.966822 0.542371 0.886498 0.888668 0.982566 0.694036 0.975198 0.936712 0.762878 0.899632 0.944311 0.87948 0.907354 0.979867 0.238947 0.982577 0.885751 0.971469 0.971499 0.784195 0.269835 0.823964 0.742781 0.975276 0.601255 0.75083 0.925563 0.82226 0.660931 0.724976 0.841295 0.994238 0.804636 0.402016 0.923996 0.889311 0.189439 0.0877592 0.0138762 0.210792 0.228713 0.0119389 0.19319 0.0446812 0.107606 0.112405 0.261296 0.627145 0.502014 0.640093 0.00488373 0.912479 0.0481637 0.105257 0.271551 0.54037 0.0734415 0.179187 0.932204 0.846279 0.311901 0.166567 0.0649319 0.275297 0.0766706 0.00487669 0.0278918 0.0205782 0.0902096 0.0211698 0.084294 0.210313 0.0262512 0.258053 0.0809735 0.0162624 0.382226 0.0155048 0.0555301 0.426401 0.111701 0.0567877 0.0474314 0.0479656 0.11223 0.182618 0.625829
0.859702 0.849654 0.410789 0.925927 0.325218 0.942011 0.878735 0.981 0.241482 0.729183 0.864715 0.854439 0.878867 0.967008 0.542246 0.886589 0.888967 0.982613 0.695615 0.975425 0.937466 0.763092 0.900878 0.944909 0.880589 0.908346 0.979924 0.237938 0.982625 0.885849 0.97149 0.971524 0.785389 0.268782 0.826358 0.742839 0.9755 0.601289 0.753937 0.926217 0.822027 0.661737 0.725401 0.841501 0.994291 0.807238 0.402725 0.923913 0.890609 0.187577 0.0872816 0.0137016 0.209276 0.227373 0.0118508 0.193365 0.0448402 0.107112 0.110531 0.260646 0.62794 0.500556 0.641354 0.00483633 0.913171 0.0476255 0.105177 0.271315 0.539548 0.0725096 0.180043 0.932302 0.848103 0.311592 0.167639 0.0643415 0.274489 0.0760301 0.00483047 0.0273856 0.0205235 0.0901077 0.0209709 0.0842496 0.20876 0.0262255 0.255376 0.0800599 0.0161801 0.384692 0.0153563 0.0546443 0.42605 0.109826 0.0561694 0.046791 0.0474253 0.111393 0.18287 0.625716
0.860674 0.85026 0.414197 0.926568 0.324719 0.942267 0.87927 0.981086 0.241423 0.730499 0.865772 0.854763 0.878547 0.967195 0.542084 0.886675 0.889254 0.982659 0.697181 0.975649 0.938199 0.763331 0.902101 0.945498 0.881711 0.909332 0.97998 0.23689 0.982671 0.885947 0.971509 0.971544 0.786544 0.267688 0.828735 0.742896 0.975721 0.601302 0.757039 0.926874 0.821763 0.662491 0.725848 0.841688 0.994344 0.809833 0.403404 0.923839 0.891892 0.185743 0.0868096 0.0135297 0.207785 0.226043 0.0117633 0.193539 0.0450044 0.106608 0.108677 0.260008 0.628706 0.499063 0.642649 0.00479056 0.913855 0.0470925 0.105106 0.27108 0.538716 0.071571 0.180936 0.932371 0.849931 0.3113 0.168726 0.0637524 0.27367 0.0754029 0.00478497 0.0268791 0.0204673 0.0900241 0.0207737 0.0842093 0.207237 0.0262007 0.252737 0.0791541 0.0161017 0.387133 0.0152089 0.0537752 0.42566 0.107987 0.0555533 0.0461637 0.0468867 0.110558 0.183134 0.625567
0.861653 0.850863 0.417617 0.927213 0.324232 0.942535 0.879785 0.981171 0.241362 0.73184 0.866805 0.855083 0.878201 0.967379 0.541972 0.886748 0.889525 0.982704 0.698735 0.975868 0.938928 0.763564 0.90332 0.946082 0.882815 0.910315 0.980034 0.23589 0.982719 0.88604 0.971526 0.971564 0.787717 0.266618 0.831109 0.74294 0.975939 0.601363 0.760081 0.927517 0.821488 0.663281 0.726277 0.841847 0.994396 0.812407 0.4041 0.923741 0.893167 0.183889 0.0863344 0.0133605 0.20624 0.224742 0.0116762 0.193743 0.0451762 0.106121 0.106836 0.259338 0.629493 0.497585 0.643902 0.00474585 0.914543 0.0465675 0.10504 0.270885 0.537933 0.0706441 0.181794 0.932428 0.85171 0.310988 0.169839 0.0631834 0.27284 0.0747788 0.00474028 0.026385 0.0204115 0.0899273 0.0205832 0.084168 0.205704 0.0261768 0.250097 0.078248 0.0160253 0.389655 0.0150608 0.0529106 0.425241 0.106167 0.0549496 0.0455374 0.0463719 0.10974 0.183416 0.625412
0.862641 0.851452 0.421124 0.927858 0.32375 0.942792 0.880297 0.981254 0.241326 0.733167 0.867847 0.855396 0.877845 0.967565 0.541865 0.886816 0.8898 0.982746 0.70032 0.976083 0.939642 0.763825 0.904521 0.946651 0.883909 0.911292 0.980086 0.234864 0.982764 0.886149 0.971542 0.97158 0.788884 0.265547 0.833459 0.742964 0.976153 0.601432 0.763121 0.928159 0.821237 0.664059 0.726701 0.84204 0.994448 0.814991 0.404793 0.923652 0.894446 0.182054 0.0858711 0.013193 0.204718 0.223389 0.0115924 0.193945 0.045349 0.105639 0.105027 0.258714 0.630306 0.496099 0.645137 0.00470088 0.915225 0.0460501 0.10497 0.270669 0.537096 0.069732 0.182699 0.932492 0.8535 0.310677 0.170955 0.0626008 0.272026 0.0741465 0.00469555 0.0258994 0.0203589 0.0898307 0.02039 0.0841332 0.204186 0.0261587 0.247455 0.0773503 0.0159516 0.392172 0.014915 0.0520607 0.424798 0.10438 0.0543466 0.0449179 0.045854 0.10893 0.183687 0.625241
0.863618 0.85206 0.424676 0.928485 0.323267 0.943042 0.880804 0.981335 0.241303 0.734475 0.868864 0.855704 0.877477 0.967743 0.541783 0.886878 0.890092 0.98279 0.701899 0.976298 0.940349 0.763992 0.905721 0.947219 0.884984 0.912243 0.980132 0.233875 0.982811 0.88622 0.97155 0.971597 0.790076 0.264457 0.835807 0.742975 0.976366 0.601463 0.766166 0.928782 0.820969 0.664851 0.727125 0.842261 0.994498 0.817543 0.405514 0.923549 0.895706 0.180237 0.0853896 0.0130296 0.203183 0.222046 0.0115089 0.194132 0.0455336 0.105149 0.103237 0.258036 0.631112 0.494559 0.64638 0.004657 0.915892 0.0455444 0.104903 0.270483 0.536226 0.0688194 0.183603 0.932544 0.855281 0.310372 0.172102 0.0620267 0.271213 0.0735318 0.00465169 0.0254251 0.0203095 0.089758 0.0201994 0.0840998 0.202687 0.0261472 0.244835 0.0764703 0.0158742 0.394688 0.0147725 0.0512226 0.424385 0.102594 0.0537498 0.0443044 0.0453419 0.108111 0.183967 0.62505
0.864565 0.852663 0.428226 0.929111 0.322809 0.943295 0.881305 0.981418 0.241273 0.735797 0.869894 0.856029 0.877093 0.967925 0.541681 0.886922 0.890348 0.982831 0.703486 0.976509 0.941046 0.764215 0.906913 0.947787 0.886057 0.913185 0.980177 0.232874 0.982848 0.886302 0.971564 0.971608 0.791237 0.263361 0.838114 0.743043 0.976572 0.601494 0.76917 0.929407 0.820686 0.665593 0.727532 0.842463 0.994548 0.820101 0.406232 0.923434 0.896947 0.17842 0.0849292 0.0128682 0.201637 0.220737 0.0114271 0.194356 0.0457208 0.104672 0.101478 0.257386 0.63188 0.49308 0.647657 0.00461341 0.916574 0.0450443 0.104852 0.270259 0.535368 0.0679281 0.184521 0.932596 0.857043 0.310067 0.173267 0.0614537 0.270425 0.0729198 0.00460936 0.0249561 0.0202567 0.0896747 0.0200101 0.08407 0.201164 0.0261331 0.24222 0.0755921 0.0158019 0.397284 0.0146311 0.0504004 0.423978 0.100847 0.0531676 0.0436971 0.0448431 0.107296 0.184251 0.624848
0.865526 0.853237 0.431822 0.929727 0.322293 0.943545 0.8818 0.981498 0.241204 0.737098 0.870896 0.85632 0.876707 0.9681 0.541547 0.886969 0.890617 0.982867 0.705069 0.976719 0.941739 0.764398 0.908079 0.948344 0.887114 0.914128 0.980219 0.231867 0.982888 0.886395 0.971571 0.971615 0.792411 0.262263 0.840393 0.743071 0.976782 0.601547 0.772156 0.930016 0.820404 0.666331 0.727964 0.842657 0.994597 0.822646 0.406988 0.92333 0.898174 0.17663 0.0844648 0.0127092 0.200112 0.219363 0.0113452 0.194612 0.0459095 0.10418 0.0997462 0.256743 0.632706 0.49155 0.648891 0.00457078 0.917232 0.0445585 0.104794 0.27007 0.534509 0.0670364 0.185464 0.932656 0.858802 0.309792 0.174421 0.0608933 0.269631 0.0723121 0.00456667 0.0244952 0.0202077 0.0895862 0.0198269 0.0840514 0.199614 0.0261228 0.239631 0.074727 0.0157305 0.399858 0.0144912 0.0495962 0.42356 0.0991176 0.0525859 0.0430963 0.0443434 0.106505 0.184576 0.624685
0.866485 0.853831 0.435476 0.930348 0.321802 0.943791 0.882278 0.981576 0.241138 0.738437 0.871914 0.856626 0.876298 0.968275 0.541392 0.887011 0.890882 0.982904 0.706629 0.976925 0.942426 0.764588 0.909252 0.948888 0.888153 0.915072 0.980261 0.230844 0.982925 0.886478 0.971575 0.97162 0.793589 0.261179 0.842674 0.743071 0.976989 0.601619 0.775153 0.930634 0.820124 0.667084 0.728379 0.842831 0.994645 0.825141 0.407736 0.923211 0.899409 0.174826 0.0840006 0.0125513 0.198612 0.218025 0.0112657 0.19483 0.0461058 0.103715 0.0980254 0.256099 0.633492 0.490032 0.650173 0.00452896 0.917889 0.0440614 0.104741 0.269866 0.53363 0.0661578 0.186375 0.932716 0.860555 0.30953 0.175592 0.0603331 0.26885 0.0717118 0.00452549 0.0240444 0.0201625 0.0895259 0.019646 0.0840237 0.198114 0.0261155 0.237026 0.0738811 0.0156573 0.40243 0.0143544 0.0488022 0.423144 0.0973965 0.052003 0.0425053 0.0438518 0.105706 0.184873 0.624486
0.867443 0.854408 0.439165 0.930949 0.321293 0.944035 0.882768 0.981654 0.241077 0.739753 0.872941 0.856902 0.875898 0.968448 0.541302 0.887045 0.891128 0.98294 0.708186 0.977121 0.943099 0.764793 0.910405 0.949424 0.889179 0.915997 0.980299 0.22986 0.982958 0.886547 0.971582 0.971628 0.794772 0.260079 0.844941 0.74309 0.977187 0.601698 0.778108 0.931247 0.819825 0.667867 0.728801 0.84303 0.994692 0.827636 0.40842 0.923084 0.900631 0.173036 0.0835599 0.0123978 0.197133 0.216693 0.0111857 0.195075 0.0463083 0.103247 0.0963344 0.255452 0.634263 0.488532 0.651456 0.00448739 0.918547 0.0435758 0.104711 0.269668 0.532794 0.0652926 0.187324 0.932761 0.862269 0.309287 0.17679 0.0597779 0.268082 0.0711099 0.0044845 0.023602 0.0201188 0.0894652 0.0194664 0.0840147 0.196608 0.0261098 0.234471 0.0730348 0.0155914 0.405033 0.0142203 0.0480099 0.422722 0.0957109 0.0514303 0.0419297 0.0433663 0.104907 0.185168 0.624277
0.86839 0.854965 0.442827 0.931551 0.320766 0.944288 0.883245 0.981729 0.241042 0.741072 0.873951 0.857192 0.875478 0.968619 0.541233 0.887069 0.891384 0.982976 0.709769 0.977319 0.94377 0.764976 0.911562 0.949963 0.890197 0.916926 0.980337 0.228915 0.982994 0.886632 0.971583 0.971627 0.795938 0.258976 0.847182 0.743098 0.977385 0.601769 0.781057 0.931855 0.819514 0.668625 0.729226 0.843222 0.994738 0.830117 0.409132 0.922939 0.901817 0.171266 0.083109 0.0122441 0.195598 0.215382 0.0111099 0.195337 0.0465143 0.102781 0.0946566 0.254777 0.63505 0.486982 0.652734 0.00444714 0.91919 0.0430912 0.104678 0.269462 0.531893 0.0644384 0.188288 0.932784 0.86396 0.309002 0.178028 0.0592287 0.267333 0.0705134 0.00444477 0.0231647 0.0200765 0.0893962 0.019289 0.0839949 0.195098 0.0261053 0.231906 0.0722003 0.015524 0.407669 0.0140896 0.0472295 0.422324 0.0940614 0.0508717 0.0413542 0.0428856 0.104116 0.185487 0.624092
0.869317 0.855547 0.446538 0.932156 0.320301 0.944543 0.883726 0.981799 0.241009 0.742411 0.874952 0.857459 0.87506 0.968784 0.541133 0.887086 0.891627 0.98301 0.711329 0.977516 0.944429 0.765163 0.912708 0.950498 0.891214 0.917838 0.980373 0.227908 0.983028 0.8867 0.971585 0.971621 0.797111 0.257898 0.849379 0.743127 0.977579 0.601835 0.783952 0.932451 0.819204 0.669425 0.729678 0.843392 0.994783 0.832575 0.40983 0.922807 0.903019 0.169512 0.0826865 0.0120951 0.194105 0.214045 0.0110344 0.195628 0.0467257 0.102326 0.0930097 0.254139 0.635804 0.485411 0.654011 0.00440831 0.91983 0.0426108 0.104637 0.269332 0.531027 0.0635889 0.189269 0.93283 0.865655 0.308707 0.179274 0.0586932 0.26655 0.0699276 0.00440523 0.022732 0.0200336 0.0893271 0.0191179 0.0839844 0.193606 0.0261052 0.229351 0.0713692 0.0154587 0.410315 0.0139574 0.0464658 0.421903 0.092418 0.0503147 0.0407936 0.0424121 0.103331 0.185821 0.623886
0.870277 0.856105 0.450299 0.932753 0.319809 0.944784 0.884196 0.981873 0.240979 0.74371 0.875966 0.85773 0.874608 0.968944 0.54104 0.887098 0.891881 0.983043 0.712857 0.97771 0.945089 0.765298 0.91384 0.951023 0.892225 0.918737 0.980408 0.226929 0.983057 0.886784 0.971581 0.971614 0.798253 0.256805 0.851586 0.743106 0.977768 0.601916 0.786837 0.933047 0.818893 0.670212 0.730127 0.843535 0.994828 0.835011 0.410588 0.922669 0.904183 0.167762 0.0822455 0.0119465 0.19258 0.212727 0.0109593 0.195897 0.0469494 0.101877 0.0913743 0.253525 0.636595 0.483899 0.655321 0.00436907 0.920455 0.0421404 0.1046 0.269138 0.530126 0.0627432 0.190279 0.932866 0.867368 0.308438 0.18053 0.0581496 0.265805 0.0693502 0.00436645 0.0223063 0.0199935 0.0892661 0.0189455 0.0839747 0.192118 0.0261107 0.226809 0.0705507 0.0153937 0.412964 0.0138288 0.0457123 0.421478 0.0907941 0.0497686 0.0402294 0.0419427 0.102547 0.18615 0.623645
0.87121 0.856654 0.454024 0.933337 0.3193 0.945032 0.884678 0.981945 0.240952 0.744991 0.876943 0.857995 0.874157 0.969107 0.540983 0.887108 0.892138 0.983076 0.714417 0.977905 0.94573 0.765452 0.914958 0.951541 0.893219 0.919632 0.980439 0.225945 0.983091 0.886846 0.971576 0.971606 0.799389 0.255761 0.853781 0.743117 0.977961 0.601965 0.789722 0.933633 0.818563 0.671006 0.730559 0.843696 0.994872 0.837438 0.411346 0.922519 0.905352 0.166008 0.0818071 0.011804 0.191091 0.211446 0.0108863 0.19617 0.0471617 0.101423 0.0897612 0.252898 0.637372 0.482348 0.656601 0.00433092 0.921083 0.0416768 0.104569 0.268957 0.529256 0.0618979 0.19129 0.932896 0.86904 0.308143 0.181809 0.0576143 0.265048 0.0687682 0.00432878 0.0218932 0.0199585 0.0892104 0.0187773 0.0839467 0.1906 0.0261123 0.224278 0.0697331 0.0153286 0.415708 0.0137008 0.0449687 0.42111 0.089209 0.0492186 0.0396827 0.041477 0.101769 0.186456 0.623437
0.872144 0.857216 0.457833 0.933918 0.318817 0.945263 0.885141 0.982014 0.240914 0.74628 0.877924 0.858257 0.873699 0.969268 0.540909 0.88712 0.892383 0.983105 0.71597 0.978097 0.946371 0.765584 0.91606 0.952061 0.894216 0.920518 0.980469 0.22495 0.983124 0.886906 0.97157 0.971601 0.800539 0.254687 0.855937 0.743078 0.978147 0.602061 0.79255 0.934205 0.818216 0.671786 0.731005 0.843841 0.994916 0.839826 0.412113 0.922377 0.9065 0.164262 0.0813842 0.0116601 0.189586 0.210133 0.0108148 0.196478 0.0473845 0.100967 0.0881774 0.252281 0.638125 0.480779 0.657866 0.00429361 0.921723 0.0412186 0.104551 0.268746 0.528354 0.0610731 0.192308 0.932937 0.870696 0.307877 0.183122 0.0570925 0.264315 0.0681888 0.00429171 0.0214852 0.019919 0.0891659 0.0186117 0.0839372 0.18911 0.0261204 0.221725 0.0689181 0.0152644 0.418449 0.0135728 0.0442475 0.420669 0.0876427 0.0486742 0.0391377 0.0410144 0.101 0.186821 0.623224
0.873088 0.857789 0.461673 0.934499 0.318354 0.945504 0.885607 0.982083 0.240901 0.747567 0.878876 0.858532 0.873212 0.969423 0.540844 0.887112 0.892612 0.983135 0.717536 0.978281 0.94701 0.765738 0.91715 0.952577 0.895192 0.921398 0.980495 0.223999 0.983151 0.886981 0.97156 0.971597 0.801678 0.253592 0.858086 0.743102 0.978331 0.602118 0.795345 0.934779 0.817887 0.672539 0.731432 0.844017 0.994957 0.842198 0.412838 0.922221 0.907627 0.162528 0.0809637 0.011519 0.188101 0.208828 0.0107443 0.19679 0.0476147 0.100519 0.0866147 0.251661 0.638892 0.479142 0.659164 0.00425608 0.922357 0.040762 0.104515 0.268582 0.527435 0.0602565 0.193333 0.932969 0.872349 0.307602 0.184433 0.0565622 0.26355 0.0676095 0.00425464 0.0210845 0.019883 0.0891071 0.0184475 0.0839401 0.187623 0.026129 0.219208 0.0681121 0.0152029 0.421218 0.0134469 0.0435218 0.420303 0.0860908 0.0481463 0.0385992 0.0405605 0.100234 0.18719 0.622988
0.874026 0.858324 0.465519 0.935078 0.317896 0.945738 0.886068 0.982149 0.240891 0.748875 0.879838 0.85879 0.872749 0.969574 0.540761 0.887101 0.892839 0.983162 0.719113 0.978462 0.947621 0.765891 0.918228 0.95308 0.896158 0.922267 0.980521 0.223037 0.983176 0.887049 0.971549 0.971586 0.802829 0.252524 0.860186 0.743099 0.978514 0.6022 0.798138 0.935345 0.817537 0.673258 0.731843 0.844186 0.994999 0.844548 0.413562 0.922053 0.908748 0.160834 0.0805488 0.0113815 0.186612 0.207512 0.0106744 0.197101 0.0478537 0.100077 0.0850857 0.251026 0.639671 0.477573 0.660481 0.00422058 0.922984 0.0403124 0.104518 0.268418 0.526462 0.0594542 0.194365 0.932992 0.873969 0.307348 0.185754 0.0560546 0.262788 0.067034 0.00421842 0.0206915 0.0198466 0.0890581 0.0182859 0.0839298 0.186141 0.0261376 0.216684 0.0673226 0.015144 0.423965 0.0133247 0.0428169 0.419923 0.0845559 0.0476225 0.0380674 0.0401234 0.0994801 0.187526 0.622747
0.874962 0.858869 0.469388 0.935646 0.317422 0.945973 0.886545 0.982212 0.240891 0.750201 0.880803 0.85904 0.872261 0.96973 0.540703 0.887092 0.893078 0.983189 0.720651 0.978643 0.948238 0.766025 0.919303 0.953578 0.89713 0.923137 0.980545 0.2221 0.983199 0.887128 0.971531 0.97157 0.804015 0.251444 0.862287 0.743091 0.97869 0.602279 0.800916 0.935909 0.817186 0.67404 0.732268 0.844323 0.99504 0.8469 0.414336 0.921883 0.909848 0.159124 0.0801259 0.0112474 0.185144 0.206202 0.0106047 0.197424 0.0480912 0.099649 0.0835754 0.250372 0.640417 0.475976 0.661767 0.00418517 0.923596 0.0398642 0.104517 0.26828 0.525556 0.0586543 0.195441 0.93302 0.875575 0.307134 0.187123 0.0555407 0.262026 0.0664704 0.00418308 0.0203072 0.0198108 0.0890053 0.0181263 0.0839196 0.184636 0.0261504 0.214192 0.0665372 0.0150842 0.426715 0.0132015 0.0421097 0.4195 0.083054 0.0471102 0.0375389 0.0396831 0.0987249 0.187889 0.622505
0.875884 0.859385 0.473307 0.936214 0.316964 0.946203 0.88698 0.982277 0.240866 0.751471 0.88175 0.859269 0.871762 0.96988 0.540671 0.887078 0.893332 0.983216 0.722211 0.978822 0.948848 0.766123 0.920366 0.95407 0.898087 0.924007 0.98057 0.221159 0.983225 0.887176 0.971518 0.971556 0.805194 0.250383 0.864358 0.743044 0.978865 0.60232 0.803691 0.936462 0.816849 0.674808 0.73268 0.844487 0.99508 0.849211 0.415105 0.92171 0.910938 0.157426 0.0797155 0.0111143 0.183646 0.204884 0.0105355 0.197756 0.0483332 0.0992148 0.0820807 0.249759 0.641208 0.474395 0.66308 0.00415033 0.924196 0.0394312 0.104524 0.26814 0.524658 0.0578612 0.196514 0.933034 0.877178 0.306845 0.1885 0.0550311 0.26126 0.0659252 0.00414766 0.0199262 0.0197796 0.0889685 0.0179689 0.0839311 0.183134 0.0261623 0.211721 0.0657654 0.015027 0.429556 0.0130805 0.0414188 0.419096 0.081564 0.0465839 0.0370218 0.0392571 0.0979812 0.188272 0.622285
0.876805 0.859905 0.477222 0.936772 0.316485 0.946427 0.887433 0.982342 0.240883 0.752747 0.882704 0.859504 0.87126 0.970028 0.540633 0.887068 0.893579 0.98324 0.723753 0.978997 0.949447 0.766211 0.921425 0.954559 0.899025 0.924871 0.980593 0.220176 0.98325 0.887246 0.971503 0.971537 0.806341 0.249298 0.8664 0.743067 0.979039 0.602356 0.806436 0.937021 0.816494 0.675569 0.733095 0.844646 0.99512 0.851501 0.415826 0.921529 0.912032 0.155727 0.0793011 0.0109827 0.182148 0.203555 0.0104692 0.198105 0.0485835 0.0987832 0.0806285 0.24914 0.641956 0.472719 0.664345 0.00411613 0.924812 0.039007 0.104538 0.26797 0.52375 0.0570857 0.197601 0.933063 0.878767 0.306583 0.18987 0.0545297 0.260518 0.0653643 0.00411228 0.0195515 0.0197541 0.0889117 0.0178134 0.0839311 0.18165 0.0261757 0.209235 0.0649901 0.0149703 0.43243 0.0129579 0.0407459 0.418689 0.0801086 0.0460778 0.0365163 0.0388296 0.0972361 0.188638 0.622047
0.877723 0.860411 0.481173 0.937331 0.315979 0.946661 0.887896 0.982403 0.240889 0.754021 0.883649 0.85972 0.870723 0.970177 0.540601 0.887023 0.893812 0.983265 0.725319 0.979174 0.950042 0.766316 0.922473 0.955036 0.89997 0.925709 0.980614 0.219236 0.98327 0.887297 0.971482 0.971522 0.807504 0.248233 0.868408 0.743005 0.979208 0.602423 0.809155 0.937571 0.816147 0.676334 0.733497 0.844779 0.995159 0.853783 0.416595 0.921348 0.913129 0.154055 0.0789147 0.010851 0.180666 0.202247 0.0104039 0.198471 0.0488368 0.0983514 0.0791713 0.248529 0.6427 0.471078 0.665616 0.00408268 0.925411 0.0385737 0.104553 0.267844 0.522805 0.0563212 0.198689 0.933063 0.880365 0.306345 0.191254 0.0540336 0.259798 0.0648178 0.00407828 0.0191872 0.0197233 0.0888669 0.0176636 0.0839358 0.180177 0.0261881 0.206801 0.0642316 0.0149164 0.435321 0.0128412 0.0400743 0.418259 0.0786788 0.0455734 0.0360104 0.0384052 0.0964865 0.188989 0.621753
0.878638 0.860949 0.485145 0.937873 0.315505 0.946897 0.88834 0.982464 0.240885 0.755312 0.884585 0.859953 0.870202 0.970318 0.540579 0.887008 0.894039 0.983283 0.72689 0.979344 0.950633 0.766406 0.923507 0.955509 0.900893 0.926547 0.980631 0.21832 0.983289 0.887348 0.971464 0.971501 0.808654 0.247177 0.870415 0.742964 0.97938 0.602563 0.811839 0.938112 0.815787 0.677098 0.733933 0.844916 0.995197 0.85605 0.417346 0.921159 0.914197 0.152385 0.078507 0.0107212 0.179216 0.200957 0.0103384 0.198829 0.0490914 0.0979164 0.077732 0.247927 0.643441 0.469445 0.666905 0.00404971 0.926022 0.0381579 0.104582 0.267692 0.521871 0.0555569 0.199816 0.93307 0.881902 0.306119 0.1927 0.0535442 0.259086 0.0642795 0.004045 0.0188299 0.0196964 0.0888166 0.0175153 0.0839361 0.178701 0.0262084 0.204381 0.0634751 0.0148613 0.438213 0.0127226 0.0394253 0.417873 0.0772683 0.0450729 0.0355164 0.0379886 0.0957522 0.189363 0.62146
0.879552 0.861465 0.489112 0.938405 0.315045 0.947124 0.888779 0.982524 0.240902 0.756607 0.885513 0.860157 0.869669 0.970459 0.540567 0.886967 0.894238 0.983303 0.728448 0.979515 0.951219 0.766461 0.924519 0.955972 0.901809 0.927376 0.980651 0.217371 0.983311 0.887402 0.97145 0.971479 0.809794 0.246091 0.872409 0.74296 0.979548 0.60261 0.814513 0.938655 0.815413 0.677868 0.734341 0.845077 0.995235 0.85827 0.418089 0.920963 0.91525 0.150723 0.0781136 0.0105931 0.177756 0.199679 0.0102745 0.199208 0.0493445 0.0974939 0.0763385 0.247346 0.644212 0.467803 0.668229 0.00401636 0.926623 0.0377448 0.10461 0.267521 0.520887 0.0548072 0.20094 0.933076 0.883465 0.305893 0.194139 0.0530518 0.258346 0.0637373 0.00401229 0.018477 0.0196663 0.0887756 0.0173675 0.0839595 0.177234 0.0262261 0.201968 0.0627442 0.0148081 0.441086 0.0126071 0.038773 0.417424 0.0758782 0.0445824 0.0350232 0.0375771 0.094996 0.189749 0.621176
0.880446 0.861986 0.4931 0.938953 0.314565 0.947342 0.889209 0.982585 0.240926 0.757877 0.886448 0.860365 0.869132 0.970598 0.540543 0.886931 0.894468 0.983321 0.729997 0.979681 0.951785 0.766556 0.925528 0.956427 0.902701 0.928191 0.980664 0.216439 0.983328 0.887468 0.971427 0.971457 0.81096 0.245046 0.874374 0.742922 0.979712 0.602731 0.817178 0.939186 0.815054 0.67863 0.734724 0.845249 0.995272 0.860474 0.41882 0.920763 0.916279 0.149083 0.0777186 0.0104675 0.176284 0.198368 0.0102129 0.19959 0.0496222 0.0970856 0.0749689 0.246757 0.644907 0.466137 0.669518 0.00398442 0.927213 0.037334 0.104643 0.26733 0.519922 0.054064 0.202061 0.933079 0.885002 0.305636 0.195614 0.0525692 0.257634 0.0632042 0.00397999 0.0181336 0.0196418 0.0887425 0.0172194 0.0839831 0.175745 0.0262459 0.199586 0.0620052 0.0147538 0.44398 0.0124942 0.0381425 0.417048 0.074507 0.0440974 0.0345385 0.0371671 0.0942719 0.190099 0.620871
0.88135 0.862512 0.497128 0.93948 0.314134 0.947571 0.889629 0.982643 0.240954 0.759137 0.887376 0.860554 0.868584 0.970738 0.540504 0.886873 0.894701 0.983339 0.731542 0.979847 0.952349 0.766654 0.926512 0.956889 0.903588 0.92901 0.980679 0.215478 0.983345 0.887528 0.971399 0.971432 0.812107 0.243928 0.876307 0.742896 0.979873 0.60285 0.819799 0.939718 0.814674 0.679413 0.735115 0.845399 0.995308 0.862658 0.419597 0.920557 0.917318 0.147471 0.0773184 0.0103428 0.174841 0.197074 0.0101505 0.199985 0.0498958 0.0966925 0.0736039 0.246156 0.645637 0.464506 0.670795 0.00395285 0.927801 0.0369336 0.104679 0.267188 0.518935 0.0533327 0.203216 0.933081 0.886533 0.305425 0.197067 0.0520921 0.256933 0.0626767 0.00394822 0.0177928 0.0196188 0.0887164 0.0170755 0.0840029 0.174293 0.0262674 0.197195 0.0612861 0.0147025 0.446937 0.0123793 0.0375124 0.416658 0.0731449 0.0436133 0.0340642 0.036765 0.0935401 0.190501 0.620551
0.882259 0.863006 0.501181 0.940011 0.313688 0.947795 0.890046 0.982701 0.240977 0.7604 0.888279 0.860775 0.868057 0.97088 0.540509 0.886815 0.894915 0.983353 0.733092 0.980007 0.95291 0.766734 0.9275 0.95734 0.904469 0.929812 0.980694 0.214543 0.983362 0.887569 0.971376 0.971402 0.813243 0.242868 0.878248 0.742857 0.980032 0.602943 0.822385 0.940235 0.814274 0.68024 0.735519 0.845545 0.995344 0.86482 0.420345 0.920344 0.918331 0.145858 0.0769312 0.0102219 0.173381 0.195756 0.0100893 0.20038 0.0501688 0.0962645 0.0722722 0.24556 0.646395 0.462835 0.672069 0.00392194 0.928386 0.0365358 0.10471 0.267031 0.517942 0.0526061 0.204357 0.93308 0.888043 0.305179 0.198572 0.0516228 0.256257 0.062163 0.00391732 0.0174565 0.0195995 0.0886861 0.0169338 0.0840165 0.172845 0.0262943 0.194836 0.0605647 0.0146488 0.449899 0.0122673 0.0369017 0.416205 0.0718129 0.0431443 0.0335997 0.0363717 0.0928167 0.190926 0.620249
0.883147 0.863499 0.505209 0.940538 0.313249 0.948013 0.890466 0.982755 0.241008 0.76168 0.889204 0.860966 0.867469 0.971021 0.540489 0.886757 0.895121 0.98337 0.734638 0.980167 0.953459 0.766788 0.928469 0.95778 0.905358 0.93062 0.980704 0.213599 0.983374 0.887631 0.971347 0.971369 0.814394 0.241772 0.880141 0.742826 0.980189 0.603009 0.82496 0.940753 0.813899 0.680992 0.735944 0.845692 0.995379 0.866953 0.421081 0.920118 0.919331 0.144235 0.0765336 0.0101025 0.171941 0.194461 0.0100296 0.200806 0.0504518 0.0958609 0.0709553 0.244958 0.647139 0.461137 0.67338 0.00389126 0.928958 0.0361497 0.104749 0.26688 0.516982 0.0518875 0.205516 0.933069 0.889545 0.30497 0.200083 0.0511556 0.255552 0.0616387 0.00388581 0.0171289 0.0195791 0.0886573 0.0167961 0.0840333 0.171371 0.0263161 0.192498 0.0598514 0.0146029 0.452895 0.0121584 0.0362965 0.415733 0.070503 0.0426749 0.033141 0.035977 0.0920948 0.19133 0.619934
0.884046 0.864006 0.509279 0.941051 0.312769 0.948231 0.890906 0.982813 0.241032 0.762928 0.890105 0.861149 0.866899 0.971154 0.540434 0.886683 0.895332 0.983387 0.736214 0.980323 0.954001 0.766878 0.929428 0.958217 0.906234 0.93141 0.98071 0.21269 0.98339 0.887679 0.971317 0.971333 0.815547 0.240702 0.88204 0.742777 0.980343 0.603071 0.827502 0.941261 0.813513 0.681805 0.736345 0.845852 0.995414 0.869098 0.421839 0.919898 0.920333 0.142625 0.0761517 0.00998389 0.170486 0.193164 0.00996958 0.201233 0.0507426 0.0954657 0.0696775 0.244389 0.647868 0.459478 0.67468 0.00386081 0.929539 0.0357552 0.104793 0.266718 0.516005 0.0511714 0.206736 0.933039 0.891047 0.304744 0.201598 0.0506901 0.254868 0.0611193 0.00385528 0.0168072 0.0195597 0.0886502 0.0166584 0.0840461 0.169929 0.026347 0.190152 0.059137 0.0145523 0.455836 0.0120495 0.0357007 0.415308 0.0692178 0.0422149 0.0326805 0.0355931 0.0913825 0.191724 0.619613
0.884937 0.864489 0.513393 0.941575 0.312317 0.948445 0.891344 0.982866 0.241073 0.764192 0.891011 0.86135 0.866299 0.971289 0.540392 0.886603 0.895545 0.983402 0.737787 0.980476 0.954536 0.766917 0.930364 0.958653 0.907097 0.9322 0.980719 0.21177 0.983406 0.887713 0.971288 0.971297 0.816671 0.239659 0.88389 0.742736 0.980498 0.603152 0.830039 0.941769 0.813123 0.682642 0.736747 0.846003 0.995448 0.87119 0.4226 0.919672 0.921324 0.141032 0.0757697 0.00986732 0.169044 0.191858 0.0099116 0.201678 0.0510378 0.0950582 0.0684005 0.243813 0.64857 0.457761 0.675992 0.00383067 0.930102 0.0353724 0.104847 0.266609 0.515048 0.0504702 0.207916 0.933028 0.892531 0.304518 0.203139 0.0502262 0.254182 0.0606109 0.00382539 0.0164933 0.0195404 0.0886248 0.0165211 0.0840574 0.168487 0.0263752 0.187832 0.0584307 0.014504 0.458854 0.0119407 0.0351139 0.414898 0.0679516 0.0417631 0.0322278 0.0352117 0.0906752 0.192119 0.619283
0.88582 0.864967 0.517463 0.942085 0.311865 0.948664 0.891747 0.98292 0.241099 0.76544 0.891906 0.86156 0.865697 0.97142 0.540405 0.88652 0.89576 0.983417 0.739324 0.980633 0.95507 0.766932 0.931316 0.959078 0.907938 0.932978 0.980726 0.210846 0.983415 0.88775 0.971254 0.971261 0.817777 0.238594 0.885718 0.742682 0.980651 0.60326 0.832521 0.942278 0.812745 0.683354 0.737144 0.846141 0.995481 0.873249 0.423354 0.919435 0.922289 0.139461 0.0753908 0.00975173 0.167599 0.190581 0.00985448 0.202121 0.0513358 0.0946736 0.0671541 0.243258 0.649298 0.456061 0.677295 0.00380143 0.930652 0.034998 0.104912 0.266495 0.514061 0.049772 0.209107 0.933003 0.893986 0.304306 0.204715 0.0497638 0.253511 0.0600955 0.00379609 0.0161798 0.0195235 0.0886083 0.016388 0.0840757 0.167051 0.0264093 0.185525 0.0577313 0.0144554 0.461885 0.0118357 0.0345351 0.414491 0.0667006 0.0413067 0.0317855 0.0348347 0.0899656 0.19257 0.61896
0.886715 0.865453 0.521587 0.942591 0.311394 0.948877 0.892169 0.982973 0.241123 0.766635 0.892805 0.861734 0.865083 0.971552 0.540423 0.886429 0.895965 0.983427 0.740865 0.980781 0.955597 0.766951 0.932248 0.95951 0.908778 0.933756 0.980733 0.209926 0.983432 0.88777 0.971212 0.971219 0.818914 0.237529 0.887528 0.742619 0.980801 0.603355 0.834978 0.942785 0.812333 0.684133 0.737515 0.846263 0.995514 0.875285 0.424106 0.919197 0.923249 0.137902 0.0750241 0.00963834 0.166167 0.189307 0.00979799 0.202564 0.0516402 0.0942857 0.0659244 0.242719 0.650014 0.454377 0.678592 0.00377218 0.931197 0.0346269 0.104975 0.266385 0.513082 0.0490886 0.21033 0.932969 0.895418 0.304084 0.206307 0.0493105 0.252847 0.0595838 0.00376733 0.0158773 0.0195116 0.0885886 0.016257 0.0840862 0.165612 0.0264392 0.183241 0.0570455 0.014407 0.464904 0.0117322 0.0339631 0.414082 0.0654729 0.0408584 0.0313461 0.034467 0.0892646 0.192994 0.618589
0.887593 0.865933 0.525705 0.94308 0.310942 0.949093 0.892582 0.983022 0.241162 0.767868 0.893687 0.861915 0.864466 0.971683 0.540435 0.886334 0.8962 0.983439 0.742391 0.980929 0.956113 0.766992 0.933157 0.959932 0.909606 0.934505 0.980738 0.208985 0.983445 0.887812 0.97117 0.971181 0.820042 0.236483 0.889325 0.74258 0.980948 0.60349 0.837422 0.943287 0.811907 0.684915 0.737931 0.846404 0.995547 0.87731 0.424816 0.918955 0.924204 0.136331 0.0746536 0.00952637 0.16475 0.187999 0.00974252 0.203072 0.0519396 0.0938868 0.0647183 0.242157 0.650755 0.452663 0.679905 0.00374365 0.93175 0.0342596 0.105048 0.266256 0.512061 0.0484162 0.211562 0.932937 0.896855 0.303875 0.207906 0.0488592 0.252194 0.0590896 0.00373916 0.0155778 0.0194959 0.0885849 0.0161295 0.0841026 0.164196 0.0264731 0.180967 0.0563667 0.0143578 0.46797 0.0116297 0.0334018 0.413684 0.0642634 0.0404097 0.0309115 0.0341047 0.0885655 0.193446 0.618218
0.888444 0.866402 0.52982 0.943573 0.31049 0.949305 0.892989 0.983073 0.241245 0.769067 0.894565 0.862099 0.863848 0.971807 0.540449 0.886257 0.896424 0.98345 0.743915 0.981076 0.956622 0.767024 0.93406 0.960344 0.910418 0.93525 0.980738 0.208099 0.983453 0.887855 0.971127 0.971144 0.821179 0.235427 0.891089 0.742503 0.981094 0.6036 0.839844 0.943772 0.811494 0.685683 0.738344 0.84654 0.995579 0.879305 0.42556 0.918709 0.925133 0.134773 0.0742913 0.00941675 0.163328 0.1867 0.00968774 0.203533 0.0522533 0.093515 0.063517 0.241597 0.651455 0.450918 0.681211 0.00371597 0.932311 0.0338935 0.105134 0.26612 0.511112 0.0477478 0.2128 0.932913 0.898263 0.303629 0.209536 0.048413 0.251507 0.0585952 0.00371118 0.015284 0.019483 0.0885784 0.0160022 0.0841285 0.162793 0.0265108 0.178709 0.0556968 0.0143084 0.471062 0.0115256 0.0328515 0.413281 0.0630832 0.0399714 0.0304888 0.0337403 0.0878655 0.193873 0.617878
0.889316 0.866866 0.533999 0.944058 0.310027 0.949515 0.893377 0.983118 0.241282 0.770304 0.895444 0.862294 0.86322 0.971932 0.540457 0.886166 0.896627 0.983459 0.745412 0.981221 0.957125 0.767084 0.934955 0.960746 0.911232 0.935981 0.98074 0.207195 0.983461 0.887874 0.971086 0.971103 0.822309 0.234376 0.892845 0.742431 0.981238 0.6037 0.842222 0.944255 0.811077 0.686483 0.738772 0.846677 0.995611 0.881264 0.426322 0.918465 0.92606 0.133264 0.073932 0.0093094 0.161898 0.185441 0.00963313 0.204023 0.0525756 0.0931228 0.0623441 0.241056 0.652158 0.449193 0.682495 0.00368848 0.932862 0.0335318 0.105222 0.26599 0.510124 0.0470799 0.214058 0.932883 0.899663 0.303399 0.211175 0.0479919 0.250854 0.058102 0.00368436 0.014995 0.0194697 0.0885694 0.0158765 0.0841465 0.161391 0.02655 0.176477 0.0550377 0.0142622 0.474111 0.0114244 0.0323166 0.412891 0.0619152 0.0395383 0.0300729 0.0333832 0.0871917 0.194299 0.617465
0.890177 0.86734 0.538148 0.944546 0.309596 0.94973 0.893779 0.983164 0.241318 0.771517 0.896303 0.862437 0.862555 0.972052 0.540463 0.886063 0.896833 0.983467 0.746929 0.98136 0.957621 0.767128 0.935839 0.961147 0.912037 0.936715 0.980739 0.206305 0.983473 0.887907 0.97104 0.971055 0.823452 0.233345 0.894568 0.742341 0.981382 0.603804 0.844592 0.944735 0.81067 0.687271 0.739187 0.846787 0.995642 0.883212 0.427108 0.918211 0.926977 0.131764 0.0735553 0.00920287 0.160487 0.184153 0.00958119 0.204532 0.0528974 0.0927379 0.061193 0.240492 0.652856 0.447451 0.683791 0.00366096 0.933403 0.0331793 0.10531 0.265867 0.509134 0.0464273 0.215292 0.932855 0.90104 0.303201 0.212842 0.0475581 0.250194 0.0576123 0.00365665 0.0147117 0.0194606 0.0885707 0.0157536 0.0841612 0.159982 0.0265855 0.174278 0.0543813 0.0142185 0.477194 0.0113225 0.0317825 0.412484 0.0607715 0.0391099 0.0296596 0.0330283 0.0865029 0.194739 0.617077
0.89104 0.867811 0.542279 0.945022 0.309134 0.94994 0.894189 0.983216 0.24139 0.772714 0.897157 0.862579 0.861888 0.97217 0.540496 0.885957 0.897036 0.983477 0.748456 0.981498 0.958113 0.767164 0.936723 0.961545 0.912842 0.937435 0.980738 0.205392 0.983481 0.887946 0.970993 0.971007 0.824579 0.232293 0.896263 0.742281 0.981524 0.603861 0.846924 0.945214 0.810243 0.688059 0.73958 0.846945 0.995673 0.885141 0.427845 0.917955 0.927882 0.130254 0.0732061 0.00909765 0.159071 0.182878 0.00952943 0.205084 0.0532268 0.0923629 0.0600614 0.239937 0.653547 0.445733 0.685133 0.00363468 0.933947 0.0328311 0.10541 0.265758 0.508104 0.0457772 0.216561 0.932816 0.902408 0.303019 0.214519 0.0471257 0.249553 0.0571201 0.00362963 0.0144352 0.0194493 0.0885667 0.0156294 0.0841922 0.158548 0.0266269 0.172075 0.0537343 0.0141734 0.48035 0.0112239 0.0312582 0.412064 0.0596447 0.0386916 0.029251 0.0326858 0.0858372 0.195192 0.616671
0.89191 0.868273 0.546434 0.945496 0.3087 0.950158 0.894592 0.983259 0.241451 0.773917 0.898018 0.862727 0.861215 0.97229 0.540531 0.885844 0.897236 0.983485 0.749967 0.981636 0.958596 0.767175 0.937582 0.961932 0.913606 0.938154 0.98074 0.20452 0.983487 0.887984 0.970942 0.970957 0.825703 0.23124 0.897933 0.742198 0.981663 0.603959 0.849227 0.945685 0.809837 0.688817 0.740005 0.847066 0.995703 0.887033 0.428654 0.917683 0.928794 0.128753 0.0728499 0.00899328 0.157675 0.181628 0.00947726 0.205595 0.0535536 0.0919944 0.0589404 0.239416 0.654258 0.444015 0.686423 0.00360873 0.934487 0.0324859 0.105496 0.265636 0.507078 0.0451386 0.217841 0.932778 0.903773 0.302839 0.216188 0.0467025 0.248915 0.0566381 0.00360394 0.0141639 0.0194434 0.0885725 0.015509 0.0842306 0.157147 0.0266702 0.169894 0.0530879 0.0141307 0.483482 0.0111237 0.0307463 0.411693 0.0585454 0.0382802 0.0288476 0.0323519 0.0851589 0.195629 0.616275
0.892743 0.868741 0.550598 0.945967 0.308267 0.950373 0.894984 0.983307 0.241476 0.775116 0.898887 0.862876 0.860535 0.972406 0.540538 0.885729 0.897433 0.98349 0.751494 0.981769 0.959076 0.767177 0.938439 0.962317 0.914373 0.938865 0.980737 0.203623 0.983495 0.888009 0.970891 0.970904 0.826822 0.230202 0.899593 0.742123 0.981802 0.604056 0.8515 0.946143 0.809443 0.689592 0.740406 0.847196 0.995733 0.888909 0.429393 0.917423 0.929668 0.127279 0.0725038 0.00888993 0.156289 0.180371 0.00942642 0.206116 0.0539046 0.091618 0.0578485 0.238876 0.654996 0.442287 0.687725 0.00358247 0.935024 0.0321446 0.105592 0.26553 0.50604 0.0445088 0.219122 0.932737 0.905102 0.302642 0.217909 0.0462837 0.248324 0.0561598 0.00357825 0.0138957 0.0194356 0.0885711 0.0153916 0.0842678 0.155766 0.0267151 0.167728 0.0524575 0.0140897 0.486625 0.0110232 0.0302385 0.411271 0.0574571 0.0378711 0.0284506 0.0320106 0.0844843 0.196091 0.615853
0.893583 0.869204 0.554821 0.946437 0.307844 0.950578 0.895394 0.983355 0.241543 0.776278 0.899723 0.863025 0.859838 0.972522 0.540554 0.885609 0.897637 0.983493 0.75304 0.981905 0.959548 0.767171 0.939295 0.962697 0.915142 0.939557 0.980732 0.202756 0.983501 0.888045 0.970837 0.970855 0.827936 0.229143 0.901241 0.742023 0.981938 0.604117 0.853739 0.946611 0.809045 0.690385 0.740801 0.847308 0.995762 0.890756 0.430169 0.917171 0.930541 0.12582 0.0721462 0.00878935 0.15492 0.179124 0.00937545 0.206657 0.0542495 0.0912483 0.0567689 0.238336 0.655668 0.440554 0.689022 0.00355728 0.93555 0.0318142 0.105717 0.265443 0.504987 0.0438798 0.220426 0.932701 0.906425 0.302405 0.219628 0.0458729 0.247697 0.0556892 0.00355289 0.013635 0.0194301 0.088586 0.0152738 0.0842946 0.154346 0.0267614 0.165588 0.0518393 0.0140471 0.489786 0.0109287 0.0297403 0.410881 0.0563841 0.0374684 0.0280635 0.0316698 0.0838138 0.196538 0.615415
0.894409 0.869653 0.559025 0.946904 0.307396 0.950782 0.895787 0.983401 0.241634 0.777461 0.900573 0.863169 0.859113 0.972637 0.540648 0.885482 0.89783 0.983495 0.754541 0.982039 0.960005 0.767145 0.940128 0.963074 0.915901 0.940251 0.98073 0.201879 0.983505 0.888081 0.970776 0.970794 0.829023 0.228116 0.902849 0.741912 0.982071 0.604233 0.855967 0.947076 0.808633 0.691149 0.741167 0.847433 0.995791 0.892575 0.430883 0.916901 0.931404 0.124364 0.0718009 0.00868986 0.153534 0.177881 0.00932679 0.207212 0.0546045 0.0908844 0.0557139 0.23781 0.656369 0.438826 0.690349 0.00353249 0.936062 0.0314856 0.10583 0.265344 0.503942 0.0432726 0.221718 0.932656 0.907736 0.302187 0.221387 0.0454639 0.247081 0.0552224 0.00352814 0.013379 0.0194267 0.0885841 0.0151571 0.0843232 0.152971 0.0268079 0.163462 0.0512256 0.0140052 0.492922 0.0108335 0.0292488 0.410438 0.0553274 0.0370689 0.0276768 0.0313385 0.0831576 0.197012 0.615011
0.895222 0.870093 0.563223 0.94736 0.306994 0.950989 0.896168 0.983447 0.241719 0.778615 0.901419 0.863279 0.858415 0.972751 0.540664 0.885339 0.898037 0.9835 0.756069 0.98217 0.960464 0.767142 0.940962 0.963443 0.916654 0.940942 0.980724 0.201042 0.983508 0.888101 0.970721 0.970742 0.830111 0.227086 0.904446 0.741813 0.982202 0.604361 0.858165 0.947538 0.808195 0.691897 0.741592 0.847577 0.99582 0.894374 0.431596 0.916632 0.932252 0.122934 0.0714658 0.00859214 0.152152 0.176661 0.00927862 0.207768 0.0549617 0.0905232 0.0546791 0.23725 0.657028 0.437046 0.691649 0.00350833 0.936579 0.0311603 0.105936 0.265256 0.502887 0.0426639 0.22305 0.932617 0.90904 0.301985 0.223122 0.0450567 0.246498 0.0547627 0.00350355 0.0131264 0.0194253 0.0885968 0.0150426 0.0843536 0.151583 0.0268549 0.161372 0.0506155 0.0139647 0.496087 0.0107386 0.0287693 0.410018 0.0542884 0.0366767 0.0272973 0.0310136 0.0825014 0.197503 0.614554
0.896041 0.870539 0.567396 0.947809 0.306556 0.951199 0.896533 0.98349 0.241768 0.779765 0.902252 0.863429 0.857673 0.972864 0.540759 0.885211 0.898238 0.983504 0.757579 0.982299 0.960918 0.767078 0.941781 0.963805 0.917391 0.94163 0.980711 0.200195 0.983512 0.888119 0.970667 0.97068 0.831214 0.226067 0.906021 0.741729 0.98233 0.604495 0.860335 0.947997 0.807749 0.692674 0.741993 0.847691 0.995848 0.896149 0.432298 0.916363 0.9331 0.121518 0.0711229 0.0084951 0.150776 0.175444 0.00923205 0.208361 0.0553217 0.0901576 0.0536613 0.236699 0.657692 0.435274 0.692954 0.0034838 0.937089 0.0308356 0.106056 0.265193 0.501868 0.0420672 0.224425 0.932562 0.910317 0.301792 0.224911 0.0446561 0.245875 0.0543016 0.00347933 0.0128802 0.019421 0.0885983 0.0149289 0.0843882 0.150221 0.0269106 0.159323 0.0500151 0.0139235 0.499276 0.0106472 0.0282963 0.409579 0.0532726 0.0362841 0.0269215 0.03069 0.081838 0.197996 0.614164
0.896873 0.870987 0.571572 0.948257 0.306144 0.951402 0.896917 0.983532 0.241889 0.780909 0.903074 0.863548 0.85698 0.972977 0.540806 0.88507 0.898449 0.983509 0.759068 0.982429 0.961352 0.767082 0.942593 0.964166 0.918121 0.942298 0.980703 0.199321 0.983513 0.888141 0.970611 0.970623 0.832318 0.225051 0.907562 0.741625 0.982456 0.604587 0.862467 0.948442 0.807331 0.693448 0.742401 0.847809 0.995876 0.897923 0.432999 0.916074 0.933917 0.120123 0.0707952 0.00839887 0.149421 0.174217 0.00918558 0.208958 0.0556936 0.0898064 0.052661 0.236173 0.658372 0.433511 0.694235 0.00345988 0.937601 0.0305179 0.106167 0.26512 0.500837 0.0414713 0.225771 0.9325 0.911567 0.30161 0.226683 0.0442615 0.245281 0.0538414 0.00345584 0.0126385 0.0194186 0.0886052 0.0148191 0.0844121 0.148873 0.0269649 0.15729 0.049413 0.0138836 0.502421 0.0105571 0.0278328 0.409155 0.0522886 0.0358963 0.0265479 0.0303726 0.0811844 0.198475 0.613709
0.897697 0.871426 0.575726 0.948702 0.305707 0.951608 0.897276 0.983574 0.241981 0.78206 0.903896 0.863673 0.856212 0.973084 0.540826 0.884923 0.898654 0.983507 0.760591 0.982556 0.961794 0.767055 0.943387 0.964518 0.918852 0.942971 0.980695 0.198461 0.983515 0.888163 0.970544 0.970562 0.833402 0.224052 0.909072 0.741504 0.98258 0.604731 0.864566 0.948882 0.806913 0.694185 0.742767 0.847944 0.995903 0.899656 0.433732 0.915773 0.93474 0.118742 0.0704661 0.0083052 0.148066 0.172986 0.0091385 0.209555 0.056063 0.0894544 0.0516743 0.235665 0.659046 0.431721 0.69551 0.0034359 0.938099 0.0302031 0.106308 0.265037 0.499816 0.0408926 0.227107 0.932445 0.912812 0.301396 0.228459 0.0438617 0.244691 0.0533943 0.00343249 0.0123988 0.0194173 0.08861 0.0147086 0.0844402 0.147532 0.027024 0.155265 0.0488315 0.0138441 0.505627 0.0104658 0.0273753 0.408726 0.0513139 0.035518 0.0261846 0.0300519 0.0805562 0.198969 0.613268
0.898538 0.871863 0.579927 0.949137 0.305318 0.951814 0.897649 0.983618 0.242051 0.783185 0.904693 0.86381 0.855457 0.973189 0.54085 0.884782 0.898841 0.983506 0.76209 0.98268 0.962222 0.767022 0.94417 0.964869 0.919574 0.94363 0.980685 0.197607 0.983516 0.888179 0.970475 0.970494 0.834484 0.223052 0.91056 0.741441 0.982706 0.604843 0.866647 0.949321 0.806477 0.69497 0.743108 0.848051 0.99593 0.901349 0.434464 0.915484 0.935543 0.117354 0.0701429 0.00821357 0.146712 0.171753 0.00909345 0.210155 0.0564375 0.0891116 0.0507068 0.235143 0.659706 0.429967 0.69681 0.00341272 0.93861 0.0298908 0.10645 0.264919 0.498773 0.0403202 0.228477 0.932402 0.914048 0.30123 0.230252 0.0434761 0.244082 0.0529483 0.00340973 0.0121648 0.0194186 0.0886283 0.0145993 0.0844732 0.146191 0.0270848 0.153242 0.0482428 0.0138029 0.508782 0.0103784 0.0269248 0.408328 0.0503564 0.0351487 0.0258265 0.0297426 0.0799125 0.199481 0.612804
0.899351 0.872294 0.584144 0.949574 0.304877 0.952022 0.898028 0.98366 0.242149 0.784355 0.905496 0.863945 0.854707 0.973297 0.540917 0.884611 0.899036 0.983506 0.763562 0.982803 0.962643 0.766942 0.944949 0.965223 0.920287 0.944276 0.980671 0.196763 0.983516 0.888198 0.970414 0.970429 0.835579 0.222103 0.912054 0.74132 0.982827 0.604926 0.868685 0.949748 0.806037 0.695743 0.743485 0.848167 0.995956 0.903039 0.435174 0.915178 0.936337 0.115979 0.0698155 0.00812266 0.145378 0.170507 0.00904838 0.210753 0.0568244 0.0887636 0.0497707 0.234608 0.660368 0.428214 0.698122 0.00338989 0.93911 0.029589 0.106583 0.26487 0.497719 0.0397517 0.229855 0.932352 0.915277 0.301091 0.232106 0.0430857 0.243512 0.0525054 0.00338692 0.0119352 0.0194202 0.0886496 0.0144939 0.0845136 0.144867 0.0271443 0.151261 0.0476643 0.0137642 0.512003 0.0102884 0.0264837 0.407913 0.0494191 0.0347812 0.025475 0.0294394 0.0792884 0.199957 0.612327
0.900191 0.87272 0.588348 0.949995 0.304442 0.952235 0.898402 0.983701 0.242246 0.785464 0.906295 0.864062 0.853956 0.973405 0.540986 0.884435 0.899223 0.983506 0.765035 0.982924 0.963069 0.766881 0.945724 0.965571 0.920979 0.94492 0.980658 0.195944 0.983517 0.888205 0.970349 0.970364 0.83667 0.221101 0.913505 0.741206 0.982945 0.605031 0.870695 0.950177 0.805604 0.696513 0.743889 0.848268 0.995982 0.904685 0.435816 0.914877 0.937111 0.114622 0.0694882 0.00803295 0.144031 0.169257 0.00900581 0.211372 0.0572232 0.088412 0.0488363 0.234111 0.661037 0.426421 0.699421 0.00336701 0.939597 0.0292883 0.106709 0.264803 0.496624 0.0391897 0.231228 0.932286 0.916487 0.300875 0.233928 0.0427105 0.242954 0.0520571 0.00336424 0.0117115 0.0194215 0.0886654 0.014388 0.0845253 0.143535 0.0272059 0.149279 0.0470988 0.0137252 0.515188 0.0102013 0.0260513 0.407513 0.0485038 0.0344147 0.0251311 0.0291369 0.0786568 0.200465 0.611847
0.900996 0.873156 0.592554 0.950421 0.304028 0.952442 0.898759 0.983741 0.242373 0.786579 0.907099 0.864183 0.853179 0.973507 0.541113 0.884264 0.899414 0.983504 0.766499 0.983042 0.963489 0.766807 0.946495 0.96591 0.921656 0.945565 0.980643 0.195104 0.983515 0.888214 0.970284 0.970296 0.83773 0.220101 0.914953 0.741117 0.983064 0.605162 0.872697 0.950597 0.805182 0.697282 0.74423 0.848383 0.996007 0.906312 0.436531 0.914574 0.937885 0.113261 0.0691632 0.00794435 0.14271 0.168048 0.00896431 0.211998 0.0576124 0.0880678 0.0479195 0.233606 0.661711 0.424626 0.700728 0.00334474 0.940086 0.0289873 0.106866 0.264761 0.495575 0.0386416 0.232624 0.932224 0.917673 0.300708 0.235814 0.0423308 0.242372 0.0516219 0.00334199 0.0114917 0.0194257 0.0886785 0.0142828 0.0845579 0.142199 0.0272674 0.147353 0.0465392 0.0136859 0.518433 0.0101146 0.0256279 0.407107 0.0475956 0.0340476 0.0247869 0.0288354 0.0780152 0.200968 0.611398
0.901792 0.873583 0.59675 0.950834 0.303605 0.952641 0.899122 0.983781 0.242465 0.787721 0.907877 0.864274 0.852378 0.973606 0.541162 0.884086 0.899614 0.983501 0.76796 0.983158 0.963894 0.766738 0.94724 0.966248 0.922328 0.946195 0.980625 0.194279 0.983511 0.888243 0.970218 0.970227 0.838794 0.219115 0.916381 0.740988 0.983181 0.605287 0.874652 0.951008 0.804759 0.698021 0.744592 0.84849 0.996033 0.907897 0.43725 0.914263 0.938636 0.111942 0.0688479 0.00785628 0.14138 0.166858 0.00892227 0.212665 0.0580145 0.0877281 0.0470333 0.233073 0.662353 0.42285 0.702002 0.00332283 0.940563 0.0286915 0.107024 0.264709 0.49452 0.0380951 0.234048 0.932145 0.918843 0.300533 0.2377 0.0419623 0.241806 0.0511895 0.00332068 0.0112781 0.0194289 0.0886997 0.0141808 0.0845927 0.140899 0.0273252 0.145416 0.0459809 0.0136495 0.521697 0.0100293 0.0252078 0.406699 0.0466998 0.0336888 0.024448 0.0285434 0.077387 0.201484 0.610938
0.902591 0.874006 0.600957 0.951247 0.30318 0.952838 0.899458 0.983821 0.242596 0.78884 0.908661 0.864383 0.851599 0.97371 0.541239 0.883922 0.89981 0.983499 0.769427 0.983274 0.964303 0.766628 0.947969 0.96658 0.922996 0.946811 0.980609 0.193463 0.983507 0.888269 0.970147 0.970162 0.839861 0.218129 0.917787 0.740861 0.983297 0.60544 0.876581 0.951422 0.804307 0.698813 0.744971 0.848605 0.996058 0.909477 0.43797 0.913943 0.939384 0.110622 0.0685345 0.00777024 0.140056 0.165652 0.00888118 0.213318 0.0584186 0.0873993 0.0461499 0.232581 0.663006 0.421083 0.703297 0.00330149 0.941037 0.0284022 0.107189 0.26469 0.493478 0.0375561 0.235484 0.93208 0.919992 0.300323 0.239604 0.0415888 0.241328 0.0507576 0.00329925 0.011067 0.0194318 0.0887194 0.014076 0.0846118 0.139573 0.0273904 0.14352 0.0454251 0.0136136 0.524921 0.00994584 0.0247953 0.406336 0.0458295 0.0333362 0.024112 0.0282548 0.0767703 0.202005 0.610419
0.903389 0.874422 0.605137 0.951658 0.302732 0.953027 0.899805 0.983863 0.242689 0.789929 0.909444 0.8645 0.85079 0.973807 0.541343 0.88375 0.900002 0.983494 0.770894 0.983389 0.964708 0.766557 0.948705 0.966914 0.923668 0.947423 0.980591 0.192638 0.983503 0.888286 0.970079 0.970086 0.840946 0.217175 0.919167 0.740746 0.983412 0.605563 0.878472 0.951831 0.803906 0.699557 0.745351 0.848721 0.996082 0.911044 0.438662 0.913619 0.940123 0.109326 0.0682192 0.0076859 0.138759 0.164449 0.00884057 0.213985 0.0588313 0.0870549 0.0452923 0.232072 0.663626 0.419319 0.704596 0.00327949 0.941511 0.028114 0.107348 0.264632 0.49245 0.0370214 0.236877 0.931998 0.921155 0.300156 0.241526 0.0412287 0.240765 0.0503312 0.00327744 0.0108625 0.019436 0.0887366 0.0139785 0.0846414 0.138262 0.0274522 0.141653 0.0448859 0.0135762 0.528166 0.00986278 0.0243933 0.405945 0.0449718 0.0329928 0.0237864 0.0279683 0.0761445 0.202525 0.609931
0.904177 0.874821 0.609297 0.952062 0.302279 0.95322 0.900168 0.983901 0.242823 0.791016 0.910223 0.864602 0.849966 0.973903 0.54138 0.883557 0.900194 0.98349 0.772354 0.983502 0.965103 0.766472 0.949415 0.967239 0.924328 0.948028 0.980572 0.1918 0.983498 0.888322 0.970001 0.970015 0.841963 0.216197 0.920527 0.740651 0.983524 0.605675 0.880359 0.952238 0.803486 0.700282 0.745724 0.848833 0.996107 0.912583 0.439324 0.913297 0.940852 0.108038 0.067901 0.00760318 0.13747 0.163264 0.00879978 0.214674 0.0592492 0.0867218 0.0444431 0.231586 0.664251 0.417542 0.705886 0.00325855 0.941983 0.0278278 0.107518 0.264591 0.491406 0.0364976 0.238324 0.931932 0.922291 0.300008 0.243488 0.040869 0.240219 0.0499167 0.00325724 0.0106599 0.0194459 0.0887466 0.0138797 0.084682 0.136943 0.0275195 0.139807 0.0443457 0.0135419 0.531454 0.00978108 0.0239944 0.405579 0.0441301 0.0326478 0.0234664 0.027684 0.0755259 0.203049 0.609443
0.904966 0.875227 0.613478 0.952475 0.301881 0.953412 0.900534 0.983941 0.242956 0.792125 0.910978 0.864701 0.849125 0.974005 0.541428 0.883368 0.900397 0.983484 0.773818 0.983611 0.965493 0.766416 0.950115 0.967561 0.92498 0.948629 0.980551 0.190969 0.983494 0.888344 0.969927 0.969944 0.842996 0.215256 0.921879 0.740518 0.983637 0.605771 0.88221 0.952651 0.803049 0.70102 0.74611 0.848924 0.99613 0.914096 0.440019 0.912954 0.941572 0.106744 0.0675921 0.00752103 0.136178 0.162071 0.00876027 0.215364 0.0596667 0.0863799 0.0436072 0.231109 0.66489 0.415753 0.707216 0.00323778 0.942452 0.0275453 0.107681 0.264523 0.490364 0.0359808 0.239756 0.931863 0.923419 0.29985 0.245426 0.0405166 0.239687 0.0495073 0.00323705 0.0104621 0.0194558 0.0887676 0.0137823 0.084709 0.135669 0.0275881 0.137978 0.043819 0.01351 0.534712 0.00969979 0.0236033 0.405172 0.0433096 0.0323014 0.0231443 0.0274024 0.0749186 0.203582 0.608882
0.90574 0.875618 0.617626 0.952879 0.301456 0.953612 0.900885 0.983981 0.243071 0.793205 0.911735 0.864805 0.848314 0.974101 0.541488 0.883185 0.900595 0.983478 0.775284 0.983721 0.96588 0.766296 0.950808 0.967879 0.925627 0.949227 0.980529 0.190184 0.983487 0.888349 0.969848 0.969867 0.844039 0.214325 0.92319 0.740392 0.983747 0.605899 0.884041 0.953044 0.80263 0.701742 0.746474 0.84902 0.996154 0.91559 0.440663 0.912623 0.942291 0.105462 0.0672911 0.00744062 0.134886 0.160885 0.00871942 0.216055 0.0600912 0.0860481 0.042793 0.230617 0.665523 0.413939 0.708462 0.00321701 0.942917 0.0272685 0.107869 0.264464 0.489279 0.0354693 0.241214 0.931787 0.924539 0.299651 0.247418 0.0401618 0.239157 0.049091 0.00321672 0.0102665 0.0194685 0.0887791 0.0136851 0.0847302 0.134389 0.0276606 0.136161 0.0432986 0.0134769 0.537988 0.00961794 0.0232172 0.404797 0.0425057 0.0319552 0.0228309 0.0271271 0.0743044 0.20412 0.608351
0.906526 0.876009 0.621739 0.953272 0.301061 0.953799 0.901231 0.984017 0.243166 0.794298 0.912498 0.864912 0.847446 0.974198 0.541617 0.882973 0.900777 0.983471 0.776739 0.983833 0.966259 0.76621 0.951506 0.968191 0.926263 0.949812 0.980505 0.189402 0.983481 0.88835 0.969766 0.969789 0.845083 0.213384 0.92449 0.740273 0.983854 0.606013 0.885842 0.953445 0.802208 0.7025 0.746879 0.849146 0.996177 0.917061 0.441308 0.912304 0.942997 0.104208 0.0669798 0.00736034 0.133613 0.159702 0.00867971 0.216747 0.0605346 0.0857246 0.0419919 0.230119 0.666132 0.412106 0.709746 0.00319714 0.943369 0.0269928 0.108049 0.26443 0.488228 0.0349734 0.242719 0.931711 0.925625 0.299483 0.24943 0.0398142 0.238668 0.0486744 0.00319707 0.0100757 0.0194803 0.0888001 0.0135904 0.0847573 0.133136 0.0277335 0.134372 0.0427775 0.0134457 0.541256 0.00953905 0.0228444 0.4044 0.0417127 0.0316199 0.0225177 0.0268567 0.0736943 0.204643 0.607837
0.907302 0.876412 0.625869 0.953672 0.300664 0.953995 0.901577 0.984054 0.243273 0.79537 0.913248 0.86499 0.846593 0.974291 0.541703 0.882778 0.900988 0.983464 0.778192 0.983939 0.966634 0.766101 0.952191 0.968498 0.926883 0.950392 0.980481 0.188597 0.983475 0.888345 0.96969 0.969709 0.846116 0.2124 0.925765 0.740105 0.98396 0.606153 0.887611 0.953836 0.801782 0.703225 0.747286 0.849249 0.9962 0.918507 0.441983 0.911965 0.943687 0.102958 0.066682 0.00728199 0.13237 0.158535 0.00864217 0.217504 0.0609707 0.0854026 0.0412032 0.22964 0.666751 0.41029 0.711036 0.00317709 0.943827 0.026722 0.108233 0.264386 0.487188 0.0344816 0.244225 0.931631 0.926703 0.299345 0.2514 0.0394622 0.238168 0.0482656 0.00317751 0.00988768 0.0194904 0.088837 0.0134967 0.0847866 0.13188 0.0278052 0.132567 0.0422741 0.0134133 0.544542 0.00946046 0.022476 0.404007 0.0409377 0.0312961 0.0222121 0.0265933 0.0730954 0.20517 0.607277
0.908087 0.876794 0.629959 0.954062 0.300264 0.954188 0.901926 0.984091 0.243404 0.796439 0.914005 0.86507 0.845724 0.974381 0.541764 0.882565 0.901181 0.983459 0.779609 0.984045 0.967003 0.766012 0.952861 0.968803 0.927502 0.95097 0.980454 0.18781 0.98347 0.888363 0.969607 0.96963 0.847154 0.211453 0.927041 0.739959 0.984067 0.606306 0.889382 0.954228 0.801333 0.703934 0.747626 0.849346 0.996222 0.919928 0.442594 0.911624 0.944371 0.101739 0.0663865 0.00720435 0.131106 0.157359 0.00860432 0.218221 0.0614169 0.0850911 0.0404305 0.229131 0.667365 0.408521 0.712276 0.00315721 0.944271 0.0264583 0.108437 0.264371 0.486155 0.0339968 0.245718 0.931545 0.927769 0.2992 0.253457 0.0391144 0.23768 0.0478709 0.0031584 0.00970409 0.0195018 0.0888623 0.0134058 0.0848137 0.130622 0.0278781 0.130806 0.0417692 0.0133814 0.54786 0.00938274 0.0221119 0.403606 0.0401811 0.0309737 0.0219133 0.0263236 0.0725119 0.205695 0.606694
0.908852 0.877189 0.634029 0.954446 0.299843 0.954385 0.902278 0.984123 0.243508 0.797474 0.914758 0.865132 0.844852 0.974471 0.541892 0.88236 0.901388 0.983451 0.78104 0.98415 0.967368 0.765901 0.953524 0.9691 0.928115 0.951532 0.980427 0.186998 0.983461 0.888361 0.969524 0.969552 0.848176 0.210522 0.928277 0.739803 0.98417 0.606439 0.891104 0.954615 0.800899 0.704678 0.747987 0.849436 0.996245 0.92132 0.443213 0.911264 0.945041 0.100534 0.0660951 0.00712776 0.129876 0.156191 0.00856695 0.218948 0.0618702 0.084761 0.0396828 0.228626 0.66794 0.406717 0.713546 0.00313764 0.944731 0.0261962 0.108644 0.264333 0.485063 0.0335133 0.247243 0.931466 0.928819 0.299073 0.255496 0.0387772 0.237191 0.0474687 0.00313911 0.00952279 0.0195132 0.0888871 0.0133171 0.0848444 0.129391 0.0279548 0.129056 0.0412692 0.0133496 0.551141 0.00930308 0.021754 0.403218 0.0394331 0.0306564 0.021616 0.0260629 0.071925 0.206221 0.606089
0.909609 0.877581 0.638087 0.954832 0.29943 0.954584 0.902628 0.98416 0.243609 0.798507 0.915498 0.865214 0.843955 0.974565 0.542004 0.882122 0.901593 0.983442 0.782466 0.984252 0.96772 0.76579 0.954176 0.969402 0.928722 0.952099 0.980401 0.186208 0.983451 0.88837 0.969434 0.969465 0.849212 0.209598 0.929492 0.739644 0.984274 0.606574 0.892798 0.954994 0.800464 0.705372 0.748355 0.849567 0.996266 0.92271 0.443865 0.910917 0.945708 0.0993472 0.0657966 0.0070515 0.128629 0.155015 0.00853337 0.219683 0.0623227 0.0844517 0.0389435 0.228149 0.668525 0.404938 0.714828 0.00311887 0.945171 0.0259392 0.108842 0.264319 0.483987 0.0330364 0.248758 0.931387 0.929859 0.298933 0.257536 0.0384399 0.236665 0.0470716 0.00311955 0.00934579 0.0195256 0.0889151 0.0132275 0.0848677 0.128145 0.028035 0.127342 0.0407781 0.0133168 0.554406 0.00922527 0.0214031 0.402845 0.0386942 0.0303435 0.0213285 0.0258043 0.0713364 0.206745 0.605543
0.910365 0.877975 0.642181 0.955215 0.299081 0.954778 0.902962 0.984197 0.243721 0.799555 0.916229 0.865279 0.843092 0.974652 0.54205 0.881908 0.901811 0.983432 0.783863 0.984352 0.968072 0.765727 0.954819 0.969703 0.929321 0.952648 0.980374 0.185408 0.983444 0.888393 0.969344 0.969387 0.850212 0.208645 0.930695 0.739493 0.984376 0.606701 0.894477 0.95536 0.80005 0.706064 0.748723 0.849658 0.996288 0.924077 0.44454 0.910553 0.946367 0.0981538 0.0655105 0.00697795 0.127413 0.153857 0.00849725 0.220421 0.062783 0.0841528 0.0382179 0.227655 0.669112 0.403146 0.716083 0.00310049 0.945602 0.0256861 0.109045 0.264304 0.48286 0.0325734 0.250272 0.931313 0.930877 0.298806 0.259609 0.038112 0.236189 0.0466758 0.0031002 0.0091735 0.019537 0.0889555 0.0131402 0.0848942 0.12692 0.0281188 0.125644 0.040286 0.0132849 0.557705 0.00914902 0.0210565 0.402442 0.0379749 0.0300349 0.0210395 0.0255499 0.0707334 0.207269 0.604954
0.91111 0.878365 0.646224 0.955585 0.29868 0.954967 0.903303 0.98423 0.243866 0.800596 0.91696 0.865361 0.842189 0.974737 0.542147 0.881683 0.902016 0.983425 0.785278 0.984452 0.96842 0.765635 0.955457 0.969991 0.929902 0.953194 0.980344 0.184605 0.983434 0.888403 0.969254 0.969301 0.851225 0.207728 0.931874 0.739367 0.984475 0.606837 0.896119 0.955736 0.799602 0.706772 0.749074 0.849774 0.996309 0.925392 0.445186 0.910179 0.947009 0.0969816 0.0652247 0.00690417 0.126178 0.152722 0.00846297 0.22119 0.0632483 0.0838373 0.0375077 0.227179 0.669722 0.401396 0.717359 0.00308225 0.946038 0.0254367 0.10927 0.264267 0.481769 0.0321122 0.251807 0.931229 0.93189 0.298689 0.261691 0.0377753 0.235685 0.0462937 0.00308168 0.00900388 0.0195521 0.0889847 0.0130522 0.0849266 0.125721 0.0281934 0.123957 0.0398102 0.0132538 0.561023 0.00907474 0.0207197 0.40203 0.0372632 0.0297276 0.0207571 0.0252978 0.0701566 0.207823 0.604336
0.911865 0.878752 0.650281 0.955952 0.29832 0.955157 0.903632 0.984262 0.244022 0.801621 0.917675 0.865439 0.841273 0.974819 0.54231 0.881446 0.902219 0.983419 0.786685 0.98455 0.968757 0.765508 0.956084 0.970275 0.930486 0.953738 0.980316 0.183806 0.983428 0.888416 0.969168 0.969209 0.852223 0.206815 0.933027 0.739208 0.984573 0.606936 0.897734 0.956101 0.799181 0.707493 0.749457 0.849875 0.99633 0.926709 0.445794 0.909816 0.94765 0.0958307 0.0649372 0.00683295 0.124953 0.15157 0.00842824 0.221954 0.0637236 0.0835273 0.036812 0.226689 0.670315 0.399602 0.71859 0.00306437 0.946478 0.0251885 0.109477 0.264256 0.480673 0.0316636 0.253335 0.931138 0.932892 0.298555 0.263796 0.037449 0.235187 0.045903 0.00306332 0.00883849 0.0195689 0.0890186 0.0129653 0.0849608 0.124508 0.0282752 0.122318 0.039337 0.0132249 0.564229 0.00900029 0.0203895 0.401644 0.0365694 0.0294299 0.0204761 0.0250509 0.0695695 0.208344 0.603789
0.912605 0.879115 0.654297 0.95632 0.298005 0.955346 0.903956 0.984294 0.244142 0.802647 0.918386 0.865521 0.840354 0.974907 0.542459 0.881195 0.902404 0.983407 0.788084 0.984646 0.969095 0.765401 0.956699 0.970564 0.931057 0.954265 0.980287 0.18304 0.983414 0.888419 0.96908 0.969116 0.853202 0.205891 0.934171 0.739058 0.98467 0.607057 0.89934 0.956465 0.798736 0.708193 0.749805 0.849979 0.996351 0.927999 0.446417 0.909433 0.948275 0.0946852 0.0646469 0.00676054 0.123766 0.150459 0.00839407 0.222721 0.064189 0.0832113 0.0361263 0.226181 0.670885 0.397792 0.719835 0.00304585 0.946909 0.0249419 0.1097 0.264196 0.479577 0.0312183 0.25488 0.931042 0.933866 0.29838 0.265895 0.0371233 0.234702 0.0455175 0.00304508 0.00867565 0.019586 0.089046 0.0128811 0.0849956 0.123294 0.0283586 0.120662 0.0388706 0.0131949 0.567531 0.00892664 0.0200623 0.401281 0.0358955 0.0291337 0.0202023 0.0248056 0.0689966 0.208893 0.603181
0.913345 0.879488 0.658284 0.956689 0.297614 0.955533 0.904277 0.984327 0.244268 0.803666 0.919094 0.865587 0.839415 0.974988 0.542548 0.880947 0.902617 0.983398 0.789454 0.984741 0.969426 0.76526 0.957311 0.970844 0.931618 0.95479 0.980259 0.182257 0.983406 0.888419 0.968997 0.969027 0.854212 0.204972 0.935292 0.738863 0.984766 0.607172 0.900914 0.956831 0.798318 0.708904 0.750148 0.850075 0.996372 0.929285 0.44698 0.909044 0.948898 0.093545 0.0643637 0.00669015 0.122559 0.149343 0.00836016 0.223472 0.064679 0.0829068 0.0354519 0.22572 0.671458 0.395987 0.721079 0.00302817 0.947331 0.0246993 0.109926 0.26418 0.478474 0.030779 0.256416 0.930948 0.934827 0.298239 0.268036 0.0368062 0.234212 0.0451423 0.00302782 0.00851716 0.019604 0.0890699 0.0127986 0.0850177 0.122125 0.0284445 0.119027 0.0384096 0.0131613 0.570793 0.0088557 0.0197438 0.400913 0.0352306 0.0288395 0.0199311 0.024563 0.0684192 0.209441 0.602583
0.914068 0.879864 0.662277 0.957049 0.297241 0.955715 0.904612 0.984359 0.244408 0.804662 0.919789 0.865666 0.838443 0.975066 0.542671 0.880674 0.902803 0.983387 0.790846 0.984834 0.969758 0.765102 0.957922 0.971121 0.932181 0.955315 0.980226 0.18148 0.983392 0.888434 0.96891 0.968929 0.855208 0.204059 0.936398 0.738685 0.984859 0.607333 0.902462 0.957193 0.797898 0.709567 0.750497 0.850168 0.996392 0.930527 0.447564 0.908676 0.949516 0.0924165 0.0640841 0.00662087 0.121362 0.14823 0.00832843 0.224269 0.0651712 0.0826089 0.0347921 0.22526 0.671989 0.394158 0.722385 0.00301154 0.947753 0.024461 0.110172 0.264221 0.477411 0.0303401 0.25795 0.930865 0.935782 0.298086 0.270184 0.036493 0.233754 0.0447654 0.0030107 0.00836107 0.0196216 0.0891193 0.0127161 0.085041 0.120928 0.0285279 0.11743 0.0379588 0.0131301 0.574075 0.00878403 0.0194267 0.400541 0.0345774 0.0285517 0.0196639 0.0243292 0.0678514 0.209995 0.601929
0.914806 0.880247 0.666264 0.957407 0.296842 0.955901 0.90493 0.984388 0.244553 0.80567 0.920478 0.86573 0.837463 0.975144 0.542782 0.880421 0.903007 0.983375 0.792243 0.984925 0.970078 0.764993 0.958513 0.971391 0.932725 0.955831 0.980194 0.180707 0.98338 0.888431 0.968811 0.968835 0.856217 0.203152 0.937488 0.738528 0.984953 0.607523 0.903991 0.957549 0.79747 0.710262 0.750859 0.850263 0.996412 0.931756 0.448079 0.908288 0.950113 0.0913033 0.0638089 0.00655254 0.120186 0.147106 0.0082956 0.225094 0.0656726 0.0823106 0.0341433 0.224817 0.672582 0.392357 0.723658 0.00299423 0.94817 0.0242238 0.110406 0.264205 0.47632 0.029912 0.259513 0.930771 0.936718 0.297972 0.272334 0.0361825 0.233287 0.0443984 0.0029938 0.00820774 0.0196438 0.0891584 0.0126339 0.0850555 0.119747 0.0286147 0.11586 0.0375064 0.0131002 0.577335 0.00871253 0.0191162 0.400154 0.0339399 0.0282613 0.0193981 0.0240934 0.0673009 0.21056 0.601287
0.915531 0.88062 0.670193 0.957754 0.296446 0.956097 0.905239 0.984418 0.244725 0.806661 0.921172 0.865806 0.836523 0.975221 0.542945 0.880159 0.903213 0.983364 0.793621 0.985017 0.970396 0.764846 0.959098 0.971662 0.933266 0.956334 0.980164 0.17993 0.983368 0.88844 0.968716 0.968739 0.857189 0.202272 0.938568 0.73836 0.985043 0.607714 0.905483 0.957889 0.797038 0.710947 0.751218 0.850356 0.996432 0.932961 0.448672 0.907888 0.950707 0.0901984 0.0635301 0.00648648 0.119022 0.14599 0.00826326 0.225908 0.0661696 0.0820127 0.0335095 0.224324 0.673114 0.390562 0.724877 0.00297745 0.94858 0.0239889 0.110657 0.264188 0.475249 0.029493 0.261076 0.930673 0.937638 0.29786 0.274496 0.0358749 0.232848 0.044027 0.00297688 0.00805792 0.0196694 0.0891959 0.0125562 0.0850789 0.118561 0.0287078 0.114306 0.0370624 0.0130727 0.580553 0.00864235 0.0188081 0.399797 0.0333121 0.0279807 0.0191376 0.0238618 0.0667399 0.211121 0.600626
0.916246 0.880978 0.674082 0.958104 0.29611 0.95629 0.905533 0.984449 0.244876 0.807648 0.921863 0.865861 0.835516 0.975295 0.543068 0.879896 0.903418 0.983351 0.794997 0.985109 0.97071 0.764736 0.959674 0.971925 0.933806 0.956829 0.980135 0.179184 0.983356 0.888439 0.968613 0.968641 0.858166 0.201372 0.939621 0.738184 0.985132 0.60786 0.906952 0.958242 0.796649 0.711683 0.751579 0.850435 0.996451 0.934147 0.449202 0.907515 0.951288 0.0891233 0.0632589 0.00642123 0.117845 0.144879 0.00823245 0.226718 0.0666645 0.0817072 0.0328873 0.223854 0.67367 0.388772 0.726131 0.00296081 0.948996 0.0237641 0.110902 0.2642 0.474165 0.0290785 0.262679 0.930581 0.938555 0.297748 0.276675 0.0355717 0.232441 0.0436558 0.00295998 0.00791042 0.0196923 0.0892154 0.0124794 0.0850845 0.117398 0.028797 0.112758 0.0366243 0.0130459 0.583771 0.00857131 0.0185105 0.399446 0.0326994 0.0277015 0.0188828 0.0236358 0.0661945 0.211674 0.600019
0.916953 0.881322 0.677972 0.958451 0.295792 0.956478 0.905832 0.984482 0.245058 0.808631 0.922538 0.865931 0.834511 0.975372 0.543196 0.879611 0.903621 0.983338 0.796324 0.985198 0.971016 0.764618 0.960243 0.972187 0.934334 0.957327 0.980104 0.17843 0.983342 0.888438 0.968516 0.968542 0.859134 0.200474 0.94066 0.738011 0.98522 0.60802 0.908402 0.958587 0.796236 0.712369 0.751923 0.850511 0.99647 0.935314 0.449776 0.907133 0.951855 0.088038 0.0629917 0.00635607 0.116689 0.143774 0.00820222 0.227552 0.067183 0.0814152 0.0322874 0.223374 0.674206 0.386963 0.727398 0.00294472 0.94941 0.0235351 0.111158 0.264174 0.473079 0.0286706 0.264268 0.93048 0.939458 0.297657 0.278866 0.0352654 0.231982 0.0432965 0.0029442 0.00776659 0.0197107 0.0892422 0.0124011 0.0851083 0.116247 0.0288869 0.111236 0.0361853 0.013016 0.587028 0.00850199 0.0182168 0.399084 0.0320944 0.0274234 0.0186308 0.0234112 0.06565 0.212222 0.599343
0.917656 0.88167 0.681839 0.958793 0.295427 0.956672 0.90615 0.984512 0.245203 0.809613 0.923195 0.865987 0.833524 0.975451 0.543329 0.879316 0.903807 0.983324 0.797672 0.985285 0.971327 0.764502 0.960812 0.972444 0.934868 0.957814 0.98007 0.177688 0.983328 0.888442 0.968411 0.968441 0.860105 0.199593 0.941685 0.737859 0.985308 0.608161 0.90983 0.958924 0.795803 0.713071 0.752299 0.850611 0.996489 0.936453 0.450322 0.906742 0.952422 0.0869941 0.0627316 0.00629074 0.115537 0.142687 0.00817087 0.228386 0.0677001 0.0811333 0.0316886 0.222915 0.674792 0.385152 0.728591 0.00292826 0.94981 0.023314 0.111416 0.264179 0.471987 0.0282656 0.265881 0.930377 0.940349 0.297562 0.2811 0.0349631 0.231552 0.0429372 0.00292836 0.00762427 0.0197329 0.0892805 0.0123255 0.0851083 0.115093 0.0289791 0.109737 0.0357558 0.0129875 0.590318 0.00843336 0.0179314 0.398726 0.0315081 0.0271497 0.0183804 0.0231884 0.0650999 0.212765 0.598642
0.918359 0.882016 0.685714 0.959133 0.29506 0.956849 0.906464 0.98454 0.245368 0.810564 0.923855 0.866041 0.832514 0.975525 0.543468 0.879047 0.903992 0.98331 0.799009 0.985374 0.971621 0.76436 0.961369 0.972699 0.935391 0.958298 0.980035 0.176937 0.983313 0.888452 0.968309 0.968333 0.861084 0.198707 0.942683 0.737711 0.985395 0.608288 0.91123 0.95926 0.795374 0.713732 0.75268 0.8507 0.996507 0.937564 0.450902 0.906324 0.952982 0.0859484 0.0624618 0.00622601 0.114406 0.141563 0.00814136 0.229234 0.068223 0.0808622 0.0311075 0.222448 0.675357 0.383323 0.729824 0.00291253 0.950213 0.0230891 0.111689 0.264202 0.470906 0.0278665 0.267516 0.930285 0.941229 0.297441 0.283335 0.0346677 0.231115 0.0425797 0.00291262 0.00748513 0.0197567 0.0893072 0.0122488 0.0851124 0.113971 0.029074 0.10826 0.0353408 0.0129613 0.593586 0.00836769 0.0176458 0.398369 0.030929 0.0268816 0.0181367 0.0229693 0.064559 0.213345 0.59797
0.919055 0.882352 0.689566 0.95946 0.294719 0.957029 0.90677 0.984572 0.245516 0.811537 0.924513 0.866089 0.831488 0.975596 0.543612 0.878759 0.904184 0.983298 0.80034 0.98546 0.971917 0.764184 0.961924 0.972954 0.935895 0.958771 0.979999 0.176198 0.983302 0.888446 0.968196 0.968229 0.862031 0.197797 0.943669 0.737514 0.985481 0.608474 0.912618 0.959598 0.794974 0.7144 0.753046 0.850778 0.996526 0.938664 0.451401 0.905904 0.953537 0.0849113 0.0621894 0.00616316 0.113289 0.14047 0.00811132 0.230085 0.0687509 0.0805754 0.0305371 0.221978 0.67587 0.381493 0.731047 0.0028969 0.950607 0.022873 0.111948 0.264246 0.469838 0.0274776 0.269146 0.930191 0.942095 0.297323 0.285614 0.0343774 0.230675 0.0422348 0.00289658 0.00734894 0.0197815 0.089334 0.0121739 0.0851131 0.112832 0.0291716 0.106783 0.0349279 0.0129339 0.596854 0.00830077 0.0173662 0.397982 0.0303615 0.026619 0.0178973 0.0227483 0.064029 0.213856 0.597296
0.919734 0.882694 0.693356 0.959791 0.294388 0.95721 0.90707 0.984603 0.245695 0.812489 0.925161 0.866148 0.830465 0.975665 0.543775 0.878464 0.904386 0.983285 0.80164 0.985543 0.972207 0.764052 0.962464 0.973203 0.936396 0.959242 0.979964 0.175464 0.983287 0.88845 0.968089 0.96812 0.862986 0.196928 0.944629 0.737314 0.985566 0.608605 0.913971 0.95993 0.79456 0.715084 0.753353 0.850872 0.996544 0.939743 0.451986 0.90548 0.954087 0.0838959 0.061924 0.00610125 0.112175 0.13939 0.00808269 0.230948 0.0692733 0.0802955 0.0299754 0.221531 0.676409 0.379675 0.732273 0.00288113 0.951002 0.022656 0.112205 0.264293 0.468761 0.0270904 0.270763 0.930093 0.942956 0.297206 0.287943 0.0340928 0.230256 0.0418894 0.00288117 0.00721737 0.0198048 0.0893645 0.012102 0.0851313 0.111725 0.0292679 0.105328 0.0345168 0.0129071 0.600088 0.0082363 0.0170911 0.397633 0.0298076 0.0263598 0.0176644 0.0225354 0.0635055 0.214389 0.59663
0.920424 0.883034 0.697179 0.960117 0.29405 0.957403 0.907369 0.984633 0.245909 0.813414 0.9258 0.866196 0.829432 0.975733 0.543959 0.878175 0.904592 0.983273 0.802972 0.985627 0.972492 0.763906 0.962999 0.973448 0.936896 0.959712 0.979925 0.174707 0.983272 0.888452 0.967985 0.968017 0.863952 0.196054 0.94558 0.737105 0.985646 0.608807 0.915318 0.960253 0.794168 0.715783 0.753692 0.850958 0.996562 0.940803 0.452515 0.905068 0.954619 0.0828795 0.0616647 0.00604002 0.11105 0.138344 0.0080547 0.231816 0.0698072 0.0800137 0.0294253 0.22108 0.676943 0.377884 0.733532 0.00286567 0.951389 0.0224437 0.112474 0.264322 0.46769 0.0267163 0.272379 0.92998 0.943811 0.297073 0.290206 0.0338077 0.229832 0.0415419 0.00286611 0.00708653 0.0198321 0.0893901 0.0120294 0.0851466 0.110614 0.0293713 0.103912 0.034112 0.01288 0.603297 0.0081707 0.0168236 0.397257 0.0292638 0.026103 0.0174344 0.0223226 0.0629692 0.214963 0.595936
0.921101 0.883361 0.700961 0.960445 0.293685 0.957592 0.907662 0.984661 0.246064 0.814353 0.926444 0.86624 0.828383 0.975802 0.544096 0.877863 0.90481 0.983258 0.804284 0.985709 0.972774 0.763745 0.963515 0.973685 0.937394 0.960166 0.979888 0.173976 0.983257 0.888456 0.967876 0.967907 0.864892 0.195175 0.946507 0.736931 0.985729 0.608978 0.916613 0.960573 0.793812 0.716427 0.754066 0.851051 0.99658 0.941859 0.452987 0.904636 0.955143 0.0819008 0.0614016 0.00597948 0.109956 0.137291 0.00802721 0.232684 0.0703488 0.0797391 0.0288848 0.2206 0.677446 0.376025 0.734734 0.00285042 0.951776 0.022234 0.112745 0.264385 0.466627 0.026342 0.274024 0.929867 0.944642 0.296983 0.29251 0.0335279 0.229404 0.0412078 0.00285125 0.00695934 0.019857 0.0894225 0.0119587 0.0851634 0.109515 0.0294671 0.102516 0.0337142 0.012852 0.606545 0.00810623 0.0165595 0.396916 0.028732 0.0258463 0.0172041 0.0221129 0.0624395 0.215518 0.595239
0.921776 0.883698 0.70469 0.960759 0.293309 0.957785 0.907966 0.984687 0.246212 0.815296 0.927071 0.866291 0.827341 0.975871 0.544298 0.877585 0.905005 0.983242 0.805598 0.98579 0.97305 0.76359 0.964033 0.973919 0.937883 0.960614 0.979851 0.173227 0.983243 0.888463 0.967762 0.967798 0.865849 0.194333 0.94743 0.736721 0.985812 0.609082 0.917897 0.960882 0.793419 0.717087 0.754416 0.851143 0.996597 0.942885 0.453467 0.904221 0.955666 0.0808947 0.0611486 0.00592141 0.108865 0.136212 0.00799812 0.233599 0.0708931 0.0794572 0.0283608 0.220159 0.677924 0.374181 0.735918 0.00283542 0.952161 0.0220286 0.113031 0.264386 0.465562 0.0259697 0.275704 0.929771 0.945457 0.296947 0.294827 0.0332515 0.229016 0.0408715 0.00283634 0.00683493 0.0198824 0.0894399 0.0118889 0.0851682 0.108417 0.0295681 0.101122 0.0333237 0.0128272 0.609769 0.00804292 0.016296 0.396575 0.028209 0.0255981 0.0169795 0.0219083 0.061912 0.216088 0.594504
0.922439 0.88403 0.7084 0.961079 0.292967 0.957971 0.908261 0.984716 0.24639 0.816226 0.927687 0.866297 0.826256 0.975937 0.544484 0.877268 0.905197 0.98323 0.806919 0.985872 0.973325 0.763409 0.964546 0.974156 0.938366 0.961061 0.979808 0.172473 0.983226 0.888475 0.967654 0.967689 0.866782 0.193472 0.948333 0.736543 0.985894 0.609295 0.919164 0.961197 0.793025 0.71777 0.754799 0.851235 0.996614 0.943897 0.453945 0.903788 0.956181 0.0799113 0.0609044 0.00586329 0.107775 0.135163 0.00797271 0.234477 0.0714477 0.0791807 0.027841 0.219727 0.678487 0.372329 0.737097 0.00282129 0.952532 0.0218235 0.113336 0.264418 0.464484 0.0256059 0.277372 0.929674 0.946261 0.296847 0.297153 0.0329748 0.228632 0.0405287 0.00282154 0.00671293 0.0199125 0.0894528 0.0118194 0.0851739 0.107326 0.0296733 0.0997489 0.0329332 0.0128011 0.61299 0.00798019 0.0160419 0.396201 0.0276918 0.0253551 0.0167573 0.0217069 0.0613835 0.216656 0.593774
0.92311 0.884367 0.712082 0.961387 0.292629 0.958158 0.908557 0.984744 0.246582 0.817139 0.928308 0.86635 0.825161 0.976007 0.544626 0.87694 0.905401 0.983211 0.808191 0.985951 0.97359 0.763243 0.965052 0.974392 0.938841 0.961504 0.979767 0.171742 0.983207 0.88847 0.967538 0.967568 0.867711 0.192649 0.949228 0.736331 0.985973 0.609478 0.92042 0.961514 0.792651 0.718447 0.755137 0.851325 0.996631 0.944886 0.454433 0.90336 0.956685 0.0789458 0.0606506 0.00580548 0.106702 0.134133 0.00794619 0.235388 0.0720077 0.0789079 0.0273376 0.219289 0.679 0.370465 0.738294 0.0028066 0.952898 0.02162 0.113631 0.264464 0.463395 0.0252497 0.279048 0.929565 0.947055 0.296744 0.299519 0.0326986 0.228232 0.0401967 0.00280684 0.00659298 0.0199419 0.0894871 0.0117525 0.0851628 0.106246 0.029777 0.0983994 0.0325538 0.012776 0.616213 0.00791716 0.0157943 0.395843 0.0271887 0.0251111 0.0165366 0.0215064 0.060864 0.217272 0.592992
0.923757 0.884688 0.715761 0.961697 0.292284 0.958344 0.90885 0.98477 0.246762 0.81803 0.928917 0.866411 0.824075 0.976073 0.544831 0.876614 0.905609 0.983196 0.809456 0.986028 0.973855 0.763116 0.965546 0.974618 0.939306 0.961941 0.979729 0.171028 0.983187 0.88846 0.96742 0.967452 0.868628 0.191803 0.950105 0.736137 0.986049 0.609634 0.921644 0.961824 0.79225 0.719102 0.755523 0.851428 0.996648 0.945859 0.454931 0.902924 0.957178 0.078019 0.0603943 0.00574932 0.10562 0.133107 0.00791906 0.236346 0.0725694 0.0786433 0.0268437 0.218863 0.679466 0.368643 0.739486 0.00279271 0.953277 0.0214222 0.113935 0.264531 0.462309 0.024896 0.280711 0.929466 0.947838 0.296623 0.301902 0.0324288 0.227831 0.039871 0.00279238 0.00647696 0.0199712 0.089519 0.0116835 0.0851766 0.105172 0.0298801 0.097065 0.0321715 0.0127506 0.619405 0.00785573 0.0155496 0.395502 0.026699 0.0248696 0.0163217 0.0213058 0.0603557 0.217822 0.592255
0.924427 0.885014 0.719363 0.962005 0.291961 0.958519 0.909137 0.984801 0.246966 0.818909 0.929519 0.86644 0.822951 0.97614 0.545034 0.876295 0.905803 0.983179 0.810756 0.986103 0.974118 0.762965 0.966031 0.974839 0.93977 0.962376 0.979687 0.170339 0.98317 0.888453 0.967304 0.967338 0.86955 0.190953 0.950957 0.735942 0.986125 0.6098 0.922855 0.962124 0.791869 0.719779 0.755871 0.851513 0.996664 0.946807 0.455369 0.902483 0.957659 0.0770691 0.0601421 0.00569432 0.104552 0.132093 0.00789297 0.237271 0.0731469 0.0783747 0.0263581 0.2184 0.679975 0.366827 0.74069 0.0027789 0.953644 0.0212257 0.114238 0.264596 0.461225 0.0245495 0.282401 0.929368 0.948617 0.296539 0.304249 0.0321621 0.227453 0.0395414 0.00277808 0.00636202 0.0199957 0.0895436 0.0116173 0.0851786 0.104137 0.0299906 0.095755 0.0317996 0.0127253 0.622594 0.00779578 0.0153053 0.395136 0.026214 0.0246343 0.0161083 0.0211109 0.0598469 0.218354 0.591488
0.925093 0.885343 0.722948 0.962304 0.291643 0.958698 0.909429 0.98483 0.247126 0.819769 0.930133 0.866471 0.821833 0.976201 0.545239 0.875945 0.906025 0.983161 0.812017 0.986181 0.974378 0.762796 0.966512 0.975062 0.940231 0.962797 0.979645 0.169622 0.98315 0.888438 0.96719 0.967218 0.870475 0.19013 0.951798 0.735728 0.9862 0.609967 0.92404 0.962425 0.791516 0.720437 0.756207 0.851592 0.99668 0.947755 0.455761 0.90203 0.958143 0.0761438 0.0599048 0.00564023 0.103503 0.131048 0.00786778 0.238207 0.0737159 0.07811 0.0258849 0.217972 0.680447 0.365059 0.741856 0.00276505 0.954006 0.0210323 0.114527 0.264659 0.460149 0.0242069 0.284093 0.92926 0.94938 0.296477 0.306626 0.0318963 0.227079 0.0392133 0.00276385 0.00624857 0.0200249 0.0895625 0.0115515 0.0851685 0.10308 0.0301007 0.0944601 0.0314358 0.0126986 0.625753 0.00773527 0.0150693 0.394801 0.025742 0.0244009 0.0158995 0.0209195 0.0593437 0.218899 0.590716
0.925719 0.885675 0.726537 0.962604 0.291348 0.958877 0.909709 0.984856 0.247311 0.820645 0.930731 0.866494 0.820666 0.976261 0.54542 0.875609 0.906217 0.983146 0.813286 0.986259 0.974631 0.762618 0.966989 0.975286 0.940681 0.96322 0.979606 0.168902 0.983131 0.888436 0.967064 0.967095 0.8714 0.189297 0.952627 0.735531 0.986276 0.610127 0.925202 0.962722 0.791133 0.721065 0.756529 0.851687 0.996696 0.948686 0.456188 0.901583 0.958621 0.0752389 0.0596568 0.00558658 0.102459 0.130026 0.00784333 0.23912 0.0742986 0.07784 0.0254221 0.217551 0.680935 0.363256 0.742978 0.00275153 0.954363 0.0208423 0.114826 0.264694 0.459081 0.0238716 0.285789 0.929159 0.950129 0.29642 0.309025 0.0316334 0.2267 0.0388933 0.00274984 0.00613803 0.020057 0.0895823 0.0114855 0.0851691 0.102044 0.0302121 0.0931868 0.0310729 0.0126749 0.62891 0.00767615 0.0148354 0.394437 0.025282 0.0241721 0.0156955 0.0207318 0.0588363 0.219437 0.590003
0.926356 0.885986 0.730086 0.962903 0.291045 0.959053 0.910004 0.984886 0.247481 0.821519 0.931329 0.866544 0.819538 0.976324 0.545632 0.875287 0.906425 0.983127 0.81454 0.986333 0.97488 0.762441 0.967452 0.975505 0.941129 0.96363 0.979565 0.1682 0.983113 0.888452 0.966942 0.966969 0.87231 0.188434 0.95343 0.735333 0.986348 0.610313 0.926342 0.963013 0.790736 0.721687 0.75686 0.851757 0.996712 0.949587 0.456602 0.901145 0.959093 0.0743444 0.0594139 0.00553375 0.101433 0.129024 0.00781925 0.240097 0.0748749 0.0775838 0.0249662 0.217148 0.681412 0.361426 0.744124 0.00273813 0.954716 0.0206563 0.115132 0.264767 0.457967 0.0235375 0.287506 0.929059 0.950864 0.296331 0.311439 0.0313739 0.226299 0.0385773 0.00273638 0.00602983 0.0200869 0.0896169 0.0114226 0.0851795 0.101007 0.0303241 0.0919319 0.0307094 0.0126512 0.63208 0.00761715 0.0146107 0.394084 0.0248253 0.0239463 0.0154931 0.0205495 0.0583271 0.220031 0.58922
0.926987 0.886326 0.733576 0.963193 0.290714 0.95923 0.910287 0.984913 0.247679 0.822389 0.931931 0.866566 0.81841 0.976385 0.545825 0.87495 0.906625 0.983106 0.815774 0.986407 0.97513 0.762262 0.967904 0.975721 0.941571 0.964036 0.979521 0.167502 0.983093 0.88846 0.966817 0.966849 0.873206 0.187601 0.954239 0.735121 0.986419 0.610513 0.927456 0.963306 0.79036 0.722326 0.757228 0.851848 0.996727 0.950469 0.457038 0.900695 0.959561 0.0734476 0.0591682 0.00548263 0.100384 0.128007 0.0077957 0.241072 0.0754659 0.0773184 0.02452 0.216696 0.681896 0.359618 0.745272 0.00272528 0.955071 0.0204678 0.115457 0.264808 0.456887 0.0232111 0.289248 0.92895 0.951592 0.296276 0.313853 0.0311247 0.225964 0.0382634 0.002723 0.00592387 0.0201168 0.0896364 0.0113608 0.085174 0.0999914 0.0304343 0.0907043 0.0303577 0.0126271 0.635224 0.00755711 0.0143829 0.393784 0.0243828 0.0237225 0.0152935 0.0203654 0.0578223 0.220572 0.588434
0.927621 0.886653 0.737054 0.963489 0.290407 0.959406 0.91057 0.984939 0.247877 0.823248 0.932532 0.866609 0.817233 0.976443 0.545969 0.874575 0.906827 0.983087 0.817005 0.986479 0.975375 0.762094 0.968354 0.975935 0.942016 0.964438 0.979479 0.166778 0.983074 0.888462 0.966693 0.96672 0.874113 0.186773 0.955027 0.734899 0.986491 0.610649 0.928546 0.963593 0.79001 0.722933 0.757578 0.851942 0.996743 0.951347 0.457458 0.900227 0.960011 0.0725691 0.058925 0.00543152 0.0993666 0.126999 0.00777215 0.242043 0.0760676 0.0770439 0.0240802 0.216269 0.682413 0.357779 0.746414 0.00271219 0.955428 0.0202838 0.115788 0.264885 0.4558 0.0228881 0.290953 0.928845 0.952311 0.296212 0.316255 0.0308749 0.225609 0.0379599 0.00270952 0.00581983 0.0201478 0.0896621 0.0112973 0.0851648 0.098968 0.0305486 0.0894759 0.0300102 0.0126014 0.638359 0.00749909 0.0141609 0.39346 0.023944 0.0235045 0.0150964 0.0201815 0.0573349 0.221108 0.587693
0.928233 0.886962 0.740487 0.963778 0.290122 0.959584 0.910842 0.984965 0.248072 0.824088 0.933124 0.866613 0.816078 0.976505 0.546148 0.874234 0.907033 0.98307 0.818238 0.986551 0.975614 0.761933 0.968798 0.976143 0.942442 0.964837 0.979433 0.166102 0.983055 0.888461 0.966571 0.966593 0.874995 0.185954 0.955801 0.734705 0.986562 0.610846 0.929627 0.963885 0.789668 0.723551 0.75791 0.852018 0.996758 0.952201 0.45783 0.899768 0.960459 0.0717074 0.0586888 0.00538062 0.0983649 0.126015 0.00774982 0.243043 0.0766832 0.0767851 0.0236492 0.215861 0.682861 0.355935 0.747573 0.00269944 0.955774 0.0200979 0.116113 0.26495 0.454723 0.0225732 0.292658 0.928749 0.953024 0.296166 0.318687 0.0306295 0.225265 0.0376509 0.00269645 0.00571741 0.0201785 0.0896929 0.0112356 0.0851541 0.097966 0.0306628 0.0882848 0.0296699 0.0125787 0.641487 0.00744243 0.0139432 0.39312 0.0235147 0.0232902 0.0149043 0.0200003 0.0568573 0.221658 0.586839
0.92885 0.887271 0.743933 0.964063 0.289853 0.959762 0.911121 0.984992 0.248259 0.824943 0.9337 0.866644 0.814926 0.976562 0.546354 0.873891 0.907249 0.983046 0.819468 0.986618 0.975848 0.761792 0.969231 0.976354 0.942865 0.965223 0.979392 0.165408 0.983033 0.88846 0.966443 0.966469 0.875878 0.185158 0.956564 0.734493 0.986632 0.611009 0.9307 0.964169 0.789332 0.724175 0.758265 0.852092 0.996773 0.953044 0.458201 0.899305 0.960903 0.0708598 0.0584427 0.00533065 0.0973756 0.125052 0.00772674 0.244052 0.0772865 0.0765175 0.0232263 0.215417 0.683315 0.354137 0.748719 0.00268671 0.956119 0.0199219 0.116445 0.265048 0.45365 0.0222629 0.294395 0.928649 0.953715 0.296119 0.32116 0.0303794 0.224912 0.0373491 0.00268403 0.00561657 0.0202101 0.0897141 0.0111755 0.0851538 0.0969722 0.0307786 0.0870825 0.029334 0.0125552 0.644596 0.00738572 0.0137308 0.392806 0.0230914 0.0230796 0.014712 0.0198241 0.0563676 0.222198 0.586024
0.929461 0.887578 0.747318 0.964341 0.289572 0.95994 0.911409 0.985019 0.248444 0.825778 0.934277 0.866672 0.813718 0.976616 0.546536 0.873517 0.907461 0.983028 0.820692 0.986687 0.976081 0.761603 0.969667 0.976558 0.943285 0.965612 0.979347 0.164707 0.983015 0.888445 0.966307 0.966344 0.876758 0.184374 0.957306 0.734269 0.9867 0.611168 0.931752 0.964447 0.788959 0.724794 0.758635 0.852173 0.996788 0.953863 0.458515 0.898842 0.961342 0.0699994 0.0582103 0.00528123 0.0963847 0.124077 0.00770374 0.24505 0.0778825 0.0762574 0.0228144 0.215009 0.683776 0.352298 0.749852 0.00267377 0.956452 0.0197488 0.116768 0.265107 0.452623 0.0219565 0.296137 0.92855 0.954401 0.296057 0.323686 0.0301377 0.224559 0.0370455 0.0026716 0.00551822 0.0202481 0.0897302 0.011117 0.0851392 0.0959932 0.0308989 0.0859159 0.0290003 0.0125322 0.647698 0.00732917 0.0135212 0.392509 0.0226798 0.0228713 0.0145228 0.0196507 0.0558882 0.222799 0.5852
0.930063 0.887876 0.75066 0.964616 0.28929 0.960117 0.911688 0.985045 0.24865 0.826599 0.934836 0.866705 0.812517 0.976672 0.546728 0.873155 0.907681 0.983007 0.821899 0.986758 0.976312 0.761461 0.970092 0.97676 0.943698 0.965987 0.9793 0.164025 0.982994 0.888443 0.966177 0.966213 0.877622 0.183583 0.958031 0.734066 0.986768 0.611334 0.932771 0.964723 0.788599 0.725407 0.759008 0.852261 0.996803 0.954664 0.458846 0.89838 0.961762 0.0691728 0.0579782 0.00523249 0.0954047 0.123097 0.00768143 0.246097 0.0784977 0.0759964 0.0224083 0.214594 0.684262 0.350479 0.75097 0.0026609 0.956793 0.0195747 0.117129 0.265169 0.451586 0.021657 0.297881 0.928447 0.955073 0.295994 0.326172 0.0298958 0.224207 0.03675 0.00265937 0.00542295 0.0202867 0.0897463 0.0110586 0.0851123 0.0950152 0.0310202 0.084764 0.0286745 0.012508 0.650795 0.00727398 0.0133178 0.392208 0.0222813 0.0226608 0.0143338 0.0194746 0.055408 0.223371 0.584346
0.930667 0.888185 0.753975 0.964889 0.289015 0.960296 0.911974 0.985071 0.248847 0.827432 0.935394 0.866721 0.811308 0.976721 0.546893 0.872767 0.90789 0.982984 0.823078 0.986826 0.976537 0.761308 0.970508 0.97696 0.944112 0.966361 0.979252 0.163338 0.982971 0.888459 0.96605 0.966083 0.878495 0.182786 0.958751 0.733834 0.986837 0.611493 0.933779 0.964996 0.788237 0.726011 0.759364 0.85234 0.996816 0.955457 0.459141 0.897894 0.96218 0.0683475 0.0577466 0.00518495 0.0944223 0.122123 0.00765959 0.247103 0.0791224 0.075763 0.0220133 0.214182 0.684704 0.348682 0.752103 0.00264859 0.957127 0.019401 0.117502 0.265214 0.450515 0.0213626 0.299659 0.928344 0.955734 0.295967 0.328677 0.0296545 0.22386 0.036454 0.00264701 0.0053285 0.0203216 0.0897772 0.0110007 0.0850946 0.0940249 0.0311357 0.0836206 0.0283442 0.0124852 0.653848 0.00721916 0.0131189 0.391881 0.0218893 0.0224572 0.0141526 0.0193026 0.0549247 0.223945 0.583512
0.931264 0.888488 0.757274 0.965153 0.288758 0.960471 0.912245 0.985097 0.249033 0.828262 0.935952 0.866745 0.810066 0.976776 0.547067 0.872383 0.908102 0.982963 0.824271 0.986893 0.976761 0.761134 0.970919 0.977155 0.944509 0.966735 0.979207 0.162647 0.982947 0.888456 0.965914 0.965952 0.879355 0.182012 0.959459 0.733593 0.986906 0.61163 0.93476 0.965263 0.787903 0.726601 0.759697 0.852421 0.996831 0.956237 0.459471 0.897419 0.96259 0.0675374 0.0575065 0.00513766 0.0934603 0.121156 0.00763897 0.248148 0.0797427 0.0755195 0.0216243 0.213769 0.685113 0.346879 0.753241 0.0026364 0.957461 0.0192313 0.117869 0.265329 0.449441 0.0210693 0.301438 0.92824 0.956388 0.295868 0.331181 0.0294203 0.223501 0.0361602 0.00263509 0.00523533 0.0203571 0.089802 0.0109446 0.0850729 0.0930632 0.0312606 0.0824844 0.0280215 0.0124651 0.656893 0.00716474 0.0129207 0.391581 0.0214989 0.0222554 0.0139744 0.0191343 0.0544503 0.22451 0.582695
0.931848 0.888775 0.760512 0.965419 0.28848 0.96065 0.912512 0.98512 0.249248 0.829085 0.936507 0.866744 0.808852 0.976828 0.547243 0.871999 0.90832 0.982941 0.825437 0.98696 0.976979 0.760964 0.971328 0.977349 0.944903 0.967105 0.97916 0.161957 0.982927 0.888452 0.965774 0.965811 0.880219 0.181258 0.960151 0.733374 0.986971 0.611821 0.935732 0.965527 0.787602 0.72717 0.760007 0.852512 0.996846 0.957006 0.459791 0.896944 0.963005 0.0667341 0.0572706 0.00509092 0.092513 0.1202 0.00761886 0.249171 0.0803911 0.0752672 0.0212462 0.213352 0.68552 0.345049 0.754349 0.00262438 0.957792 0.0190634 0.118219 0.265444 0.448383 0.0207826 0.303212 0.928138 0.95703 0.295823 0.333713 0.0291883 0.223191 0.0358783 0.0026226 0.00514465 0.0203952 0.0898164 0.0108891 0.0850589 0.0921057 0.0313845 0.0813803 0.0277006 0.0124427 0.659918 0.00711114 0.0127256 0.39127 0.0211199 0.0220591 0.0137975 0.0189665 0.0539808 0.225061 0.581874
0.932437 0.88906 0.763733 0.965685 0.288235 0.960828 0.912799 0.985146 0.249449 0.829886 0.937046 0.866759 0.807608 0.976883 0.547396 0.871601 0.908527 0.982919 0.826614 0.987026 0.977194 0.760786 0.97173 0.97754 0.9453 0.96747 0.97911 0.161263 0.982906 0.888446 0.965638 0.965674 0.881062 0.180479 0.960832 0.733159 0.987034 0.612005 0.936699 0.96579 0.787275 0.727744 0.760332 0.852601 0.99686 0.957755 0.460061 0.896469 0.963407 0.0659482 0.0570382 0.00504472 0.0915762 0.119248 0.00759804 0.250228 0.0810208 0.075021 0.0208764 0.212941 0.68595 0.343259 0.75546 0.0026123 0.95812 0.0188982 0.118594 0.265531 0.447288 0.0205007 0.305024 0.928025 0.957663 0.295782 0.336219 0.0289594 0.222832 0.035597 0.00261052 0.00505648 0.0204334 0.0898321 0.0108325 0.0850281 0.091159 0.0315068 0.080291 0.0273907 0.0124189 0.662982 0.00705693 0.0125352 0.390975 0.0207504 0.0218642 0.0136257 0.0188021 0.0535099 0.225623 0.580998
0.933005 0.889363 0.766924 0.965949 0.287989 0.961008 0.913069 0.98517 0.249663 0.830684 0.937584 0.866794 0.806349 0.976932 0.547627 0.871193 0.908746 0.982897 0.827783 0.98709 0.977408 0.760611 0.972125 0.977731 0.945674 0.967832 0.979065 0.160581 0.982883 0.888432 0.9655 0.965533 0.881908 0.179712 0.961503 0.732918 0.987094 0.612185 0.93765 0.96605 0.786961 0.728355 0.760666 0.852679 0.996874 0.958494 0.46031 0.895991 0.96381 0.0651581 0.0567978 0.00499886 0.0906289 0.118295 0.00757889 0.251286 0.0816775 0.0747747 0.0205111 0.212535 0.686382 0.34141 0.756561 0.00260049 0.958447 0.0187331 0.118974 0.26564 0.446264 0.0202223 0.306841 0.927914 0.958279 0.295737 0.338799 0.0287327 0.222508 0.0353176 0.00259866 0.00497026 0.0204713 0.0898371 0.0107791 0.0850055 0.0902193 0.0316335 0.0792263 0.0270798 0.0123956 0.666039 0.00700531 0.0123495 0.390643 0.0203918 0.0216717 0.0134543 0.0186415 0.0530451 0.226194 0.580151
0.933569 0.88966 0.770047 0.966204 0.287725 0.961197 0.913353 0.985193 0.249897 0.831461 0.938107 0.866841 0.805088 0.976982 0.547826 0.870798 0.908968 0.982876 0.828949 0.987155 0.977617 0.760459 0.972517 0.977923 0.946055 0.968195 0.979019 0.1599 0.982858 0.888412 0.965362 0.965394 0.882728 0.178943 0.96216 0.73267 0.987159 0.612329 0.938571 0.966309 0.786641 0.72895 0.760968 0.852745 0.996887 0.959218 0.460544 0.895517 0.964206 0.0643824 0.0565783 0.00495402 0.0897156 0.117362 0.00756036 0.252342 0.0823284 0.074535 0.020153 0.212144 0.686792 0.339599 0.757659 0.00258896 0.95877 0.018571 0.119347 0.265738 0.445223 0.0199461 0.308617 0.927814 0.958888 0.295678 0.34134 0.0285089 0.222159 0.0350362 0.00258686 0.00488462 0.0205127 0.0898553 0.0107231 0.0849804 0.0892895 0.0317578 0.0781671 0.0267729 0.0123735 0.669045 0.00695336 0.0121663 0.390331 0.020038 0.021479 0.0132884 0.018483 0.0525803 0.226763 0.579294
0.934145 0.889946 0.77319 0.966455 0.287478 0.961368 0.913625 0.985218 0.250132 0.83221 0.938634 0.866869 0.803826 0.977031 0.548011 0.870393 0.909187 0.982852 0.830122 0.987217 0.977822 0.760298 0.972898 0.978109 0.946432 0.968546 0.978969 0.159203 0.982839 0.888412 0.96522 0.96525 0.883562 0.178143 0.962807 0.732462 0.987222 0.612526 0.939476 0.966562 0.786335 0.729549 0.761284 0.852846 0.9969 0.959926 0.460805 0.89503 0.964594 0.0636182 0.0563567 0.0049097 0.0887881 0.116444 0.00754142 0.253409 0.0829795 0.0742819 0.0198031 0.211736 0.687215 0.337784 0.75877 0.00257736 0.959082 0.0184079 0.119735 0.265866 0.444132 0.0196759 0.31042 0.927706 0.959491 0.295647 0.343904 0.0282829 0.22183 0.0347608 0.00257554 0.00480104 0.0205504 0.0898751 0.0106696 0.0849505 0.0883732 0.0318842 0.0771306 0.0264737 0.0123526 0.672063 0.00690283 0.0119848 0.390026 0.0196898 0.0212927 0.0131226 0.0183247 0.0521372 0.227325 0.57842
0.934722 0.89026 0.776278 0.966708 0.287258 0.961539 0.913876 0.98524 0.250348 0.832978 0.939154 0.866897 0.80257 0.977075 0.548181 0.86999 0.909393 0.98283 0.831265 0.987277 0.978027 0.760125 0.973269 0.978292 0.946814 0.968893 0.97892 0.158531 0.982816 0.888405 0.965075 0.965109 0.884381 0.177372 0.96344 0.732238 0.987283 0.61272 0.940371 0.96682 0.786059 0.730113 0.761581 0.852919 0.996914 0.960618 0.460982 0.89454 0.964969 0.0628637 0.0561329 0.00486592 0.0878713 0.115515 0.00752296 0.254478 0.0836391 0.0740431 0.019463 0.211334 0.687601 0.335961 0.759855 0.00256655 0.959397 0.0182531 0.120119 0.265968 0.443069 0.0194086 0.312257 0.927594 0.960085 0.295619 0.346492 0.0280571 0.221537 0.0344891 0.00256441 0.00471983 0.0205898 0.0899088 0.0106181 0.0849119 0.0874663 0.0320105 0.0761055 0.0261716 0.0123298 0.675021 0.0068522 0.0118074 0.389713 0.0193506 0.021105 0.0129609 0.018171 0.051691 0.227877 0.577556
0.93529 0.890548 0.779316 0.966956 0.286972 0.961717 0.914128 0.985262 0.250542 0.833763 0.939675 0.866929 0.801246 0.97712 0.548351 0.869557 0.909611 0.982805 0.832393 0.987338 0.978226 0.759945 0.97364 0.978473 0.947175 0.96923 0.978871 0.157882 0.982795 0.888408 0.964934 0.964957 0.885193 0.176632 0.964061 0.73201 0.987344 0.612949 0.941244 0.967071 0.785752 0.730672 0.761922 0.852997 0.996926 0.961299 0.461211 0.894043 0.965348 0.0621248 0.055916 0.00482411 0.0869544 0.114605 0.0075045 0.255564 0.0843016 0.0737947 0.0191257 0.21095 0.688015 0.334153 0.76091 0.00255553 0.959704 0.0180971 0.120512 0.266081 0.442022 0.0191489 0.314093 0.927489 0.96067 0.295602 0.349094 0.0278401 0.221245 0.0342198 0.00255303 0.00464005 0.0206314 0.0899246 0.0105665 0.0848876 0.0865661 0.0321444 0.0750971 0.0258785 0.012307 0.677999 0.00680291 0.011632 0.389408 0.0190162 0.0209193 0.0127975 0.0180199 0.0512412 0.228404 0.57668
0.935861 0.890833 0.782354 0.967206 0.286744 0.961887 0.91438 0.985286 0.250744 0.834519 0.940192 0.866944 0.799911 0.977168 0.54852 0.869146 0.909816 0.982783 0.833514 0.987397 0.978427 0.759814 0.974003 0.978651 0.947535 0.969567 0.978825 0.157195 0.98277 0.888408 0.964789 0.96481 0.886006 0.175875 0.96467 0.731792 0.987403 0.613125 0.942108 0.967323 0.785459 0.731277 0.762252 0.853065 0.996939 0.961969 0.461444 0.893547 0.965718 0.0614057 0.0556975 0.0047819 0.0860604 0.113683 0.00748603 0.25668 0.0849783 0.0735483 0.0187961 0.21056 0.688425 0.332341 0.761956 0.00254437 0.96001 0.01794 0.120909 0.2662 0.440983 0.0188922 0.315925 0.927392 0.96125 0.295552 0.35169 0.0276273 0.220966 0.0339517 0.00254175 0.00456188 0.020672 0.0899409 0.0105173 0.0848493 0.0856782 0.0322787 0.0740901 0.0255936 0.0122845 0.680952 0.00675194 0.011461 0.389119 0.0186919 0.0207399 0.012638 0.0178672 0.050786 0.228961 0.575784
0.936416 0.891118 0.785362 0.967456 0.286485 0.962063 0.914644 0.985311 0.250992 0.835293 0.940699 0.866961 0.798607 0.977212 0.548752 0.868725 0.910028 0.982756 0.834639 0.987457 0.97862 0.759637 0.974361 0.978826 0.947881 0.969899 0.978777 0.156528 0.982747 0.888397 0.964638 0.964665 0.886814 0.175112 0.965266 0.731529 0.987462 0.613256 0.942943 0.967569 0.78517 0.731853 0.762549 0.85316 0.996952 0.962629 0.461613 0.893058 0.966079 0.0606811 0.0554805 0.00474016 0.0851762 0.112784 0.00746923 0.257756 0.0856659 0.0733121 0.0184742 0.210174 0.688844 0.330516 0.762992 0.00253391 0.96032 0.0177891 0.121314 0.266311 0.439914 0.0186376 0.31779 0.927305 0.961821 0.295528 0.354285 0.0274097 0.220661 0.0336851 0.00253102 0.00448512 0.0207178 0.0899621 0.0104665 0.0848311 0.084793 0.0324177 0.0731181 0.0253091 0.0122618 0.683891 0.00670286 0.0112907 0.388809 0.0183708 0.0205644 0.012482 0.0177156 0.0503435 0.22949 0.574862
0.936965 0.891402 0.788312 0.967699 0.286239 0.962235 0.914897 0.985334 0.251181 0.836047 0.9412 0.866972 0.797284 0.977252 0.548934 0.868263 0.910251 0.982732 0.835735 0.987515 0.978814 0.759469 0.974717 0.978998 0.948238 0.970229 0.978726 0.155845 0.982725 0.888388 0.964485 0.964516 0.887606 0.174363 0.965857 0.731315 0.98752 0.613439 0.943774 0.967808 0.784881 0.732427 0.762885 0.853252 0.996964 0.963275 0.461819 0.892551 0.966433 0.0599707 0.0552493 0.0047002 0.0842905 0.111871 0.00745194 0.258854 0.0863655 0.073068 0.0181595 0.209773 0.689218 0.328749 0.764065 0.0025236 0.960624 0.0176391 0.121721 0.266444 0.438865 0.0183863 0.319634 0.927206 0.962386 0.295488 0.356873 0.0271993 0.220399 0.0334208 0.00252042 0.00440997 0.0207588 0.0899735 0.0104155 0.0848 0.0839352 0.0325522 0.0721585 0.0250264 0.0122398 0.68676 0.00665467 0.0111247 0.388491 0.0180591 0.0203898 0.0123289 0.0175664 0.0499058 0.230053 0.573941
0.937503 0.89168 0.791259 0.96794 0.285943 0.962404 0.915147 0.98536 0.251408 0.836812 0.941708 0.866981 0.79596 0.977291 0.549145 0.86783 0.910467 0.98271 0.836819 0.987573 0.979004 0.759277 0.975072 0.97917 0.948591 0.970549 0.978675 0.155194 0.982701 0.888391 0.964332 0.964366 0.888418 0.173643 0.96644 0.731097 0.987578 0.613631 0.944587 0.968046 0.784621 0.73297 0.763201 0.853363 0.996977 0.963903 0.461988 0.892058 0.966784 0.059269 0.0550384 0.00465986 0.0834268 0.11097 0.00743629 0.26 0.0870727 0.0728418 0.0178519 0.209397 0.689612 0.326965 0.765132 0.00251306 0.960914 0.017489 0.12212 0.266593 0.437826 0.0181386 0.321511 0.92711 0.962938 0.295505 0.35951 0.026987 0.220121 0.0331557 0.00250944 0.00433665 0.020804 0.089985 0.0103665 0.0847524 0.0830834 0.0326899 0.0712118 0.0247471 0.0122175 0.689647 0.00660492 0.0109609 0.388176 0.0177509 0.0202198 0.0121774 0.0174216 0.0494743 0.230604 0.573018
0.938037 0.891961 0.794132 0.968178 0.28572 0.962576 0.915404 0.985386 0.251614 0.837563 0.942197 0.866993 0.7946 0.977329 0.549279 0.867383 0.910695 0.982684 0.837932 0.987629 0.979191 0.759148 0.975417 0.979342 0.948932 0.970869 0.978625 0.154537 0.982677 0.888394 0.964177 0.96421 0.889191 0.172906 0.96701 0.730862 0.987633 0.613833 0.94539 0.968286 0.784353 0.733508 0.763514 0.853443 0.996989 0.964519 0.462132 0.891554 0.967134 0.0585765 0.0548306 0.00462043 0.0825592 0.110092 0.00741965 0.261103 0.0877617 0.0726119 0.0175512 0.20901 0.690012 0.325163 0.766175 0.00250309 0.961213 0.017344 0.122544 0.266709 0.436809 0.0178949 0.323398 0.927014 0.963474 0.295498 0.362149 0.026782 0.219839 0.0328972 0.00249873 0.00426526 0.0208434 0.0899956 0.0103188 0.0847012 0.0822377 0.032831 0.0702737 0.024472 0.0121974 0.692514 0.00655647 0.0108009 0.387884 0.0174496 0.0200542 0.0120277 0.0172797 0.0490321 0.231142 0.572134
0.93858 0.892227 0.796981 0.968413 0.285487 0.962755 0.915664 0.985411 0.251809 0.838298 0.942692 0.867012 0.793236 0.977369 0.549484 0.866932 0.91091 0.982661 0.839031 0.987684 0.979377 0.759009 0.975754 0.97951 0.949272 0.971181 0.978577 0.153898 0.982654 0.888389 0.96402 0.964055 0.889971 0.172198 0.967568 0.730617 0.987688 0.614054 0.946172 0.968522 0.784096 0.734044 0.763831 0.853529 0.997 0.965128 0.462249 0.89102 0.967471 0.0578963 0.0546182 0.00458106 0.0816966 0.109201 0.00740259 0.262264 0.088474 0.0723812 0.0172542 0.208621 0.690408 0.323403 0.767211 0.00249246 0.961503 0.0172011 0.122983 0.266849 0.435745 0.0176565 0.325283 0.926923 0.964008 0.295481 0.364769 0.0265765 0.219531 0.0326438 0.00248881 0.00419429 0.0208871 0.0900005 0.0102717 0.0846709 0.081385 0.0329709 0.069358 0.0242022 0.012176 0.695347 0.00650914 0.0106444 0.387606 0.0171546 0.019886 0.0118795 0.0171383 0.0486037 0.231682 0.571182
0.939114 0.892508 0.799818 0.968646 0.285237 0.962927 0.915921 0.985435 0.251996 0.839033 0.943182 0.867046 0.791882 0.977412 0.549671 0.866465 0.911131 0.982636 0.840099 0.987738 0.979558 0.758861 0.976085 0.979673 0.949608 0.971493 0.978522 0.153236 0.982631 0.888381 0.96387 0.963901 0.890744 0.171469 0.968118 0.730364 0.987741 0.614234 0.946937 0.968746 0.783848 0.734575 0.764168 0.853609 0.997012 0.965726 0.462383 0.890528 0.967807 0.0572096 0.0544085 0.00454182 0.0808522 0.108318 0.00738639 0.263382 0.0892007 0.0721482 0.0169632 0.20823 0.690743 0.321601 0.768216 0.00248275 0.961789 0.0170614 0.123378 0.266957 0.434728 0.0174206 0.327122 0.926817 0.964538 0.295485 0.36748 0.0263746 0.219279 0.0323868 0.00247844 0.00412479 0.0209319 0.0899958 0.0102243 0.0846268 0.0805514 0.0331195 0.0684503 0.0239364 0.0121561 0.698188 0.00646298 0.0104887 0.387325 0.0168669 0.0197192 0.0117367 0.0169968 0.0481798 0.232265 0.570275
0.939637 0.892794 0.802625 0.968877 0.284995 0.963101 0.916179 0.985457 0.252201 0.839741 0.943673 0.86706 0.790524 0.977452 0.549872 0.86602 0.91136 0.982611 0.84115 0.987792 0.979737 0.758676 0.976411 0.979833 0.949941 0.971797 0.978471 0.152584 0.982608 0.888388 0.963713 0.963736 0.89151 0.170741 0.968659 0.730132 0.987793 0.614402 0.94769 0.968977 0.783602 0.735115 0.764481 0.853681 0.997025 0.96631 0.462517 0.89001 0.968135 0.0565506 0.0541887 0.00450428 0.0800096 0.10745 0.00737119 0.264525 0.0899093 0.0719021 0.0166786 0.207842 0.691105 0.319765 0.769235 0.00247273 0.962077 0.0169216 0.123795 0.267144 0.433703 0.0171912 0.329019 0.926735 0.965064 0.295487 0.370177 0.0261776 0.219003 0.0321345 0.00246838 0.00405706 0.0209755 0.0899989 0.0101768 0.0845909 0.0797308 0.0332706 0.0675581 0.0236753 0.0121362 0.70099 0.00641696 0.0103386 0.387033 0.0165822 0.0195576 0.0115941 0.0168574 0.0477556 0.23282 0.569323
0.940155 0.893064 0.805369 0.969109 0.284779 0.963272 0.916429 0.985482 0.252411 0.840429 0.944149 0.867086 0.78911 0.977487 0.550027 0.865561 0.911584 0.982587 0.842221 0.987845 0.979917 0.75848 0.976736 0.979991 0.950266 0.972103 0.978422 0.151936 0.982583 0.888378 0.963547 0.963576 0.8923 0.170029 0.969184 0.729915 0.987847 0.614577 0.948438 0.969207 0.783341 0.735643 0.764794 0.85377 0.997036 0.966885 0.462643 0.889486 0.968467 0.055895 0.0539825 0.00446761 0.0791894 0.106584 0.00735538 0.265696 0.0906307 0.0716799 0.0163985 0.207463 0.691451 0.317967 0.770239 0.00246255 0.962363 0.0167835 0.124226 0.267314 0.432639 0.0169648 0.330904 0.926651 0.965579 0.295474 0.372836 0.0259781 0.218715 0.0318893 0.00245854 0.00399039 0.0210222 0.0899973 0.0101341 0.0845413 0.07891 0.0334177 0.0666713 0.0234131 0.0121155 0.703805 0.00637144 0.0101898 0.386734 0.0163041 0.0193985 0.0114559 0.0167231 0.0473378 0.233327 0.568309
0.94067 0.893339 0.808082 0.969333 0.28456 0.963448 0.916679 0.985507 0.252644 0.84115 0.944617 0.867115 0.787691 0.977521 0.550234 0.865104 0.911802 0.982562 0.843281 0.987897 0.980087 0.758323 0.977053 0.980148 0.950589 0.972403 0.97837 0.151318 0.98256 0.888377 0.963388 0.963412 0.893074 0.169309 0.969701 0.729687 0.987899 0.614738 0.949167 0.969432 0.783136 0.736162 0.765115 0.853838 0.997048 0.967449 0.462719 0.888979 0.968782 0.0552566 0.0537724 0.00443055 0.0783725 0.105734 0.00734109 0.266827 0.0913601 0.0714512 0.0161222 0.207057 0.691795 0.31618 0.771229 0.00245329 0.962646 0.016648 0.124661 0.267476 0.431635 0.0167399 0.332818 0.926571 0.966083 0.295475 0.375487 0.025784 0.218445 0.0316426 0.0024485 0.0039253 0.0210679 0.0900063 0.0100874 0.08449 0.0781041 0.033562 0.0658104 0.0231544 0.0120949 0.706611 0.00632592 0.0100439 0.386451 0.0160333 0.0192396 0.0113166 0.0165873 0.0469163 0.233869 0.567312
0.941191 0.893618 0.810787 0.969553 0.284391 0.963615 0.916933 0.98553 0.252871 0.84188 0.945086 0.867127 0.786327 0.977554 0.550375 0.864602 0.912032 0.982539 0.844345 0.987946 0.980258 0.758141 0.977365 0.980304 0.950908 0.972701 0.978322 0.150677 0.982535 0.888367 0.963221 0.963252 0.89383 0.168581 0.970206 0.729447 0.987951 0.614917 0.949877 0.969653 0.782898 0.73664 0.765457 0.853909 0.997059 0.968 0.462766 0.888463 0.969096 0.0546163 0.0535601 0.00439407 0.0775564 0.104896 0.00732634 0.268005 0.0920825 0.0712312 0.0158556 0.206715 0.692127 0.314429 0.772206 0.00244375 0.962919 0.0165126 0.125094 0.267656 0.430602 0.0165162 0.334719 0.926469 0.966582 0.295488 0.37818 0.0255907 0.218154 0.0313975 0.00243901 0.00386122 0.0211128 0.0900127 0.0100429 0.0844301 0.0772983 0.0337112 0.0649605 0.0229048 0.0120755 0.709348 0.00628023 0.00990051 0.386187 0.0157671 0.0190892 0.0111814 0.0164543 0.0465053 0.234434 0.566329
0.941693 0.893863 0.813451 0.969771 0.284198 0.963782 0.917186 0.985553 0.253119 0.842574 0.94555 0.867156 0.784881 0.977587 0.550542 0.864117 0.912262 0.982516 0.8454 0.988 0.980428 0.758012 0.977674 0.980461 0.951225 0.972995 0.978273 0.150035 0.982512 0.888355 0.963053 0.96309 0.8946 0.167878 0.970701 0.729224 0.988004 0.615098 0.950579 0.969876 0.782661 0.737163 0.765763 0.853996 0.99707 0.968542 0.462846 0.887939 0.969412 0.0539832 0.0533558 0.00435874 0.0767506 0.10404 0.00731205 0.269187 0.0928125 0.0710085 0.0155933 0.20631 0.692476 0.31264 0.773202 0.00243382 0.963199 0.0163806 0.125538 0.267824 0.429588 0.0163004 0.336669 0.92639 0.967075 0.295462 0.380905 0.0254033 0.217927 0.0311529 0.00242951 0.00379831 0.0211613 0.0900248 0.00999781 0.0843759 0.0765039 0.0338634 0.0641141 0.0226551 0.0120566 0.712133 0.00623547 0.00975933 0.385894 0.0155066 0.0189318 0.0110457 0.0163236 0.0461078 0.235016 0.565359
0.942194 0.894145 0.816084 0.969992 0.284003 0.963949 0.917435 0.985575 0.253337 0.843268 0.946 0.867162 0.783443 0.977624 0.550758 0.863618 0.912488 0.982493 0.846415 0.988049 0.980596 0.757856 0.977979 0.980619 0.951539 0.973287 0.978221 0.149405 0.982488 0.888364 0.962882 0.962931 0.89534 0.167177 0.971187 0.72897 0.988054 0.615255 0.951278 0.970097 0.782446 0.737656 0.766082 0.854066 0.997082 0.969065 0.462903 0.88742 0.969714 0.0533695 0.0531593 0.0043239 0.0759665 0.103209 0.00729928 0.270383 0.0935487 0.0707787 0.0153378 0.205901 0.692811 0.310888 0.774212 0.00242433 0.963475 0.0162493 0.125988 0.268012 0.428593 0.0160893 0.338538 0.926309 0.967554 0.295514 0.383638 0.0252201 0.217682 0.0309163 0.00242022 0.00373687 0.0212094 0.090029 0.0099535 0.0843349 0.0757099 0.0340129 0.0632932 0.0224092 0.0120352 0.714854 0.006192 0.00962071 0.385588 0.015253 0.018782 0.0109122 0.0161919 0.0456939 0.235552 0.564359
0.942683 0.894428 0.818669 0.970209 0.283819 0.964116 0.917677 0.985596 0.253517 0.843954 0.946461 0.867176 0.782004 0.977658 0.550979 0.863139 0.912708 0.982472 0.847452 0.988098 0.980762 0.757704 0.978275 0.980771 0.951847 0.973572 0.978171 0.14875 0.982464 0.888351 0.962714 0.96276 0.896093 0.166492 0.971667 0.728702 0.988104 0.61546 0.951953 0.970309 0.782257 0.738157 0.766371 0.854141 0.997093 0.969588 0.462931 0.886904 0.970017 0.0527558 0.0529592 0.00428889 0.0751968 0.102385 0.00728504 0.271528 0.094308 0.0705609 0.015085 0.205546 0.693171 0.309143 0.775208 0.00241511 0.963748 0.0161199 0.126441 0.26819 0.427589 0.0158812 0.340444 0.926216 0.968028 0.295534 0.386359 0.0250396 0.217452 0.0306763 0.00241065 0.00367672 0.0212567 0.090031 0.00991277 0.0842767 0.0749314 0.034172 0.0624735 0.0221663 0.0120154 0.717534 0.00614728 0.00948392 0.385325 0.0150031 0.018636 0.0107822 0.0160604 0.0452996 0.23609 0.563358
0.943177 0.89469 0.82121 0.970424 0.28363 0.964274 0.917923 0.985621 0.253746 0.844619 0.946914 0.867205 0.780531 0.977689 0.551228 0.862642 0.912933 0.982446 0.848448 0.988147 0.980921 0.757568 0.978568 0.980917 0.952146 0.973856 0.978123 0.148126 0.982442 0.888332 0.962539 0.962587 0.896819 0.1658 0.972138 0.728424 0.988151 0.615619 0.952624 0.970521 0.782059 0.738653 0.7667 0.854222 0.997103 0.970092 0.46296 0.886366 0.970314 0.0521599 0.0527501 0.004254 0.0744356 0.10156 0.00727228 0.272711 0.0950578 0.0703339 0.0148385 0.205198 0.693493 0.307359 0.776188 0.00240586 0.964016 0.0159903 0.126898 0.26837 0.426569 0.0156774 0.342337 0.926119 0.968491 0.295516 0.389094 0.024854 0.217212 0.030438 0.00240136 0.00361764 0.0213031 0.0900237 0.00986923 0.0842171 0.0741558 0.0343268 0.0616692 0.0219244 0.0119947 0.720183 0.00610437 0.00934982 0.385039 0.0147547 0.018489 0.0106536 0.0159298 0.0449046 0.236612 0.562341
0.943665 0.894941 0.823744 0.970632 0.283484 0.964441 0.918162 0.985641 0.253947 0.845285 0.947353 0.867218 0.779082 0.977723 0.551416 0.862139 0.913163 0.982422 0.849459 0.988194 0.981081 0.757417 0.978854 0.981062 0.952445 0.974127 0.978074 0.147485 0.982415 0.888312 0.962368 0.962413 0.897541 0.165125 0.972606 0.728199 0.9882 0.615787 0.953275 0.970732 0.781885 0.739135 0.767023 0.854278 0.997114 0.970591 0.462963 0.885837 0.970607 0.0515636 0.0525562 0.00422024 0.0736647 0.100736 0.0072593 0.273941 0.095803 0.0701122 0.0145957 0.204805 0.693821 0.305604 0.777138 0.00239685 0.964276 0.015865 0.127383 0.268552 0.425547 0.0154748 0.344232 0.926028 0.968944 0.295539 0.391791 0.0246742 0.216978 0.0302074 0.00239222 0.00355948 0.0213511 0.0900338 0.00982814 0.0841431 0.0733981 0.034485 0.0608741 0.0216869 0.0119743 0.722851 0.00606196 0.00921879 0.384743 0.0145134 0.0183429 0.0105278 0.0158028 0.0445158 0.237171 0.561366
0.944147 0.895198 0.826242 0.970842 0.283327 0.964603 0.918411 0.985666 0.254201 0.845955 0.9478 0.86724 0.777567 0.977757 0.551596 0.861628 0.9134 0.982395 0.850438 0.988241 0.981236 0.757291 0.979135 0.981205 0.952734 0.974399 0.978022 0.146851 0.98239 0.888318 0.96219 0.96224 0.898255 0.164446 0.973058 0.727937 0.988247 0.615997 0.953919 0.97094 0.781693 0.739621 0.767303 0.854372 0.997125 0.971076 0.462946 0.885304 0.970894 0.0509777 0.0523555 0.00418717 0.0729067 0.0999512 0.00724562 0.275141 0.0965622 0.0698834 0.0143581 0.20446 0.694176 0.303855 0.778064 0.00238808 0.96454 0.0157414 0.127875 0.268753 0.424546 0.0152722 0.34615 0.925939 0.969394 0.295574 0.394536 0.024495 0.216749 0.0299778 0.00238335 0.00350292 0.0214014 0.0900313 0.00978685 0.0840937 0.0726506 0.0346435 0.0600892 0.0214517 0.0119554 0.725492 0.00601884 0.0090898 0.384462 0.0142791 0.0182015 0.0104038 0.0156799 0.0441256 0.237666 0.560339
0.944619 0.895464 0.828705 0.971049 0.283166 0.964766 0.918645 0.985687 0.254424 0.846637 0.948241 0.867245 0.77606 0.977789 0.55176 0.861144 0.91362 0.982369 0.851434 0.988288 0.981388 0.757126 0.979419 0.981346 0.953031 0.97467 0.977968 0.146225 0.982366 0.888298 0.962015 0.962073 0.898962 0.163757 0.973508 0.727665 0.988293 0.616168 0.95455 0.971143 0.781516 0.74008 0.767626 0.854444 0.997135 0.971557 0.462942 0.884768 0.97118 0.0504 0.0521557 0.00415423 0.0721613 0.099153 0.00723368 0.276388 0.097327 0.0696655 0.014128 0.2041 0.6945 0.302125 0.778974 0.00237925 0.964801 0.0156183 0.128361 0.268956 0.423544 0.015073 0.348087 0.92585 0.969837 0.295621 0.397301 0.0243186 0.216526 0.0297526 0.00237437 0.00344732 0.021449 0.0900356 0.00974645 0.0840383 0.0719057 0.0348023 0.0593169 0.0212222 0.011935 0.728135 0.00597796 0.00896468 0.384192 0.0140481 0.0180631 0.0102798 0.0155592 0.0437385 0.238179 0.559329
0.94509 0.895694 0.831123 0.971254 0.283 0.964927 0.91889 0.985708 0.254683 0.847305 0.948675 0.867261 0.774553 0.977823 0.551928 0.860648 0.913855 0.982344 0.852414 0.988334 0.981538 0.756987 0.979697 0.981488 0.953306 0.974941 0.977919 0.145617 0.982341 0.888278 0.961838 0.961895 0.899664 0.163066 0.973947 0.727417 0.988339 0.616379 0.955163 0.971343 0.781327 0.740553 0.767936 0.854492 0.997146 0.972026 0.462888 0.884211 0.971463 0.0498418 0.051966 0.00412218 0.0714259 0.0983521 0.00722079 0.277627 0.0980957 0.0694392 0.0138984 0.203718 0.69479 0.300399 0.779918 0.00237048 0.965061 0.0154968 0.128843 0.269152 0.422543 0.0148802 0.350016 0.925763 0.970273 0.295636 0.400064 0.024145 0.216266 0.0295259 0.00236526 0.00339242 0.021501 0.0900315 0.00970596 0.0839865 0.0711745 0.0349645 0.0585653 0.0209938 0.0119136 0.73078 0.00593683 0.00884008 0.383926 0.0138218 0.0179283 0.0101602 0.0154403 0.043358 0.238682 0.558323
0.945565 0.895951 0.833495 0.97145 0.282871 0.965087 0.919131 0.98573 0.254894 0.847968 0.949099 0.86727 0.773035 0.977848 0.552093 0.860105 0.914086 0.98232 0.85342 0.988381 0.98169 0.756852 0.979966 0.981628 0.953583 0.975203 0.977865 0.144989 0.982315 0.888287 0.96166 0.961707 0.900378 0.162407 0.974376 0.72715 0.988387 0.616552 0.955773 0.97154 0.781206 0.741016 0.768228 0.854552 0.997156 0.972486 0.462837 0.883667 0.97174 0.0492914 0.0517789 0.00409051 0.0706864 0.0975585 0.00720794 0.278888 0.0988758 0.0692242 0.0136755 0.203386 0.695094 0.298643 0.780855 0.00236222 0.965317 0.0153792 0.129329 0.269377 0.421537 0.0146915 0.351948 0.925683 0.970705 0.295677 0.402789 0.02397 0.216069 0.0292988 0.00235681 0.00333932 0.0215494 0.0900244 0.00966689 0.0839106 0.0704551 0.0351317 0.0578304 0.0207646 0.0118936 0.733358 0.00589556 0.00871706 0.383681 0.013599 0.0177909 0.0100405 0.0153219 0.042972 0.239239 0.557283
0.946037 0.896195 0.835856 0.971649 0.282702 0.965249 0.919386 0.985751 0.255121 0.848599 0.949526 0.867284 0.771513 0.977878 0.552244 0.859569 0.914318 0.982296 0.854381 0.988428 0.981834 0.756718 0.980237 0.98177 0.953853 0.975463 0.977814 0.14437 0.982288 0.888274 0.96148 0.961521 0.90108 0.16174 0.974795 0.726895 0.988431 0.616666 0.956363 0.971737 0.781014 0.741484 0.768516 0.854636 0.997166 0.972939 0.462773 0.883139 0.972008 0.0487288 0.0515817 0.00405906 0.0699566 0.0967765 0.00719645 0.280166 0.0996682 0.0690084 0.0134561 0.203017 0.695396 0.296907 0.781795 0.00235357 0.965572 0.015259 0.129833 0.269621 0.420533 0.0145023 0.353904 0.925619 0.971129 0.295716 0.405546 0.0237971 0.215821 0.0290818 0.00234822 0.00328702 0.0215984 0.0900067 0.00962896 0.0838243 0.06974 0.0352943 0.0571051 0.0205431 0.0118733 0.735911 0.00585472 0.00859658 0.383476 0.0133832 0.0176563 0.00992236 0.0152042 0.0425911 0.239766 0.556241
0.946501 0.896458 0.838184 0.971844 0.282552 0.965409 0.919612 0.98577 0.2554 0.849227 0.949949 0.867315 0.769974 0.977899 0.552382 0.859021 0.914548 0.982268 0.85535 0.988474 0.981978 0.756575 0.980498 0.981904 0.954123 0.975718 0.977764 0.143748 0.982263 0.88828 0.961302 0.96134 0.901766 0.161066 0.975208 0.726641 0.988476 0.616787 0.956943 0.97194 0.780841 0.741902 0.768789 0.854703 0.997176 0.973384 0.462724 0.882577 0.972271 0.0481869 0.051388 0.00402728 0.0692329 0.0960116 0.00718491 0.281429 0.10046 0.0687855 0.0132428 0.202609 0.695698 0.295165 0.782702 0.0023453 0.965829 0.0151447 0.130327 0.269831 0.419526 0.0143179 0.35585 0.925553 0.971546 0.295764 0.408347 0.0236296 0.215603 0.0288664 0.00233981 0.00323558 0.0216468 0.0899977 0.00959179 0.0837496 0.0690213 0.0354619 0.0563867 0.0203264 0.0118527 0.738441 0.00581513 0.00847729 0.383225 0.0131705 0.0175263 0.00980563 0.0150859 0.0422117 0.240283 0.555184
0.946957 0.896712 0.840493 0.972037 0.28239 0.965571 0.919858 0.985791 0.255638 0.849854 0.950369 0.867322 0.768381 0.977921 0.552586 0.858474 0.914787 0.982244 0.856306 0.988518 0.982119 0.756454 0.980758 0.982037 0.954394 0.975972 0.977715 0.143131 0.982236 0.888251 0.961114 0.961156 0.902448 0.1604 0.975613 0.726411 0.98852 0.616966 0.957518 0.972139 0.780676 0.742363 0.769071 0.854772 0.997185 0.97382 0.462628 0.882051 0.972534 0.0476459 0.051194 0.00399724 0.0685253 0.0952291 0.00717451 0.28271 0.101264 0.0685711 0.0130321 0.20226 0.696005 0.293451 0.783608 0.00233706 0.966073 0.0150258 0.130823 0.270047 0.418501 0.014138 0.35785 0.925488 0.971952 0.295807 0.411127 0.0234611 0.21536 0.0286517 0.00233159 0.00318472 0.0216933 0.0899768 0.00955382 0.083666 0.0683076 0.0356251 0.0556742 0.0201101 0.0118333 0.740977 0.00577502 0.00836034 0.382977 0.0129617 0.0173962 0.00969137 0.0149712 0.0418387 0.240794 0.554123
0.947411 0.896973 0.842771 0.972231 0.282233 0.965732 0.9201 0.985811 0.255877 0.850481 0.950778 0.867333 0.76682 0.977945 0.552736 0.857912 0.915019 0.982219 0.857248 0.988562 0.982262 0.756358 0.981013 0.982171 0.95466 0.976222 0.977667 0.142513 0.982211 0.888257 0.960926 0.960972 0.903149 0.159761 0.976016 0.726171 0.988564 0.617157 0.958087 0.97233 0.780537 0.742803 0.769382 0.854843 0.997194 0.974247 0.462498 0.881497 0.972797 0.0471207 0.0510124 0.00396665 0.0678342 0.0944616 0.00716368 0.283971 0.102062 0.068363 0.0128245 0.201903 0.696324 0.291704 0.784512 0.00232863 0.966322 0.0149152 0.131314 0.270294 0.417471 0.0139635 0.359818 0.925427 0.972352 0.295845 0.413921 0.0232933 0.215137 0.0284391 0.00232302 0.00313575 0.0217472 0.089962 0.00951761 0.083582 0.0676193 0.03579 0.0549754 0.0198979 0.0118134 0.743459 0.00573646 0.00824528 0.382744 0.0127584 0.0172701 0.00957764 0.0148566 0.0414681 0.241302 0.553041
0.94786 0.897208 0.844994 0.972426 0.282114 0.965892 0.920334 0.985833 0.25612 0.85111 0.951191 0.867359 0.765255 0.977968 0.552877 0.857356 0.915251 0.982192 0.858196 0.988606 0.982399 0.756248 0.981268 0.982304 0.954923 0.976469 0.977609 0.14192 0.982183 0.888254 0.960737 0.960778 0.903838 0.159106 0.97641 0.725904 0.988606 0.617366 0.958646 0.97252 0.78041 0.743249 0.769652 0.854892 0.997203 0.974662 0.462384 0.880935 0.973052 0.046603 0.0508262 0.00393722 0.0671397 0.0936918 0.00715267 0.285269 0.102853 0.0681646 0.0126234 0.201534 0.696595 0.290003 0.785405 0.00232093 0.966564 0.0148011 0.131831 0.270514 0.416502 0.0137872 0.3618 0.92536 0.972748 0.295891 0.416714 0.0231269 0.214918 0.0282288 0.00231536 0.00308695 0.0217973 0.0899581 0.00948189 0.0834889 0.0669379 0.0359542 0.0542898 0.0196929 0.0117947 0.745924 0.00569803 0.00813315 0.382516 0.0125578 0.0171448 0.0094659 0.014745 0.041101 0.2418 0.551954
0.948303 0.897439 0.847204 0.972615 0.282046 0.966053 0.920567 0.985853 0.256355 0.85174 0.951595 0.86736 0.763669 0.977991 0.553045 0.856789 0.91549 0.98217 0.85916 0.988649 0.982536 0.756143 0.981516 0.982435 0.955183 0.97671 0.977557 0.141304 0.982158 0.888242 0.960551 0.960587 0.904509 0.158437 0.976796 0.725621 0.98865 0.617537 0.959188 0.97271 0.780276 0.743676 0.769921 0.854997 0.997213 0.975075 0.462226 0.880385 0.973304 0.0460774 0.0506419 0.0039069 0.0664491 0.0929445 0.00714326 0.286569 0.103668 0.0679604 0.0124251 0.201175 0.696864 0.288267 0.786303 0.00231321 0.966804 0.0146895 0.132363 0.270777 0.415522 0.0136123 0.363812 0.925285 0.973139 0.295934 0.41947 0.0229599 0.214701 0.02802 0.00230768 0.00303914 0.0218471 0.089934 0.00944515 0.0834038 0.0662445 0.0361252 0.0536176 0.0194857 0.0117761 0.748393 0.00565908 0.00802393 0.382286 0.0123601 0.0170191 0.00935853 0.0146342 0.0407375 0.242327 0.550835
0.948741 0.897689 0.849391 0.972805 0.281936 0.966212 0.920807 0.985874 0.256591 0.852338 0.951992 0.867383 0.762042 0.978011 0.553194 0.856205 0.915724 0.982146 0.860088 0.98869 0.982669 0.756039 0.981757 0.982563 0.955441 0.97695 0.97751 0.140665 0.982133 0.888238 0.960353 0.960397 0.905171 0.157794 0.977174 0.725352 0.988693 0.617745 0.959723 0.972895 0.780153 0.744115 0.770212 0.855062 0.997222 0.975473 0.462099 0.879834 0.973554 0.0455698 0.0504579 0.00387797 0.0657632 0.0921983 0.00713297 0.28788 0.104477 0.0677548 0.0122342 0.200825 0.69716 0.286507 0.787137 0.0023056 0.967044 0.0145794 0.132905 0.271021 0.414554 0.013442 0.365788 0.925213 0.973522 0.296009 0.422282 0.0227989 0.2145 0.0278124 0.00229971 0.00299248 0.0218997 0.0899049 0.00941102 0.0833166 0.0655628 0.0363056 0.0529546 0.0192796 0.0117579 0.750842 0.00562001 0.0079153 0.382038 0.012167 0.0168976 0.00925149 0.0145254 0.040381 0.242834 0.549725
0.949172 0.897937 0.851547 0.972992 0.281835 0.966372 0.921047 0.985895 0.256811 0.852942 0.952394 0.867373 0.760436 0.978037 0.553358 0.855622 0.915959 0.982118 0.861014 0.988732 0.982802 0.755929 0.981997 0.982688 0.955687 0.977189 0.977463 0.140059 0.982108 0.888226 0.960161 0.960204 0.905839 0.157161 0.977544 0.725067 0.988736 0.617924 0.96024 0.973075 0.78007 0.744528 0.770509 0.855119 0.99723 0.975871 0.461907 0.879264 0.973798 0.0450677 0.0502771 0.00385 0.0650953 0.0914577 0.00712391 0.289211 0.105316 0.067536 0.0120457 0.200456 0.697458 0.284785 0.787972 0.00229764 0.967282 0.0144726 0.133424 0.271218 0.413569 0.0132742 0.367829 0.925135 0.973901 0.296094 0.425153 0.0226387 0.214283 0.0276066 0.00229192 0.00294635 0.0219526 0.0898795 0.00937444 0.0832261 0.064893 0.0364797 0.0522954 0.019079 0.0117382 0.75325 0.00558212 0.00780942 0.381781 0.0119772 0.016775 0.00914478 0.0144188 0.0400282 0.243319 0.548631
0.949612 0.898185 0.853658 0.973176 0.281745 0.966531 0.921273 0.985917 0.257046 0.853556 0.952787 0.867374 0.758794 0.978062 0.553498 0.855068 0.916199 0.982096 0.861952 0.988772 0.982931 0.755844 0.982228 0.982811 0.955933 0.977421 0.977415 0.139455 0.982081 0.888219 0.959957 0.960009 0.906504 0.156549 0.977908 0.724835 0.988774 0.618108 0.960759 0.973255 0.779963 0.744952 0.770808 0.855202 0.997239 0.976258 0.461729 0.878701 0.974038 0.0445742 0.0500973 0.00382191 0.0644245 0.0907281 0.00711422 0.290544 0.106149 0.0673279 0.0118585 0.200085 0.697716 0.283093 0.788818 0.00228999 0.967513 0.014366 0.133954 0.271498 0.412612 0.0131098 0.369803 0.925059 0.974273 0.296193 0.427984 0.022482 0.214058 0.0274047 0.00228427 0.00290096 0.022007 0.0898598 0.00933911 0.0831246 0.0642309 0.0366576 0.0516512 0.0188807 0.0117195 0.755652 0.00554498 0.00770324 0.381557 0.0117938 0.016657 0.00904137 0.0143109 0.0396758 0.243786 0.547502
0.950038 0.898415 0.855736 0.973356 0.281657 0.966686 0.921507 0.985939 0.257292 0.854187 0.953181 0.867394 0.757171 0.978083 0.553647 0.854511 0.916431 0.982072 0.86286 0.988812 0.98306 0.755767 0.982465 0.982935 0.956183 0.97765 0.977363 0.138858 0.982058 0.888241 0.959768 0.959811 0.90716 0.155925 0.978265 0.724582 0.988813 0.618274 0.961263 0.973435 0.779855 0.745396 0.771074 0.855282 0.997249 0.976637 0.461498 0.878146 0.974276 0.044095 0.0499151 0.00379501 0.063771 0.0900065 0.00710451 0.291869 0.106989 0.0671182 0.0116749 0.199703 0.697996 0.281374 0.789651 0.00228252 0.967747 0.0142608 0.134507 0.271745 0.411653 0.0129441 0.371823 0.925002 0.974642 0.296241 0.430794 0.0223244 0.213852 0.0272047 0.00227698 0.00285712 0.0220573 0.0898248 0.00930585 0.0830316 0.0635842 0.0368402 0.0510154 0.0186847 0.0117016 0.758047 0.00550912 0.00759951 0.381334 0.0116136 0.0165437 0.00893917 0.014206 0.0393133 0.244269 0.546392
0.950467 0.898646 0.857791 0.973535 0.281578 0.966844 0.921738 0.985959 0.257559 0.854773 0.953569 0.867391 0.75553 0.978105 0.553847 0.853914 0.916673 0.982045 0.863766 0.988852 0.983187 0.755667 0.982696 0.983056 0.956421 0.977875 0.977309 0.138227 0.982033 0.888245 0.959565 0.959602 0.907819 0.155297 0.978618 0.724318 0.988852 0.618436 0.961767 0.973613 0.779797 0.745807 0.771361 0.855339 0.997257 0.977009 0.461249 0.877572 0.974511 0.0436176 0.0497307 0.00376819 0.0631271 0.0892661 0.00709606 0.293189 0.107826 0.0669173 0.0114967 0.199345 0.698231 0.279662 0.790482 0.00227503 0.967975 0.0141584 0.135074 0.272017 0.410689 0.0127832 0.373849 0.92495 0.975002 0.29634 0.43362 0.0221731 0.213685 0.0270077 0.00226966 0.00281428 0.0221086 0.0898259 0.00927231 0.0829351 0.062932 0.037024 0.0503912 0.0184896 0.0116811 0.760404 0.00547292 0.00749766 0.381155 0.0114367 0.0164313 0.0088394 0.0141031 0.0389593 0.244749 0.545261
0.950884 0.898879 0.859824 0.973714 0.281534 0.967004 0.921977 0.985982 0.257786 0.855358 0.953949 0.867406 0.753886 0.978125 0.554001 0.853324 0.916912 0.982019 0.86466 0.98889 0.983312 0.755589 0.982921 0.983172 0.95666 0.978099 0.977259 0.137605 0.982006 0.888234 0.959358 0.959394 0.908455 0.154661 0.978961 0.724076 0.98889 0.618623 0.962255 0.973789 0.779717 0.746222 0.771647 0.855395 0.997266 0.977376 0.461025 0.877025 0.974738 0.0431476 0.0495529 0.0037412 0.0624773 0.0885397 0.00708787 0.294546 0.108678 0.0667089 0.0113212 0.199004 0.698506 0.277961 0.79133 0.00226758 0.968199 0.0140562 0.135629 0.272253 0.409688 0.0126263 0.375838 0.924891 0.97535 0.296463 0.436432 0.02202 0.213482 0.02681 0.00226223 0.00277187 0.022159 0.0898033 0.00923871 0.0828474 0.062289 0.0372136 0.0497734 0.0182985 0.0116621 0.762709 0.00543665 0.00739791 0.38096 0.0112616 0.0163187 0.00873839 0.0139998 0.0386144 0.245256 0.544119
0.951287 0.899119 0.861839 0.973889 0.281417 0.967158 0.922211 0.986001 0.258024 0.855929 0.954325 0.867407 0.752164 0.978144 0.554219 0.852731 0.917145 0.981997 0.865554 0.988928 0.983437 0.755491 0.983143 0.983293 0.956896 0.978322 0.977207 0.137013 0.981981 0.888233 0.959157 0.959191 0.909093 0.154056 0.979301 0.723765 0.988929 0.618826 0.962739 0.973961 0.779609 0.746628 0.771894 0.85546 0.997274 0.977739 0.460779 0.876461 0.974962 0.0426766 0.0493672 0.00371461 0.0618498 0.0878161 0.00708007 0.295908 0.109549 0.0665108 0.0111503 0.198651 0.698755 0.27627 0.792126 0.00226026 0.968421 0.013954 0.136185 0.272527 0.408698 0.01247 0.377827 0.924833 0.975701 0.296542 0.439242 0.0218678 0.213301 0.0266127 0.00225506 0.00273073 0.0222141 0.0897689 0.00920669 0.0827472 0.0616569 0.0374034 0.0491779 0.018112 0.0116457 0.765036 0.00540009 0.00730041 0.380731 0.0110906 0.0162073 0.00864076 0.013901 0.0382711 0.245741 0.542983
0.951699 0.899349 0.863828 0.974064 0.281342 0.967317 0.922427 0.986023 0.258226 0.856505 0.954697 0.867423 0.75047 0.978162 0.554343 0.852128 0.917387 0.981971 0.866407 0.988967 0.983558 0.755402 0.983362 0.983411 0.957124 0.978536 0.977154 0.136403 0.981955 0.888213 0.958951 0.958991 0.909728 0.153429 0.979633 0.723525 0.988966 0.619024 0.963216 0.97414 0.77955 0.747048 0.772168 0.855517 0.997283 0.978088 0.460541 0.875873 0.975189 0.0422256 0.0491898 0.00368893 0.0612205 0.0870965 0.0070727 0.29725 0.110412 0.0663041 0.0109814 0.19832 0.699014 0.274586 0.792941 0.00225283 0.968645 0.0138562 0.136749 0.272804 0.407759 0.0123173 0.379843 0.924772 0.976049 0.296622 0.442036 0.0217168 0.213114 0.0264238 0.00224817 0.00268986 0.0222712 0.0897433 0.0091727 0.0826295 0.0610195 0.0375899 0.0485867 0.0179274 0.0116274 0.767325 0.00536387 0.00720546 0.380526 0.0109237 0.0160973 0.00854498 0.0138 0.0379303 0.246204 0.541823
0.952102 0.899582 0.865792 0.974235 0.281261 0.967473 0.922667 0.986044 0.258463 0.857064 0.955062 0.867453 0.748806 0.978178 0.554475 0.851515 0.917624 0.981944 0.867257 0.989004 0.983676 0.755319 0.983581 0.983526 0.957352 0.978749 0.977101 0.135792 0.981928 0.888206 0.958746 0.958783 0.910355 0.152819 0.979958 0.723266 0.989003 0.619167 0.963678 0.97431 0.779478 0.747415 0.772463 0.855571 0.997291 0.978433 0.46028 0.875308 0.975407 0.0417746 0.0490149 0.00366255 0.060604 0.0863786 0.00706594 0.298645 0.111264 0.0660954 0.0108167 0.197969 0.699242 0.272882 0.793739 0.0022456 0.968865 0.0137566 0.137323 0.273074 0.406808 0.0121687 0.38192 0.92472 0.976388 0.296695 0.444878 0.0215675 0.212931 0.0262353 0.0022415 0.00265019 0.0223249 0.0897078 0.0091401 0.082526 0.0604032 0.0377771 0.0480097 0.0177423 0.0116097 0.7696 0.00532933 0.00711223 0.380285 0.0107604 0.0159904 0.00844827 0.0137031 0.0375911 0.246664 0.540715
0.952497 0.899812 0.867718 0.974406 0.281197 0.967626 0.922882 0.986063 0.25866 0.85764 0.955431 0.867468 0.747107 0.978195 0.554605 0.850886 0.917872 0.98192 0.868126 0.989041 0.983792 0.755261 0.983791 0.983642 0.95758 0.978965 0.977053 0.135197 0.9819 0.888203 0.958538 0.95857 0.910985 0.15221 0.980276 0.723027 0.989039 0.619314 0.964137 0.974477 0.779452 0.74779 0.772743 0.85563 0.997299 0.978772 0.460016 0.874755 0.975624 0.041335 0.0488438 0.00363718 0.0600079 0.0856717 0.00705787 0.299964 0.112146 0.0658859 0.0106529 0.197632 0.699524 0.271196 0.794528 0.00223882 0.969082 0.0136564 0.137908 0.273353 0.405843 0.0120216 0.383953 0.924672 0.976721 0.296813 0.447693 0.0214199 0.212748 0.0260451 0.00223499 0.00261059 0.0223808 0.0896703 0.00910916 0.0824212 0.0597858 0.03797 0.0474278 0.0175638 0.0115891 0.771849 0.00529428 0.00701896 0.38005 0.0106011 0.0158863 0.00835371 0.0136049 0.0372593 0.247135 0.539555
0.952894 0.900058 0.869624 0.974574 0.281127 0.967773 0.923111 0.986082 0.258914 0.858194 0.955794 0.867471 0.745389 0.978209 0.554731 0.850237 0.918112 0.981897 0.868982 0.989076 0.983905 0.755171 0.983996 0.983755 0.957803 0.979173 0.977005 0.134591 0.981875 0.888184 0.958324 0.958359 0.911621 0.151613 0.980589 0.722783 0.989076 0.619527 0.964586 0.974643 0.779413 0.748141 0.77305 0.855719 0.997307 0.979103 0.459655 0.874172 0.975838 0.0409004 0.0486707 0.00361192 0.0594032 0.0849821 0.00705024 0.301361 0.113018 0.065687 0.0104928 0.197281 0.699773 0.269487 0.795336 0.00223212 0.969296 0.0135618 0.138501 0.273641 0.4049 0.0118775 0.386017 0.92463 0.977048 0.296885 0.450547 0.021275 0.212554 0.0258603 0.002228 0.00257217 0.0224354 0.0896467 0.00907737 0.0823002 0.0591853 0.0381539 0.0468629 0.0173828 0.0115712 0.774084 0.00526043 0.00692765 0.379811 0.0104445 0.0157786 0.00826096 0.0135088 0.0369245 0.247609 0.538344
0.953281 0.90028 0.871496 0.974739 0.281057 0.967927 0.923343 0.986104 0.259146 0.858752 0.956156 0.867472 0.743646 0.978224 0.554868 0.849605 0.918357 0.981872 0.869837 0.989115 0.984022 0.755079 0.984201 0.983868 0.958019 0.979379 0.976952 0.134006 0.981852 0.888173 0.958112 0.958147 0.912232 0.151028 0.980897 0.72252 0.989112 0.619703 0.965026 0.974809 0.779366 0.748478 0.773323 0.85579 0.997315 0.979427 0.459288 0.873601 0.976048 0.0404652 0.0485081 0.00358696 0.0588004 0.0842962 0.00704325 0.302749 0.113904 0.0654744 0.0103357 0.196958 0.700035 0.267798 0.796111 0.00222548 0.96951 0.0134658 0.139101 0.273969 0.403931 0.0117335 0.388045 0.924571 0.977371 0.296988 0.453398 0.0211295 0.212361 0.025675 0.00222118 0.00253463 0.0224921 0.0896226 0.00904613 0.0821762 0.0585835 0.0383489 0.0462959 0.0172073 0.0115558 0.776293 0.00522645 0.00683842 0.379604 0.0102907 0.015674 0.00817075 0.0134131 0.036592 0.248088 0.537204
0.953668 0.900527 0.873334 0.974903 0.281002 0.968076 0.923561 0.986123 0.25939 0.859311 0.956511 0.867489 0.741904 0.978239 0.554991 0.848979 0.91861 0.981847 0.870689 0.989148 0.984136 0.755005 0.984407 0.983977 0.958246 0.979584 0.976902 0.133432 0.981823 0.888154 0.957898 0.957936 0.91284 0.150427 0.981203 0.722293 0.989147 0.619869 0.965455 0.974972 0.779342 0.748838 0.773614 0.85585 0.997323 0.979747 0.458917 0.873027 0.976257 0.0400469 0.0483351 0.00356246 0.0582107 0.0836143 0.00703684 0.304117 0.1148 0.0652708 0.0101824 0.196648 0.70027 0.266086 0.796901 0.00221872 0.969721 0.0133713 0.139696 0.27427 0.402983 0.0115926 0.390079 0.924533 0.977689 0.297059 0.456273 0.0209887 0.212155 0.0254911 0.00221463 0.00249774 0.0225494 0.0896039 0.00901607 0.0820639 0.0579831 0.0385486 0.0457452 0.017032 0.0115374 0.778522 0.00519296 0.00675013 0.379431 0.0101373 0.0155718 0.00807974 0.01332 0.0362717 0.248569 0.536096
0.954055 0.90076 0.87513 0.975071 0.280954 0.968224 0.923789 0.986143 0.259645 0.859844 0.956869 0.867474 0.740113 0.978253 0.555105 0.848344 0.918854 0.981824 0.871541 0.989184 0.984245 0.754939 0.984607 0.984086 0.958468 0.979791 0.976855 0.132827 0.981795 0.888147 0.957678 0.957719 0.913439 0.149818 0.981501 0.722022 0.989184 0.620068 0.965875 0.975133 0.779349 0.749222 0.7739 0.855922 0.997331 0.980057 0.458514 0.872469 0.976461 0.0396304 0.0481649 0.00353889 0.057626 0.0829339 0.00702991 0.305521 0.115683 0.065065 0.0100323 0.196295 0.700544 0.264403 0.797659 0.00221195 0.96993 0.0132813 0.140313 0.274574 0.402017 0.0114549 0.392167 0.924497 0.978002 0.29716 0.459117 0.020844 0.21197 0.025314 0.00220833 0.00246125 0.0226053 0.0895597 0.00898553 0.0819452 0.0573961 0.0387488 0.0451948 0.016863 0.0115217 0.780661 0.00515886 0.00666385 0.379204 0.00998824 0.0154729 0.00799036 0.0132276 0.0359462 0.249035 0.534912
0.954437 0.900987 0.876926 0.975234 0.280925 0.968376 0.92402 0.986162 0.259892 0.860381 0.957226 0.867485 0.738319 0.978262 0.555214 0.847674 0.919096 0.981796 0.872362 0.989218 0.98435 0.754881 0.984804 0.984192 0.958681 0.979991 0.976805 0.132245 0.981769 0.888135 0.957458 0.957496 0.914035 0.149241 0.981796 0.721777 0.989219 0.620246 0.966291 0.975292 0.779323 0.749548 0.774159 0.856003 0.997339 0.980361 0.458137 0.87189 0.976662 0.0392141 0.0479994 0.00351515 0.0570404 0.0822449 0.00702483 0.30695 0.116588 0.0648626 0.00988576 0.195958 0.700767 0.262735 0.798415 0.00220532 0.970138 0.0131884 0.140921 0.27486 0.401023 0.011317 0.394267 0.924461 0.978308 0.297287 0.461963 0.0207072 0.211827 0.0251364 0.002202 0.00242596 0.0226619 0.0895283 0.00895675 0.0818094 0.0568273 0.0389538 0.04466 0.0166933 0.0115041 0.782816 0.00512539 0.00657931 0.379026 0.00984318 0.0153751 0.00790199 0.0131354 0.0356276 0.249511 0.533746
0.954823 0.901216 0.878678 0.975391 0.280928 0.968531 0.924247 0.986183 0.260132 0.860918 0.957568 0.867496 0.736516 0.978274 0.55532 0.847022 0.919335 0.981771 0.87318 0.989254 0.984459 0.754859 0.984996 0.9843 0.958888 0.980188 0.976756 0.131662 0.981742 0.888116 0.957236 0.957279 0.914619 0.148656 0.982081 0.721549 0.989253 0.620407 0.966694 0.975452 0.779312 0.749887 0.774463 0.856069 0.997347 0.98066 0.457726 0.871316 0.976861 0.0388013 0.0478351 0.00349214 0.0564709 0.0815696 0.0070189 0.308358 0.117487 0.0646524 0.00974371 0.19562 0.700979 0.261064 0.799155 0.00219852 0.970344 0.0130975 0.141542 0.275194 0.400063 0.0111839 0.396308 0.924418 0.978613 0.297401 0.464835 0.0205715 0.211675 0.0249625 0.00219566 0.00239103 0.0227204 0.0894659 0.00892852 0.0816784 0.0562627 0.039154 0.0441367 0.0165256 0.0114867 0.784942 0.00509276 0.00649649 0.37883 0.00969903 0.0152801 0.0078158 0.013044 0.0353088 0.250014 0.532564
0.9552 0.901446 0.880414 0.975551 0.280893 0.968681 0.924469 0.986206 0.260397 0.861445 0.957915 0.8675 0.73476 0.978279 0.555425 0.846363 0.919578 0.981749 0.874009 0.989288 0.984568 0.75483 0.985186 0.984403 0.959087 0.980384 0.976706 0.131062 0.981718 0.888115 0.957019 0.957051 0.915206 0.148069 0.982365 0.72132 0.989286 0.620573 0.967095 0.975608 0.779315 0.750238 0.774741 0.856141 0.997354 0.980955 0.457347 0.870728 0.977055 0.0383972 0.0476721 0.00346907 0.0559109 0.0809167 0.0070145 0.309763 0.118402 0.0644502 0.0096022 0.195271 0.701188 0.259376 0.799908 0.00219214 0.970543 0.0130068 0.142167 0.275491 0.399137 0.0110515 0.398429 0.924382 0.978911 0.297551 0.467639 0.020437 0.211524 0.0247838 0.00218882 0.00235663 0.022779 0.0894333 0.00890103 0.08156 0.055694 0.0393581 0.043622 0.0163599 0.0114687 0.787056 0.00506077 0.00641514 0.378592 0.00955866 0.0151819 0.00773136 0.012957 0.0349928 0.250434 0.531354
0.95557 0.901659 0.882138 0.975704 0.280903 0.968831 0.924682 0.986228 0.260669 0.861982 0.958254 0.867509 0.732942 0.978287 0.555514 0.845694 0.919826 0.981723 0.874818 0.98932 0.984671 0.7548 0.985371 0.984507 0.959287 0.980576 0.976661 0.130451 0.981696 0.888111 0.956794 0.95682 0.915788 0.14748 0.982639 0.721088 0.989318 0.620763 0.967482 0.975765 0.779329 0.750604 0.775002 0.856222 0.997362 0.981242 0.456912 0.870149 0.977249 0.0379982 0.0475079 0.00344656 0.0553584 0.0802527 0.00701031 0.311151 0.119316 0.0642497 0.0094631 0.194939 0.701377 0.257724 0.800632 0.00218557 0.970747 0.0129204 0.142806 0.275846 0.398203 0.010921 0.400517 0.924353 0.979205 0.29769 0.470495 0.020305 0.211341 0.0246063 0.00218295 0.00232265 0.0228378 0.0893817 0.00887129 0.0814318 0.0551432 0.0395682 0.0431116 0.016193 0.0114514 0.789127 0.00502975 0.0063344 0.378412 0.00942162 0.0150876 0.00764745 0.0128688 0.0346694 0.250887 0.530164
0.955941 0.901878 0.883819 0.97586 0.280901 0.968982 0.924905 0.986248 0.260896 0.862495 0.958592 0.86753 0.731128 0.978295 0.555614 0.845015 0.920086 0.981696 0.875624 0.989353 0.984773 0.754798 0.985554 0.984608 0.959484 0.980767 0.97661 0.129854 0.98167 0.88811 0.95657 0.956596 0.91637 0.146892 0.982908 0.720849 0.989349 0.620935 0.967865 0.975919 0.779358 0.75093 0.775251 0.856275 0.997369 0.981528 0.456474 0.869582 0.977435 0.0376042 0.0473496 0.00342407 0.0548057 0.0795802 0.00700683 0.312631 0.120231 0.0640565 0.00932728 0.194598 0.70157 0.256095 0.801378 0.00217925 0.970947 0.0128337 0.143425 0.276218 0.397243 0.0107922 0.402603 0.924323 0.979493 0.297796 0.473352 0.0201758 0.211189 0.0244342 0.00217696 0.00228954 0.0229003 0.0893301 0.00884291 0.0813061 0.0545865 0.0397747 0.0426094 0.0160302 0.0114334 0.791192 0.00499851 0.00625477 0.378176 0.00928604 0.0149977 0.00756335 0.012781 0.0343602 0.251325 0.528946
0.956302 0.902083 0.885489 0.976014 0.280891 0.969125 0.925137 0.986266 0.261139 0.862988 0.958925 0.867543 0.729279 0.978299 0.555724 0.844348 0.920326 0.981669 0.876429 0.989385 0.984875 0.754784 0.985737 0.984709 0.959684 0.980951 0.976562 0.129274 0.981645 0.888107 0.956345 0.95637 0.916954 0.14632 0.983174 0.720596 0.989382 0.621139 0.968243 0.976066 0.77939 0.751263 0.775529 0.856346 0.997377 0.981808 0.456027 0.868993 0.977624 0.037215 0.0471873 0.00340194 0.0542593 0.0789317 0.00700206 0.314107 0.121158 0.0638505 0.00919361 0.194262 0.701757 0.254439 0.802088 0.00217307 0.971144 0.0127477 0.144068 0.276637 0.396362 0.0106638 0.4047 0.924296 0.97978 0.29794 0.476201 0.0200444 0.211003 0.0242596 0.00217075 0.00225722 0.0229572 0.0892747 0.00881613 0.0811616 0.0540489 0.0399812 0.0421123 0.0158704 0.0114154 0.793235 0.00496699 0.00617519 0.377998 0.00915322 0.0149069 0.00748017 0.0126962 0.0340546 0.251737 0.527739
0.956666 0.902307 0.887125 0.976165 0.280899 0.969279 0.925357 0.986285 0.2614 0.863489 0.959256 0.867552 0.727456 0.978308 0.555833 0.843647 0.920556 0.981645 0.87721 0.989416 0.984976 0.754767 0.985916 0.984807 0.95988 0.981135 0.976511 0.128683 0.98162 0.888096 0.956117 0.956143 0.917513 0.14574 0.98343 0.720317 0.989416 0.621325 0.968617 0.976215 0.779402 0.751557 0.775784 0.856402 0.997384 0.98208 0.45554 0.868427 0.977812 0.0368366 0.0470245 0.00337983 0.0537144 0.0782882 0.00699916 0.315579 0.122094 0.0636617 0.00906376 0.193892 0.701964 0.252804 0.802797 0.002167 0.971339 0.0126644 0.144694 0.277 0.395467 0.0105417 0.406783 0.924258 0.980063 0.298089 0.47909 0.0199171 0.210833 0.0240899 0.00216415 0.00222565 0.0230189 0.0892302 0.00879159 0.0810255 0.0535158 0.0401948 0.04163 0.0157155 0.0113965 0.795237 0.00493521 0.0060974 0.3778 0.00902267 0.0148191 0.00740066 0.0126095 0.0337446 0.252163 0.526531
0.957023 0.902522 0.888741 0.97631 0.280913 0.969432 0.925571 0.986304 0.261659 0.863984 0.959583 0.867576 0.72557 0.978312 0.555936 0.842956 0.920801 0.981619 0.87799 0.989448 0.985071 0.754768 0.98609 0.984907 0.960074 0.981317 0.976465 0.128094 0.981594 0.888081 0.955888 0.955906 0.918081 0.145182 0.983687 0.720054 0.989446 0.621494 0.968982 0.976363 0.77946 0.751858 0.776093 0.856477 0.997391 0.982352 0.455067 0.867835 0.977993 0.0364653 0.0468622 0.0033581 0.0531773 0.0776466 0.00699516 0.317075 0.123024 0.0634695 0.00893524 0.193531 0.702134 0.251143 0.803501 0.00216104 0.971533 0.0125816 0.145347 0.277357 0.39454 0.0104187 0.408897 0.924245 0.980341 0.298241 0.481973 0.019786 0.210687 0.0239222 0.00215803 0.00219412 0.0230777 0.0891867 0.00876286 0.0808946 0.0529901 0.0404106 0.0411562 0.0155624 0.0113785 0.797254 0.00490467 0.00602225 0.377621 0.00889488 0.0147333 0.00731993 0.0125254 0.0334395 0.252558 0.525278
0.957368 0.90275 0.89033 0.97646 0.280909 0.969584 0.925796 0.986324 0.261883 0.864478 0.959905 0.867584 0.72369 0.97832 0.556003 0.842236 0.92104 0.981596 0.878773 0.989477 0.985168 0.754766 0.986262 0.985005 0.960266 0.981497 0.976417 0.127505 0.981568 0.888075 0.955652 0.955663 0.918638 0.144613 0.983938 0.719801 0.98948 0.621651 0.969339 0.976507 0.779477 0.752139 0.776344 0.856552 0.997398 0.982615 0.454528 0.867252 0.978171 0.036096 0.0466994 0.00333674 0.0526497 0.0770291 0.00699251 0.31853 0.123957 0.0632767 0.00880915 0.193184 0.702321 0.249495 0.804217 0.00215512 0.971721 0.0125002 0.145992 0.277739 0.39364 0.0102993 0.410987 0.924226 0.98061 0.298402 0.484881 0.0196615 0.210534 0.0237568 0.00215206 0.00216305 0.0231349 0.0891467 0.00873593 0.0807606 0.0524608 0.040619 0.0406834 0.0154079 0.0113604 0.799204 0.00487414 0.00594706 0.377474 0.00877046 0.0146469 0.00724125 0.0124409 0.0331372 0.252996 0.524065
0.957711 0.902959 0.891887 0.976605 0.28091 0.969725 0.926015 0.986341 0.262135 0.864995 0.960225 0.867597 0.721837 0.978322 0.556119 0.841531 0.921293 0.981571 0.879536 0.989507 0.985263 0.754781 0.986433 0.985099 0.960449 0.981675 0.976368 0.126914 0.981544 0.888069 0.955412 0.955424 0.919202 0.144041 0.984185 0.719554 0.98951 0.621819 0.969691 0.976654 0.77951 0.752414 0.776613 0.856613 0.997405 0.982872 0.453969 0.866673 0.978346 0.0357339 0.0465381 0.0033163 0.0521169 0.0764131 0.00699014 0.320008 0.124894 0.0630843 0.008686 0.192852 0.702502 0.24791 0.804896 0.00214899 0.971912 0.0124184 0.146673 0.278078 0.392724 0.0101791 0.413093 0.92421 0.980876 0.29856 0.487713 0.0195402 0.210367 0.023595 0.00214627 0.00213276 0.0231952 0.089085 0.00870986 0.0806138 0.0519399 0.0408358 0.0402248 0.0152545 0.011342 0.801181 0.00484383 0.0058743 0.377259 0.00864823 0.0145609 0.00716315 0.0123605 0.0328372 0.253397 0.522772
0.958059 0.903194 0.893415 0.976744 0.280912 0.969873 0.926228 0.986361 0.262353 0.865494 0.960543 0.867614 0.719962 0.978329 0.556192 0.8408 0.92154 0.981545 0.880309 0.989538 0.985355 0.754787 0.986601 0.985192 0.960633 0.981851 0.976328 0.126342 0.981517 0.888064 0.955178 0.955187 0.919764 0.143482 0.984431 0.719304 0.989539 0.62198 0.970035 0.976796 0.779543 0.75274 0.776879 0.856691 0.997412 0.983127 0.453464 0.866083 0.978517 0.0353764 0.0463774 0.00329539 0.0515959 0.0757957 0.00698675 0.321471 0.125863 0.0628872 0.00856512 0.192526 0.702703 0.246267 0.805565 0.00214287 0.972096 0.0123373 0.147334 0.278465 0.391843 0.0100613 0.415244 0.924197 0.981138 0.298716 0.490571 0.0194172 0.210189 0.0234373 0.0021405 0.00210352 0.0232528 0.0890408 0.00868358 0.0804751 0.0514309 0.0410584 0.0397691 0.0151053 0.0113248 0.803124 0.0048132 0.00580289 0.377115 0.00852864 0.0144782 0.0070865 0.0122808 0.03254 0.253812 0.521575
0.958394 0.903418 0.894928 0.976888 0.28094 0.970021 0.926443 0.986383 0.262579 0.865979 0.96086 0.867641 0.718052 0.978332 0.556202 0.840084 0.921797 0.981521 0.881061 0.989566 0.985451 0.754794 0.986764 0.985289 0.960809 0.982023 0.976285 0.125777 0.981492 0.888057 0.954932 0.954943 0.920309 0.142929 0.984668 0.719033 0.989568 0.622155 0.970375 0.976938 0.779617 0.753024 0.77718 0.85677 0.997419 0.983373 0.452904 0.86552 0.978689 0.0350182 0.0462234 0.00327535 0.051089 0.0751787 0.00698309 0.32297 0.126828 0.0626945 0.00844647 0.192164 0.702872 0.24461 0.806198 0.00213734 0.972284 0.0122592 0.147997 0.278788 0.390955 0.00994504 0.417365 0.9242 0.981394 0.29887 0.49343 0.0192954 0.209993 0.0232772 0.00213486 0.00207455 0.0233118 0.0889851 0.00865814 0.0803259 0.0509219 0.041283 0.0393226 0.0149584 0.0113084 0.805061 0.00478334 0.00573195 0.376922 0.00841066 0.0143955 0.00701192 0.0122028 0.0322489 0.254222 0.520391
0.958729 0.903635 0.896415 0.97703 0.280981 0.970164 0.926654 0.986404 0.262789 0.866444 0.961171 0.86765 0.716136 0.978334 0.556271 0.839349 0.922051 0.981499 0.88182 0.989595 0.98554 0.754802 0.986925 0.985379 0.960989 0.982196 0.976239 0.125205 0.981469 0.888047 0.954685 0.954688 0.920862 0.142372 0.984902 0.718799 0.989597 0.622352 0.97071 0.977083 0.779695 0.753273 0.777428 0.856831 0.997425 0.983614 0.452306 0.864947 0.978854 0.034663 0.0460699 0.00325569 0.0505871 0.0745705 0.0069816 0.324495 0.127791 0.0624965 0.00832911 0.191835 0.703063 0.242987 0.806842 0.0021318 0.972466 0.0121801 0.148685 0.279172 0.390086 0.00983148 0.419458 0.924196 0.981649 0.299017 0.496324 0.0191718 0.209851 0.0231206 0.00212946 0.00204642 0.0233699 0.088929 0.00863327 0.080178 0.0504083 0.0415102 0.0388815 0.0148124 0.0112902 0.806968 0.00475401 0.00566255 0.376741 0.00829577 0.0143157 0.00693723 0.0121248 0.0319597 0.254617 0.519184
0.959058 0.903845 0.897887 0.977175 0.281014 0.970306 0.926874 0.986422 0.262981 0.866907 0.96148 0.867682 0.714212 0.978332 0.556312 0.838612 0.922303 0.981473 0.882566 0.989623 0.985628 0.754846 0.987087 0.985469 0.96117 0.982365 0.976192 0.124639 0.981444 0.888041 0.95444 0.954439 0.921399 0.141814 0.985129 0.718535 0.989624 0.622538 0.971043 0.977223 0.779818 0.753522 0.777708 0.856875 0.997431 0.983852 0.451747 0.864356 0.97902 0.0343195 0.0459211 0.00323576 0.0500939 0.073968 0.00697907 0.326031 0.128748 0.0623129 0.00821494 0.191536 0.703251 0.241389 0.807512 0.00212596 0.972643 0.0121029 0.149362 0.279606 0.389195 0.00971905 0.4216 0.924183 0.9819 0.299215 0.499245 0.019056 0.209658 0.0229699 0.00212378 0.00201867 0.0234296 0.0888633 0.00860981 0.0800232 0.0499229 0.0417405 0.0384475 0.0146698 0.011274 0.808875 0.00472473 0.00559564 0.37659 0.00818208 0.0142367 0.00686292 0.0120469 0.031672 0.255015 0.517883
0.959391 0.904061 0.899339 0.977313 0.281072 0.970447 0.927093 0.986443 0.263211 0.867376 0.961782 0.86772 0.712257 0.978329 0.556367 0.837875 0.922547 0.981452 0.883315 0.989651 0.985714 0.754891 0.987247 0.985558 0.961341 0.982533 0.976144 0.124063 0.981421 0.888033 0.954195 0.954188 0.92193 0.141279 0.985356 0.718308 0.989652 0.622657 0.97136 0.977363 0.779883 0.753767 0.777991 0.856953 0.997438 0.984084 0.45109 0.863764 0.979187 0.0339847 0.045767 0.00321636 0.0496061 0.0733645 0.00697698 0.327571 0.129727 0.0621126 0.0081018 0.191202 0.703408 0.239757 0.808149 0.00212034 0.972823 0.0120258 0.150057 0.279998 0.38827 0.00960976 0.423768 0.924181 0.982146 0.299379 0.502103 0.0189395 0.209491 0.022817 0.00211825 0.00199144 0.0234856 0.0887955 0.00858541 0.0798683 0.0494452 0.0419744 0.0380282 0.0145276 0.0112559 0.810754 0.00469585 0.00552885 0.376436 0.00807048 0.0141569 0.00679049 0.0119699 0.0313889 0.255413 0.516633
0.959721 0.904262 0.900769 0.977451 0.281152 0.970587 0.927316 0.986463 0.263441 0.867846 0.962082 0.867744 0.71027 0.978332 0.556393 0.837128 0.922793 0.98143 0.884065 0.989678 0.985803 0.754894 0.987402 0.985647 0.96152 0.982699 0.976104 0.123474 0.981398 0.888014 0.953943 0.953937 0.922447 0.140724 0.985578 0.71804 0.98968 0.622818 0.971673 0.977499 0.780007 0.754014 0.778266 0.857003 0.997444 0.984314 0.450431 0.863173 0.979343 0.0336539 0.0456156 0.00319723 0.0491213 0.0727767 0.00697444 0.329067 0.13069 0.0619284 0.00799146 0.190853 0.703567 0.23814 0.808776 0.00211493 0.973001 0.0119496 0.150775 0.280427 0.387393 0.0095023 0.425902 0.924179 0.982389 0.29955 0.504988 0.018822 0.20934 0.0226695 0.00211299 0.00196498 0.0235464 0.0887274 0.0085612 0.0796999 0.0489633 0.0422085 0.0376153 0.0143891 0.0112389 0.812628 0.0046674 0.00546226 0.37625 0.00795981 0.0140812 0.006719 0.0118952 0.0311033 0.255778 0.515359
0.960049 0.904458 0.902181 0.977589 0.281189 0.97073 0.927525 0.986483 0.263625 0.868305 0.962388 0.867761 0.708318 0.978332 0.556439 0.836353 0.923034 0.981408 0.884803 0.989706 0.985888 0.754978 0.987556 0.985734 0.961693 0.982861 0.976058 0.1229 0.981375 0.888023 0.953685 0.953675 0.922963 0.1402 0.985796 0.717764 0.989709 0.623011 0.971986 0.977635 0.780121 0.754259 0.778549 0.857067 0.997451 0.98454 0.449778 0.862585 0.979501 0.0333264 0.0454637 0.00317819 0.0486404 0.0721752 0.00697332 0.330607 0.131681 0.06173 0.00788354 0.190516 0.703719 0.236557 0.809384 0.00210897 0.973173 0.0118757 0.151474 0.280847 0.386525 0.00939535 0.428056 0.924194 0.982628 0.299742 0.507823 0.0187047 0.209199 0.0225186 0.00210751 0.00193864 0.0236088 0.0886587 0.00853595 0.0795427 0.048485 0.042441 0.0372004 0.0142517 0.0112222 0.814461 0.00463904 0.00539709 0.37607 0.0078515 0.0140072 0.00664784 0.0118219 0.0308238 0.256154 0.514055
0.960372 0.90467 0.903571 0.977727 0.281276 0.970873 0.92775 0.986503 0.263852 0.86877 0.962684 0.867785 0.706306 0.978329 0.556501 0.835555 0.923286 0.981384 0.885536 0.989732 0.985973 0.755036 0.987706 0.985822 0.961864 0.983019 0.976014 0.122321 0.981352 0.888003 0.953425 0.953419 0.923475 0.139681 0.986008 0.717524 0.989735 0.623134 0.972288 0.977771 0.780233 0.754524 0.778804 0.857121 0.997457 0.984762 0.449119 0.862002 0.979656 0.0330077 0.0453154 0.00315966 0.0481624 0.0715877 0.00697095 0.332166 0.132685 0.0615293 0.00777773 0.190173 0.703874 0.234947 0.81001 0.00210368 0.973347 0.0118019 0.152196 0.281286 0.38562 0.0092927 0.43026 0.924192 0.982864 0.299965 0.510691 0.0185905 0.209047 0.0223704 0.00210177 0.0019127 0.0236698 0.088604 0.00851376 0.0793844 0.0480119 0.0426741 0.0367931 0.0141157 0.0112052 0.816267 0.00461194 0.00533298 0.375917 0.0077447 0.0139337 0.00657798 0.0117482 0.0305448 0.256504 0.512728
0.960691 0.904884 0.904931 0.97786 0.281334 0.971015 0.92795 0.986523 0.264074 0.869196 0.962982 0.867807 0.704298 0.978326 0.556506 0.83479 0.923545 0.981361 0.886287 0.98976 0.986056 0.755116 0.987857 0.985909 0.96203 0.98318 0.97597 0.121749 0.98133 0.888007 0.953161 0.953153 0.923991 0.139158 0.986218 0.717255 0.989761 0.623298 0.972588 0.977901 0.780372 0.75477 0.779071 0.857188 0.997463 0.984976 0.448479 0.861425 0.979805 0.0326946 0.045169 0.00314104 0.047692 0.0710166 0.00696967 0.333721 0.133692 0.0613371 0.00767392 0.189843 0.704041 0.233376 0.810628 0.00209866 0.973521 0.0117287 0.152929 0.281727 0.38473 0.00918919 0.432394 0.924204 0.983097 0.300158 0.513562 0.0184768 0.208911 0.0222245 0.00209606 0.00188744 0.0237281 0.0885429 0.00849167 0.0792282 0.0475514 0.0429224 0.0363852 0.0139816 0.0111901 0.818069 0.00458443 0.00526951 0.375739 0.00763966 0.0138615 0.00650909 0.0116747 0.0302694 0.25689 0.511477
0.961 0.905081 0.906273 0.977996 0.281437 0.971159 0.928165 0.986543 0.264292 0.869651 0.963273 0.867838 0.702289 0.978322 0.556529 0.834022 0.923791 0.981336 0.886986 0.989786 0.986137 0.755158 0.988005 0.985992 0.962193 0.983336 0.975925 0.121149 0.981311 0.887997 0.952897 0.952895 0.92452 0.138612 0.98642 0.717019 0.989787 0.623436 0.972884 0.978034 0.780507 0.754989 0.779325 0.857258 0.997469 0.985187 0.44777 0.860836 0.979955 0.0323808 0.0450269 0.00312245 0.0472307 0.070447 0.00696922 0.335268 0.134694 0.0611499 0.00757158 0.189524 0.7042 0.231815 0.811208 0.00209342 0.973689 0.0116566 0.15368 0.282178 0.383853 0.00908782 0.434563 0.924226 0.983326 0.300319 0.516435 0.0183658 0.208775 0.0220753 0.00209133 0.00186275 0.0237903 0.0884766 0.00846957 0.0790661 0.0470847 0.0431701 0.0359944 0.0138482 0.0111724 0.819828 0.00455644 0.00520749 0.375552 0.00753639 0.013789 0.00644162 0.0116018 0.0299994 0.257256 0.510175
0.961315 0.905296 0.907595 0.978126 0.281502 0.971291 0.928373 0.986562 0.264514 0.870104 0.963555 0.867861 0.700266 0.978314 0.556569 0.833209 0.924036 0.981313 0.887707 0.989811 0.986218 0.755236 0.988151 0.986077 0.962353 0.983492 0.975882 0.120577 0.981289 0.887993 0.952632 0.952635 0.92503 0.138077 0.986619 0.716789 0.989813 0.623587 0.973174 0.978165 0.780687 0.755195 0.779577 0.857315 0.997475 0.985396 0.447059 0.860253 0.980102 0.0320757 0.0448803 0.00310461 0.0467681 0.0698679 0.00696817 0.336862 0.135699 0.0609653 0.00747113 0.189199 0.704368 0.230242 0.811805 0.00208833 0.973854 0.0115842 0.154436 0.282584 0.383019 0.00898756 0.436716 0.924241 0.983551 0.300521 0.519268 0.0182566 0.208658 0.0219359 0.00208587 0.00183829 0.0238582 0.0883882 0.00844849 0.0789058 0.0466277 0.0434162 0.0356073 0.0137169 0.0111561 0.82159 0.00452929 0.00514561 0.375389 0.00743618 0.013719 0.00637462 0.011533 0.0297285 0.257612 0.508868
0.961619 0.905518 0.908904 0.978257 0.281614 0.971429 0.928604 0.986581 0.26473 0.870549 0.963836 0.867896 0.698201 0.978304 0.556561 0.832389 0.924285 0.981288 0.88842 0.989836 0.986298 0.75531 0.988293 0.986157 0.962509 0.983644 0.975838 0.119995 0.981267 0.888 0.952354 0.952366 0.925538 0.137558 0.986816 0.716571 0.989839 0.623814 0.973455 0.978296 0.780823 0.755379 0.779853 0.85738 0.997481 0.985598 0.446337 0.859682 0.98025 0.031767 0.0447364 0.0030874 0.0463138 0.0693059 0.00696731 0.33848 0.13669 0.0607607 0.00737306 0.188867 0.704525 0.228674 0.812403 0.00208337 0.974022 0.0115126 0.155177 0.28304 0.382177 0.00888861 0.438873 0.924257 0.983773 0.300741 0.522132 0.0181484 0.208538 0.0217943 0.00208081 0.00181422 0.0239206 0.0883096 0.00842701 0.0787349 0.0461686 0.043661 0.0352203 0.0135856 0.0111377 0.823334 0.00450302 0.00508574 0.375198 0.00733759 0.0136491 0.00630802 0.0114624 0.029459 0.25798 0.507576
0.96193 0.905721 0.910197 0.978389 0.281735 0.971566 0.928823 0.9866 0.264943 0.870975 0.964119 0.867941 0.696153 0.978298 0.556533 0.831571 0.924523 0.981266 0.889151 0.989863 0.986376 0.755405 0.988434 0.986237 0.962668 0.983796 0.975794 0.119417 0.981247 0.888014 0.952088 0.952101 0.926041 0.137034 0.98701 0.716327 0.989863 0.624018 0.973737 0.978421 0.780968 0.755595 0.780122 0.857428 0.997487 0.985797 0.44561 0.859093 0.980398 0.0314605 0.0445914 0.00306963 0.0458685 0.0687481 0.00696706 0.340045 0.13771 0.0605677 0.00727477 0.188505 0.704661 0.227111 0.812982 0.00207844 0.974187 0.0114407 0.155923 0.283462 0.381294 0.00879261 0.441064 0.924284 0.983992 0.300949 0.52495 0.018042 0.208412 0.0216553 0.00207592 0.00179089 0.0239851 0.0882144 0.0084063 0.0785616 0.0457207 0.0439158 0.0348405 0.0134584 0.0111209 0.825051 0.00447696 0.00502686 0.375076 0.00724132 0.01358 0.00624308 0.0113941 0.0291958 0.258336 0.50629
0.962232 0.905932 0.91146 0.978515 0.281847 0.971707 0.929026 0.986621 0.26516 0.871408 0.964399 0.867958 0.694114 0.978293 0.556538 0.830741 0.924775 0.981243 0.889846 0.989888 0.986453 0.755512 0.988573 0.986317 0.962826 0.983947 0.975747 0.11885 0.981228 0.888017 0.951829 0.951832 0.926532 0.136495 0.9872 0.716123 0.989888 0.624189 0.974007 0.978547 0.781154 0.755795 0.780382 0.857498 0.997493 0.985991 0.444804 0.858507 0.980539 0.0311607 0.0444451 0.00305208 0.0454102 0.0682005 0.00696742 0.341641 0.138741 0.0603766 0.00717995 0.18817 0.704754 0.225556 0.813568 0.00207326 0.974347 0.0113729 0.156694 0.283914 0.38045 0.00869757 0.443227 0.924309 0.984209 0.301131 0.52782 0.0179331 0.208263 0.0215176 0.00207112 0.00176802 0.0240446 0.0881346 0.00838376 0.0784001 0.0452809 0.0441655 0.0344696 0.0133338 0.0111012 0.826727 0.00445042 0.00496904 0.374906 0.00714688 0.0135152 0.00617847 0.0113245 0.0289284 0.258657 0.505005
0.962524 0.906126 0.912702 0.97864 0.281962 0.97184 0.929241 0.98664 0.265367 0.871822 0.964679 0.867989 0.692024 0.978286 0.556515 0.82993 0.925023 0.981222 0.89055 0.989912 0.986528 0.755615 0.988708 0.986395 0.962977 0.984095 0.975703 0.118269 0.981208 0.888011 0.951558 0.951556 0.927025 0.135969 0.987386 0.715902 0.989912 0.624378 0.974278 0.97867 0.781321 0.756017 0.780652 0.857553 0.997499 0.986184 0.444062 0.857914 0.980681 0.0308708 0.0443026 0.00303509 0.0449689 0.067652 0.00696764 0.34328 0.13979 0.060187 0.00708664 0.187829 0.704874 0.223992 0.814111 0.00206797 0.974506 0.0113057 0.157459 0.284356 0.379583 0.0086046 0.445404 0.924341 0.984419 0.301357 0.530668 0.0178263 0.208117 0.0213761 0.00206576 0.00174518 0.0241055 0.0880455 0.00836343 0.0782107 0.0448438 0.0444143 0.0341075 0.0132072 0.0110844 0.828396 0.00442424 0.00491126 0.374774 0.00705398 0.0134504 0.00611477 0.011257 0.0286659 0.25899 0.503724
0.96281 0.906337 0.913915 0.978763 0.282131 0.971977 0.929457 0.986658 0.265569 0.872239 0.964958 0.868029 0.689962 0.978273 0.556482 0.829087 0.925284 0.981203 0.891241 0.989937 0.986601 0.755724 0.988841 0.986473 0.963125 0.98424 0.97566 0.117695 0.981182 0.888009 0.951281 0.951278 0.927519 0.135436 0.987571 0.715694 0.989937 0.624558 0.974543 0.978796 0.781546 0.756231 0.780909 0.857606 0.997504 0.986374 0.443263 0.85731 0.980825 0.0305767 0.0441624 0.00301823 0.0445298 0.0671108 0.00696722 0.344877 0.140844 0.0599987 0.00699695 0.18748 0.704982 0.222399 0.814681 0.00206312 0.974665 0.0112399 0.158198 0.284808 0.37872 0.00851295 0.447584 0.924369 0.984628 0.301573 0.533514 0.0177211 0.208003 0.0212411 0.00206072 0.00172257 0.0241707 0.0879582 0.00834291 0.0780285 0.0444119 0.044677 0.0337444 0.013086 0.011067 0.83006 0.00439863 0.00485461 0.374639 0.00696317 0.0133866 0.00605239 0.0111908 0.0284068 0.259339 0.502402
0.963103 0.906547 0.91512 0.978887 0.282271 0.972115 0.92967 0.986677 0.265755 0.872669 0.965227 0.868061 0.687906 0.978263 0.556515 0.828248 0.925536 0.981181 0.891908 0.989961 0.986675 0.755838 0.988973 0.986552 0.96328 0.984388 0.975623 0.117125 0.981163 0.887996 0.950996 0.950998 0.927997 0.13493 0.987752 0.715466 0.98996 0.624739 0.974805 0.978917 0.781723 0.756432 0.781162 0.857657 0.99751 0.986558 0.44241 0.856699 0.980959 0.0302915 0.0440159 0.00300144 0.0440965 0.0665707 0.00696752 0.346499 0.141898 0.059815 0.00690741 0.187126 0.705067 0.220835 0.815266 0.0020583 0.97482 0.0111738 0.158963 0.28531 0.377871 0.00842213 0.449796 0.924398 0.984835 0.301815 0.536365 0.0176172 0.207859 0.0211021 0.00205572 0.00170043 0.0242327 0.0878674 0.00832285 0.0778591 0.0439853 0.0449298 0.0333887 0.0129643 0.0110501 0.831696 0.00437313 0.00479989 0.374509 0.00687515 0.0133217 0.0059908 0.0111244 0.0281506 0.259656 0.501062
0.963389 0.906769 0.916295 0.979009 0.282401 0.972249 0.929892 0.986699 0.265942 0.873096 0.965499 0.868078 0.685785 0.978251 0.556471 0.827412 0.925788 0.981162 0.892578 0.989984 0.986747 0.75592 0.989102 0.986629 0.963424 0.984532 0.975579 0.116568 0.981138 0.88801 0.950709 0.950723 0.928473 0.134414 0.98793 0.715261 0.989984 0.62492 0.97506 0.979033 0.781932 0.756609 0.781418 0.857713 0.997516 0.986739 0.44162 0.856103 0.981096 0.0300147 0.0438748 0.0029851 0.0436755 0.0660301 0.00696727 0.348132 0.142933 0.0596205 0.0068191 0.186773 0.705172 0.219262 0.815793 0.00205324 0.974975 0.011109 0.159766 0.285788 0.377079 0.00833261 0.452015 0.924436 0.985036 0.302046 0.539199 0.017514 0.207727 0.0209674 0.00205098 0.00167919 0.0242948 0.0877713 0.00830336 0.0776792 0.0435604 0.0451864 0.0330392 0.0128456 0.0110323 0.833302 0.00434762 0.0047455 0.37437 0.00678742 0.0132569 0.00593078 0.0110591 0.0278941 0.259977 0.499774
0.963677 0.906968 0.917456 0.979124 0.282547 0.972384 0.930106 0.986718 0.266161 0.873531 0.965766 0.868113 0.683687 0.978241 0.556448 0.826547 0.926037 0.981146 0.893247 0.990008 0.98682 0.756059 0.98923 0.986703 0.963569 0.984674 0.975537 0.116 0.981118 0.888008 0.950415 0.950433 0.928949 0.1339 0.988106 0.715036 0.990007 0.62511 0.975311 0.979152 0.782126 0.756749 0.781676 0.857783 0.997521 0.986915 0.44073 0.855496 0.981226 0.0297429 0.043732 0.00296893 0.0432556 0.0654951 0.00696854 0.34976 0.143973 0.0594379 0.00673231 0.186443 0.705241 0.217689 0.816337 0.002049 0.975132 0.011045 0.16054 0.286262 0.376221 0.00824538 0.454205 0.92447 0.985238 0.302295 0.542026 0.0174098 0.207568 0.0208348 0.00204649 0.00165776 0.0243588 0.0876874 0.00828387 0.0774992 0.0431422 0.0454503 0.032695 0.0127274 0.0110151 0.834888 0.0043218 0.0046921 0.374241 0.00670223 0.0131954 0.00587024 0.0109953 0.0276429 0.260258 0.498454
0.963961 0.907179 0.918614 0.979244 0.282699 0.972516 0.930322 0.986739 0.26638 0.873959 0.966026 0.86814 0.681535 0.978231 0.556438 0.825704 0.926281 0.981122 0.893914 0.99003 0.986892 0.756174 0.989356 0.986776 0.963715 0.984814 0.975499 0.115442 0.981097 0.888006 0.950123 0.950144 0.929426 0.133393 0.988278 0.71481 0.99003 0.625279 0.975557 0.97927 0.782341 0.756933 0.781896 0.857823 0.997526 0.987092 0.43989 0.854899 0.981358 0.0294701 0.0435967 0.00295347 0.042842 0.0649615 0.00696903 0.351421 0.145036 0.0592488 0.00664653 0.186088 0.705344 0.216116 0.816869 0.00204435 0.975284 0.0109823 0.16135 0.286759 0.375371 0.00815847 0.456434 0.924519 0.985435 0.302542 0.544856 0.0173083 0.20744 0.0207003 0.0020416 0.00163716 0.0244243 0.0875835 0.00826497 0.0773008 0.0427349 0.0457136 0.0323509 0.0126096 0.0109982 0.836465 0.00429685 0.0046394 0.374109 0.00661757 0.0131327 0.00581108 0.0109318 0.0273959 0.260596 0.497086
0.964244 0.907366 0.919754 0.979363 0.282862 0.972654 0.930533 0.98676 0.266561 0.87437 0.966287 0.868171 0.679391 0.978217 0.556371 0.824834 0.926535 0.981103 0.894545 0.990054 0.986961 0.756314 0.989482 0.986851 0.963854 0.984952 0.975462 0.114883 0.981078 0.888014 0.949835 0.949858 0.9299 0.132896 0.988447 0.714573 0.990051 0.625441 0.975798 0.979388 0.782569 0.757081 0.782114 0.857879 0.997532 0.987264 0.439002 0.854281 0.981486 0.0292 0.0434568 0.0029379 0.0424323 0.0644373 0.00697087 0.353087 0.146096 0.0590572 0.00656274 0.18576 0.705426 0.214581 0.817377 0.00203987 0.975438 0.0109195 0.16216 0.287257 0.374587 0.00807164 0.458638 0.924567 0.985628 0.302798 0.54769 0.0172058 0.207302 0.0205667 0.00203695 0.00161666 0.0244891 0.0874846 0.00824698 0.0771182 0.0423255 0.045986 0.0320185 0.012495 0.0109801 0.838038 0.00427351 0.00458832 0.373974 0.00653445 0.0130737 0.00575262 0.0108698 0.0271459 0.260868 0.495706
0.964527 0.907567 0.920868 0.979479 0.283058 0.972779 0.930748 0.98678 0.266764 0.874765 0.966547 0.8682 0.67724 0.978205 0.556295 0.823975 0.926786 0.981086 0.895205 0.990075 0.98703 0.75648 0.989605 0.986925 0.963987 0.985088 0.975422 0.114297 0.981056 0.888023 0.949535 0.949563 0.930361 0.132394 0.988614 0.714342 0.990073 0.625596 0.976034 0.979505 0.782807 0.757228 0.782408 0.857921 0.997537 0.987433 0.438111 0.853704 0.981609 0.0289309 0.0433227 0.00292249 0.0420323 0.063921 0.00697259 0.354763 0.14717 0.0588628 0.00648159 0.185381 0.705516 0.213036 0.817891 0.00203532 0.975588 0.010857 0.162987 0.287757 0.373721 0.00798578 0.460859 0.924621 0.985816 0.303039 0.550554 0.0171062 0.207171 0.020441 0.00203232 0.00159665 0.0245531 0.0873905 0.00822817 0.0769203 0.0419301 0.0462562 0.0316916 0.0123788 0.010964 0.839568 0.00424895 0.00453737 0.373868 0.00645052 0.0130154 0.00569577 0.0108092 0.0268996 0.261204 0.494318
0.964803 0.907767 0.921956 0.979595 0.283219 0.972911 0.930969 0.986799 0.266957 0.875177 0.966807 0.868257 0.675048 0.97819 0.556203 0.823081 0.927035 0.981066 0.895844 0.990098 0.9871 0.75667 0.989726 0.986999 0.964123 0.985222 0.975381 0.113711 0.981037 0.888011 0.949232 0.949266 0.930823 0.131879 0.988775 0.714152 0.990096 0.625772 0.976268 0.979619 0.783034 0.757358 0.782641 0.857968 0.997542 0.987597 0.437161 0.853123 0.981733 0.0286681 0.0431856 0.00290765 0.0416347 0.0633914 0.0069757 0.356372 0.148242 0.0586623 0.00640112 0.185026 0.705595 0.2115 0.818385 0.00203103 0.975742 0.010796 0.163816 0.28824 0.37288 0.00790225 0.463088 0.924678 0.986003 0.30331 0.553398 0.0170089 0.207008 0.020315 0.00202804 0.00157681 0.0246184 0.0872836 0.00820937 0.0767307 0.0415374 0.0465382 0.0313714 0.0122656 0.0109472 0.841096 0.00422469 0.00448716 0.373749 0.00637051 0.0129564 0.00563974 0.0107492 0.0266546 0.261476 0.492985
0.965076 0.907971 0.923041 0.979708 0.2834 0.973042 0.931196 0.98682 0.267132 0.875573 0.967059 0.86829 0.67288 0.978169 0.556139 0.822186 0.927297 0.981045 0.896482 0.99012 0.987168 0.756825 0.989844 0.987069 0.96426 0.985357 0.975343 0.113145 0.981017 0.888033 0.948936 0.948956 0.931293 0.131389 0.988936 0.71395 0.990117 0.625927 0.976499 0.979734 0.783264 0.757504 0.782885 0.857994 0.997548 0.987762 0.436265 0.852526 0.981858 0.0284125 0.0430532 0.00289259 0.041236 0.0628753 0.00697692 0.358037 0.149335 0.0584712 0.00632276 0.184673 0.705629 0.20995 0.818869 0.00202655 0.975891 0.0107358 0.164643 0.288735 0.372009 0.00781896 0.465354 0.924728 0.986189 0.303574 0.556202 0.0169118 0.206899 0.0201881 0.00202362 0.00155724 0.0246819 0.0871746 0.00819147 0.0765369 0.041152 0.0468212 0.0310453 0.0121548 0.0109315 0.842625 0.00420045 0.00443775 0.373648 0.00629076 0.0129002 0.00558395 0.0106904 0.0264118 0.261772 0.491578
0.965339 0.908176 0.92409 0.979823 0.283626 0.973168 0.931413 0.98684 0.267302 0.875965 0.967314 0.868313 0.67067 0.978153 0.556074 0.821282 0.927553 0.981029 0.897106 0.990141 0.987234 0.757022 0.989961 0.987139 0.964392 0.985489 0.975307 0.11256 0.980998 0.888046 0.948625 0.948642 0.931756 0.13089 0.989092 0.713731 0.990137 0.626095 0.976726 0.979849 0.783509 0.75767 0.783145 0.858036 0.997553 0.987921 0.435266 0.85195 0.981982 0.0281603 0.0429154 0.00287777 0.0408487 0.0623622 0.00697854 0.35974 0.150402 0.0582784 0.00624478 0.184314 0.705659 0.208445 0.819381 0.00202232 0.976037 0.0106768 0.165499 0.289277 0.371178 0.00773908 0.467592 0.924793 0.986369 0.303843 0.558996 0.016815 0.206752 0.0200643 0.0020195 0.00153812 0.0247456 0.0870589 0.00817183 0.0763375 0.040764 0.0471095 0.0307277 0.0120426 0.010913 0.844133 0.00417706 0.00438941 0.373501 0.0062134 0.012846 0.00552871 0.0106302 0.0261751 0.262051 0.490231
0.965608 0.908386 0.925142 0.979935 0.283816 0.973303 0.93163 0.986858 0.26751 0.87637 0.967563 0.868366 0.668415 0.978135 0.555932 0.820353 0.927814 0.981011 0.89774 0.990163 0.987297 0.757224 0.990075 0.987208 0.964522 0.985618 0.975271 0.111995 0.980981 0.88805 0.94832 0.948338 0.932217 0.13038 0.989249 0.713535 0.990158 0.626265 0.976949 0.97996 0.783789 0.75782 0.783384 0.858097 0.997558 0.988079 0.434297 0.851379 0.982101 0.0279125 0.0427842 0.00286358 0.0404627 0.0618683 0.00698088 0.361427 0.151476 0.0580884 0.006169 0.183985 0.705721 0.206927 0.819868 0.00201809 0.976179 0.0106177 0.16636 0.289822 0.370367 0.0076585 0.469887 0.924855 0.986545 0.304092 0.561855 0.0167205 0.206617 0.0199396 0.00201522 0.00151974 0.0248064 0.08696 0.00815297 0.076135 0.040384 0.0473927 0.0304128 0.0119317 0.0108964 0.845611 0.00415318 0.00434176 0.373395 0.00613758 0.0127929 0.00547351 0.0105718 0.0259414 0.262334 0.488807
0.965872 0.908591 0.926158 0.980042 0.283996 0.973433 0.931842 0.986878 0.267692 0.876766 0.967807 0.868391 0.666182 0.978115 0.555854 0.819424 0.928068 0.980996 0.898356 0.990182 0.987361 0.757401 0.990189 0.987279 0.964653 0.985744 0.975241 0.111425 0.980963 0.888055 0.948008 0.948025 0.932664 0.129897 0.989401 0.713346 0.990179 0.626423 0.977166 0.980069 0.78406 0.757946 0.783619 0.858143 0.997563 0.988232 0.433347 0.850782 0.982219 0.0276664 0.0426472 0.00284942 0.0400836 0.0613701 0.00698317 0.363107 0.152567 0.0579052 0.00609522 0.183627 0.705788 0.20543 0.820333 0.00201383 0.976322 0.0105619 0.167226 0.290341 0.369524 0.00758059 0.47217 0.924919 0.986722 0.304384 0.564681 0.0166275 0.206452 0.0198191 0.00201114 0.00150139 0.0248753 0.0868516 0.00813642 0.0759335 0.0400087 0.0476719 0.0301048 0.0118259 0.0108796 0.847064 0.00413006 0.00429502 0.373265 0.00606398 0.01274 0.0054195 0.0105142 0.0257061 0.262615 0.487418
0.966139 0.908769 0.927178 0.980151 0.284221 0.973557 0.932061 0.986897 0.26786 0.877135 0.968054 0.868433 0.663947 0.978093 0.555748 0.818477 0.928333 0.980978 0.898972 0.990203 0.987424 0.757614 0.990301 0.987347 0.964781 0.985873 0.975207 0.11087 0.980945 0.888059 0.947686 0.947711 0.933115 0.129412 0.98955 0.713134 0.990199 0.626604 0.977376 0.980178 0.784377 0.758082 0.78388 0.858176 0.997568 0.988384 0.432329 0.850193 0.982337 0.027417 0.0425062 0.00283526 0.0397096 0.0608739 0.00698725 0.364805 0.153679 0.0577096 0.00602232 0.183268 0.705813 0.203913 0.82079 0.00200978 0.976463 0.0105068 0.168084 0.290886 0.368723 0.00750332 0.474448 0.925 0.986897 0.304702 0.567489 0.0165352 0.206329 0.0196951 0.00200679 0.0014833 0.0249389 0.0867159 0.00811835 0.0757284 0.0396417 0.0479628 0.0298029 0.0117207 0.0108636 0.848509 0.00410696 0.00424897 0.373156 0.00599158 0.0126875 0.00536488 0.0104574 0.0254754 0.262842 0.486013
0.966399 0.908964 0.928163 0.980259 0.284458 0.973685 0.932277 0.986915 0.268021 0.877527 0.968295 0.86848 0.661672 0.978071 0.555609 0.81753 0.928573 0.980959 0.899583 0.990223 0.987485 0.757829 0.990411 0.987413 0.964907 0.985995 0.975174 0.110298 0.980925 0.888082 0.947376 0.947393 0.933548 0.12893 0.989696 0.712961 0.990219 0.626766 0.97759 0.980286 0.784651 0.758195 0.784117 0.858211 0.997573 0.988533 0.431302 0.849595 0.982454 0.0271761 0.0423761 0.00282132 0.0393397 0.0603908 0.00698976 0.366526 0.154795 0.0575163 0.0059509 0.182904 0.70585 0.202431 0.821233 0.00200571 0.976605 0.0104496 0.168955 0.291456 0.367876 0.00742783 0.476718 0.925078 0.987068 0.304991 0.57028 0.0164436 0.206185 0.0195753 0.00200279 0.00146552 0.0250066 0.0865971 0.00810018 0.0755142 0.0392619 0.0482592 0.0295021 0.0116139 0.010847 0.849949 0.00408366 0.00420243 0.373055 0.00591987 0.0126342 0.0053128 0.0104007 0.0252458 0.263088 0.484661
0.966656 0.909184 0.929137 0.980367 0.284699 0.973811 0.932501 0.986935 0.268208 0.877908 0.968536 0.868518 0.659381 0.978049 0.555503 0.816615 0.928818 0.980943 0.900203 0.990242 0.987547 0.758026 0.990519 0.987478 0.965035 0.986118 0.975145 0.109725 0.980908 0.888077 0.947059 0.947074 0.93399 0.128433 0.989839 0.712755 0.99024 0.626954 0.977797 0.980392 0.784953 0.758336 0.784357 0.858248 0.997578 0.988678 0.430287 0.849003 0.982564 0.0269362 0.0422415 0.002808 0.0389708 0.059892 0.00699263 0.368235 0.155894 0.0573356 0.00588028 0.18258 0.705891 0.200915 0.821671 0.00200157 0.976745 0.0103946 0.169841 0.292013 0.367063 0.00735259 0.478985 0.925154 0.987237 0.305321 0.573107 0.0163492 0.206074 0.0194554 0.00199847 0.00144797 0.0250731 0.0864791 0.00808292 0.0753081 0.0389013 0.0485549 0.0292124 0.0115111 0.0108291 0.851353 0.0040612 0.0041575 0.372946 0.00584997 0.0125854 0.00526098 0.0103458 0.0250163 0.263338 0.483276
0.966917 0.909397 0.930105 0.980473 0.284896 0.97394 0.93271 0.986952 0.268394 0.878292 0.968776 0.868562 0.657102 0.978026 0.555414 0.81567 0.929078 0.980925 0.900799 0.990261 0.987606 0.758243 0.990626 0.98754 0.965155 0.986243 0.975111 0.109159 0.98089 0.888083 0.94674 0.946747 0.934429 0.127954 0.989982 0.712579 0.990258 0.627121 0.977996 0.980495 0.785286 0.758419 0.784604 0.858305 0.997583 0.988822 0.429251 0.84841 0.982676 0.0267029 0.0421184 0.00279474 0.038605 0.0594136 0.00699542 0.369959 0.156986 0.0571459 0.0058107 0.182235 0.705945 0.199414 0.822087 0.00199739 0.976885 0.0103402 0.170762 0.292579 0.366209 0.00727901 0.481267 0.925228 0.987402 0.305635 0.575915 0.0162575 0.205929 0.0193385 0.00199444 0.00143095 0.0251395 0.0863639 0.00806526 0.0750875 0.0385426 0.0488494 0.0289259 0.0114092 0.0108126 0.852761 0.0040381 0.0041132 0.372829 0.00578088 0.0125357 0.00521056 0.0102911 0.0247896 0.263549 0.481871
0.967168 0.909602 0.931058 0.98058 0.285158 0.974063 0.932925 0.986973 0.268561 0.878674 0.969012 0.868609 0.6548 0.978003 0.555317 0.814748 0.929331 0.980906 0.901391 0.99028 0.987667 0.758489 0.990729 0.987607 0.965277 0.986363 0.975076 0.108575 0.980874 0.888113 0.946402 0.946418 0.93485 0.127485 0.990121 0.712373 0.990279 0.627291 0.978194 0.980599 0.785585 0.758518 0.78485 0.858339 0.997587 0.988963 0.428172 0.84783 0.98279 0.0264734 0.0419926 0.00278143 0.0382545 0.0589404 0.00700086 0.371693 0.158113 0.0569619 0.00574238 0.181895 0.705982 0.197952 0.822512 0.00199315 0.977016 0.0102853 0.171675 0.293139 0.365401 0.00720678 0.483533 0.925315 0.987565 0.305927 0.578747 0.0161679 0.2058 0.0192217 0.00199055 0.00141412 0.025207 0.0862369 0.00805083 0.0748683 0.0381884 0.0491533 0.0286411 0.0113068 0.0107963 0.854126 0.00401612 0.00406861 0.372749 0.005713 0.0124891 0.00515997 0.0102355 0.0245675 0.263737 0.480437
0.967415 0.909793 0.931998 0.980687 0.285445 0.974189 0.933139 0.986991 0.268763 0.879043 0.96925 0.868658 0.652519 0.977979 0.555187 0.813789 0.929597 0.980891 0.901996 0.990299 0.987726 0.758729 0.990833 0.98767 0.965405 0.986485 0.975046 0.108006 0.980857 0.88812 0.946083 0.946094 0.935269 0.127013 0.990257 0.712202 0.990297 0.627498 0.978387 0.980703 0.785893 0.758628 0.785098 0.858365 0.997592 0.989102 0.427085 0.847239 0.9829 0.0262485 0.0418632 0.00276826 0.0378994 0.0584637 0.00700581 0.37342 0.159253 0.0567754 0.00567449 0.181548 0.705993 0.196461 0.822921 0.00198954 0.977149 0.0102329 0.172585 0.29372 0.364591 0.00713568 0.485827 0.925409 0.987726 0.306247 0.581511 0.0160783 0.205654 0.0191058 0.00198655 0.00139773 0.025277 0.0861032 0.00803363 0.0746468 0.0378319 0.0494561 0.0283663 0.0112069 0.0107786 0.855476 0.00399502 0.00402598 0.37262 0.00564521 0.0124412 0.00510903 0.0101842 0.0243416 0.263966 0.479029
0.967659 0.909997 0.932907 0.980788 0.285732 0.974315 0.933351 0.987011 0.26893 0.87942 0.969485 0.868733 0.650205 0.977954 0.555055 0.812808 0.929853 0.980874 0.902595 0.990316 0.987782 0.758979 0.990934 0.987731 0.965521 0.986602 0.975013 0.107437 0.980845 0.888134 0.945741 0.945763 0.935702 0.126536 0.990393 0.711961 0.990317 0.627627 0.978579 0.980806 0.786232 0.758725 0.785341 0.858379 0.997597 0.98924 0.425999 0.846662 0.983007 0.0260256 0.0417351 0.00275508 0.037554 0.0579879 0.00700988 0.375095 0.160408 0.0565775 0.00560764 0.181189 0.706037 0.194992 0.823307 0.00198555 0.977282 0.01018 0.173503 0.294301 0.363812 0.0070666 0.488064 0.925504 0.987885 0.306556 0.584298 0.015992 0.205519 0.0189946 0.00198268 0.00138151 0.0253405 0.0859717 0.00801733 0.0744231 0.037485 0.0497555 0.0280929 0.0111107 0.0107632 0.856821 0.00397342 0.00398385 0.372511 0.00557974 0.0123927 0.00505958 0.0101325 0.0241241 0.264162 0.477595
0.9679 0.910199 0.933823 0.980888 0.285985 0.974439 0.933548 0.987031 0.269093 0.879784 0.969711 0.868771 0.64787 0.977929 0.554864 0.811842 0.930094 0.980858 0.9032 0.990336 0.987838 0.75927 0.991033 0.987794 0.965631 0.986722 0.974984 0.106879 0.980831 0.888143 0.945405 0.945431 0.936125 0.126067 0.990522 0.711785 0.990336 0.627782 0.978767 0.980906 0.786554 0.758792 0.785592 0.85841 0.997601 0.989373 0.424871 0.846075 0.983109 0.0258108 0.0416076 0.00274208 0.0372066 0.057528 0.00701486 0.376813 0.161526 0.0563848 0.00554208 0.180799 0.706118 0.193529 0.823714 0.00198212 0.977417 0.0101271 0.174432 0.294897 0.36303 0.00699863 0.490378 0.925592 0.988042 0.306879 0.587107 0.0159036 0.20542 0.0188822 0.00197899 0.00136556 0.0254035 0.0858549 0.00800114 0.0742121 0.0371376 0.0500549 0.0278228 0.0110142 0.0107471 0.858153 0.0039519 0.00394289 0.372388 0.00551534 0.0123456 0.0050097 0.0100811 0.0239053 0.264352 0.4762
0.968142 0.910393 0.93471 0.980993 0.286295 0.974567 0.933769 0.987051 0.269252 0.880158 0.969945 0.868808 0.645517 0.9779 0.55472 0.810855 0.930341 0.980845 0.903793 0.990354 0.987892 0.759545 0.991133 0.987856 0.96575 0.986838 0.974959 0.106306 0.980811 0.888157 0.945075 0.945086 0.936543 0.125603 0.990652 0.7116 0.990355 0.627912 0.978952 0.981007 0.786894 0.758901 0.78584 0.858452 0.997606 0.989505 0.423716 0.845492 0.983215 0.0255997 0.0414823 0.00272918 0.0368628 0.0570667 0.00702146 0.378624 0.162689 0.0561964 0.00547757 0.180458 0.706113 0.192044 0.824117 0.00197842 0.977548 0.0100766 0.175372 0.295547 0.362254 0.00693016 0.492672 0.92569 0.988196 0.307225 0.589873 0.0158184 0.205281 0.0187717 0.00197526 0.00134971 0.0254695 0.0857157 0.00798455 0.0739971 0.0367961 0.0503671 0.0275593 0.0109154 0.010729 0.859487 0.00393106 0.00390197 0.372325 0.00545244 0.0123026 0.00496244 0.0100292 0.0236908 0.264545 0.474806
0.96838 0.910592 0.935588 0.981094 0.286601 0.974691 0.933985 0.987071 0.269453 0.880533 0.970173 0.868859 0.643182 0.977872 0.554584 0.809857 0.930593 0.980833 0.904369 0.990371 0.987946 0.759815 0.99123 0.987917 0.965869 0.986951 0.974931 0.105757 0.980793 0.888161 0.944733 0.944735 0.936955 0.125137 0.99078 0.711417 0.990374 0.628035 0.979135 0.981108 0.787242 0.758993 0.786048 0.858501 0.99761 0.989633 0.422566 0.844907 0.983318 0.0253859 0.0413485 0.00271691 0.0365297 0.0566024 0.00702632 0.380394 0.163847 0.0560025 0.00541399 0.180089 0.70612 0.190589 0.824495 0.00197492 0.977674 0.0100267 0.176316 0.2962 0.361466 0.00686286 0.494947 0.92579 0.988345 0.307596 0.592648 0.015735 0.205177 0.0186611 0.00197168 0.00133438 0.0255324 0.0855723 0.00796897 0.0737616 0.0364559 0.0506817 0.0272942 0.0108196 0.0107124 0.860809 0.00390945 0.00386227 0.372231 0.00539026 0.0122619 0.00491492 0.00997796 0.0234756 0.264735 0.473328
0.968617 0.910778 0.936445 0.981192 0.286939 0.974814 0.934205 0.987095 0.269643 0.880899 0.970398 0.868902 0.640802 0.977842 0.554405 0.808825 0.930858 0.980819 0.904951 0.990388 0.988003 0.76011 0.991328 0.987977 0.965979 0.987064 0.974902 0.105218 0.980782 0.888191 0.944396 0.94438 0.937363 0.124653 0.990904 0.711214 0.990392 0.628176 0.979316 0.981206 0.787575 0.759082 0.786295 0.858563 0.997614 0.989759 0.421357 0.844324 0.983416 0.0251712 0.041223 0.00270455 0.0361907 0.0561449 0.0070306 0.382173 0.165007 0.0558024 0.00535171 0.179716 0.706077 0.18915 0.824891 0.00197128 0.977798 0.00997599 0.177284 0.296829 0.36068 0.00679617 0.497243 0.925902 0.988494 0.307956 0.595419 0.0156502 0.205026 0.0185523 0.00196804 0.00131927 0.0255948 0.0854455 0.00795269 0.073533 0.0361241 0.0510057 0.027034 0.0107247 0.0106974 0.862112 0.0038888 0.00382254 0.372139 0.00532846 0.0122182 0.00486764 0.00992704 0.0232617 0.264939 0.471884
0.968851 0.910978 0.937303 0.981295 0.287241 0.974933 0.934416 0.987113 0.269844 0.881259 0.97062 0.868945 0.63838 0.977813 0.554192 0.807789 0.931108 0.980806 0.905529 0.990406 0.988056 0.760396 0.991422 0.988038 0.966092 0.987176 0.974876 0.10465 0.980769 0.888204 0.94405 0.944025 0.937774 0.124196 0.991027 0.711042 0.99041 0.628378 0.979493 0.981303 0.787918 0.759144 0.78655 0.858601 0.997619 0.989883 0.420167 0.843741 0.983516 0.0249632 0.0411033 0.00269274 0.0358685 0.0556859 0.00703569 0.383985 0.166155 0.0556095 0.00529149 0.179376 0.706074 0.18771 0.825261 0.0019678 0.977925 0.0099259 0.17824 0.297506 0.359901 0.00673142 0.49956 0.926011 0.988642 0.308312 0.598186 0.0155669 0.20489 0.0184472 0.00196454 0.00130421 0.02566 0.0853053 0.00793803 0.0733071 0.0358004 0.0513233 0.0267753 0.0106304 0.0106821 0.863398 0.00386818 0.00378348 0.37206 0.00526846 0.0121747 0.00482165 0.00987485 0.0230495 0.265133 0.470438
0.969079 0.911164 0.938141 0.981393 0.287545 0.975057 0.934635 0.987133 0.270002 0.88161 0.970841 0.869018 0.636005 0.977784 0.554021 0.80677 0.931365 0.98079 0.906085 0.990424 0.988109 0.760723 0.991514 0.988096 0.966199 0.987285 0.974848 0.1041 0.980756 0.888209 0.9437 0.943674 0.938177 0.123722 0.991148 0.710891 0.990427 0.628517 0.979667 0.9814 0.788254 0.75922 0.786786 0.858654 0.997623 0.990005 0.418939 0.84315 0.983616 0.0247623 0.0409809 0.00268118 0.0355421 0.0552458 0.00704389 0.385763 0.1673 0.0554188 0.0052314 0.179033 0.706017 0.186263 0.825619 0.00196414 0.978051 0.00987638 0.179228 0.298184 0.359125 0.00666728 0.501908 0.926117 0.988787 0.308667 0.600917 0.0154855 0.204744 0.0183395 0.00196071 0.00128948 0.025724 0.0851649 0.00792387 0.0730724 0.03548 0.0516432 0.026524 0.0105365 0.0106669 0.864664 0.0038478 0.00374493 0.371978 0.00520895 0.012134 0.00477504 0.00982649 0.0228413 0.265276 0.469045
0.96931 0.91136 0.938966 0.981484 0.287874 0.975182 0.934849 0.987154 0.270155 0.881981 0.971056 0.869082 0.633594 0.977752 0.553798 0.805723 0.931621 0.980774 0.906646 0.990442 0.98816 0.761042 0.991607 0.988153 0.966311 0.987394 0.974824 0.103556 0.98074 0.888214 0.943345 0.943317 0.938582 0.123242 0.991267 0.710707 0.990445 0.628673 0.979841 0.981495 0.78862 0.759248 0.786999 0.858698 0.997627 0.990126 0.417672 0.842581 0.983709 0.024562 0.0408532 0.00266972 0.0352196 0.0547994 0.00705073 0.387616 0.168492 0.0552275 0.00517247 0.178661 0.705978 0.184838 0.82598 0.00196044 0.978174 0.00982946 0.180206 0.298856 0.358359 0.00660365 0.504225 0.926244 0.988928 0.309012 0.603659 0.0154026 0.204604 0.0182327 0.00195717 0.00127522 0.02579 0.0850272 0.00790967 0.0728432 0.0351573 0.0519778 0.0262782 0.0104437 0.0106505 0.865915 0.00382787 0.00370682 0.371909 0.00514997 0.0120963 0.0047293 0.00977832 0.0226367 0.265416 0.46763
0.969542 0.911551 0.939774 0.981577 0.288276 0.975302 0.935061 0.987173 0.270314 0.882317 0.971273 0.869125 0.631181 0.977719 0.553573 0.804685 0.931872 0.980761 0.907196 0.990459 0.988211 0.761349 0.991696 0.988211 0.966418 0.987503 0.974795 0.10298 0.980722 0.888233 0.942985 0.942955 0.938979 0.122772 0.991384 0.710566 0.990462 0.628844 0.98001 0.981591 0.789049 0.759277 0.787261 0.85872 0.997631 0.990242 0.416382 0.841979 0.983804 0.0243575 0.0407311 0.00265789 0.0348966 0.054354 0.00705522 0.389476 0.169649 0.0550369 0.00511379 0.178289 0.705971 0.183379 0.826326 0.00195662 0.978297 0.00978201 0.181207 0.299557 0.357592 0.00654056 0.506536 0.926364 0.98907 0.309366 0.60637 0.0153241 0.204456 0.0181247 0.00195376 0.00126093 0.0258573 0.0848755 0.00789506 0.0726075 0.0348355 0.0523085 0.0260358 0.0103541 0.0106339 0.86716 0.00380713 0.00366955 0.371843 0.00509267 0.0120573 0.00468471 0.00973147 0.0224318 0.265581 0.466161
0.969766 0.911758 0.940569 0.981672 0.288624 0.975421 0.935273 0.987192 0.270458 0.882658 0.971485 0.869197 0.628759 0.977684 0.553383 0.803622 0.932125 0.980748 0.907757 0.990475 0.98826 0.761693 0.991784 0.988267 0.966525 0.98761 0.974773 0.10241 0.980707 0.888261 0.942619 0.94259 0.939379 0.122295 0.9915 0.710407 0.990479 0.62898 0.980173 0.981686 0.789432 0.759295 0.787523 0.85873 0.997635 0.990357 0.415097 0.841391 0.983895 0.0241627 0.0406169 0.00264677 0.0345849 0.0539208 0.00706266 0.391277 0.17085 0.0548394 0.00505714 0.177914 0.705928 0.181945 0.826688 0.00195305 0.978414 0.00973417 0.182201 0.300212 0.356821 0.00647826 0.508827 0.926492 0.989208 0.309752 0.609097 0.015246 0.204309 0.0180231 0.0019504 0.0012468 0.0259196 0.0847242 0.00788048 0.0723745 0.0345316 0.0526395 0.0257963 0.0102632 0.0106148 0.868373 0.00378694 0.0036322 0.371747 0.00503648 0.0120178 0.00463997 0.00968508 0.0222294 0.265768 0.464748
0.969988 0.911956 0.941339 0.981765 0.289005 0.975544 0.935484 0.987212 0.270597 0.883006 0.971696 0.869266 0.626333 0.977649 0.553185 0.802543 0.932374 0.980734 0.90832 0.990491 0.988311 0.762025 0.991873 0.988323 0.966629 0.987715 0.97475 0.10185 0.980695 0.88829 0.942251 0.94222 0.939779 0.121804 0.991612 0.71024 0.990495 0.629115 0.980334 0.98178 0.789795 0.759328 0.787766 0.858768 0.997639 0.990472 0.413818 0.840813 0.983989 0.0239627 0.0405031 0.00263547 0.0342802 0.0534801 0.00707032 0.393148 0.172034 0.0546467 0.00500108 0.177537 0.705871 0.18054 0.827004 0.0019498 0.978531 0.00968876 0.183212 0.300872 0.356078 0.00641847 0.511132 0.926623 0.989345 0.310096 0.611807 0.0151659 0.204178 0.0179224 0.00194675 0.00123289 0.0259882 0.0845921 0.00786592 0.0721453 0.0342253 0.0529875 0.025559 0.0101759 0.0105965 0.8696 0.00376651 0.00359625 0.371698 0.00498125 0.0119802 0.00459626 0.00963863 0.0220294 0.265908 0.463244
0.970207 0.912151 0.942113 0.981856 0.2894 0.975663 0.935701 0.987231 0.270749 0.883357 0.971909 0.869323 0.62386 0.977617 0.552954 0.80146 0.932621 0.980718 0.908867 0.990506 0.988361 0.762356 0.99196 0.988379 0.96673 0.98782 0.97473 0.101291 0.980683 0.888331 0.941876 0.941851 0.940167 0.121346 0.991722 0.710071 0.99051 0.629253 0.980493 0.981876 0.79021 0.759374 0.787999 0.858787 0.997644 0.990583 0.412467 0.840238 0.98408 0.023772 0.0403782 0.00262431 0.0339721 0.0530505 0.007076 0.394994 0.173216 0.0544483 0.00494617 0.177151 0.705856 0.179118 0.827336 0.00194639 0.97865 0.00964046 0.184206 0.30156 0.355362 0.00635937 0.513466 0.926739 0.989479 0.310456 0.614514 0.0150887 0.204058 0.0178219 0.00194333 0.00121941 0.0260522 0.0844454 0.00785274 0.0719206 0.0339251 0.0533397 0.0253268 0.0100888 0.0105781 0.870778 0.00374678 0.00356082 0.37164 0.00492741 0.0119425 0.00455409 0.00959246 0.0218324 0.266054 0.461718
0.970429 0.912341 0.942861 0.981947 0.289797 0.975788 0.93592 0.987252 0.270903 0.883702 0.97212 0.869393 0.621344 0.977581 0.552667 0.80037 0.932879 0.980706 0.90941 0.990523 0.988406 0.76272 0.992045 0.988433 0.966823 0.987923 0.974708 0.100735 0.980672 0.888359 0.9415 0.941462 0.940559 0.120879 0.991831 0.709927 0.990525 0.629413 0.980648 0.98197 0.790609 0.759381 0.788271 0.85881 0.997648 0.990692 0.411176 0.83967 0.984171 0.0235865 0.0402626 0.00261361 0.0336693 0.0526171 0.00708327 0.396852 0.174412 0.0542505 0.00489276 0.176802 0.705781 0.177723 0.827651 0.00194336 0.97877 0.0095932 0.185237 0.302224 0.35463 0.00629965 0.515795 0.926877 0.989612 0.310826 0.6172 0.0150133 0.203937 0.0177218 0.00194046 0.0012059 0.0261152 0.0842872 0.00784045 0.0716772 0.0336321 0.0536921 0.0250945 0.0100016 0.0105612 0.871961 0.00372768 0.00352617 0.371565 0.00487347 0.011907 0.00451154 0.00954745 0.0216331 0.266176 0.46027
0.970644 0.912533 0.943615 0.982037 0.290174 0.975908 0.936136 0.98727 0.271035 0.884038 0.972325 0.869448 0.618819 0.977542 0.552425 0.799291 0.933126 0.980691 0.90996 0.990538 0.988454 0.763102 0.992131 0.988488 0.966923 0.988025 0.974684 0.100174 0.980659 0.888368 0.941121 0.94108 0.940941 0.12043 0.991938 0.709773 0.990542 0.629602 0.980801 0.982059 0.791031 0.759375 0.788509 0.858858 0.997651 0.990801 0.409817 0.839084 0.984259 0.0234033 0.0401445 0.00260284 0.0333801 0.0521955 0.00709126 0.398698 0.175624 0.0540631 0.0048396 0.176428 0.705729 0.176317 0.827962 0.00194002 0.978886 0.00954861 0.186275 0.302952 0.353873 0.00624232 0.518138 0.927003 0.989743 0.311213 0.619913 0.0149344 0.203804 0.0176226 0.00193714 0.00119282 0.0261831 0.0841389 0.00782611 0.0714478 0.0333343 0.0540444 0.0248612 0.00991637 0.0105438 0.873106 0.00370879 0.00349124 0.371492 0.00482103 0.0118717 0.00446898 0.00950417 0.0214364 0.266294 0.458767
0.970858 0.912712 0.944347 0.982127 0.290588 0.976026 0.936352 0.987289 0.27117 0.884378 0.972525 0.869496 0.616327 0.977501 0.552217 0.798179 0.93337 0.98068 0.910496 0.990553 0.988502 0.763455 0.992214 0.988542 0.967021 0.988128 0.974663 0.0996077 0.980648 0.888408 0.940733 0.940694 0.941328 0.119964 0.992043 0.709635 0.990558 0.629781 0.980953 0.982148 0.791453 0.75938 0.788785 0.858874 0.997655 0.990907 0.408494 0.838497 0.984345 0.0232238 0.0400247 0.00259256 0.0330874 0.0517749 0.00709874 0.400591 0.176831 0.0538798 0.00478804 0.176051 0.70566 0.174875 0.828282 0.00193682 0.979002 0.00950443 0.187325 0.30365 0.353099 0.00618516 0.520503 0.927139 0.989872 0.3116 0.622623 0.0148573 0.203656 0.0175235 0.00193388 0.00117991 0.0262462 0.0840026 0.0078127 0.0712021 0.0330363 0.0543962 0.0246361 0.00983221 0.0105257 0.874263 0.00368914 0.0034571 0.371449 0.00476898 0.0118371 0.00442714 0.009458 0.0212405 0.266403 0.457277
0.971071 0.912889 0.945068 0.982214 0.290982 0.976144 0.936568 0.987308 0.271311 0.884716 0.97273 0.869555 0.613801 0.977461 0.55194 0.797066 0.933622 0.980672 0.911012 0.990568 0.988547 0.76382 0.992297 0.988592 0.967123 0.988225 0.97464 0.0990599 0.980641 0.888441 0.940337 0.940298 0.941715 0.119485 0.992146 0.709508 0.990573 0.629984 0.981101 0.982239 0.791914 0.759395 0.789044 0.858898 0.997659 0.991012 0.407179 0.837923 0.984432 0.0230428 0.039909 0.00258231 0.0327937 0.0513498 0.00710662 0.402497 0.178037 0.0537003 0.00473696 0.175677 0.7056 0.173482 0.828574 0.00193331 0.979118 0.00946068 0.188366 0.304369 0.352366 0.00612825 0.522861 0.927288 0.99 0.31198 0.625298 0.0147822 0.203481 0.0174276 0.00193101 0.00116726 0.0263095 0.0838569 0.00780012 0.0709608 0.0327495 0.0547535 0.0244134 0.00974856 0.0105084 0.875396 0.00366985 0.00342359 0.371394 0.00471723 0.0118028 0.00438577 0.00941594 0.021048 0.266539 0.455778
0.971283 0.913083 0.945782 0.982301 0.291422 0.97626 0.936783 0.987329 0.271433 0.885054 0.972932 0.869623 0.611267 0.977419 0.551695 0.795931 0.933874 0.980663 0.911542 0.990582 0.988595 0.764225 0.992378 0.988644 0.967215 0.988325 0.974622 0.0984962 0.980628 0.888465 0.939932 0.939913 0.942088 0.119014 0.992247 0.709382 0.990588 0.630148 0.981248 0.982326 0.792363 0.759387 0.789266 0.858939 0.997662 0.991113 0.405833 0.837377 0.984517 0.0228614 0.0397936 0.00257197 0.0325022 0.0509241 0.00711481 0.404434 0.179277 0.0535035 0.00468651 0.175296 0.705544 0.172106 0.828861 0.00193007 0.979233 0.00941691 0.189432 0.305117 0.351624 0.00607141 0.525234 0.927445 0.990123 0.312387 0.627944 0.0147051 0.203317 0.0173313 0.00192764 0.00115472 0.0263739 0.0836931 0.00778806 0.0707143 0.0324552 0.0551151 0.0242001 0.00966516 0.0104908 0.876501 0.00365142 0.00339012 0.371332 0.00466763 0.0117691 0.00434576 0.00937315 0.0208577 0.266649 0.454266
0.97149 0.913258 0.946495 0.982386 0.291834 0.976374 0.937004 0.98735 0.271544 0.885413 0.973134 0.869692 0.608699 0.977375 0.551423 0.794795 0.934139 0.980652 0.91206 0.990595 0.98864 0.764638 0.992457 0.988694 0.967308 0.988421 0.974605 0.0979391 0.980618 0.888499 0.939524 0.9395 0.942455 0.118557 0.992347 0.70923 0.990602 0.630322 0.98139 0.982416 0.79282 0.759402 0.789525 0.858948 0.997666 0.991212 0.404426 0.836794 0.984598 0.0226875 0.0396821 0.00256198 0.0322168 0.0505142 0.00712225 0.406346 0.180526 0.0533214 0.00463695 0.174926 0.705479 0.17072 0.829152 0.0019271 0.979346 0.00937378 0.190497 0.305881 0.350892 0.00601595 0.527584 0.927609 0.990247 0.312806 0.630601 0.0146291 0.203182 0.0172356 0.00192468 0.00114241 0.0264347 0.0835359 0.0077759 0.0704703 0.0321707 0.0554783 0.0239874 0.00958405 0.010473 0.877614 0.00363302 0.00335735 0.371297 0.00461856 0.0117368 0.00430525 0.0093304 0.0206693 0.266734 0.452788
0.971697 0.913461 0.947188 0.982472 0.292303 0.976487 0.937218 0.98737 0.271678 0.885742 0.973326 0.869766 0.60611 0.977327 0.551142 0.793631 0.934389 0.98064 0.912585 0.990611 0.988683 0.765033 0.992538 0.988744 0.967399 0.988518 0.974586 0.0973856 0.980611 0.888518 0.939121 0.939089 0.942828 0.118099 0.992445 0.709097 0.990616 0.630499 0.981533 0.9825 0.79329 0.759364 0.789759 0.858951 0.997669 0.991311 0.40299 0.836224 0.984683 0.0225182 0.0395664 0.00255214 0.031933 0.0501045 0.00713019 0.408284 0.181765 0.0531309 0.0045883 0.174551 0.705383 0.169343 0.829417 0.0019241 0.979458 0.00933137 0.191601 0.306654 0.35018 0.00596319 0.529961 0.92777 0.99037 0.313261 0.633287 0.0145555 0.203044 0.0171381 0.00192181 0.00113031 0.0265007 0.0833785 0.00776388 0.0702153 0.0318874 0.0558473 0.0237712 0.00950272 0.0104577 0.87872 0.00361429 0.00332491 0.371268 0.00456974 0.0117037 0.00426519 0.00928491 0.020481 0.266807 0.451272
0.971905 0.913662 0.947879 0.982559 0.292766 0.976604 0.937439 0.987388 0.271812 0.886062 0.973521 0.869827 0.60357 0.977284 0.550802 0.792478 0.934634 0.980629 0.913117 0.990627 0.988729 0.76545 0.992616 0.988794 0.967494 0.988613 0.974566 0.0968209 0.9806 0.888564 0.938714 0.938682 0.943188 0.117643 0.992543 0.708963 0.99063 0.630665 0.981671 0.982587 0.793732 0.759317 0.789974 0.858976 0.997673 0.991407 0.40155 0.835652 0.984764 0.0223462 0.0394555 0.00254215 0.031657 0.0496952 0.0071391 0.410216 0.183004 0.0529463 0.00454024 0.174172 0.705325 0.167955 0.829675 0.00192139 0.979565 0.00928983 0.19269 0.307408 0.349438 0.00591097 0.532348 0.927928 0.99049 0.313663 0.635965 0.0144821 0.202903 0.0170459 0.00191863 0.00111849 0.0265638 0.0832233 0.00775359 0.0699512 0.0316107 0.0562268 0.0235656 0.00942212 0.0104411 0.879804 0.0035961 0.00329343 0.371194 0.0045222 0.0116727 0.00422641 0.00924279 0.0202935 0.266864 0.449762
0.972108 0.913854 0.948553 0.982645 0.293235 0.976714 0.937658 0.987408 0.271921 0.886406 0.973712 0.869886 0.600955 0.97724 0.550476 0.791304 0.93489 0.98062 0.913643 0.990642 0.988771 0.765867 0.992693 0.988845 0.967587 0.988707 0.974547 0.0962691 0.980592 0.888595 0.938294 0.938261 0.943557 0.117204 0.992638 0.708838 0.990645 0.630881 0.981806 0.982674 0.794209 0.759291 0.790199 0.85901 0.997676 0.991502 0.400163 0.835106 0.984842 0.0221784 0.0393458 0.0025325 0.0313855 0.049285 0.00714887 0.412146 0.184247 0.0527606 0.00449304 0.173778 0.705208 0.16657 0.829921 0.00191841 0.979673 0.00924819 0.193787 0.308158 0.3487 0.00585813 0.534719 0.928086 0.990609 0.314052 0.638604 0.0144119 0.202756 0.0169558 0.00191549 0.00110685 0.0266264 0.0830497 0.00774189 0.0696994 0.0313407 0.0566079 0.0233613 0.00934315 0.0104251 0.880882 0.00357786 0.0032622 0.371151 0.00447565 0.0116421 0.0041879 0.00920204 0.0201068 0.266916 0.448303
0.972305 0.914047 0.949213 0.982729 0.293696 0.976828 0.937863 0.987428 0.272066 0.886744 0.973901 0.86996 0.59834 0.977194 0.550194 0.79013 0.935134 0.980611 0.914159 0.990655 0.988812 0.766302 0.992768 0.988893 0.967679 0.988801 0.974531 0.0957235 0.980585 0.888621 0.937873 0.937845 0.943913 0.11677 0.99273 0.708739 0.990659 0.631102 0.981941 0.982758 0.794699 0.759287 0.790448 0.859046 0.997679 0.991596 0.398713 0.834539 0.98492 0.0220116 0.0392355 0.0025232 0.0311118 0.0488843 0.00715833 0.414071 0.185503 0.0525721 0.00444628 0.173421 0.705085 0.165212 0.830157 0.00191509 0.979777 0.00920825 0.194926 0.308929 0.347984 0.00580686 0.537102 0.928245 0.990725 0.314512 0.641284 0.0143432 0.202604 0.016863 0.00191273 0.00109532 0.0266889 0.0828807 0.00773023 0.0694423 0.03107 0.0570005 0.0231577 0.00926468 0.0104067 0.881938 0.00356003 0.00323158 0.371099 0.00442902 0.0116116 0.0041502 0.00916011 0.0199197 0.266982 0.446767
0.972503 0.914238 0.949872 0.982811 0.294185 0.976945 0.938086 0.987448 0.272151 0.887062 0.974093 0.870034 0.595717 0.977145 0.549863 0.788954 0.935384 0.980601 0.914656 0.990668 0.988851 0.76676 0.992844 0.988942 0.967763 0.988894 0.974512 0.0951657 0.98058 0.88864 0.937446 0.937425 0.944278 0.116326 0.992823 0.708652 0.990675 0.631337 0.982073 0.982841 0.79515 0.759227 0.790694 0.859063 0.997682 0.991687 0.397242 0.833982 0.984997 0.0218501 0.0391202 0.00251396 0.0308394 0.048478 0.00716811 0.416043 0.186746 0.052383 0.00440096 0.173038 0.705017 0.163839 0.830401 0.00191177 0.979885 0.00916861 0.196055 0.309712 0.347245 0.00575641 0.539496 0.928421 0.990839 0.31494 0.643911 0.0142726 0.202455 0.0167734 0.00190976 0.00108399 0.0267484 0.0827086 0.00771852 0.069185 0.0308055 0.0573946 0.0229596 0.00918694 0.0103905 0.882982 0.00354214 0.00320157 0.371111 0.00438358 0.0115828 0.00411304 0.00912067 0.0197417 0.26704 0.445261
0.972698 0.914432 0.950518 0.982894 0.294685 0.977057 0.938311 0.98747 0.272256 0.887397 0.974284 0.870109 0.5931 0.977092 0.549509 0.787712 0.935626 0.980594 0.915149 0.99068 0.988892 0.767219 0.992917 0.988988 0.967849 0.988985 0.974499 0.0946149 0.980574 0.888661 0.937013 0.937011 0.944636 0.115867 0.992914 0.708569 0.990689 0.631504 0.982204 0.982924 0.795644 0.75915 0.790931 0.859076 0.997685 0.991775 0.395746 0.833447 0.985072 0.0216884 0.0390118 0.00250454 0.0305696 0.0480758 0.00717627 0.417987 0.188011 0.0521905 0.0043563 0.172635 0.704932 0.162487 0.830637 0.00190878 0.979993 0.00912831 0.197188 0.310517 0.34655 0.00570591 0.541856 0.928595 0.990953 0.315417 0.646549 0.014203 0.202291 0.0166826 0.00190706 0.0010728 0.0268106 0.0825268 0.00770763 0.0689219 0.0305437 0.057787 0.022764 0.00911005 0.010372 0.88402 0.00352455 0.00317123 0.371084 0.00433891 0.0115546 0.00407497 0.00908262 0.0195641 0.267085 0.443759
0.972887 0.914629 0.951156 0.982977 0.295199 0.977173 0.938524 0.98749 0.272356 0.887705 0.974471 0.870189 0.590462 0.977039 0.549174 0.786484 0.93588 0.980589 0.915654 0.990694 0.988933 0.7677 0.99299 0.989035 0.967934 0.989078 0.974485 0.0940643 0.980567 0.888694 0.936584 0.936579 0.94501 0.115411 0.993004 0.708446 0.990702 0.631723 0.982334 0.983004 0.796154 0.759101 0.79118 0.859101 0.997688 0.991863 0.394226 0.832905 0.985143 0.0215254 0.0389002 0.00249522 0.0303047 0.0476856 0.00718556 0.419949 0.189274 0.0519991 0.00431148 0.172241 0.70483 0.161149 0.830911 0.00190599 0.980099 0.00908959 0.198363 0.311377 0.345869 0.00565673 0.544222 0.928773 0.991065 0.315913 0.649155 0.0141297 0.202144 0.0165955 0.00190414 0.00106196 0.0268737 0.08235 0.00769659 0.068666 0.030277 0.0581895 0.0225715 0.00903532 0.0103548 0.885049 0.00350744 0.00314168 0.371079 0.00429515 0.011526 0.00403864 0.00904198 0.0193881 0.267098 0.442199
0.973075 0.914821 0.951778 0.983061 0.295709 0.977285 0.938748 0.987508 0.272461 0.888025 0.974655 0.870279 0.587802 0.97699 0.54886 0.785265 0.936127 0.980586 0.916161 0.990706 0.988973 0.768189 0.993062 0.989081 0.968022 0.989169 0.974476 0.0935208 0.98056 0.888719 0.936142 0.936139 0.945366 0.114941 0.993091 0.708359 0.990713 0.631903 0.98246 0.983085 0.796623 0.759041 0.791414 0.859098 0.997692 0.991951 0.392695 0.832362 0.985217 0.0213677 0.0387919 0.00248597 0.0300421 0.0472899 0.00719573 0.421914 0.190555 0.0518056 0.00426833 0.171854 0.704761 0.159798 0.831143 0.00190314 0.980201 0.0090517 0.199513 0.312199 0.345193 0.00560752 0.546581 0.928959 0.991175 0.316367 0.651725 0.0140645 0.202008 0.0165085 0.00190157 0.00105105 0.0269365 0.0821706 0.00768655 0.0684131 0.0300136 0.0585945 0.0223818 0.00896041 0.0103391 0.886052 0.00348978 0.00311244 0.371059 0.00425178 0.0114991 0.00400203 0.00900373 0.0192128 0.26711 0.440652
0.973259 0.915018 0.952385 0.98314 0.296187 0.977398 0.93897 0.987529 0.27256 0.888364 0.974842 0.870349 0.585093 0.976935 0.548481 0.783998 0.936378 0.980581 0.916649 0.990719 0.989012 0.768689 0.993133 0.989127 0.968107 0.989258 0.974464 0.092967 0.980557 0.888746 0.935694 0.935706 0.945709 0.114475 0.993177 0.708249 0.990726 0.632055 0.982586 0.983165 0.797141 0.758988 0.791654 0.859105 0.997695 0.992038 0.391143 0.83181 0.98529 0.021213 0.0386781 0.0024768 0.0297857 0.0468922 0.00720487 0.423865 0.191878 0.0516148 0.0042262 0.171471 0.704664 0.158467 0.831352 0.00190038 0.980306 0.00901362 0.200672 0.31298 0.344477 0.00555976 0.548911 0.92914 0.991283 0.316794 0.654311 0.0139955 0.201878 0.0164227 0.00189869 0.00104052 0.0270005 0.081992 0.00767578 0.0681535 0.0297552 0.0589916 0.0221944 0.00888719 0.010321 0.887049 0.00347276 0.00308417 0.371038 0.00420958 0.0114732 0.00396527 0.0089662 0.0190398 0.267146 0.43911
0.973453 0.915211 0.952984 0.983216 0.296744 0.977512 0.939184 0.987549 0.272655 0.888699 0.975027 0.870441 0.582392 0.976882 0.548147 0.782744 0.936638 0.980574 0.917137 0.990732 0.989049 0.76916 0.993204 0.98917 0.968192 0.989344 0.974452 0.0924303 0.980549 0.888781 0.93525 0.93526 0.946057 0.11403 0.993261 0.708192 0.990739 0.632259 0.982707 0.983245 0.797672 0.758914 0.791904 0.859111 0.997698 0.992119 0.38957 0.83122 0.985362 0.0210595 0.0385631 0.00246775 0.0295313 0.0465033 0.00721522 0.425878 0.193147 0.0514196 0.0041843 0.171066 0.704488 0.157126 0.831556 0.00189748 0.980406 0.00897582 0.201868 0.313777 0.343774 0.00551255 0.551303 0.929312 0.991389 0.31726 0.656927 0.0139281 0.201714 0.0163343 0.00189627 0.00103019 0.0270631 0.0818133 0.00766491 0.0678861 0.0295003 0.0594171 0.0220115 0.00881353 0.0103042 0.888035 0.00345609 0.00305581 0.371034 0.00416794 0.0114475 0.00393008 0.00892772 0.0188683 0.267171 0.437534
0.973636 0.915393 0.953584 0.983297 0.297269 0.977625 0.939391 0.98757 0.272717 0.889021 0.975209 0.870539 0.579732 0.976825 0.547758 0.781481 0.93689 0.980567 0.917629 0.990744 0.989086 0.769676 0.993272 0.989215 0.968273 0.989432 0.97444 0.0918906 0.980547 0.888829 0.93481 0.934809 0.946399 0.113579 0.993345 0.708102 0.990751 0.632441 0.982825 0.983324 0.7982 0.758812 0.792124 0.859099 0.997701 0.992201 0.387969 0.830687 0.985432 0.0209089 0.0384548 0.00245926 0.029281 0.0461212 0.00722689 0.42788 0.194425 0.0512335 0.00414352 0.170664 0.704327 0.155814 0.831726 0.00189511 0.98051 0.00893832 0.203067 0.314651 0.343054 0.00546603 0.553723 0.929502 0.991493 0.31777 0.659486 0.0138624 0.201535 0.0162496 0.00189368 0.00102007 0.0271287 0.0816313 0.00765507 0.0676319 0.0292445 0.0598364 0.0218304 0.00874016 0.010288 0.888999 0.00343938 0.00302808 0.371038 0.00412648 0.011423 0.00389487 0.00889035 0.0187009 0.267171 0.436011
0.97382 0.915583 0.954173 0.983375 0.297877 0.977738 0.939605 0.987593 0.272803 0.889337 0.975387 0.870634 0.577004 0.976768 0.547357 0.780225 0.937143 0.980561 0.918108 0.990757 0.989123 0.770205 0.993341 0.989258 0.968355 0.989519 0.974426 0.0913423 0.98054 0.888869 0.934364 0.934352 0.946729 0.113121 0.993425 0.708032 0.990762 0.63263 0.982944 0.983403 0.79872 0.758721 0.792379 0.859101 0.997704 0.992283 0.386378 0.830161 0.985502 0.0207603 0.0383492 0.00245093 0.0290334 0.0457439 0.00723693 0.42989 0.195743 0.0510444 0.00410334 0.170266 0.704149 0.154518 0.831909 0.00189214 0.980611 0.00890098 0.204266 0.315533 0.342346 0.00542076 0.556082 0.929699 0.991597 0.318249 0.66205 0.0137967 0.201364 0.0161641 0.00189086 0.00101003 0.0271949 0.081451 0.00764375 0.0673649 0.0289923 0.0602584 0.0216506 0.00866703 0.0102705 0.889952 0.0034226 0.00300111 0.371035 0.00408631 0.0113999 0.00386027 0.00885395 0.0185307 0.267131 0.434476
0.974005 0.915779 0.954757 0.983449 0.298444 0.977847 0.939825 0.987615 0.272863 0.889642 0.975563 0.870738 0.574257 0.976711 0.546952 0.778961 0.937394 0.980555 0.918586 0.990769 0.98916 0.770704 0.993408 0.989302 0.96843 0.989604 0.974417 0.0908029 0.980539 0.888894 0.933892 0.933887 0.94706 0.112661 0.993505 0.707938 0.990774 0.632829 0.983059 0.983482 0.799288 0.758579 0.792609 0.859087 0.997707 0.992364 0.384798 0.829594 0.985572 0.0206129 0.038244 0.0024426 0.028789 0.0453664 0.00724773 0.431935 0.197047 0.0508516 0.00406333 0.16986 0.703971 0.153202 0.832078 0.0018895 0.980707 0.00886403 0.205461 0.316407 0.341642 0.00537502 0.558462 0.92989 0.9917 0.318747 0.664657 0.0137304 0.201207 0.0160774 0.00188818 0.00100027 0.0272615 0.0812533 0.00763315 0.0670979 0.028747 0.0606858 0.0214757 0.00859561 0.0102531 0.890892 0.00340647 0.00297446 0.371021 0.00404648 0.0113761 0.00382553 0.00881676 0.0183642 0.2671 0.432879
0.974186 0.915983 0.955325 0.983529 0.299025 0.977954 0.940047 0.987634 0.272907 0.889962 0.975737 0.870804 0.571484 0.976652 0.546573 0.777649 0.937641 0.980552 0.919068 0.990783 0.989194 0.771235 0.993473 0.989342 0.968505 0.989689 0.97441 0.0902596 0.980537 0.888937 0.933422 0.933423 0.947406 0.112209 0.993583 0.707851 0.990786 0.633056 0.983172 0.983557 0.799831 0.758461 0.792867 0.85908 0.99771 0.992443 0.383169 0.829035 0.985641 0.0204692 0.0381299 0.00243434 0.0285526 0.0449883 0.00725835 0.433952 0.198363 0.0506604 0.00402397 0.16951 0.703788 0.151896 0.832288 0.0018868 0.980802 0.00882938 0.206704 0.317301 0.340995 0.00533064 0.560878 0.930086 0.9918 0.319295 0.667204 0.0136659 0.201033 0.0159934 0.00188536 0.00099051 0.0273218 0.0810745 0.00762271 0.0668215 0.0285067 0.061119 0.0213007 0.00852688 0.0102369 0.891834 0.00339064 0.00294824 0.371055 0.00400656 0.0113514 0.00379164 0.00877932 0.0181978 0.267042 0.431306
0.974371 0.916183 0.955881 0.983605 0.299599 0.978065 0.940272 0.987654 0.272968 0.890286 0.975911 0.870904 0.568748 0.976591 0.546107 0.776345 0.937881 0.98055 0.919543 0.990794 0.989229 0.77177 0.993538 0.989385 0.968578 0.989772 0.974401 0.0897158 0.980535 0.888979 0.932952 0.932949 0.947741 0.111754 0.993661 0.707784 0.990797 0.633224 0.983284 0.983632 0.800394 0.758361 0.793085 0.859077 0.997713 0.99252 0.381512 0.828489 0.985708 0.0203247 0.0380189 0.00242599 0.0283132 0.0446196 0.00726933 0.436017 0.199673 0.0504719 0.00398466 0.169095 0.703643 0.150586 0.832469 0.00188447 0.9809 0.00879415 0.207957 0.318188 0.340307 0.00528735 0.563263 0.930288 0.991899 0.319786 0.669774 0.0136021 0.200867 0.0159105 0.00188309 0.000980824 0.0273825 0.0808907 0.00761386 0.0665431 0.0282661 0.0615453 0.021129 0.00845532 0.0102196 0.892784 0.00337458 0.00292166 0.3711 0.00396759 0.0113298 0.00375781 0.00874381 0.018035 0.266997 0.429722
0.974547 0.916379 0.956436 0.983681 0.300198 0.978173 0.940486 0.987676 0.273035 0.8906 0.976082 0.870998 0.565986 0.976533 0.54568 0.775037 0.938127 0.980548 0.919996 0.990806 0.989263 0.772328 0.993602 0.989429 0.968653 0.989853 0.974396 0.0891683 0.980533 0.88901 0.932479 0.932475 0.948065 0.111297 0.993738 0.707713 0.990808 0.633417 0.983394 0.983708 0.800972 0.758221 0.793327 0.859087 0.997716 0.992595 0.379861 0.827949 0.985774 0.0201835 0.0379121 0.00241855 0.0280741 0.0442486 0.00728079 0.438051 0.200984 0.0502876 0.00394711 0.168714 0.703435 0.149264 0.832607 0.00188185 0.980995 0.00875901 0.209211 0.319079 0.339615 0.00524424 0.565669 0.930501 0.991996 0.3203 0.672317 0.0135391 0.200694 0.0158332 0.00188036 0.000971179 0.0274449 0.080687 0.00760356 0.0662665 0.0280277 0.0619742 0.0209576 0.00838488 0.0102029 0.893699 0.00335834 0.00289622 0.371147 0.00392984 0.0113099 0.00372436 0.00871118 0.0178729 0.266939 0.428131
0.974721 0.916573 0.956979 0.983758 0.300825 0.978281 0.940711 0.987699 0.27305 0.890895 0.976254 0.871098 0.563217 0.976473 0.545273 0.773705 0.938367 0.980544 0.920459 0.990817 0.989297 0.77291 0.993664 0.98947 0.968729 0.989937 0.974388 0.0886195 0.980531 0.889041 0.931994 0.931994 0.948395 0.11085 0.993814 0.707661 0.990819 0.633625 0.983503 0.983782 0.801527 0.758116 0.793571 0.859109 0.997719 0.992669 0.378172 0.827384 0.98584 0.0200487 0.0378062 0.00241039 0.0278355 0.0438799 0.00729246 0.440105 0.202319 0.0500955 0.00390933 0.1683 0.703253 0.147996 0.832756 0.00187934 0.981088 0.00872693 0.210486 0.32 0.338905 0.00520107 0.568045 0.930711 0.992092 0.320829 0.674815 0.0134751 0.200517 0.0157553 0.00187804 0.000961747 0.0275041 0.080495 0.00759313 0.065988 0.0277911 0.0624264 0.0207892 0.00831631 0.0101858 0.894605 0.00334217 0.00287066 0.371198 0.00389203 0.0112906 0.00369154 0.00867678 0.0177117 0.266861 0.42659
0.974894 0.916751 0.957522 0.983831 0.301455 0.978389 0.94094 0.98772 0.273122 0.891217 0.976427 0.871213 0.560438 0.976411 0.544818 0.772361 0.938607 0.98054 0.920931 0.990827 0.989331 0.773482 0.993727 0.98951 0.968807 0.990019 0.974385 0.0880896 0.980529 0.889091 0.931513 0.931505 0.948724 0.110387 0.993888 0.707594 0.990829 0.633886 0.98361 0.983858 0.80212 0.757958 0.793821 0.85909 0.997722 0.992741 0.376472 0.826831 0.985904 0.0199128 0.0377065 0.00240263 0.0276036 0.0435128 0.00730552 0.442178 0.203704 0.0499035 0.00387259 0.167885 0.703068 0.146722 0.832892 0.00187718 0.981181 0.00869305 0.211767 0.320942 0.338217 0.00515926 0.570412 0.930925 0.992187 0.321378 0.677318 0.0134114 0.200341 0.0156751 0.00187564 0.000952571 0.027564 0.0803032 0.00758409 0.0657097 0.0275655 0.0628853 0.0206227 0.00824799 0.0101686 0.895514 0.00332659 0.00284556 0.371225 0.00385465 0.0112698 0.00365858 0.00864358 0.0175505 0.266797 0.425012
0.975067 0.916937 0.958057 0.983906 0.302106 0.978499 0.941165 0.987742 0.273154 0.891525 0.976598 0.871316 0.557612 0.976346 0.544371 0.770983 0.938861 0.980538 0.921374 0.990839 0.989365 0.774039 0.993788 0.989551 0.968878 0.990098 0.974382 0.0875543 0.980527 0.889155 0.931018 0.93101 0.949052 0.10993 0.993961 0.707567 0.990841 0.634107 0.983713 0.983933 0.802732 0.757801 0.794088 0.859097 0.997725 0.992813 0.374797 0.826298 0.985967 0.0197741 0.0375989 0.00239483 0.0273738 0.0431529 0.00731724 0.444191 0.205064 0.0497152 0.00383638 0.167461 0.702845 0.145419 0.833023 0.00187472 0.981275 0.00865971 0.213065 0.321882 0.337539 0.00511751 0.572809 0.93115 0.992281 0.321919 0.679802 0.0133514 0.200176 0.0155957 0.00187312 0.00094355 0.0276281 0.0801068 0.00757467 0.0654355 0.0273355 0.0633391 0.0204662 0.00818034 0.0101506 0.896407 0.00331067 0.00282073 0.371262 0.00381836 0.0112495 0.00362694 0.00860965 0.0173898 0.2667 0.423479
0.975238 0.917123 0.958576 0.983978 0.302758 0.978607 0.941375 0.987761 0.273193 0.891834 0.976765 0.871406 0.55477 0.97628 0.543884 0.769616 0.939116 0.980538 0.921821 0.990849 0.989398 0.774618 0.993848 0.98959 0.96895 0.990178 0.97438 0.0870066 0.980525 0.889216 0.930523 0.930513 0.949369 0.1095 0.994033 0.707533 0.990851 0.634312 0.983818 0.984004 0.803321 0.757634 0.794324 0.859097 0.997727 0.992884 0.37308 0.82578 0.986029 0.0196391 0.0374965 0.00238736 0.0271459 0.0427975 0.00732994 0.44625 0.206441 0.0495205 0.00380028 0.167067 0.702641 0.14414 0.833136 0.00187208 0.981367 0.00862575 0.214366 0.322853 0.336861 0.00507704 0.575208 0.931371 0.992373 0.322496 0.682321 0.0132907 0.199994 0.0155205 0.00187077 0.000934477 0.0276899 0.0799196 0.00756353 0.0651593 0.0271126 0.0638012 0.0203103 0.00811385 0.0101345 0.89728 0.00329496 0.00279639 0.371287 0.00378313 0.011232 0.00359516 0.00857702 0.0172358 0.266631 0.421897
0.975408 0.917314 0.959085 0.98405 0.303397 0.978714 0.941597 0.98778 0.273244 0.892129 0.976933 0.871527 0.551955 0.976212 0.543392 0.768241 0.939362 0.98054 0.922259 0.990861 0.98943 0.775206 0.993908 0.98963 0.96902 0.990257 0.974374 0.0864469 0.980526 0.889262 0.93001 0.930009 0.949682 0.109045 0.994102 0.7075 0.990862 0.634498 0.983919 0.984075 0.803925 0.757469 0.794592 0.859086 0.99773 0.992953 0.371356 0.825259 0.986091 0.0195061 0.0373918 0.0023796 0.0269218 0.0424437 0.00734185 0.448307 0.207838 0.0493323 0.00376523 0.166642 0.70243 0.142872 0.83323 0.00186959 0.981457 0.00859385 0.21569 0.323779 0.336172 0.00503726 0.577603 0.931595 0.992464 0.323078 0.684816 0.0132312 0.199838 0.0154445 0.00186844 0.000925776 0.0277508 0.079737 0.00755387 0.064878 0.0268938 0.0642737 0.0201509 0.00804733 0.0101172 0.898153 0.00327977 0.0027723 0.371326 0.00374782 0.011214 0.00356341 0.00854499 0.0170778 0.26654 0.4203
0.975578 0.917497 0.959598 0.984122 0.304055 0.978819 0.941819 0.987803 0.273276 0.892431 0.977097 0.871618 0.549126 0.976147 0.542863 0.766846 0.939605 0.980543 0.922705 0.990871 0.98946 0.775824 0.993967 0.989669 0.969087 0.990336 0.974366 0.0859209 0.980524 0.889314 0.929495 0.929509 0.949998 0.108583 0.994172 0.707473 0.990873 0.634675 0.984018 0.984148 0.804521 0.757293 0.794824 0.859068 0.997732 0.993021 0.369563 0.824739 0.986151 0.0193766 0.0372922 0.00237208 0.0267026 0.0420944 0.00735451 0.450409 0.209163 0.0491479 0.00373001 0.166221 0.70223 0.141619 0.833313 0.00186721 0.981548 0.00856252 0.217033 0.324723 0.335486 0.00499802 0.58004 0.931821 0.992555 0.323588 0.687314 0.0131712 0.199631 0.0153656 0.00186657 0.00091718 0.0278137 0.0795346 0.00754396 0.0645983 0.0266757 0.0647528 0.0199919 0.00798145 0.0100987 0.899005 0.00326424 0.00274857 0.371372 0.00371312 0.0111967 0.00353248 0.00851463 0.0169211 0.266433 0.418699
0.975744 0.917694 0.960094 0.984193 0.304732 0.978925 0.942034 0.987822 0.273304 0.89274 0.977257 0.871731 0.546293 0.976075 0.542321 0.765436 0.939845 0.980542 0.923154 0.990882 0.989493 0.776416 0.994025 0.989706 0.969155 0.990412 0.974363 0.0853963 0.980521 0.889362 0.928968 0.928985 0.950312 0.108146 0.994241 0.707406 0.990884 0.634891 0.984115 0.98422 0.805129 0.757093 0.795055 0.859033 0.997735 0.993088 0.367793 0.824205 0.986209 0.0192488 0.0371876 0.00236492 0.026489 0.0417457 0.00736711 0.452535 0.21054 0.0489536 0.00369564 0.165782 0.701997 0.140357 0.833398 0.00186488 0.981636 0.00853257 0.218387 0.325719 0.334834 0.00495826 0.582459 0.932051 0.992642 0.32414 0.689791 0.013114 0.199462 0.0152929 0.00186411 0.000908817 0.0278758 0.0793291 0.00753623 0.0643135 0.0264568 0.0652261 0.0198412 0.00791735 0.0100811 0.899862 0.00324938 0.00272538 0.371383 0.00367896 0.0111805 0.00350138 0.00848363 0.0167669 0.266312 0.417089
0.975909 0.917881 0.960588 0.984264 0.305445 0.97903 0.942259 0.987843 0.273333 0.893052 0.977415 0.871842 0.543419 0.976003 0.541812 0.763997 0.940086 0.980544 0.923603 0.990889 0.989521 0.777028 0.994082 0.989743 0.969226 0.99049 0.974362 0.0848597 0.980527 0.889416 0.928446 0.928463 0.950617 0.107706 0.994309 0.707383 0.990896 0.635089 0.984212 0.984292 0.805733 0.756896 0.79529 0.859018 0.997738 0.993154 0.366005 0.823663 0.986267 0.0191193 0.0370939 0.00235817 0.0262722 0.0413942 0.0073795 0.454676 0.211937 0.0487599 0.00366207 0.165359 0.701772 0.139098 0.83345 0.00186289 0.981722 0.00850048 0.219751 0.326705 0.334157 0.00491946 0.584907 0.932282 0.992731 0.324712 0.692242 0.0130543 0.199268 0.0152177 0.00186183 0.000900434 0.0279369 0.0791377 0.00752826 0.0640412 0.026244 0.0657059 0.0196929 0.00785269 0.0100621 0.900689 0.00323447 0.00270238 0.371404 0.0036457 0.0111632 0.00347074 0.0084511 0.0166126 0.266164 0.415514
0.976073 0.918061 0.961067 0.984332 0.306175 0.979139 0.942478 0.987862 0.273346 0.893362 0.977574 0.871932 0.540502 0.975928 0.54133 0.762574 0.940334 0.980545 0.924053 0.990899 0.989551 0.777654 0.994138 0.98978 0.969294 0.990566 0.974361 0.0843162 0.980531 0.889457 0.927914 0.927935 0.950933 0.107254 0.994375 0.707333 0.990906 0.635301 0.984306 0.984362 0.80637 0.756673 0.795531 0.858998 0.997741 0.993218 0.364194 0.823155 0.986324 0.0189924 0.0369937 0.00235153 0.0260568 0.0410556 0.00739308 0.456785 0.213319 0.0485667 0.00362884 0.164969 0.701508 0.13785 0.833529 0.00186072 0.98181 0.00846765 0.221123 0.327703 0.333501 0.00488159 0.587362 0.932529 0.992817 0.325278 0.694674 0.0129968 0.19909 0.0151445 0.00185979 0.000892264 0.0279971 0.0789247 0.00751982 0.0637517 0.0260328 0.066186 0.0195426 0.00779029 0.0100433 0.901524 0.00321971 0.00267981 0.371475 0.00361255 0.0111501 0.00343997 0.00842262 0.0164623 0.266056 0.413926
0.976236 0.918243 0.961538 0.984402 0.306911 0.979243 0.942702 0.987882 0.273397 0.893671 0.977733 0.872055 0.537578 0.975852 0.540783 0.761113 0.940579 0.980551 0.924503 0.99091 0.989583 0.778303 0.994195 0.989818 0.969357 0.990641 0.974359 0.0837761 0.980535 0.889517 0.927381 0.927386 0.951243 0.106783 0.994441 0.707335 0.990917 0.635504 0.984399 0.984431 0.806998 0.756476 0.795776 0.858958 0.997743 0.993282 0.362372 0.822646 0.986379 0.0188663 0.0368958 0.00234481 0.0258483 0.0407156 0.00740525 0.45887 0.214682 0.0483838 0.00359598 0.164554 0.701255 0.136619 0.833593 0.00185858 0.981897 0.00843743 0.222498 0.328728 0.332848 0.00484423 0.589793 0.932763 0.992902 0.325836 0.697101 0.0129392 0.198877 0.0150726 0.00185736 0.000884172 0.0280542 0.0787262 0.00751155 0.0634613 0.0258183 0.0666963 0.0193968 0.00772877 0.010025 0.902342 0.00320539 0.00265763 0.371551 0.00358001 0.0111362 0.00341004 0.00839225 0.0163137 0.265919 0.412303
0.976395 0.918436 0.962008 0.984472 0.307694 0.979349 0.942921 0.987903 0.273387 0.893974 0.977888 0.872148 0.534674 0.975774 0.540222 0.75965 0.940814 0.980554 0.924941 0.99092 0.989613 0.778974 0.994251 0.989854 0.969417 0.990715 0.974358 0.0832468 0.980537 0.889591 0.926848 0.926845 0.951545 0.106338 0.994505 0.707326 0.990926 0.635732 0.984492 0.9845 0.80764 0.756285 0.796013 0.858922 0.997746 0.993346 0.360533 0.822133 0.986432 0.0187415 0.0367985 0.00233831 0.0256364 0.0403765 0.0074189 0.460963 0.216079 0.0481993 0.00356341 0.164125 0.700997 0.135402 0.833657 0.0018561 0.981983 0.00840893 0.223925 0.329688 0.332159 0.00480809 0.592211 0.933009 0.992987 0.326434 0.69954 0.012883 0.198683 0.0150022 0.00185524 0.000876296 0.0281157 0.0785119 0.00750132 0.0631655 0.025611 0.0671948 0.0192522 0.00766681 0.0100049 0.903161 0.00319085 0.00263588 0.371575 0.00354806 0.0111212 0.00338046 0.00836251 0.016164 0.265735 0.410691
0.976551 0.918631 0.962469 0.984541 0.308469 0.979454 0.943135 0.987923 0.273405 0.894277 0.978043 0.872255 0.531751 0.975695 0.53964 0.758169 0.941059 0.980557 0.925371 0.99093 0.989643 0.779601 0.994306 0.989889 0.969481 0.990787 0.97436 0.0827149 0.980539 0.889648 0.926308 0.926301 0.951854 0.105896 0.994567 0.707316 0.990935 0.635957 0.984581 0.984565 0.808264 0.75607 0.79625 0.858883 0.997749 0.993408 0.358695 0.821632 0.986488 0.0186187 0.0366998 0.00233171 0.0254326 0.040033 0.00743355 0.463104 0.217506 0.0480081 0.00353211 0.163699 0.700696 0.134184 0.833707 0.00185413 0.98207 0.00838071 0.225357 0.330753 0.331493 0.00477174 0.594601 0.933244 0.99307 0.327015 0.701958 0.0128267 0.19849 0.0149307 0.00185315 0.000868391 0.0281768 0.0782931 0.00749262 0.0628707 0.0254047 0.0677009 0.0191074 0.00760463 0.00998632 0.903956 0.00317728 0.00261405 0.37165 0.00351695 0.011109 0.00335129 0.00833412 0.0160153 0.265569 0.409072
0.97671 0.918831 0.962927 0.984608 0.309234 0.979557 0.943349 0.987946 0.273389 0.894581 0.978198 0.872363 0.528833 0.975621 0.539063 0.756672 0.941299 0.98056 0.925796 0.990939 0.989672 0.780243 0.994359 0.989924 0.969538 0.99086 0.974368 0.0821681 0.980545 0.889708 0.925745 0.925741 0.952159 0.105445 0.994629 0.707331 0.990945 0.636169 0.984669 0.984631 0.808906 0.755865 0.796529 0.858855 0.997751 0.993469 0.356838 0.821127 0.986543 0.0184958 0.0366062 0.00232485 0.0252298 0.0396973 0.00744741 0.465264 0.218922 0.0478136 0.00350113 0.163268 0.700429 0.132967 0.833729 0.00185212 0.982153 0.0083523 0.226787 0.331813 0.330859 0.00473594 0.597044 0.933486 0.993151 0.327591 0.704367 0.0127702 0.198297 0.0148593 0.00185136 0.000860757 0.0282336 0.0780772 0.00748398 0.0625796 0.025202 0.0682122 0.0189698 0.00754411 0.0099664 0.904761 0.00316305 0.00259301 0.371698 0.00348637 0.0110969 0.00332221 0.00830505 0.0158696 0.265394 0.407463
0.976869 0.91903 0.963371 0.984671 0.309996 0.979658 0.94357 0.987967 0.273394 0.894881 0.978352 0.87249 0.525879 0.975541 0.53847 0.755156 0.941547 0.980567 0.926217 0.990949 0.989702 0.780931 0.994412 0.989958 0.969596 0.990932 0.974372 0.0816444 0.980545 0.889778 0.925179 0.925188 0.95245 0.104997 0.994691 0.707355 0.990954 0.636363 0.984758 0.984698 0.809568 0.755625 0.796795 0.858813 0.997753 0.993528 0.354958 0.820652 0.986597 0.0183725 0.036508 0.00231831 0.0250314 0.0393608 0.00746042 0.467455 0.22033 0.0476234 0.00346994 0.162827 0.700131 0.131756 0.833756 0.00185015 0.982236 0.00832332 0.228212 0.33288 0.330222 0.0047004 0.599409 0.933727 0.993232 0.328235 0.706744 0.0127169 0.198095 0.0147868 0.00184947 0.000853194 0.0282923 0.077879 0.00747512 0.062289 0.0250006 0.0687354 0.0188335 0.00748401 0.00995068 0.905546 0.00314865 0.00257176 0.371777 0.00345555 0.011083 0.00329383 0.00827705 0.0157287 0.265158 0.405822
0.977025 0.919233 0.963809 0.984737 0.310811 0.979761 0.943787 0.987988 0.27337 0.895183 0.978507 0.872625 0.522898 0.975456 0.537873 0.753649 0.941795 0.980573 0.926655 0.990957 0.989729 0.781646 0.994465 0.989991 0.969651 0.991004 0.974378 0.0811005 0.980552 0.889867 0.924621 0.924628 0.952747 0.104552 0.994751 0.707397 0.990965 0.636562 0.984844 0.984766 0.81024 0.755382 0.797055 0.858771 0.997756 0.993587 0.353076 0.820135 0.986649 0.0182551 0.036412 0.00231167 0.0248289 0.0390266 0.00747532 0.469625 0.22174 0.0474325 0.00343973 0.1624 0.699834 0.130566 0.83377 0.00184818 0.982319 0.00829592 0.229656 0.333933 0.329559 0.00466446 0.601863 0.933976 0.993312 0.328852 0.70911 0.0126606 0.197913 0.0147163 0.00184743 0.000845734 0.0283469 0.0776521 0.00746701 0.0619973 0.0248002 0.0692628 0.0186965 0.00742495 0.00993422 0.906321 0.00313477 0.00255105 0.371894 0.00342549 0.0110709 0.00326567 0.00824806 0.0155861 0.264931 0.404189
0.977179 0.919418 0.964243 0.984803 0.311607 0.979861 0.944011 0.98801 0.273336 0.895493 0.978658 0.872742 0.51997 0.975367 0.537297 0.752112 0.942038 0.980578 0.927079 0.990967 0.989756 0.782335 0.994517 0.990025 0.96971 0.991074 0.974385 0.0805699 0.980559 0.889943 0.924045 0.924066 0.953047 0.104111 0.994811 0.707422 0.990974 0.636771 0.984926 0.984829 0.810909 0.755152 0.797328 0.858721 0.997758 0.993644 0.351176 0.819678 0.986702 0.0181416 0.0363122 0.00230542 0.0246288 0.038699 0.0074911 0.471843 0.223183 0.0472499 0.00340981 0.161946 0.699543 0.129378 0.833782 0.00184628 0.9824 0.00826823 0.231066 0.334991 0.328898 0.00462971 0.604288 0.934232 0.993391 0.329476 0.711465 0.0126038 0.197713 0.0146473 0.00184563 0.00083843 0.0284102 0.0774253 0.00745973 0.0616995 0.0246032 0.0697955 0.0185613 0.00736618 0.00991536 0.907067 0.00312121 0.00253039 0.372014 0.0033961 0.0110612 0.00323813 0.00822117 0.015445 0.264743 0.402572
0.97733 0.919617 0.96467 0.984869 0.312441 0.979961 0.944232 0.988031 0.273279 0.895791 0.978811 0.872864 0.516982 0.975279 0.536667 0.750579 0.942275 0.980585 0.927499 0.990976 0.989782 0.78306 0.994568 0.990058 0.96977 0.991143 0.974393 0.0800325 0.980567 0.889988 0.923476 0.92348 0.95334 0.103647 0.994868 0.707508 0.990984 0.63701 0.985009 0.984893 0.811589 0.754909 0.79754 0.858688 0.99776 0.993701 0.349267 0.819199 0.986753 0.0180278 0.0362198 0.00229934 0.024432 0.0383767 0.00750574 0.474023 0.224591 0.0470632 0.00338044 0.161494 0.699243 0.128187 0.833795 0.001844 0.982478 0.0082401 0.232527 0.336119 0.32823 0.00459605 0.606717 0.934493 0.993468 0.330098 0.713814 0.0125499 0.197476 0.0145786 0.00184354 0.000831305 0.0284666 0.0772043 0.00745168 0.0614134 0.0244068 0.07033 0.0184267 0.00730856 0.00989752 0.907836 0.00310738 0.00251026 0.372097 0.00336688 0.0110519 0.00321058 0.00819459 0.0153049 0.264492 0.400952
0.977482 0.919812 0.96509 0.984935 0.313268 0.980063 0.94445 0.988053 0.273266 0.896105 0.978957 0.87299 0.513956 0.975194 0.536043 0.749007 0.942519 0.980593 0.927921 0.990985 0.989809 0.783733 0.994618 0.99009 0.96983 0.991211 0.974399 0.0794969 0.980573 0.890062 0.922882 0.922896 0.953628 0.1032 0.994926 0.707531 0.990991 0.637222 0.98509 0.984956 0.812257 0.754663 0.797815 0.858631 0.997763 0.993757 0.34731 0.818714 0.986804 0.017919 0.0361263 0.00229306 0.0242364 0.0380504 0.00751962 0.476243 0.226043 0.0468611 0.00335166 0.161034 0.698935 0.126996 0.833805 0.00184225 0.982557 0.00821265 0.233996 0.337222 0.327571 0.0045619 0.609145 0.934756 0.993543 0.330732 0.716166 0.0124954 0.197264 0.0145094 0.00184148 0.000824173 0.0285248 0.0769936 0.00744418 0.0611215 0.0242116 0.0708866 0.0182979 0.00724985 0.00988011 0.908584 0.00309331 0.00249016 0.37218 0.00333765 0.0110419 0.00318337 0.0081681 0.0151678 0.26426 0.399361
0.977632 0.920001 0.965507 0.984999 0.314134 0.980161 0.944672 0.988072 0.273202 0.896383 0.979101 0.873119 0.510909 0.975105 0.535416 0.747414 0.942755 0.980597 0.928338 0.990995 0.989834 0.784452 0.994668 0.990122 0.969883 0.991281 0.974404 0.0789638 0.980581 0.890138 0.922295 0.922298 0.953916 0.102733 0.994982 0.707601 0.991 0.637487 0.985169 0.98502 0.812943 0.754396 0.798074 0.858593 0.997765 0.993813 0.345383 0.81828 0.98685 0.0178047 0.036029 0.00228697 0.024043 0.0377319 0.00753528 0.478449 0.227479 0.0466792 0.00332284 0.160589 0.698615 0.125804 0.833822 0.0018404 0.982637 0.00818596 0.235499 0.338323 0.326904 0.00452857 0.611578 0.935026 0.993619 0.33139 0.718491 0.0124405 0.197044 0.0144423 0.00183991 0.00081722 0.0285868 0.0767624 0.00743733 0.0608232 0.0240242 0.0714483 0.0181717 0.0071905 0.00986277 0.909317 0.00307962 0.00247025 0.372258 0.00330978 0.0110337 0.00315681 0.00814257 0.0150308 0.264049 0.397724
0.977777 0.92019 0.965917 0.985065 0.315003 0.98026 0.944893 0.988093 0.273158 0.896672 0.979246 0.873239 0.507908 0.975014 0.534753 0.745826 0.942999 0.980606 0.928747 0.991003 0.98986 0.785215 0.994717 0.990154 0.969938 0.991349 0.974411 0.0784295 0.980589 0.890208 0.921697 0.921688 0.954205 0.102283 0.995036 0.707665 0.991008 0.637732 0.985247 0.985083 0.813638 0.7541 0.798328 0.858526 0.997767 0.993866 0.343453 0.817807 0.986899 0.0176965 0.0359339 0.00228084 0.023849 0.0374098 0.00755075 0.4807 0.228923 0.0464886 0.00329442 0.160167 0.698257 0.124631 0.833808 0.00183864 0.982715 0.00815919 0.237032 0.33949 0.326266 0.00449603 0.613997 0.935298 0.993694 0.332072 0.720835 0.0123879 0.196819 0.0143775 0.00183839 0.000810344 0.0286448 0.0765274 0.00742943 0.0605234 0.0238381 0.0720156 0.0180452 0.00713451 0.00984295 0.910057 0.00306665 0.00245067 0.372416 0.00328124 0.011025 0.00313035 0.00811639 0.0148946 0.263797 0.396098
0.977923 0.920377 0.966318 0.985128 0.315889 0.980358 0.945106 0.988114 0.273111 0.896971 0.97939 0.873366 0.504907 0.974917 0.534092 0.744227 0.943235 0.980613 0.929147 0.991012 0.989884 0.785963 0.994765 0.990186 0.969998 0.991418 0.974424 0.0779006 0.9806 0.890266 0.921087 0.921082 0.954491 0.101831 0.99509 0.707692 0.991016 0.638027 0.985322 0.985149 0.814335 0.753823 0.798585 0.858473 0.997769 0.993919 0.341492 0.817334 0.986949 0.0175879 0.035833 0.00227502 0.0236616 0.0370927 0.00756531 0.482909 0.230409 0.0462953 0.00326732 0.159696 0.697859 0.123476 0.833759 0.00183658 0.982792 0.00813265 0.23854 0.34061 0.325597 0.00446371 0.616429 0.935568 0.993767 0.332769 0.723136 0.0123339 0.196579 0.0143095 0.00183637 0.000803515 0.0287026 0.0762936 0.00742254 0.0602293 0.0236532 0.0725766 0.0179205 0.00707789 0.00982605 0.910776 0.00305373 0.00243144 0.37254 0.00325384 0.0110167 0.00310388 0.00809044 0.0147582 0.263552 0.394458
0.978067 0.92056 0.966716 0.985189 0.31682 0.980457 0.945324 0.988136 0.273033 0.897277 0.979534 0.873499 0.501885 0.974822 0.533421 0.742622 0.943478 0.980621 0.929551 0.99102 0.98991 0.786721 0.994812 0.990217 0.970059 0.991485 0.974427 0.0773683 0.980611 0.890352 0.920471 0.920453 0.954774 0.101386 0.995144 0.707737 0.991024 0.638308 0.985399 0.985211 0.815029 0.753515 0.79887 0.858396 0.997771 0.99397 0.339515 0.816849 0.986996 0.0174804 0.035735 0.0022694 0.0234799 0.0367826 0.00758129 0.485159 0.231899 0.0461052 0.00323998 0.15924 0.697511 0.122321 0.83372 0.00183473 0.98287 0.0081068 0.24009 0.341828 0.32492 0.00443204 0.618862 0.935854 0.99384 0.333454 0.725419 0.0122805 0.196352 0.0142418 0.00183479 0.000796705 0.0287598 0.0760695 0.00741657 0.0599285 0.023468 0.0731441 0.0177992 0.00702183 0.00980826 0.911498 0.00304015 0.00241269 0.372629 0.00322644 0.0110063 0.00307765 0.00806494 0.0146259 0.26332 0.392799
0.97821 0.920752 0.967104 0.985252 0.317683 0.980554 0.945542 0.988156 0.272964 0.897578 0.979675 0.873631 0.498832 0.974727 0.532744 0.74101 0.943712 0.980632 0.929956 0.991026 0.989932 0.787486 0.99486 0.990248 0.970113 0.991551 0.974442 0.0768453 0.980625 0.890428 0.919848 0.919827 0.955061 0.10093 0.995197 0.707789 0.991031 0.63857 0.985473 0.985273 0.815706 0.753201 0.79914 0.858323 0.997773 0.994021 0.33755 0.8164 0.987045 0.0173743 0.035641 0.00226373 0.0232982 0.0364663 0.00759595 0.48742 0.233386 0.0459169 0.00321292 0.158783 0.697134 0.121165 0.833672 0.00183267 0.982947 0.00808162 0.241631 0.342978 0.324226 0.00440013 0.621288 0.93613 0.99391 0.334142 0.727701 0.0122279 0.196147 0.0141767 0.00183292 0.000790018 0.0288183 0.07583 0.00740924 0.0596319 0.023285 0.0737279 0.017676 0.0069658 0.00978925 0.912216 0.00302687 0.00239388 0.372754 0.00320015 0.0109989 0.00305218 0.00804024 0.0144912 0.263004 0.391128
0.978351 0.920939 0.967497 0.985311 0.318584 0.980652 0.94576 0.988178 0.272895 0.897872 0.979818 0.873759 0.495742 0.974626 0.532062 0.739363 0.943954 0.980643 0.930357 0.991034 0.989959 0.788227 0.994906 0.990279 0.970167 0.991614 0.974452 0.0763091 0.980634 0.89052 0.919219 0.919188 0.955342 0.100489 0.995249 0.707861 0.991041 0.638846 0.985549 0.985335 0.816387 0.752891 0.799429 0.858249 0.997775 0.994072 0.335507 0.815938 0.987092 0.0172709 0.0355426 0.00225764 0.0231173 0.0361595 0.00761177 0.489701 0.234894 0.0457243 0.00318623 0.158328 0.69676 0.120036 0.833628 0.00183092 0.983024 0.00805736 0.243251 0.344199 0.323601 0.00436903 0.623719 0.936413 0.99398 0.334846 0.729982 0.0121754 0.195917 0.0141115 0.00183117 0.000783604 0.0288699 0.0755959 0.00740274 0.0593384 0.0231044 0.0743143 0.0175547 0.00691195 0.00977072 0.912916 0.0030137 0.00237528 0.372869 0.0031739 0.0109921 0.00302634 0.00801412 0.0143583 0.262724 0.389449
0.978491 0.92113 0.96788 0.985373 0.319537 0.980749 0.945981 0.988198 0.272804 0.89818 0.979958 0.873876 0.492674 0.974521 0.531311 0.737684 0.944189 0.980653 0.930762 0.991039 0.989983 0.788977 0.994953 0.990308 0.970215 0.99168 0.974463 0.0757869 0.980644 0.890603 0.918573 0.918555 0.955622 0.100036 0.995301 0.707979 0.991048 0.639106 0.985621 0.985393 0.81711 0.75259 0.799685 0.858178 0.997778 0.994121 0.333543 0.815475 0.987138 0.0171651 0.0354495 0.00225218 0.0229354 0.0358528 0.00762816 0.491961 0.236407 0.045536 0.00316025 0.157874 0.696365 0.118907 0.833572 0.0018292 0.983103 0.00803152 0.244794 0.345385 0.322948 0.00433849 0.626134 0.936696 0.99405 0.335538 0.732264 0.0121237 0.195669 0.0140501 0.00182929 0.000777196 0.0289281 0.0753527 0.00739589 0.0590369 0.0229264 0.0749002 0.0174354 0.00685722 0.00975182 0.913605 0.00300122 0.00235698 0.373047 0.00314811 0.0109841 0.00300126 0.00798907 0.0142258 0.262405 0.38779
0.97863 0.921315 0.968254 0.985433 0.320506 0.980848 0.946212 0.988218 0.272718 0.898483 0.980097 0.874013 0.489595 0.974419 0.530618 0.73599 0.944426 0.980664 0.931169 0.991046 0.990006 0.789745 0.994999 0.990335 0.970267 0.991745 0.974477 0.0752645 0.980654 0.890674 0.91793 0.917911 0.955901 0.0995784 0.995352 0.708065 0.991054 0.639379 0.985692 0.98545 0.817822 0.752271 0.799959 0.858101 0.99778 0.99417 0.33148 0.815026 0.987183 0.0170632 0.0353585 0.0022467 0.0227617 0.0355485 0.00764453 0.494282 0.237926 0.0453375 0.00313491 0.15743 0.695976 0.117774 0.833508 0.00182773 0.983178 0.00800669 0.246423 0.346598 0.322351 0.00430879 0.628609 0.936977 0.994119 0.336289 0.734568 0.0120744 0.195443 0.0139864 0.001828 0.000770738 0.028985 0.0751139 0.00738742 0.0587339 0.0227453 0.0755002 0.0173172 0.00680258 0.00973426 0.914279 0.00298841 0.00233878 0.37315 0.00312253 0.0109777 0.00297622 0.00796721 0.0140976 0.262115 0.386104
0.978767 0.921503 0.968628 0.985495 0.321478 0.980944 0.946437 0.988239 0.272635 0.898779 0.980237 0.874141 0.486571 0.974315 0.529891 0.734284 0.944671 0.980678 0.931553 0.991054 0.990028 0.790525 0.995044 0.990365 0.970317 0.991809 0.974491 0.07474 0.980667 0.890762 0.917275 0.917258 0.956172 0.09913 0.995401 0.708185 0.991062 0.639626 0.985761 0.985511 0.818542 0.751936 0.800234 0.858043 0.997782 0.994218 0.329475 0.814556 0.987228 0.0169648 0.0352663 0.00224117 0.0225865 0.0352386 0.00766153 0.496546 0.239449 0.0451441 0.00310949 0.156969 0.695567 0.116643 0.833423 0.00182589 0.983253 0.00798279 0.248066 0.347809 0.321769 0.00427909 0.631069 0.937261 0.994187 0.337002 0.736833 0.0120227 0.195221 0.0139229 0.00182627 0.000764556 0.0290401 0.0748714 0.00738096 0.0584324 0.022569 0.0761183 0.017197 0.00674763 0.00971612 0.91495 0.00297551 0.00232111 0.373363 0.00309726 0.0109732 0.00295153 0.00794447 0.0139722 0.261762 0.38444
0.978901 0.921702 0.968997 0.985555 0.322497 0.981039 0.946646 0.98826 0.272551 0.899086 0.98037 0.874294 0.48348 0.97421 0.529105 0.732616 0.944919 0.980688 0.931942 0.991062 0.990051 0.791295 0.995089 0.990393 0.970362 0.991872 0.974504 0.0742263 0.980678 0.890857 0.916602 0.916581 0.956443 0.0986978 0.995449 0.708293 0.991069 0.639902 0.985829 0.985572 0.819256 0.751566 0.80051 0.857958 0.997783 0.994267 0.327445 0.814122 0.987271 0.0168652 0.0351745 0.00223611 0.0224133 0.0349376 0.00767906 0.498828 0.240955 0.0449425 0.00308466 0.156502 0.695175 0.115509 0.833314 0.00182426 0.983326 0.00795975 0.24969 0.34908 0.321104 0.00425009 0.633468 0.93754 0.994254 0.337723 0.739069 0.0119738 0.195002 0.0138595 0.00182438 0.000758448 0.0290896 0.0746179 0.00737607 0.0581233 0.0223951 0.0767426 0.0170777 0.00669508 0.00969959 0.915614 0.00296293 0.00230355 0.373508 0.00307203 0.0109683 0.00292723 0.00791993 0.0138444 0.261454 0.382741
0.979038 0.921896 0.969359 0.985616 0.32351 0.981135 0.946869 0.988282 0.272428 0.899373 0.980508 0.874466 0.480393 0.974103 0.528363 0.730889 0.94516 0.9807 0.932345 0.991069 0.990072 0.792112 0.995132 0.99042 0.970411 0.991935 0.974516 0.0737083 0.980692 0.890942 0.915934 0.915909 0.956722 0.0982606 0.995498 0.708439 0.991076 0.640196 0.985896 0.985631 0.819974 0.751224 0.800777 0.857848 0.997785 0.994314 0.325365 0.813688 0.987313 0.0167659 0.0350861 0.00223099 0.0222389 0.0346426 0.00769552 0.501129 0.242473 0.0447523 0.00306034 0.156023 0.694761 0.114392 0.833214 0.00182257 0.983399 0.00793621 0.25135 0.350309 0.320494 0.00422166 0.635885 0.937842 0.99432 0.338469 0.741305 0.011924 0.194766 0.0137954 0.00182262 0.000752287 0.0291451 0.0743823 0.00737009 0.057817 0.0222257 0.0773682 0.0169617 0.00664222 0.0096802 0.916274 0.00295071 0.00228679 0.37366 0.00304744 0.0109645 0.002903 0.00789634 0.0137184 0.261114 0.381082
0.979172 0.922089 0.969717 0.985673 0.324485 0.981231 0.947101 0.988304 0.27232 0.899673 0.980646 0.874615 0.477244 0.973992 0.527577 0.729142 0.945401 0.980716 0.932736 0.991077 0.990094 0.79292 0.995175 0.990447 0.970458 0.991998 0.97453 0.0731863 0.980704 0.891038 0.915256 0.915229 0.956996 0.0978152 0.995545 0.708557 0.991083 0.640522 0.985964 0.985689 0.820701 0.750838 0.801066 0.857758 0.997786 0.994358 0.323326 0.813225 0.987355 0.0166694 0.0349908 0.00222586 0.0220715 0.0343535 0.00771262 0.503489 0.244006 0.0445577 0.00303603 0.15555 0.694308 0.113271 0.833099 0.00182083 0.983473 0.00791293 0.253041 0.351594 0.319833 0.00419352 0.638341 0.938134 0.994385 0.339204 0.743521 0.0118756 0.194518 0.0137327 0.00182107 0.000746323 0.0291992 0.0741443 0.00736372 0.0575158 0.0220558 0.0779956 0.01685 0.006591 0.0096608 0.916939 0.00293851 0.00227004 0.373847 0.00302366 0.0109618 0.00287944 0.00787364 0.0135937 0.260781 0.37938
0.979304 0.922276 0.970068 0.985732 0.325515 0.981327 0.947331 0.988325 0.272175 0.899961 0.980781 0.874764 0.474082 0.973876 0.526828 0.727399 0.945641 0.980729 0.933131 0.991083 0.990118 0.793771 0.995217 0.990473 0.970504 0.992061 0.97455 0.0726646 0.980718 0.891124 0.914566 0.914534 0.957261 0.0973603 0.995592 0.708733 0.991088 0.640844 0.986025 0.985747 0.821437 0.750477 0.801353 0.857657 0.997788 0.994403 0.321203 0.812789 0.987398 0.0165734 0.0348973 0.00222063 0.0219031 0.0340551 0.00773107 0.505802 0.245549 0.0443677 0.00301208 0.15508 0.693903 0.112184 0.832982 0.00181939 0.983546 0.00789111 0.254706 0.352853 0.319191 0.00416535 0.640754 0.938439 0.994449 0.339937 0.745732 0.011828 0.194257 0.0136715 0.00181918 0.000740413 0.0292469 0.0738953 0.00735756 0.0572162 0.0218892 0.0786396 0.016742 0.00654048 0.00964198 0.917589 0.00292677 0.00225373 0.374016 0.00299981 0.0109568 0.0028554 0.00785234 0.0134725 0.260402 0.37768
0.979439 0.922476 0.97042 0.98579 0.32655 0.98142 0.947556 0.988348 0.272046 0.900253 0.980914 0.874917 0.470952 0.973759 0.526034 0.725611 0.945885 0.980742 0.933518 0.991089 0.990138 0.79461 0.99526 0.990499 0.970545 0.992123 0.974569 0.0721474 0.980735 0.891229 0.913875 0.91384 0.957527 0.0969059 0.995639 0.708871 0.991095 0.641174 0.98609 0.985802 0.822217 0.750114 0.801645 0.857572 0.99779 0.994448 0.319123 0.812356 0.987438 0.0164768 0.0348032 0.0022153 0.0217355 0.0337578 0.00774872 0.508122 0.247121 0.044179 0.00298905 0.154595 0.693445 0.111079 0.832852 0.00181826 0.983617 0.00786843 0.256384 0.354141 0.318583 0.00413724 0.643218 0.93874 0.994512 0.34073 0.747919 0.0117788 0.194008 0.0136092 0.00181795 0.00073451 0.0293004 0.0736383 0.00735024 0.0569083 0.0217204 0.0793122 0.0166301 0.00649005 0.00962333 0.918234 0.0029148 0.0022373 0.374236 0.00297688 0.010956 0.00283187 0.00783018 0.0133506 0.260047 0.375969
0.979568 0.922676 0.970762 0.985845 0.327607 0.98151 0.947772 0.988368 0.271861 0.900544 0.981042 0.87507 0.467829 0.973637 0.525221 0.723798 0.946121 0.98076 0.933901 0.991094 0.990159 0.795437 0.995302 0.990525 0.97059 0.992184 0.974585 0.0716413 0.980747 0.891318 0.913153 0.91314 0.957793 0.0964756 0.995684 0.709002 0.991103 0.641491 0.986155 0.985858 0.822951 0.749711 0.801934 0.857482 0.997792 0.994491 0.317017 0.811914 0.987479 0.0163833 0.0347085 0.00221088 0.0215687 0.0334719 0.00776684 0.510492 0.248681 0.0439873 0.00296599 0.154096 0.692974 0.109984 0.832731 0.00181699 0.983686 0.00784867 0.258074 0.355438 0.317969 0.00410973 0.645634 0.939036 0.994574 0.341518 0.750102 0.0117317 0.193752 0.0135509 0.00181633 0.000728824 0.0293511 0.0733881 0.00734464 0.0566015 0.021555 0.0799723 0.0165199 0.00643954 0.00960374 0.918861 0.00290298 0.0022212 0.374466 0.0029543 0.0109553 0.00280856 0.00780929 0.0132297 0.259674 0.374257
0.979698 0.92288 0.971099 0.985902 0.328687 0.981605 0.947995 0.98839 0.271698 0.900828 0.981171 0.875213 0.464654 0.973519 0.524409 0.721977 0.946365 0.980781 0.934288 0.991102 0.990179 0.796262 0.995343 0.990551 0.970635 0.992244 0.974605 0.0711199 0.980764 0.891381 0.912444 0.912408 0.958056 0.0960461 0.995729 0.709143 0.991109 0.641799 0.986216 0.985915 0.823687 0.749323 0.80222 0.857372 0.997794 0.994534 0.314975 0.811487 0.987518 0.0162944 0.0346132 0.00220639 0.0214067 0.0331829 0.00778615 0.512845 0.25024 0.0437955 0.00294298 0.153605 0.692483 0.108905 0.832589 0.00181544 0.983758 0.00782669 0.259808 0.356752 0.317347 0.00408248 0.648053 0.939343 0.994635 0.342281 0.752276 0.0116858 0.19345 0.0134919 0.00181476 0.0007232 0.02941 0.0731395 0.00733791 0.056288 0.0213954 0.0806435 0.0164135 0.00639052 0.00958368 0.91948 0.00289165 0.00220511 0.374705 0.0029317 0.0109533 0.0027854 0.00778831 0.0131108 0.259288 0.372526
0.979825 0.92308 0.971429 0.985957 0.3298 0.981698 0.948224 0.988412 0.27156 0.901131 0.981298 0.875354 0.461447 0.973397 0.523584 0.720168 0.946603 0.980795 0.934659 0.991108 0.990199 0.797106 0.995385 0.990576 0.970676 0.992303 0.974626 0.070593 0.98078 0.89149 0.911712 0.911691 0.95832 0.0955774 0.995773 0.709292 0.991116 0.642111 0.986278 0.98597 0.824445 0.748963 0.802497 0.857253 0.997796 0.994577 0.312895 0.811082 0.987556 0.0162017 0.0345194 0.00220195 0.0212431 0.0328933 0.00780454 0.51519 0.251839 0.0436056 0.0029204 0.153116 0.691974 0.107829 0.832446 0.00181431 0.983829 0.00780468 0.261569 0.358089 0.316719 0.00405574 0.65048 0.939647 0.994696 0.343076 0.754442 0.0116381 0.193223 0.0134322 0.00181317 0.000717699 0.0294577 0.0728921 0.00733302 0.0559816 0.0212361 0.0813126 0.0163096 0.00634128 0.00956489 0.920096 0.00287921 0.00218982 0.374932 0.00290922 0.0109522 0.0027626 0.00776678 0.0129953 0.258865 0.370778
0.979958 0.923277 0.971753 0.986015 0.330906 0.981794 0.948445 0.988433 0.271404 0.90143 0.981429 0.875534 0.458249 0.97327 0.522753 0.718321 0.946838 0.980818 0.935029 0.991114 0.990219 0.797959 0.995425 0.990603 0.970718 0.992362 0.974644 0.0700724 0.980794 0.891579 0.910956 0.910956 0.958579 0.0951328 0.995816 0.709444 0.991122 0.642437 0.986339 0.986023 0.825185 0.748584 0.8028 0.857145 0.997797 0.994618 0.310768 0.810649 0.987596 0.0161118 0.034433 0.00219764 0.0210862 0.0326089 0.00782321 0.517541 0.253444 0.0434218 0.00289868 0.152609 0.691508 0.106766 0.832297 0.00181262 0.983898 0.00778307 0.263344 0.35941 0.316088 0.0040289 0.652889 0.939957 0.994756 0.343832 0.756604 0.0115924 0.192965 0.0133734 0.00181154 0.000712282 0.0295064 0.0726473 0.00732636 0.0556805 0.0210733 0.0820011 0.0162098 0.0062927 0.00954524 0.920701 0.0028676 0.00217449 0.375159 0.00288711 0.0109508 0.00273977 0.00774634 0.0128784 0.258465 0.369053
0.980085 0.923477 0.972078 0.986069 0.332029 0.981887 0.948675 0.988457 0.271243 0.901725 0.981558 0.875681 0.455095 0.973142 0.521911 0.716487 0.94707 0.980836 0.935402 0.991121 0.990238 0.798833 0.995465 0.990627 0.970758 0.99242 0.97466 0.0695607 0.980813 0.891674 0.910197 0.910205 0.958835 0.0946801 0.995859 0.709647 0.991129 0.642793 0.986396 0.986076 0.825962 0.748165 0.80308 0.857021 0.997799 0.994659 0.308658 0.810243 0.987632 0.016025 0.0343474 0.00219313 0.0209316 0.0323216 0.00784274 0.519909 0.255079 0.0432355 0.00287656 0.152132 0.691019 0.105708 0.832127 0.00181116 0.983968 0.00776278 0.265124 0.360783 0.315457 0.00400323 0.655326 0.940269 0.994814 0.344618 0.75877 0.0115467 0.192669 0.0133153 0.00181013 0.000706809 0.0295606 0.0723929 0.00732087 0.0553776 0.0209142 0.0826954 0.0161088 0.00624398 0.0095255 0.921299 0.00285595 0.00215936 0.375362 0.00286521 0.0109496 0.00271718 0.0077258 0.0127597 0.258039 0.367347
0.980214 0.923685 0.972394 0.986122 0.333233 0.981978 0.948899 0.988481 0.27107 0.902022 0.981683 0.87583 0.451877 0.973018 0.521019 0.714572 0.947302 0.980853 0.935779 0.991129 0.990256 0.799748 0.995505 0.990652 0.970799 0.992478 0.974684 0.0690446 0.980836 0.891776 0.909437 0.909441 0.959091 0.0942506 0.9959 0.709832 0.991136 0.643137 0.986456 0.986129 0.826728 0.747761 0.803397 0.856902 0.997801 0.9947 0.306553 0.809828 0.98767 0.0159364 0.0342542 0.00218851 0.0207749 0.032041 0.00785999 0.522281 0.256689 0.0430426 0.00285472 0.151626 0.690475 0.104657 0.831932 0.00180989 0.984036 0.00774322 0.266913 0.362171 0.314836 0.00397757 0.657767 0.940576 0.994872 0.345477 0.760932 0.011501 0.192408 0.0132594 0.00180873 0.000701585 0.0296103 0.0721476 0.00731528 0.055069 0.0207583 0.0833991 0.0160073 0.00619552 0.00950747 0.9219 0.00284519 0.0021443 0.375619 0.00284346 0.0109494 0.00269535 0.00770506 0.0126443 0.257592 0.365657
0.98034 0.923886 0.972706 0.986175 0.334389 0.982072 0.949123 0.988504 0.270885 0.902325 0.981805 0.875986 0.448691 0.972891 0.520129 0.712696 0.94753 0.980873 0.936155 0.991134 0.990276 0.800636 0.995544 0.990675 0.970839 0.992536 0.974708 0.0685224 0.980852 0.891892 0.908646 0.908673 0.959347 0.0938001 0.995941 0.710027 0.99114 0.643443 0.986512 0.986182 0.82751 0.7473 0.803687 0.856783 0.997802 0.99474 0.304387 0.809444 0.987705 0.0158518 0.0341652 0.00218428 0.0206201 0.0317615 0.00787819 0.524714 0.258314 0.0428506 0.00283388 0.151116 0.689966 0.103611 0.831739 0.00180847 0.984102 0.00772327 0.268673 0.36358 0.314171 0.00395214 0.660232 0.940884 0.99493 0.346304 0.763064 0.0114547 0.192138 0.013202 0.00180745 0.000696303 0.0296615 0.0718884 0.00730887 0.0547617 0.0206038 0.0841152 0.0159065 0.00614777 0.00948766 0.922493 0.00283396 0.00212966 0.375834 0.00282257 0.0109502 0.00267404 0.00768488 0.0125289 0.257164 0.363948
0.980464 0.924087 0.973016 0.98623 0.335552 0.982163 0.949333 0.988527 0.270708 0.902618 0.981925 0.876163 0.445462 0.972759 0.519207 0.710778 0.947762 0.980894 0.936527 0.99114 0.990295 0.801529 0.995583 0.990699 0.970877 0.992593 0.974732 0.0680161 0.980872 0.892002 0.907856 0.907911 0.959604 0.0933587 0.995982 0.710242 0.991146 0.643818 0.986567 0.986237 0.828277 0.746878 0.803992 0.856656 0.997804 0.994779 0.302248 0.809057 0.987738 0.015769 0.034076 0.00218007 0.0204655 0.0314818 0.00789825 0.527112 0.259975 0.0426593 0.00281288 0.150622 0.689449 0.102568 0.831541 0.00180674 0.984169 0.00770226 0.2705 0.364997 0.313537 0.00392814 0.662654 0.941198 0.994985 0.347136 0.765178 0.0114072 0.191854 0.0131482 0.00180565 0.000691271 0.0297107 0.0716312 0.00730475 0.0544539 0.0204514 0.0848367 0.0158086 0.00610002 0.00946812 0.923085 0.00282263 0.00211478 0.376081 0.00280186 0.0109516 0.00265241 0.00766439 0.0124149 0.256757 0.362177
0.980587 0.924293 0.973324 0.986281 0.336759 0.982259 0.949557 0.98855 0.270494 0.902899 0.982052 0.87633 0.44224 0.972623 0.518269 0.708853 0.947997 0.980914 0.936895 0.991147 0.990312 0.802424 0.995621 0.990721 0.970917 0.99265 0.974758 0.0674978 0.980895 0.892137 0.907067 0.907114 0.959858 0.0929042 0.996022 0.710443 0.991152 0.644166 0.986623 0.98629 0.82905 0.746435 0.804292 0.856501 0.997806 0.994817 0.300072 0.808651 0.987775 0.0156843 0.0339843 0.00217605 0.0203154 0.0312063 0.00791771 0.529542 0.261628 0.0424677 0.00279243 0.150108 0.6889 0.101545 0.831328 0.00180542 0.984233 0.00768128 0.272331 0.366438 0.312914 0.00390418 0.665098 0.941516 0.995041 0.347962 0.767307 0.0113598 0.191594 0.0130927 0.00180444 0.00068616 0.0297609 0.0713613 0.00729987 0.0541442 0.0203004 0.085566 0.0157116 0.00605274 0.00944904 0.923664 0.0028111 0.00210066 0.376344 0.00278116 0.010952 0.00263134 0.00764443 0.0123032 0.256263 0.360438
0.98071 0.924482 0.973625 0.986335 0.337953 0.982348 0.949782 0.988572 0.270269 0.90319 0.982173 0.876485 0.43905 0.972481 0.517351 0.706927 0.948234 0.980933 0.937255 0.991153 0.990329 0.803352 0.995659 0.990744 0.970956 0.992705 0.974786 0.0669863 0.980918 0.892242 0.906262 0.906313 0.960107 0.0924657 0.996061 0.710658 0.991158 0.644528 0.986678 0.986344 0.829846 0.745967 0.804601 0.856378 0.997808 0.994855 0.297884 0.808266 0.98781 0.0156002 0.0338893 0.00217219 0.0201619 0.0309356 0.00793596 0.53193 0.263303 0.0422788 0.00277188 0.149598 0.688339 0.100525 0.831101 0.00180384 0.984297 0.00766217 0.27422 0.367868 0.312266 0.00388025 0.667563 0.941836 0.995096 0.348815 0.769394 0.0113162 0.191299 0.0130366 0.00180292 0.000681117 0.0298051 0.0710927 0.00729426 0.0538321 0.0201521 0.0863184 0.015617 0.00600615 0.00942999 0.924232 0.00280024 0.00208631 0.376567 0.00276112 0.0109545 0.00261035 0.00762509 0.0121954 0.255758 0.358738
0.980832 0.924677 0.973925 0.986388 0.33918 0.982438 0.950012 0.988597 0.270064 0.903476 0.982296 0.876649 0.435838 0.972345 0.516412 0.704961 0.948457 0.980954 0.937616 0.991159 0.990349 0.804254 0.995696 0.990766 0.970995 0.992761 0.974809 0.0664685 0.98094 0.892366 0.905457 0.905507 0.960361 0.0920134 0.9961 0.710878 0.991164 0.64492 0.986731 0.986393 0.83062 0.745499 0.804913 0.856226 0.997809 0.994893 0.295674 0.807895 0.987844 0.015517 0.0337973 0.00216803 0.0200145 0.0306658 0.00795641 0.534382 0.264964 0.042085 0.00275159 0.149098 0.687786 0.0994978 0.830881 0.00180263 0.98436 0.00764499 0.2761 0.369331 0.311607 0.00385665 0.669948 0.942156 0.99515 0.349687 0.771488 0.0112729 0.191022 0.0129804 0.00180207 0.000676205 0.0298526 0.0708294 0.00728849 0.053528 0.0200023 0.0870746 0.0155211 0.00595879 0.00940983 0.924797 0.00278914 0.00207212 0.376827 0.00274097 0.0109557 0.00258943 0.00760623 0.0120856 0.255258 0.357036
0.980951 0.924867 0.974216 0.986439 0.340453 0.982528 0.950241 0.98862 0.26984 0.903753 0.982414 0.876824 0.432608 0.972202 0.515474 0.702948 0.948687 0.980977 0.937979 0.991166 0.990365 0.805162 0.995732 0.990789 0.971033 0.992815 0.974834 0.0659646 0.980959 0.892485 0.904644 0.9047 0.96061 0.0915633 0.996138 0.711086 0.991171 0.645308 0.986782 0.986445 0.831428 0.744992 0.805217 0.856082 0.997811 0.99493 0.293457 0.807545 0.987879 0.0154328 0.0337057 0.0021642 0.0198672 0.0304001 0.00797592 0.53683 0.266643 0.0418908 0.00273191 0.148564 0.687227 0.0984756 0.830649 0.00180122 0.984424 0.00762609 0.277985 0.370796 0.310983 0.00383388 0.672393 0.942476 0.995202 0.350574 0.773586 0.0112278 0.190731 0.0129239 0.00180103 0.000671329 0.0298997 0.0705573 0.00728364 0.0532191 0.0198582 0.0878278 0.0154274 0.00591234 0.00939031 0.925362 0.00277847 0.00205826 0.377085 0.00272132 0.010959 0.00256869 0.00758766 0.0119807 0.254793 0.35534
0.981068 0.925077 0.974506 0.98649 0.341691 0.982616 0.950465 0.988644 0.269616 0.904043 0.982533 0.876998 0.429332 0.972059 0.514497 0.700964 0.948922 0.981 0.938338 0.991173 0.990382 0.80608 0.995768 0.990809 0.97107 0.99287 0.974865 0.0654662 0.98098 0.892604 0.903812 0.903892 0.960852 0.0911168 0.996176 0.711358 0.991178 0.645694 0.986834 0.986498 0.832234 0.744529 0.805543 0.855941 0.997812 0.994965 0.291251 0.807206 0.987912 0.0153489 0.0336178 0.00216016 0.0197236 0.0301308 0.00799667 0.539302 0.268321 0.0417023 0.00271262 0.148064 0.686631 0.0974591 0.830387 0.0018003 0.984488 0.00760738 0.279946 0.372254 0.310363 0.00381089 0.674802 0.942798 0.995256 0.351494 0.775636 0.0111845 0.190436 0.0128703 0.00179951 0.000666539 0.029943 0.0702916 0.00727909 0.0529062 0.0197145 0.0886113 0.0153355 0.00586725 0.00937117 0.925917 0.00276766 0.00204439 0.377385 0.00270174 0.0109606 0.00254864 0.0075693 0.0118726 0.254292 0.353586
0.981187 0.925278 0.974793 0.986541 0.342961 0.982708 0.950693 0.988667 0.269401 0.904316 0.982651 0.877193 0.426063 0.971913 0.513523 0.698945 0.949157 0.981023 0.938702 0.991181 0.990398 0.807017 0.995804 0.99083 0.971103 0.992922 0.974894 0.0649714 0.981005 0.892723 0.902956 0.903057 0.961096 0.090679 0.996213 0.711601 0.991182 0.646105 0.986885 0.986548 0.833012 0.74404 0.805857 0.855774 0.997813 0.995001 0.289076 0.806847 0.987945 0.0152716 0.0335266 0.0021562 0.0195817 0.0298595 0.00801512 0.541794 0.269984 0.0415103 0.00269355 0.147563 0.686039 0.0964539 0.83013 0.00179911 0.984552 0.00758946 0.281898 0.373768 0.309759 0.00378861 0.677223 0.943118 0.995307 0.3524 0.777677 0.0111414 0.19014 0.0128157 0.00179836 0.000661844 0.0299883 0.0700216 0.00727462 0.0525944 0.0195688 0.0893988 0.0152426 0.00582303 0.00935262 0.926472 0.00275641 0.00203097 0.37771 0.00268285 0.0109626 0.00252819 0.00755117 0.0117668 0.253774 0.351792
0.981305 0.925484 0.975077 0.986593 0.34426 0.982795 0.950909 0.98869 0.269145 0.904604 0.982765 0.877355 0.4228 0.971767 0.512485 0.69692 0.94939 0.981045 0.939067 0.991186 0.990416 0.80794 0.995838 0.990851 0.971142 0.992976 0.974927 0.0644736 0.981031 0.892868 0.902123 0.9022 0.961346 0.0902285 0.996249 0.711847 0.99119 0.646476 0.986935 0.9866 0.833805 0.743508 0.806181 0.855628 0.997815 0.995035 0.286845 0.806497 0.987978 0.0151911 0.0334392 0.00215234 0.0194398 0.0295893 0.00803421 0.5443 0.271739 0.041318 0.00267444 0.147058 0.685427 0.0954473 0.82985 0.00179788 0.984616 0.00756982 0.28384 0.375304 0.309123 0.0037663 0.679646 0.943443 0.995359 0.35329 0.779729 0.0110998 0.189877 0.0127618 0.00179713 0.000657161 0.0300318 0.069759 0.00727027 0.0522878 0.0194268 0.0902077 0.0151528 0.00577834 0.00933243 0.927013 0.00274612 0.00201753 0.377945 0.00266457 0.0109675 0.00250825 0.00753373 0.0116613 0.253235 0.350056
0.981419 0.925696 0.975352 0.986644 0.345603 0.982884 0.951122 0.988714 0.268895 0.904881 0.982878 0.877515 0.419577 0.971618 0.511537 0.694891 0.949615 0.98107 0.939418 0.991192 0.990432 0.808869 0.995873 0.990873 0.971175 0.993029 0.974957 0.0639794 0.98106 0.892986 0.901253 0.901335 0.961588 0.0897755 0.996285 0.712081 0.991195 0.646909 0.986986 0.98665 0.834603 0.742974 0.806477 0.855449 0.997816 0.995069 0.284613 0.806151 0.988011 0.0151112 0.033353 0.00214863 0.0192986 0.0293239 0.00805367 0.546788 0.273435 0.0411334 0.0026555 0.146534 0.684778 0.0944653 0.829558 0.00179665 0.984683 0.00755204 0.285793 0.376856 0.308472 0.00374343 0.682086 0.943776 0.99541 0.354236 0.781824 0.0110578 0.189596 0.0127109 0.00179616 0.000652569 0.0300829 0.069488 0.00726532 0.0519769 0.0192869 0.0910061 0.0150635 0.00573439 0.0093135 0.927551 0.00273556 0.00200382 0.378288 0.00264555 0.0109704 0.00248833 0.00751796 0.0115563 0.252688 0.348326
0.981537 0.925904 0.975622 0.986693 0.346957 0.982973 0.951339 0.988737 0.268644 0.905199 0.982992 0.877706 0.416346 0.971462 0.510518 0.692819 0.94984 0.981097 0.939769 0.991198 0.990448 0.809819 0.995907 0.990894 0.971212 0.993081 0.97499 0.0634858 0.981081 0.893108 0.900384 0.900464 0.961828 0.0893223 0.996321 0.712328 0.9912 0.647278 0.987036 0.986701 0.835399 0.742443 0.806807 0.855282 0.997817 0.995104 0.2824 0.805799 0.988045 0.0150331 0.0332639 0.0021447 0.019158 0.0290623 0.00807373 0.549304 0.275155 0.0409387 0.002637 0.14604 0.684192 0.0934955 0.82926 0.00179573 0.984746 0.00753489 0.287786 0.378448 0.307816 0.00372143 0.684497 0.944105 0.99546 0.355157 0.783815 0.0110159 0.18929 0.0126592 0.00179476 0.000648084 0.0301235 0.0692147 0.00726113 0.0516674 0.0191501 0.0918179 0.0149761 0.00568974 0.00929326 0.928085 0.00272497 0.00199084 0.378619 0.00262714 0.0109763 0.00246844 0.00749982 0.0114518 0.252162 0.34654
0.981652 0.926111 0.975891 0.986743 0.348332 0.983061 0.95156 0.988761 0.26836 0.905494 0.983108 0.87789 0.413068 0.971302 0.509518 0.690749 0.95007 0.981122 0.940117 0.991204 0.990465 0.810789 0.995941 0.990914 0.971253 0.993134 0.97502 0.0629879 0.981109 0.893227 0.899495 0.89958 0.96207 0.0888735 0.996356 0.71262 0.991206 0.647713 0.987084 0.98675 0.836215 0.741883 0.80715 0.85509 0.997818 0.995137 0.280193 0.805464 0.988076 0.0149545 0.0331748 0.00214128 0.0190205 0.0288011 0.00809458 0.551815 0.276894 0.0407506 0.00261907 0.1455 0.683537 0.09251 0.828929 0.00179457 0.984811 0.00751826 0.289799 0.38005 0.307172 0.00369977 0.686863 0.944441 0.99551 0.356062 0.785824 0.0109749 0.188982 0.0126066 0.00179406 0.000643558 0.030163 0.0689513 0.00725515 0.0513525 0.0190133 0.0926358 0.0148902 0.00564616 0.00927422 0.928618 0.00271491 0.00197798 0.378954 0.00260929 0.0109841 0.00244921 0.00748496 0.0113484 0.25163 0.344787
0.981767 0.926318 0.976152 0.986793 0.349719 0.98315 0.951785 0.988784 0.268051 0.905792 0.983218 0.878066 0.409777 0.97114 0.508423 0.688644 0.950298 0.981147 0.940467 0.991209 0.990482 0.811746 0.995974 0.990932 0.971288 0.993186 0.97505 0.0625096 0.981133 0.893364 0.898576 0.898682 0.96231 0.0884238 0.99639 0.712904 0.991211 0.648121 0.98713 0.986799 0.837023 0.741333 0.807489 0.854887 0.99782 0.99517 0.277937 0.805137 0.988109 0.0148779 0.0330878 0.00213769 0.0188804 0.0285428 0.00811511 0.554308 0.27867 0.0405611 0.00260086 0.144985 0.682891 0.0915396 0.828594 0.00179351 0.984872 0.00750242 0.291819 0.381669 0.306525 0.00367884 0.689257 0.944778 0.995559 0.356993 0.787796 0.0109349 0.188634 0.012554 0.00179288 0.000639236 0.0302108 0.0686718 0.00724991 0.0510427 0.0188754 0.0934772 0.0148067 0.00560321 0.00925354 0.929126 0.00270522 0.00196532 0.379288 0.00259187 0.0109903 0.00242974 0.00746668 0.0112451 0.251038 0.343038
0.981875 0.926528 0.976415 0.986842 0.351119 0.983236 0.952004 0.988809 0.267745 0.906092 0.983331 0.878254 0.406503 0.970973 0.507371 0.686526 0.950526 0.981173 0.940824 0.991215 0.990496 0.812711 0.996007 0.990948 0.971322 0.993236 0.975079 0.0620247 0.981163 0.893508 0.897658 0.897773 0.962542 0.0879721 0.996423 0.713197 0.991217 0.648529 0.987176 0.986846 0.837834 0.740738 0.807817 0.854698 0.997821 0.995201 0.27571 0.804804 0.988142 0.0148005 0.0329982 0.00213437 0.0187456 0.028287 0.00813466 0.556895 0.280457 0.0403681 0.00258372 0.144445 0.682217 0.0905936 0.828268 0.00179236 0.98493 0.00748594 0.293892 0.383269 0.305916 0.00365799 0.691614 0.945115 0.995607 0.357971 0.789766 0.0108954 0.188319 0.0125043 0.00179137 0.000634952 0.0302549 0.0684113 0.00724598 0.0507279 0.0187421 0.0943353 0.0147213 0.00556092 0.00923427 0.929643 0.00269523 0.00195289 0.379625 0.00257436 0.0109953 0.00241056 0.0074517 0.011147 0.250501 0.341232
0.981989 0.926737 0.97667 0.986889 0.352545 0.983326 0.952217 0.988832 0.267442 0.906374 0.983441 0.878439 0.403272 0.970803 0.506329 0.684405 0.950757 0.9812 0.941179 0.99122 0.99051 0.813667 0.99604 0.990966 0.97136 0.993288 0.975113 0.0615296 0.98119 0.893652 0.896744 0.896846 0.962768 0.0875199 0.996457 0.713514 0.991223 0.648975 0.98722 0.986895 0.838656 0.740168 0.808152 0.854496 0.997822 0.995231 0.273456 0.804508 0.988173 0.0147255 0.0329055 0.00213085 0.0186099 0.0280343 0.00815638 0.559409 0.282285 0.0401758 0.00256659 0.143918 0.681542 0.0896382 0.82793 0.00179101 0.984992 0.00747057 0.295961 0.384909 0.305232 0.00363655 0.694001 0.945449 0.995654 0.358932 0.791713 0.0108553 0.187979 0.0124534 0.00179005 0.000630706 0.0302965 0.0681392 0.00724031 0.0504176 0.0186083 0.095184 0.014639 0.00551936 0.00921531 0.930165 0.00268467 0.00194072 0.379966 0.00255703 0.0110018 0.00239177 0.00743565 0.0110471 0.249897 0.339455
0.9821 0.92694 0.976928 0.986936 0.353996 0.98341 0.952436 0.988854 0.267154 0.906664 0.98355 0.878634 0.399982 0.970636 0.50523 0.682248 0.950985 0.981229 0.941535 0.991224 0.990524 0.814675 0.996072 0.990985 0.971392 0.993338 0.975145 0.06104 0.981218 0.893782 0.89581 0.895882 0.963002 0.0870717 0.996489 0.713823 0.99123 0.649422 0.987263 0.986941 0.839485 0.739561 0.808505 0.854254 0.997823 0.995262 0.271212 0.804207 0.988201 0.0146507 0.0328184 0.00212702 0.0184783 0.0277792 0.00817801 0.561967 0.284095 0.0399812 0.00254914 0.143361 0.680861 0.0886909 0.827571 0.00179027 0.985051 0.00745471 0.298029 0.386547 0.304567 0.00361629 0.696386 0.945782 0.995701 0.359957 0.793665 0.0108143 0.187647 0.0124017 0.00178932 0.000626557 0.0303385 0.0678772 0.00723547 0.0501076 0.0184788 0.0960542 0.0145585 0.0054776 0.00919542 0.930674 0.00267454 0.00192852 0.380384 0.00254037 0.0110091 0.00237299 0.00742135 0.01095 0.24932 0.337658
0.982209 0.927152 0.977179 0.986984 0.355423 0.983498 0.952654 0.988881 0.266827 0.906962 0.983658 0.87884 0.396676 0.970459 0.504104 0.680052 0.95121 0.981257 0.941883 0.991229 0.990539 0.815662 0.996104 0.991003 0.971427 0.993388 0.975181 0.0605546 0.981248 0.893922 0.894862 0.894925 0.963232 0.086621 0.996522 0.714141 0.991235 0.649904 0.987306 0.986987 0.840301 0.738938 0.808844 0.854052 0.997825 0.995293 0.268968 0.803904 0.988232 0.0145794 0.0327366 0.00212381 0.0183491 0.0275314 0.00819852 0.56452 0.285906 0.0397933 0.00253266 0.142805 0.680169 0.087754 0.827165 0.00178958 0.985113 0.00743733 0.30013 0.388241 0.303901 0.00359679 0.698788 0.946121 0.995748 0.360958 0.795614 0.0107731 0.187306 0.0123502 0.00178812 0.000622482 0.030376 0.0676004 0.00723135 0.0497952 0.0183467 0.0969407 0.0144785 0.0054365 0.00917669 0.931163 0.0026648 0.00191672 0.380795 0.00252389 0.011018 0.00235439 0.00740628 0.0108501 0.248691 0.335845
0.98232 0.927366 0.977426 0.987032 0.356911 0.983581 0.952867 0.988903 0.266489 0.907256 0.983765 0.879026 0.393413 0.970286 0.502968 0.677885 0.95144 0.981288 0.942225 0.991233 0.990553 0.816664 0.996135 0.991022 0.971456 0.993437 0.975214 0.0600678 0.981275 0.894067 0.893902 0.893946 0.96346 0.0861747 0.996554 0.714476 0.991241 0.650322 0.987349 0.987034 0.841127 0.738341 0.80919 0.853842 0.997826 0.995323 0.266747 0.803622 0.988259 0.0145069 0.0326447 0.00212058 0.0182225 0.0272852 0.00821883 0.567058 0.287725 0.0396043 0.00251612 0.142253 0.67944 0.0868257 0.826791 0.00178877 0.985171 0.00742185 0.302229 0.389935 0.303249 0.00357728 0.701176 0.946461 0.995793 0.362003 0.797535 0.0107348 0.186962 0.0122985 0.00178717 0.00061851 0.0304133 0.0673206 0.00722656 0.049484 0.018218 0.0978401 0.0143985 0.0053962 0.00915756 0.931662 0.00265506 0.00190481 0.381237 0.00250761 0.0110253 0.002336 0.00739153 0.0107515 0.248082 0.334097
0.982428 0.927577 0.977674 0.987078 0.358363 0.983664 0.953092 0.988926 0.266178 0.907551 0.983873 0.879222 0.390121 0.970106 0.501816 0.675675 0.95166 0.981318 0.942565 0.991239 0.990567 0.817677 0.996167 0.99104 0.971487 0.993486 0.975244 0.0595839 0.981306 0.894222 0.892937 0.892976 0.96369 0.0857189 0.996585 0.714854 0.991246 0.650792 0.987392 0.987081 0.841971 0.737761 0.809543 0.85364 0.997828 0.995352 0.264483 0.803316 0.988287 0.0144359 0.0325541 0.00211796 0.0180973 0.0270391 0.00824058 0.569621 0.289562 0.0394106 0.00249943 0.141707 0.678713 0.0858937 0.826391 0.00178779 0.985231 0.00740701 0.304408 0.391609 0.302657 0.00355787 0.703577 0.946797 0.995839 0.363025 0.799414 0.0106963 0.18659 0.0122499 0.00178612 0.000614474 0.0304507 0.0670484 0.00722244 0.0491681 0.0180902 0.0987628 0.0143188 0.00535598 0.00913657 0.932137 0.00264562 0.00189318 0.381656 0.00249135 0.0110327 0.00231785 0.00737581 0.0106545 0.247439 0.332324
0.982538 0.927797 0.977914 0.987124 0.359834 0.983748 0.953321 0.988952 0.265835 0.907841 0.983979 0.879422 0.386823 0.969918 0.50064 0.67346 0.951889 0.981348 0.942906 0.991243 0.990581 0.818673 0.996198 0.991057 0.971521 0.993535 0.975281 0.0590938 0.98134 0.894383 0.891958 0.891991 0.963915 0.0852734 0.996616 0.715222 0.991252 0.651295 0.987431 0.987127 0.842814 0.737132 0.809899 0.853411 0.997829 0.995381 0.262201 0.803052 0.988314 0.0143632 0.0324596 0.00211493 0.0179691 0.0267967 0.00826307 0.572215 0.291396 0.0392082 0.00248329 0.141165 0.67796 0.0849807 0.825999 0.00178683 0.985287 0.00739278 0.306589 0.393356 0.302038 0.00353943 0.705984 0.947133 0.995884 0.364061 0.801341 0.0106585 0.186238 0.0122006 0.00178537 0.000610456 0.0304834 0.0667721 0.00721829 0.0488546 0.0179618 0.0996842 0.0142413 0.00531443 0.00911628 0.932609 0.00263604 0.00188167 0.382083 0.00247561 0.0110425 0.00229956 0.00736161 0.0105588 0.246818 0.330572
0.982645 0.928003 0.978149 0.987169 0.361368 0.983834 0.953546 0.988975 0.265497 0.908148 0.984084 0.879613 0.383599 0.969729 0.499472 0.671166 0.952117 0.981381 0.943246 0.991249 0.990594 0.81968 0.996228 0.991074 0.971549 0.993583 0.975316 0.0586163 0.981373 0.894531 0.890947 0.890968 0.964146 0.0848121 0.996646 0.715632 0.991256 0.651767 0.987472 0.987171 0.843636 0.736474 0.81026 0.853171 0.99783 0.995409 0.259954 0.802815 0.988341 0.0142932 0.0323658 0.00211222 0.0178437 0.0265503 0.0082855 0.574831 0.293225 0.0390088 0.00246736 0.140611 0.677192 0.0840681 0.825589 0.00178581 0.985345 0.00737772 0.308774 0.39504 0.301407 0.00352051 0.708396 0.947478 0.995928 0.365133 0.803215 0.0106183 0.185891 0.0121515 0.00178449 0.000606606 0.0305215 0.0665049 0.00721251 0.0485395 0.0178346 0.100614 0.0141651 0.00527422 0.00909567 0.933083 0.00262646 0.00187042 0.382509 0.00246025 0.0110489 0.00228143 0.00734647 0.0104638 0.246171 0.32875
0.982752 0.928211 0.978383 0.987213 0.362931 0.983919 0.953771 0.989002 0.265131 0.908434 0.984192 0.879805 0.380303 0.969538 0.498272 0.668891 0.952341 0.981414 0.943584 0.991254 0.990608 0.820719 0.996259 0.991092 0.971581 0.993631 0.975355 0.0581334 0.98141 0.8947 0.889931 0.889948 0.96437 0.0843418 0.996676 0.716005 0.99126 0.65229 0.987511 0.987219 0.844483 0.735864 0.810628 0.852921 0.997831 0.995438 0.257693 0.802577 0.988366 0.0142245 0.0322789 0.00210943 0.01772 0.0263038 0.00830731 0.577425 0.29506 0.0388176 0.0024517 0.140059 0.676413 0.0831592 0.825166 0.00178487 0.985401 0.00736399 0.310975 0.396787 0.300748 0.00350166 0.710769 0.947812 0.995972 0.366149 0.805074 0.0105794 0.18553 0.0121034 0.00178362 0.000602742 0.0305538 0.0662272 0.00720822 0.0482278 0.017709 0.101568 0.0140911 0.00523429 0.00907482 0.933558 0.00261672 0.0018592 0.382966 0.00244443 0.0110559 0.00226405 0.00733179 0.010369 0.245508 0.326967
0.982858 0.928424 0.978613 0.987259 0.364524 0.984002 0.953995 0.989026 0.264741 0.908726 0.984295 0.880025 0.376985 0.96935 0.497112 0.66661 0.952564 0.981447 0.94391 0.991257 0.990622 0.821727 0.996289 0.991108 0.971603 0.993678 0.975396 0.0576533 0.981445 0.894856 0.888881 0.888913 0.964599 0.0838966 0.996705 0.716427 0.991265 0.652783 0.987551 0.987266 0.845322 0.735223 0.810992 0.852672 0.997832 0.995467 0.25546 0.802279 0.988394 0.0141567 0.0321931 0.00210663 0.0175967 0.0260642 0.00832798 0.580014 0.296932 0.0386355 0.00243582 0.139498 0.675598 0.0822708 0.824748 0.00178369 0.985461 0.00735013 0.313202 0.398566 0.30011 0.00348288 0.713105 0.948155 0.996015 0.367224 0.806961 0.0105411 0.185157 0.012056 0.00178248 0.000599016 0.0305878 0.0659429 0.00720441 0.0479228 0.0175863 0.102536 0.0140166 0.00519397 0.00905575 0.934029 0.00260769 0.00184816 0.383417 0.00242899 0.0110655 0.00224677 0.00731721 0.0102759 0.244828 0.325147
0.982964 0.928646 0.97884 0.987304 0.366103 0.984085 0.954221 0.989048 0.264327 0.909035 0.984397 0.880221 0.37367 0.969156 0.495909 0.664284 0.952791 0.981482 0.944249 0.991262 0.990635 0.822757 0.996319 0.991125 0.971634 0.993725 0.975435 0.0571803 0.981477 0.895037 0.887839 0.887868 0.964818 0.0834321 0.996734 0.716854 0.991271 0.653304 0.98759 0.987311 0.846171 0.734552 0.811368 0.85243 0.997832 0.995495 0.25321 0.80204 0.98842 0.0140892 0.0321086 0.00210366 0.0174791 0.0258259 0.00834941 0.582623 0.298786 0.0384465 0.00242072 0.138942 0.674817 0.0813832 0.824324 0.00178286 0.985519 0.00733514 0.315465 0.400345 0.299415 0.00346454 0.715472 0.948498 0.996058 0.368328 0.808822 0.0105035 0.184791 0.0120071 0.00178191 0.000595275 0.0306213 0.0656593 0.00720046 0.047608 0.0174628 0.103531 0.0139419 0.00515485 0.00903631 0.934489 0.00259869 0.00183738 0.383884 0.00241392 0.0110747 0.00222961 0.00730304 0.0101847 0.244137 0.323339
0.98307 0.928859 0.979065 0.98735 0.367727 0.98417 0.954441 0.989071 0.263921 0.909329 0.984501 0.880432 0.370366 0.968958 0.494691 0.661961 0.953014 0.981514 0.944587 0.991266 0.990649 0.823788 0.996348 0.991141 0.971668 0.993773 0.975476 0.0567147 0.981511 0.895199 0.88678 0.886816 0.965038 0.0829733 0.996763 0.717243 0.991276 0.653837 0.98763 0.987358 0.847044 0.733866 0.811744 0.85216 0.997833 0.995523 0.250954 0.801777 0.988445 0.0140215 0.0320176 0.00210084 0.0173626 0.0255919 0.00837126 0.585243 0.300674 0.0382577 0.00240558 0.138383 0.673968 0.0805034 0.823879 0.00178228 0.985577 0.00732103 0.317734 0.402155 0.298813 0.00344628 0.717789 0.948844 0.9961 0.369413 0.810676 0.0104655 0.184417 0.0119611 0.00178128 0.000591577 0.0306539 0.065377 0.00719536 0.0472954 0.0173411 0.104532 0.0138684 0.0051162 0.00901607 0.93495 0.00258949 0.00182654 0.384375 0.00239928 0.0110849 0.00221261 0.00728889 0.0100936 0.243433 0.321558
0.983172 0.929079 0.979287 0.987393 0.36936 0.984253 0.954662 0.989096 0.263492 0.909618 0.984602 0.880638 0.367089 0.968759 0.49343 0.659554 0.953242 0.981551 0.944922 0.99127 0.99066 0.824824 0.996376 0.991158 0.971694 0.993819 0.975514 0.0562509 0.981547 0.895372 0.885716 0.885732 0.965263 0.0825183 0.996791 0.717695 0.99128 0.654345 0.987668 0.987402 0.847887 0.733163 0.81211 0.851888 0.997834 0.99555 0.2487 0.801548 0.98847 0.0139558 0.0319366 0.00209805 0.0172416 0.0253611 0.00839153 0.587866 0.302635 0.0380654 0.00239069 0.137799 0.673135 0.0796156 0.823456 0.00178126 0.985633 0.00730647 0.320006 0.404011 0.298139 0.00342856 0.720147 0.949193 0.996142 0.370539 0.812495 0.0104295 0.184035 0.0119133 0.00178065 0.000588016 0.0306849 0.065098 0.00719086 0.0469819 0.0172216 0.105545 0.0137998 0.00507728 0.00899579 0.935401 0.00258043 0.00181584 0.384858 0.00238434 0.0110958 0.00219555 0.00727593 0.0100045 0.242706 0.31978
0.983276 0.929302 0.979504 0.987437 0.37099 0.984336 0.95488 0.989124 0.263069 0.909907 0.984704 0.880855 0.363768 0.968551 0.492205 0.657183 0.953464 0.981589 0.945259 0.991275 0.990674 0.825887 0.996405 0.991173 0.97172 0.993867 0.97556 0.055791 0.981582 0.895544 0.88461 0.884649 0.965479 0.0820718 0.996819 0.71812 0.991285 0.654903 0.987705 0.987446 0.848731 0.73246 0.812493 0.851598 0.997835 0.995577 0.246413 0.801329 0.988493 0.0138902 0.0318425 0.00209517 0.0171221 0.0251312 0.00841281 0.590469 0.304598 0.0378801 0.00237612 0.137227 0.672258 0.0787451 0.822981 0.0017804 0.985689 0.00729334 0.32234 0.405859 0.297439 0.00341115 0.722463 0.949538 0.996182 0.371636 0.814303 0.0103941 0.183628 0.0118644 0.00178001 0.000584336 0.0307191 0.0648126 0.00718694 0.0466694 0.0171021 0.10657 0.0137269 0.00503897 0.00897351 0.935853 0.00257129 0.00180529 0.385375 0.00236948 0.0111055 0.00217872 0.00726333 0.00991597 0.242013 0.317979
0.983376 0.929524 0.979722 0.987479 0.372635 0.98442 0.955096 0.98915 0.262668 0.910213 0.984805 0.881065 0.360483 0.968341 0.490944 0.654756 0.953685 0.981626 0.945589 0.99128 0.990686 0.826924 0.996433 0.991189 0.971749 0.993912 0.975603 0.0553273 0.981619 0.895702 0.883497 0.88355 0.9657 0.0816137 0.996847 0.718575 0.991287 0.655453 0.987742 0.987489 0.84958 0.731755 0.812885 0.851323 0.997836 0.995602 0.244186 0.8011 0.988516 0.0138254 0.031748 0.00209267 0.0170062 0.0248981 0.00843434 0.593101 0.306475 0.0376919 0.00236128 0.136645 0.671398 0.0778869 0.82248 0.00177957 0.985746 0.00727939 0.324696 0.407622 0.296821 0.00339369 0.72478 0.94989 0.996223 0.372798 0.816116 0.0103572 0.183218 0.011816 0.00177931 0.000580823 0.0307472 0.0645298 0.00718332 0.046355 0.0169825 0.107603 0.0136613 0.00500098 0.0089516 0.936297 0.00256226 0.00179502 0.385867 0.00235543 0.0111179 0.00216215 0.00725025 0.00982907 0.241263 0.316178
0.983478 0.929743 0.979937 0.987522 0.374344 0.984501 0.955311 0.989176 0.26224 0.910512 0.984906 0.881302 0.357238 0.968128 0.489609 0.652346 0.953897 0.981661 0.945917 0.991285 0.990698 0.827974 0.99646 0.991205 0.971779 0.993957 0.975648 0.0548616 0.981654 0.895877 0.882389 0.882419 0.965921 0.0811452 0.996874 0.71904 0.991291 0.65605 0.987777 0.987532 0.850434 0.731025 0.813302 0.851044 0.997837 0.995628 0.241952 0.800923 0.988539 0.0137609 0.0316567 0.00209028 0.0168903 0.0246667 0.00845715 0.5957 0.308409 0.037504 0.002347 0.136077 0.670516 0.0770359 0.821991 0.00177876 0.985801 0.00726475 0.327057 0.409496 0.296123 0.00337639 0.727095 0.950234 0.996262 0.373947 0.817933 0.0103217 0.182818 0.0117709 0.00177857 0.000577443 0.0307719 0.0642411 0.00717972 0.0460473 0.016866 0.108659 0.0135932 0.00496317 0.00892993 0.936745 0.00255368 0.00178464 0.386421 0.00234109 0.0111283 0.00214594 0.00723712 0.00974139 0.24054 0.314401
0.983578 0.929951 0.980144 0.987565 0.376031 0.984582 0.95554 0.989202 0.261808 0.9108 0.985005 0.881515 0.353984 0.967913 0.488287 0.649867 0.954117 0.981697 0.946247 0.99129 0.990709 0.82903 0.996488 0.99122 0.971809 0.994003 0.975692 0.0543936 0.98169 0.89606 0.881263 0.881279 0.966141 0.0806856 0.996901 0.71953 0.991296 0.656644 0.987811 0.987573 0.851277 0.730248 0.813687 0.850728 0.997838 0.995654 0.239662 0.800702 0.988561 0.0136987 0.0315662 0.00208743 0.0167755 0.0244376 0.0084792 0.598373 0.310379 0.0373179 0.00233299 0.135488 0.6696 0.0761988 0.821473 0.00177802 0.985855 0.00725281 0.329439 0.411385 0.295444 0.00335879 0.729443 0.950576 0.996302 0.375091 0.819702 0.0102865 0.182394 0.0117221 0.00177794 0.000574051 0.0308058 0.0639593 0.00717505 0.0457301 0.0167485 0.109719 0.0135258 0.00492571 0.00890892 0.937184 0.00254505 0.00177495 0.386956 0.0023271 0.0111388 0.00212938 0.0072255 0.00965637 0.239786 0.312619
0.983677 0.930169 0.980352 0.987609 0.377759 0.984662 0.955757 0.989227 0.261364 0.911111 0.985105 0.881748 0.350748 0.967688 0.487019 0.647427 0.954338 0.981735 0.94657 0.991294 0.990721 0.830067 0.996516 0.991235 0.971831 0.994046 0.975734 0.0539285 0.981728 0.896251 0.880123 0.880148 0.966356 0.0802297 0.996927 0.720014 0.9913 0.65721 0.987846 0.987615 0.852102 0.729485 0.814112 0.850438 0.997839 0.995678 0.237404 0.800507 0.988584 0.0136337 0.0314731 0.00208474 0.0166583 0.0242075 0.00850155 0.601023 0.312338 0.0371311 0.00231932 0.134899 0.668748 0.0753536 0.820925 0.00177738 0.985911 0.00724028 0.331809 0.413291 0.294779 0.00334163 0.731758 0.950919 0.996341 0.376329 0.821473 0.0102503 0.181971 0.0116749 0.00177739 0.000570747 0.0308348 0.0636743 0.00717122 0.0454217 0.0166328 0.110785 0.0134577 0.00488787 0.0088886 0.937615 0.00253671 0.00176475 0.387501 0.00231323 0.0111512 0.00211305 0.00721377 0.00957144 0.239028 0.310831
0.983775 0.930383 0.980558 0.987649 0.379497 0.984744 0.955973 0.989252 0.260867 0.911403 0.985202 0.881982 0.347457 0.967463 0.485687 0.644941 0.954555 0.981774 0.946901 0.9913 0.990733 0.831129 0.996543 0.99125 0.971859 0.99409 0.975776 0.0534629 0.981768 0.896436 0.878943 0.878973 0.966571 0.0797671 0.996953 0.72051 0.991302 0.657806 0.987878 0.987657 0.852951 0.728692 0.814526 0.850109 0.99784 0.995703 0.235132 0.800304 0.988606 0.0135722 0.0313872 0.00208231 0.016545 0.0239806 0.00852577 0.603695 0.314332 0.0369401 0.00230547 0.134306 0.667816 0.0745317 0.820375 0.00177691 0.985964 0.00722893 0.334237 0.415176 0.294079 0.00332558 0.734049 0.951263 0.996379 0.377563 0.823213 0.0102148 0.18157 0.0116299 0.00177669 0.000567455 0.0308582 0.0633887 0.00716732 0.0451157 0.0165202 0.111889 0.0133897 0.0048509 0.00886866 0.938041 0.0025285 0.0017551 0.388106 0.0022998 0.0111639 0.00209735 0.00720071 0.00948694 0.238238 0.30905
0.983873 0.930611 0.98076 0.987693 0.381281 0.984822 0.956198 0.989279 0.260364 0.9117 0.985299 0.882202 0.344179 0.967233 0.484318 0.642475 0.954778 0.981811 0.947223 0.991304 0.990744 0.832183 0.996569 0.991265 0.971885 0.994134 0.975821 0.0530027 0.981807 0.896632 0.877746 0.877797 0.96678 0.0793068 0.996979 0.721003 0.991307 0.658432 0.98791 0.987699 0.853804 0.727932 0.814919 0.849763 0.997841 0.995727 0.232875 0.800123 0.988629 0.0135077 0.0313019 0.00208003 0.0164361 0.0237591 0.00854829 0.606381 0.316309 0.0367525 0.00229211 0.133703 0.666876 0.0737011 0.819829 0.00177631 0.986019 0.00721753 0.336647 0.417163 0.293408 0.00330938 0.736376 0.951612 0.996416 0.378782 0.824951 0.0101799 0.181162 0.0115848 0.00177615 0.000564239 0.0308821 0.0631024 0.00716303 0.0448042 0.0164072 0.112994 0.0133235 0.00481513 0.00884781 0.93846 0.00252052 0.00174544 0.388701 0.00228617 0.0111758 0.00208175 0.00718911 0.00940289 0.237438 0.307268
0.983967 0.930842 0.980958 0.987732 0.383068 0.984903 0.956426 0.989305 0.259867 0.912004 0.985395 0.882426 0.340861 0.967001 0.482961 0.639942 0.954991 0.98185 0.947549 0.991308 0.990755 0.833225 0.996595 0.991278 0.971912 0.994178 0.975866 0.0525364 0.981848 0.896848 0.876539 0.876602 0.966988 0.0788573 0.997004 0.721531 0.991312 0.659025 0.987943 0.98774 0.854664 0.72715 0.815316 0.849412 0.997841 0.995751 0.230611 0.799965 0.988651 0.0134467 0.0312192 0.00207762 0.0163242 0.0235367 0.00857059 0.609008 0.318352 0.036562 0.00227867 0.133108 0.66591 0.07288 0.819278 0.00177535 0.986074 0.00720633 0.339125 0.419143 0.292681 0.00329328 0.738637 0.951969 0.996454 0.380006 0.826676 0.0101453 0.180726 0.0115396 0.00177552 0.000561078 0.0309031 0.0628185 0.00715925 0.0444912 0.0162991 0.114128 0.0132581 0.00477845 0.00882701 0.938882 0.00251201 0.00173608 0.389287 0.00227289 0.01119 0.00206607 0.0071772 0.00931963 0.236646 0.305471
0.984061 0.931076 0.981155 0.987773 0.384921 0.984984 0.956636 0.989329 0.259353 0.912305 0.985492 0.882655 0.337611 0.966758 0.481542 0.637397 0.955204 0.981886 0.947863 0.991312 0.990765 0.834288 0.996621 0.991292 0.971942 0.99422 0.975911 0.052086 0.981886 0.897034 0.875308 0.875359 0.9672 0.0783889 0.997029 0.722078 0.991314 0.65964 0.987977 0.987782 0.855527 0.726364 0.815746 0.849083 0.997842 0.995774 0.228382 0.799825 0.988674 0.013386 0.0311289 0.00207543 0.0162143 0.0233191 0.00859301 0.611662 0.32034 0.036376 0.00226563 0.132526 0.664943 0.0720594 0.818679 0.00177481 0.986127 0.00719447 0.341623 0.421156 0.292004 0.003278 0.740929 0.952317 0.99649 0.381292 0.828363 0.0101105 0.180292 0.0114958 0.00177532 0.000557907 0.0309266 0.0625208 0.0071565 0.0441852 0.0161881 0.11526 0.0131948 0.0047423 0.00880607 0.939311 0.0025039 0.00172676 0.389869 0.00226024 0.0112028 0.0020505 0.00716603 0.00923796 0.235836 0.303695
0.984159 0.931296 0.98135 0.987813 0.386784 0.985064 0.956861 0.989355 0.258847 0.912608 0.985587 0.882887 0.334329 0.966516 0.480162 0.634825 0.955426 0.981926 0.948191 0.991316 0.990778 0.835331 0.996647 0.991306 0.971965 0.994263 0.975954 0.0516292 0.981928 0.897239 0.874062 0.874106 0.967404 0.0779394 0.997053 0.722598 0.991319 0.660293 0.988008 0.987824 0.856393 0.725573 0.816147 0.848734 0.997843 0.995796 0.226121 0.799675 0.988695 0.0133235 0.0310424 0.00207325 0.0161056 0.0230974 0.00861572 0.614334 0.322331 0.0361934 0.00225261 0.131892 0.66395 0.0712558 0.818076 0.00177431 0.986182 0.00718422 0.344134 0.423157 0.291317 0.00326255 0.743209 0.952667 0.996526 0.38251 0.830066 0.0100755 0.179868 0.0114508 0.00177453 0.000554791 0.0309444 0.0622203 0.00715429 0.0438808 0.0160757 0.116423 0.0131302 0.00470707 0.00878506 0.939732 0.00249612 0.00171735 0.390476 0.00224762 0.0112178 0.00203509 0.00715537 0.00915564 0.235014 0.301879
0.984254 0.931516 0.98154 0.987851 0.388637 0.985145 0.957076 0.989381 0.258331 0.912911 0.98568 0.88313 0.331079 0.966269 0.478788 0.632215 0.95564 0.981965 0.948519 0.991321 0.990786 0.83641 0.996672 0.991319 0.971991 0.994306 0.976002 0.0511748 0.981971 0.897441 0.872832 0.872865 0.967607 0.0774702 0.997076 0.723118 0.991321 0.66095 0.98804 0.987864 0.857266 0.724698 0.816593 0.848384 0.997843 0.995819 0.223888 0.799568 0.988718 0.0132626 0.030951 0.00207086 0.0159944 0.022881 0.00863826 0.617041 0.324349 0.0360121 0.00224017 0.13129 0.662969 0.0704497 0.817467 0.00177376 0.986234 0.0071729 0.346698 0.425214 0.290569 0.00324757 0.745454 0.953022 0.996562 0.383796 0.831755 0.0100413 0.179436 0.0114064 0.00177338 0.00055171 0.0309601 0.0619264 0.00715214 0.0435732 0.0159681 0.117614 0.0130684 0.00467124 0.00876277 0.940148 0.002488 0.00170834 0.391098 0.00223536 0.0112319 0.00202008 0.00714439 0.00907551 0.234217 0.300093
0.984347 0.931744 0.981733 0.987889 0.390503 0.985223 0.957296 0.989407 0.257779 0.913217 0.985773 0.88339 0.32783 0.966018 0.477394 0.629642 0.955857 0.982008 0.948831 0.991326 0.990797 0.837486 0.996697 0.991333 0.972017 0.994348 0.976054 0.0507227 0.982012 0.897649 0.871555 0.871596 0.967815 0.0770048 0.9971 0.723691 0.991325 0.661625 0.98807 0.987906 0.858112 0.723844 0.817029 0.848048 0.997844 0.995842 0.22164 0.799404 0.988741 0.0131986 0.0308635 0.00206861 0.0158846 0.0226646 0.00865981 0.61971 0.326377 0.0358226 0.00222786 0.130702 0.661952 0.0696523 0.816824 0.0017731 0.986288 0.00716373 0.349299 0.427243 0.289902 0.00323234 0.747729 0.953376 0.996597 0.385102 0.833412 0.0100078 0.178987 0.0113624 0.00177283 0.000548734 0.03098 0.0616241 0.00714969 0.0432593 0.0158596 0.11881 0.0130067 0.00463569 0.0087408 0.940537 0.00247981 0.00169944 0.391771 0.00222256 0.0112445 0.00200501 0.00713392 0.00899545 0.2334 0.298265
0.984442 0.931956 0.981922 0.987927 0.392404 0.985301 0.957513 0.989433 0.257218 0.913519 0.985865 0.883654 0.324613 0.965759 0.476003 0.626959 0.956078 0.982052 0.949153 0.991329 0.990807 0.838569 0.996722 0.991346 0.972043 0.994391 0.976101 0.0502747 0.982053 0.897849 0.870243 0.870272 0.968015 0.0765403 0.997123 0.724264 0.991329 0.662271 0.988102 0.987947 0.858984 0.722991 0.817444 0.847679 0.997845 0.995864 0.219408 0.799305 0.98876 0.0131398 0.0307756 0.00206666 0.0157773 0.0224508 0.00868377 0.622429 0.328444 0.0356387 0.00221557 0.130094 0.660894 0.0688711 0.81617 0.00177264 0.986341 0.00715218 0.3519 0.429303 0.289217 0.00321746 0.749988 0.953724 0.996632 0.386429 0.835083 0.00997484 0.178533 0.011318 0.00177233 0.000545656 0.0309927 0.0613395 0.00714606 0.0429501 0.0157534 0.120024 0.0129465 0.00460105 0.00871846 0.940937 0.00247129 0.00169048 0.392437 0.00221028 0.0112575 0.00198976 0.00712285 0.00891752 0.232529 0.296435
0.984539 0.932191 0.982105 0.987967 0.394354 0.98538 0.957726 0.98946 0.256676 0.91383 0.985955 0.883901 0.321394 0.965495 0.474596 0.624287 0.956294 0.982095 0.949478 0.991334 0.990819 0.839653 0.996747 0.991358 0.972069 0.994432 0.97615 0.0498255 0.982094 0.898066 0.868921 0.868952 0.968218 0.0760779 0.997146 0.724844 0.991334 0.662936 0.988132 0.987987 0.859835 0.722097 0.817866 0.847289 0.997846 0.995885 0.217168 0.799224 0.988781 0.0130796 0.0306842 0.00206412 0.0156733 0.0222353 0.00870679 0.62515 0.330557 0.0354556 0.00220342 0.129502 0.65983 0.0680885 0.815514 0.00177223 0.986392 0.00714144 0.354487 0.4314 0.288489 0.00320308 0.752223 0.954073 0.996666 0.387767 0.836737 0.00994336 0.178066 0.0112746 0.00177166 0.000542665 0.0310114 0.0610404 0.00714313 0.0426451 0.0156498 0.121252 0.0128876 0.00456583 0.00869519 0.94134 0.0024639 0.00168206 0.393161 0.00219818 0.0112732 0.00197506 0.00711247 0.00883842 0.231695 0.294611
0.984631 0.932417 0.982285 0.988007 0.396305 0.985457 0.957944 0.989486 0.256086 0.914133 0.986047 0.88414 0.318158 0.965236 0.473144 0.621604 0.956515 0.982135 0.949793 0.991338 0.990829 0.840749 0.996772 0.99137 0.972096 0.994474 0.976197 0.0493786 0.982138 0.898278 0.867585 0.867621 0.968427 0.0756171 0.997169 0.725448 0.991337 0.663618 0.988162 0.988027 0.860707 0.721194 0.818327 0.846895 0.997846 0.995907 0.214949 0.799115 0.988802 0.0130209 0.0305919 0.00206204 0.0155685 0.0220233 0.00872914 0.62789 0.33267 0.0352695 0.0021912 0.128897 0.658736 0.0673053 0.814835 0.00177148 0.986444 0.00713126 0.357136 0.43351 0.287793 0.0031883 0.754436 0.954425 0.996699 0.389084 0.838395 0.00991093 0.177616 0.0112322 0.00177127 0.000539784 0.0310253 0.0607407 0.00713895 0.0423385 0.0155461 0.122494 0.0128285 0.00453139 0.00867284 0.94173 0.00245619 0.00167342 0.393883 0.00218595 0.0112867 0.00196037 0.00710259 0.00876135 0.230823 0.292786
0.98472 0.932642 0.982466 0.988047 0.3983 0.985532 0.95816 0.989511 0.2555 0.914442 0.986136 0.884402 0.314945 0.964958 0.471694 0.618903 0.95673 0.982177 0.950105 0.991342 0.99084 0.841849 0.996795 0.991382 0.972119 0.994515 0.976252 0.0489388 0.98218 0.898508 0.866243 0.866289 0.968636 0.0751456 0.997191 0.726041 0.991341 0.664341 0.988193 0.988065 0.861566 0.720247 0.818764 0.846502 0.997847 0.995928 0.212737 0.799028 0.988822 0.0129647 0.0305032 0.00206 0.0154663 0.0218083 0.00875114 0.630601 0.334809 0.0350898 0.00217913 0.128278 0.657654 0.0665284 0.81417 0.00177114 0.986494 0.00712186 0.359804 0.435598 0.287071 0.00317407 0.756661 0.954772 0.996733 0.390458 0.840044 0.00987865 0.177158 0.0111893 0.00177024 0.000536961 0.0310429 0.0604378 0.00713636 0.0420302 0.0154438 0.123753 0.0127702 0.00449736 0.00865094 0.942112 0.00244856 0.00166491 0.394594 0.00217439 0.0113001 0.00194623 0.00709138 0.00868604 0.229926 0.290994
0.984813 0.932876 0.982642 0.988084 0.400313 0.985609 0.95838 0.989539 0.254881 0.914753 0.986227 0.884668 0.311739 0.964681 0.470187 0.616174 0.956948 0.982225 0.950416 0.991345 0.99085 0.842941 0.996819 0.991394 0.972145 0.994554 0.976302 0.0484945 0.982227 0.898756 0.864869 0.86492 0.968841 0.0746849 0.997213 0.726658 0.991345 0.665036 0.98822 0.988103 0.862428 0.719335 0.819242 0.846092 0.997848 0.995948 0.210536 0.79893 0.98884 0.0129058 0.0304129 0.00205784 0.0153646 0.0215977 0.00877503 0.633316 0.336965 0.0349057 0.00216719 0.127667 0.656537 0.0657648 0.813457 0.00177081 0.986546 0.00711085 0.362453 0.437733 0.286344 0.00316011 0.75889 0.955117 0.996766 0.391868 0.84166 0.00984463 0.176684 0.0111471 0.00176945 0.000534185 0.0310569 0.0601458 0.00713338 0.0417301 0.01534 0.125061 0.0127103 0.0044638 0.00863064 0.942507 0.00244109 0.0016568 0.395342 0.00216271 0.0113135 0.00193172 0.00708032 0.00861067 0.229033 0.28922
0.984901 0.933112 0.982817 0.988123 0.402324 0.985682 0.958596 0.989565 0.254282 0.91507 0.986316 0.884918 0.308514 0.964394 0.468636 0.613387 0.957158 0.982271 0.950729 0.991349 0.99086 0.844022 0.996842 0.991406 0.97217 0.994594 0.976359 0.0480551 0.982274 0.898995 0.863471 0.863519 0.96904 0.0742208 0.997234 0.727285 0.991347 0.665795 0.988245 0.988144 0.863292 0.718399 0.819697 0.845672 0.997849 0.995968 0.208322 0.798869 0.988858 0.0128469 0.0303231 0.0020557 0.0152645 0.0213936 0.00879848 0.636018 0.339139 0.0347214 0.00215567 0.127054 0.655436 0.0650132 0.812745 0.0017703 0.986597 0.00710178 0.365156 0.439919 0.28559 0.00314634 0.761119 0.955468 0.996799 0.393237 0.843278 0.00981175 0.176202 0.0111047 0.00176883 0.000531437 0.0310703 0.0598546 0.00713049 0.0414252 0.0152415 0.126359 0.0126525 0.00443131 0.00860914 0.942892 0.00243341 0.0016485 0.396115 0.00215088 0.0113273 0.00191744 0.00707034 0.00853608 0.228116 0.287405
0.984993 0.933346 0.98299 0.988163 0.404393 0.985758 0.958806 0.989592 0.253657 0.9154 0.986404 0.88518 0.305318 0.964103 0.467089 0.610587 0.957367 0.982316 0.95105 0.991352 0.990872 0.845114 0.996866 0.99142 0.972195 0.994635 0.976409 0.0476277 0.98232 0.899226 0.862064 0.862116 0.969241 0.0737678 0.997256 0.727893 0.991349 0.666578 0.988274 0.98818 0.864147 0.717453 0.820162 0.845243 0.997849 0.995988 0.206122 0.798784 0.988876 0.012789 0.0302335 0.00205404 0.0151638 0.0211949 0.00882254 0.638739 0.341299 0.0345368 0.00214447 0.126429 0.65425 0.0642594 0.811996 0.00176961 0.986646 0.00709201 0.367844 0.442102 0.284857 0.00313298 0.763308 0.955813 0.996831 0.394629 0.844872 0.00977966 0.17571 0.0110603 0.00176844 0.000528748 0.031083 0.0595563 0.00712712 0.0411206 0.015143 0.127701 0.0125959 0.00439816 0.00858718 0.94328 0.00242629 0.00164023 0.396899 0.00213955 0.011343 0.00190326 0.00706161 0.00846289 0.227203 0.285584
0.985083 0.933577 0.983159 0.988199 0.406452 0.985832 0.959013 0.989619 0.253033 0.915726 0.986492 0.885432 0.302114 0.963808 0.465582 0.607828 0.957578 0.982363 0.951362 0.991356 0.990883 0.846201 0.996889 0.991431 0.972213 0.994674 0.976462 0.0471973 0.982363 0.899461 0.860614 0.860672 0.969438 0.0733026 0.997276 0.728554 0.991353 0.66735 0.988303 0.988215 0.865012 0.716484 0.820592 0.844804 0.99785 0.996009 0.203932 0.798724 0.988892 0.0127332 0.0301414 0.00205243 0.0150653 0.020993 0.0088465 0.641505 0.343477 0.0343566 0.00213288 0.125791 0.653078 0.0635168 0.811245 0.00176928 0.986697 0.00708251 0.370593 0.444325 0.284076 0.00311905 0.765501 0.956159 0.996863 0.39605 0.846443 0.00974672 0.175216 0.0110189 0.00176819 0.000526016 0.0310982 0.059259 0.00712341 0.0408194 0.0150416 0.129058 0.0125382 0.00436538 0.00856438 0.943655 0.00241871 0.00163205 0.397666 0.00212852 0.0113612 0.00188938 0.00705267 0.00838892 0.22631 0.283792
0.985173 0.933814 0.983328 0.988236 0.408491 0.985908 0.95922 0.989644 0.252433 0.916047 0.986582 0.885684 0.29895 0.96351 0.464015 0.605001 0.957783 0.98241 0.951685 0.991361 0.990891 0.847305 0.996912 0.991441 0.972237 0.994714 0.976512 0.0467668 0.982411 0.899685 0.859161 0.859206 0.969643 0.0728284 0.997296 0.729221 0.991355 0.668098 0.988327 0.988251 0.865871 0.715521 0.821053 0.844354 0.99785 0.996028 0.201748 0.798688 0.988915 0.0126776 0.0300513 0.00205073 0.0149661 0.0207909 0.0088699 0.644241 0.345631 0.0341775 0.002122 0.125169 0.651912 0.0627788 0.810476 0.00176885 0.986747 0.0070734 0.373345 0.446563 0.283308 0.00310652 0.767677 0.956511 0.996894 0.397488 0.848013 0.00971331 0.174731 0.0109759 0.00176763 0.000523405 0.0311106 0.0589733 0.00712118 0.0405168 0.0149404 0.130423 0.0124826 0.00433293 0.00854109 0.944032 0.00241126 0.00162445 0.398451 0.00211769 0.0113769 0.00187605 0.00704237 0.00831666 0.22539 0.281963
0.98526 0.934044 0.983495 0.988273 0.410583 0.985983 0.959434 0.989669 0.25176 0.916368 0.986668 0.885943 0.29577 0.963206 0.462434 0.602179 0.957994 0.982462 0.951992 0.991364 0.990901 0.84838 0.996934 0.991452 0.97226 0.994753 0.976569 0.0463338 0.982457 0.899927 0.857681 0.857728 0.969845 0.072359 0.997316 0.729916 0.99136 0.668885 0.988354 0.988289 0.866743 0.714502 0.821537 0.843868 0.997851 0.996046 0.199581 0.798663 0.988933 0.0126214 0.0299629 0.0020488 0.0148665 0.0205922 0.00889349 0.646983 0.347818 0.0339973 0.00211136 0.124532 0.650712 0.0620368 0.809688 0.00176842 0.986795 0.0070651 0.376108 0.448831 0.282532 0.00309318 0.769849 0.956861 0.996925 0.398937 0.849552 0.00968344 0.17423 0.0109328 0.00176705 0.000520798 0.0311164 0.0586805 0.00711855 0.0402128 0.0148429 0.131833 0.0124259 0.00430049 0.00851922 0.944408 0.00240435 0.00161692 0.399283 0.0021068 0.0113919 0.00186234 0.00703409 0.0082446 0.224436 0.280172
0.985348 0.934272 0.983659 0.98831 0.412741 0.986057 0.959643 0.989698 0.251093 0.916688 0.986754 0.8862 0.292586 0.962895 0.460872 0.599313 0.958195 0.982508 0.952299 0.991365 0.990911 0.849474 0.996956 0.991463 0.972283 0.994792 0.976627 0.0459071 0.982506 0.900179 0.856174 0.856222 0.970039 0.0718935 0.997336 0.730628 0.991364 0.669643 0.988381 0.988324 0.867611 0.713513 0.822014 0.843361 0.997851 0.996065 0.19743 0.798638 0.988948 0.0125644 0.0298741 0.00204661 0.0147701 0.020393 0.00891466 0.64972 0.350046 0.0338158 0.00210088 0.123914 0.649492 0.0613231 0.808875 0.00176782 0.986846 0.00705505 0.3789 0.451136 0.281791 0.00308007 0.772006 0.957212 0.996955 0.400447 0.851076 0.00965214 0.173743 0.0108892 0.00176687 0.000518255 0.0311212 0.0583731 0.00711543 0.0399082 0.0147456 0.133234 0.01237 0.00426826 0.00849808 0.944772 0.00239718 0.00160928 0.400116 0.0020964 0.0114069 0.00184926 0.00702493 0.00817384 0.223496 0.278368
0.985435 0.934505 0.983821 0.988347 0.414925 0.986131 0.959859 0.989724 0.250403 0.917005 0.986837 0.886474 0.289449 0.96257 0.459243 0.596424 0.958406 0.982555 0.952608 0.991369 0.990921 0.850561 0.996978 0.991473 0.972307 0.99483 0.976683 0.0454954 0.982553 0.900427 0.854646 0.854707 0.970236 0.0714247 0.997356 0.731342 0.991367 0.670433 0.988407 0.988359 0.868467 0.712463 0.822514 0.842911 0.997851 0.996084 0.195258 0.798609 0.988967 0.0125085 0.0297845 0.00204469 0.0146721 0.0201929 0.00893624 0.652447 0.352288 0.0336324 0.00209035 0.123281 0.648278 0.0606046 0.808059 0.00176793 0.986895 0.00704593 0.381731 0.453467 0.281038 0.0030677 0.774151 0.957558 0.996985 0.401944 0.852627 0.00962182 0.173266 0.0108488 0.00176655 0.000515658 0.03113 0.0580665 0.00711261 0.0396114 0.014649 0.134654 0.012318 0.0042373 0.00847649 0.945145 0.00238993 0.00160194 0.400976 0.00208589 0.0114263 0.0018363 0.00701582 0.00810347 0.222561 0.276539
0.985524 0.934738 0.983981 0.988383 0.417121 0.986204 0.96007 0.989752 0.249708 0.917319 0.986919 0.88673 0.286279 0.962244 0.457618 0.593563 0.958626 0.982603 0.952912 0.991374 0.99093 0.851649 0.997 0.991484 0.972331 0.994869 0.976739 0.0450705 0.982605 0.900685 0.853103 0.853166 0.970434 0.0709505 0.997375 0.732084 0.99137 0.671266 0.988432 0.988398 0.869324 0.711391 0.823008 0.842425 0.997852 0.996102 0.193098 0.798614 0.988984 0.0124535 0.0296925 0.00204291 0.0145777 0.0199966 0.00895962 0.655256 0.354541 0.0334516 0.00207979 0.122632 0.646987 0.059893 0.807217 0.00176776 0.986943 0.00703817 0.384582 0.455775 0.280233 0.00305508 0.776318 0.957904 0.997015 0.403444 0.854142 0.00958998 0.172737 0.0108085 0.00176621 0.000513182 0.0311359 0.0577634 0.00711125 0.039318 0.0145531 0.136122 0.0122633 0.00420627 0.00845525 0.945499 0.00238253 0.00159438 0.401826 0.0020756 0.0114418 0.00182315 0.00700727 0.00803361 0.2216 0.274758
0.985608 0.934973 0.984139 0.988418 0.419345 0.986277 0.960283 0.989779 0.249001 0.917628 0.987002 0.887 0.283178 0.961915 0.455981 0.590652 0.958833 0.982654 0.95322 0.991377 0.990939 0.852758 0.997021 0.991493 0.972355 0.994908 0.976793 0.0446552 0.982654 0.900938 0.85154 0.851597 0.970627 0.0704803 0.997394 0.732826 0.991373 0.672092 0.988458 0.988433 0.870196 0.710342 0.823519 0.841902 0.997852 0.996121 0.190932 0.798625 0.989 0.0123992 0.0295992 0.0020413 0.0144817 0.0198004 0.00898221 0.657974 0.356829 0.0332716 0.00206989 0.121979 0.645694 0.0591873 0.806365 0.00176756 0.986992 0.00703074 0.387497 0.458132 0.279459 0.00304192 0.778446 0.958243 0.997044 0.404977 0.855654 0.00955897 0.172221 0.0107672 0.00176587 0.000510712 0.0311408 0.0574612 0.0071093 0.0390195 0.0144583 0.13759 0.0122091 0.00417613 0.00843324 0.945866 0.00237583 0.001587 0.402727 0.00206559 0.0114583 0.00181011 0.00699906 0.00796401 0.220604 0.272907
0.985693 0.935205 0.984293 0.988454 0.421556 0.986349 0.960487 0.989807 0.24832 0.917953 0.987085 0.887279 0.280041 0.961578 0.454311 0.587747 0.95904 0.982701 0.953536 0.991381 0.990947 0.853861 0.997043 0.991503 0.972377 0.994945 0.976846 0.0442376 0.982706 0.90121 0.849962 0.85001 0.970819 0.0700253 0.997413 0.733573 0.991376 0.672935 0.988485 0.988468 0.871064 0.709239 0.824029 0.841373 0.997852 0.996138 0.188777 0.798622 0.989018 0.0123466 0.0295049 0.00203961 0.0143889 0.0196084 0.00900504 0.660728 0.359111 0.0330927 0.00206007 0.121351 0.644394 0.0584868 0.805498 0.00176716 0.98704 0.00702248 0.390419 0.460504 0.278635 0.00302981 0.780584 0.95859 0.997073 0.406532 0.857141 0.00952946 0.171675 0.0107268 0.00176566 0.000508402 0.0311421 0.0571593 0.00710574 0.0387224 0.0143653 0.139075 0.0121604 0.00414506 0.00840866 0.946215 0.00236918 0.00157977 0.4036 0.00205531 0.0114755 0.00179735 0.00699075 0.00789669 0.219624 0.271073
0.985778 0.93545 0.984444 0.98849 0.423806 0.98642 0.9607 0.989833 0.247574 0.918278 0.987166 0.887563 0.276951 0.961232 0.452589 0.584822 0.95925 0.982752 0.953839 0.991384 0.990956 0.854963 0.997064 0.991511 0.972399 0.994982 0.976902 0.0438188 0.982758 0.901482 0.848362 0.848417 0.971008 0.0695628 0.997432 0.734371 0.991378 0.673787 0.988507 0.988503 0.871916 0.708128 0.824555 0.840847 0.997853 0.996155 0.186646 0.798662 0.989034 0.0122936 0.0294218 0.00203803 0.0142973 0.0194134 0.00902978 0.663463 0.361435 0.0329124 0.00204999 0.120692 0.643062 0.057801 0.804611 0.00176664 0.987086 0.00701361 0.393332 0.462931 0.277824 0.0030175 0.78269 0.958941 0.997101 0.408111 0.858629 0.00950143 0.171135 0.0106867 0.00176523 0.000506033 0.0311396 0.0568511 0.00710274 0.0384295 0.0142716 0.140597 0.0121098 0.00411438 0.00838586 0.946569 0.00236237 0.00157255 0.404542 0.0020453 0.0114914 0.00178466 0.00698195 0.00782884 0.218628 0.269252
0.985864 0.935683 0.984594 0.988526 0.426068 0.986492 0.9609 0.98986 0.246825 0.918601 0.987248 0.887839 0.273872 0.960885 0.450882 0.581856 0.959459 0.982803 0.954149 0.991387 0.990966 0.856082 0.997085 0.991521 0.972424 0.995019 0.976961 0.0434008 0.982809 0.90175 0.846736 0.846761 0.9712 0.0690951 0.99745 0.735169 0.991381 0.674685 0.988532 0.98854 0.872768 0.707008 0.825085 0.840289 0.997853 0.996173 0.18451 0.798702 0.989049 0.0122403 0.0293324 0.00203693 0.014207 0.0192246 0.00905293 0.666257 0.363715 0.0327356 0.00204036 0.120045 0.641695 0.0571114 0.803694 0.0017661 0.987134 0.00700501 0.396273 0.465347 0.276984 0.00300544 0.784815 0.959288 0.997129 0.409628 0.860093 0.00947288 0.170588 0.0106451 0.00176467 0.000503731 0.0311347 0.0565547 0.00709939 0.0381398 0.0141784 0.142175 0.0120613 0.00408332 0.00836331 0.946917 0.00235584 0.00156567 0.405488 0.00203548 0.0115069 0.00177217 0.0069739 0.00776164 0.217627 0.2674
0.985948 0.935924 0.984742 0.98856 0.428329 0.986563 0.961111 0.989888 0.246088 0.918931 0.987329 0.88812 0.270815 0.960524 0.449165 0.578862 0.959669 0.982853 0.954453 0.99139 0.990974 0.857199 0.997106 0.991531 0.972447 0.995055 0.977023 0.0429884 0.982861 0.902021 0.845104 0.845107 0.97139 0.0686232 0.997467 0.73598 0.991384 0.67561 0.988555 0.988574 0.87364 0.705882 0.825631 0.839734 0.997854 0.996191 0.182401 0.79877 0.989065 0.0121849 0.0292447 0.00203533 0.0141161 0.0190345 0.00907479 0.66904 0.366068 0.0325601 0.00203083 0.119389 0.640321 0.0564387 0.802775 0.00176585 0.987181 0.00699752 0.399233 0.467766 0.276165 0.00299317 0.786912 0.959636 0.997156 0.411256 0.861543 0.00944524 0.170031 0.0106037 0.00176427 0.000501426 0.0311277 0.0562504 0.00709683 0.0378406 0.0140874 0.143736 0.0120113 0.00405347 0.00834096 0.947268 0.0023491 0.00155867 0.406435 0.00202624 0.0115239 0.00175939 0.00696579 0.00769462 0.216637 0.265547
0.986029 0.936165 0.984891 0.988593 0.43065 0.986635 0.961316 0.989916 0.245333 0.919265 0.987412 0.888399 0.267743 0.960163 0.447456 0.575834 0.959873 0.982904 0.954751 0.991393 0.990983 0.858298 0.997126 0.99154 0.972471 0.995092 0.977084 0.0425797 0.982915 0.902301 0.843432 0.84343 0.971577 0.0681453 0.997485 0.736743 0.991388 0.676506 0.988579 0.988609 0.874505 0.704723 0.826185 0.839152 0.997853 0.996208 0.1803 0.798837 0.989079 0.0121308 0.0291588 0.00203352 0.0140252 0.0188443 0.00909733 0.671796 0.368449 0.0323798 0.00202125 0.118729 0.638951 0.0557717 0.801813 0.00176583 0.98723 0.00698911 0.402264 0.47022 0.275338 0.00298154 0.788992 0.959974 0.997183 0.412895 0.863014 0.00941529 0.169484 0.0105639 0.00176427 0.000499273 0.0311229 0.0559417 0.00709343 0.0375464 0.0139961 0.145326 0.011962 0.00402328 0.00831764 0.947612 0.00234276 0.00155185 0.407436 0.00201688 0.011541 0.00174686 0.00695789 0.00762941 0.215605 0.263722
0.986113 0.936414 0.985036 0.98863 0.433 0.986706 0.961524 0.989944 0.244545 0.919586 0.987492 0.88869 0.264711 0.95979 0.445703 0.572768 0.960081 0.982956 0.955054 0.991398 0.990991 0.859386 0.997146 0.99155 0.972495 0.995128 0.977144 0.0421736 0.982968 0.902589 0.841722 0.841728 0.971768 0.0676709 0.997502 0.737558 0.991391 0.677404 0.988602 0.988641 0.875361 0.703572 0.826748 0.838566 0.997854 0.996225 0.178215 0.798888 0.989095 0.0120792 0.0290684 0.00203183 0.0139359 0.0186554 0.00912054 0.674596 0.370854 0.0321966 0.00201181 0.118082 0.637551 0.0551119 0.800842 0.0017654 0.987278 0.00698123 0.405301 0.472726 0.274518 0.00297034 0.791082 0.960316 0.997211 0.414514 0.864432 0.00938572 0.168928 0.0105255 0.00176408 0.00049703 0.0311171 0.0556332 0.00708995 0.0372573 0.0139082 0.146944 0.0119126 0.00399349 0.00829436 0.947951 0.00233585 0.00154509 0.408477 0.00200765 0.0115567 0.00173445 0.00694921 0.0075646 0.214566 0.2619
0.986198 0.936664 0.985179 0.988664 0.43539 0.986779 0.96174 0.989972 0.243746 0.919898 0.987571 0.888998 0.261658 0.95941 0.443944 0.5697 0.960285 0.983009 0.95536 0.9914 0.990999 0.860479 0.997166 0.991559 0.97252 0.995164 0.977199 0.0417723 0.983023 0.902856 0.839967 0.839975 0.971955 0.0671953 0.997519 0.738396 0.991395 0.678335 0.988626 0.988672 0.876237 0.70238 0.827309 0.837941 0.997854 0.996241 0.176114 0.798977 0.989109 0.0120251 0.0289773 0.00203059 0.0138458 0.0184702 0.00914238 0.677363 0.373224 0.0320185 0.00200248 0.117422 0.636107 0.0544566 0.799825 0.00176528 0.987325 0.0069746 0.408338 0.475234 0.273664 0.00295912 0.793135 0.960655 0.997238 0.416149 0.865875 0.00935627 0.168358 0.0104855 0.00176386 0.000494904 0.0311118 0.0553313 0.00708742 0.0369574 0.0138182 0.148588 0.0118644 0.00396391 0.00827158 0.948294 0.00232935 0.00153859 0.409533 0.00199836 0.011572 0.00172252 0.00694161 0.00750047 0.213507 0.260097
0.986281 0.936911 0.985323 0.988699 0.437762 0.98685 0.961952 0.989999 0.242939 0.920236 0.987651 0.889288 0.258634 0.959022 0.442212 0.56659 0.960484 0.983064 0.95566 0.991404 0.991006 0.861581 0.997185 0.991568 0.972544 0.995199 0.977259 0.0413732 0.983074 0.903148 0.838205 0.838213 0.972142 0.0667368 0.997536 0.739231 0.991397 0.679257 0.988646 0.988705 0.8771 0.701127 0.82784 0.837298 0.997854 0.996257 0.17407 0.799068 0.989123 0.0119724 0.0288841 0.00202918 0.0137583 0.0182862 0.00916375 0.680139 0.375628 0.0318417 0.00199335 0.116747 0.634651 0.0538002 0.798812 0.00176506 0.987374 0.00696748 0.411422 0.47776 0.272793 0.00294842 0.795199 0.960991 0.997264 0.417819 0.867283 0.00932858 0.167788 0.0104468 0.00176361 0.000492756 0.0311046 0.055025 0.00708465 0.0366662 0.013729 0.150244 0.0118173 0.00393581 0.00824793 0.948633 0.00232311 0.00153185 0.410604 0.00198908 0.0115881 0.00171049 0.00693474 0.00743777 0.21244 0.258247
0.98636 0.93716 0.985463 0.988733 0.440191 0.986922 0.96216 0.990029 0.242127 0.920551 0.987729 0.88959 0.255626 0.958625 0.440417 0.563499 0.960684 0.98312 0.955958 0.991406 0.991013 0.862644 0.997204 0.991577 0.972565 0.995234 0.977319 0.0409751 0.983128 0.903418 0.836398 0.83642 0.972324 0.0662649 0.997553 0.740063 0.991401 0.680187 0.98867 0.988738 0.877959 0.699903 0.828403 0.836662 0.997854 0.996273 0.171998 0.799173 0.989139 0.0119183 0.0287861 0.00202764 0.0136693 0.0181036 0.00918704 0.682923 0.378069 0.0316643 0.00198413 0.116091 0.633173 0.0531567 0.797778 0.00176481 0.987422 0.00696086 0.414545 0.480248 0.271958 0.00293763 0.797282 0.961327 0.99729 0.419561 0.868675 0.00930009 0.167214 0.0104076 0.00176328 0.000490618 0.0310941 0.054718 0.00708283 0.0363713 0.0136415 0.151923 0.0117692 0.00390694 0.0082262 0.948953 0.00231712 0.00152537 0.411716 0.00198 0.0116039 0.00169881 0.00692693 0.00737529 0.211382 0.256386
0.986441 0.937409 0.985603 0.988767 0.442629 0.986992 0.962369 0.990058 0.2413 0.920879 0.987804 0.889893 0.252599 0.958224 0.438556 0.560363 0.960885 0.983178 0.956262 0.99141 0.991022 0.863743 0.997223 0.991586 0.972587 0.995268 0.977381 0.0405807 0.983181 0.903714 0.834581 0.834594 0.972509 0.0657899 0.99757 0.740929 0.991403 0.681171 0.988692 0.988771 0.878809 0.698647 0.828967 0.836014 0.997855 0.996289 0.169956 0.799312 0.989152 0.0118661 0.0286928 0.00202647 0.0135818 0.0179246 0.00920914 0.685673 0.380501 0.0314866 0.00197495 0.115424 0.631666 0.0525148 0.796742 0.00176465 0.987469 0.00695339 0.417642 0.482829 0.271134 0.00292688 0.799324 0.961662 0.997315 0.421252 0.870063 0.00927349 0.166641 0.0103693 0.00176303 0.000488629 0.0310821 0.0544278 0.00707982 0.0360866 0.0135541 0.153653 0.011721 0.00387841 0.00820186 0.949286 0.00231056 0.00151913 0.41285 0.0019707 0.0116197 0.00168661 0.00691922 0.00731439 0.210317 0.254545
0.986521 0.93766 0.98574 0.988799 0.445137 0.98706 0.962572 0.990084 0.240452 0.921203 0.987881 0.890183 0.249608 0.95781 0.436744 0.557187 0.961084 0.983233 0.956563 0.991413 0.99103 0.864849 0.997242 0.991595 0.972614 0.995303 0.97744 0.0401882 0.983237 0.904014 0.832747 0.832762 0.972695 0.0653142 0.997585 0.741815 0.991407 0.682169 0.988712 0.988805 0.879665 0.697395 0.82955 0.835352 0.997855 0.996304 0.16791 0.799451 0.989166 0.0118148 0.0285973 0.00202526 0.0134953 0.0177449 0.00923221 0.688409 0.382976 0.0313106 0.00196621 0.114773 0.630162 0.0518776 0.795695 0.0017645 0.987517 0.0069461 0.420799 0.485462 0.270296 0.00291642 0.801368 0.962001 0.99734 0.423008 0.87144 0.00924548 0.166051 0.010329 0.00176278 0.000486559 0.0310685 0.0541227 0.0070778 0.0357969 0.0134682 0.155402 0.0116754 0.00385025 0.00817711 0.949613 0.00230462 0.00151285 0.414011 0.00196184 0.0116384 0.00167472 0.00691029 0.00725347 0.209239 0.252706
0.986602 0.937911 0.985876 0.988831 0.447649 0.987128 0.962782 0.990112 0.239603 0.921544 0.987957 0.890485 0.246644 0.957386 0.434912 0.553987 0.961286 0.983289 0.956855 0.991417 0.991039 0.865952 0.997261 0.991605 0.972632 0.995338 0.977503 0.039797 0.983296 0.904321 0.830854 0.830877 0.972874 0.0648494 0.997601 0.742727 0.99141 0.683161 0.988733 0.988836 0.880522 0.696145 0.830139 0.834643 0.997855 0.996319 0.165863 0.799613 0.989181 0.0117646 0.0285028 0.002024 0.0134076 0.0175694 0.00925417 0.691187 0.385417 0.0311311 0.00195782 0.114108 0.628653 0.0512568 0.794606 0.00176389 0.987564 0.00693922 0.423972 0.488059 0.269443 0.00290506 0.803389 0.962335 0.997365 0.424742 0.872813 0.00921766 0.165459 0.0102905 0.00176268 0.000484581 0.0310525 0.0538257 0.00707452 0.0355145 0.013383 0.157195 0.0116289 0.00382213 0.00815469 0.949944 0.00229863 0.00150661 0.415162 0.00195317 0.0116528 0.00166341 0.00690258 0.00719241 0.20814 0.250851
0.986681 0.93816 0.986011 0.988864 0.450173 0.987195 0.962985 0.99014 0.238747 0.921885 0.988032 0.890783 0.243703 0.956953 0.433031 0.550754 0.961483 0.983343 0.957155 0.991419 0.991047 0.867048 0.997279 0.991613 0.972655 0.995372 0.97757 0.0394062 0.983351 0.904623 0.828953 0.82896 0.973054 0.0643722 0.997617 0.743643 0.991412 0.684183 0.988754 0.98887 0.881384 0.694849 0.830759 0.833931 0.997855 0.996335 0.163846 0.799746 0.989197 0.0117135 0.0284013 0.00202257 0.0133234 0.0173921 0.0092765 0.693967 0.387916 0.030958 0.00194958 0.113436 0.627106 0.0506344 0.793495 0.00176374 0.987612 0.0069326 0.42717 0.490713 0.268577 0.00289491 0.80541 0.962669 0.99739 0.42654 0.874159 0.00918987 0.164872 0.0102508 0.00176249 0.000482721 0.0310337 0.0535242 0.00707202 0.0352304 0.0133006 0.159001 0.0115844 0.00379397 0.00813159 0.950277 0.00229233 0.00150054 0.416337 0.00194492 0.0116685 0.00165212 0.00689576 0.00713273 0.207041 0.249023
0.98676 0.938408 0.98614 0.988897 0.452729 0.987265 0.963188 0.990168 0.237836 0.922226 0.988107 0.891099 0.240743 0.956515 0.431132 0.547495 0.961682 0.983402 0.957453 0.991423 0.991055 0.868127 0.997297 0.991621 0.972676 0.995406 0.977635 0.039019 0.983406 0.904941 0.827035 0.827029 0.973235 0.0639013 0.997633 0.744613 0.991416 0.685252 0.988776 0.988902 0.882245 0.693544 0.831353 0.833203 0.997855 0.996349 0.161842 0.799934 0.989211 0.0116641 0.0283072 0.00202124 0.0132396 0.0172168 0.00929793 0.69672 0.390454 0.0307865 0.00194106 0.112777 0.625542 0.0500138 0.792349 0.00176359 0.98766 0.00692608 0.430392 0.493307 0.267672 0.0028845 0.807392 0.963002 0.997415 0.428366 0.875504 0.00916214 0.164264 0.0102123 0.00176222 0.000480823 0.0310113 0.0532172 0.0070694 0.0349456 0.0132176 0.160831 0.0115398 0.00376604 0.00810684 0.950597 0.00228608 0.0014947 0.41756 0.00193693 0.0116851 0.00164104 0.00688855 0.00707309 0.205956 0.247202
0.986837 0.938659 0.986269 0.988929 0.455283 0.987331 0.96339 0.990196 0.236965 0.922561 0.988181 0.891419 0.237802 0.956062 0.429216 0.544205 0.961881 0.983459 0.95775 0.991426 0.991063 0.86922 0.997315 0.991631 0.972701 0.995439 0.977696 0.0386257 0.98346 0.905253 0.825063 0.825079 0.973413 0.0634337 0.997647 0.745534 0.99142 0.686307 0.988798 0.988934 0.883089 0.692162 0.831972 0.832474 0.997855 0.996365 0.159841 0.80014 0.989225 0.0116138 0.0282112 0.00202019 0.013156 0.0170434 0.00932085 0.699509 0.392997 0.0306085 0.00193269 0.112117 0.623953 0.0494076 0.791199 0.00176329 0.987708 0.00691956 0.43363 0.495983 0.266791 0.00287474 0.809354 0.963338 0.997439 0.4302 0.876816 0.00913556 0.163678 0.0101728 0.00176233 0.000478956 0.0309965 0.0529099 0.00706703 0.0346658 0.0131343 0.162676 0.0114952 0.00373836 0.00808261 0.950917 0.00227997 0.00148881 0.418762 0.0019291 0.0117016 0.00162987 0.00688291 0.00701372 0.204854 0.245353
0.986916 0.938906 0.986398 0.988959 0.457857 0.987398 0.963593 0.990225 0.236047 0.922906 0.988254 0.891745 0.23491 0.955604 0.427252 0.540941 0.962078 0.983518 0.958036 0.991429 0.991072 0.870324 0.997333 0.991639 0.97273 0.995471 0.977763 0.0382439 0.983517 0.905575 0.823064 0.823104 0.973591 0.0629722 0.997662 0.746479 0.991422 0.687343 0.988819 0.988965 0.883951 0.690791 0.832595 0.831723 0.997855 0.996379 0.157848 0.80036 0.989238 0.0115627 0.0281138 0.0020191 0.0130718 0.0168704 0.00934369 0.702264 0.395588 0.0304371 0.00192443 0.111457 0.622329 0.0488144 0.790016 0.00176326 0.987755 0.0069125 0.436897 0.498671 0.265869 0.00286525 0.811325 0.963672 0.997462 0.432056 0.878136 0.00910801 0.163048 0.0101332 0.00176212 0.000477052 0.0309783 0.0526005 0.00706483 0.0343865 0.0130524 0.164544 0.011451 0.00371127 0.00805825 0.951231 0.0022738 0.00148329 0.42002 0.00192087 0.0117176 0.00161897 0.00687661 0.00695541 0.203753 0.243478
0.986991 0.939162 0.986526 0.988991 0.460485 0.987467 0.963799 0.990253 0.235137 0.923249 0.988328 0.892069 0.232033 0.955138 0.425325 0.537651 0.962274 0.983575 0.958325 0.991434 0.991081 0.871439 0.99735 0.991647 0.972757 0.995504 0.977829 0.0378599 0.983575 0.9059 0.821041 0.821079 0.973768 0.0625086 0.997677 0.747462 0.991426 0.688417 0.988839 0.988999 0.884811 0.689391 0.833226 0.830953 0.997855 0.996393 0.155863 0.800564 0.989252 0.0115122 0.0280182 0.00201791 0.012991 0.0166999 0.0093642 0.705015 0.3982 0.0302617 0.00191619 0.110788 0.620687 0.0482222 0.788827 0.00176303 0.987803 0.00690481 0.44016 0.501336 0.264965 0.00285601 0.813284 0.964003 0.997485 0.433954 0.879451 0.00908212 0.162423 0.0100949 0.00176211 0.00047525 0.0309602 0.0522913 0.00706212 0.0341063 0.0129696 0.166448 0.0114084 0.00368365 0.00803438 0.951556 0.00226811 0.00147776 0.421238 0.00191292 0.0117353 0.00160788 0.00687107 0.00689743 0.202652 0.241687
0.987068 0.939423 0.986652 0.989022 0.463096 0.987535 0.964003 0.990281 0.234183 0.923599 0.988402 0.89237 0.229153 0.954663 0.423402 0.534332 0.962469 0.983633 0.958615 0.991438 0.991089 0.87254 0.997368 0.991654 0.972781 0.995537 0.977892 0.0374818 0.983636 0.906221 0.818979 0.819033 0.973952 0.0620381 0.997692 0.748437 0.991429 0.689528 0.988857 0.98903 0.885669 0.687927 0.833868 0.830139 0.997855 0.996408 0.153905 0.800783 0.989264 0.0114633 0.0279246 0.00201716 0.012909 0.0165314 0.00938554 0.707786 0.400771 0.030084 0.00190811 0.110112 0.618991 0.0476294 0.787624 0.00176306 0.987851 0.00689885 0.443463 0.504073 0.264043 0.00284663 0.815232 0.964336 0.997509 0.435835 0.880751 0.00905611 0.161823 0.0100564 0.0017619 0.000473416 0.0309366 0.0519908 0.00705953 0.0338298 0.0128889 0.168388 0.0113658 0.00365696 0.00801026 0.951871 0.00226225 0.00147209 0.422542 0.00190499 0.0117535 0.00159683 0.00686405 0.006841 0.20152 0.239861
0.987145 0.93968 0.986777 0.989054 0.46576 0.987603 0.964204 0.990311 0.233219 0.923942 0.988478 0.892707 0.226263 0.954168 0.421389 0.53098 0.962665 0.983694 0.958909 0.991442 0.991097 0.873633 0.997385 0.991662 0.972803 0.995569 0.977961 0.0371078 0.983698 0.906548 0.816919 0.816938 0.974126 0.0615749 0.997706 0.74941 0.991433 0.690619 0.988875 0.989059 0.886541 0.686503 0.834499 0.829329 0.997855 0.996422 0.151971 0.801012 0.989278 0.0114122 0.0278244 0.00201672 0.0128292 0.0163621 0.00940825 0.71053 0.403381 0.0299121 0.00190048 0.109442 0.617282 0.0470452 0.786387 0.00176326 0.987894 0.00689258 0.446762 0.506829 0.263108 0.00283697 0.817178 0.964664 0.997531 0.437766 0.882033 0.00903038 0.1612 0.010018 0.00176194 0.000471739 0.0309119 0.0516929 0.00705679 0.03355 0.0128083 0.170361 0.011324 0.00363067 0.00798783 0.952175 0.00225666 0.00146637 0.423881 0.00189719 0.0117691 0.00158609 0.00685721 0.00678479 0.2004 0.238033
0.987219 0.939929 0.986899 0.989084 0.468454 0.98767 0.964404 0.990339 0.232269 0.924287 0.98855 0.893044 0.223455 0.953672 0.419421 0.527612 0.962859 0.983753 0.9592 0.991446 0.991105 0.874735 0.997402 0.991668 0.972833 0.995601 0.978027 0.0367298 0.983756 0.906894 0.814792 0.8148 0.974303 0.0611111 0.99772 0.75043 0.991436 0.691715 0.988894 0.98909 0.887406 0.68507 0.83515 0.82849 0.997855 0.996436 0.150048 0.801253 0.989293 0.0113618 0.0277311 0.00201534 0.0127482 0.0161968 0.00942906 0.713273 0.406012 0.0297345 0.00189283 0.108753 0.615526 0.04647 0.785114 0.00176331 0.987939 0.00688444 0.450093 0.50963 0.262197 0.00282741 0.819106 0.964991 0.997554 0.43971 0.883312 0.00900603 0.160557 0.0099801 0.001762 0.000470058 0.0308909 0.0513896 0.00705333 0.0332727 0.0127293 0.172359 0.0112843 0.00360469 0.00796207 0.952488 0.00225136 0.00146117 0.425218 0.00188984 0.0117862 0.00157568 0.00685157 0.00672821 0.199259 0.236214
0.987295 0.940193 0.987019 0.989113 0.47121 0.987738 0.964601 0.990367 0.231298 0.924625 0.988621 0.893367 0.220626 0.953165 0.417376 0.52422 0.963052 0.983809 0.959488 0.991448 0.991113 0.875815 0.997419 0.991676 0.972863 0.995633 0.978097 0.0363529 0.983815 0.907228 0.812632 0.812668 0.974476 0.0606451 0.997734 0.75147 0.991439 0.692869 0.988914 0.98912 0.888256 0.683601 0.835812 0.827651 0.997855 0.996449 0.148106 0.801513 0.989306 0.0113124 0.0276359 0.00201434 0.0126695 0.0160346 0.00944791 0.716018 0.40862 0.0295647 0.00188509 0.108076 0.613746 0.0459042 0.783836 0.00176352 0.987984 0.00687869 0.453495 0.512478 0.261277 0.00281842 0.821035 0.965314 0.997576 0.44171 0.88457 0.0089812 0.159904 0.00994334 0.00176178 0.000468403 0.030862 0.0510796 0.00705041 0.0329949 0.0126486 0.174397 0.0112442 0.00357883 0.0079375 0.952805 0.00224563 0.00145611 0.426527 0.00188199 0.0118041 0.00156527 0.00684367 0.00667285 0.198109 0.234358
0.98737 0.94045 0.987136 0.989143 0.473943 0.987804 0.964803 0.990394 0.230306 0.924959 0.988691 0.893695 0.217815 0.952647 0.415384 0.520818 0.963249 0.983869 0.959777 0.991451 0.991119 0.876888 0.997435 0.991683 0.972891 0.995665 0.97817 0.0359915 0.983874 0.907579 0.810456 0.810502 0.974651 0.0601822 0.997748 0.752504 0.991443 0.694045 0.988934 0.989151 0.889095 0.682089 0.836476 0.826783 0.997855 0.996463 0.146205 0.801797 0.98932 0.0112633 0.027536 0.00201308 0.012591 0.015873 0.00946613 0.718791 0.411304 0.0293947 0.00187788 0.107388 0.611971 0.0453412 0.782517 0.0017635 0.98803 0.00687179 0.456882 0.515295 0.260329 0.00280959 0.822926 0.965632 0.997598 0.44372 0.88583 0.00895567 0.159234 0.00990503 0.00176186 0.000466798 0.0308356 0.0507828 0.00704773 0.0327164 0.0125715 0.176435 0.0112059 0.00355262 0.00791394 0.953119 0.00224027 0.00145085 0.427895 0.00187489 0.0118183 0.0015547 0.00683721 0.00661659 0.196958 0.23257
0.987446 0.940713 0.987252 0.989173 0.476707 0.987869 0.964998 0.990422 0.22929 0.925307 0.988762 0.894043 0.215035 0.952116 0.413328 0.517387 0.963443 0.983928 0.96007 0.991454 0.991128 0.877969 0.997453 0.991691 0.97292 0.995697 0.978238 0.0356238 0.983936 0.907946 0.808264 0.808292 0.974829 0.0597065 0.997761 0.75356 0.991446 0.695233 0.988952 0.989182 0.889933 0.680557 0.837154 0.825901 0.997855 0.996476 0.144306 0.802096 0.989334 0.0112128 0.02744 0.00201199 0.0125117 0.0157105 0.0094865 0.721562 0.413997 0.029223 0.00187058 0.106692 0.610114 0.044773 0.781168 0.00176347 0.988075 0.00686617 0.460283 0.518119 0.259362 0.00280084 0.824785 0.965951 0.997619 0.445747 0.887071 0.00893051 0.158574 0.0098679 0.00176201 0.000465183 0.0308005 0.0504733 0.00704462 0.0324434 0.0124931 0.178524 0.011164 0.00352689 0.00789003 0.953427 0.00223531 0.0014458 0.429307 0.00186777 0.0118342 0.00154453 0.00683142 0.00656205 0.195783 0.230732
0.98752 0.940972 0.987369 0.989201 0.47949 0.987934 0.965202 0.990451 0.228277 0.92566 0.988831 0.894373 0.212292 0.951577 0.41127 0.51389 0.963632 0.98399 0.960358 0.991458 0.991137 0.879059 0.997469 0.991698 0.97295 0.995728 0.978307 0.0352613 0.983997 0.908279 0.806002 0.806052 0.974999 0.0592433 0.997774 0.7546 0.991448 0.696441 0.988971 0.989213 0.89078 0.678993 0.837831 0.824997 0.997854 0.996489 0.142422 0.802408 0.989347 0.0111649 0.0273428 0.00201085 0.0124354 0.0155509 0.00950536 0.72432 0.416711 0.0290468 0.00186337 0.105998 0.608301 0.0442226 0.779785 0.00176358 0.988122 0.00686006 0.463772 0.520978 0.258412 0.00279192 0.826674 0.966268 0.99764 0.447765 0.888302 0.00890544 0.15791 0.00983039 0.0017624 0.000463628 0.0307685 0.0501718 0.00704198 0.0321719 0.0124161 0.180619 0.0111257 0.00350167 0.00786602 0.953739 0.00222987 0.00144075 0.430722 0.00186048 0.0118499 0.00153438 0.00682594 0.00650932 0.194617 0.228918
0.987594 0.941233 0.987483 0.989232 0.48227 0.987999 0.965398 0.990481 0.227247 0.926003 0.988901 0.894701 0.209542 0.951025 0.409216 0.510399 0.963829 0.98405 0.960652 0.991461 0.991146 0.880129 0.997486 0.991706 0.972981 0.995759 0.978375 0.0349045 0.984058 0.908638 0.803718 0.803793 0.975171 0.0587753 0.997787 0.75568 0.991452 0.697647 0.988992 0.989243 0.891623 0.677389 0.838495 0.824066 0.997854 0.996501 0.140549 0.802701 0.989361 0.0111174 0.0272475 0.00201016 0.0123572 0.0153903 0.00952363 0.727063 0.419474 0.0288781 0.00185609 0.105319 0.6064 0.0436718 0.778413 0.00176425 0.988166 0.00685342 0.467236 0.523884 0.257471 0.00278294 0.828519 0.966589 0.99766 0.449853 0.889525 0.00888187 0.157255 0.00979171 0.00176239 0.000462077 0.0307376 0.0498708 0.00704001 0.0319009 0.0123391 0.182779 0.0110867 0.00347701 0.0078415 0.954035 0.00222482 0.00143598 0.432186 0.00185349 0.0118654 0.00152447 0.00681969 0.00645739 0.193443 0.227087
0.987666 0.941499 0.9876 0.989262 0.485054 0.988063 0.965598 0.990511 0.226237 0.926347 0.98897 0.895031 0.206816 0.950458 0.407145 0.506914 0.964027 0.984113 0.960937 0.991465 0.991154 0.881198 0.997502 0.991714 0.973012 0.99579 0.978443 0.0345423 0.98412 0.908983 0.801403 0.80147 0.975337 0.0583014 0.997799 0.756763 0.991456 0.698877 0.989009 0.989271 0.892457 0.675777 0.839175 0.823146 0.997854 0.996514 0.138652 0.803019 0.989374 0.0110686 0.027143 0.00200902 0.0122803 0.015234 0.0095429 0.729804 0.422205 0.0287118 0.00184914 0.104628 0.604487 0.0431235 0.776984 0.00176453 0.988212 0.00684699 0.470682 0.526755 0.256472 0.00277466 0.830365 0.966902 0.997681 0.451997 0.890731 0.00885824 0.15657 0.00975293 0.00176255 0.000460644 0.030701 0.049567 0.00703819 0.0316279 0.0122625 0.184979 0.0110478 0.00345201 0.00781671 0.95433 0.00222002 0.00143103 0.433655 0.00184645 0.0118791 0.00151449 0.00681486 0.00640509 0.192257 0.225204
0.987741 0.941763 0.987713 0.989294 0.487883 0.988126 0.965795 0.99054 0.225193 0.926687 0.98904 0.895358 0.204097 0.949883 0.405055 0.503443 0.964214 0.984176 0.961223 0.991469 0.991163 0.882268 0.997518 0.991721 0.973039 0.99582 0.978511 0.0341897 0.984183 0.909342 0.79905 0.799114 0.975508 0.05783 0.997812 0.757889 0.99146 0.700098 0.989028 0.9893 0.893306 0.674157 0.839881 0.822181 0.997854 0.996526 0.136819 0.803358 0.989386 0.0110195 0.0270445 0.00200815 0.0122051 0.0150769 0.00956276 0.732536 0.424994 0.0285444 0.00184218 0.103952 0.602552 0.042589 0.77553 0.00176451 0.988259 0.00684179 0.474226 0.529697 0.255453 0.00276598 0.832227 0.967212 0.997702 0.454124 0.891918 0.00883371 0.155898 0.00971606 0.00176269 0.000459089 0.0306589 0.0492617 0.00703462 0.0313612 0.0121868 0.187231 0.0110079 0.00342739 0.00779281 0.954626 0.00221498 0.00142632 0.43518 0.00183939 0.0118944 0.00150468 0.00680906 0.00635394 0.191068 0.223392
0.987813 0.942021 0.987824 0.989325 0.490723 0.98819 0.965994 0.99057 0.224136 0.927035 0.989108 0.8957 0.201423 0.949285 0.402929 0.499902 0.964408 0.98424 0.961514 0.991472 0.991171 0.883336 0.997533 0.991728 0.973073 0.99585 0.978583 0.0338344 0.984246 0.909686 0.796666 0.796722 0.975674 0.0573652 0.997823 0.758985 0.991464 0.701362 0.989049 0.98933 0.894128 0.672519 0.840593 0.821202 0.997854 0.996538 0.134988 0.803711 0.989398 0.010971 0.0269436 0.00200717 0.0121306 0.0149245 0.00958065 0.735287 0.427788 0.0283805 0.00183537 0.103268 0.600634 0.042061 0.774042 0.00176463 0.988304 0.00683599 0.477765 0.532656 0.254419 0.00275781 0.834051 0.967525 0.997721 0.456245 0.893108 0.00880956 0.155217 0.00967848 0.0017629 0.00045768 0.0306231 0.0489524 0.0070314 0.0310959 0.0121126 0.189482 0.0109706 0.00340281 0.0077688 0.95492 0.00221017 0.00142176 0.436679 0.00183277 0.0119102 0.00149514 0.0068029 0.00630378 0.189859 0.221536
0.987885 0.942287 0.987932 0.989353 0.493676 0.988256 0.966188 0.990598 0.223062 0.92739 0.989175 0.896062 0.198763 0.948689 0.400791 0.496309 0.964606 0.984304 0.961799 0.991475 0.991179 0.884386 0.997549 0.991734 0.973103 0.99588 0.978656 0.0334903 0.984308 0.910045 0.794272 0.794288 0.975838 0.0569065 0.997835 0.760122 0.991468 0.702641 0.989067 0.989359 0.894967 0.670867 0.841304 0.820197 0.997853 0.996551 0.133192 0.804078 0.989412 0.0109245 0.0268476 0.00200622 0.0120554 0.0147686 0.00959788 0.738015 0.430642 0.0282131 0.00182858 0.102575 0.598642 0.0415344 0.772573 0.00176494 0.988349 0.00683002 0.481364 0.535645 0.253365 0.00274936 0.835881 0.967835 0.997741 0.458373 0.8943 0.00878473 0.154525 0.00964076 0.00176288 0.000456184 0.0305848 0.0486448 0.00702811 0.0308305 0.0120377 0.191813 0.0109328 0.00337867 0.0077447 0.955214 0.00220556 0.0014173 0.438268 0.00182656 0.0119238 0.0014857 0.00679834 0.00625273 0.188635 0.219682
0.987957 0.942559 0.988038 0.989381 0.496626 0.988319 0.96638 0.990629 0.221965 0.927749 0.989243 0.896413 0.196096 0.948074 0.398679 0.492747 0.964796 0.984366 0.962081 0.991478 0.991186 0.885464 0.997564 0.99174 0.97313 0.995909 0.978727 0.0331439 0.984374 0.91042 0.791809 0.791826 0.976006 0.0564425 0.997847 0.761296 0.991472 0.70395 0.989084 0.98939 0.895799 0.66918 0.842013 0.819139 0.997853 0.996563 0.131392 0.804459 0.989424 0.0108769 0.0267467 0.00200535 0.011983 0.014616 0.0096163 0.740747 0.433463 0.0280428 0.00182181 0.101884 0.596623 0.0410202 0.771017 0.0017651 0.988394 0.00682431 0.484933 0.538673 0.252308 0.00274145 0.837677 0.968144 0.997761 0.460509 0.895465 0.00876112 0.153825 0.0096032 0.00176357 0.000454787 0.0305389 0.0483387 0.00702521 0.0305606 0.0119654 0.194148 0.0108946 0.00335425 0.00771982 0.955511 0.00220116 0.00141304 0.439876 0.00182034 0.011938 0.00147615 0.00679243 0.00620291 0.187433 0.217845
0.988028 0.942828 0.988145 0.989408 0.49956 0.988381 0.966576 0.99066 0.220838 0.928093 0.989309 0.896787 0.193463 0.947438 0.396558 0.489151 0.964982 0.984428 0.962362 0.99148 0.991196 0.88653 0.997578 0.991748 0.973159 0.995939 0.9788 0.0327982 0.984437 0.910799 0.789325 0.789327 0.976177 0.0559745 0.997858 0.762445 0.991477 0.705223 0.989101 0.989418 0.896623 0.667424 0.84273 0.818092 0.997853 0.996575 0.129625 0.804844 0.989437 0.0108288 0.0266448 0.00200451 0.0119103 0.0144648 0.00963517 0.743465 0.436317 0.0278775 0.00181521 0.101183 0.594605 0.0405061 0.769462 0.00176523 0.988438 0.00681879 0.488573 0.541721 0.251276 0.00273329 0.839504 0.968453 0.99778 0.462689 0.896617 0.00873674 0.153123 0.00956576 0.00176379 0.000453452 0.0304901 0.0480341 0.00702286 0.0302988 0.011892 0.196509 0.0108585 0.00333027 0.00769551 0.955798 0.00219655 0.00140847 0.441492 0.00181393 0.0119523 0.00146698 0.00678711 0.00615314 0.186208 0.215996
0.988098 0.943104 0.98825 0.989436 0.502515 0.988445 0.966775 0.990689 0.219725 0.928453 0.989376 0.897153 0.190844 0.946798 0.394365 0.485595 0.965178 0.984491 0.962646 0.991484 0.991205 0.88758 0.997593 0.991755 0.973194 0.995969 0.978874 0.0324568 0.984499 0.91118 0.786778 0.786779 0.976342 0.055508 0.997869 0.763616 0.991481 0.706577 0.989119 0.989446 0.897454 0.665661 0.843477 0.817007 0.997853 0.996586 0.127854 0.805269 0.989448 0.0107821 0.0265465 0.00200376 0.0118364 0.0143162 0.00965354 0.746159 0.439183 0.0277118 0.00180889 0.100478 0.592551 0.0399985 0.767874 0.00176533 0.988482 0.00681202 0.492214 0.544764 0.25022 0.00272548 0.841336 0.968756 0.997799 0.464953 0.897763 0.00871262 0.152431 0.00952839 0.00176382 0.000452117 0.0304413 0.0477302 0.00701943 0.0300374 0.011818 0.198921 0.010821 0.00330638 0.00767027 0.956092 0.00219151 0.00140419 0.443152 0.00180774 0.0119657 0.00145786 0.00678153 0.00610486 0.184966 0.214144
0.988167 0.943376 0.988352 0.989463 0.505495 0.988508 0.966973 0.990718 0.218603 0.928806 0.989442 0.897533 0.188273 0.946132 0.392198 0.481947 0.965367 0.984556 0.962931 0.991488 0.991214 0.888618 0.997607 0.991762 0.973225 0.995998 0.978948 0.0321212 0.984566 0.911561 0.784195 0.784204 0.976508 0.0550404 0.997881 0.764826 0.991484 0.707926 0.989138 0.989475 0.898273 0.663886 0.844208 0.815899 0.997853 0.996597 0.126099 0.805715 0.989457 0.0107339 0.0264468 0.00200277 0.0117657 0.0141698 0.0096716 0.748859 0.442096 0.0275464 0.00180281 0.0997735 0.59043 0.039499 0.766267 0.00176528 0.988525 0.00680587 0.495871 0.547788 0.249136 0.00271778 0.843101 0.969063 0.997818 0.467232 0.898884 0.00868876 0.15173 0.00949158 0.00176389 0.000450819 0.0303949 0.0474231 0.00701661 0.0297768 0.0117452 0.20136 0.0107829 0.00328272 0.00764692 0.956381 0.002187 0.00139994 0.444842 0.00180169 0.0119794 0.00144886 0.00677673 0.00605586 0.183754 0.212322
0.988237 0.943651 0.988455 0.989489 0.50853 0.98857 0.967171 0.990748 0.21748 0.929173 0.989507 0.897909 0.185716 0.945461 0.390007 0.47831 0.965556 0.984621 0.963215 0.991491 0.991223 0.88968 0.997622 0.991768 0.973258 0.996026 0.979022 0.0317784 0.984631 0.911959 0.78161 0.7816 0.976671 0.0545787 0.997892 0.766008 0.991488 0.709271 0.989158 0.989503 0.899085 0.662123 0.844963 0.814785 0.997853 0.996609 0.124372 0.806196 0.989468 0.0106856 0.0263471 0.00200198 0.0116949 0.0140227 0.0096891 0.751549 0.445003 0.0273832 0.00179675 0.0990704 0.588315 0.0390031 0.764621 0.00176595 0.988571 0.00680041 0.499503 0.550833 0.248085 0.00271008 0.844866 0.96937 0.997836 0.469509 0.900006 0.00866648 0.151006 0.00945448 0.00176415 0.000449686 0.0303458 0.0471165 0.00701402 0.0295207 0.0116746 0.203846 0.0107452 0.00326017 0.00762183 0.956667 0.00218216 0.00139594 0.446553 0.0017957 0.0119912 0.00143977 0.0067709 0.00600801 0.18253 0.210498
0.988305 0.943923 0.988555 0.989515 0.511615 0.98863 0.967368 0.990777 0.216303 0.929534 0.989572 0.898268 0.183186 0.944765 0.387813 0.474646 0.965744 0.984685 0.963498 0.991494 0.991232 0.890722 0.997637 0.991773 0.973292 0.996054 0.979094 0.0314387 0.984696 0.91236 0.778972 0.778949 0.976837 0.0541241 0.997903 0.767205 0.991493 0.710646 0.989177 0.989529 0.899898 0.660299 0.845721 0.813633 0.997852 0.99662 0.122669 0.80666 0.989483 0.0106386 0.0262411 0.00200139 0.0116224 0.0138779 0.0097051 0.754222 0.447959 0.027216 0.00179077 0.0983751 0.586171 0.038513 0.76294 0.0017664 0.988614 0.0067944 0.503215 0.553942 0.246958 0.00270274 0.846605 0.969672 0.997854 0.471862 0.901108 0.00864421 0.150249 0.00941767 0.00176438 0.000448459 0.0302959 0.0468051 0.00701074 0.0292656 0.0116006 0.20638 0.0107081 0.00323701 0.00759857 0.956949 0.00217768 0.00139169 0.448297 0.00178997 0.0120038 0.001431 0.00676496 0.00596063 0.181284 0.208659
0.988373 0.944205 0.988654 0.989544 0.514675 0.98869 0.96756 0.990807 0.215136 0.929893 0.989637 0.89864 0.18065 0.944065 0.385581 0.470963 0.965928 0.984752 0.96378 0.9915 0.991241 0.891766 0.997651 0.99178 0.973327 0.996082 0.97917 0.031107 0.984762 0.912747 0.776321 0.776294 0.977001 0.0536755 0.997914 0.768434 0.991496 0.712038 0.989194 0.989557 0.900725 0.658425 0.846485 0.812445 0.997852 0.996631 0.120951 0.807107 0.989495 0.0105907 0.026135 0.00200058 0.0115513 0.0137343 0.00972055 0.756913 0.450901 0.0270501 0.00178508 0.0976741 0.583987 0.0380328 0.761241 0.00176662 0.98866 0.00678951 0.506974 0.557094 0.24585 0.00269489 0.848336 0.969975 0.997872 0.474173 0.902222 0.00862042 0.149493 0.00938068 0.00176465 0.000447236 0.0302408 0.0465037 0.00700743 0.0290076 0.0115299 0.208916 0.0106703 0.00321414 0.00757486 0.957234 0.00217333 0.00138755 0.450089 0.00178456 0.0120168 0.00142228 0.00675969 0.00591362 0.180044 0.206852
0.988442 0.944466 0.988754 0.989571 0.517825 0.98875 0.967753 0.990838 0.213968 0.930253 0.989702 0.898995 0.178168 0.943348 0.383352 0.46727 0.96612 0.984818 0.964054 0.991503 0.991249 0.892807 0.997666 0.991786 0.973357 0.99611 0.979242 0.0307729 0.984827 0.913165 0.773622 0.773542 0.977159 0.053213 0.997924 0.769694 0.9915 0.713451 0.989213 0.989584 0.901535 0.656526 0.847264 0.811212 0.997851 0.996642 0.119251 0.807619 0.989506 0.0105453 0.0260302 0.00200008 0.0114777 0.0135916 0.00973599 0.759592 0.453846 0.0268852 0.00177934 0.0969781 0.581796 0.0375564 0.759466 0.00176693 0.988702 0.00678414 0.510716 0.560266 0.244767 0.00268783 0.850085 0.970277 0.997889 0.476557 0.903304 0.00859705 0.148749 0.00934266 0.00176515 0.000446106 0.0301806 0.046195 0.00700303 0.0287521 0.0114613 0.211556 0.010633 0.00319066 0.00755139 0.957523 0.00216878 0.00138339 0.45188 0.0017787 0.0120296 0.00141357 0.00675321 0.00586768 0.178797 0.205029
0.98851 0.944745 0.988851 0.9896 0.520971 0.988811 0.967946 0.990867 0.212764 0.93062 0.989763 0.899358 0.175671 0.942616 0.381058 0.463507 0.966309 0.984886 0.964329 0.991507 0.991258 0.893851 0.997679 0.991792 0.973389 0.996137 0.979315 0.0304427 0.984891 0.913574 0.770888 0.770786 0.977319 0.0527445 0.997934 0.770936 0.991504 0.71488 0.989232 0.989608 0.902346 0.654608 0.848024 0.809988 0.997851 0.996652 0.117584 0.808104 0.989518 0.0104989 0.0259281 0.00199989 0.0114082 0.0134526 0.00975296 0.762245 0.456839 0.026722 0.00177374 0.0962884 0.579553 0.037079 0.757723 0.00176717 0.988746 0.00677876 0.514469 0.563452 0.243637 0.00268043 0.851813 0.970574 0.997907 0.478972 0.904383 0.00857517 0.147992 0.00930685 0.00176519 0.000445048 0.0301251 0.0458871 0.0070004 0.0285064 0.0113918 0.214208 0.0105973 0.00316842 0.00752636 0.957816 0.00216406 0.00137947 0.453707 0.00177283 0.0120407 0.00140496 0.00674784 0.005822 0.177515 0.203204
0.988579 0.945029 0.988946 0.989626 0.524111 0.988871 0.96814 0.990897 0.21155 0.930992 0.989827 0.899742 0.173216 0.941864 0.378763 0.459729 0.966499 0.98495 0.964605 0.99151 0.991267 0.894876 0.997693 0.991798 0.973425 0.996165 0.97939 0.0301162 0.984956 0.913978 0.768081 0.767972 0.977481 0.0522848 0.997945 0.772213 0.991509 0.716326 0.989249 0.989634 0.903161 0.652674 0.848788 0.808716 0.997851 0.996664 0.115932 0.808632 0.989529 0.0104517 0.0258218 0.00199948 0.011338 0.0133112 0.00976859 0.764908 0.459882 0.0265634 0.00176798 0.0955811 0.577295 0.0366087 0.755912 0.00176727 0.98879 0.00677261 0.518216 0.566645 0.24253 0.00267305 0.853507 0.970857 0.997924 0.48144 0.905441 0.0085523 0.147239 0.00926925 0.00176546 0.000443965 0.030064 0.0455818 0.0069977 0.0282562 0.0113264 0.2169 0.0105621 0.00314575 0.00750243 0.958099 0.00215974 0.00137547 0.455565 0.00176708 0.0120507 0.00139631 0.00674218 0.00577691 0.17623 0.201415
0.988646 0.945305 0.989041 0.989653 0.527217 0.988928 0.968334 0.990926 0.21031 0.931361 0.989891 0.900127 0.170782 0.941094 0.376488 0.455949 0.966682 0.985014 0.964882 0.991513 0.991276 0.895914 0.997706 0.991805 0.973461 0.996192 0.979463 0.0297942 0.985022 0.914393 0.765197 0.765098 0.97764 0.0518334 0.997955 0.773504 0.991513 0.717807 0.989268 0.989662 0.903962 0.650682 0.849575 0.807451 0.99785 0.996674 0.114288 0.809168 0.98954 0.0104045 0.0257183 0.00199905 0.0112688 0.0131724 0.00978395 0.76757 0.462963 0.0264021 0.00176249 0.0948834 0.57498 0.0361423 0.75407 0.00176775 0.988834 0.00676675 0.52202 0.569893 0.24139 0.00266599 0.855179 0.971155 0.997941 0.483893 0.906504 0.00852887 0.146496 0.00923369 0.00176573 0.00044293 0.0300005 0.0452649 0.00699599 0.0280022 0.0112587 0.219637 0.0105266 0.00312381 0.00747802 0.958374 0.00215565 0.0013715 0.457459 0.00176163 0.012061 0.00138803 0.00673666 0.00573263 0.174967 0.19962
0.988714 0.945586 0.989134 0.989678 0.530387 0.98899 0.968523 0.990955 0.209095 0.931736 0.989951 0.900513 0.168357 0.940309 0.374164 0.452132 0.966871 0.985082 0.965156 0.991517 0.991286 0.896935 0.99772 0.991811 0.973495 0.996219 0.97954 0.0294753 0.985091 0.914803 0.762295 0.762231 0.977794 0.0513795 0.997965 0.774811 0.991518 0.719277 0.989285 0.989686 0.904762 0.648707 0.850391 0.806132 0.99785 0.996685 0.112655 0.809708 0.989551 0.0103592 0.0256104 0.0019984 0.0112009 0.0130346 0.00979801 0.770218 0.466018 0.026242 0.00175717 0.094174 0.572652 0.0356781 0.752201 0.00176804 0.988877 0.00676103 0.525829 0.573127 0.240254 0.00265951 0.856864 0.971447 0.997958 0.486402 0.90755 0.00850498 0.145702 0.00919715 0.00176629 0.000441938 0.0299403 0.0449624 0.00699213 0.0277508 0.0111881 0.222435 0.0104939 0.00310148 0.00745358 0.958654 0.0021516 0.00136801 0.459406 0.00175639 0.0120714 0.00137962 0.00673246 0.00568788 0.173687 0.197845
0.988782 0.945871 0.989227 0.989704 0.533551 0.989049 0.968712 0.990986 0.207863 0.93211 0.990013 0.900897 0.165956 0.939497 0.371822 0.448332 0.967056 0.985152 0.965432 0.991519 0.991294 0.897945 0.997733 0.991818 0.973531 0.996245 0.979617 0.0291523 0.985158 0.915226 0.759334 0.759284 0.977954 0.0509217 0.997975 0.776114 0.991522 0.720768 0.989303 0.989713 0.905565 0.646621 0.851221 0.804763 0.997849 0.996695 0.111044 0.810309 0.989562 0.0103142 0.0255032 0.00199759 0.0111326 0.0129013 0.0098126 0.772862 0.469092 0.0260799 0.00175212 0.0934723 0.570269 0.0352252 0.750255 0.00176817 0.98892 0.00675625 0.529694 0.576401 0.239071 0.00265295 0.858534 0.971733 0.997974 0.488922 0.908585 0.00848299 0.144934 0.00916126 0.00176653 0.000441044 0.0298694 0.044665 0.00698941 0.0275042 0.0111185 0.225249 0.0104594 0.00307992 0.00742867 0.95893 0.00214733 0.00136415 0.461378 0.00175111 0.0120796 0.00137152 0.00672596 0.00564375 0.172418 0.196053
0.988849 0.946161 0.989317 0.989731 0.536805 0.989108 0.968901 0.991016 0.206615 0.93248 0.990076 0.901293 0.163582 0.938668 0.369499 0.444516 0.967241 0.985221 0.965712 0.991525 0.991305 0.898956 0.997746 0.991823 0.973564 0.996271 0.97969 0.0288386 0.985228 0.915644 0.756365 0.756304 0.978116 0.0504618 0.997984 0.777442 0.991525 0.722327 0.98932 0.989737 0.906364 0.64455 0.852045 0.803381 0.997849 0.996705 0.109447 0.810876 0.989572 0.0102666 0.0253981 0.00199702 0.0110627 0.0127659 0.00982487 0.775521 0.47223 0.0259185 0.00174694 0.0927796 0.567856 0.0347798 0.748335 0.00176874 0.988965 0.00674978 0.533548 0.579687 0.237864 0.00264632 0.860204 0.972024 0.99799 0.491456 0.909611 0.00846078 0.144138 0.00912478 0.001767 0.000440068 0.0298054 0.0443612 0.00698692 0.0272627 0.01105 0.228108 0.0104249 0.00305803 0.00740382 0.959207 0.00214333 0.00136078 0.463406 0.00174603 0.0120877 0.00136323 0.0067214 0.00560089 0.171142 0.19425
0.988917 0.946456 0.989408 0.989758 0.540045 0.989166 0.969088 0.991046 0.205359 0.932857 0.990135 0.901676 0.161265 0.937823 0.367185 0.440699 0.967423 0.985289 0.965986 0.991529 0.991314 0.899948 0.997758 0.991829 0.973604 0.996297 0.979768 0.0285324 0.985297 0.916076 0.753351 0.753261 0.978271 0.0499997 0.997994 0.778799 0.99153 0.72386 0.989338 0.989764 0.907181 0.642483 0.852867 0.801965 0.997848 0.996716 0.107863 0.811493 0.989581 0.0102207 0.0252906 0.00199636 0.0109939 0.0126332 0.00983877 0.778119 0.475369 0.0257604 0.0017419 0.0920691 0.565424 0.0343377 0.746364 0.00176924 0.989008 0.0067435 0.537449 0.582986 0.236682 0.00263952 0.861847 0.972306 0.998006 0.494023 0.91062 0.0084386 0.143355 0.00908773 0.00176764 0.000439129 0.0297372 0.0440567 0.00698432 0.0270209 0.0109836 0.230994 0.0103928 0.0030369 0.00737923 0.959479 0.00213923 0.00135731 0.465437 0.00174114 0.0120986 0.00135523 0.00671574 0.00555856 0.169873 0.192457
0.988983 0.946748 0.989495 0.989784 0.543275 0.989225 0.969278 0.991075 0.204064 0.933237 0.990196 0.90208 0.158951 0.936945 0.364773 0.436893 0.967614 0.985354 0.966255 0.991533 0.991322 0.900957 0.997771 0.991836 0.973641 0.996324 0.979845 0.0282285 0.985364 0.916503 0.750259 0.750193 0.978426 0.0495471 0.998003 0.780118 0.991532 0.725429 0.989356 0.989791 0.907984 0.640352 0.853676 0.800523 0.997848 0.996725 0.106307 0.812125 0.989592 0.0101757 0.0251787 0.00199549 0.0109268 0.0125007 0.00984979 0.780739 0.478532 0.0255993 0.0017366 0.0913621 0.562964 0.0339027 0.744368 0.00176985 0.989052 0.00673825 0.54134 0.586276 0.235456 0.00263331 0.863474 0.972593 0.998021 0.496627 0.911628 0.00841682 0.142548 0.00905045 0.0017681 0.000438245 0.0296677 0.0437506 0.00698197 0.0267772 0.0109186 0.233931 0.0103598 0.0030158 0.00735506 0.959745 0.00213528 0.00135396 0.467468 0.00173602 0.0121063 0.00134737 0.00671086 0.00551622 0.168572 0.190648
0.989049 0.947042 0.989582 0.989809 0.546551 0.989285 0.969465 0.991107 0.202757 0.933617 0.990255 0.902497 0.15665 0.93605 0.362391 0.433046 0.967797 0.985422 0.966525 0.991536 0.991332 0.901963 0.997784 0.991843 0.97368 0.996349 0.979921 0.0279202 0.985432 0.916938 0.747155 0.747037 0.97858 0.0490852 0.998012 0.781504 0.991536 0.727002 0.989375 0.989817 0.908786 0.638168 0.854501 0.799054 0.997847 0.996734 0.104767 0.812766 0.989602 0.0101313 0.0250673 0.00199469 0.0108595 0.0123696 0.00986345 0.783339 0.481767 0.0254383 0.00173169 0.0906698 0.560473 0.0334707 0.74234 0.0017703 0.989095 0.00673302 0.545244 0.589634 0.23424 0.00262698 0.865098 0.972874 0.998037 0.499242 0.912626 0.00839485 0.141759 0.00901374 0.00176851 0.000437378 0.0295946 0.0434457 0.00697751 0.0265392 0.0108529 0.236887 0.0103289 0.00299436 0.00732921 0.960015 0.00213112 0.00135068 0.469559 0.00173098 0.012112 0.00133972 0.00670443 0.00547449 0.167292 0.188873
0.989115 0.947335 0.989669 0.989837 0.549857 0.989343 0.969652 0.991137 0.201445 0.93399 0.990314 0.902903 0.154372 0.935133 0.359986 0.429179 0.967983 0.98549 0.966798 0.991541 0.991342 0.90296 0.997797 0.99185 0.973717 0.996375 0.979999 0.0276181 0.9855 0.917381 0.743992 0.743844 0.978732 0.0486217 0.99802 0.782925 0.991541 0.728572 0.989394 0.989843 0.909578 0.635961 0.855354 0.797548 0.997846 0.996744 0.103246 0.813419 0.989615 0.0100854 0.0249583 0.00199402 0.0107963 0.0122391 0.00987542 0.785939 0.484985 0.0252796 0.00172696 0.0899652 0.557956 0.0330393 0.740248 0.00177068 0.989138 0.00672682 0.549133 0.592973 0.232961 0.00262101 0.866694 0.973155 0.998052 0.501918 0.91362 0.00837312 0.140948 0.00897818 0.00176889 0.000436627 0.0295187 0.0431385 0.00697348 0.0263019 0.0107877 0.239925 0.0102957 0.00297339 0.00730462 0.960284 0.00212745 0.00134766 0.471672 0.00172618 0.0121203 0.00133191 0.00670029 0.00543341 0.165975 0.187089
0.989181 0.94763 0.989756 0.989863 0.553167 0.989401 0.969838 0.991166 0.200108 0.934373 0.990372 0.903328 0.152106 0.934201 0.357549 0.425322 0.968167 0.985559 0.96707 0.991547 0.991351 0.903941 0.997809 0.991856 0.97376 0.996399 0.980076 0.0273223 0.985568 0.917822 0.740769 0.740654 0.978887 0.0481628 0.998029 0.784351 0.991544 0.730161 0.989414 0.989869 0.910372 0.633749 0.856194 0.796016 0.997845 0.996754 0.101726 0.814058 0.989626 0.010038 0.024854 0.00199347 0.0107308 0.0121108 0.00988783 0.788517 0.488201 0.0251274 0.00172262 0.0892472 0.555398 0.0326132 0.738102 0.00177134 0.98918 0.00672029 0.553041 0.596309 0.231697 0.00261482 0.868279 0.973434 0.998067 0.504606 0.914601 0.00835297 0.140136 0.00894181 0.0017695 0.000435933 0.0294441 0.042832 0.00696972 0.0260635 0.0107224 0.243004 0.0102641 0.00295252 0.00727964 0.960553 0.00212363 0.00134444 0.473831 0.00172172 0.0121255 0.00132438 0.00669499 0.00539382 0.164662 0.185325
0.989245 0.947917 0.989839 0.989887 0.556541 0.989458 0.970023 0.991196 0.198764 0.93475 0.99043 0.903744 0.149855 0.933247 0.35509 0.421469 0.968352 0.985625 0.967344 0.991551 0.991361 0.904928 0.997821 0.991862 0.973798 0.996425 0.980156 0.0270235 0.985638 0.918275 0.737503 0.737372 0.979037 0.0477197 0.998038 0.785765 0.991547 0.731784 0.989433 0.989898 0.911164 0.631458 0.85703 0.794423 0.997844 0.996763 0.10023 0.814748 0.989638 0.00999243 0.0247389 0.00199258 0.0106646 0.0119841 0.00989827 0.791089 0.491443 0.0249726 0.0017182 0.088543 0.552787 0.0321974 0.735953 0.00177178 0.989221 0.00671381 0.557027 0.599683 0.230436 0.00260899 0.869867 0.973709 0.998081 0.507319 0.91557 0.00833248 0.139311 0.00890549 0.00177017 0.000435141 0.0293656 0.0425241 0.00696626 0.0258246 0.0106573 0.246141 0.0102324 0.00293194 0.00725472 0.960825 0.00212029 0.00134121 0.476044 0.00171739 0.0121313 0.0013168 0.00668993 0.00535367 0.163319 0.183529
0.98931 0.948223 0.989921 0.989913 0.559915 0.989516 0.970211 0.991227 0.197431 0.935124 0.990487 0.904165 0.14764 0.932264 0.352635 0.417571 0.968531 0.985693 0.967609 0.991556 0.991371 0.90591 0.997833 0.991869 0.973839 0.996449 0.980234 0.0267274 0.985706 0.918735 0.734177 0.734063 0.979189 0.0472756 0.998046 0.787184 0.991553 0.733406 0.989452 0.989924 0.911952 0.629145 0.857896 0.7928 0.997843 0.996772 0.0987583 0.815451 0.989651 0.0099466 0.0246262 0.001992 0.0106009 0.0118574 0.00990976 0.793634 0.494743 0.0248174 0.00171367 0.0878318 0.550215 0.0317809 0.733763 0.00177215 0.989264 0.00670866 0.561007 0.603034 0.229172 0.00260318 0.871433 0.973978 0.998096 0.510051 0.916519 0.0083116 0.138483 0.00886994 0.00177077 0.000434441 0.0292862 0.0422161 0.00696231 0.0255886 0.0105927 0.249349 0.0102009 0.00291228 0.00722925 0.961094 0.00211678 0.00133813 0.478281 0.00171293 0.0121366 0.00130966 0.00668583 0.00531466 0.162003 0.181771
0.989375 0.948509 0.990002 0.989938 0.563273 0.98957 0.970396 0.991258 0.196071 0.935498 0.990544 0.904592 0.145436 0.931262 0.350169 0.41362 0.968711 0.985763 0.967875 0.991561 0.991382 0.90689 0.997845 0.991876 0.973887 0.996474 0.980317 0.0264353 0.985777 0.919196 0.730853 0.730706 0.979341 0.0468281 0.998055 0.788598 0.991559 0.735077 0.989471 0.98995 0.912754 0.626785 0.858763 0.791127 0.997843 0.996782 0.0972875 0.816145 0.989662 0.00990164 0.0245112 0.00199129 0.010538 0.0117328 0.00992151 0.796195 0.498084 0.0246588 0.00170914 0.0871254 0.54752 0.0313783 0.731525 0.00177256 0.989306 0.00670243 0.56493 0.606421 0.227875 0.0025971 0.872996 0.974247 0.99811 0.512798 0.917465 0.00829063 0.137633 0.00883405 0.00177116 0.000433831 0.0292034 0.0419112 0.00695856 0.0253557 0.0105284 0.252593 0.0101696 0.00289206 0.00720402 0.96136 0.00211312 0.00133507 0.480583 0.00170884 0.0121428 0.00130251 0.00667972 0.00527532 0.160707 0.180005
0.98944 0.948802 0.990082 0.989964 0.566637 0.989626 0.970581 0.991288 0.194713 0.935877 0.990602 0.905024 0.143281 0.930232 0.347673 0.409685 0.968897 0.985833 0.968144 0.991566 0.991392 0.907862 0.997856 0.991882 0.973932 0.996498 0.980398 0.0261408 0.985844 0.919663 0.727443 0.727298 0.97949 0.0463827 0.998063 0.790048 0.991564 0.736779 0.989489 0.989975 0.913529 0.62446 0.859643 0.789432 0.997842 0.996791 0.0958342 0.816835 0.989674 0.00985583 0.0243977 0.00199053 0.0104737 0.0116108 0.00993125 0.798722 0.501419 0.0245051 0.00170478 0.0864303 0.544813 0.0309725 0.729246 0.00177323 0.989348 0.0066963 0.568933 0.609882 0.226576 0.00259162 0.874528 0.974511 0.998124 0.515619 0.918409 0.00827055 0.136788 0.00879979 0.00177201 0.000433111 0.0291231 0.0416157 0.00695543 0.0251254 0.0104638 0.255853 0.0101378 0.00287224 0.00717961 0.96163 0.00210992 0.00133227 0.482915 0.0017045 0.012147 0.00129535 0.00667399 0.00523665 0.159386 0.178257
0.989503 0.949097 0.990162 0.989989 0.570084 0.989685 0.970761 0.991319 0.193348 0.936268 0.990658 0.905442 0.141139 0.929182 0.345137 0.405766 0.969075 0.985903 0.968417 0.991571 0.991402 0.908825 0.997868 0.991889 0.97398 0.996522 0.980478 0.0258511 0.985911 0.920124 0.723993 0.723854 0.979641 0.0459426 0.998071 0.791519 0.991568 0.738461 0.989508 0.989999 0.914306 0.622084 0.860544 0.787693 0.997841 0.9968 0.0944211 0.817562 0.989687 0.00980907 0.0242844 0.00198995 0.0104098 0.0114892 0.00994051 0.801218 0.504808 0.0243544 0.00170024 0.0857185 0.54205 0.0305691 0.726868 0.0017736 0.989393 0.00669029 0.572923 0.613288 0.225286 0.00258584 0.876062 0.974777 0.998138 0.518493 0.919341 0.00824825 0.135955 0.00876263 0.00177254 0.000432512 0.0290441 0.0413159 0.00695115 0.0248979 0.0103996 0.259205 0.0101056 0.00285273 0.00715423 0.961897 0.00210655 0.0013295 0.485266 0.00170062 0.0121545 0.00128839 0.00666957 0.00519884 0.158075 0.176481
0.989567 0.949397 0.990243 0.990016 0.573493 0.98974 0.970944 0.991349 0.19196 0.936673 0.990715 0.90586 0.139038 0.928097 0.342621 0.40181 0.969256 0.985972 0.968679 0.991576 0.991413 0.9098 0.997879 0.991897 0.974028 0.996547 0.980558 0.0255651 0.985981 0.920578 0.7205 0.720365 0.979793 0.0455026 0.998078 0.792993 0.991572 0.740166 0.989527 0.990024 0.91508 0.61961 0.861439 0.785934 0.997841 0.99681 0.0930074 0.818341 0.989699 0.00976298 0.024172 0.00198973 0.0103501 0.0113673 0.00994817 0.803725 0.508197 0.0241994 0.00169601 0.0850085 0.539279 0.0301777 0.724489 0.00177417 0.989434 0.00668393 0.576969 0.616736 0.22396 0.00258005 0.877569 0.975044 0.998151 0.521381 0.920275 0.00822661 0.135099 0.00872656 0.00177291 0.000431888 0.028955 0.0410107 0.00694775 0.0246711 0.0103385 0.262559 0.0100742 0.00283378 0.00712956 0.962163 0.00210302 0.0013269 0.487654 0.00169655 0.0121592 0.00128153 0.00666418 0.00516091 0.15675 0.17474
0.989628 0.949704 0.990322 0.990042 0.576926 0.989795 0.971124 0.99138 0.190554 0.937052 0.99077 0.906297 0.136958 0.926997 0.340095 0.397884 0.969434 0.986043 0.968945 0.991582 0.991424 0.910747 0.99789 0.991903 0.974076 0.99657 0.980639 0.0252861 0.986052 0.92104 0.716911 0.71681 0.97994 0.0450545 0.998086 0.794481 0.991577 0.741889 0.989547 0.990048 0.915851 0.61712 0.862328 0.784157 0.99784 0.996818 0.0916057 0.819103 0.989711 0.00971519 0.0240593 0.00198917 0.0102899 0.0112466 0.00995812 0.806211 0.5116 0.0240472 0.00169217 0.0843189 0.536427 0.0297847 0.722062 0.00177478 0.989477 0.0066787 0.581044 0.620198 0.222644 0.00257397 0.879078 0.975303 0.998164 0.524271 0.92118 0.00820492 0.13424 0.00869197 0.00177349 0.000431354 0.028865 0.0407091 0.00694265 0.0244456 0.0102761 0.266029 0.0100436 0.00281416 0.0071038 0.962421 0.00209951 0.00132422 0.490077 0.00169259 0.0121631 0.00127482 0.00665815 0.00512323 0.155411 0.173004
0.989691 0.950002 0.990398 0.990067 0.580393 0.98985 0.971302 0.99141 0.18917 0.937436 0.990824 0.906719 0.134864 0.925853 0.337573 0.393928 0.96961 0.98611 0.969205 0.991588 0.991434 0.911711 0.997901 0.991909 0.97412 0.996593 0.980717 0.0250045 0.986121 0.921524 0.713321 0.713206 0.980091 0.0446125 0.998093 0.795986 0.991583 0.743625 0.989564 0.990074 0.91663 0.614605 0.863235 0.782317 0.997839 0.996826 0.0902179 0.819916 0.989722 0.00967029 0.023943 0.00198861 0.0102287 0.011127 0.00996709 0.80869 0.515013 0.0238914 0.0016882 0.0836173 0.533583 0.0294023 0.719553 0.00177556 0.989519 0.00667335 0.585118 0.623651 0.221305 0.00256873 0.880553 0.975559 0.998177 0.527213 0.922081 0.00818454 0.133398 0.00865775 0.00177395 0.000430773 0.0287747 0.0404065 0.00693731 0.0242155 0.0102151 0.269536 0.0100124 0.0027948 0.00707779 0.962681 0.00209615 0.00132164 0.492546 0.00168835 0.0121656 0.0012681 0.00665362 0.0050866 0.154094 0.171252
0.989753 0.950302 0.990475 0.990092 0.5839 0.989906 0.971485 0.99144 0.187754 0.937834 0.990878 0.907158 0.132794 0.924691 0.335027 0.38992 0.969794 0.986179 0.969465 0.991593 0.991446 0.912654 0.997912 0.991917 0.974167 0.996616 0.980798 0.0247276 0.986194 0.922012 0.709613 0.709531 0.980234 0.0441673 0.9981 0.797477 0.991588 0.745366 0.989584 0.9901 0.917386 0.61206 0.864144 0.780435 0.997838 0.996835 0.0888412 0.820733 0.989734 0.00962449 0.0238273 0.00198784 0.010167 0.0110094 0.00997526 0.811167 0.518521 0.0237387 0.00168445 0.0829 0.53072 0.0290197 0.717022 0.00177613 0.989561 0.00666829 0.589158 0.627134 0.21996 0.00256327 0.882029 0.975818 0.99819 0.530178 0.922976 0.0081637 0.132537 0.00862152 0.00177474 0.000430225 0.0286833 0.0401068 0.00693188 0.0239877 0.0101551 0.273066 0.00998241 0.00277593 0.00705188 0.962947 0.00209294 0.00131905 0.49505 0.00168433 0.0121687 0.00126162 0.00664836 0.00505001 0.152784 0.169514
0.989816 0.950598 0.990552 0.990117 0.587418 0.989961 0.971666 0.991471 0.186337 0.938228 0.990932 0.907613 0.130763 0.923509 0.332472 0.385938 0.969975 0.986248 0.969725 0.991599 0.991457 0.9136 0.997923 0.991924 0.974216 0.996638 0.980881 0.0244516 0.986265 0.922478 0.705905 0.705805 0.980382 0.043729 0.998107 0.798985 0.991593 0.747143 0.989602 0.990124 0.918142 0.609464 0.865062 0.778544 0.997837 0.996843 0.0875021 0.821532 0.989746 0.00957853 0.0237117 0.00198721 0.0101059 0.0108939 0.00998205 0.813631 0.52202 0.023587 0.00168078 0.0821872 0.52779 0.0286487 0.714456 0.0017769 0.989602 0.00666204 0.593268 0.630668 0.2186 0.0025579 0.883487 0.976075 0.998203 0.53314 0.923851 0.00814359 0.131656 0.00858638 0.00177547 0.000429722 0.0285882 0.0398049 0.0069272 0.023772 0.0100961 0.276668 0.00995048 0.00275752 0.0070267 0.963213 0.00208966 0.00131656 0.497591 0.00168059 0.0121686 0.00125509 0.00664259 0.00501441 0.151454 0.167765
0.989879 0.9509 0.990626 0.990142 0.590907 0.990017 0.971843 0.991501 0.184892 0.938621 0.990987 0.908065 0.128761 0.922275 0.329907 0.381932 0.970155 0.986318 0.969986 0.991605 0.991468 0.91452 0.997934 0.991931 0.974263 0.996661 0.980963 0.0241748 0.986335 0.92297 0.702163 0.70202 0.980527 0.043287 0.998114 0.800503 0.991598 0.748941 0.989623 0.990148 0.918912 0.606829 0.865987 0.776578 0.997836 0.996851 0.0861471 0.822348 0.989759 0.00953072 0.023592 0.00198655 0.0100461 0.0107797 0.0099868 0.816079 0.525488 0.0234342 0.00167717 0.0814846 0.524824 0.028278 0.711847 0.00177764 0.989644 0.00665631 0.597392 0.634169 0.21722 0.00255252 0.884942 0.976329 0.998216 0.536161 0.924734 0.00812205 0.130776 0.00855041 0.00177644 0.000429182 0.0284913 0.0395009 0.00692209 0.0235531 0.0100371 0.280302 0.009921 0.00273887 0.00700103 0.963474 0.00208674 0.00131412 0.500171 0.00167677 0.0121707 0.00124862 0.00663756 0.00497895 0.150108 0.16604
0.989941 0.951205 0.990699 0.990167 0.594431 0.990071 0.972024 0.991531 0.183459 0.939013 0.991041 0.90853 0.126766 0.92104 0.327317 0.377943 0.970335 0.986387 0.970239 0.991611 0.991479 0.915461 0.997944 0.991938 0.974315 0.996683 0.981044 0.0239075 0.986406 0.923459 0.698337 0.698213 0.980675 0.0428604 0.998121 0.802048 0.991604 0.750711 0.989642 0.990172 0.919666 0.604149 0.866926 0.774543 0.997835 0.99686 0.0848406 0.823211 0.989771 0.00948437 0.0234767 0.00198609 0.00998717 0.0106653 0.00999431 0.818542 0.52902 0.0232807 0.00167357 0.0807749 0.521845 0.0279076 0.709204 0.00177821 0.989687 0.00664983 0.601471 0.637675 0.215802 0.00254743 0.886359 0.976582 0.998228 0.539178 0.925604 0.00810177 0.129888 0.00851444 0.00177742 0.000428811 0.028396 0.0391993 0.00691799 0.0233356 0.00997811 0.283989 0.00989207 0.00272087 0.00697531 0.963741 0.00208372 0.0013119 0.50275 0.00167292 0.0121714 0.00124245 0.00663076 0.00494227 0.148781 0.164315
0.990004 0.951506 0.990771 0.990192 0.598017 0.990124 0.972201 0.991562 0.181991 0.93941 0.991095 0.908996 0.124819 0.919748 0.324699 0.373901 0.970518 0.986458 0.970495 0.991616 0.99149 0.916383 0.997954 0.991946 0.974367 0.996705 0.981127 0.0236381 0.986478 0.923953 0.694474 0.694341 0.980817 0.0424311 0.998128 0.803598 0.99161 0.752539 0.989664 0.990196 0.920426 0.601442 0.867868 0.772509 0.997834 0.996868 0.0835326 0.824104 0.989785 0.00943709 0.02336 0.00198588 0.00992827 0.0105518 0.0100004 0.820947 0.532602 0.0231282 0.00167033 0.0800676 0.518819 0.0275493 0.70652 0.00177913 0.98973 0.00664403 0.605574 0.641194 0.214386 0.00254234 0.887761 0.976833 0.99824 0.54224 0.926465 0.00808173 0.129002 0.00847741 0.0017782 0.000428415 0.0282972 0.0388958 0.00691344 0.0231147 0.00991813 0.287768 0.00986093 0.00270283 0.00694933 0.964 0.00208079 0.00130984 0.505406 0.00166951 0.0121712 0.00123635 0.00662628 0.00490703 0.147439 0.162591
0.990063 0.951805 0.990843 0.990216 0.601554 0.990179 0.972383 0.991592 0.180526 0.9398 0.991149 0.909479 0.122869 0.918427 0.322086 0.369874 0.970698 0.98653 0.970752 0.991622 0.991503 0.917302 0.997964 0.991953 0.974426 0.996727 0.981212 0.0233752 0.986547 0.924454 0.690561 0.690404 0.980961 0.0419989 0.998134 0.805156 0.991616 0.754347 0.989685 0.990221 0.921175 0.59867 0.868824 0.770442 0.997833 0.996876 0.0822471 0.824981 0.989798 0.00939205 0.0232386 0.00198516 0.00987 0.0104401 0.010005 0.823375 0.536185 0.0229801 0.00166651 0.0793476 0.51577 0.0271916 0.703797 0.00177994 0.989773 0.00663723 0.609686 0.644728 0.212984 0.00253757 0.889171 0.977079 0.998252 0.545343 0.927317 0.0080615 0.128095 0.00844095 0.00177906 0.000428042 0.0281934 0.0385968 0.00690798 0.0229001 0.00985998 0.291583 0.00983215 0.00268527 0.00692464 0.964259 0.00207816 0.00130755 0.50811 0.00166623 0.0121692 0.00123029 0.0066213 0.00487234 0.146104 0.160882
0.990123 0.952115 0.990913 0.990238 0.60517 0.990232 0.972562 0.991622 0.179058 0.940197 0.991202 0.909941 0.120956 0.917072 0.319442 0.365847 0.970875 0.986601 0.971011 0.991628 0.991515 0.918209 0.997974 0.991959 0.974481 0.996748 0.981291 0.0231109 0.986617 0.924959 0.686581 0.686438 0.981103 0.0415667 0.998141 0.806705 0.991623 0.75619 0.989705 0.990246 0.92193 0.595878 0.869767 0.768297 0.997832 0.996885 0.0809835 0.825892 0.98981 0.00934358 0.0231243 0.0019847 0.00980968 0.0103302 0.0100107 0.82577 0.539758 0.0228281 0.00166342 0.0786354 0.512657 0.0268351 0.701007 0.00178067 0.989815 0.00663124 0.613822 0.648291 0.211534 0.00253322 0.890575 0.977322 0.998264 0.548449 0.928163 0.00804248 0.127208 0.00840615 0.00177996 0.000427744 0.0280903 0.0382977 0.00690556 0.0226857 0.00980172 0.295455 0.00980203 0.00266738 0.00689861 0.964514 0.00207552 0.00130527 0.510809 0.00166275 0.0121667 0.0012242 0.0066149 0.0048379 0.144764 0.159162
0.990182 0.952426 0.990983 0.990263 0.608765 0.990282 0.972742 0.991654 0.177597 0.940588 0.991253 0.910398 0.119064 0.915672 0.316818 0.361827 0.971051 0.986671 0.971264 0.991636 0.991527 0.919101 0.997984 0.991967 0.974536 0.996769 0.981374 0.0228489 0.98669 0.92546 0.68253 0.682422 0.981245 0.041138 0.998147 0.808272 0.99163 0.758061 0.989725 0.990272 0.922668 0.593064 0.870706 0.76607 0.997831 0.996893 0.0797193 0.826832 0.989822 0.0092983 0.0230025 0.00198408 0.00975116 0.0102216 0.0100143 0.828135 0.543391 0.0226779 0.00166018 0.077933 0.509462 0.026491 0.698211 0.00178146 0.989859 0.00662514 0.617934 0.651818 0.210072 0.00252857 0.891965 0.977565 0.998275 0.551602 0.929005 0.00802253 0.126306 0.00837159 0.00178066 0.000427379 0.0279901 0.0379986 0.00690071 0.0224728 0.00974327 0.299384 0.00977218 0.00264981 0.0068744 0.964776 0.00207314 0.00130322 0.513614 0.00165956 0.0121645 0.00121859 0.00660852 0.00480487 0.143434 0.157436
0.990243 0.952737 0.991052 0.990286 0.61236 0.990333 0.972917 0.991685 0.176101 0.940981 0.991304 0.910867 0.117203 0.914251 0.314156 0.357836 0.971228 0.986742 0.971515 0.991642 0.99154 0.92002 0.997994 0.991975 0.974592 0.99679 0.981456 0.0225943 0.98676 0.925969 0.678412 0.678341 0.981388 0.0407077 0.998153 0.809878 0.991637 0.759919 0.989745 0.990297 0.923401 0.590235 0.871676 0.763857 0.99783 0.996901 0.0784606 0.827753 0.989836 0.00925302 0.0228833 0.00198384 0.00969374 0.0101152 0.0100165 0.830488 0.547019 0.0225316 0.00165691 0.0772369 0.506284 0.026148 0.695317 0.0017824 0.9899 0.00661888 0.622041 0.655439 0.208598 0.00252357 0.893322 0.977809 0.998286 0.554823 0.929832 0.00800183 0.125384 0.00833575 0.00178143 0.000427115 0.0278841 0.0376998 0.00689595 0.0222593 0.0096864 0.303331 0.00974206 0.00263258 0.00684915 0.96503 0.00207058 0.00130121 0.516409 0.00165666 0.0121618 0.00121274 0.00660146 0.00477199 0.142099 0.155722
0.990302 0.953047 0.991121 0.990312 0.616016 0.990386 0.973093 0.991714 0.174617 0.941372 0.991357 0.911342 0.11536 0.912771 0.311495 0.353819 0.971412 0.986812 0.971767 0.991647 0.991553 0.920909 0.998004 0.991983 0.97465 0.996811 0.981541 0.0223404 0.986829 0.926473 0.674253 0.674198 0.981528 0.0402835 0.998159 0.811473 0.991643 0.761782 0.989767 0.990321 0.924126 0.587309 0.872632 0.761565 0.997828 0.996909 0.0772261 0.828705 0.989848 0.00920816 0.0227592 0.00198351 0.00963551 0.0100084 0.0100204 0.832825 0.550693 0.0223822 0.00165431 0.07653 0.503034 0.0258093 0.692337 0.0017834 0.989942 0.00661325 0.62619 0.659052 0.207127 0.00251879 0.894676 0.978047 0.998297 0.558025 0.930645 0.00798115 0.124456 0.0083014 0.00178233 0.000426816 0.027778 0.0373994 0.00689157 0.0220475 0.00963014 0.307404 0.00971155 0.00261534 0.00682328 0.965286 0.00206755 0.0012993 0.519292 0.00165329 0.0121571 0.00120702 0.00659531 0.00473869 0.140759 0.154045
0.990362 0.953355 0.99119 0.990337 0.619646 0.990439 0.973268 0.991743 0.173111 0.941773 0.991408 0.911827 0.113543 0.911263 0.308836 0.349752 0.971583 0.986883 0.972018 0.991653 0.991566 0.921797 0.998013 0.991992 0.974709 0.996832 0.98163 0.0220889 0.986902 0.926981 0.67005 0.670003 0.981668 0.0398606 0.998165 0.813085 0.991649 0.763674 0.989788 0.990345 0.924868 0.584344 0.873607 0.759242 0.997827 0.996917 0.0760076 0.829675 0.989862 0.00916343 0.0226383 0.00198318 0.00957765 0.00990187 0.0100241 0.835144 0.55437 0.0222353 0.00165116 0.0758287 0.49974 0.0254735 0.689376 0.00178443 0.989985 0.0066074 0.630354 0.662642 0.205642 0.00251431 0.896027 0.978281 0.998308 0.561289 0.931454 0.00796031 0.123524 0.00826642 0.00178297 0.000426652 0.0276688 0.0371019 0.00688548 0.0218422 0.009572 0.311544 0.0096818 0.00259894 0.00679817 0.965549 0.00206507 0.00129748 0.52212 0.00165045 0.012153 0.00120135 0.00658934 0.00470546 0.139412 0.152341
0.990422 0.95366 0.991257 0.990359 0.623304 0.990491 0.973443 0.991774 0.171582 0.942171 0.991458 0.912305 0.111739 0.909701 0.306173 0.345749 0.971762 0.986953 0.972267 0.991661 0.99158 0.922676 0.998023 0.991998 0.97477 0.996853 0.981714 0.0218396 0.986976 0.927492 0.665767 0.665722 0.981807 0.0394386 0.99817 0.814672 0.991657 0.76558 0.989809 0.990369 0.92559 0.581341 0.874606 0.756837 0.997827 0.996924 0.0748249 0.830668 0.989874 0.00911747 0.022518 0.00198269 0.00951975 0.0097976 0.0100271 0.837463 0.558075 0.0220864 0.00164839 0.0751173 0.496435 0.0251428 0.686304 0.0017852 0.990027 0.00660174 0.634484 0.666227 0.204158 0.00250994 0.897352 0.978517 0.998319 0.56455 0.932261 0.00794065 0.122575 0.0082314 0.00178415 0.000426452 0.0275562 0.0368084 0.00687933 0.0216364 0.00951515 0.315715 0.00965172 0.002582 0.00677236 0.965805 0.00206251 0.00129573 0.525014 0.00164794 0.0121472 0.00119557 0.00658141 0.00467359 0.138057 0.150642
0.990482 0.953964 0.991322 0.990382 0.626909 0.990543 0.973621 0.991805 0.170061 0.942573 0.991508 0.912783 0.10996 0.908119 0.303444 0.341719 0.971944 0.987024 0.972514 0.991669 0.991594 0.923552 0.998032 0.992007 0.974833 0.996873 0.9818 0.0215893 0.987048 0.928006 0.661466 0.661403 0.981947 0.0390173 0.998176 0.816299 0.991664 0.767508 0.989829 0.990392 0.926309 0.578296 0.875579 0.754404 0.997825 0.996932 0.073652 0.831657 0.989889 0.00907236 0.0223956 0.0019828 0.00946115 0.00969181 0.0100283 0.839769 0.561773 0.0219384 0.00164577 0.0744168 0.493106 0.0248157 0.683193 0.00178622 0.990068 0.00659571 0.63863 0.669847 0.202643 0.00250564 0.898674 0.978748 0.99833 0.567896 0.933055 0.00791897 0.121631 0.00819631 0.00178482 0.000426364 0.0274456 0.0365158 0.00687323 0.0214361 0.00945713 0.319933 0.00962328 0.00256547 0.00674581 0.966061 0.00205995 0.0012941 0.527937 0.00164487 0.0121408 0.00118996 0.00657438 0.00464181 0.136696 0.148962
0.99054 0.954275 0.991388 0.990407 0.630601 0.990593 0.973795 0.991837 0.168529 0.942969 0.991558 0.913265 0.108199 0.906493 0.300714 0.337652 0.972121 0.987096 0.972763 0.991677 0.991608 0.924443 0.998041 0.992016 0.974902 0.996893 0.981885 0.0213444 0.98712 0.928532 0.657095 0.657035 0.982081 0.0385975 0.998181 0.817939 0.99167 0.769436 0.98985 0.990415 0.927016 0.575223 0.87656 0.751895 0.997824 0.996939 0.0724854 0.832679 0.989902 0.00902714 0.0222719 0.00198205 0.00940573 0.00959047 0.0100275 0.842041 0.565556 0.0217917 0.00164309 0.073728 0.489789 0.0244937 0.680012 0.00178736 0.990111 0.00658932 0.642809 0.673466 0.201123 0.0025014 0.899988 0.978981 0.99834 0.571239 0.933855 0.00789883 0.120674 0.00816104 0.00178574 0.000426266 0.0273333 0.036219 0.00686649 0.0212327 0.00939977 0.32419 0.00959397 0.002549 0.00672026 0.966314 0.00205741 0.00129255 0.530907 0.00164231 0.0121332 0.00118478 0.00656767 0.00461062 0.135352 0.147291
0.990599 0.95458 0.991453 0.99043 0.634283 0.990644 0.973967 0.991867 0.167023 0.943376 0.991608 0.913759 0.106483 0.904827 0.298019 0.333637 0.972294 0.987167 0.973012 0.991684 0.991623 0.925319 0.99805 0.992023 0.974969 0.996913 0.981968 0.0211006 0.98719 0.929051 0.652633 0.652557 0.982218 0.0381802 0.998186 0.819594 0.991676 0.771352 0.989872 0.990438 0.927741 0.572097 0.877573 0.749365 0.997823 0.996947 0.0713328 0.833701 0.989917 0.00898228 0.0221486 0.00198136 0.00934866 0.00949075 0.0100267 0.844311 0.569295 0.0216457 0.00164048 0.0730376 0.486422 0.0241793 0.676784 0.00178807 0.990153 0.00658172 0.646938 0.677126 0.199584 0.00249725 0.901294 0.979208 0.99835 0.574581 0.934626 0.00787922 0.119721 0.00812689 0.00178659 0.000426255 0.027218 0.0359267 0.00686077 0.0210302 0.00934439 0.328493 0.00956391 0.00253294 0.00669519 0.966568 0.00205508 0.00129088 0.533923 0.00163985 0.0121245 0.00117968 0.00656178 0.00457934 0.134001 0.145626
0.990659 0.954895 0.991518 0.990452 0.637928 0.990694 0.974142 0.991898 0.165477 0.943777 0.991657 0.914252 0.104767 0.903095 0.295287 0.329645 0.972468 0.987239 0.973261 0.991692 0.991637 0.926179 0.998059 0.992032 0.975035 0.996932 0.982054 0.0208564 0.987262 0.929575 0.64815 0.648008 0.982355 0.037767 0.998191 0.821228 0.991684 0.773353 0.989894 0.990462 0.928446 0.56896 0.878577 0.74677 0.997821 0.996955 0.0702045 0.834735 0.989932 0.00893584 0.0220279 0.00198132 0.0092944 0.00939168 0.0100261 0.846547 0.573049 0.0214977 0.00163805 0.0723398 0.48297 0.0238611 0.673457 0.00178895 0.990196 0.00657522 0.651125 0.680789 0.198072 0.0024933 0.902604 0.979434 0.998359 0.577978 0.935398 0.00786018 0.118761 0.00809213 0.00178803 0.000426201 0.0270972 0.0356336 0.00685286 0.0208305 0.00928913 0.332882 0.00953582 0.0025168 0.00667056 0.96682 0.00205277 0.00128951 0.537008 0.00163713 0.0121154 0.00117459 0.00655437 0.00454858 0.132663 0.143976
0.990716 0.955212 0.991581 0.990476 0.641621 0.990745 0.974317 0.991928 0.163911 0.944181 0.991705 0.914752 0.10307 0.901316 0.292572 0.325613 0.972642 0.987312 0.973502 0.9917 0.991652 0.927038 0.998067 0.99204 0.975105 0.996951 0.982138 0.0206186 0.987333 0.930098 0.643587 0.643463 0.98249 0.0373607 0.998196 0.822885 0.991692 0.775342 0.989917 0.990484 0.929157 0.565721 0.879597 0.744074 0.99782 0.996962 0.0690809 0.835789 0.989946 0.00889074 0.0219014 0.00198085 0.00923846 0.00929179 0.0100239 0.848789 0.576897 0.0213542 0.00163574 0.0716331 0.479481 0.0235474 0.670143 0.00178999 0.990236 0.00656782 0.655322 0.684436 0.196523 0.00248947 0.903858 0.979663 0.998369 0.581433 0.936156 0.00784074 0.117772 0.00805705 0.00178915 0.000426222 0.026979 0.0353435 0.00684593 0.0206343 0.00923328 0.337363 0.0095064 0.00250102 0.00664499 0.967073 0.00205046 0.00128792 0.540109 0.00163456 0.0121068 0.00116981 0.00654748 0.00451866 0.131326 0.142336
0.990774 0.955527 0.991642 0.990498 0.64531 0.990796 0.974487 0.991957 0.162351 0.94458 0.991754 0.915253 0.101409 0.899512 0.289815 0.321575 0.972815 0.987382 0.973747 0.991707 0.991666 0.927889 0.998075 0.992048 0.975173 0.99697 0.982224 0.0203823 0.987405 0.930631 0.638977 0.638835 0.982626 0.0369476 0.998201 0.824525 0.991698 0.77734 0.98994 0.990507 0.929865 0.562436 0.880596 0.741365 0.997818 0.996969 0.0679793 0.836853 0.98996 0.00884547 0.0217775 0.00198019 0.00918324 0.00919326 0.0100223 0.850994 0.580717 0.0212118 0.00163344 0.0709306 0.475957 0.0232385 0.666776 0.00179122 0.990278 0.00656058 0.659494 0.688063 0.194977 0.00248581 0.905127 0.979886 0.998379 0.584868 0.936931 0.00782024 0.11681 0.0080229 0.00179045 0.000426277 0.0268589 0.0350508 0.00683894 0.0204357 0.00917868 0.34188 0.00947782 0.00248583 0.00661973 0.96733 0.00204845 0.00128655 0.543279 0.00163232 0.0120975 0.00116511 0.00653983 0.00448812 0.129988 0.140675
0.990832 0.955833 0.991703 0.990522 0.64897 0.990844 0.974663 0.991987 0.160795 0.944979 0.9918 0.915767 0.0997532 0.89765 0.287072 0.317541 0.972989 0.987453 0.973988 0.991715 0.99168 0.92873 0.998083 0.992057 0.975243 0.996989 0.982313 0.020147 0.987477 0.931169 0.634329 0.634146 0.98276 0.0365434 0.998206 0.826198 0.991707 0.779352 0.989964 0.990531 0.930573 0.55911 0.881596 0.738602 0.997817 0.996976 0.0668829 0.837929 0.989973 0.00880038 0.0216534 0.0019796 0.00912869 0.00909596 0.0100196 0.853176 0.584551 0.021067 0.00163111 0.0702388 0.472416 0.0229377 0.663385 0.00179242 0.990319 0.00655383 0.663647 0.691736 0.193428 0.00248205 0.906382 0.980106 0.998388 0.588291 0.937686 0.00780002 0.11585 0.00798834 0.00179146 0.000426407 0.0267321 0.0347601 0.0068321 0.0202398 0.00912528 0.346474 0.00944753 0.00247081 0.00659451 0.967582 0.00204629 0.00128525 0.546468 0.00162978 0.0120843 0.00116026 0.00653286 0.00445853 0.128647 0.139006
0.99089 0.956155 0.991764 0.990546 0.652704 0.990893 0.974835 0.992018 0.159223 0.945375 0.99185 0.916283 0.0981214 0.895736 0.284289 0.313446 0.973159 0.987525 0.974231 0.991722 0.991694 0.929562 0.998092 0.992066 0.975316 0.997008 0.982399 0.0199134 0.987549 0.931707 0.629552 0.629472 0.982892 0.0361401 0.998211 0.827859 0.991714 0.781375 0.989989 0.990556 0.931281 0.555773 0.882616 0.735751 0.997815 0.996983 0.0658139 0.839015 0.989988 0.00875545 0.0215266 0.00197914 0.00907618 0.00899852 0.0100159 0.855352 0.588444 0.0209202 0.00162898 0.0695421 0.468807 0.0226372 0.659897 0.00179349 0.990361 0.00654587 0.667771 0.695345 0.19185 0.00247797 0.907615 0.980322 0.998397 0.591834 0.938425 0.00778045 0.114894 0.00795337 0.00179233 0.000426505 0.0266062 0.0344666 0.00682562 0.0200426 0.00907068 0.351112 0.00941691 0.00245568 0.0065689 0.967834 0.0020444 0.00128416 0.549721 0.00162757 0.0120723 0.0011557 0.00652521 0.00442947 0.127315 0.137373
0.990947 0.956478 0.991823 0.99057 0.656421 0.990941 0.975006 0.992049 0.157652 0.945785 0.991895 0.916783 0.096513 0.893776 0.281495 0.309451 0.973333 0.987599 0.974468 0.99173 0.99171 0.930402 0.9981 0.992077 0.975389 0.997026 0.982482 0.0196831 0.987621 0.93224 0.624739 0.624649 0.983026 0.0357408 0.998216 0.829549 0.991724 0.783382 0.990014 0.990581 0.931987 0.552409 0.883631 0.732875 0.997814 0.996991 0.0647594 0.840147 0.990002 0.00870991 0.0213973 0.00197871 0.00902269 0.00890402 0.0100111 0.857501 0.592304 0.0207792 0.00162669 0.0688531 0.46519 0.0223392 0.656326 0.00179465 0.9904 0.00653954 0.671883 0.699002 0.190269 0.00247434 0.908833 0.980538 0.998406 0.595374 0.939164 0.00776109 0.113912 0.00791896 0.00179358 0.000426727 0.0264819 0.0341789 0.00681836 0.0198525 0.00901522 0.355822 0.00938804 0.0024413 0.00654357 0.968089 0.00204243 0.00128303 0.553032 0.00162572 0.01206 0.00115093 0.0065173 0.00440002 0.125987 0.135748
0.991004 0.956796 0.991883 0.990596 0.660137 0.990991 0.975176 0.992079 0.156088 0.946191 0.991942 0.917304 0.0949121 0.891776 0.278684 0.305441 0.973507 0.987671 0.974713 0.991738 0.991725 0.931227 0.998107 0.992088 0.975464 0.997044 0.982565 0.0194567 0.987692 0.932795 0.61988 0.61983 0.983161 0.0353426 0.99822 0.831197 0.991731 0.785388 0.990037 0.990603 0.93269 0.548995 0.884652 0.729919 0.997813 0.996998 0.063712 0.841263 0.990017 0.00866373 0.021271 0.00197824 0.00896846 0.0088105 0.0100052 0.859636 0.596236 0.0206376 0.00162473 0.0681652 0.46153 0.0220454 0.652705 0.0017958 0.990442 0.00653129 0.676049 0.702651 0.1887 0.00247085 0.910041 0.980753 0.998415 0.59897 0.93988 0.00774038 0.112932 0.00788501 0.00179476 0.000426947 0.0263581 0.0338865 0.00680984 0.0196655 0.00896179 0.360641 0.00935858 0.00242647 0.00651933 0.968336 0.00204059 0.00128185 0.556323 0.00162379 0.0120494 0.00114636 0.00650893 0.00437211 0.124644 0.13411
0.991062 0.957112 0.991942 0.99062 0.663826 0.99104 0.975344 0.992109 0.154527 0.946598 0.991987 0.917828 0.0933512 0.889718 0.275911 0.301388 0.973679 0.987743 0.974952 0.991747 0.991742 0.932051 0.998115 0.992097 0.975543 0.997062 0.982657 0.0192283 0.987764 0.933337 0.615006 0.614921 0.983291 0.0349498 0.998224 0.832887 0.991739 0.787429 0.990061 0.990628 0.933383 0.54552 0.885668 0.726923 0.997811 0.997005 0.0626818 0.842375 0.990033 0.00861892 0.0211425 0.00197767 0.00891487 0.00871824 0.00999809 0.86177 0.600183 0.0204965 0.00162282 0.0674779 0.45785 0.0217574 0.648997 0.00179712 0.990483 0.006523 0.6802 0.706309 0.187066 0.00246779 0.911247 0.980965 0.998423 0.602593 0.940594 0.00772057 0.111934 0.00785146 0.00179577 0.000427196 0.0262312 0.0335955 0.00680223 0.0194744 0.00890759 0.365462 0.00933041 0.002412 0.00649372 0.968587 0.00203882 0.00128088 0.559601 0.00162207 0.0120336 0.00114191 0.00650161 0.00434433 0.123287 0.132477
0.991118 0.957429 0.991999 0.990645 0.667548 0.991088 0.975514 0.992139 0.152956 0.947019 0.992034 0.918345 0.0918155 0.887592 0.273134 0.29739 0.973853 0.987818 0.975193 0.991755 0.991757 0.932871 0.998123 0.992106 0.975624 0.99708 0.982741 0.0190035 0.987834 0.933888 0.610061 0.609947 0.983422 0.0345549 0.998228 0.834593 0.991748 0.78946 0.990085 0.990652 0.93407 0.542006 0.886698 0.723839 0.997809 0.997012 0.0616638 0.843495 0.990049 0.00857348 0.0210156 0.00197731 0.00886227 0.00862772 0.00999138 0.863867 0.604128 0.0203536 0.00162096 0.066792 0.454148 0.0214743 0.645324 0.00179884 0.990528 0.00651537 0.684328 0.709937 0.185432 0.00246468 0.912428 0.981171 0.998431 0.606188 0.941306 0.00770078 0.110938 0.00781643 0.00179706 0.000427487 0.0261003 0.0333085 0.00679588 0.0192874 0.00885376 0.370338 0.00930231 0.00239762 0.00646742 0.968839 0.002037 0.00128002 0.562952 0.00162025 0.012019 0.00113761 0.00649347 0.0043176 0.121975 0.130872
0.991173 0.957742 0.992056 0.990669 0.67133 0.991136 0.975679 0.992169 0.151377 0.947433 0.99208 0.918868 0.0902819 0.885428 0.270321 0.293412 0.974026 0.98789 0.975424 0.991762 0.991773 0.933686 0.99813 0.992117 0.975712 0.997098 0.982828 0.0187835 0.987908 0.934427 0.605059 0.604906 0.983552 0.0341583 0.998232 0.836294 0.991756 0.79151 0.99011 0.990678 0.934758 0.538457 0.887731 0.720657 0.997808 0.997018 0.0606484 0.84467 0.990065 0.00852793 0.0208875 0.00197711 0.00880943 0.00853747 0.00998304 0.865939 0.60812 0.0202133 0.00161922 0.0661087 0.450381 0.0211921 0.641512 0.00180012 0.990572 0.00650727 0.688438 0.713567 0.18381 0.00246122 0.913611 0.981379 0.99844 0.609868 0.94201 0.00768002 0.109942 0.00778293 0.00179839 0.000427707 0.0259735 0.0330216 0.00678722 0.0190982 0.00880218 0.375281 0.0092715 0.00238334 0.00644265 0.969091 0.00203566 0.0012791 0.566399 0.00161838 0.0120054 0.00113345 0.00648571 0.00429019 0.120639 0.129256
0.991229 0.958056 0.992112 0.990693 0.675092 0.991184 0.975846 0.992198 0.14979 0.947838 0.992126 0.91939 0.088786 0.883191 0.267515 0.289412 0.974197 0.987961 0.97566 0.991771 0.99179 0.934494 0.998137 0.992127 0.975796 0.997115 0.982916 0.0185646 0.98798 0.934969 0.599979 0.599815 0.98368 0.0337694 0.998236 0.837983 0.991764 0.793575 0.990133 0.990703 0.935442 0.534811 0.888763 0.717442 0.997806 0.997025 0.0596639 0.845824 0.990082 0.00848296 0.020758 0.00197675 0.008758 0.00844842 0.00997501 0.867996 0.612107 0.0200748 0.00161759 0.065418 0.446572 0.0209182 0.637646 0.00180134 0.990613 0.0064993 0.692537 0.717176 0.182181 0.0024582 0.914779 0.981585 0.998448 0.613551 0.942721 0.00765899 0.108955 0.00775037 0.00179984 0.000428002 0.0258401 0.0327312 0.00677983 0.0189117 0.00875065 0.380298 0.00924215 0.00236951 0.00641699 0.969338 0.00203387 0.00127833 0.569862 0.00161648 0.0119919 0.00112917 0.00647669 0.0042632 0.119314 0.127633
0.991285 0.958378 0.992168 0.990718 0.678794 0.991232 0.976012 0.992229 0.148189 0.948258 0.992171 0.919919 0.0873142 0.880888 0.264709 0.285435 0.97437 0.988031 0.975887 0.99178 0.991807 0.935291 0.998144 0.992137 0.975881 0.997132 0.983004 0.0183504 0.988052 0.93552 0.594807 0.59467 0.983809 0.0333789 0.99824 0.839674 0.991772 0.795651 0.990157 0.990728 0.936126 0.531077 0.889815 0.714167 0.997804 0.997031 0.0586839 0.847002 0.9901 0.0084388 0.0206288 0.00197659 0.00870682 0.00835992 0.00996599 0.870043 0.616116 0.0199317 0.00161596 0.0647392 0.442733 0.0206437 0.633676 0.00180288 0.990653 0.00649008 0.696664 0.720819 0.180538 0.00245509 0.915941 0.981789 0.998456 0.617242 0.94341 0.00763864 0.107946 0.00771601 0.00180104 0.000428378 0.0257049 0.0324463 0.00677308 0.0187287 0.00869973 0.385363 0.00921295 0.00235569 0.00639232 0.969585 0.00203219 0.00127762 0.573417 0.00161487 0.0119741 0.00112515 0.00646749 0.00423639 0.117987 0.126051
0.99134 0.9587 0.992223 0.99074 0.682573 0.991279 0.976181 0.992259 0.146581 0.948675 0.992216 0.920456 0.0858566 0.878513 0.261934 0.281447 0.974539 0.988102 0.976121 0.991789 0.991824 0.936084 0.998151 0.992148 0.975967 0.997149 0.983093 0.0181349 0.988122 0.936075 0.589598 0.589481 0.983938 0.0329927 0.998244 0.841407 0.991782 0.797743 0.990184 0.990753 0.936803 0.527385 0.890849 0.71081 0.997802 0.997038 0.0577227 0.848205 0.990114 0.00839484 0.0205006 0.00197639 0.00865599 0.00827279 0.0099562 0.872074 0.62014 0.0197911 0.00161455 0.0640523 0.438865 0.0203772 0.62968 0.00180422 0.990694 0.00648177 0.700775 0.724439 0.178874 0.00245218 0.917097 0.98199 0.998463 0.620947 0.944096 0.00761733 0.106939 0.00768246 0.00180236 0.000428846 0.0255675 0.0321612 0.00676506 0.0185471 0.00864598 0.390528 0.00918404 0.00234254 0.00636864 0.969835 0.00203056 0.00127693 0.576961 0.00161337 0.011956 0.00112125 0.00645765 0.00421131 0.116675 0.124482
0.991393 0.95902 0.992276 0.990768 0.686293 0.991325 0.976348 0.992288 0.145001 0.949076 0.992259 0.920998 0.0844245 0.876098 0.25911 0.277516 0.974705 0.988174 0.976353 0.991797 0.991841 0.936864 0.998158 0.992158 0.976048 0.997166 0.983181 0.0179213 0.988192 0.93663 0.584332 0.58424 0.984065 0.0326164 0.998247 0.843112 0.991791 0.799847 0.990211 0.990778 0.937478 0.523591 0.891891 0.707416 0.9978 0.997044 0.0567813 0.849418 0.990131 0.00834961 0.0203707 0.00197636 0.00860357 0.00818722 0.00994492 0.874079 0.624135 0.0196483 0.00161291 0.063374 0.434902 0.0201124 0.62564 0.0018056 0.990735 0.0064731 0.704892 0.728079 0.177225 0.0024491 0.918242 0.982189 0.998471 0.624654 0.944779 0.00759726 0.105934 0.00764851 0.00180373 0.000429285 0.0254266 0.031874 0.00675596 0.0183667 0.0085958 0.395771 0.00915355 0.002329 0.00634333 0.970085 0.00202898 0.00127646 0.580554 0.00161207 0.0119356 0.00111745 0.00644904 0.00418577 0.115372 0.122911
0.991448 0.959346 0.992331 0.990792 0.69003 0.99137 0.976512 0.992317 0.143431 0.949485 0.992303 0.921523 0.0829986 0.873621 0.256297 0.273615 0.974877 0.988245 0.976586 0.991807 0.991857 0.93765 0.998164 0.992168 0.976138 0.997181 0.983267 0.0177139 0.988263 0.937174 0.579052 0.578982 0.98419 0.0322378 0.998251 0.844812 0.9918 0.801942 0.990237 0.990803 0.938136 0.519779 0.892927 0.703885 0.997799 0.99705 0.0558426 0.850653 0.990149 0.00830253 0.0202411 0.00197578 0.00855275 0.00810189 0.00993299 0.876053 0.628198 0.0195055 0.00161143 0.0626929 0.430947 0.0198517 0.621561 0.00180709 0.990777 0.00646529 0.709017 0.731668 0.175541 0.0024465 0.919366 0.982386 0.998478 0.628416 0.94545 0.0075766 0.104924 0.00761427 0.00180523 0.000429827 0.0252862 0.0315885 0.00674773 0.0181881 0.00854501 0.40102 0.0091226 0.00231584 0.00631827 0.970332 0.00202756 0.00127582 0.584167 0.00161078 0.0119139 0.00111378 0.00644073 0.00416018 0.114057 0.121331
0.991503 0.959663 0.992385 0.990817 0.693745 0.991417 0.976676 0.992347 0.141834 0.949898 0.992347 0.922073 0.0815932 0.871053 0.253448 0.269699 0.975051 0.988316 0.976815 0.991815 0.991876 0.938417 0.998171 0.992179 0.976229 0.997198 0.983354 0.0175103 0.988333 0.937732 0.573705 0.573629 0.984315 0.0318563 0.998254 0.84652 0.99181 0.804028 0.990266 0.990827 0.9388 0.515918 0.893995 0.700332 0.997797 0.997056 0.0549202 0.851908 0.990166 0.00825781 0.0201102 0.00197533 0.00850271 0.00801934 0.00992161 0.87801 0.632249 0.0193666 0.00161026 0.0620226 0.426933 0.019595 0.617351 0.00180862 0.990818 0.00645688 0.7131 0.735273 0.173863 0.00244357 0.920479 0.982581 0.998485 0.632195 0.946113 0.00755632 0.103912 0.00758095 0.00180656 0.000430396 0.0251462 0.0313048 0.00673846 0.0180098 0.00849361 0.406307 0.00909299 0.00230263 0.00629375 0.97058 0.00202625 0.00127527 0.587845 0.00160973 0.0118936 0.00111035 0.00643209 0.00413473 0.112749 0.119779
0.991557 0.959979 0.992438 0.990841 0.697457 0.991464 0.97684 0.992375 0.140199 0.950311 0.99239 0.922615 0.0802169 0.868406 0.250575 0.26581 0.975224 0.988387 0.977041 0.991826 0.991895 0.939186 0.998177 0.99219 0.976316 0.997214 0.983444 0.0173071 0.988403 0.938284 0.568246 0.568184 0.984438 0.0314814 0.998257 0.848228 0.99182 0.806153 0.990292 0.990852 0.939459 0.512004 0.895044 0.69672 0.997795 0.997063 0.0540116 0.853154 0.990185 0.00821287 0.019979 0.00197481 0.0084545 0.00793718 0.00991002 0.879976 0.636326 0.0192268 0.00160859 0.0613488 0.42293 0.0193368 0.613093 0.00181038 0.99086 0.00644825 0.717195 0.738859 0.172156 0.00244086 0.921584 0.982772 0.998492 0.635977 0.946773 0.00753523 0.102884 0.00754609 0.00180813 0.000431014 0.0250024 0.031025 0.00673041 0.0178359 0.00844275 0.411708 0.00906473 0.00228971 0.00626843 0.970825 0.00202507 0.00127487 0.591523 0.00160841 0.0118729 0.00110694 0.00642374 0.0041096 0.111447 0.118242
0.991613 0.960305 0.99249 0.990865 0.701213 0.99151 0.977004 0.992406 0.138606 0.950721 0.992432 0.923165 0.0788582 0.865687 0.247746 0.261931 0.975396 0.988458 0.977266 0.991836 0.991912 0.939956 0.998184 0.992202 0.97641 0.997229 0.983536 0.0171029 0.988471 0.93884 0.562779 0.562702 0.984563 0.031107 0.99826 0.849931 0.99183 0.808259 0.99032 0.990877 0.940122 0.508033 0.896093 0.693029 0.997793 0.99707 0.0531106 0.854403 0.990204 0.00816662 0.019848 0.00197447 0.00840294 0.00785574 0.00989921 0.881899 0.640425 0.019089 0.0016074 0.0606764 0.418823 0.019086 0.608757 0.00181183 0.9909 0.00643865 0.721263 0.742504 0.170447 0.00243783 0.922688 0.98296 0.998499 0.63979 0.947422 0.00751593 0.101872 0.00751238 0.00180965 0.000431633 0.0248586 0.0307423 0.00672044 0.0176608 0.00839329 0.417136 0.00903558 0.00227697 0.0062445 0.971077 0.0020237 0.00127457 0.595213 0.00160741 0.0118524 0.00110372 0.00641468 0.00408484 0.110152 0.116708
0.991667 0.960625 0.992541 0.99089 0.704957 0.991556 0.977174 0.992436 0.136997 0.95113 0.992473 0.923727 0.0775106 0.862917 0.244894 0.258066 0.975568 0.988529 0.977494 0.991846 0.991932 0.940705 0.99819 0.992214 0.976504 0.997244 0.983626 0.0169041 0.988541 0.9394 0.557269 0.557165 0.984687 0.0307382 0.998263 0.85165 0.991839 0.81038 0.990347 0.990901 0.940777 0.504002 0.897132 0.689265 0.997791 0.997077 0.0522311 0.855666 0.990223 0.00812167 0.0197172 0.00197389 0.00835272 0.00777479 0.00988338 0.883837 0.644516 0.018952 0.00160636 0.0600021 0.414748 0.0188404 0.604397 0.00181362 0.990942 0.00642954 0.725303 0.746082 0.168737 0.00243506 0.923762 0.983148 0.998505 0.643625 0.948071 0.00749644 0.100841 0.0074804 0.00181125 0.000432356 0.0247177 0.0304602 0.00671261 0.0174874 0.00834236 0.422632 0.0090055 0.00226439 0.00622016 0.971321 0.00202234 0.00127429 0.598956 0.00160657 0.0118313 0.00110055 0.00640661 0.00405979 0.108875 0.115191
0.991721 0.960946 0.992593 0.990916 0.708723 0.991602 0.977342 0.992464 0.135406 0.951543 0.992517 0.924296 0.0761949 0.860073 0.242097 0.254201 0.975739 0.988598 0.977715 0.991856 0.99195 0.941448 0.998195 0.992225 0.976601 0.997259 0.983714 0.0167082 0.988611 0.939958 0.551709 0.551576 0.984809 0.0303719 0.998265 0.853374 0.991848 0.812478 0.990377 0.990925 0.941429 0.499937 0.898185 0.685402 0.997789 0.997083 0.051358 0.856939 0.990241 0.00807676 0.0195828 0.00197357 0.0083034 0.0076945 0.00986804 0.885716 0.648637 0.0188143 0.00160512 0.0593384 0.410669 0.0185958 0.59995 0.00181535 0.990981 0.00641988 0.729376 0.749652 0.167032 0.00243221 0.924825 0.983334 0.998512 0.647463 0.948717 0.00747605 0.0998084 0.00744591 0.00181283 0.000433064 0.0245721 0.0301801 0.00670321 0.0173176 0.00829183 0.428193 0.00897624 0.00225202 0.00619467 0.971568 0.00202106 0.001274 0.602738 0.00160565 0.0118063 0.0010974 0.00639577 0.00403533 0.107581 0.113672
0.991775 0.96127 0.992643 0.990941 0.712445 0.991648 0.977502 0.992492 0.133807 0.951959 0.992558 0.924864 0.0748972 0.857142 0.2393 0.250336 0.975912 0.988668 0.977934 0.991866 0.99197 0.942171 0.998201 0.992236 0.976697 0.997274 0.983799 0.0165143 0.98868 0.940529 0.546074 0.545979 0.984933 0.0300065 0.998268 0.855096 0.991859 0.814631 0.990405 0.99095 0.942078 0.495837 0.899229 0.681492 0.997787 0.99709 0.0504988 0.858236 0.99026 0.00803168 0.0194509 0.00197349 0.0082533 0.00761465 0.00985337 0.887593 0.652779 0.0186773 0.00160423 0.0586767 0.406501 0.0183532 0.595416 0.00181682 0.991023 0.00640943 0.7334 0.753233 0.165308 0.00242976 0.925874 0.983519 0.998518 0.65133 0.949352 0.00745444 0.098783 0.00741371 0.00181459 0.000433792 0.0244294 0.0299032 0.00669334 0.0171478 0.00824445 0.433762 0.0089458 0.00223962 0.0061707 0.971818 0.00202024 0.00127367 0.606565 0.00160489 0.0117814 0.00109419 0.00638629 0.00401128 0.106287 0.112149
0.991829 0.961594 0.992694 0.990966 0.71618 0.991692 0.977663 0.992522 0.132233 0.952374 0.9926 0.925438 0.0736104 0.854132 0.236452 0.24652 0.976081 0.988737 0.978155 0.991877 0.991989 0.942902 0.998207 0.992248 0.976796 0.997289 0.98389 0.0163197 0.988748 0.941088 0.540387 0.540303 0.985052 0.0296446 0.998271 0.856821 0.99187 0.816776 0.990433 0.990974 0.942722 0.49167 0.900273 0.677476 0.997785 0.997095 0.0496507 0.859552 0.990279 0.00798574 0.0193162 0.00197336 0.00820511 0.00753732 0.00983909 0.889427 0.656935 0.0185391 0.0016033 0.0580162 0.402327 0.0181144 0.590844 0.00181834 0.991064 0.00639915 0.737361 0.756788 0.16356 0.00242691 0.926922 0.983698 0.998524 0.655216 0.94998 0.00743404 0.0977545 0.00738067 0.00181653 0.000434634 0.0242809 0.0296167 0.0066848 0.0169788 0.00819404 0.439408 0.00891556 0.00222768 0.00614586 0.972061 0.00201957 0.00127374 0.610414 0.00160426 0.0117549 0.00109111 0.00637618 0.00398857 0.105 0.110646
0.991882 0.96192 0.992743 0.99099 0.719897 0.991736 0.977822 0.992551 0.130641 0.952785 0.99264 0.926004 0.0723395 0.851028 0.233598 0.242705 0.976253 0.988807 0.978373 0.991889 0.99201 0.943631 0.998212 0.99226 0.976897 0.997303 0.983981 0.0161293 0.988818 0.941659 0.534604 0.534592 0.985169 0.0292832 0.998273 0.85853 0.991883 0.818887 0.990464 0.991 0.943357 0.48749 0.901311 0.673357 0.997782 0.997102 0.0488203 0.860848 0.990299 0.0079419 0.0191841 0.00197291 0.00815646 0.00746072 0.00982292 0.891251 0.661066 0.0184036 0.00160259 0.0573608 0.398128 0.0178814 0.586213 0.00182014 0.991104 0.00639024 0.741353 0.760355 0.161828 0.00242486 0.927945 0.98388 0.99853 0.659145 0.950598 0.00741212 0.0967231 0.00734603 0.00181849 0.000435492 0.0241273 0.0293397 0.00667509 0.0168109 0.00814648 0.445145 0.00888525 0.00221625 0.00612119 0.972307 0.00201862 0.00127374 0.614287 0.00160343 0.0117291 0.00108826 0.00636671 0.00396614 0.103706 0.109151
0.991935 0.962241 0.992792 0.991018 0.723596 0.99178 0.977983 0.992582 0.129054 0.953199 0.992681 0.926579 0.0710954 0.84786 0.230737 0.238897 0.976422 0.988876 0.978587 0.9919 0.99203 0.944351 0.998217 0.992272 0.976998 0.997317 0.984071 0.015943 0.988887 0.942219 0.528798 0.528841 0.98529 0.0289299 0.998276 0.860247 0.991894 0.821023 0.990492 0.991025 0.943991 0.483279 0.902351 0.66917 0.99778 0.997108 0.0479977 0.862157 0.990318 0.0078961 0.0190483 0.00197268 0.00810867 0.0073846 0.00980608 0.893053 0.665214 0.0182687 0.00160187 0.0567065 0.393881 0.0176523 0.581486 0.00182187 0.991143 0.00637991 0.745326 0.763872 0.160061 0.00242318 0.928975 0.984058 0.998536 0.66307 0.951217 0.00739097 0.095693 0.0073117 0.00182022 0.000436463 0.0239765 0.0290641 0.0066652 0.0166483 0.00809794 0.450947 0.0088555 0.0022046 0.00609573 0.972551 0.00201789 0.00127391 0.6182 0.00160312 0.0117027 0.00108569 0.00635724 0.00394274 0.10244 0.10767
0.991987 0.962558 0.992838 0.991043 0.727314 0.991823 0.978142 0.992611 0.127465 0.953617 0.992721 0.927152 0.069853 0.8446 0.227899 0.235158 0.976591 0.988945 0.978801 0.991913 0.992051 0.945063 0.998222 0.992284 0.977103 0.997331 0.984162 0.0157569 0.988956 0.942788 0.523002 0.523027 0.985409 0.0285762 0.998278 0.861953 0.991907 0.823144 0.990522 0.991051 0.944624 0.479037 0.903407 0.664862 0.997778 0.997114 0.0471952 0.863459 0.990339 0.00785199 0.0189136 0.00197245 0.00805929 0.00730968 0.00978886 0.894843 0.669383 0.0181329 0.0016013 0.0560511 0.389637 0.0174215 0.576682 0.00182375 0.991182 0.00636989 0.749223 0.7674 0.158315 0.00242091 0.929988 0.984236 0.998542 0.666989 0.95183 0.00736885 0.0946473 0.00727775 0.00182221 0.000437412 0.0238245 0.0287932 0.00665619 0.0164839 0.00804987 0.456749 0.00882515 0.00219288 0.00607167 0.972795 0.00201708 0.00127385 0.622141 0.00160268 0.011675 0.00108304 0.0063465 0.00392026 0.101169 0.106209
0.99204 0.962883 0.992886 0.99107 0.731012 0.991867 0.978301 0.992641 0.12587 0.954028 0.99276 0.92773 0.0686498 0.841237 0.225075 0.231433 0.976763 0.989015 0.979016 0.991924 0.992073 0.945783 0.998227 0.992299 0.977211 0.997345 0.984253 0.0155718 0.989026 0.943352 0.517203 0.517129 0.985529 0.0282282 0.99828 0.86365 0.99192 0.825276 0.990553 0.991078 0.945255 0.47471 0.904462 0.660567 0.997775 0.997119 0.0464037 0.864794 0.990358 0.00780821 0.018781 0.00197196 0.00801161 0.00723559 0.0097709 0.89662 0.673508 0.0180017 0.00160085 0.0554027 0.385344 0.0171972 0.57186 0.00182547 0.991222 0.00635981 0.753138 0.770912 0.156566 0.00241877 0.930993 0.984411 0.998547 0.671011 0.952436 0.0073461 0.093599 0.00724445 0.00182431 0.000438446 0.0236694 0.0285175 0.00664555 0.0163217 0.00800195 0.462592 0.00879407 0.00218216 0.00604676 0.973033 0.00201607 0.00127398 0.626096 0.00160216 0.0116462 0.00108048 0.0063361 0.00389809 0.099918 0.104743
0.992092 0.963199 0.992932 0.991096 0.734698 0.99191 0.97846 0.99267 0.124276 0.954437 0.9928 0.928302 0.0674586 0.837775 0.222229 0.227725 0.97693 0.989085 0.979229 0.991936 0.992094 0.946483 0.998232 0.99231 0.97732 0.997358 0.984343 0.0153916 0.989095 0.943929 0.511326 0.511203 0.985645 0.0278756 0.998282 0.865361 0.991932 0.827416 0.990583 0.991102 0.945874 0.470302 0.905512 0.656153 0.997773 0.997124 0.0456275 0.866121 0.990381 0.00776368 0.018646 0.0019717 0.0079627 0.00716255 0.00975122 0.898367 0.677654 0.017867 0.00160018 0.054753 0.381037 0.0169758 0.566959 0.00182735 0.991261 0.00634827 0.757044 0.774394 0.154809 0.00241677 0.931987 0.984581 0.998552 0.674956 0.953045 0.00732373 0.0925603 0.00721151 0.00182624 0.00043949 0.0235191 0.0282427 0.00663546 0.0161612 0.0079541 0.468487 0.00876345 0.00217138 0.00602215 0.973271 0.00201558 0.0012741 0.630085 0.00160173 0.0116178 0.00107825 0.00632601 0.00387669 0.0986501 0.103296
0.992142 0.96352 0.992979 0.991122 0.738365 0.991953 0.978615 0.992698 0.122693 0.954852 0.992839 0.928883 0.066288 0.834233 0.219363 0.224015 0.977096 0.989155 0.979437 0.991949 0.992115 0.947192 0.998236 0.992323 0.977429 0.997372 0.984431 0.0152104 0.989163 0.944497 0.505377 0.505231 0.98576 0.0275319 0.998285 0.86706 0.991946 0.829575 0.990615 0.991129 0.946491 0.465876 0.906565 0.651658 0.997771 0.997131 0.0448654 0.867464 0.990401 0.00771876 0.0185096 0.00197177 0.007915 0.00709146 0.00973138 0.900081 0.681852 0.017735 0.00159954 0.0541074 0.376737 0.0167584 0.561965 0.00182965 0.991301 0.00633739 0.760927 0.777842 0.153054 0.00241467 0.932957 0.984749 0.998557 0.678912 0.953647 0.00730396 0.0915307 0.00717849 0.00182831 0.000440608 0.0233629 0.0279729 0.00662412 0.0159975 0.00790747 0.474481 0.00873229 0.00216058 0.00599793 0.973513 0.00201487 0.00127453 0.634086 0.00160111 0.0115865 0.00107583 0.00631624 0.00385481 0.0974024 0.101858
0.992195 0.963841 0.993025 0.991148 0.742008 0.991997 0.978777 0.992729 0.12113 0.955257 0.992878 0.929465 0.0651388 0.83058 0.216557 0.220343 0.977262 0.989222 0.979646 0.991963 0.992137 0.947875 0.99824 0.992337 0.977539 0.997385 0.98452 0.0150309 0.989233 0.945067 0.499414 0.499254 0.985878 0.0271896 0.998286 0.868764 0.991959 0.831681 0.990647 0.991154 0.947101 0.461368 0.907621 0.647113 0.997768 0.997136 0.0441076 0.868801 0.990422 0.00767626 0.0183749 0.00197154 0.007869 0.00702144 0.00971028 0.901791 0.686044 0.0175984 0.00159887 0.0534645 0.372379 0.0165409 0.556944 0.00183118 0.991343 0.00632572 0.764796 0.781288 0.15127 0.00241295 0.93393 0.984916 0.998562 0.682856 0.954229 0.00728188 0.0904831 0.0071459 0.00183022 0.000441722 0.0232074 0.0276981 0.00661273 0.0158397 0.0078598 0.480491 0.0087013 0.00215017 0.00597245 0.973752 0.0020145 0.00127504 0.638167 0.00160059 0.0115552 0.00107345 0.00630489 0.00383306 0.0961684 0.100432
0.992246 0.964165 0.99307 0.991175 0.745661 0.992038 0.978936 0.992759 0.119555 0.955668 0.992917 0.93006 0.0639962 0.826871 0.213728 0.216674 0.977432 0.989289 0.979856 0.991976 0.992159 0.94857 0.998244 0.992351 0.977657 0.997397 0.984608 0.0148538 0.989303 0.945636 0.493381 0.493186 0.985993 0.0268523 0.998288 0.870455 0.991973 0.83382 0.990679 0.991181 0.947713 0.456822 0.908664 0.64245 0.997766 0.997142 0.043367 0.870133 0.990445 0.00763307 0.0182386 0.00197139 0.00782154 0.00695172 0.00968874 0.903474 0.690204 0.0174643 0.00159834 0.0528256 0.368004 0.016329 0.551845 0.00183306 0.991384 0.0063142 0.768621 0.784715 0.149493 0.00241109 0.934896 0.985084 0.998567 0.686835 0.954809 0.00726158 0.0894329 0.00711242 0.00183261 0.000442904 0.0230442 0.0274269 0.0066018 0.0156814 0.00781367 0.486525 0.00867085 0.00213964 0.0059479 0.973992 0.00201411 0.00127566 0.642232 0.00160045 0.0115197 0.00107135 0.00629409 0.0038119 0.0949155 0.0990084
0.992296 0.964481 0.993115 0.991201 0.749306 0.992081 0.979092 0.992787 0.117976 0.956078 0.992956 0.930649 0.0628778 0.823027 0.210887 0.213034 0.977598 0.989357 0.980062 0.991989 0.992182 0.949252 0.998249 0.992365 0.977771 0.99741 0.984699 0.0146798 0.989371 0.94621 0.487307 0.487098 0.986107 0.026516 0.99829 0.872144 0.991987 0.835957 0.990711 0.991209 0.94832 0.452236 0.909711 0.637701 0.997763 0.997148 0.0426395 0.871502 0.990468 0.00758907 0.0181049 0.00197158 0.00777647 0.00688213 0.00966752 0.905137 0.694381 0.0173309 0.00159835 0.0521974 0.363572 0.0161177 0.546695 0.00183521 0.991424 0.00630207 0.772384 0.788108 0.147696 0.00240888 0.935849 0.985248 0.998572 0.690837 0.955379 0.00723923 0.0883971 0.00707976 0.00183437 0.000444186 0.0228861 0.0271563 0.00659048 0.0155245 0.00776766 0.492596 0.00863942 0.00212916 0.00592473 0.974231 0.00201374 0.00127622 0.646368 0.00160024 0.0114861 0.00106936 0.0062829 0.00379036 0.0936875 0.0975921
0.992345 0.964803 0.99316 0.991227 0.752922 0.992123 0.979248 0.992816 0.116419 0.956482 0.992994 0.931251 0.0617724 0.819079 0.208056 0.209425 0.977768 0.989427 0.980267 0.992002 0.992206 0.949914 0.998253 0.992378 0.977886 0.997422 0.984788 0.0145118 0.989437 0.946781 0.481196 0.480913 0.98622 0.0261796 0.998291 0.873822 0.992002 0.838072 0.990743 0.991236 0.948924 0.447627 0.910773 0.632851 0.997761 0.997153 0.0419194 0.872875 0.99049 0.00754509 0.01797 0.00197164 0.00773113 0.0068147 0.00964378 0.906767 0.69851 0.0171984 0.00159796 0.0515657 0.359105 0.0159095 0.541415 0.00183747 0.991462 0.00629085 0.776162 0.791471 0.145913 0.00240719 0.936788 0.985411 0.998576 0.694847 0.955949 0.00721701 0.0873624 0.00704777 0.00183671 0.000445463 0.0227281 0.0268864 0.0065784 0.0153715 0.00772199 0.498787 0.00860806 0.00211895 0.00590049 0.974471 0.00201334 0.0012767 0.650456 0.0016003 0.0114541 0.00106749 0.00627141 0.00376988 0.0924586 0.0961891
0.992396 0.965121 0.993204 0.991251 0.75654 0.992164 0.979403 0.992844 0.114858 0.956898 0.993032 0.931852 0.0606729 0.815036 0.205246 0.205864 0.977935 0.989495 0.980468 0.992018 0.992229 0.950567 0.998257 0.992391 0.978003 0.997435 0.984875 0.0143449 0.989505 0.947347 0.475042 0.474772 0.986333 0.0258515 0.998293 0.875504 0.992016 0.840185 0.990776 0.991262 0.949527 0.443005 0.911832 0.627926 0.997758 0.997159 0.0412131 0.874253 0.990512 0.00750128 0.017834 0.00197151 0.0076867 0.00674867 0.00962101 0.908403 0.702693 0.017066 0.00159786 0.0509367 0.354672 0.0157043 0.536144 0.0018396 0.991502 0.006278 0.779919 0.794822 0.144115 0.00240556 0.937723 0.985571 0.99858 0.698819 0.956504 0.00719502 0.0863292 0.00701624 0.00183876 0.000446831 0.0225668 0.0266182 0.00656653 0.0152273 0.00767749 0.505 0.00857731 0.00210863 0.00587639 0.97471 0.00201294 0.00127746 0.654583 0.00160057 0.011419 0.00106567 0.00625921 0.00375014 0.0912447 0.0947958
0.992446 0.965443 0.993247 0.991277 0.760145 0.992206 0.979556 0.992874 0.113298 0.95731 0.99307 0.932459 0.0596001 0.810894 0.202445 0.202349 0.978101 0.989562 0.980668 0.992032 0.992252 0.951222 0.998261 0.992407 0.978124 0.997447 0.984965 0.0141751 0.989571 0.947913 0.46889 0.468616 0.986443 0.0255248 0.998294 0.877169 0.992031 0.842305 0.990809 0.991289 0.950114 0.4383 0.91288 0.62291 0.997755 0.997164 0.0405183 0.875627 0.990535 0.0074575 0.017694 0.00197116 0.0076406 0.00668289 0.00959612 0.910014 0.706893 0.0169351 0.00159774 0.0503184 0.350249 0.015505 0.530779 0.00184203 0.991541 0.00626625 0.783649 0.798133 0.142306 0.00240396 0.938634 0.985727 0.998584 0.702796 0.957059 0.00717217 0.0852791 0.00698323 0.00184084 0.000448248 0.0224051 0.0263547 0.00655459 0.0150764 0.00763313 0.51121 0.00854476 0.00209881 0.00585173 0.974947 0.00201305 0.00127849 0.658761 0.00160054 0.0113854 0.00106391 0.00624718 0.00372997 0.0900266 0.0934134
0.992494 0.965761 0.993291 0.991305 0.763676 0.992246 0.979712 0.992902 0.111742 0.957724 0.993106 0.933062 0.0585437 0.806638 0.199637 0.198849 0.978268 0.989627 0.980865 0.992047 0.992274 0.951867 0.998265 0.992421 0.978243 0.997458 0.985056 0.0140097 0.989639 0.94848 0.462675 0.462403 0.986554 0.025206 0.998296 0.878831 0.992045 0.844412 0.990842 0.991317 0.950701 0.433547 0.913918 0.617787 0.997753 0.997169 0.0398315 0.877003 0.99056 0.00741524 0.0175592 0.00197109 0.00759636 0.00661782 0.00957114 0.911582 0.711079 0.0168063 0.00159795 0.0497024 0.345756 0.0153078 0.52534 0.00184442 0.991582 0.00625332 0.787364 0.801435 0.140515 0.00240281 0.939546 0.985884 0.998588 0.7068 0.95761 0.00715058 0.0842453 0.0069509 0.00184315 0.000449703 0.0222468 0.026089 0.00654344 0.0149243 0.0075883 0.517463 0.00851228 0.00208912 0.00582708 0.975184 0.00201284 0.00127927 0.662964 0.00160075 0.0113498 0.00106233 0.00623522 0.0037101 0.0888147 0.0920422
0.992544 0.966081 0.993333 0.991332 0.767237 0.992286 0.979867 0.992931 0.110209 0.958136 0.993143 0.93367 0.0575132 0.802255 0.196823 0.19538 0.978435 0.989692 0.981062 0.992062 0.992298 0.952517 0.998268 0.992435 0.97836 0.99747 0.985146 0.0138489 0.989706 0.949048 0.456411 0.456176 0.986666 0.0248848 0.998297 0.880483 0.99206 0.846533 0.990875 0.991344 0.951275 0.428791 0.914952 0.612614 0.99775 0.997174 0.0391551 0.878402 0.990584 0.00737145 0.017421 0.00197107 0.00755221 0.00655453 0.00954572 0.913146 0.715282 0.0166753 0.00159824 0.0490799 0.341207 0.0151128 0.519815 0.00184669 0.991621 0.00624117 0.791022 0.804735 0.138749 0.00240092 0.940442 0.986039 0.998592 0.710845 0.958154 0.00712915 0.0832059 0.00691899 0.00184573 0.000451161 0.0220834 0.0258286 0.00653035 0.014776 0.00754254 0.523735 0.00847975 0.00207942 0.00580427 0.975417 0.00201282 0.00128037 0.667146 0.00160099 0.0113119 0.00106073 0.00622177 0.0036908 0.0875921 0.0906795
0.992594 0.966401 0.993374 0.991359 0.770756 0.992326 0.980023 0.992961 0.108672 0.958555 0.99318 0.93427 0.0564946 0.797714 0.194008 0.191967 0.978603 0.989759 0.981259 0.992076 0.992323 0.95316 0.998272 0.99245 0.978483 0.997482 0.985235 0.0136893 0.989769 0.949612 0.45016 0.449915 0.986773 0.0245661 0.998297 0.882131 0.992074 0.848648 0.99091 0.991372 0.951843 0.423975 0.915996 0.607317 0.997747 0.99718 0.0384902 0.879792 0.990608 0.00732792 0.0172841 0.00197113 0.00750727 0.00649244 0.00951865 0.914676 0.719445 0.0165415 0.00159849 0.0484595 0.336716 0.0149201 0.514312 0.00184901 0.99166 0.0062285 0.794676 0.807984 0.136966 0.00239893 0.941336 0.986191 0.998596 0.714877 0.958696 0.00710662 0.0821737 0.00688598 0.00184772 0.000452752 0.021919 0.0255698 0.00651788 0.0146312 0.00749861 0.530079 0.00844592 0.00206989 0.00578085 0.975653 0.00201303 0.00128131 0.671348 0.00160099 0.0112748 0.0010592 0.00620938 0.00367198 0.0863861 0.0893241
0.992643 0.966722 0.993414 0.991387 0.77426 0.992366 0.980182 0.99299 0.107149 0.958956 0.993215 0.934868 0.0554909 0.793078 0.191257 0.188535 0.978767 0.989824 0.981454 0.992092 0.992347 0.953788 0.998275 0.992466 0.978611 0.997493 0.985323 0.0135305 0.989833 0.950164 0.443894 0.443623 0.986881 0.0242478 0.998298 0.883795 0.99209 0.850756 0.990946 0.9914 0.95242 0.419101 0.917033 0.601976 0.997744 0.997185 0.0378364 0.881207 0.990633 0.00728439 0.0171477 0.00197112 0.00746261 0.00642922 0.00949306 0.916205 0.723625 0.0164098 0.00159906 0.0478508 0.332175 0.0147329 0.508718 0.00185143 0.991699 0.00621548 0.798275 0.811226 0.135189 0.00239746 0.942209 0.98634 0.998599 0.718918 0.959229 0.00708395 0.081142 0.00685433 0.00184971 0.000454363 0.0217538 0.0253089 0.00650496 0.0144843 0.00745304 0.536468 0.00841445 0.00206059 0.00575744 0.975889 0.00201296 0.00128249 0.675572 0.0016013 0.0112366 0.00105782 0.00619626 0.00365304 0.0851794 0.0879784
0.99269 0.967043 0.993456 0.991415 0.77776 0.992408 0.980337 0.993018 0.105613 0.959358 0.993252 0.935482 0.0544998 0.788362 0.188484 0.185154 0.978932 0.989891 0.981649 0.992108 0.992372 0.954407 0.998278 0.992481 0.978739 0.997504 0.985414 0.0133734 0.989898 0.95072 0.437566 0.437264 0.986989 0.0239354 0.998299 0.885426 0.992107 0.852848 0.990981 0.991427 0.952991 0.414198 0.918059 0.596531 0.997741 0.99719 0.0371986 0.8826 0.990657 0.0072415 0.0170106 0.00197116 0.00741929 0.00636802 0.0094658 0.917709 0.727801 0.0162787 0.00159944 0.047252 0.327641 0.0145449 0.503028 0.00185383 0.991737 0.00620258 0.801857 0.814422 0.133407 0.00239616 0.943081 0.986489 0.998602 0.722912 0.959757 0.00705973 0.0801086 0.00682259 0.00185216 0.000455977 0.0215922 0.0250451 0.00649196 0.014341 0.00741028 0.542846 0.00838243 0.00205183 0.00573513 0.976124 0.00201299 0.00128357 0.679848 0.00160144 0.0111971 0.00105672 0.00618301 0.0036343 0.0839993 0.0866552
0.992738 0.967351 0.993496 0.991444 0.781258 0.992449 0.980487 0.993045 0.104099 0.95977 0.993288 0.936091 0.0535247 0.783509 0.185732 0.181802 0.979095 0.989958 0.98184 0.992123 0.992397 0.955025 0.998281 0.992498 0.978865 0.997514 0.985503 0.0132191 0.989963 0.951284 0.43123 0.430901 0.987097 0.0236308 0.998299 0.887037 0.992123 0.85493 0.991017 0.991455 0.953557 0.409248 0.919099 0.590989 0.997738 0.997196 0.0365725 0.883989 0.990683 0.00719857 0.0168772 0.00197147 0.00737532 0.00630745 0.00943837 0.919181 0.731953 0.0161486 0.00160002 0.0466427 0.323097 0.0143599 0.497306 0.0018563 0.991774 0.00618972 0.805409 0.817616 0.131616 0.00239546 0.943938 0.986636 0.998605 0.72691 0.960281 0.00703677 0.0790774 0.00679138 0.00185454 0.000457636 0.0214306 0.0247882 0.00647872 0.0141995 0.00736713 0.549275 0.00834965 0.00204282 0.00571255 0.976361 0.0020132 0.00128478 0.6841 0.00160161 0.0111562 0.0010556 0.00616992 0.00361549 0.0828113 0.085342
0.992785 0.967665 0.993535 0.991471 0.784705 0.992488 0.980641 0.993073 0.102591 0.960178 0.993323 0.936713 0.0525688 0.778527 0.182972 0.178484 0.979262 0.99002 0.982034 0.992139 0.992422 0.955635 0.998284 0.992514 0.978992 0.997524 0.985594 0.0130653 0.990027 0.951844 0.424927 0.424509 0.987204 0.0233298 0.9983 0.888655 0.99214 0.857019 0.991054 0.991482 0.954119 0.404273 0.920129 0.585389 0.997734 0.9972 0.0359509 0.885389 0.990708 0.00715578 0.0167414 0.00197161 0.00733294 0.00624792 0.00940937 0.920635 0.736082 0.016019 0.00160062 0.0460362 0.318517 0.0141786 0.491545 0.00185901 0.991812 0.00617648 0.808922 0.820777 0.129843 0.00239454 0.944787 0.986782 0.998608 0.730944 0.960806 0.00701436 0.0780574 0.00675942 0.00185759 0.000459432 0.0212625 0.0245292 0.00646452 0.0140579 0.00732408 0.555698 0.00831856 0.00203466 0.00568826 0.976595 0.0020134 0.0012862 0.688379 0.00160219 0.0111146 0.00105477 0.00615734 0.00359644 0.0816392 0.0840487
0.992832 0.96798 0.993575 0.991501 0.788152 0.992527 0.980793 0.993101 0.101101 0.960581 0.993358 0.937323 0.0516373 0.773438 0.180251 0.175219 0.979426 0.990085 0.982223 0.992154 0.992448 0.956241 0.998287 0.992529 0.97912 0.997534 0.985686 0.0129172 0.990092 0.952402 0.418573 0.418139 0.987311 0.0230298 0.998301 0.890247 0.992157 0.859107 0.99109 0.991509 0.954681 0.399273 0.921145 0.579677 0.997731 0.997205 0.0353374 0.886793 0.990733 0.00711394 0.0166076 0.001972 0.00729071 0.0061897 0.00937983 0.922066 0.740201 0.0158919 0.00160108 0.0454349 0.313912 0.0139982 0.485716 0.00186166 0.991851 0.00616186 0.812395 0.823909 0.128063 0.0023935 0.945616 0.986924 0.998611 0.734944 0.96132 0.00699113 0.0770386 0.00672883 0.00186025 0.000461287 0.0210965 0.0242725 0.00645008 0.0139186 0.00728097 0.562111 0.00828455 0.00202651 0.00566486 0.976826 0.00201357 0.00128742 0.692634 0.00160308 0.0110724 0.00105399 0.00614391 0.00357816 0.0804688 0.0827576
0.99288 0.968287 0.993615 0.991529 0.791531 0.992565 0.980949 0.993128 0.0996196 0.96099 0.993393 0.937935 0.0507144 0.768211 0.17751 0.171977 0.979594 0.990151 0.982409 0.99217 0.992473 0.95684 0.998289 0.992544 0.97925 0.997544 0.985776 0.0127682 0.990156 0.95296 0.41219 0.411691 0.987418 0.0227317 0.998301 0.891861 0.992174 0.861184 0.991126 0.991535 0.955233 0.394243 0.922162 0.573904 0.997728 0.99721 0.0347377 0.888206 0.990759 0.00707093 0.0164715 0.00197244 0.00724682 0.00613139 0.00934934 0.923461 0.744291 0.0157638 0.0016017 0.0448384 0.309382 0.0138203 0.479833 0.0018643 0.991889 0.00614814 0.815817 0.827019 0.126294 0.00239269 0.946445 0.987066 0.998614 0.738975 0.961828 0.00696773 0.0760025 0.00669581 0.00186281 0.000463131 0.0209324 0.0240164 0.00643669 0.0137816 0.00723877 0.56856 0.0082507 0.00201854 0.00564179 0.977055 0.00201394 0.00128893 0.696944 0.00160384 0.0110283 0.00105322 0.00613088 0.00356048 0.0793128 0.0814783
0.992926 0.968599 0.993654 0.991558 0.794935 0.992605 0.9811 0.993155 0.0981343 0.961386 0.993427 0.938558 0.04981 0.762817 0.174796 0.168762 0.979755 0.990216 0.982595 0.992188 0.992499 0.957435 0.998292 0.992561 0.979382 0.997553 0.985867 0.0126208 0.990219 0.953521 0.405815 0.405277 0.987522 0.0224382 0.998301 0.89344 0.992191 0.863241 0.991163 0.991565 0.955786 0.389145 0.923192 0.568036 0.997725 0.997215 0.0341417 0.8896 0.990786 0.0070276 0.0163377 0.00197282 0.0072033 0.00607475 0.00931845 0.924853 0.748407 0.0156389 0.00160245 0.0442447 0.304808 0.0136452 0.473931 0.00186685 0.991928 0.0061342 0.819242 0.830085 0.124534 0.0023922 0.947262 0.987206 0.998617 0.742938 0.962327 0.0069449 0.0749908 0.00666378 0.00186506 0.000465048 0.0207695 0.0237587 0.00642206 0.0136463 0.00719652 0.575072 0.00821753 0.0020107 0.00561858 0.977288 0.00201447 0.00129045 0.701216 0.00160482 0.0109853 0.00105248 0.00611678 0.00354366 0.0781657 0.0801952
0.992973 0.968904 0.993693 0.991586 0.798288 0.992645 0.981249 0.993183 0.0966658 0.961786 0.993461 0.939171 0.0489185 0.757305 0.172071 0.165584 0.979921 0.99028 0.982781 0.992205 0.992526 0.958021 0.998294 0.992577 0.979513 0.997562 0.985955 0.0124742 0.990281 0.954067 0.399444 0.398884 0.987627 0.0221477 0.998301 0.895035 0.992209 0.865278 0.991201 0.991596 0.956338 0.384063 0.924198 0.562079 0.997722 0.99722 0.0335591 0.891013 0.990811 0.00698546 0.0162031 0.00197294 0.00716122 0.00601805 0.00928638 0.926231 0.752497 0.0155103 0.00160313 0.0436652 0.300233 0.0134742 0.467903 0.00186984 0.991966 0.00611994 0.822602 0.833136 0.122777 0.00239111 0.948064 0.987342 0.998619 0.746916 0.962825 0.0069209 0.0739895 0.00663165 0.00186768 0.000467099 0.0206029 0.0235038 0.00640866 0.0135101 0.00715387 0.581569 0.00818357 0.00200364 0.00559577 0.977516 0.00201502 0.00129193 0.705496 0.00160585 0.0109422 0.00105196 0.00610386 0.00352628 0.0770312 0.0789507
0.99302 0.969206 0.993732 0.991616 0.801631 0.992684 0.981399 0.99321 0.0951856 0.96219 0.993495 0.939787 0.0480431 0.751686 0.169375 0.162467 0.980085 0.990343 0.982964 0.992222 0.992552 0.958598 0.998296 0.992595 0.97965 0.997571 0.986042 0.0123292 0.990344 0.954617 0.393037 0.39249 0.987729 0.0218602 0.998301 0.896606 0.992226 0.86732 0.991239 0.991625 0.956882 0.378983 0.925206 0.556054 0.997718 0.997224 0.0329925 0.892425 0.990839 0.00694203 0.0160665 0.00197301 0.0071191 0.00596194 0.00925394 0.927574 0.756587 0.0153858 0.00160397 0.0430836 0.295653 0.0133062 0.461887 0.00187268 0.992004 0.00610615 0.825928 0.836126 0.121018 0.00239016 0.948872 0.987476 0.998621 0.750854 0.963317 0.0068961 0.0729823 0.00660019 0.00187053 0.000469144 0.0204339 0.0232529 0.00639419 0.0133787 0.00711089 0.588096 0.00814969 0.00199645 0.00557329 0.977744 0.00201582 0.0012937 0.709776 0.00160662 0.0108962 0.00105141 0.00609023 0.00350944 0.0759082 0.077716
0.993066 0.969515 0.993769 0.991646 0.804921 0.992722 0.98155 0.993238 0.0937356 0.962587 0.993529 0.940407 0.0471814 0.745933 0.166696 0.159324 0.980248 0.990405 0.983145 0.992241 0.992579 0.959174 0.998298 0.992612 0.97979 0.99758 0.986132 0.0121856 0.990405 0.955169 0.386668 0.386091 0.987832 0.021577 0.998301 0.898171 0.992244 0.869339 0.991277 0.991654 0.957417 0.373808 0.926216 0.549955 0.997715 0.997229 0.0324331 0.893845 0.990866 0.00690005 0.0159314 0.00197323 0.00707655 0.00590776 0.00922176 0.928912 0.760679 0.0152599 0.00160501 0.0425188 0.291094 0.0131411 0.455867 0.00187532 0.992041 0.00609197 0.829209 0.839113 0.11927 0.00238927 0.949671 0.987609 0.998623 0.754836 0.963807 0.00687209 0.0719726 0.00656885 0.00187312 0.000471203 0.0202663 0.0230054 0.0063792 0.0132477 0.00706901 0.594601 0.00811631 0.00198955 0.0055506 0.977969 0.00201624 0.00129521 0.714102 0.00160762 0.0108509 0.00105105 0.00607601 0.00349303 0.0748045 0.0764833
0.993112 0.969826 0.993807 0.991677 0.808195 0.992759 0.981699 0.993267 0.0922911 0.962985 0.993563 0.941029 0.0463255 0.740035 0.164074 0.156245 0.980411 0.990468 0.983325 0.992261 0.992607 0.959739 0.998299 0.992631 0.979928 0.997588 0.986221 0.012047 0.990468 0.955711 0.380231 0.379682 0.987934 0.0212948 0.9983 0.89971 0.992263 0.871357 0.991316 0.991683 0.957943 0.368633 0.9272 0.543764 0.997711 0.997233 0.0318868 0.89525 0.990894 0.00685938 0.0157957 0.00197343 0.00703447 0.00585428 0.00919016 0.93023 0.76472 0.0151313 0.00160621 0.0419455 0.286575 0.0129776 0.449739 0.00187848 0.992079 0.00607715 0.832489 0.842077 0.117521 0.00238832 0.950449 0.98774 0.998625 0.758789 0.964288 0.00684695 0.0709639 0.00653859 0.00187608 0.000473443 0.0200994 0.0227586 0.0063629 0.0131165 0.00702675 0.601076 0.00808231 0.00198297 0.00552766 0.978197 0.0020171 0.00129713 0.718395 0.00160849 0.0108055 0.00105099 0.00606167 0.00347597 0.0736966 0.0752669
0.993156 0.970126 0.993844 0.991707 0.811425 0.992796 0.981848 0.993294 0.0908445 0.963383 0.993595 0.941649 0.0454868 0.734029 0.161445 0.153201 0.98057 0.99053 0.983505 0.99228 0.992634 0.960303 0.998302 0.992647 0.980067 0.997597 0.986309 0.0119108 0.990529 0.95625 0.373818 0.373253 0.988033 0.0210158 0.9983 0.90125 0.992282 0.87335 0.991354 0.991714 0.958472 0.363452 0.92818 0.537505 0.997708 0.997238 0.0313453 0.896652 0.990923 0.00681866 0.0156598 0.00197376 0.00699375 0.00580087 0.00915764 0.931533 0.768748 0.0150066 0.00160745 0.0413805 0.282027 0.0128135 0.443616 0.0018814 0.992117 0.00606147 0.835714 0.844995 0.115779 0.00238763 0.951218 0.98787 0.998627 0.762725 0.964759 0.00682183 0.0699679 0.0065066 0.00187879 0.000475688 0.0199309 0.0225104 0.00634707 0.012987 0.00698545 0.607576 0.00804681 0.00197626 0.00550455 0.97842 0.00201789 0.00129915 0.72269 0.00160978 0.0107577 0.00105091 0.00604623 0.00346005 0.072586 0.0740477
0.993201 0.970429 0.993879 0.991737 0.814642 0.992832 0.981998 0.993321 0.0894222 0.963785 0.993628 0.94228 0.0446706 0.727887 0.158801 0.150202 0.980734 0.99059 0.983684 0.992298 0.992661 0.960861 0.998303 0.992665 0.980204 0.997605 0.986396 0.0117744 0.99059 0.956787 0.367443 0.366921 0.988131 0.0207374 0.9983 0.902787 0.9923 0.875322 0.991392 0.991743 0.959004 0.358269 0.929163 0.531152 0.997704 0.997242 0.0308152 0.898051 0.990951 0.00677814 0.0155247 0.00197418 0.00695154 0.00575055 0.00912259 0.932805 0.772752 0.0148835 0.00160858 0.0408181 0.277475 0.0126547 0.437408 0.00188445 0.992153 0.00604581 0.838904 0.847887 0.114038 0.0023868 0.951984 0.987998 0.998628 0.76663 0.965227 0.00679624 0.0689684 0.00647466 0.00188181 0.000478021 0.0197661 0.0222731 0.0063322 0.0128607 0.00694435 0.614099 0.00801077 0.00196956 0.00548223 0.97864 0.00201852 0.0013013 0.726958 0.00161092 0.0107091 0.00105087 0.00603053 0.00344399 0.0714927 0.0728519
0.993244 0.970735 0.993914 0.991767 0.817843 0.99287 0.982146 0.993348 0.0880062 0.96418 0.993659 0.942896 0.0438627 0.721571 0.156191 0.147234 0.980899 0.990653 0.983858 0.992317 0.992689 0.961408 0.998304 0.992683 0.980345 0.997613 0.986485 0.0116419 0.990652 0.957326 0.361073 0.360552 0.98823 0.0204664 0.998299 0.904297 0.99232 0.87729 0.991432 0.991774 0.959528 0.35303 0.930147 0.524761 0.9977 0.997246 0.030294 0.899454 0.99098 0.00673709 0.0153895 0.00197437 0.00691137 0.00569983 0.00908902 0.934054 0.776738 0.0147606 0.00160968 0.0402603 0.272926 0.0124978 0.431208 0.00188776 0.992189 0.00603104 0.842052 0.850731 0.112295 0.00238623 0.952724 0.988123 0.998629 0.770526 0.965697 0.00677131 0.0679873 0.00644426 0.00188495 0.00048042 0.0195995 0.0220307 0.00631562 0.0127327 0.00690345 0.620625 0.00797537 0.00196351 0.00545951 0.978863 0.00201918 0.00130339 0.731265 0.00161197 0.0106598 0.00105127 0.00601528 0.00342826 0.0704224 0.0716735
0.993288 0.97104 0.99395 0.991796 0.821034 0.992908 0.982293 0.993374 0.0866115 0.964569 0.993691 0.943518 0.0430723 0.715111 0.153585 0.144315 0.981062 0.990713 0.984032 0.992337 0.992717 0.961954 0.998305 0.992702 0.980488 0.99762 0.986574 0.0115123 0.990712 0.95786 0.354797 0.354216 0.988329 0.020197 0.998298 0.905792 0.99234 0.879265 0.991473 0.991805 0.960053 0.347801 0.931128 0.518296 0.997697 0.99725 0.0297801 0.900862 0.991011 0.00669652 0.0152549 0.00197493 0.0068709 0.00564961 0.00905443 0.935278 0.780663 0.0146348 0.00161101 0.0397117 0.268385 0.0123427 0.424957 0.00189108 0.992226 0.00601563 0.845169 0.853561 0.110585 0.0023858 0.953465 0.988249 0.99863 0.774403 0.966161 0.00674747 0.067002 0.00641363 0.00188822 0.000482896 0.0194328 0.0217909 0.00629886 0.0126062 0.00686327 0.627119 0.00793908 0.00195719 0.00543705 0.979088 0.00201989 0.00130554 0.735507 0.00161359 0.0106094 0.0010515 0.00599805 0.00341337 0.0693492 0.0705035
0.993332 0.971335 0.993985 0.991826 0.824171 0.992944 0.982439 0.993401 0.0852206 0.964963 0.993723 0.94414 0.04229 0.70851 0.15099 0.141412 0.981221 0.990773 0.984202 0.992358 0.992745 0.962497 0.998306 0.992721 0.980632 0.997627 0.986663 0.0113824 0.990771 0.958393 0.348447 0.347904 0.988427 0.0199333 0.998298 0.907294 0.992361 0.881215 0.991513 0.991836 0.960562 0.342547 0.932098 0.511762 0.997693 0.997254 0.0292785 0.902266 0.991041 0.0066568 0.015122 0.00197556 0.00682942 0.00560109 0.00901987 0.936486 0.784574 0.0145118 0.00161212 0.0391613 0.263901 0.0121905 0.418686 0.00189412 0.992263 0.00600019 0.848251 0.856372 0.108878 0.00238533 0.954183 0.988373 0.998631 0.77822 0.966617 0.00672171 0.0660257 0.00638375 0.00189147 0.000485365 0.019267 0.0215548 0.00628281 0.0124818 0.00682179 0.633623 0.00790332 0.00195116 0.00541613 0.979307 0.00202076 0.00130777 0.739769 0.00161506 0.0105603 0.00105186 0.00598224 0.00339808 0.0682835 0.0693448
0.993376 0.971638 0.99402 0.991856 0.827314 0.992981 0.982586 0.993427 0.0838463 0.965348 0.993755 0.944761 0.0415207 0.701791 0.148434 0.138591 0.981379 0.990831 0.984372 0.992378 0.992774 0.963033 0.998307 0.99274 0.980774 0.997634 0.986751 0.0112563 0.990831 0.958927 0.342154 0.341592 0.988521 0.0196723 0.998297 0.908794 0.992382 0.88315 0.991552 0.991867 0.961071 0.33732 0.933055 0.50517 0.997689 0.997258 0.0287868 0.903641 0.99107 0.00661625 0.0149869 0.00197634 0.00678861 0.00555164 0.00898402 0.937668 0.788436 0.0143863 0.00161358 0.0386226 0.259417 0.0120405 0.412414 0.00189735 0.992299 0.00598438 0.85127 0.859128 0.107184 0.00238485 0.954897 0.988495 0.998632 0.782085 0.967074 0.00669597 0.0650523 0.00635311 0.0018945 0.000488021 0.0190982 0.0213192 0.00626574 0.0123619 0.00678142 0.640103 0.00786715 0.00194541 0.00539368 0.979526 0.00202192 0.00131006 0.744023 0.00161672 0.0105104 0.00105233 0.00596612 0.00338338 0.0672367 0.0681927
0.993419 0.971939 0.994055 0.991885 0.830405 0.993018 0.982733 0.993455 0.0824979 0.965735 0.993786 0.945389 0.0407716 0.694945 0.1459 0.135793 0.981541 0.990892 0.98454 0.992398 0.992803 0.963562 0.998308 0.99276 0.980916 0.997641 0.986839 0.0111313 0.99089 0.959458 0.335864 0.335294 0.988617 0.0194125 0.998295 0.910268 0.992403 0.885065 0.991592 0.991898 0.961575 0.332047 0.934015 0.498506 0.997685 0.997263 0.0283044 0.905024 0.9911 0.00657704 0.0148544 0.00197729 0.00674871 0.00550318 0.00894697 0.938835 0.792318 0.0142641 0.00161479 0.0380855 0.254941 0.0118919 0.406057 0.00190053 0.992337 0.00596847 0.854273 0.861857 0.105485 0.0023847 0.955605 0.988614 0.998633 0.785905 0.967519 0.00667123 0.0640908 0.0063236 0.00189794 0.000490652 0.0189287 0.0210809 0.00624872 0.0122398 0.00674104 0.646588 0.00783115 0.0019396 0.00537208 0.979747 0.00202285 0.0013123 0.748293 0.00161831 0.0104604 0.00105323 0.00595029 0.00336901 0.0661882 0.067066
0.993461 0.972237 0.99409 0.991916 0.833452 0.993054 0.982879 0.993482 0.0811481 0.966118 0.993817 0.946007 0.0400353 0.68788 0.143385 0.133017 0.981703 0.99095 0.984704 0.992417 0.992831 0.964079 0.998308 0.992779 0.981063 0.997648 0.986925 0.0110054 0.990949 0.959977 0.329596 0.32903 0.988711 0.0191568 0.998294 0.91172 0.992424 0.886966 0.991634 0.99193 0.962074 0.326791 0.934962 0.491748 0.997681 0.997267 0.0278249 0.906386 0.991131 0.00653694 0.0147217 0.001978 0.00670859 0.00545611 0.00891042 0.939996 0.796153 0.0141429 0.00161659 0.0375553 0.250478 0.0117483 0.399693 0.00190381 0.992373 0.00595166 0.857231 0.864529 0.103794 0.00238436 0.956312 0.988731 0.998634 0.789683 0.967961 0.00664424 0.0631261 0.00629351 0.00190142 0.000493403 0.0187591 0.0208467 0.00623191 0.0121187 0.00670304 0.653072 0.00779544 0.00193431 0.00535094 0.979961 0.00202377 0.00131468 0.752485 0.00161975 0.0104084 0.00105403 0.00593458 0.0033548 0.0651533 0.0659476
0.993502 0.972539 0.994124 0.991947 0.836477 0.993091 0.983023 0.993507 0.0798184 0.966498 0.993847 0.946622 0.0393179 0.680747 0.1409 0.130285 0.981862 0.991009 0.98487 0.992438 0.99286 0.964585 0.998308 0.992798 0.98121 0.997654 0.987013 0.0108846 0.991009 0.960501 0.32337 0.322769 0.988805 0.0189062 0.998293 0.913158 0.992444 0.888868 0.991676 0.991962 0.962565 0.32147 0.935905 0.484964 0.997677 0.997271 0.0273556 0.907757 0.991162 0.00649641 0.014589 0.00197878 0.00667027 0.00541053 0.00887171 0.941135 0.799961 0.0140233 0.00161808 0.0370263 0.246058 0.0116058 0.393317 0.00190729 0.992409 0.00593515 0.86016 0.867162 0.102109 0.00238409 0.957007 0.988846 0.998634 0.793476 0.968401 0.00661847 0.0621795 0.00626314 0.00190507 0.000496315 0.0185921 0.020617 0.00621539 0.0120017 0.00666407 0.659506 0.00775948 0.00192905 0.00532833 0.980176 0.00202489 0.00131697 0.756697 0.00162128 0.0103555 0.00105469 0.00591933 0.00334081 0.0641299 0.064854
0.993544 0.972829 0.994157 0.991977 0.839458 0.993126 0.983166 0.993533 0.0784983 0.96688 0.993877 0.947232 0.0386041 0.673479 0.138435 0.127586 0.982021 0.991067 0.985034 0.992459 0.99289 0.965091 0.998309 0.992818 0.981356 0.99766 0.987101 0.0107624 0.991065 0.961021 0.317133 0.316584 0.988897 0.0186569 0.998291 0.914586 0.992464 0.89074 0.991718 0.991994 0.963054 0.316246 0.936851 0.478152 0.997672 0.997275 0.0268941 0.909116 0.991193 0.00645671 0.014459 0.00197954 0.00663193 0.00536513 0.00883236 0.942255 0.80376 0.0139031 0.00161969 0.0365001 0.241652 0.0114662 0.386984 0.00191059 0.992445 0.00591785 0.863037 0.869795 0.10045 0.00238393 0.957687 0.988962 0.998634 0.797222 0.968828 0.00659242 0.0612353 0.0062334 0.00190826 0.000499151 0.0184243 0.0203845 0.00619818 0.0118832 0.00662489 0.665868 0.00772208 0.00192408 0.00530725 0.980393 0.00202596 0.00131956 0.760874 0.00162294 0.0103037 0.00105574 0.00590198 0.00332685 0.0631041 0.0637545
0.993584 0.973124 0.994191 0.992008 0.842419 0.993162 0.983307 0.99356 0.0771825 0.967264 0.993907 0.947843 0.0379086 0.666085 0.135981 0.124938 0.982179 0.991126 0.985197 0.992481 0.99292 0.965586 0.998309 0.992839 0.9815 0.997666 0.98719 0.0106408 0.991124 0.961537 0.310942 0.310428 0.988987 0.018408 0.99829 0.915998 0.992486 0.892597 0.99176 0.992025 0.96354 0.310967 0.93778 0.471264 0.997669 0.997279 0.0264427 0.910483 0.991225 0.00641634 0.014329 0.00198061 0.00659326 0.00532064 0.00879559 0.943348 0.807537 0.0137833 0.0016216 0.0359789 0.237227 0.0113273 0.380607 0.00191391 0.992481 0.00590088 0.865871 0.872375 0.0987968 0.00238378 0.958363 0.989074 0.998634 0.800931 0.969258 0.0065656 0.0602883 0.00620358 0.00191175 0.000502115 0.018259 0.0201537 0.00618077 0.0117678 0.0065865 0.672187 0.00768463 0.00191908 0.0052861 0.980606 0.00202761 0.00132234 0.765036 0.00162482 0.0102499 0.00105694 0.00588563 0.00331271 0.0620984 0.0626784
0.993625 0.973414 0.994223 0.992039 0.845349 0.993197 0.983448 0.993584 0.0758811 0.967642 0.993937 0.948465 0.0372292 0.658569 0.133576 0.122327 0.982334 0.991182 0.985358 0.992502 0.992949 0.96608 0.998309 0.992859 0.981649 0.997672 0.987274 0.010524 0.991181 0.962045 0.304831 0.304311 0.989079 0.0181657 0.998289 0.9174 0.992508 0.89444 0.991801 0.992057 0.964019 0.305696 0.938704 0.464335 0.997665 0.997282 0.0260063 0.911824 0.991255 0.00637757 0.0141975 0.00198141 0.0065549 0.00527749 0.00875601 0.944425 0.811259 0.0136652 0.0016236 0.0354679 0.232856 0.0111896 0.374221 0.00191739 0.992516 0.00588507 0.868659 0.874912 0.0971548 0.00238323 0.959026 0.989185 0.998634 0.80461 0.969678 0.00653905 0.0593508 0.00617496 0.00191501 0.000505115 0.0180902 0.0199247 0.00616204 0.0116515 0.00654761 0.67855 0.00764792 0.00191481 0.00526499 0.980819 0.00202893 0.00132479 0.769146 0.0016267 0.0101957 0.00105831 0.00586767 0.00329921 0.061106 0.0616185
0.993666 0.973709 0.994256 0.992071 0.848233 0.99323 0.983592 0.993609 0.0745921 0.968018 0.993967 0.949078 0.0365557 0.650923 0.13115 0.119771 0.98249 0.99124 0.985515 0.992524 0.992978 0.966567 0.998309 0.992879 0.981797 0.997677 0.98736 0.0104077 0.991238 0.962555 0.298775 0.298226 0.989171 0.0179254 0.998287 0.918774 0.992531 0.896271 0.991844 0.992088 0.964487 0.300466 0.939616 0.457342 0.99766 0.997286 0.0255724 0.913156 0.991288 0.00633852 0.0140666 0.00198242 0.00651564 0.00523456 0.00871668 0.945483 0.814905 0.0135449 0.00162534 0.0349605 0.228496 0.011055 0.367807 0.00192089 0.992553 0.00586785 0.871399 0.877428 0.0955329 0.00238316 0.959677 0.989295 0.998634 0.808254 0.970101 0.00651212 0.0584227 0.00614542 0.00191854 0.000508153 0.0179235 0.019699 0.00614342 0.0115397 0.00650952 0.684821 0.00761106 0.00191047 0.00524392 0.981032 0.00203077 0.00132772 0.77325 0.00162866 0.0101415 0.00105962 0.00585026 0.003286 0.0601295 0.0605699
0.993706 0.973993 0.994288 0.992102 0.851125 0.993266 0.983736 0.993635 0.0733244 0.968392 0.993996 0.949686 0.0358946 0.643081 0.128772 0.117237 0.982645 0.991297 0.985672 0.992546 0.993008 0.967048 0.998308 0.9929 0.98195 0.997682 0.987446 0.0102952 0.991295 0.963051 0.292744 0.292172 0.98926 0.0176902 0.998285 0.920133 0.992552 0.898085 0.991885 0.992118 0.964955 0.295246 0.940523 0.450317 0.997656 0.997289 0.025144 0.9145 0.991322 0.00629914 0.013938 0.00198333 0.00647805 0.00519208 0.008677 0.946521 0.818538 0.0134273 0.00162743 0.0344569 0.224197 0.0109247 0.361389 0.00192468 0.992588 0.00585077 0.874095 0.879889 0.0939153 0.00238303 0.960322 0.989404 0.998633 0.811892 0.970517 0.00648519 0.0575129 0.00611559 0.00192224 0.00051135 0.0177562 0.0194741 0.00612445 0.0114269 0.0064708 0.691077 0.00757344 0.00190647 0.00522266 0.98124 0.00203246 0.00133064 0.77734 0.00163073 0.0100871 0.00106099 0.00583305 0.00327299 0.0591517 0.059538
0.993746 0.974281 0.99432 0.992134 0.85393 0.993299 0.983878 0.993661 0.0720689 0.968768 0.994024 0.950307 0.0352478 0.635167 0.126435 0.114739 0.982799 0.991354 0.985828 0.992569 0.993039 0.967524 0.998308 0.99292 0.982098 0.997687 0.987533 0.0101841 0.99135 0.963543 0.286728 0.286164 0.989347 0.0174568 0.998283 0.921486 0.992574 0.899874 0.991926 0.992149 0.965421 0.290037 0.941411 0.44327 0.997651 0.997293 0.0247251 0.91584 0.991357 0.00626012 0.0138095 0.00198497 0.00643997 0.00514995 0.0086376 0.947546 0.822145 0.0133077 0.00162948 0.0339549 0.219895 0.0107941 0.355015 0.00192857 0.992624 0.00583307 0.876759 0.882323 0.0923199 0.00238287 0.960961 0.989509 0.998633 0.815475 0.970927 0.00645875 0.0566019 0.00608531 0.00192585 0.000514561 0.0175943 0.0192512 0.00610478 0.0113167 0.00643193 0.697277 0.00753422 0.00190253 0.00520226 0.98145 0.00203443 0.00133363 0.781417 0.00163307 0.0100327 0.0010627 0.00581498 0.00326016 0.0581863 0.0585177
0.993786 0.974561 0.994352 0.992167 0.856729 0.993334 0.984022 0.993686 0.0708289 0.96914 0.994053 0.950913 0.0346148 0.627138 0.124087 0.112282 0.982952 0.991409 0.985981 0.992592 0.993071 0.967992 0.998307 0.992942 0.982248 0.997691 0.987618 0.0100723 0.991406 0.964037 0.280772 0.280214 0.989435 0.0172257 0.998281 0.922829 0.992597 0.901649 0.991969 0.992182 0.965883 0.2849 0.942294 0.436176 0.997647 0.997296 0.0243168 0.917161 0.991392 0.00622119 0.0136826 0.00198659 0.00640193 0.00510942 0.0085996 0.948546 0.825721 0.0131914 0.00163193 0.0334545 0.215665 0.010666 0.348653 0.00193244 0.992658 0.00581528 0.879353 0.884754 0.0907281 0.00238294 0.961587 0.989615 0.998632 0.819005 0.971332 0.00643113 0.0557038 0.00605562 0.00192969 0.000517933 0.0174318 0.0190288 0.0060861 0.0112074 0.00639355 0.703422 0.00749681 0.00189857 0.00518109 0.981657 0.00203624 0.00133656 0.785468 0.00163514 0.00997853 0.00106432 0.00579746 0.00324828 0.0572251 0.0575058
0.993825 0.974841 0.994383 0.9922 0.859487 0.993367 0.984163 0.993712 0.0696187 0.969509 0.994081 0.951522 0.0339921 0.618968 0.1218 0.109863 0.983107 0.991464 0.98613 0.992615 0.993102 0.968455 0.998306 0.992963 0.982398 0.997696 0.987704 0.00996303 0.991462 0.964532 0.274866 0.274308 0.989523 0.0169962 0.998279 0.924159 0.99262 0.903393 0.992011 0.992214 0.966338 0.279748 0.943171 0.429061 0.997641 0.9973 0.0239079 0.918456 0.991427 0.00618282 0.0135537 0.00198815 0.00636434 0.00506908 0.00856016 0.949532 0.829242 0.013075 0.00163419 0.032966 0.211432 0.010537 0.342265 0.00193637 0.992693 0.00579609 0.881926 0.887132 0.0891506 0.00238327 0.962206 0.989718 0.998631 0.822528 0.971729 0.00640255 0.0548117 0.0060263 0.00193337 0.000521249 0.0172665 0.018811 0.00606746 0.0110992 0.00635491 0.709499 0.00745799 0.00189486 0.00516052 0.981859 0.00203786 0.00133966 0.789463 0.00163751 0.00992258 0.00106594 0.00577949 0.00323604 0.0562776 0.0565062
0.993865 0.975122 0.994414 0.992233 0.862215 0.9934 0.984301 0.993736 0.0684034 0.969872 0.994108 0.952132 0.0333802 0.610674 0.119526 0.107484 0.983259 0.991519 0.98628 0.992637 0.993134 0.968913 0.998305 0.992985 0.982548 0.9977 0.987789 0.00985459 0.991516 0.965018 0.269018 0.268479 0.989612 0.0167727 0.998277 0.92548 0.992643 0.905107 0.992052 0.992248 0.966792 0.274581 0.944039 0.421938 0.997637 0.997304 0.0235127 0.919748 0.991463 0.00614488 0.0134256 0.00198926 0.00632698 0.00502972 0.00851988 0.950504 0.832722 0.0129577 0.00163662 0.0324798 0.207253 0.0104122 0.335919 0.00194003 0.992726 0.00577829 0.88444 0.889453 0.0875852 0.00238335 0.962816 0.98982 0.998629 0.825997 0.972125 0.00637474 0.0539274 0.0059975 0.00193771 0.000524718 0.0171023 0.018597 0.00604864 0.0109916 0.00631753 0.715564 0.00742057 0.00189181 0.00514024 0.982063 0.00203982 0.00134263 0.793445 0.0016396 0.00986555 0.00106782 0.00576165 0.00322363 0.0553402 0.0555235
0.993904 0.975404 0.994444 0.992265 0.864905 0.993433 0.984443 0.99376 0.0672157 0.970231 0.994135 0.952743 0.0327786 0.602238 0.117266 0.105168 0.983409 0.991571 0.986428 0.992661 0.993164 0.969364 0.998304 0.993008 0.982699 0.997704 0.987875 0.00974799 0.991569 0.9655 0.263223 0.26269 0.989697 0.0165499 0.998274 0.926771 0.992666 0.906815 0.992095 0.992279 0.967241 0.269459 0.944906 0.414798 0.997632 0.997307 0.0231269 0.921046 0.991498 0.00610617 0.0132986 0.00199031 0.00629095 0.0049904 0.0084789 0.951451 0.836156 0.0128411 0.0016393 0.0320014 0.203086 0.0102913 0.329637 0.00194394 0.99276 0.00575968 0.886909 0.891727 0.0860355 0.00238392 0.963413 0.98992 0.998628 0.829436 0.972511 0.00634765 0.0530563 0.00596857 0.00194139 0.000528295 0.0169397 0.0183821 0.00602954 0.0108868 0.00628049 0.721611 0.00738271 0.00188841 0.00511923 0.982262 0.00204193 0.0013459 0.797441 0.00164185 0.00980847 0.00106998 0.00574258 0.00321176 0.0544231 0.0545468
0.993942 0.975682 0.994476 0.992299 0.867577 0.993464 0.984583 0.993784 0.0660446 0.970592 0.994162 0.95334 0.0321835 0.593744 0.115023 0.102886 0.983563 0.991625 0.986573 0.992685 0.993196 0.969814 0.998302 0.99303 0.982853 0.997708 0.987958 0.00964677 0.991623 0.96597 0.257501 0.256961 0.989783 0.0163327 0.998272 0.928057 0.99269 0.908507 0.992139 0.992313 0.967685 0.264331 0.945764 0.407623 0.997627 0.99731 0.0227494 0.922325 0.991532 0.0060684 0.0131724 0.00199163 0.00625479 0.00495316 0.00843771 0.952383 0.83958 0.0127265 0.0016414 0.0315296 0.198988 0.010171 0.323322 0.00194798 0.992793 0.00574171 0.889335 0.893972 0.0844943 0.00238402 0.964004 0.990016 0.998627 0.832871 0.972902 0.00631979 0.0521921 0.00593916 0.00194506 0.000531911 0.0167793 0.0181696 0.00600974 0.0107817 0.00624406 0.727557 0.00734479 0.00188549 0.00509999 0.982467 0.00204448 0.00134907 0.801314 0.00164433 0.00975174 0.00107229 0.00572323 0.00320028 0.05352 0.0535846
0.993981 0.975956 0.994505 0.992331 0.87019 0.993497 0.984719 0.993809 0.0648717 0.970945 0.994189 0.953943 0.0316035 0.585125 0.112842 0.100628 0.983714 0.991678 0.986718 0.992708 0.993228 0.970253 0.998301 0.993052 0.983005 0.997712 0.988043 0.00954378 0.991676 0.966445 0.251839 0.251311 0.989865 0.0161177 0.998269 0.929316 0.992714 0.910185 0.992181 0.992345 0.968121 0.25923 0.946613 0.400459 0.997622 0.997314 0.0223741 0.923609 0.991567 0.00603026 0.0130459 0.0019931 0.00621987 0.00491582 0.00839483 0.953297 0.84297 0.0126122 0.00164367 0.0310652 0.194909 0.010053 0.317031 0.0019519 0.992827 0.00572329 0.891736 0.896201 0.0829758 0.00238471 0.964587 0.990112 0.998625 0.83623 0.973283 0.00629312 0.0513278 0.00591065 0.00194909 0.000535576 0.0166178 0.0179571 0.0059902 0.0106771 0.00620716 0.733464 0.0073064 0.00188278 0.00508016 0.982664 0.00204625 0.00135249 0.805212 0.00164707 0.00969458 0.00107463 0.00570445 0.00318856 0.052624 0.0526392
0.994019 0.976226 0.994534 0.992363 0.872776 0.993529 0.984855 0.993834 0.0637266 0.971304 0.994215 0.954531 0.0310268 0.576387 0.110674 0.0984247 0.983865 0.991731 0.986859 0.992732 0.993259 0.970687 0.9983 0.993074 0.983158 0.997715 0.988127 0.00944051 0.991729 0.966913 0.246251 0.24572 0.989948 0.0159044 0.998267 0.93055 0.992738 0.911829 0.992224 0.99238 0.968556 0.254171 0.947463 0.393253 0.997617 0.997317 0.0220075 0.924866 0.991601 0.00599358 0.0129207 0.00199497 0.00618304 0.00487923 0.00835439 0.954189 0.846297 0.0124998 0.00164627 0.0306061 0.190902 0.00993655 0.310768 0.0019562 0.992861 0.00570454 0.894067 0.898373 0.0814869 0.00238468 0.96516 0.990207 0.998624 0.839556 0.973654 0.00626534 0.0504781 0.0058824 0.00195315 0.000539405 0.0164568 0.0177521 0.00597123 0.0105748 0.00617062 0.739301 0.00726776 0.00188026 0.00506054 0.98286 0.00204843 0.00135589 0.809066 0.00164946 0.0096366 0.00107699 0.00568577 0.00317718 0.0517358 0.0517141
0.994056 0.976498 0.994564 0.992396 0.875325 0.993562 0.98499 0.993858 0.0625953 0.971655 0.994241 0.955122 0.03047 0.567559 0.108518 0.0962623 0.984012 0.991783 0.987 0.992757 0.993291 0.971116 0.998298 0.993097 0.98331 0.997718 0.988209 0.00934003 0.99178 0.967371 0.240703 0.240181 0.990031 0.0156977 0.998264 0.931784 0.992763 0.913468 0.992266 0.992412 0.968983 0.249174 0.948296 0.386075 0.997612 0.99732 0.0216499 0.926111 0.991636 0.00595704 0.012798 0.00199627 0.00614607 0.00484372 0.00831253 0.955069 0.849562 0.0123866 0.00164891 0.030152 0.186924 0.00982256 0.304601 0.00196031 0.992896 0.00568554 0.896375 0.900507 0.079996 0.00238491 0.965724 0.990299 0.998622 0.842837 0.974026 0.00623922 0.049633 0.00585311 0.00195727 0.000543316 0.0162974 0.0175454 0.00595085 0.0104714 0.00613383 0.74506 0.00723127 0.00187792 0.00504062 0.983058 0.00205084 0.00135938 0.812872 0.00165235 0.00957887 0.00107946 0.00566742 0.00316626 0.050862 0.0507853
0.994092 0.976766 0.994594 0.99243 0.877827 0.993593 0.985125 0.993881 0.0614712 0.972004 0.994266 0.955723 0.029919 0.55864 0.106374 0.0941201 0.98416 0.991835 0.98714 0.992781 0.993322 0.971543 0.998296 0.99312 0.983463 0.997721 0.988294 0.00924284 0.991834 0.967832 0.235243 0.23472 0.990111 0.0154956 0.998261 0.933001 0.992786 0.915068 0.992308 0.992446 0.969404 0.244206 0.949118 0.378852 0.997607 0.997324 0.0212947 0.927346 0.991672 0.00592094 0.012674 0.00199784 0.00610879 0.0048086 0.00826788 0.955925 0.852806 0.0122726 0.00165119 0.0297001 0.183015 0.00971084 0.298454 0.00196445 0.992931 0.0056671 0.898623 0.902612 0.0785221 0.0023854 0.96628 0.990391 0.99862 0.84606 0.974394 0.00621145 0.0487963 0.00582468 0.00196131 0.000547217 0.0161401 0.017343 0.00593152 0.0103742 0.00609841 0.750796 0.00719349 0.00187557 0.00502026 0.983251 0.00205336 0.00136294 0.816644 0.00165481 0.00952167 0.00108192 0.00564838 0.00315558 0.0499954 0.0498757
0.994129 0.977029 0.994622 0.992464 0.880302 0.993626 0.985258 0.993904 0.0603668 0.972357 0.994292 0.956309 0.0293825 0.549679 0.104261 0.0920468 0.984309 0.991887 0.987277 0.992806 0.993353 0.971954 0.998294 0.993144 0.983615 0.997724 0.988377 0.00914678 0.991884 0.968286 0.229792 0.229338 0.990192 0.0152935 0.998258 0.934194 0.99281 0.916649 0.992352 0.99248 0.969824 0.23923 0.949942 0.371614 0.997602 0.997327 0.0209497 0.928557 0.991708 0.00588626 0.0125519 0.0019992 0.00607247 0.00477476 0.008224 0.956774 0.855991 0.0121593 0.00165423 0.0292539 0.179153 0.00960211 0.292316 0.0019684 0.992966 0.00564811 0.900848 0.904678 0.0770857 0.00238572 0.966831 0.990481 0.998618 0.849252 0.974754 0.00618451 0.0479773 0.00579686 0.00196568 0.000551203 0.015982 0.0171411 0.00590936 0.0102742 0.00606279 0.756433 0.00715351 0.00187363 0.00500064 0.983444 0.00205537 0.00136667 0.820365 0.00165794 0.0094632 0.00108477 0.00563021 0.00314521 0.0491462 0.0489926
0.994164 0.977289 0.994651 0.992498 0.882738 0.993656 0.985392 0.993928 0.0592726 0.972701 0.994318 0.956897 0.0288543 0.540646 0.102194 0.0900064 0.984454 0.991938 0.987413 0.992831 0.993385 0.972368 0.998292 0.993168 0.983766 0.997726 0.988458 0.00905122 0.991934 0.968737 0.224476 0.22402 0.990271 0.0150936 0.998256 0.935372 0.992834 0.918219 0.992397 0.992513 0.970238 0.234307 0.950751 0.36443 0.997597 0.99733 0.0206127 0.929756 0.991745 0.00585007 0.0124308 0.00200093 0.00603681 0.00474088 0.00818297 0.9576 0.859111 0.0120478 0.00165688 0.0288162 0.175322 0.00949236 0.286271 0.00197267 0.992999 0.00562882 0.903048 0.906722 0.0756559 0.00238606 0.967372 0.990569 0.998616 0.852398 0.975114 0.00615618 0.0471705 0.00576881 0.00196986 0.000555327 0.0158241 0.0169391 0.00588917 0.0101776 0.00602785 0.761953 0.00711415 0.00187186 0.00498127 0.983635 0.00205773 0.0013701 0.824065 0.00166086 0.00940397 0.00108782 0.00561092 0.00313448 0.0483129 0.0481252
0.9942 0.977547 0.994679 0.992532 0.885116 0.993686 0.985524 0.993951 0.058184 0.97304 0.994345 0.957468 0.0283371 0.531504 0.100137 0.0879952 0.984601 0.991988 0.987548 0.992856 0.993417 0.97277 0.998289 0.993192 0.983918 0.997728 0.98854 0.00895824 0.991984 0.969181 0.219226 0.21877 0.990349 0.0148999 0.998252 0.936534 0.992858 0.919741 0.99244 0.992546 0.970642 0.229466 0.951543 0.357256 0.997591 0.997332 0.0202785 0.930939 0.991782 0.00581354 0.0123124 0.00200294 0.00600117 0.00470823 0.00813888 0.958411 0.86222 0.0119387 0.00165965 0.0283782 0.171544 0.00938521 0.28026 0.001977 0.993034 0.00560882 0.905194 0.908721 0.074241 0.0023866 0.967903 0.990659 0.998613 0.855523 0.975462 0.00612817 0.0463721 0.00574101 0.00197423 0.000559538 0.0156696 0.0167437 0.00586726 0.0100808 0.00599281 0.76742 0.00707544 0.0018703 0.00496183 0.983825 0.00206009 0.00137401 0.827702 0.00166385 0.00934379 0.00109084 0.00559142 0.00312402 0.0474765 0.047259
0.994235 0.977808 0.994707 0.992566 0.887479 0.993717 0.985659 0.993975 0.0571257 0.973379 0.994371 0.95805 0.0278285 0.52235 0.0981293 0.0860247 0.984746 0.992038 0.987679 0.992882 0.993448 0.973166 0.998287 0.993217 0.984067 0.99773 0.988622 0.00886634 0.992032 0.969618 0.214053 0.213629 0.990427 0.0147061 0.998249 0.937677 0.992884 0.921271 0.992484 0.992579 0.971047 0.224626 0.952324 0.350079 0.997586 0.997335 0.019955 0.932115 0.99182 0.0057777 0.0121937 0.002005 0.00596625 0.00467493 0.00809631 0.959209 0.865264 0.0118284 0.00166246 0.0279513 0.167806 0.00928027 0.274297 0.00198192 0.993068 0.00559033 0.907298 0.910678 0.0728474 0.00238748 0.968435 0.990744 0.998611 0.858598 0.975813 0.00610102 0.0455815 0.005713 0.00197864 0.000563857 0.0155149 0.0165474 0.00584651 0.00998526 0.00595828 0.772834 0.00703722 0.0018685 0.00494251 0.984012 0.00206292 0.00137787 0.831318 0.00166693 0.00928595 0.00109391 0.0055715 0.00311347 0.0466621 0.0464031
0.994271 0.978063 0.994735 0.992599 0.889803 0.993747 0.985789 0.993997 0.056081 0.973715 0.994396 0.958621 0.0273248 0.513123 0.0961445 0.0841006 0.984892 0.992088 0.987811 0.992908 0.993479 0.973558 0.998284 0.993241 0.984215 0.997732 0.988702 0.00877502 0.992082 0.970048 0.208969 0.208524 0.990505 0.0145154 0.998245 0.938809 0.992909 0.922765 0.992528 0.992613 0.97145 0.219838 0.953095 0.342983 0.99758 0.997337 0.0196385 0.933288 0.991857 0.00574153 0.0120762 0.0020071 0.0059322 0.00464271 0.00805119 0.959993 0.868259 0.0117198 0.0016654 0.0275311 0.164113 0.00917907 0.268411 0.0019863 0.9931 0.00557052 0.909362 0.912596 0.0714797 0.00238812 0.968948 0.990828 0.998608 0.861617 0.976156 0.00607259 0.0448044 0.00568548 0.0019833 0.000568077 0.0153616 0.0163525 0.00582454 0.00989132 0.00592304 0.778181 0.00699876 0.00186738 0.00492374 0.9842 0.00206536 0.00138175 0.834888 0.00166986 0.00922642 0.00109693 0.00555173 0.00310376 0.04586 0.0455655
0.994305 0.978317 0.994761 0.992633 0.892092 0.993776 0.985918 0.99402 0.0550547 0.974051 0.994421 0.959188 0.0268345 0.503832 0.0941929 0.0822063 0.985033 0.992135 0.98794 0.992934 0.993511 0.973941 0.998282 0.993265 0.984363 0.997734 0.988785 0.00868608 0.992131 0.970478 0.203919 0.203531 0.99058 0.0143295 0.998242 0.939925 0.992935 0.924241 0.992572 0.992648 0.971844 0.215125 0.953861 0.335967 0.997575 0.99734 0.0193225 0.934436 0.991894 0.00570602 0.0119576 0.00200877 0.00589753 0.00461067 0.00800853 0.960764 0.871219 0.0116117 0.0016686 0.0271133 0.160492 0.00907874 0.262545 0.00199033 0.993133 0.00555081 0.91138 0.914479 0.0701215 0.00238871 0.969454 0.99091 0.998605 0.864599 0.976495 0.00604424 0.0440335 0.00565837 0.00198794 0.000572487 0.0152046 0.0161625 0.00580397 0.0097967 0.00588866 0.783435 0.00695934 0.0018662 0.0049044 0.984382 0.00206814 0.00138582 0.8384 0.00167297 0.00916662 0.00110023 0.00553314 0.00309387 0.0450669 0.0447401
0.99434 0.97857 0.994789 0.992668 0.894346 0.993806 0.986047 0.994043 0.0540404 0.97438 0.994446 0.95975 0.0263522 0.494519 0.092284 0.0803536 0.985174 0.992185 0.988069 0.99296 0.993542 0.974319 0.998279 0.993288 0.984514 0.997736 0.988868 0.00859868 0.992181 0.970903 0.19898 0.198595 0.990655 0.0141454 0.998238 0.941019 0.992961 0.925688 0.992616 0.992683 0.972227 0.210469 0.954621 0.328975 0.99757 0.997343 0.0190168 0.935574 0.991933 0.00567144 0.0118401 0.00201085 0.0058631 0.00457984 0.00796325 0.961513 0.874126 0.011503 0.00167177 0.0267069 0.156914 0.00897793 0.256712 0.00199454 0.993165 0.00553077 0.913365 0.916321 0.0687828 0.00238942 0.969954 0.990992 0.998602 0.867518 0.976828 0.00601613 0.0432729 0.00563117 0.00199255 0.000577034 0.0150527 0.0159741 0.00578223 0.00970394 0.00585498 0.788584 0.00692098 0.00186525 0.00488559 0.984567 0.00207106 0.00138978 0.84186 0.00167627 0.00910816 0.00110351 0.00551289 0.00308453 0.0442768 0.0439251
0.994373 0.97882 0.994816 0.992701 0.896555 0.993835 0.986175 0.994066 0.0530426 0.974702 0.994471 0.960312 0.0258815 0.485172 0.0903775 0.0785273 0.985314 0.992233 0.988197 0.992986 0.993575 0.97469 0.998276 0.993312 0.984664 0.997737 0.988949 0.00851117 0.992228 0.971323 0.194116 0.193734 0.990731 0.0139636 0.998234 0.942101 0.992987 0.927119 0.99266 0.992716 0.972613 0.20585 0.955363 0.321999 0.997564 0.997345 0.0187151 0.936684 0.991971 0.00563817 0.0117252 0.00201315 0.00582863 0.00454956 0.00791996 0.962252 0.876989 0.0113966 0.00167479 0.0263004 0.1534 0.00887974 0.250962 0.00199912 0.993199 0.00551127 0.915317 0.918124 0.0674678 0.00239037 0.970442 0.991074 0.998599 0.870397 0.977157 0.00598894 0.0425244 0.00560393 0.00199712 0.000581612 0.0149019 0.0157852 0.00576063 0.00961327 0.00582263 0.793641 0.006881 0.0018641 0.00486679 0.984746 0.00207385 0.00139393 0.845279 0.00167921 0.00904821 0.00110716 0.00549259 0.00307526 0.0435068 0.0431259
0.994407 0.979072 0.994843 0.992735 0.89872 0.993864 0.986301 0.994089 0.0520624 0.975021 0.994494 0.960868 0.0254255 0.475793 0.0885161 0.0767585 0.985452 0.99228 0.988321 0.993012 0.993606 0.975058 0.998273 0.993337 0.98481 0.997738 0.989028 0.00842449 0.992274 0.971732 0.189309 0.188963 0.990806 0.0137847 0.998231 0.943171 0.993014 0.928533 0.992704 0.992749 0.972993 0.201322 0.956108 0.315044 0.997558 0.997347 0.0184209 0.937792 0.99201 0.00560371 0.0116097 0.0020153 0.00579449 0.00451939 0.00787525 0.962969 0.879777 0.0112903 0.00167789 0.0259042 0.149966 0.00878301 0.245284 0.00200367 0.99323 0.00549159 0.917221 0.9199 0.0661663 0.00239065 0.97092 0.991153 0.998596 0.873249 0.977484 0.00596135 0.0417867 0.00557727 0.00200202 0.000586321 0.0147514 0.0156009 0.00573985 0.00952295 0.0057893 0.798635 0.00684219 0.00186351 0.00484946 0.984922 0.00207679 0.00139809 0.848645 0.0016826 0.0089894 0.00111096 0.00547256 0.00306654 0.0427451 0.0423371
0.99444 0.979319 0.994869 0.992768 0.900861 0.993893 0.986425 0.994112 0.0510915 0.975338 0.994518 0.961416 0.0249768 0.466416 0.0866787 0.0750205 0.985589 0.992327 0.988444 0.993039 0.993637 0.975421 0.998269 0.993361 0.984958 0.997739 0.989107 0.00833989 0.992321 0.972143 0.184641 0.184278 0.990878 0.0136095 0.998227 0.944217 0.993039 0.929927 0.992747 0.992783 0.973368 0.196784 0.956834 0.308154 0.997553 0.997349 0.0181349 0.938895 0.99205 0.00556973 0.0114957 0.00201751 0.00576023 0.00449012 0.00783103 0.963681 0.882529 0.0111848 0.00168149 0.0255116 0.146543 0.00868754 0.239665 0.00200824 0.993263 0.00547172 0.919104 0.921656 0.0648892 0.00239121 0.971397 0.991232 0.998593 0.876058 0.977802 0.0059327 0.0410567 0.00554935 0.00200694 0.000591089 0.0146005 0.0154206 0.00571859 0.00943453 0.00575621 0.803556 0.00680378 0.00186261 0.00483123 0.985099 0.00207972 0.00140229 0.851975 0.00168589 0.00892884 0.00111485 0.00545219 0.0030577 0.0420042 0.0415648
0.994472 0.97956 0.994894 0.992801 0.90296 0.993922 0.986549 0.994134 0.0501377 0.975654 0.994542 0.961959 0.0245349 0.456962 0.0848795 0.0733081 0.985727 0.992373 0.988566 0.993065 0.993669 0.975782 0.998266 0.993386 0.985106 0.997739 0.989185 0.00825793 0.992366 0.972545 0.180037 0.179657 0.990951 0.0134338 0.998223 0.945245 0.993066 0.931305 0.992789 0.992816 0.973737 0.192311 0.957546 0.301329 0.997547 0.997351 0.0178559 0.939995 0.992087 0.00553673 0.0113836 0.00201998 0.00572692 0.00446154 0.00778757 0.964363 0.88523 0.0110765 0.00168479 0.0251208 0.143155 0.00859416 0.234118 0.00201312 0.993296 0.005452 0.920935 0.923357 0.063622 0.00239205 0.971861 0.991309 0.998589 0.878806 0.978118 0.00590558 0.0403375 0.0055222 0.00201192 0.000595903 0.0144525 0.0152411 0.00569692 0.00934672 0.00572283 0.8084 0.00676469 0.0018622 0.00481305 0.985272 0.0020822 0.0014068 0.855259 0.00168934 0.00886828 0.00111879 0.00543191 0.00304955 0.0412673 0.0408013
0.994503 0.979797 0.99492 0.992834 0.905022 0.993949 0.986675 0.994156 0.0492031 0.975969 0.994565 0.962498 0.0241038 0.447557 0.0830986 0.0716351 0.985864 0.992418 0.988688 0.993091 0.993701 0.976135 0.998262 0.99341 0.98525 0.997739 0.989264 0.00817704 0.992411 0.972944 0.175515 0.175121 0.991023 0.0132648 0.998219 0.946259 0.993092 0.932646 0.992832 0.992851 0.974101 0.187942 0.958256 0.2946 0.997541 0.997353 0.0175787 0.94107 0.992126 0.00550365 0.0112712 0.0020224 0.00569288 0.00443338 0.00774302 0.965044 0.887891 0.0109725 0.00168856 0.0247353 0.139838 0.00850154 0.228682 0.00201798 0.993328 0.00543135 0.922729 0.925033 0.0623848 0.00239293 0.972315 0.991384 0.998585 0.88153 0.978435 0.00587695 0.0396309 0.00549513 0.00201683 0.000600897 0.0143076 0.0150645 0.00567437 0.00926085 0.00568933 0.813153 0.00672417 0.00186186 0.00479515 0.985445 0.00208483 0.0014113 0.858472 0.00169259 0.00880852 0.00112259 0.00541159 0.0030413 0.0405416 0.04005
0.994536 0.980038 0.994944 0.992867 0.907045 0.993977 0.986799 0.994178 0.048283 0.976279 0.994588 0.963035 0.0236834 0.438165 0.0813446 0.0699965 0.986 0.992462 0.988806 0.993118 0.993732 0.976478 0.998259 0.993436 0.985395 0.997739 0.989342 0.00809645 0.992456 0.973337 0.171063 0.17069 0.991094 0.0130969 0.998215 0.947255 0.993118 0.933957 0.992875 0.992885 0.974462 0.18361 0.958951 0.287924 0.997535 0.997355 0.0173056 0.942133 0.992165 0.00547098 0.0111608 0.00202492 0.00565996 0.00440568 0.00769804 0.965707 0.890484 0.0108705 0.00169167 0.0243589 0.136587 0.00841008 0.223301 0.00202306 0.99336 0.00541066 0.924477 0.926676 0.0611481 0.00239418 0.972759 0.991456 0.998581 0.884173 0.978743 0.00584896 0.0389309 0.00546772 0.00202187 0.00060589 0.0141616 0.0148862 0.00565274 0.00917625 0.00565661 0.817805 0.00668521 0.00186177 0.00477741 0.985614 0.00208771 0.0014158 0.861629 0.00169602 0.00874722 0.0011268 0.00539102 0.00303273 0.0398323 0.039315
0.994567 0.980277 0.99497 0.9929 0.909019 0.994004 0.986923 0.994201 0.0473802 0.976591 0.994611 0.963574 0.0232681 0.428807 0.0796361 0.0683938 0.986132 0.992507 0.988923 0.993144 0.993762 0.976817 0.998256 0.993462 0.985542 0.99774 0.989417 0.00801863 0.992501 0.973727 0.166716 0.166343 0.991163 0.0129308 0.998211 0.948231 0.993145 0.935267 0.992919 0.992919 0.974816 0.179344 0.959639 0.281307 0.997529 0.997357 0.0170404 0.943177 0.992204 0.00543766 0.0110491 0.00202743 0.00562708 0.00437822 0.00765361 0.966357 0.893025 0.0107677 0.00169484 0.0239862 0.133392 0.00832095 0.217955 0.0020277 0.993394 0.00539063 0.926191 0.928289 0.0599464 0.00239507 0.9732 0.99153 0.998577 0.886781 0.979046 0.00581975 0.0382415 0.00544145 0.00202661 0.000610992 0.0140175 0.0147116 0.00563153 0.00909079 0.00562405 0.82239 0.00664566 0.00186178 0.00475955 0.985784 0.00209103 0.00142062 0.864739 0.00169954 0.00868783 0.00113104 0.00537084 0.00302455 0.0391294 0.0385893
0.994597 0.980512 0.994994 0.992933 0.910963 0.994031 0.987044 0.994221 0.0464946 0.976892 0.994633 0.964104 0.0228634 0.419478 0.0779555 0.0668371 0.986265 0.992551 0.989039 0.993169 0.993793 0.977154 0.998252 0.993486 0.985685 0.99774 0.989495 0.00794109 0.992546 0.97411 0.162435 0.162082 0.991233 0.0127683 0.998207 0.949193 0.993171 0.936548 0.992962 0.992953 0.975164 0.175176 0.960315 0.274746 0.997523 0.997359 0.0167789 0.944211 0.992243 0.00540592 0.0109378 0.00203002 0.00559383 0.00435146 0.00760881 0.966996 0.895528 0.010668 0.00169866 0.0236198 0.130265 0.00823374 0.212732 0.00203279 0.993426 0.00536911 0.92787 0.929862 0.0587637 0.00239621 0.973632 0.991603 0.998573 0.88934 0.979347 0.00579153 0.0375666 0.00541602 0.00203147 0.000616127 0.0138744 0.0145395 0.0056099 0.00900805 0.00559149 0.826874 0.00660622 0.00186204 0.00474216 0.985951 0.00209438 0.00142535 0.867801 0.00170313 0.00862866 0.00113541 0.00535085 0.00301625 0.0384406 0.0378789
0.994628 0.980745 0.995018 0.992968 0.912875 0.994059 0.987164 0.994242 0.0456293 0.977194 0.994656 0.964629 0.0224643 0.410168 0.0762978 0.0653075 0.986401 0.992595 0.989154 0.993197 0.993824 0.977483 0.998248 0.993509 0.98583 0.997739 0.989569 0.00786281 0.992589 0.974485 0.158256 0.157891 0.9913 0.0126116 0.998202 0.950147 0.993199 0.937808 0.993005 0.992987 0.975509 0.171062 0.960983 0.268265 0.997517 0.997361 0.0165243 0.945219 0.992282 0.00537373 0.0108305 0.00203266 0.00556247 0.00432487 0.007564 0.967622 0.897972 0.010567 0.00170201 0.0232569 0.127198 0.00814762 0.207582 0.00203792 0.993458 0.00534797 0.929512 0.931395 0.057598 0.00239794 0.974061 0.991673 0.998569 0.891851 0.97964 0.00576258 0.0369027 0.00538941 0.00203639 0.000621381 0.0137317 0.0143678 0.00558669 0.00892558 0.0055598 0.831269 0.00656674 0.00186234 0.00472479 0.986118 0.00209807 0.00143007 0.870813 0.00170647 0.0085701 0.00113988 0.00533012 0.00300835 0.0377545 0.0371757
0.994658 0.980972 0.995042 0.993002 0.914749 0.994086 0.987282 0.994263 0.0447712 0.97749 0.994678 0.965146 0.0220707 0.400942 0.0746673 0.0638172 0.98653 0.992639 0.989266 0.993225 0.993856 0.977808 0.998243 0.993535 0.985974 0.997739 0.989645 0.00778813 0.992632 0.974858 0.154139 0.153797 0.991367 0.0124544 0.998198 0.951084 0.993225 0.939045 0.993049 0.99302 0.975851 0.166993 0.961643 0.261879 0.99751 0.997362 0.0162711 0.946216 0.992321 0.00534145 0.0107236 0.00203552 0.00553045 0.00429941 0.00752051 0.96824 0.900373 0.0104693 0.00170568 0.0229005 0.12418 0.00806259 0.202517 0.0020432 0.99349 0.00532869 0.931123 0.932902 0.0564458 0.00239928 0.974486 0.991743 0.998565 0.89433 0.979927 0.00573471 0.0362386 0.00536365 0.00204152 0.00062666 0.0135912 0.0142 0.0055643 0.00884373 0.00552795 0.83559 0.00652769 0.00186282 0.00470772 0.98628 0.00210118 0.00143485 0.873753 0.00171025 0.0085101 0.00114431 0.00530953 0.0030004 0.0370889 0.0364912
0.994688 0.981199 0.995066 0.993037 0.916591 0.994113 0.987401 0.994285 0.0439285 0.977783 0.994701 0.965658 0.0216877 0.391777 0.073064 0.0623633 0.98666 0.992682 0.989378 0.993252 0.993887 0.978128 0.998239 0.993559 0.986117 0.997738 0.989719 0.00771463 0.992676 0.975224 0.150139 0.149786 0.991436 0.0123025 0.998194 0.952007 0.993252 0.940255 0.993091 0.993055 0.976183 0.162977 0.962295 0.255578 0.997504 0.997364 0.0160248 0.9472 0.99236 0.00531059 0.0106186 0.00203849 0.00549954 0.00427394 0.00747766 0.968836 0.902736 0.0103707 0.00170941 0.0225484 0.121231 0.00797939 0.19751 0.00204814 0.993521 0.00530793 0.932691 0.934381 0.0553207 0.00240064 0.974898 0.991811 0.99856 0.896758 0.980213 0.00570736 0.0355927 0.00533807 0.00204665 0.000632109 0.013451 0.0140337 0.00554154 0.00876334 0.00549651 0.839816 0.0064877 0.0018633 0.00469074 0.986442 0.00210445 0.00144 0.876644 0.00171372 0.00844941 0.0011488 0.00528842 0.00299304 0.0364365 0.0358246
0.994718 0.981425 0.99509 0.993071 0.918388 0.99414 0.987519 0.994305 0.0431098 0.978076 0.994722 0.966161 0.021312 0.382646 0.071508 0.0609345 0.986788 0.992723 0.989489 0.993278 0.993919 0.978437 0.998234 0.993584 0.986258 0.997737 0.989795 0.00764135 0.992718 0.975586 0.146219 0.145857 0.991502 0.0121499 0.998189 0.952903 0.993279 0.941439 0.993135 0.993088 0.976513 0.159047 0.962936 0.249342 0.997498 0.997366 0.0157843 0.948161 0.992399 0.00528008 0.0105139 0.00204144 0.00546952 0.00424959 0.00743312 0.969419 0.90505 0.0102743 0.00171331 0.0222003 0.118323 0.00789801 0.192583 0.002053 0.993553 0.00528708 0.934233 0.935827 0.0542076 0.00240206 0.975306 0.991878 0.998556 0.899131 0.980493 0.00567826 0.0349582 0.00531261 0.00205169 0.000637637 0.0133131 0.0138671 0.0055187 0.0086836 0.00546452 0.843968 0.00644944 0.00186396 0.00467361 0.9866 0.00210783 0.00144491 0.879477 0.00171736 0.0083888 0.00115377 0.00526864 0.00298555 0.035792 0.0351654
0.994748 0.981643 0.995113 0.993104 0.920151 0.994167 0.987635 0.994325 0.0422981 0.978361 0.994745 0.966665 0.0209434 0.373594 0.0699704 0.059541 0.986915 0.992765 0.989597 0.993306 0.993949 0.978746 0.99823 0.993608 0.986397 0.997736 0.98987 0.00756963 0.992759 0.975943 0.142368 0.142044 0.991568 0.0120001 0.998184 0.953794 0.993306 0.942612 0.993177 0.993123 0.97684 0.155189 0.963562 0.243207 0.997492 0.997367 0.0155484 0.949119 0.992438 0.00524907 0.0104097 0.00204452 0.0054387 0.00422533 0.00739048 0.96999 0.907319 0.0101774 0.00171682 0.0218602 0.115472 0.007818 0.187753 0.002058 0.993584 0.00526612 0.935723 0.937244 0.0531186 0.00240335 0.975704 0.991944 0.998551 0.901453 0.980768 0.00565109 0.0343296 0.00528684 0.00205702 0.000643184 0.0131763 0.0137057 0.00549573 0.0086058 0.00543475 0.848019 0.00640966 0.0018648 0.00465672 0.986757 0.00211134 0.00144979 0.882271 0.00172114 0.00832903 0.00115853 0.00524771 0.00297795 0.0351477 0.0345157
0.994777 0.98186 0.995136 0.993138 0.921887 0.994194 0.987749 0.994346 0.0415078 0.978645 0.994765 0.967166 0.0205838 0.364558 0.0684639 0.0581796 0.987038 0.992805 0.989702 0.993333 0.993979 0.979044 0.998225 0.993633 0.986534 0.997735 0.989944 0.00749914 0.9928 0.976294 0.138612 0.138298 0.991632 0.0118514 0.998179 0.954666 0.993333 0.943762 0.993221 0.993157 0.977164 0.15141 0.964184 0.237154 0.997485 0.997369 0.0153177 0.950058 0.992477 0.0052182 0.0103066 0.00204763 0.00540824 0.00420145 0.00734598 0.970551 0.909528 0.0100813 0.00172068 0.0215221 0.112687 0.00773943 0.183054 0.00206315 0.993614 0.00524563 0.937187 0.938637 0.052054 0.00240501 0.976092 0.992009 0.998546 0.903731 0.981039 0.00562417 0.0337204 0.00526235 0.00206225 0.000648918 0.0130408 0.0135451 0.00547292 0.00852804 0.00540473 0.851994 0.00637105 0.00186583 0.00463999 0.986912 0.00211472 0.00145489 0.88502 0.00172488 0.00827045 0.00116338 0.00522709 0.002971 0.0345277 0.0338814
0.994806 0.982075 0.99516 0.993171 0.923581 0.994219 0.987864 0.994367 0.040717 0.978927 0.994787 0.967654 0.0202287 0.355676 0.066984 0.0568534 0.987164 0.992847 0.989806 0.99336 0.994009 0.979341 0.99822 0.993659 0.986672 0.997734 0.990019 0.00742956 0.99284 0.97664 0.134942 0.13463 0.991696 0.011705 0.998174 0.95552 0.99336 0.944892 0.993264 0.993189 0.977482 0.147683 0.964793 0.231192 0.997479 0.99737 0.0150905 0.950979 0.992517 0.00518668 0.0102045 0.00205051 0.00537694 0.00417811 0.00730251 0.971097 0.911702 0.00998618 0.0017244 0.0211929 0.109967 0.00766227 0.178421 0.00206836 0.993645 0.00522381 0.938622 0.939981 0.051003 0.00240652 0.976476 0.992074 0.998541 0.905962 0.981306 0.00559659 0.0331213 0.00523663 0.00206761 0.000654674 0.0129072 0.013385 0.00544984 0.00845269 0.00537379 0.855871 0.00633226 0.00186694 0.00462374 0.987068 0.00211871 0.00145991 0.887705 0.00172872 0.00821302 0.00116829 0.00520576 0.00296441 0.0339139 0.0332558
0.994835 0.98229 0.995182 0.993206 0.925248 0.994244 0.987977 0.994387 0.0399487 0.979204 0.994809 0.968136 0.0198814 0.346876 0.0655274 0.0555424 0.987286 0.992886 0.989911 0.993388 0.994039 0.979631 0.998216 0.993684 0.986809 0.997733 0.990091 0.00736217 0.99288 0.976979 0.131363 0.131038 0.991759 0.0115633 0.99817 0.956354 0.993387 0.946008 0.993306 0.993223 0.977797 0.144019 0.965399 0.225356 0.997473 0.997372 0.0148661 0.951886 0.992556 0.00515652 0.0101051 0.0020537 0.00534641 0.00415578 0.00725989 0.971631 0.913827 0.00989173 0.00172825 0.0208689 0.107284 0.00758629 0.173873 0.00207363 0.993675 0.00520267 0.940026 0.941303 0.0499722 0.00240774 0.976854 0.992136 0.998536 0.908142 0.981569 0.00556866 0.0325361 0.00521161 0.00207274 0.00066054 0.0127754 0.0132281 0.00542743 0.00837866 0.00534357 0.859665 0.00629225 0.00186828 0.00460671 0.987221 0.00212195 0.00146507 0.890347 0.00173273 0.00815382 0.00117318 0.00518527 0.00295716 0.0333116 0.0326458
0.994862 0.982502 0.995204 0.99324 0.926868 0.994269 0.988089 0.994406 0.0391903 0.979473 0.994829 0.968615 0.0195441 0.338188 0.0641028 0.0542707 0.987406 0.992927 0.990012 0.993416 0.994069 0.979919 0.998211 0.993709 0.986945 0.997731 0.990164 0.00729642 0.992921 0.977313 0.127895 0.127548 0.991823 0.0114228 0.998165 0.957173 0.993414 0.947088 0.993348 0.993257 0.978109 0.140451 0.96599 0.219628 0.997467 0.997373 0.0146464 0.952771 0.992596 0.0051273 0.0100061 0.00205723 0.00531587 0.00413406 0.00721677 0.972158 0.915913 0.00979889 0.00173192 0.020549 0.104653 0.00751032 0.169418 0.00207856 0.993704 0.00518213 0.941391 0.942591 0.0489588 0.00240889 0.977222 0.9922 0.99853 0.910267 0.981832 0.00554058 0.0319552 0.00518772 0.00207788 0.000666632 0.0126442 0.0130727 0.00540543 0.00830377 0.00531352 0.863377 0.00625398 0.0018696 0.00458995 0.987371 0.00212557 0.00147038 0.89293 0.00173658 0.00809559 0.00117854 0.00516475 0.00295073 0.0327243 0.0320407
0.994889 0.982711 0.995226 0.993274 0.928472 0.994293 0.9882 0.994425 0.0384547 0.979745 0.99485 0.969088 0.0192136 0.329598 0.0627066 0.0530289 0.987526 0.992966 0.990113 0.993443 0.994099 0.980202 0.998206 0.993734 0.987079 0.997729 0.990233 0.00723027 0.99296 0.977642 0.124473 0.124131 0.991886 0.0112842 0.99816 0.957977 0.99344 0.948162 0.993389 0.99329 0.978412 0.13694 0.966573 0.213974 0.997461 0.997374 0.0144359 0.953646 0.992636 0.00509809 0.00990829 0.0020608 0.00528543 0.0041119 0.00717467 0.972674 0.917945 0.00970783 0.00173613 0.02023 0.102078 0.00743515 0.165046 0.00208364 0.993734 0.00516053 0.942734 0.943872 0.0479655 0.00241016 0.977581 0.99226 0.998525 0.912367 0.982088 0.00551203 0.0313873 0.00516337 0.00208339 0.000672392 0.0125127 0.0129194 0.00538327 0.00823187 0.00528368 0.866991 0.0062154 0.00187085 0.00457305 0.987519 0.00212928 0.00147573 0.895457 0.00174032 0.00803727 0.00118372 0.00514398 0.0029445 0.0321431 0.0314501
0.994916 0.982917 0.995248 0.993306 0.930036 0.994318 0.988311 0.994444 0.0377282 0.980014 0.994869 0.969559 0.018889 0.321152 0.0613489 0.0518185 0.987645 0.993005 0.990212 0.99347 0.99413 0.98048 0.9982 0.99376 0.987214 0.997727 0.990306 0.00716491 0.992999 0.977967 0.121136 0.120792 0.991948 0.0111495 0.998154 0.958765 0.993467 0.949206 0.993432 0.993323 0.978706 0.133503 0.967142 0.208404 0.997453 0.997376 0.0142272 0.954509 0.992675 0.00506876 0.00980964 0.00206429 0.00525662 0.0040898 0.00713161 0.973179 0.919924 0.00961787 0.00174007 0.0199193 0.0995745 0.00736261 0.160771 0.00208915 0.993764 0.00513961 0.944026 0.945109 0.0469867 0.0024114 0.97794 0.99232 0.99852 0.91442 0.982336 0.00548418 0.0308263 0.0051393 0.00208929 0.000678478 0.0123839 0.0127686 0.00536129 0.00816035 0.0052546 0.870521 0.0061764 0.00187245 0.00455578 0.987666 0.0021333 0.00148124 0.897913 0.00174439 0.00797841 0.00118903 0.00512379 0.00293833 0.0315751 0.0308695
0.994943 0.983121 0.99527 0.993339 0.931556 0.994343 0.98842 0.994465 0.0370173 0.980275 0.99489 0.970016 0.0185712 0.312799 0.0600056 0.0506329 0.987763 0.993044 0.99031 0.993497 0.994159 0.980753 0.998195 0.993784 0.987347 0.997725 0.990375 0.00710148 0.993038 0.978288 0.117892 0.117535 0.992008 0.0110169 0.998149 0.959538 0.993493 0.950229 0.993473 0.993356 0.979001 0.130151 0.967706 0.202987 0.997447 0.997376 0.0140208 0.955346 0.992714 0.00503987 0.00971364 0.00206774 0.00522801 0.00406844 0.00708919 0.973668 0.921861 0.00952861 0.00174419 0.0196154 0.097127 0.00729089 0.1566 0.00209478 0.993794 0.00511853 0.945295 0.94631 0.0460317 0.00241273 0.97829 0.992378 0.998514 0.916442 0.982587 0.00545742 0.0302795 0.0051144 0.00209435 0.000684655 0.0122563 0.0126206 0.00533891 0.00808966 0.00522562 0.873956 0.00613798 0.00187417 0.00454002 0.987811 0.00213729 0.00148648 0.900331 0.00174796 0.00792006 0.00119444 0.00510337 0.00293244 0.0310161 0.0303026
0.994969 0.983323 0.995291 0.993371 0.933063 0.994368 0.988526 0.994483 0.0363198 0.980533 0.99491 0.970464 0.0182583 0.304575 0.0586887 0.0494758 0.987878 0.993083 0.990407 0.993525 0.994189 0.981022 0.998189 0.993809 0.987478 0.997722 0.990445 0.00703849 0.993076 0.978607 0.114728 0.11437 0.992067 0.0108855 0.998144 0.960301 0.99352 0.951234 0.993513 0.993389 0.979289 0.126878 0.968257 0.197644 0.99744 0.997377 0.013821 0.956175 0.992755 0.0050109 0.00961877 0.00207132 0.00519897 0.00404833 0.00704649 0.974153 0.923737 0.00943984 0.00174827 0.0193146 0.0947245 0.00722009 0.152512 0.00210035 0.993824 0.00509681 0.94653 0.947488 0.0450913 0.00241388 0.978635 0.992436 0.998508 0.918391 0.982834 0.0054303 0.0297365 0.00508991 0.00209961 0.000690989 0.0121304 0.0124759 0.00531676 0.00801987 0.00519661 0.877327 0.00610002 0.00187585 0.00452463 0.987953 0.0021411 0.00149171 0.902701 0.00175214 0.00786422 0.00120005 0.00508266 0.00292679 0.0304671 0.0297451
0.994995 0.98352 0.995313 0.993403 0.934526 0.994392 0.988632 0.994502 0.0356427 0.980788 0.99493 0.970908 0.017953 0.296446 0.0574024 0.0483503 0.987993 0.99312 0.990501 0.993551 0.994217 0.981288 0.998184 0.993835 0.987608 0.99772 0.990516 0.00697649 0.993113 0.978917 0.111652 0.111278 0.992126 0.0107573 0.998138 0.961052 0.993548 0.952217 0.993554 0.993422 0.979572 0.123656 0.968804 0.192416 0.997433 0.997378 0.013626 0.956987 0.992793 0.00498332 0.00952319 0.0020753 0.0051706 0.00402772 0.00700433 0.974623 0.925585 0.00935201 0.00175221 0.0190231 0.0923902 0.00715198 0.148495 0.00210567 0.993853 0.00507626 0.947738 0.948633 0.0441752 0.00241489 0.978969 0.992492 0.998502 0.920302 0.983077 0.00540338 0.0292036 0.00506573 0.00210538 0.000697416 0.0120061 0.0123326 0.00529399 0.00795115 0.00516799 0.880611 0.00606254 0.00187782 0.0045087 0.988094 0.00214541 0.00149739 0.905021 0.00175635 0.00780689 0.00120575 0.00506184 0.00292098 0.0299269 0.0291959
0.99502 0.983717 0.995334 0.993437 0.935961 0.994415 0.988738 0.994521 0.0349692 0.981039 0.99495 0.97135 0.0176525 0.288517 0.0561459 0.0472438 0.988109 0.993158 0.990595 0.993578 0.994247 0.981554 0.998179 0.99386 0.987736 0.997717 0.990585 0.00691572 0.99315 0.97922 0.108643 0.108258 0.992183 0.0106306 0.998133 0.961785 0.993574 0.953183 0.993596 0.993454 0.979848 0.120506 0.969335 0.187268 0.997426 0.997378 0.0134348 0.957784 0.992832 0.00495509 0.00943191 0.00207885 0.00514197 0.00400695 0.0069614 0.975088 0.927388 0.0092642 0.00175597 0.0187323 0.0901096 0.0070832 0.144568 0.00211099 0.993883 0.00505544 0.948925 0.949753 0.043275 0.00241648 0.979298 0.992548 0.998496 0.922161 0.983313 0.00537653 0.0286834 0.0050415 0.00211115 0.000703879 0.0118812 0.0121918 0.00527099 0.00788086 0.00513985 0.883797 0.00602433 0.0018798 0.00449327 0.988234 0.00214928 0.00150299 0.907312 0.00176028 0.00775055 0.00121134 0.00504119 0.00291524 0.0294003 0.0286631
0.995046 0.983909 0.995354 0.993468 0.937359 0.994439 0.988843 0.99454 0.0343122 0.981288 0.99497 0.971781 0.0173604 0.280638 0.0549135 0.0461735 0.988222 0.993195 0.990689 0.993605 0.994276 0.98181 0.998173 0.993886 0.987864 0.997715 0.990653 0.00685667 0.993186 0.979516 0.105697 0.105317 0.99224 0.0105057 0.998127 0.962497 0.993602 0.954128 0.993635 0.993485 0.980127 0.117437 0.969859 0.182239 0.997419 0.997379 0.0132439 0.958568 0.992872 0.0049279 0.00934093 0.00208231 0.00511339 0.00398681 0.00691811 0.975535 0.929147 0.00917779 0.00176039 0.0184499 0.0878877 0.00701427 0.140742 0.00211635 0.993913 0.00503459 0.950072 0.950852 0.0423904 0.00241749 0.979624 0.992602 0.998491 0.923986 0.983547 0.00534978 0.0281743 0.00501809 0.00211628 0.000710263 0.0117574 0.0120517 0.00524884 0.00781296 0.00511117 0.886926 0.0059866 0.00188165 0.00447741 0.98837 0.00215271 0.00150862 0.909528 0.00176414 0.00769422 0.00121717 0.00502022 0.00290999 0.0288869 0.0281407
0.995071 0.984102 0.995375 0.993502 0.938725 0.994463 0.988945 0.99456 0.0336656 0.981533 0.994989 0.972207 0.0170745 0.272917 0.053704 0.0451288 0.988335 0.993232 0.990782 0.993633 0.994305 0.982064 0.998168 0.993912 0.987988 0.997712 0.99072 0.00679778 0.993222 0.979817 0.102841 0.102451 0.992296 0.0103812 0.998122 0.963196 0.99363 0.955051 0.993675 0.993517 0.980397 0.114425 0.970377 0.177319 0.997413 0.99738 0.013058 0.959325 0.992911 0.00490023 0.00924893 0.00208562 0.00508531 0.00396741 0.00687569 0.975978 0.930857 0.00909241 0.00176455 0.0181712 0.0857075 0.00694814 0.137016 0.00212184 0.993942 0.00501359 0.951195 0.951926 0.0415282 0.00241859 0.979943 0.992656 0.998484 0.92576 0.983775 0.00532364 0.0276759 0.00499412 0.00212176 0.000716806 0.0116378 0.0119129 0.00522655 0.00774713 0.00508253 0.889965 0.00594914 0.00188401 0.0044624 0.988503 0.00215666 0.00151425 0.911704 0.00176856 0.00763916 0.00122301 0.00499974 0.00290461 0.0283765 0.0276301
0.995096 0.984291 0.995395 0.993534 0.940059 0.994486 0.989047 0.994578 0.0330304 0.981776 0.995007 0.972631 0.0167945 0.26536 0.0525302 0.0441039 0.988449 0.993268 0.990872 0.993659 0.994334 0.982311 0.998162 0.993936 0.988113 0.997709 0.990788 0.00674101 0.993258 0.980107 0.100043 0.0996666 0.992352 0.0102591 0.998116 0.96389 0.993656 0.955954 0.993715 0.993549 0.980668 0.111484 0.970881 0.172495 0.997406 0.997381 0.0128777 0.960084 0.99295 0.00487268 0.00916005 0.00208941 0.00505751 0.00394903 0.00683351 0.976408 0.932538 0.00900922 0.00176885 0.0178988 0.0835727 0.00688388 0.133373 0.00212754 0.99397 0.00499298 0.952289 0.952961 0.0406837 0.00241971 0.98026 0.992709 0.998478 0.927501 0.984001 0.00529708 0.0271843 0.00497057 0.00212746 0.000723349 0.0115174 0.0117768 0.0052041 0.0076809 0.00505462 0.892912 0.00591241 0.00188637 0.00444658 0.988635 0.00216032 0.00151991 0.91382 0.00177246 0.00758294 0.00122916 0.00497768 0.00289938 0.0278813 0.0271221
0.99512 0.984477 0.995415 0.993565 0.941364 0.99451 0.989148 0.994597 0.0324122 0.982015 0.995027 0.973047 0.0165237 0.257973 0.0513849 0.043109 0.988558 0.993304 0.990962 0.993687 0.994361 0.982553 0.998156 0.99396 0.988236 0.997706 0.990853 0.00668354 0.993293 0.980392 0.0973391 0.0969546 0.992406 0.0101418 0.99811 0.964566 0.993683 0.956843 0.993754 0.993581 0.980932 0.108611 0.971375 0.167803 0.997399 0.997382 0.012701 0.960821 0.992989 0.00484552 0.00907187 0.00209337 0.00502927 0.00393063 0.00679277 0.976829 0.934168 0.00892533 0.00177326 0.0176281 0.081486 0.00682043 0.129811 0.00213301 0.993999 0.00497255 0.953361 0.953985 0.0398504 0.00242102 0.980567 0.992762 0.998471 0.92921 0.984224 0.00527095 0.0267025 0.00494737 0.00213313 0.000729954 0.0113983 0.011645 0.00518315 0.00761556 0.0050265 0.895787 0.00587477 0.00188875 0.00443148 0.988766 0.00216471 0.00152543 0.915902 0.00177684 0.00752812 0.00123533 0.00495715 0.00289418 0.0273884 0.0266294
0.995144 0.984663 0.995435 0.993597 0.942644 0.994533 0.989248 0.994616 0.0318029 0.982252 0.995046 0.973454 0.0162551 0.250685 0.0502601 0.0421405 0.988665 0.993339 0.99105 0.993712 0.994389 0.982788 0.99815 0.993985 0.988356 0.997704 0.990919 0.00662704 0.993328 0.980676 0.09469 0.0943245 0.992461 0.0100265 0.998105 0.965234 0.99371 0.957707 0.993792 0.993613 0.981191 0.105827 0.971858 0.163198 0.997392 0.997382 0.0125275 0.961544 0.993027 0.00481886 0.00898538 0.00209723 0.00500202 0.0039127 0.00675229 0.977238 0.935764 0.00884383 0.00177758 0.0173678 0.0794675 0.00675642 0.126338 0.00213833 0.994027 0.00495226 0.954405 0.954985 0.0390418 0.00242229 0.980866 0.992813 0.998465 0.930876 0.984441 0.00524354 0.0262313 0.00492411 0.00213861 0.0007366 0.0112821 0.0115131 0.00516078 0.00755156 0.00499985 0.898603 0.00583785 0.00189131 0.00441644 0.988895 0.00216868 0.00153126 0.917936 0.00178102 0.00747395 0.00124146 0.00493587 0.00288866 0.0269077 0.0261472
0.995167 0.984845 0.995455 0.993628 0.943889 0.994556 0.989347 0.994635 0.0312155 0.98248 0.995065 0.973857 0.0159908 0.243548 0.0491711 0.0411897 0.988772 0.993373 0.991136 0.993739 0.994416 0.983022 0.998144 0.99401 0.988476 0.9977 0.990984 0.006572 0.993362 0.98095 0.0921321 0.0917702 0.992515 0.00991162 0.998099 0.965881 0.993737 0.958557 0.993831 0.993646 0.981447 0.103101 0.972336 0.158714 0.997386 0.997382 0.0123558 0.962254 0.993067 0.00479287 0.00890167 0.0021012 0.0049755 0.00389446 0.00671156 0.977638 0.937323 0.00876127 0.00178182 0.0171064 0.0774924 0.00669492 0.122959 0.00214358 0.994056 0.00493213 0.955423 0.955952 0.0382548 0.00242358 0.981155 0.992862 0.998459 0.932499 0.984655 0.00521774 0.0257707 0.00490179 0.00214391 0.000743449 0.0111676 0.0113832 0.00513892 0.00748761 0.00497325 0.901324 0.00580209 0.00189431 0.0044013 0.989022 0.00217289 0.001537 0.919891 0.00178523 0.00741919 0.00124764 0.00491493 0.00288359 0.0264348 0.0256755
0.99519 0.985022 0.995475 0.99366 0.945114 0.994579 0.989445 0.994653 0.0306311 0.982709 0.995082 0.974254 0.0157364 0.236556 0.048091 0.0402697 0.988878 0.993406 0.991221 0.993766 0.994444 0.98325 0.998138 0.994035 0.988594 0.997697 0.991047 0.00651751 0.993397 0.981223 0.0896379 0.089266 0.992569 0.00980055 0.998094 0.966516 0.993763 0.959389 0.99387 0.993677 0.981697 0.100428 0.972806 0.154351 0.997379 0.997382 0.0121891 0.962957 0.993105 0.00476674 0.00881608 0.00210509 0.0049484 0.00387706 0.00666992 0.978035 0.938839 0.00868083 0.00178597 0.0168517 0.0755573 0.00663532 0.119653 0.00214913 0.994084 0.00491184 0.956421 0.956902 0.0374854 0.00242513 0.981445 0.992912 0.998452 0.934084 0.984863 0.0051916 0.0253162 0.00487878 0.00214948 0.000750333 0.011054 0.0112539 0.0051174 0.00742456 0.00494675 0.903972 0.00576589 0.00189684 0.00438704 0.989149 0.00217674 0.00154264 0.921812 0.00178959 0.00736482 0.00125394 0.00489354 0.00287921 0.0259694 0.0252096
0.995214 0.985197 0.995495 0.993691 0.946304 0.994601 0.989542 0.994671 0.0300617 0.98293 0.995101 0.97464 0.0154833 0.229753 0.0470413 0.0393702 0.988982 0.993441 0.991304 0.993792 0.994473 0.983475 0.998132 0.99406 0.988715 0.997693 0.99111 0.0064633 0.993432 0.981492 0.0871911 0.0868404 0.992621 0.00968961 0.998088 0.967131 0.993788 0.960203 0.993908 0.993709 0.981943 0.0978192 0.973267 0.150077 0.997372 0.997383 0.0120236 0.96364 0.993143 0.00473979 0.00873174 0.00210884 0.00492168 0.00385973 0.00663009 0.97842 0.940316 0.00860049 0.0017902 0.0166011 0.0736781 0.00657606 0.116426 0.0021549 0.994111 0.00489221 0.957383 0.95783 0.0367211 0.00242672 0.981729 0.992961 0.998446 0.935638 0.985069 0.00516603 0.0248703 0.00485584 0.00215536 0.000757239 0.0109407 0.0111282 0.0050949 0.00736319 0.00491984 0.906551 0.00572902 0.0018994 0.00437161 0.989271 0.00218059 0.00154868 0.923692 0.00179339 0.00731058 0.00126009 0.00487402 0.00287479 0.0255143 0.0247549
0.995237 0.985369 0.995515 0.993723 0.947475 0.994622 0.989636 0.994689 0.0295006 0.983152 0.995119 0.975027 0.0152353 0.223104 0.0460186 0.0384847 0.989084 0.993476 0.991387 0.993818 0.994501 0.983697 0.998126 0.994085 0.988831 0.99769 0.991173 0.00641014 0.993465 0.981755 0.0848308 0.0844858 0.992674 0.0095806 0.998082 0.967733 0.993814 0.960997 0.993945 0.993739 0.982185 0.0952843 0.973718 0.145917 0.997365 0.997383 0.0118643 0.964309 0.993182 0.00471434 0.00864914 0.00211289 0.00489577 0.00384247 0.00659029 0.978795 0.94176 0.00852188 0.00179468 0.0163572 0.0718495 0.00651757 0.113306 0.00216042 0.994139 0.00487139 0.958329 0.95874 0.0359797 0.00242806 0.982005 0.993008 0.998439 0.937156 0.985272 0.00513978 0.024435 0.00483363 0.0021612 0.000764347 0.0108273 0.0110044 0.00507395 0.00730097 0.0048935 0.909073 0.00569242 0.00190266 0.00435756 0.989393 0.00218471 0.00155444 0.925513 0.00179782 0.0072573 0.00126638 0.00485351 0.00286995 0.0250698 0.024312
0.995259 0.985539 0.995534 0.993754 0.948607 0.994643 0.98973 0.994706 0.0289536 0.983368 0.995136 0.975403 0.0149933 0.216581 0.0450141 0.0376401 0.989185 0.993508 0.991467 0.993845 0.994529 0.983914 0.99812 0.99411 0.988946 0.997686 0.991235 0.0063582 0.993497 0.982012 0.0825326 0.0821952 0.992725 0.0094715 0.998077 0.968326 0.99384 0.961777 0.993983 0.993769 0.982422 0.0927986 0.97416 0.141857 0.997358 0.997384 0.0117063 0.964966 0.99322 0.00468969 0.00856689 0.00211688 0.00486856 0.00382619 0.00654965 0.979163 0.943164 0.00844382 0.00179899 0.0161175 0.0700727 0.0064613 0.110259 0.00216622 0.994164 0.00485049 0.95924 0.959622 0.0352528 0.00242946 0.982279 0.993055 0.998433 0.938634 0.985475 0.00511398 0.024009 0.0048113 0.00216677 0.000771539 0.0107176 0.0108807 0.00505302 0.00724257 0.00486832 0.911516 0.00565706 0.00190569 0.00434353 0.989513 0.00218849 0.00156039 0.927302 0.00180214 0.00720529 0.00127266 0.00483389 0.00286567 0.024637 0.0238739
0.995282 0.98571 0.995554 0.993784 0.949716 0.994664 0.989823 0.994724 0.0284159 0.983586 0.995154 0.975776 0.0147586 0.210258 0.0440483 0.0368122 0.989286 0.99354 0.991546 0.99387 0.994556 0.984127 0.998113 0.994134 0.989061 0.997682 0.991296 0.0063071 0.993529 0.982265 0.0803041 0.0799735 0.992777 0.0093642 0.998071 0.968906 0.993867 0.962533 0.99402 0.9938 0.982657 0.0903836 0.974598 0.1379 0.997351 0.997384 0.0115492 0.965608 0.993257 0.00466523 0.00848497 0.00212076 0.00484197 0.00380962 0.00651051 0.979523 0.944535 0.00836667 0.00180346 0.0158803 0.0683385 0.00640468 0.107272 0.00217205 0.99419 0.00483035 0.960137 0.960489 0.0345354 0.00243065 0.982549 0.9931 0.998426 0.940069 0.985669 0.00508954 0.0235905 0.00478907 0.00217216 0.000778746 0.0106081 0.0107606 0.00503137 0.00718288 0.00484314 0.913887 0.00562139 0.00190869 0.00432886 0.98963 0.00219263 0.00156614 0.929049 0.00180654 0.00715339 0.00127911 0.00481402 0.00286116 0.0242166 0.0234517
0.995304 0.985877 0.995572 0.993815 0.950801 0.994684 0.989915 0.994741 0.0278927 0.983799 0.995172 0.976144 0.0145274 0.204083 0.0431031 0.0360046 0.989384 0.993572 0.991625 0.993897 0.994584 0.984338 0.998107 0.994158 0.989174 0.997678 0.991356 0.0062566 0.993562 0.982514 0.0781319 0.0778096 0.992827 0.00926117 0.998065 0.969478 0.993893 0.963277 0.994057 0.993831 0.982888 0.0880274 0.975022 0.134052 0.997344 0.997384 0.0113976 0.96624 0.993295 0.00464042 0.00840729 0.00212501 0.00481611 0.00379381 0.00647232 0.979876 0.945868 0.00829184 0.00180783 0.0156502 0.0666434 0.00634936 0.104401 0.00217766 0.994218 0.00481032 0.961011 0.961331 0.0338417 0.00243193 0.982813 0.993145 0.99842 0.941478 0.985862 0.00506536 0.02318 0.00476715 0.00217813 0.00078614 0.0104999 0.010642 0.00501096 0.00712395 0.00481737 0.916191 0.00558617 0.00191212 0.00431444 0.989749 0.00219712 0.00157219 0.93075 0.00181102 0.00710164 0.00128559 0.00479417 0.00285641 0.0238034 0.0230328
0.995326 0.986039 0.99559 0.993845 0.951853 0.994704 0.990005 0.994758 0.0273782 0.984006 0.995189 0.976502 0.0143009 0.198052 0.0421657 0.0352167 0.989482 0.993604 0.991704 0.993923 0.99461 0.984546 0.9981 0.994183 0.989285 0.997674 0.991414 0.0062067 0.993594 0.982756 0.0760187 0.0757081 0.992878 0.00915947 0.998059 0.970031 0.993919 0.964002 0.994093 0.993861 0.983115 0.0857342 0.97544 0.130306 0.997338 0.997384 0.0112498 0.966853 0.993331 0.00461634 0.0083287 0.00212896 0.00479094 0.0037781 0.00643311 0.980216 0.947164 0.00821749 0.00181239 0.0154221 0.0649981 0.00629494 0.101585 0.00218318 0.994245 0.00478995 0.961858 0.962153 0.0331598 0.00243366 0.983069 0.99319 0.998413 0.942851 0.98605 0.00504075 0.0227828 0.00474571 0.00218385 0.000793406 0.0103918 0.0105257 0.00499005 0.00706647 0.00479181 0.918431 0.00555166 0.0019153 0.00430013 0.989863 0.00220158 0.00157817 0.932401 0.0018153 0.00704952 0.00129189 0.00477438 0.00285207 0.0233925 0.0226244
0.995347 0.986198 0.995608 0.993875 0.952885 0.994725 0.990094 0.994775 0.0268796 0.984212 0.995206 0.976849 0.0140783 0.192173 0.0412555 0.0344474 0.989579 0.993637 0.991783 0.993949 0.994636 0.984748 0.998093 0.994208 0.989393 0.99767 0.991475 0.00615897 0.993625 0.982997 0.0739678 0.0736555 0.992928 0.00905931 0.998053 0.970577 0.993944 0.96471 0.99413 0.993893 0.983336 0.0835025 0.975849 0.126655 0.997331 0.997384 0.0111029 0.967456 0.993368 0.0045929 0.00825211 0.00213307 0.0047665 0.00376243 0.00639411 0.980557 0.948426 0.00814328 0.00181709 0.0152002 0.0633991 0.00624157 0.0988499 0.00218905 0.994271 0.00477059 0.962682 0.96296 0.0324947 0.00243502 0.98332 0.993235 0.998406 0.944174 0.986234 0.00501591 0.0223909 0.00472523 0.00218963 0.000800754 0.0102885 0.0104108 0.00496954 0.00700966 0.00476724 0.920611 0.00551713 0.00191836 0.00428592 0.989975 0.00220585 0.00158439 0.934015 0.00181972 0.0069978 0.00129851 0.00475333 0.00284834 0.0229932 0.0222266
0.995368 0.986356 0.995626 0.993905 0.95389 0.994746 0.990183 0.994792 0.0263892 0.984414 0.995223 0.977193 0.0138604 0.186421 0.0403676 0.0336959 0.989675 0.993669 0.991858 0.993976 0.994661 0.984944 0.998087 0.994232 0.989501 0.997666 0.991535 0.00611025 0.993657 0.983237 0.0719809 0.0716727 0.992976 0.00896093 0.998047 0.971118 0.993969 0.965401 0.994166 0.993922 0.983552 0.0813348 0.976254 0.123115 0.997324 0.997384 0.0109593 0.968045 0.993404 0.00456926 0.00817637 0.00213717 0.00474126 0.00374724 0.00635446 0.980884 0.949655 0.00807115 0.00182156 0.0149793 0.0618399 0.00619009 0.0961714 0.00219486 0.994297 0.00475047 0.96349 0.963739 0.0318465 0.00243651 0.983567 0.993279 0.998398 0.945471 0.986417 0.0049907 0.0220054 0.00470444 0.00219501 0.000808081 0.010184 0.0102973 0.00494895 0.00695345 0.00474283 0.922725 0.0054824 0.00192167 0.0042728 0.990086 0.00221016 0.00159027 0.935593 0.00182405 0.00694806 0.00130527 0.00473366 0.00284462 0.0226018 0.0218369
0.995389 0.986512 0.995643 0.993935 0.954872 0.994765 0.990269 0.994809 0.0259123 0.984612 0.995239 0.977534 0.013647 0.180832 0.039497 0.0329661 0.989772 0.993699 0.991932 0.994 0.994687 0.985138 0.99808 0.994257 0.989606 0.997662 0.991593 0.00606335 0.993688 0.983468 0.0700265 0.0697372 0.993023 0.00886309 0.998041 0.971638 0.993995 0.966077 0.994202 0.993951 0.983771 0.0792191 0.976648 0.119652 0.997317 0.997384 0.010819 0.968622 0.993439 0.00454572 0.00810077 0.00214142 0.00471678 0.00373308 0.00631668 0.981201 0.950859 0.00799993 0.00182592 0.014761 0.0603181 0.00613883 0.0935967 0.00220055 0.994324 0.00473066 0.964276 0.964499 0.0312097 0.00243813 0.983809 0.993321 0.998391 0.94673 0.986597 0.00496637 0.0216257 0.00468322 0.00220107 0.000815637 0.0100811 0.0101861 0.00492782 0.006898 0.00471911 0.924787 0.0054487 0.00192496 0.00425879 0.990195 0.00221463 0.00159627 0.937126 0.0018285 0.00689827 0.00131174 0.0047137 0.002841 0.0222149 0.0214519
0.995409 0.986667 0.99566 0.993964 0.95583 0.994785 0.990354 0.994826 0.0254438 0.984807 0.995257 0.977868 0.0134389 0.175428 0.0386531 0.032254 0.989866 0.993729 0.992004 0.994026 0.994712 0.98533 0.998074 0.99428 0.98971 0.997658 0.99165 0.00601731 0.993718 0.983693 0.0681474 0.0678743 0.993071 0.00876861 0.998035 0.972149 0.994021 0.966735 0.994236 0.99398 0.983986 0.0771624 0.977032 0.116293 0.997311 0.997384 0.0106799 0.969191 0.993475 0.00452291 0.0080274 0.00214558 0.00469248 0.00371803 0.00627906 0.981515 0.952026 0.0079281 0.00183056 0.0145494 0.0588448 0.00608767 0.0910698 0.0022064 0.994349 0.00471074 0.965044 0.965242 0.0305866 0.00243961 0.984044 0.993363 0.998384 0.94795 0.986774 0.00494257 0.0212581 0.00466265 0.00220689 0.000823064 0.00997987 0.0100764 0.00490695 0.00684396 0.00469484 0.926791 0.00541526 0.00192847 0.00424553 0.990301 0.00221856 0.0016023 0.938627 0.00183319 0.00684866 0.00131842 0.0046936 0.00283705 0.0218424 0.0210729
0.995428 0.986819 0.995677 0.993993 0.956766 0.994805 0.990439 0.994842 0.0249842 0.984998 0.995274 0.9782 0.0132359 0.170151 0.0378232 0.0315564 0.989958 0.993758 0.992074 0.994052 0.994738 0.985517 0.998067 0.994305 0.989813 0.997654 0.991706 0.00597109 0.993749 0.983918 0.0663241 0.0660525 0.993117 0.00867658 0.998028 0.972648 0.994046 0.967379 0.994272 0.99401 0.984191 0.0751661 0.977414 0.113018 0.997304 0.997384 0.010544 0.969749 0.99351 0.00449948 0.00795559 0.00215004 0.00466858 0.00370325 0.00624178 0.981824 0.95316 0.00785768 0.00183498 0.0143421 0.0574062 0.00603735 0.0886284 0.00221208 0.994373 0.00469128 0.965791 0.965965 0.0299807 0.00244115 0.984274 0.993405 0.998376 0.949152 0.986947 0.00491964 0.0208982 0.00464234 0.00221276 0.000830607 0.00988052 0.00996804 0.00488606 0.00679132 0.00467021 0.928746 0.00538246 0.00193193 0.00423225 0.990406 0.00222256 0.00160829 0.940095 0.00183744 0.00679836 0.00132521 0.00467436 0.00283374 0.0214742 0.0207062
0.995448 0.986969 0.995695 0.994021 0.957685 0.994826 0.990522 0.994858 0.0245325 0.985187 0.99529 0.978521 0.0130368 0.165018 0.0370127 0.0308812 0.99005 0.993788 0.992146 0.994076 0.994763 0.985701 0.99806 0.994329 0.989916 0.997649 0.991763 0.00592577 0.993778 0.984136 0.0645524 0.0642973 0.993162 0.00858536 0.998022 0.973141 0.99407 0.968004 0.994306 0.994038 0.984395 0.0732242 0.977784 0.109822 0.997297 0.997384 0.0104119 0.97029 0.993545 0.00447662 0.00788292 0.00215443 0.00464471 0.00368901 0.00620472 0.982124 0.954261 0.00778754 0.00183957 0.0141379 0.0560066 0.00598736 0.0862484 0.00221772 0.994398 0.0046719 0.96652 0.966671 0.0293881 0.00244264 0.984502 0.993445 0.998369 0.950323 0.987115 0.00489515 0.0205477 0.00462133 0.00221841 0.00083816 0.00978249 0.00986103 0.00486561 0.00673887 0.00464584 0.930641 0.00535022 0.00193525 0.00421909 0.990511 0.00222674 0.00161463 0.941513 0.00184165 0.00674966 0.00133214 0.00465404 0.00283003 0.0211129 0.020346
0.995467 0.987115 0.995711 0.99405 0.958574 0.994845 0.990606 0.994874 0.0240958 0.985372 0.995306 0.978841 0.0128399 0.160043 0.0362265 0.0302216 0.99014 0.993817 0.992216 0.994102 0.994788 0.985879 0.998053 0.994352 0.990017 0.997645 0.991818 0.00588128 0.993808 0.984352 0.0628382 0.0625888 0.993207 0.00849414 0.998017 0.973619 0.994094 0.968617 0.99434 0.994066 0.984598 0.0713314 0.978146 0.106715 0.99729 0.997384 0.0102828 0.970824 0.993581 0.00445546 0.00781314 0.00215881 0.0046209 0.00367528 0.00616864 0.982416 0.955334 0.00771897 0.00184398 0.0139379 0.0546555 0.00593948 0.083934 0.00222315 0.994422 0.00465184 0.967229 0.967355 0.0288068 0.00244382 0.984728 0.993485 0.998361 0.95146 0.987281 0.00487183 0.020204 0.0046005 0.00222418 0.000845846 0.0096865 0.00975721 0.00484561 0.0066884 0.00462257 0.932477 0.00531684 0.00193886 0.00420552 0.990614 0.00223121 0.00162054 0.942894 0.00184616 0.00670138 0.00133902 0.00463517 0.00282619 0.0207576 0.0199912
0.995487 0.98726 0.995727 0.994077 0.95944 0.994864 0.990689 0.994889 0.0236632 0.985552 0.995322 0.979151 0.0126489 0.155181 0.0354512 0.0295752 0.990229 0.993846 0.992285 0.994127 0.994812 0.986057 0.998046 0.994375 0.990116 0.99764 0.991873 0.00583684 0.993838 0.984564 0.0611648 0.06093 0.993252 0.00840592 0.99801 0.974087 0.994118 0.96922 0.994373 0.994095 0.984797 0.0694913 0.978498 0.103704 0.997283 0.997383 0.0101556 0.971339 0.993616 0.00443395 0.00774466 0.00216301 0.00459654 0.00366181 0.00613331 0.982705 0.956371 0.0076516 0.00184811 0.0137426 0.0533294 0.00589118 0.0816987 0.00222862 0.994446 0.00463317 0.96792 0.968025 0.0282388 0.00244535 0.984948 0.993525 0.998354 0.952562 0.987445 0.00484811 0.0198653 0.0045798 0.00222978 0.000853561 0.00959017 0.00965362 0.00482516 0.0066369 0.00459896 0.934262 0.00528469 0.00194278 0.00419241 0.990717 0.00223543 0.00162679 0.944243 0.00185093 0.00665409 0.00134612 0.00461725 0.00282318 0.0204129 0.0196482
0.995505 0.987402 0.995744 0.994106 0.960293 0.994882 0.99077 0.994905 0.0232396 0.985731 0.995337 0.979458 0.0124613 0.150464 0.0347021 0.0289511 0.990317 0.993876 0.992353 0.994151 0.994837 0.986233 0.998039 0.994398 0.990214 0.997636 0.991929 0.00579441 0.993867 0.984771 0.0595427 0.0593232 0.993295 0.00831823 0.998004 0.974543 0.994143 0.969809 0.994407 0.994123 0.98499 0.0677011 0.978849 0.100769 0.997276 0.997383 0.0100313 0.971847 0.993651 0.00441195 0.00767631 0.00216728 0.00457335 0.00364889 0.00609739 0.982984 0.957394 0.00758414 0.00185243 0.0135521 0.0520417 0.00584357 0.079519 0.00223429 0.99447 0.00461415 0.968596 0.968676 0.0276853 0.00244707 0.985162 0.993564 0.998346 0.95364 0.987607 0.0048258 0.0195323 0.00455959 0.00223559 0.000861402 0.00949635 0.00955193 0.00480556 0.00658572 0.00457628 0.935988 0.00525268 0.00194649 0.00417996 0.990817 0.0022397 0.00163305 0.945557 0.00185553 0.00660673 0.00135313 0.00459854 0.00281994 0.0200729 0.0193157
0.995525 0.98754 0.99576 0.994134 0.961115 0.994901 0.99085 0.994921 0.0228281 0.985907 0.995353 0.979759 0.0122766 0.145881 0.0339715 0.0283435 0.990403 0.993904 0.992421 0.994175 0.994862 0.986404 0.998032 0.994421 0.990311 0.997631 0.991983 0.00575251 0.993895 0.984974 0.05798 0.0577614 0.993338 0.00823199 0.997998 0.974992 0.994168 0.970384 0.994441 0.994152 0.985179 0.0659753 0.979192 0.097942 0.997269 0.997382 0.00991024 0.972343 0.993686 0.00439021 0.00760727 0.00217182 0.00455063 0.00363476 0.00606239 0.983257 0.958379 0.0075194 0.0018569 0.0133658 0.0507925 0.0057976 0.0774021 0.00223992 0.994495 0.0045955 0.96925 0.969311 0.0271469 0.00244847 0.985369 0.993602 0.998339 0.954696 0.987766 0.00480327 0.0192078 0.00453954 0.00224118 0.000869312 0.00940482 0.00945273 0.00478594 0.00653666 0.00455366 0.937652 0.00522145 0.00195009 0.00416703 0.990914 0.00224417 0.0016393 0.94683 0.00185997 0.00655945 0.00136011 0.00458056 0.00281689 0.0197381 0.0189856
0.995544 0.987676 0.995776 0.994162 0.961924 0.994919 0.990928 0.994937 0.0224256 0.98608 0.995368 0.980054 0.0120957 0.141433 0.0332561 0.0277539 0.990488 0.993932 0.992486 0.994198 0.994885 0.986572 0.998026 0.994443 0.990405 0.997627 0.992037 0.00571139 0.993922 0.985174 0.0564473 0.0562402 0.993382 0.00814772 0.997992 0.975429 0.994192 0.970944 0.994474 0.994179 0.985367 0.0642855 0.979528 0.0951929 0.997262 0.997382 0.00979087 0.972832 0.99372 0.00436772 0.00754033 0.00217614 0.0045288 0.00362144 0.00602651 0.983529 0.959336 0.00745434 0.0018617 0.0131815 0.0495694 0.00575191 0.0753403 0.00224572 0.994518 0.00457677 0.969885 0.969929 0.0266221 0.00244953 0.985574 0.99364 0.998331 0.955721 0.987921 0.00478074 0.0188928 0.00452055 0.00224718 0.00087724 0.00931303 0.00935455 0.00476587 0.00648787 0.00453075 0.939284 0.00518962 0.00195373 0.00415511 0.99101 0.00224845 0.00164571 0.948074 0.00186418 0.00651258 0.00136719 0.00456117 0.00281429 0.0194144 0.0186628
0.995561 0.987811 0.995792 0.99419 0.962711 0.994937 0.991006 0.994952 0.0220304 0.986252 0.995384 0.980344 0.0119213 0.137135 0.0325563 0.0271778 0.990574 0.993959 0.99255 0.994221 0.99491 0.986737 0.998019 0.994467 0.9905 0.997622 0.992087 0.00566925 0.993951 0.985372 0.0549736 0.0547706 0.993424 0.00806525 0.997986 0.975856 0.994215 0.971497 0.994507 0.994207 0.985548 0.0626443 0.979857 0.0925146 0.997255 0.997382 0.00967394 0.973308 0.993753 0.00434682 0.00747526 0.00218102 0.00450606 0.00360852 0.00599234 0.983793 0.960274 0.00738935 0.00186596 0.0130009 0.048375 0.00570665 0.0733562 0.00225126 0.994542 0.00455839 0.97051 0.970531 0.0261059 0.00245121 0.985776 0.993677 0.998324 0.956715 0.988072 0.00475853 0.0185819 0.00450055 0.0022529 0.000885008 0.00922468 0.00925788 0.00474657 0.00643981 0.00450885 0.940862 0.00515807 0.00195742 0.00414344 0.991106 0.00225271 0.0016517 0.949279 0.00186854 0.00646695 0.00137427 0.00454231 0.00281116 0.0190993 0.0183487
0.99558 0.987944 0.995808 0.994218 0.963474 0.994955 0.991082 0.994968 0.0216481 0.986422 0.9954 0.98063 0.0117508 0.132956 0.0318759 0.0266156 0.990657 0.993987 0.992615 0.994245 0.994933 0.9869 0.998012 0.99449 0.990594 0.997617 0.992141 0.00562875 0.993977 0.985565 0.0535398 0.0533464 0.993466 0.00798417 0.997979 0.976277 0.994239 0.972039 0.994538 0.994235 0.985728 0.061045 0.980179 0.0899197 0.997249 0.997381 0.00956096 0.973773 0.993787 0.00432693 0.00740952 0.00218535 0.004484 0.00359572 0.00595859 0.984048 0.961185 0.00732722 0.00187023 0.0128235 0.0472164 0.00566266 0.0714218 0.00225697 0.994565 0.00453922 0.971119 0.971123 0.0256029 0.0024528 0.985974 0.993713 0.998316 0.957682 0.98822 0.00473587 0.0182754 0.00448219 0.00225808 0.000892992 0.00913587 0.00916362 0.00472649 0.00639177 0.00448635 0.942389 0.00512724 0.00196124 0.0041313 0.991198 0.00225705 0.00165796 0.950449 0.00187293 0.00642121 0.00138168 0.0045242 0.0028083 0.0187897 0.0180367
0.995598 0.988074 0.995823 0.994243 0.964226 0.994973 0.991157 0.994983 0.0212722 0.986586 0.995414 0.980911 0.0115812 0.128897 0.0312173 0.0260665 0.990741 0.994014 0.992678 0.994268 0.994956 0.98706 0.998005 0.994512 0.990686 0.997612 0.992193 0.00558876 0.994004 0.985757 0.0521464 0.0519611 0.993508 0.00790399 0.997972 0.976693 0.994263 0.972568 0.99457 0.994263 0.985904 0.0594984 0.980498 0.0873949 0.997242 0.99738 0.00944853 0.974231 0.993819 0.00430634 0.00734609 0.00218957 0.00446188 0.0035838 0.00592398 0.984298 0.96207 0.00726621 0.0018745 0.0126489 0.046097 0.00561891 0.0695264 0.00226274 0.994589 0.00452105 0.971714 0.971698 0.0251106 0.00245408 0.986167 0.993749 0.998309 0.958634 0.988365 0.00471339 0.0179779 0.00446288 0.00226376 0.000901225 0.00904933 0.00907031 0.00470721 0.00634444 0.00446478 0.943866 0.00509597 0.00196499 0.00411938 0.991291 0.00226139 0.00166449 0.951589 0.00187755 0.00637519 0.00138877 0.00450624 0.00280566 0.0184853 0.0177364
0.995616 0.988204 0.995838 0.99427 0.964954 0.994991 0.991231 0.994998 0.0209066 0.986748 0.995429 0.981188 0.0114166 0.124975 0.030577 0.0255314 0.990822 0.994041 0.992741 0.994292 0.994979 0.987214 0.997998 0.994534 0.990777 0.997608 0.992243 0.00554909 0.994031 0.985941 0.0508042 0.0506117 0.99355 0.00782568 0.997966 0.977095 0.994286 0.973086 0.994602 0.99429 0.986075 0.0579969 0.980806 0.0849594 0.997236 0.99738 0.00933677 0.974682 0.993853 0.00428687 0.0072821 0.00219427 0.00444052 0.00357191 0.00589037 0.984542 0.962933 0.00720567 0.00187899 0.0124765 0.0450065 0.00557525 0.0676997 0.00226877 0.994612 0.00450274 0.97229 0.972257 0.0246295 0.00245551 0.986357 0.993784 0.998301 0.959561 0.988509 0.00469124 0.0176835 0.00444379 0.00226934 0.000909356 0.00896319 0.00897779 0.00468794 0.00629763 0.00444344 0.945314 0.00506522 0.0019689 0.00410672 0.991381 0.00226608 0.00167064 0.952703 0.00188227 0.00633014 0.0013959 0.00448837 0.00280299 0.0181859 0.0174429
0.995633 0.988331 0.995853 0.994296 0.965663 0.995008 0.991305 0.995013 0.0205464 0.986909 0.995444 0.981455 0.0112562 0.121167 0.0299453 0.0250087 0.990901 0.994068 0.992803 0.994316 0.995001 0.987369 0.997991 0.994557 0.990866 0.997603 0.992293 0.00551039 0.994058 0.986125 0.0494962 0.0493083 0.993591 0.00774773 0.99796 0.977484 0.994308 0.973584 0.994632 0.994316 0.986248 0.0565273 0.981108 0.0825854 0.997229 0.997379 0.00922824 0.975118 0.993886 0.00426632 0.0072201 0.0021986 0.00441922 0.00355947 0.00585734 0.984783 0.963774 0.00714541 0.00188354 0.0123093 0.0439492 0.00553277 0.0659169 0.00227411 0.994635 0.00448354 0.972845 0.972805 0.0241602 0.00245679 0.986543 0.993819 0.998293 0.96046 0.98865 0.00467094 0.0173976 0.00442527 0.00227525 0.0009174 0.0088802 0.00888714 0.00466898 0.0062522 0.00442204 0.946713 0.00503439 0.0019731 0.00409529 0.991469 0.00227051 0.00167687 0.953787 0.00188689 0.00628639 0.00140295 0.00447039 0.00280043 0.0178966 0.017155
0.99565 0.988457 0.995869 0.994322 0.966354 0.995024 0.991377 0.995027 0.0201937 0.987069 0.995458 0.98172 0.0110975 0.117483 0.0293333 0.0245033 0.990979 0.994095 0.992864 0.994338 0.995025 0.987521 0.997984 0.994578 0.990955 0.997598 0.992342 0.00547252 0.994084 0.986307 0.0482149 0.0480354 0.99363 0.00767108 0.997954 0.977865 0.994331 0.974073 0.994662 0.994341 0.986414 0.0551025 0.981406 0.0802818 0.997222 0.997379 0.00912313 0.975547 0.993919 0.00424589 0.00715882 0.00220294 0.00439765 0.00354737 0.00582413 0.985019 0.964589 0.00708601 0.00188812 0.0121439 0.0429135 0.00549094 0.0641839 0.00228005 0.994657 0.00446506 0.973393 0.973332 0.0237057 0.00245803 0.986725 0.993854 0.998286 0.961338 0.988789 0.00464963 0.0171149 0.00440677 0.00228083 0.000925723 0.00879788 0.00879902 0.00464964 0.00620744 0.0044006 0.948066 0.00500476 0.00197721 0.00408382 0.991556 0.00227502 0.00168297 0.954847 0.0018909 0.00624164 0.00140998 0.00445289 0.002798 0.0176139 0.0168746
0.995668 0.988579 0.995883 0.994349 0.967025 0.995043 0.991448 0.995041 0.0198499 0.987225 0.995472 0.981978 0.0109422 0.113915 0.028737 0.0240116 0.991056 0.994119 0.992925 0.994361 0.995047 0.987671 0.997977 0.994599 0.991041 0.997593 0.99239 0.00543549 0.99411 0.986482 0.0469837 0.0468142 0.993669 0.00759576 0.997947 0.978239 0.994353 0.97455 0.994693 0.994368 0.98658 0.0537199 0.981694 0.0780613 0.997215 0.997379 0.00902063 0.975966 0.993952 0.00422651 0.00709892 0.00220733 0.0043771 0.00353584 0.00579126 0.985248 0.965372 0.00702803 0.00189253 0.0119822 0.0419057 0.00545063 0.0625102 0.00228513 0.99468 0.00444677 0.973926 0.973852 0.023259 0.00245924 0.986901 0.993888 0.998278 0.962188 0.988924 0.00462753 0.0168415 0.00438805 0.00228626 0.00093382 0.00871659 0.00871 0.00463127 0.00616316 0.00437964 0.949387 0.00497534 0.00198152 0.00407166 0.991642 0.00227899 0.0016888 0.955873 0.0018952 0.00619894 0.00141732 0.00443441 0.00279523 0.017335 0.0166002
0.995684 0.988699 0.995897 0.994375 0.967679 0.99506 0.991518 0.995056 0.0195123 0.987376 0.995487 0.982234 0.0107902 0.110476 0.0281591 0.0235303 0.991133 0.994144 0.992982 0.994384 0.995069 0.987819 0.99797 0.99462 0.991127 0.997588 0.992439 0.00539936 0.994135 0.986656 0.0457851 0.0456201 0.993708 0.00752266 0.997941 0.978606 0.994376 0.975014 0.994722 0.994394 0.986741 0.0523907 0.981978 0.075904 0.997209 0.997379 0.00891809 0.976371 0.993983 0.00420698 0.00703904 0.00221177 0.00435608 0.00352467 0.00575929 0.985472 0.966141 0.00697052 0.00189716 0.0118233 0.0409304 0.0054111 0.0608886 0.00229059 0.994701 0.00442881 0.974445 0.974357 0.0228236 0.00246056 0.987076 0.993922 0.99827 0.963015 0.989058 0.00460623 0.0165704 0.00437004 0.00229188 0.00094188 0.00863551 0.00862443 0.00461232 0.00612065 0.00435877 0.950666 0.00494698 0.00198551 0.00405947 0.991727 0.0022826 0.00169496 0.95687 0.0018994 0.00615635 0.0014247 0.00441677 0.00279246 0.0170628 0.0163277
0.995701 0.988819 0.995911 0.994401 0.968323 0.995077 0.991587 0.99507 0.0191846 0.987526 0.9955 0.982486 0.0106415 0.107135 0.0275913 0.0230679 0.991208 0.994168 0.993039 0.994406 0.995091 0.987962 0.997963 0.994641 0.991211 0.997583 0.992487 0.0053631 0.994161 0.986826 0.0446221 0.0444667 0.993746 0.00745062 0.997934 0.978966 0.994398 0.975467 0.994752 0.994419 0.9869 0.0510969 0.982257 0.073807 0.997201 0.997379 0.00881835 0.976771 0.994015 0.00418731 0.00698093 0.00221658 0.00433564 0.00351329 0.00572754 0.985695 0.966892 0.00691296 0.00190136 0.0116692 0.039978 0.00537206 0.0593115 0.00229625 0.994724 0.00441138 0.974951 0.974849 0.0223993 0.00246172 0.987249 0.993954 0.998262 0.963824 0.989189 0.00458549 0.0163079 0.00435218 0.00229788 0.000950348 0.00855709 0.00853897 0.00459362 0.00607774 0.00433901 0.951903 0.00491793 0.0019895 0.00404784 0.991811 0.00228664 0.00170163 0.957844 0.00190408 0.00611413 0.00143188 0.00439937 0.00278981 0.0167968 0.0160638
0.995717 0.988937 0.995925 0.994428 0.968949 0.995094 0.991655 0.995084 0.0188644 0.987672 0.995514 0.982734 0.0104947 0.103896 0.0270381 0.0226112 0.991283 0.994194 0.993096 0.994429 0.995114 0.9881 0.997956 0.994663 0.991294 0.997578 0.992535 0.00532785 0.994184 0.986992 0.0435024 0.0433463 0.993784 0.00738064 0.997927 0.979318 0.994421 0.975909 0.994782 0.994444 0.987056 0.0498362 0.982529 0.07178 0.997195 0.997379 0.00871974 0.977167 0.994047 0.00416881 0.00692451 0.00222096 0.00431488 0.00350169 0.00569498 0.985913 0.967626 0.00685734 0.0019059 0.0115159 0.0390574 0.00533311 0.0577801 0.00230161 0.994746 0.00439422 0.975445 0.975333 0.0219816 0.00246281 0.987418 0.993986 0.998254 0.964602 0.989318 0.00456512 0.016049 0.00433453 0.00230317 0.000958729 0.00847794 0.00845508 0.00457532 0.00603543 0.00431905 0.953117 0.00488913 0.00199355 0.00403572 0.991893 0.00229084 0.00170804 0.95879 0.00190855 0.00607245 0.00143908 0.00438262 0.00278754 0.0165353 0.0158071
0.995734 0.989054 0.995939 0.994453 0.969557 0.99511 0.991723 0.995098 0.0185488 0.987818 0.995527 0.982974 0.0103519 0.100786 0.0264957 0.0221637 0.991355 0.994218 0.993152 0.994451 0.995135 0.988238 0.997949 0.994684 0.991376 0.997573 0.992582 0.0052926 0.99421 0.987154 0.0424084 0.0422592 0.993821 0.00731073 0.997921 0.979665 0.994442 0.976343 0.994812 0.99447 0.987209 0.0486054 0.982797 0.0698114 0.997188 0.997378 0.00862229 0.97755 0.994078 0.00415003 0.00686705 0.00222548 0.00429558 0.0034907 0.00566383 0.986122 0.968333 0.00680191 0.00191064 0.0113673 0.0381535 0.00529407 0.0563056 0.00230708 0.994767 0.00437653 0.975926 0.975801 0.0215755 0.00246425 0.987584 0.994018 0.998247 0.965358 0.989444 0.00454506 0.0157972 0.00431661 0.0023089 0.000967089 0.00840096 0.00837437 0.00455665 0.00599304 0.00429971 0.954275 0.00486181 0.00199768 0.00402403 0.991974 0.0022952 0.00171413 0.959716 0.00191318 0.00603098 0.0014465 0.00436513 0.00278531 0.0162814 0.015555
0.99575 0.989168 0.995953 0.994478 0.970156 0.995125 0.99179 0.995112 0.0182425 0.987961 0.995541 0.983211 0.0102122 0.0977662 0.0259696 0.0217353 0.991426 0.994242 0.993206 0.994474 0.995156 0.988373 0.997942 0.994705 0.991456 0.997568 0.992629 0.00525745 0.994234 0.987314 0.0413462 0.0412106 0.993858 0.00724153 0.997915 0.98 0.994464 0.976767 0.994842 0.994494 0.987359 0.0474153 0.983057 0.0679072 0.997182 0.997377 0.00852746 0.977921 0.994108 0.0041318 0.00681215 0.0022298 0.00427587 0.0034795 0.00563309 0.986328 0.969024 0.00674673 0.00191517 0.0112196 0.0372861 0.00525637 0.0548714 0.00231246 0.994788 0.00435965 0.976389 0.976258 0.0211814 0.00246564 0.987746 0.994049 0.998239 0.966097 0.989571 0.00452471 0.0155514 0.00429986 0.00231474 0.000975313 0.00832604 0.00829367 0.00453938 0.00595236 0.00427914 0.955397 0.00483451 0.00200149 0.00401294 0.992054 0.00229912 0.00172024 0.960611 0.00191755 0.0059901 0.00145376 0.0043484 0.0027833 0.01603 0.01531
0.995765 0.989279 0.995966 0.994502 0.970732 0.995141 0.991855 0.995125 0.01794 0.9881 0.995554 0.983444 0.010076 0.0948284 0.0254512 0.0213146 0.991497 0.994266 0.993261 0.994496 0.995176 0.988505 0.997935 0.994725 0.991535 0.997563 0.992676 0.00522287 0.994258 0.987472 0.0403191 0.0401867 0.993895 0.00717462 0.997909 0.980328 0.994486 0.97718 0.99487 0.994518 0.987509 0.0462534 0.983313 0.0660558 0.997176 0.997377 0.00843367 0.978287 0.994139 0.00411334 0.00675698 0.00223409 0.00425681 0.00346835 0.00560178 0.986528 0.969698 0.00669268 0.00191941 0.0110763 0.0364421 0.00521865 0.0534777 0.00231813 0.99481 0.00434315 0.976843 0.976703 0.020797 0.00246687 0.987905 0.99408 0.998231 0.966821 0.98969 0.00450474 0.0153124 0.00428203 0.00232015 0.000983867 0.00825218 0.00821318 0.00452126 0.00591159 0.00426011 0.956492 0.00480652 0.00200529 0.00400154 0.992132 0.00230315 0.00172633 0.961486 0.00192181 0.00595131 0.00146086 0.00433141 0.00278061 0.0157855 0.0150703
0.995781 0.989389 0.995979 0.994526 0.971301 0.995158 0.99192 0.995139 0.0176453 0.988237 0.995568 0.983672 0.00994292 0.0919959 0.0249508 0.0209016 0.991568 0.99429 0.993314 0.994518 0.995197 0.988634 0.997928 0.994746 0.991612 0.997558 0.992721 0.00518915 0.994282 0.987626 0.0393275 0.0391955 0.993931 0.00710827 0.997902 0.980652 0.994508 0.977583 0.994898 0.994543 0.987649 0.0451313 0.983569 0.0642656 0.997169 0.997376 0.0083437 0.978644 0.99417 0.00409481 0.00670239 0.00223854 0.00423713 0.00345731 0.00557165 0.986722 0.970357 0.00663937 0.00192386 0.010936 0.0356151 0.00518234 0.0521168 0.00232319 0.99483 0.00432562 0.977287 0.97714 0.0204171 0.00246845 0.988062 0.99411 0.998223 0.967523 0.98981 0.0044848 0.0150741 0.00426486 0.00232548 0.000992206 0.00817744 0.00813465 0.00450372 0.00587105 0.00424075 0.957561 0.00477955 0.00200963 0.00398979 0.992208 0.00230769 0.00173234 0.962334 0.00192645 0.00591205 0.00146839 0.00431411 0.00277838 0.0155446 0.0148337
0.995796 0.989497 0.995993 0.99455 0.971852 0.995174 0.991983 0.995153 0.0173548 0.988372 0.995581 0.983894 0.00981179 0.0892533 0.0244656 0.0204994 0.991636 0.994314 0.993367 0.994538 0.995217 0.98876 0.99792 0.994766 0.991687 0.997553 0.992765 0.00515639 0.994306 0.987779 0.0383611 0.0382333 0.993966 0.00704312 0.997897 0.980964 0.994529 0.97798 0.994926 0.994567 0.987793 0.0440389 0.983816 0.0625413 0.997163 0.997376 0.00825391 0.978992 0.9942 0.00407672 0.00664903 0.00224305 0.00421774 0.00344743 0.00554222 0.986914 0.970998 0.00658673 0.00192851 0.0107977 0.0348133 0.00514564 0.0508041 0.00232822 0.99485 0.00430879 0.977721 0.97756 0.0200458 0.00246943 0.988216 0.99414 0.998215 0.968212 0.989928 0.00446419 0.0148451 0.00424695 0.00233069 0.00100071 0.00810446 0.008058 0.0044865 0.00583115 0.00422157 0.95859 0.00475261 0.00201391 0.00397886 0.992283 0.00231154 0.00173842 0.963159 0.00193059 0.00587333 0.00147581 0.0042972 0.00277602 0.0153101 0.0146048
0.99581 0.989603 0.996006 0.994573 0.97239 0.995189 0.992046 0.995166 0.017076 0.988504 0.995594 0.984113 0.00968383 0.0866013 0.0239879 0.0201085 0.991704 0.994337 0.99342 0.994559 0.995237 0.988885 0.997913 0.994786 0.991763 0.997548 0.992809 0.00512328 0.99433 0.987927 0.0374226 0.0372985 0.994 0.00697894 0.99789 0.981274 0.99455 0.978368 0.994954 0.99459 0.987932 0.0429685 0.984055 0.0608659 0.997156 0.997376 0.00816618 0.979335 0.99423 0.00405959 0.00659701 0.00224754 0.00419861 0.00343687 0.00551272 0.987105 0.971617 0.00653539 0.00193294 0.0106618 0.0340337 0.00511025 0.0495327 0.00233366 0.99487 0.00429188 0.978141 0.977975 0.0196859 0.00247087 0.988366 0.99417 0.998206 0.96888 0.990043 0.00444553 0.0146172 0.00423013 0.00233595 0.0010093 0.00803256 0.00798149 0.00446953 0.00579149 0.00420244 0.959597 0.0047256 0.00201795 0.00396787 0.992357 0.00231588 0.00174447 0.963964 0.00193473 0.00583529 0.00148323 0.00428003 0.00277421 0.01508 0.0143777
0.995825 0.989708 0.996019 0.994597 0.972909 0.995204 0.992108 0.995179 0.0168008 0.98863 0.995606 0.984328 0.00955835 0.084047 0.0235263 0.0197277 0.991771 0.994359 0.993471 0.994581 0.995258 0.989008 0.997906 0.994805 0.991839 0.997543 0.992853 0.00509031 0.994353 0.988073 0.0365137 0.0363978 0.994034 0.00691625 0.997884 0.981571 0.994572 0.978746 0.994981 0.994614 0.988068 0.0419401 0.984295 0.0592436 0.997149 0.997376 0.00807845 0.979668 0.994259 0.00404286 0.00654509 0.00225224 0.00417952 0.00342716 0.00548325 0.987289 0.972219 0.00648361 0.00193716 0.0105286 0.0332756 0.00507546 0.0482981 0.00233904 0.99489 0.00427508 0.978552 0.978379 0.0193359 0.00247228 0.988515 0.9942 0.998199 0.969531 0.990154 0.00442632 0.0143964 0.00421353 0.00234153 0.00101778 0.00796093 0.00790644 0.00445273 0.00575287 0.00418392 0.960566 0.00469942 0.0020219 0.00395726 0.992431 0.00231973 0.00175042 0.964743 0.00193872 0.00579657 0.00149077 0.00426412 0.00277235 0.0148548 0.0141567
0.995839 0.989811 0.996032 0.994621 0.97342 0.995218 0.992169 0.995191 0.0165304 0.988756 0.995619 0.984541 0.00943634 0.0815811 0.0230741 0.0193538 0.991837 0.994381 0.993521 0.994602 0.995277 0.989127 0.997899 0.994825 0.991911 0.997537 0.992897 0.0050574 0.994375 0.988217 0.0356323 0.0355233 0.994068 0.00685327 0.997877 0.981866 0.994592 0.979119 0.995008 0.994638 0.988203 0.0409412 0.984527 0.0576618 0.997143 0.997375 0.00799437 0.979997 0.994288 0.00402532 0.00649283 0.00225647 0.00416079 0.00341703 0.00545321 0.987469 0.972805 0.00643457 0.00194126 0.0103987 0.0325426 0.00504112 0.0470946 0.0023445 0.99491 0.00425923 0.978951 0.978774 0.0189919 0.00247381 0.988661 0.994229 0.998191 0.970163 0.990264 0.00440815 0.0141781 0.0041971 0.00234662 0.00102629 0.00789212 0.0078328 0.00443574 0.00571484 0.00416534 0.961504 0.00467279 0.0020261 0.00394663 0.992503 0.00232375 0.00175633 0.965501 0.00194303 0.00575953 0.00149814 0.00424832 0.00277095 0.0146352 0.0139372
0.995853 0.989911 0.996044 0.994643 0.973918 0.995233 0.992229 0.995203 0.0162664 0.98888 0.995632 0.984748 0.00931541 0.079182 0.0226332 0.0189929 0.991902 0.994404 0.993571 0.994622 0.995297 0.989245 0.997892 0.994845 0.991984 0.997532 0.992938 0.00502562 0.994397 0.98836 0.0347742 0.0346699 0.994101 0.00679234 0.997871 0.982155 0.994613 0.979479 0.995035 0.994661 0.988337 0.0399739 0.984752 0.0561335 0.997136 0.997374 0.00791195 0.980315 0.994316 0.00400861 0.00644299 0.00226121 0.00414252 0.00340711 0.00542389 0.987645 0.973377 0.00638499 0.0019455 0.0102704 0.0318225 0.00500701 0.0459385 0.00234989 0.994929 0.00424219 0.979342 0.979157 0.0186575 0.00247509 0.988801 0.994258 0.998183 0.970782 0.990374 0.00438999 0.0139665 0.00418116 0.00235208 0.00103504 0.00782438 0.00776129 0.00441933 0.00567646 0.00414651 0.962421 0.00464731 0.00203031 0.00393619 0.992574 0.00232796 0.00176247 0.96624 0.0019473 0.0057218 0.00150561 0.00423249 0.00276902 0.0144214 0.013724
0.995867 0.99001 0.996057 0.994665 0.974405 0.995248 0.992288 0.995216 0.0160117 0.989005 0.995645 0.984947 0.00919733 0.07687 0.0222049 0.0186424 0.991967 0.994425 0.993619 0.994642 0.995316 0.989362 0.997885 0.994864 0.992056 0.997527 0.992981 0.00499388 0.994419 0.988498 0.0339484 0.0338489 0.994134 0.00673161 0.997864 0.982439 0.994633 0.97983 0.995062 0.994683 0.988468 0.0390326 0.984975 0.0546555 0.99713 0.997374 0.00783034 0.980629 0.994345 0.00399186 0.00639336 0.00226544 0.00412495 0.00339759 0.00539424 0.987818 0.973926 0.00633619 0.00194977 0.0101461 0.0311306 0.0049743 0.0448122 0.00235527 0.994948 0.00422709 0.979724 0.979533 0.0183295 0.00247654 0.98894 0.994286 0.998175 0.971375 0.99048 0.00437167 0.0137611 0.00416509 0.0023574 0.00104372 0.00775743 0.00768979 0.00440371 0.00564047 0.00412791 0.963317 0.00462189 0.00203461 0.00392557 0.992642 0.00233226 0.00176864 0.966962 0.0019519 0.00568597 0.00151292 0.00421694 0.00276732 0.0142107 0.013517
0.995882 0.990106 0.996068 0.994688 0.974876 0.995262 0.992347 0.995228 0.01576 0.989124 0.995657 0.98514 0.00908004 0.0746405 0.0217832 0.0182972 0.99203 0.994447 0.993667 0.994663 0.995336 0.989476 0.997878 0.994883 0.992126 0.997522 0.993023 0.00496326 0.994442 0.988632 0.0331411 0.0330487 0.994167 0.00667294 0.997858 0.982711 0.994654 0.980175 0.995088 0.994706 0.988595 0.0381206 0.985189 0.0532143 0.997123 0.997373 0.00774884 0.980933 0.994372 0.0039756 0.00634437 0.00226948 0.00410686 0.00338835 0.00536571 0.987988 0.974468 0.00628761 0.00195404 0.0100244 0.0304529 0.00494125 0.0437249 0.00236049 0.994967 0.00421124 0.980093 0.979895 0.018011 0.00247773 0.989074 0.994314 0.998167 0.971963 0.990585 0.00435314 0.0135597 0.00414909 0.00236236 0.00105253 0.00769052 0.00761891 0.00438776 0.00560445 0.00411015 0.964175 0.00459716 0.00203858 0.00391506 0.99271 0.00233645 0.00177474 0.96766 0.00195634 0.00564955 0.00152031 0.0042022 0.00276523 0.0140017 0.0133158
0.995895 0.990203 0.99608 0.99471 0.975341 0.995277 0.992404 0.99524 0.0155162 0.989242 0.995669 0.985337 0.00896591 0.0724785 0.021374 0.0179614 0.99209 0.994469 0.993713 0.994683 0.995355 0.989587 0.997871 0.994902 0.992193 0.997517 0.993063 0.00493299 0.994463 0.988765 0.032357 0.0322693 0.994199 0.00661495 0.997851 0.982975 0.994673 0.980509 0.995114 0.994728 0.988721 0.0372302 0.985399 0.051824 0.997117 0.997372 0.00767111 0.98123 0.9944 0.0039585 0.00629577 0.00227382 0.00408957 0.00337926 0.00533704 0.988153 0.974992 0.00624018 0.00195838 0.0099027 0.0297946 0.00490857 0.0426642 0.00236583 0.994987 0.00419587 0.980454 0.98025 0.0177025 0.00247933 0.989207 0.994341 0.998159 0.972531 0.990688 0.00433407 0.0133637 0.00413338 0.00236755 0.00106105 0.0076256 0.00754981 0.00437155 0.0055683 0.00409316 0.965015 0.00457226 0.00204278 0.0039049 0.992777 0.00234036 0.00178095 0.968335 0.00196072 0.00561311 0.00152763 0.00418718 0.00276366 0.0138003 0.0131176
0.995909 0.990298 0.996092 0.994731 0.975789 0.995291 0.99246 0.995252 0.0152764 0.989358 0.995682 0.985528 0.00885393 0.070397 0.0209739 0.0176351 0.992151 0.994489 0.99376 0.994704 0.995374 0.989695 0.997864 0.994921 0.99226 0.997512 0.993104 0.00490306 0.994485 0.988896 0.031601 0.0315144 0.994231 0.00655854 0.997845 0.983239 0.994693 0.980833 0.99514 0.99475 0.988845 0.0363695 0.985606 0.0504715 0.99711 0.997371 0.00759527 0.981524 0.994427 0.00394272 0.00624767 0.00227814 0.00407248 0.00337023 0.00530923 0.988317 0.975501 0.00619372 0.00196276 0.00978346 0.0291556 0.0048775 0.0416379 0.00237118 0.995005 0.00418006 0.980804 0.980598 0.017399 0.00248084 0.989338 0.994368 0.99815 0.973082 0.990787 0.00431575 0.0131706 0.00411743 0.00237259 0.00106955 0.00756258 0.00748035 0.00435509 0.00553283 0.00407554 0.965821 0.00454794 0.00204687 0.00389449 0.992843 0.00234434 0.00178712 0.968999 0.00196527 0.00557757 0.00153487 0.00417143 0.00276207 0.0136014 0.0129257
0.995923 0.990391 0.996103 0.994753 0.976229 0.995307 0.992515 0.995264 0.0150417 0.989472 0.995693 0.985715 0.00874503 0.0683712 0.020589 0.0173161 0.992212 0.994511 0.993805 0.994723 0.995392 0.989804 0.997856 0.99494 0.992327 0.997507 0.993144 0.00487343 0.994506 0.989023 0.0308639 0.030781 0.994263 0.00650266 0.997838 0.983499 0.994713 0.981154 0.995164 0.994772 0.988967 0.0355328 0.985811 0.0491685 0.997104 0.99737 0.0075193 0.981809 0.994455 0.00392629 0.00620139 0.00228234 0.00405553 0.00336079 0.00528218 0.988474 0.975998 0.00614733 0.00196741 0.00966848 0.0285358 0.00484601 0.0406385 0.00237629 0.995024 0.00416519 0.98115 0.98094 0.0171027 0.0024824 0.989466 0.994394 0.998142 0.973615 0.990886 0.00429783 0.0129792 0.00410209 0.00237745 0.00107819 0.00749861 0.00741261 0.00433996 0.00549818 0.00405826 0.966609 0.0045239 0.00205133 0.00388426 0.992906 0.00234877 0.00179306 0.969647 0.00196984 0.00554206 0.00154205 0.0041558 0.00276061 0.0134096 0.0127365
0.995936 0.990483 0.996115 0.994776 0.976658 0.995321 0.992569 0.995276 0.0148124 0.989584 0.995705 0.985901 0.0086381 0.0664131 0.0202086 0.0170055 0.992271 0.994532 0.993851 0.994742 0.99541 0.98991 0.99785 0.994958 0.992393 0.997501 0.993184 0.00484498 0.994526 0.989151 0.030145 0.0300626 0.994293 0.0064477 0.997832 0.983749 0.994732 0.981466 0.995189 0.994794 0.989085 0.0347118 0.986009 0.047905 0.997098 0.99737 0.00744546 0.982092 0.994481 0.00391097 0.00615404 0.00228659 0.00403831 0.00335179 0.0052549 0.988631 0.976478 0.00610233 0.00197153 0.00955267 0.0279328 0.00481468 0.0396657 0.0023814 0.995041 0.00414941 0.981485 0.981273 0.0168118 0.00248402 0.989592 0.99442 0.998134 0.974138 0.990985 0.00427956 0.0127929 0.00408566 0.00238298 0.00108706 0.00743682 0.00734599 0.00432416 0.00546453 0.00404221 0.967373 0.00449975 0.00205534 0.00387487 0.992971 0.00235283 0.00179902 0.970272 0.00197405 0.0055075 0.0015496 0.00414008 0.00275869 0.0132195 0.012551
0.995949 0.990573 0.996126 0.994797 0.977076 0.995335 0.992624 0.995289 0.014589 0.989695 0.995716 0.986081 0.00853457 0.0645274 0.0198388 0.016704 0.992331 0.994552 0.993895 0.994761 0.995428 0.990014 0.997842 0.994976 0.992461 0.997496 0.993223 0.00481724 0.994546 0.989273 0.0294519 0.0293699 0.994324 0.0063945 0.997825 0.983994 0.99475 0.981772 0.995214 0.994815 0.989199 0.0339207 0.986203 0.0466761 0.997092 0.997369 0.00737268 0.982364 0.994508 0.00389522 0.00610826 0.00229125 0.00402158 0.00334265 0.00522785 0.988783 0.976951 0.00605859 0.00197592 0.00944051 0.0273431 0.00478454 0.0387206 0.00238653 0.995059 0.00413377 0.981812 0.981599 0.0165262 0.00248542 0.989716 0.994448 0.998127 0.974645 0.991081 0.00426168 0.012609 0.00407028 0.00238793 0.00109594 0.00737548 0.00728077 0.00430829 0.00542994 0.00402597 0.968119 0.00447607 0.00205945 0.00386503 0.993034 0.00235674 0.00180488 0.970883 0.00197804 0.00547425 0.00155695 0.00412597 0.00275667 0.0130337 0.012369
0.995961 0.99066 0.996138 0.994818 0.977487 0.99535 0.992677 0.995301 0.0143684 0.989803 0.995727 0.986256 0.0084323 0.062691 0.0194827 0.0164075 0.992388 0.994573 0.993938 0.99478 0.995446 0.990115 0.997835 0.994995 0.992526 0.997491 0.993261 0.00478926 0.994567 0.989393 0.0287814 0.0286939 0.994355 0.00634167 0.997819 0.984231 0.994769 0.982068 0.995237 0.994837 0.989316 0.0331604 0.986394 0.0454885 0.997086 0.997368 0.00730173 0.982632 0.994534 0.00387979 0.00606346 0.00229543 0.00400491 0.00333383 0.00520179 0.988933 0.977412 0.00601354 0.00198029 0.00933227 0.0267756 0.00475488 0.0378088 0.00239179 0.995077 0.00411923 0.982128 0.981914 0.0162478 0.00248656 0.989836 0.994473 0.998119 0.975143 0.991176 0.00424359 0.0124317 0.00405553 0.0023932 0.00110469 0.00731581 0.0072152 0.00429317 0.00539655 0.00400927 0.968845 0.00445281 0.00206395 0.00385581 0.993096 0.00236088 0.00181052 0.971479 0.00198224 0.00544046 0.00156427 0.00411122 0.00275453 0.0128515 0.0121911
0.995974 0.990748 0.99615 0.994839 0.977886 0.995363 0.99273 0.995312 0.0141534 0.989907 0.995738 0.986431 0.00833207 0.0609255 0.0191337 0.0161211 0.992446 0.994592 0.993981 0.994799 0.995463 0.990215 0.997829 0.995013 0.99259 0.997486 0.993298 0.00476195 0.994587 0.989511 0.0281287 0.0280454 0.994385 0.00628893 0.997813 0.984465 0.994789 0.98236 0.995261 0.994859 0.989428 0.0324154 0.986582 0.0443387 0.997081 0.997367 0.00723098 0.982893 0.994561 0.00386472 0.00601876 0.00229907 0.00398826 0.00332501 0.00517592 0.98908 0.977858 0.00596999 0.00198489 0.00922684 0.0262225 0.00472503 0.0369137 0.00239696 0.995095 0.004104 0.982438 0.982222 0.0159789 0.00248785 0.989954 0.994497 0.998111 0.975627 0.991267 0.00422622 0.0122577 0.00404075 0.00239829 0.00111319 0.00725683 0.00715262 0.0042775 0.00536359 0.00399273 0.969545 0.00443017 0.00206809 0.00384617 0.993155 0.00236498 0.00181666 0.972054 0.00198662 0.00540749 0.00157175 0.00409648 0.00275223 0.0126746 0.0120177
0.995987 0.990835 0.996161 0.99486 0.978274 0.995377 0.992781 0.995324 0.0139425 0.990012 0.995749 0.986599 0.00823168 0.0592118 0.0187953 0.0158399 0.992502 0.994612 0.994024 0.994817 0.995481 0.990314 0.997821 0.995031 0.992651 0.997481 0.993335 0.00473505 0.994606 0.989628 0.0274964 0.0274131 0.994414 0.00623717 0.997806 0.984694 0.994808 0.982645 0.995285 0.994879 0.989538 0.0316869 0.986766 0.0432259 0.997074 0.997367 0.00716109 0.983148 0.994587 0.00384973 0.00597573 0.00230339 0.00397246 0.0033168 0.00514957 0.989223 0.978296 0.00592666 0.00198913 0.00912125 0.0256798 0.00469667 0.0360532 0.00240206 0.995113 0.00408956 0.982743 0.98252 0.015716 0.00248928 0.990071 0.994521 0.998103 0.976102 0.991358 0.00420837 0.0120863 0.0040264 0.00240387 0.00112187 0.00719826 0.00709219 0.00426225 0.00533177 0.00397631 0.970222 0.00440715 0.00207234 0.00383665 0.993216 0.00236889 0.00182264 0.972614 0.00199095 0.00537385 0.00157931 0.00408259 0.00275106 0.0125024 0.0118466
0.996 0.990921 0.996172 0.994882 0.978654 0.99539 0.992833 0.995336 0.0137373 0.990115 0.99576 0.986766 0.00813623 0.0575668 0.0184626 0.0155641 0.992556 0.994633 0.994066 0.994835 0.995498 0.990412 0.997814 0.995049 0.992712 0.997476 0.993372 0.00470837 0.994625 0.989742 0.0268803 0.0267997 0.994442 0.0061862 0.9978 0.984919 0.994827 0.982922 0.995308 0.994898 0.989647 0.0309845 0.986946 0.0421496 0.997068 0.997366 0.00709489 0.9834 0.994612 0.00383527 0.00593334 0.00230754 0.00395613 0.00330821 0.00512437 0.989361 0.978719 0.00588477 0.00199347 0.00901563 0.0251532 0.00466804 0.0352237 0.00240721 0.99513 0.00407526 0.983037 0.982811 0.0154599 0.00249025 0.990185 0.994546 0.998095 0.97656 0.991447 0.00419222 0.0119209 0.00401121 0.00240875 0.00113072 0.00714092 0.00703292 0.00424764 0.00530002 0.0039599 0.97088 0.00438485 0.00207642 0.00382714 0.993275 0.002373 0.00182851 0.97316 0.00199503 0.00534024 0.00158637 0.00406835 0.00274969 0.0123298 0.0116808
0.996012 0.991003 0.996183 0.994902 0.979024 0.995403 0.992884 0.995348 0.0135356 0.990218 0.995771 0.986929 0.0080417 0.0559742 0.0181388 0.0153011 0.992609 0.994651 0.994109 0.994853 0.995515 0.990508 0.997806 0.995066 0.992772 0.997471 0.993409 0.00468172 0.994645 0.989855 0.0262823 0.0262051 0.994471 0.00613769 0.997794 0.98514 0.994845 0.983195 0.995331 0.994919 0.989754 0.0302994 0.987123 0.0411102 0.997062 0.997366 0.00702945 0.983645 0.994636 0.00382096 0.00588977 0.00231149 0.00394014 0.00329908 0.00509783 0.989498 0.979132 0.00584216 0.00199773 0.00891288 0.0246415 0.00464003 0.0344081 0.00241197 0.995147 0.00406109 0.983325 0.983099 0.0152073 0.00249158 0.990296 0.994569 0.998087 0.977008 0.991536 0.00417563 0.0117579 0.00399682 0.00241364 0.00113943 0.00708437 0.00697462 0.00423348 0.00526953 0.00394444 0.971518 0.00436268 0.00208074 0.00381848 0.993333 0.00237705 0.00183429 0.973693 0.0019996 0.00530767 0.00159349 0.00405466 0.00274837 0.0121624 0.0115191
0.996026 0.991084 0.996194 0.994922 0.979386 0.995416 0.992934 0.995359 0.0133378 0.990318 0.995781 0.987088 0.00794796 0.0544314 0.0178193 0.0150382 0.992664 0.994669 0.994149 0.994872 0.995531 0.9906 0.9978 0.995084 0.992833 0.997466 0.993444 0.00465602 0.994664 0.989966 0.0256988 0.0256239 0.9945 0.00608797 0.997788 0.985354 0.994864 0.98346 0.995354 0.994939 0.989857 0.0296342 0.987294 0.0400945 0.997056 0.997366 0.00696522 0.983886 0.99466 0.00380621 0.00584756 0.00231553 0.00392418 0.00329136 0.00507265 0.989633 0.979533 0.00580102 0.00200215 0.00881187 0.0241449 0.00461194 0.0336183 0.00241717 0.995164 0.00404677 0.983609 0.98338 0.0149623 0.00249237 0.990405 0.994593 0.998079 0.977441 0.991621 0.00415903 0.0115973 0.00398241 0.00241869 0.0011484 0.0070302 0.00691648 0.00421865 0.00523764 0.00392896 0.972139 0.00434061 0.00208497 0.00380896 0.993391 0.00238077 0.00184009 0.974213 0.00200353 0.00527614 0.00160082 0.00404004 0.00274705 0.0119993 0.0113577
0.996038 0.991165 0.996205 0.994942 0.979739 0.995429 0.992983 0.99537 0.0131458 0.990417 0.995792 0.987246 0.00785641 0.0529372 0.0175128 0.0147848 0.992717 0.994688 0.99419 0.994888 0.995548 0.990694 0.997793 0.995102 0.992891 0.997461 0.99348 0.00463057 0.994683 0.990073 0.0251366 0.0250632 0.994528 0.00604014 0.997782 0.985566 0.994882 0.983718 0.995376 0.994959 0.989962 0.0289915 0.987462 0.0391032 0.99705 0.997365 0.0069012 0.98412 0.994685 0.00379198 0.00580736 0.00231995 0.00390935 0.00328372 0.00504842 0.989764 0.979923 0.00576216 0.00200645 0.00871364 0.0236623 0.00458439 0.0328557 0.00242169 0.995181 0.00403292 0.983885 0.983652 0.0147225 0.00249319 0.990512 0.994617 0.998071 0.977862 0.991705 0.00414271 0.0114395 0.00396898 0.00242346 0.00115737 0.00697488 0.00685903 0.00420324 0.00520741 0.00391336 0.972745 0.00431931 0.00208882 0.00379989 0.993447 0.00238458 0.00184564 0.974723 0.00200764 0.00524529 0.00160783 0.00402611 0.00274586 0.0118409 0.0111995
0.99605 0.991244 0.996216 0.994962 0.980081 0.995442 0.99303 0.995381 0.0129565 0.990513 0.995803 0.987401 0.00776842 0.0514985 0.0172102 0.0145351 0.992768 0.994706 0.994229 0.994906 0.995565 0.990782 0.997785 0.995119 0.992948 0.997456 0.993516 0.00460523 0.994702 0.990178 0.0245931 0.0245197 0.994555 0.00599195 0.997776 0.985772 0.9949 0.983973 0.995399 0.994978 0.990061 0.028369 0.987628 0.038153 0.997044 0.997364 0.00683774 0.984351 0.994709 0.00377777 0.00576628 0.00232393 0.0038947 0.0032757 0.00502482 0.989891 0.980301 0.00572289 0.00201062 0.00861887 0.023191 0.0045577 0.0321114 0.00242677 0.995198 0.0040185 0.984153 0.983915 0.0144876 0.00249426 0.990618 0.994641 0.998063 0.978276 0.99179 0.00412693 0.0112831 0.00395502 0.00242836 0.00116634 0.00692 0.00680318 0.00418886 0.00517658 0.00389837 0.973328 0.00429747 0.00209279 0.00379056 0.993503 0.00238887 0.00185153 0.97522 0.00201173 0.00521379 0.00161495 0.00401214 0.00274411 0.0116839 0.0110466
0.996061 0.991322 0.996226 0.994981 0.980414 0.995454 0.993078 0.995392 0.0127722 0.990606 0.995814 0.987554 0.00767948 0.0501037 0.0169147 0.0142922 0.992819 0.994725 0.994268 0.994923 0.995581 0.99087 0.997778 0.995136 0.993006 0.997451 0.993551 0.00458014 0.99472 0.990284 0.0240625 0.0239944 0.994583 0.0059457 0.99777 0.985973 0.994918 0.984218 0.995421 0.994997 0.990161 0.0277626 0.987791 0.0372361 0.997037 0.997363 0.00677545 0.984576 0.994733 0.00376407 0.00572649 0.00232807 0.00388015 0.00326791 0.00500053 0.990016 0.980671 0.00568336 0.00201472 0.00852519 0.0227321 0.00453106 0.0313896 0.00243171 0.995213 0.00400456 0.984415 0.984173 0.0142585 0.00249561 0.990723 0.994663 0.998055 0.978679 0.991872 0.00411072 0.0111338 0.00394148 0.00243304 0.00117513 0.00686453 0.00674709 0.00417373 0.00514707 0.00388357 0.973901 0.0042754 0.00209714 0.00378192 0.993556 0.00239267 0.0018572 0.975704 0.00201612 0.00518368 0.00162187 0.00399791 0.00274271 0.011531 0.0108969
0.996073 0.991398 0.996237 0.995001 0.980746 0.995467 0.993125 0.995402 0.0125936 0.9907 0.995824 0.987701 0.00759302 0.048755 0.0166228 0.014055 0.992869 0.994743 0.994307 0.994941 0.995597 0.990957 0.997771 0.995151 0.993061 0.997446 0.993585 0.00455552 0.994739 0.990386 0.0235424 0.0234802 0.994609 0.00589959 0.997763 0.986173 0.994936 0.984459 0.995442 0.995016 0.990259 0.0271682 0.987951 0.036339 0.997032 0.997363 0.00671438 0.984796 0.994757 0.00375022 0.00568746 0.0023322 0.00386545 0.00326052 0.00497716 0.990139 0.981032 0.00564542 0.00201873 0.00843175 0.0222843 0.00450493 0.0306927 0.00243621 0.99523 0.00399095 0.984668 0.984425 0.0140329 0.00249694 0.990825 0.994686 0.998048 0.979072 0.991952 0.00409559 0.0109857 0.00392741 0.00243813 0.00118408 0.00681258 0.00669304 0.00415886 0.00511828 0.00386825 0.974457 0.00425457 0.00210105 0.0037731 0.993611 0.00239653 0.00186259 0.97617 0.00202017 0.00515342 0.00162913 0.00398444 0.00274095 0.0113818 0.0107493
0.996084 0.991472 0.996246 0.99502 0.981065 0.99548 0.993171 0.995413 0.012417 0.990792 0.995835 0.987848 0.00750878 0.0474551 0.0163416 0.0138253 0.992919 0.994761 0.994344 0.994958 0.995614 0.991043 0.997764 0.995168 0.993118 0.997441 0.993618 0.00453155 0.994757 0.990486 0.0230395 0.0229812 0.994636 0.00585327 0.997757 0.986369 0.994953 0.984694 0.995463 0.995034 0.990356 0.0265934 0.988108 0.0354788 0.997026 0.997362 0.00665442 0.985013 0.99478 0.00373644 0.00564919 0.00233606 0.00385128 0.00325321 0.00495338 0.99026 0.981385 0.00560709 0.0020232 0.00834144 0.0218489 0.00447897 0.0300109 0.00244095 0.995246 0.00397759 0.984919 0.984674 0.013812 0.0024984 0.990924 0.994709 0.99804 0.979451 0.992031 0.00407986 0.0108431 0.00391407 0.00244279 0.00119286 0.00676053 0.00663894 0.00414478 0.00508924 0.00385397 0.974994 0.00423389 0.00210505 0.003764 0.993663 0.00240017 0.00186841 0.976626 0.00202387 0.00512385 0.00163616 0.00397068 0.00273953 0.0112357 0.0106058
0.996096 0.991546 0.996256 0.995039 0.981377 0.995492 0.993217 0.995424 0.0122445 0.990881 0.995845 0.98799 0.0074255 0.0461974 0.0160667 0.0135996 0.992968 0.994778 0.994381 0.994975 0.99563 0.991128 0.997757 0.995184 0.993172 0.997436 0.993652 0.00450742 0.994775 0.990586 0.0225519 0.0224927 0.994662 0.00580882 0.997752 0.986556 0.994971 0.984926 0.995484 0.995052 0.990448 0.0260324 0.98826 0.0346323 0.99702 0.997361 0.00659438 0.985223 0.994804 0.00372338 0.00561062 0.00234033 0.00383691 0.00324563 0.004929 0.990377 0.981729 0.00556955 0.00202742 0.00825386 0.0214294 0.0044529 0.0293465 0.0024457 0.995263 0.00396426 0.985162 0.984915 0.0135986 0.00249949 0.991021 0.994731 0.998032 0.97982 0.992108 0.00406521 0.0107004 0.00390081 0.00244737 0.00120157 0.00670858 0.00658603 0.00413031 0.00506025 0.00383904 0.975522 0.00421364 0.00210937 0.00375558 0.993715 0.00240389 0.0018741 0.97707 0.00202798 0.00509513 0.00164341 0.00395728 0.00273788 0.011091 0.0104637
0.996107 0.991619 0.996266 0.995057 0.98168 0.995503 0.993262 0.995434 0.0120756 0.99097 0.995856 0.988131 0.00734445 0.0449714 0.0158009 0.0133813 0.993016 0.994796 0.994417 0.994992 0.995646 0.99121 0.99775 0.995202 0.993225 0.997431 0.993685 0.00448349 0.994792 0.990683 0.0220765 0.0220215 0.994688 0.00576515 0.997745 0.986741 0.994988 0.985154 0.995505 0.995071 0.990542 0.0254882 0.988408 0.0338096 0.997014 0.997361 0.00653555 0.985431 0.994827 0.00371041 0.00557296 0.00234407 0.00382257 0.00323793 0.00490574 0.990493 0.982062 0.00553211 0.00203111 0.00816693 0.021015 0.00442811 0.0287078 0.00245039 0.995279 0.0039504 0.9854 0.985154 0.0133886 0.00250073 0.991117 0.994753 0.998024 0.980185 0.992184 0.00405044 0.0105613 0.00388823 0.00245258 0.00121048 0.00665776 0.00653336 0.00411705 0.0050317 0.00382419 0.97603 0.00419247 0.00211341 0.00374653 0.993766 0.00240796 0.00187994 0.977498 0.00203215 0.00506543 0.00165068 0.00394404 0.00273652 0.0109486 0.0103278
0.996118 0.991689 0.996276 0.995075 0.981977 0.995516 0.993307 0.995445 0.0119082 0.991056 0.995866 0.988268 0.00726516 0.0437937 0.0155382 0.013168 0.993063 0.994813 0.994453 0.995009 0.995661 0.991291 0.997743 0.995218 0.993279 0.997426 0.993719 0.00446047 0.994809 0.990779 0.0216164 0.0215665 0.994713 0.00572202 0.997739 0.98692 0.995005 0.985375 0.995526 0.995089 0.990632 0.0249605 0.988555 0.0330177 0.997008 0.99736 0.00647915 0.985634 0.994848 0.00369752 0.00553561 0.00234794 0.00380862 0.00323067 0.00488285 0.990606 0.982389 0.00549579 0.00203485 0.00808088 0.0206147 0.00440268 0.0280888 0.00245556 0.995293 0.0039373 0.985632 0.985382 0.0131855 0.00250165 0.99121 0.994774 0.998016 0.98054 0.992258 0.00403497 0.0104251 0.00387514 0.00245692 0.00121928 0.00660797 0.00648147 0.00410275 0.00500412 0.0038098 0.976524 0.0041725 0.00211757 0.00373787 0.993817 0.00241159 0.00188566 0.977922 0.00203622 0.00503733 0.00165769 0.00393064 0.00273517 0.0108109 0.0101921
0.996129 0.99176 0.996286 0.995093 0.982267 0.995527 0.993351 0.995455 0.0117452 0.991141 0.995876 0.988402 0.00718781 0.0426508 0.0152796 0.0129578 0.99311 0.994832 0.994489 0.995026 0.995676 0.99137 0.997736 0.995234 0.993331 0.997421 0.993751 0.00443698 0.994827 0.990871 0.021168 0.0211186 0.994738 0.00567951 0.997733 0.987097 0.995021 0.985592 0.995546 0.995107 0.990721 0.0244445 0.988699 0.0322475 0.997002 0.997359 0.00642363 0.985829 0.99487 0.00368477 0.00549915 0.00235185 0.00379465 0.00322346 0.00485988 0.990715 0.982705 0.00545996 0.002039 0.00799692 0.0202243 0.00437847 0.0274834 0.00246025 0.99531 0.00392396 0.985858 0.985607 0.0129868 0.00250283 0.991302 0.994795 0.998008 0.980887 0.992331 0.00402036 0.0102912 0.00386233 0.00246162 0.00122801 0.00655889 0.00643134 0.00408954 0.00497631 0.00379612 0.977007 0.00415302 0.00212126 0.00372882 0.993866 0.00241464 0.00189168 0.978329 0.00204015 0.00500946 0.00166479 0.00391757 0.00273356 0.0106745 0.0100603
0.99614 0.991829 0.996295 0.995112 0.982548 0.995539 0.993395 0.995465 0.0115871 0.991226 0.995885 0.988534 0.00711169 0.0415407 0.0150319 0.0127535 0.993157 0.994849 0.994523 0.995041 0.995692 0.991447 0.997729 0.995249 0.993382 0.997416 0.993782 0.00441419 0.994844 0.990962 0.020735 0.020683 0.994763 0.005638 0.997727 0.987272 0.995037 0.985805 0.995567 0.995125 0.990809 0.0239409 0.988837 0.0315066 0.996997 0.997358 0.00636917 0.986023 0.994893 0.00367198 0.00546406 0.002356 0.00378106 0.0032162 0.00483793 0.990823 0.983011 0.00542508 0.00204264 0.00791389 0.0198433 0.00435437 0.0269026 0.00246489 0.995326 0.00391121 0.98608 0.985828 0.0127931 0.002504 0.991393 0.994815 0.998 0.981226 0.992403 0.00400536 0.0101607 0.0038507 0.00246593 0.00123682 0.00651095 0.00638257 0.00407632 0.00494981 0.00378135 0.977479 0.00413376 0.00212541 0.00371959 0.993915 0.00241832 0.00189712 0.978731 0.00204378 0.00498105 0.00167202 0.0039046 0.00273214 0.0105415 0.00993067
0.99615 0.991899 0.996304 0.995129 0.982824 0.99555 0.993437 0.995476 0.011431 0.991308 0.995895 0.988663 0.00703659 0.0404706 0.0147893 0.0125553 0.993202 0.994866 0.994558 0.995057 0.995707 0.991524 0.997722 0.995264 0.993433 0.997411 0.993813 0.00439271 0.994861 0.991051 0.0203131 0.0202619 0.994787 0.0055967 0.997721 0.987439 0.995054 0.986014 0.995587 0.995142 0.990894 0.0234566 0.988975 0.030785 0.996991 0.997358 0.00631515 0.986211 0.994914 0.00365909 0.00542864 0.00235965 0.00376683 0.0032092 0.00481599 0.99093 0.983314 0.00538949 0.00204646 0.00783137 0.0194741 0.00432908 0.0263355 0.0024693 0.995341 0.00389908 0.986296 0.986045 0.0126039 0.00250503 0.991482 0.994835 0.997992 0.98155 0.992474 0.0039902 0.0100325 0.00383811 0.00247078 0.00124558 0.00646388 0.00633238 0.00406317 0.00492299 0.00376779 0.977933 0.00411416 0.0021291 0.0037112 0.993963 0.00242185 0.00190268 0.979117 0.00204767 0.00495428 0.0016791 0.00389198 0.00273101 0.0104124 0.00980475
0.996161 0.991966 0.996313 0.995146 0.983094 0.995562 0.993478 0.995485 0.0112784 0.991388 0.995905 0.988791 0.00696287 0.039434 0.0145542 0.0123604 0.993246 0.994883 0.994592 0.995073 0.995723 0.9916 0.997715 0.995279 0.993482 0.997407 0.993845 0.00437033 0.994877 0.991142 0.0199022 0.0198548 0.994812 0.00555587 0.997715 0.987606 0.995071 0.986216 0.995606 0.99516 0.990979 0.0229841 0.989111 0.0300789 0.996985 0.997357 0.0062618 0.986397 0.994935 0.00364668 0.00539332 0.00236363 0.00375333 0.00320254 0.00479489 0.991035 0.983607 0.00535517 0.00205059 0.00775073 0.0191119 0.0043054 0.0257842 0.00247356 0.995356 0.0038866 0.986508 0.986254 0.0124173 0.00250562 0.991569 0.994855 0.997984 0.981868 0.992545 0.00397563 0.00990763 0.00382585 0.00247521 0.00125448 0.00641761 0.00628398 0.00405066 0.00489609 0.00375464 0.978377 0.00409551 0.00213305 0.00370275 0.994011 0.00242542 0.00190829 0.979497 0.00205179 0.00492697 0.00168595 0.00387895 0.00272949 0.0102841 0.0096808
0.996171 0.992032 0.996323 0.995164 0.983361 0.995572 0.993519 0.995495 0.0111284 0.991467 0.995913 0.988917 0.00689135 0.038434 0.0143224 0.0121716 0.993291 0.994899 0.994626 0.995089 0.995737 0.991675 0.997709 0.995295 0.993531 0.997402 0.993875 0.00434985 0.994894 0.991229 0.0195018 0.019456 0.994837 0.00551575 0.997709 0.987767 0.995087 0.986413 0.995625 0.995177 0.991063 0.0225223 0.989241 0.0293913 0.996979 0.997356 0.00620906 0.986578 0.994956 0.00363423 0.00535968 0.0023672 0.00373918 0.00319464 0.0047739 0.991137 0.98389 0.00532118 0.00205443 0.00767165 0.0187578 0.00428298 0.0252499 0.00247782 0.995371 0.00387469 0.986714 0.986458 0.0122378 0.00250697 0.991655 0.994874 0.997976 0.982178 0.992613 0.0039618 0.00978707 0.00381311 0.00247982 0.00126324 0.0063717 0.00623687 0.00403708 0.00487028 0.00374113 0.978809 0.0040762 0.00213686 0.00369401 0.994056 0.00242889 0.00191404 0.979869 0.00205546 0.00489951 0.00169306 0.00386637 0.0027283 0.0101584 0.00956077
0.996182 0.992097 0.996332 0.995181 0.983618 0.995583 0.99356 0.995505 0.0109823 0.991545 0.995921 0.98904 0.00681931 0.0374617 0.0140944 0.011987 0.993334 0.994914 0.994659 0.995105 0.995752 0.991748 0.997702 0.99531 0.993579 0.997396 0.993905 0.00432932 0.994911 0.991315 0.0191173 0.0190661 0.99486 0.00547635 0.997704 0.987926 0.995102 0.986605 0.995645 0.995194 0.991145 0.0220741 0.98937 0.0287302 0.996974 0.997356 0.00615811 0.986756 0.994977 0.00362256 0.00532491 0.00237073 0.00372602 0.00318794 0.00475353 0.991238 0.984167 0.00528806 0.00205829 0.00759537 0.0184151 0.00425991 0.0247298 0.00248225 0.995386 0.00386232 0.986916 0.986659 0.012061 0.0025082 0.991741 0.994894 0.997969 0.982481 0.99268 0.00394743 0.00966766 0.00380086 0.00248433 0.00127231 0.00632513 0.00619034 0.00402409 0.00484447 0.00372768 0.97923 0.00405769 0.00214064 0.00368562 0.994101 0.00243288 0.00191962 0.98023 0.00205934 0.0048726 0.00170016 0.0038541 0.00272695 0.0100356 0.00944403
0.996192 0.992162 0.996341 0.995199 0.983872 0.995594 0.993599 0.995515 0.0108384 0.991621 0.995932 0.989159 0.00674832 0.0365295 0.0138738 0.0118073 0.993376 0.99493 0.994691 0.995121 0.995766 0.991821 0.997695 0.995325 0.993626 0.997392 0.993934 0.00430753 0.994926 0.991398 0.0187378 0.0186934 0.994883 0.00543821 0.997698 0.988083 0.995117 0.986793 0.995664 0.99521 0.991226 0.0216367 0.989496 0.0280914 0.996968 0.997355 0.00610757 0.986929 0.994998 0.00361065 0.00529155 0.00237503 0.00371361 0.00318072 0.00473256 0.991337 0.984435 0.00525493 0.00206215 0.00751887 0.0180851 0.00423807 0.0242189 0.00248689 0.9954 0.00384983 0.987113 0.986855 0.0118868 0.0025093 0.991823 0.994914 0.997961 0.982779 0.992747 0.0039335 0.00955056 0.00378862 0.00248866 0.00128116 0.00628095 0.0061449 0.00401104 0.00481883 0.00371486 0.979637 0.00403863 0.00214467 0.00367719 0.994146 0.00243604 0.00192516 0.980581 0.00206302 0.00484692 0.00170757 0.00384218 0.00272541 0.0099169 0.00932811
0.996202 0.992224 0.99635 0.995215 0.984118 0.995604 0.993639 0.995523 0.0106987 0.991697 0.995941 0.98928 0.00668072 0.0356155 0.0136547 0.0116319 0.993418 0.994946 0.994722 0.995136 0.99578 0.991892 0.997689 0.99534 0.993672 0.997387 0.993964 0.00428713 0.994942 0.99148 0.0183689 0.0183272 0.994906 0.00540178 0.997693 0.988236 0.995133 0.986977 0.995683 0.995227 0.991305 0.0212123 0.989619 0.0274679 0.996962 0.997354 0.00605859 0.987097 0.995018 0.00359813 0.0052588 0.00237854 0.0037007 0.00317441 0.00471187 0.991434 0.9847 0.00522221 0.00206613 0.00744541 0.0177623 0.00421621 0.0237254 0.00249142 0.995415 0.00383806 0.987306 0.987044 0.0117146 0.00251058 0.991903 0.994933 0.997953 0.983069 0.992812 0.00391914 0.00943596 0.0037767 0.00249289 0.00128981 0.00623587 0.00609931 0.00399884 0.00479402 0.00370228 0.980035 0.0040206 0.00214872 0.00366963 0.99419 0.00243958 0.00193062 0.980923 0.00206679 0.00482032 0.00171442 0.00383006 0.00272451 0.00979751 0.00921367
0.996212 0.992287 0.996358 0.995231 0.984357 0.995615 0.993678 0.995533 0.0105624 0.991771 0.99595 0.989396 0.00661306 0.0347352 0.0134442 0.0114571 0.993459 0.994962 0.994752 0.995151 0.995794 0.991961 0.997682 0.995354 0.993717 0.997382 0.993993 0.00426621 0.994957 0.991562 0.0180134 0.0179701 0.994929 0.00536452 0.997687 0.988387 0.995147 0.987158 0.995701 0.995243 0.991384 0.0208016 0.98974 0.0268634 0.996957 0.997354 0.00600921 0.987264 0.995038 0.00358662 0.00522594 0.00238291 0.00368733 0.00316677 0.00469219 0.991528 0.984959 0.0051907 0.00206971 0.00737171 0.0174452 0.00419445 0.0232427 0.00249638 0.995428 0.00382651 0.987494 0.987232 0.0115464 0.00251165 0.991985 0.994951 0.997946 0.983352 0.992877 0.00390601 0.00932335 0.0037646 0.00249721 0.00129861 0.00619354 0.00605409 0.00398637 0.00476945 0.00368925 0.980419 0.00400301 0.00215303 0.00366219 0.994233 0.00244319 0.00193597 0.981257 0.00207044 0.0047944 0.00172111 0.00381809 0.00272373 0.00968018 0.00910086
0.996222 0.992348 0.996367 0.995248 0.984593 0.995625 0.993717 0.995542 0.0104278 0.991844 0.995959 0.989511 0.00654711 0.0338848 0.0132369 0.0112869 0.993501 0.994977 0.994783 0.995166 0.995808 0.99203 0.997676 0.995369 0.993762 0.997378 0.994022 0.00424637 0.994974 0.991641 0.0176652 0.0176261 0.994951 0.00532706 0.997681 0.988531 0.995162 0.987338 0.99572 0.99526 0.99146 0.0204024 0.989861 0.0262746 0.996952 0.997353 0.00596108 0.987428 0.995058 0.00357505 0.00519393 0.00238682 0.00367458 0.00316053 0.0046723 0.991622 0.985213 0.00515914 0.0020733 0.00729998 0.0171377 0.00417341 0.0227739 0.00250075 0.995442 0.00381465 0.987678 0.987416 0.0113834 0.00251343 0.992062 0.99497 0.997938 0.983625 0.992941 0.0038929 0.00921324 0.00375324 0.00250196 0.00130742 0.00615116 0.00600868 0.00397444 0.00474611 0.0036765 0.980794 0.0039853 0.00215725 0.00365519 0.994275 0.00244636 0.00194141 0.981582 0.00207389 0.0047683 0.00172799 0.00380682 0.00272304 0.00956794 0.00898934
0.996232 0.992409 0.996375 0.995264 0.984822 0.995636 0.993754 0.995551 0.0102974 0.991916 0.995968 0.989623 0.00648402 0.0330605 0.0130354 0.0111223 0.993542 0.994992 0.994814 0.995181 0.995821 0.992097 0.997669 0.995383 0.993806 0.997373 0.994051 0.00422635 0.99499 0.99172 0.0173278 0.0172876 0.994974 0.00529068 0.997676 0.988674 0.995176 0.987514 0.995738 0.995276 0.991536 0.0200126 0.989979 0.025708 0.996946 0.997353 0.00591405 0.987588 0.995078 0.0035631 0.00516241 0.00239027 0.00366218 0.00315333 0.00465279 0.991714 0.98546 0.00512781 0.00207698 0.00722922 0.0168368 0.00415217 0.0223206 0.00250477 0.995456 0.00380272 0.987857 0.987596 0.0112239 0.00251463 0.992139 0.994989 0.99793 0.983895 0.993003 0.00387971 0.00910307 0.00374104 0.0025058 0.00131615 0.00610885 0.00596489 0.00396179 0.00472213 0.00366444 0.98116 0.00396778 0.00216151 0.00364724 0.994316 0.0024503 0.00194702 0.981899 0.00207781 0.00474331 0.00173466 0.00379543 0.00272186 0.00945645 0.0088818
0.996242 0.992468 0.996383 0.995281 0.985044 0.995647 0.993792 0.99556 0.0101664 0.991985 0.995977 0.989735 0.00642103 0.0322675 0.0128396 0.0109617 0.993583 0.995007 0.994844 0.995196 0.995835 0.992163 0.997662 0.995397 0.99385 0.997368 0.994078 0.00420606 0.995006 0.991797 0.0169945 0.0169577 0.994995 0.00525469 0.99767 0.988815 0.995191 0.987681 0.995756 0.995291 0.99161 0.0196318 0.990095 0.0251534 0.99694 0.997351 0.00586759 0.987748 0.995097 0.00355175 0.0051308 0.00239406 0.00364951 0.00314718 0.00463286 0.991803 0.985701 0.00509671 0.00208069 0.00715962 0.0165442 0.00413171 0.0218825 0.00250893 0.99547 0.00379166 0.988034 0.987771 0.0110666 0.00251575 0.992214 0.995008 0.997923 0.98416 0.993063 0.00386607 0.00899701 0.00373 0.00251018 0.00132469 0.00606825 0.00592184 0.00394993 0.00469872 0.00365239 0.981519 0.00395024 0.00216487 0.00363945 0.994358 0.00245347 0.00195259 0.982207 0.00208109 0.00471848 0.0017418 0.0037835 0.00272037 0.00934815 0.00877568
0.996251 0.992527 0.996393 0.995297 0.985261 0.995658 0.993828 0.995569 0.0100398 0.992056 0.995986 0.989843 0.00635951 0.0314994 0.0126477 0.010805 0.993623 0.995022 0.994874 0.99521 0.995848 0.992228 0.997656 0.995411 0.993893 0.997363 0.994106 0.00418685 0.995021 0.991874 0.0166759 0.0166389 0.995017 0.00521898 0.997664 0.988953 0.995205 0.987845 0.995773 0.995307 0.991681 0.0192602 0.990206 0.0246197 0.996935 0.997351 0.00582107 0.987899 0.995116 0.00354079 0.00510035 0.0023982 0.00363717 0.00314079 0.00461282 0.991889 0.985935 0.00506632 0.00208431 0.00709242 0.0162605 0.00411107 0.0214525 0.00251351 0.995484 0.00378088 0.988205 0.987941 0.0109147 0.00251658 0.992289 0.995027 0.997915 0.984415 0.993123 0.00385283 0.00889277 0.00371845 0.00251456 0.00133326 0.00602759 0.00587952 0.00393818 0.00467572 0.0036398 0.981863 0.00393321 0.00216844 0.00363272 0.994399 0.00245709 0.00195798 0.982509 0.00208519 0.00469426 0.00174843 0.0037719 0.00271856 0.00924413 0.0086724
0.996261 0.992584 0.996401 0.995313 0.985475 0.995667 0.993866 0.995578 0.00991766 0.992122 0.995994 0.989948 0.00629868 0.0307493 0.0124591 0.0106522 0.993661 0.995037 0.994903 0.995225 0.995862 0.992292 0.99765 0.995424 0.993935 0.997359 0.994132 0.00416756 0.995035 0.991949 0.0163625 0.0163309 0.995038 0.00518365 0.997659 0.989089 0.995218 0.988007 0.995791 0.995323 0.991753 0.0189026 0.990317 0.0241004 0.99693 0.99735 0.00577705 0.988052 0.995135 0.0035298 0.00507047 0.00240187 0.00362519 0.00313496 0.0045941 0.991975 0.986163 0.00503695 0.00208779 0.00702504 0.0159788 0.0040903 0.0210332 0.00251806 0.995498 0.00376944 0.988374 0.98811 0.0107645 0.00251809 0.992362 0.995044 0.997908 0.984663 0.993181 0.00384014 0.00879032 0.00370726 0.00251844 0.00134206 0.00598794 0.00583807 0.0039263 0.00465252 0.00362766 0.982198 0.00391655 0.00217239 0.00362521 0.994438 0.00246063 0.00196339 0.9828 0.0020894 0.00467031 0.0017551 0.00376065 0.00271789 0.00914039 0.00857036
0.99627 0.992641 0.996409 0.995328 0.985686 0.995676 0.993902 0.995587 0.00979796 0.99219 0.996002 0.990053 0.00623858 0.0300207 0.0122761 0.0105001 0.993699 0.995052 0.994933 0.995238 0.995875 0.992357 0.997644 0.995438 0.993978 0.997354 0.99416 0.00414887 0.99505 0.992022 0.0160594 0.0160299 0.995059 0.00514966 0.997654 0.989221 0.995232 0.988166 0.995808 0.995339 0.991823 0.0185521 0.990424 0.0235937 0.996925 0.997349 0.00573392 0.988198 0.995155 0.00351844 0.00504066 0.00240541 0.00361324 0.00312834 0.00457483 0.99206 0.986385 0.00500721 0.00209156 0.00695943 0.015709 0.00406966 0.0206227 0.0025223 0.995511 0.00375817 0.988538 0.988274 0.0106173 0.00251889 0.992436 0.995061 0.9979 0.984908 0.993239 0.00382776 0.0086903 0.00369676 0.00252272 0.00135085 0.00594873 0.00579753 0.00391503 0.00463019 0.00361618 0.982526 0.00390039 0.00217596 0.00361732 0.994477 0.00246394 0.00196845 0.983087 0.00209323 0.00464685 0.00176158 0.0037493 0.00271648 0.00903861 0.00847124
0.99628 0.992697 0.996417 0.995344 0.98589 0.995686 0.993938 0.995596 0.00968101 0.992258 0.99601 0.990155 0.0061783 0.0293153 0.0120982 0.0103525 0.993737 0.995066 0.994962 0.995251 0.995888 0.992419 0.997638 0.995451 0.994019 0.997349 0.994186 0.00412992 0.995065 0.992094 0.0157654 0.015734 0.99508 0.00511603 0.997648 0.989352 0.995247 0.98832 0.995824 0.995354 0.991892 0.0182118 0.990532 0.023103 0.99692 0.997348 0.00569093 0.988345 0.995175 0.00350746 0.00501147 0.00240884 0.00360125 0.00312214 0.00455662 0.992143 0.986601 0.00497768 0.00209506 0.00689555 0.015444 0.00405068 0.0202263 0.00252665 0.995523 0.00374698 0.988699 0.988434 0.0104755 0.00252003 0.992507 0.995078 0.997893 0.985144 0.993295 0.00381517 0.00859156 0.00368664 0.00252687 0.00135938 0.00590987 0.00575645 0.0039039 0.00460836 0.003605 0.982845 0.0038843 0.00218006 0.00361067 0.994516 0.00246748 0.00197369 0.983367 0.00209699 0.00462348 0.0017683 0.00373831 0.00271546 0.00893921 0.00837409
0.996289 0.992752 0.996425 0.995359 0.986091 0.995696 0.993973 0.995605 0.00956648 0.992323 0.996019 0.990254 0.00612087 0.0286287 0.0119242 0.0102066 0.993773 0.99508 0.994989 0.995266 0.995901 0.992479 0.997632 0.995464 0.994059 0.997345 0.994212 0.00411121 0.99508 0.992164 0.0154794 0.0154479 0.995101 0.00508355 0.997643 0.98948 0.995259 0.988471 0.995842 0.995369 0.991959 0.0178775 0.990636 0.0226231 0.996915 0.997347 0.00564917 0.988488 0.995193 0.00349547 0.00498254 0.00241264 0.00358886 0.00311612 0.00453863 0.992225 0.986815 0.00494917 0.00209849 0.00683258 0.0151875 0.00403152 0.0198407 0.002531 0.995536 0.00373564 0.988857 0.988591 0.010336 0.0025212 0.992574 0.995095 0.997886 0.985374 0.993351 0.00380245 0.00849622 0.0036761 0.00253108 0.00136813 0.00587071 0.00571583 0.0038919 0.0045866 0.00359336 0.983156 0.00386838 0.00218322 0.00360394 0.994555 0.00247081 0.00197898 0.983639 0.00210052 0.00460101 0.00177516 0.00372698 0.00271397 0.00884067 0.00827749
0.996297 0.992806 0.996434 0.995374 0.986289 0.995706 0.994007 0.995613 0.00945169 0.992386 0.996026 0.990352 0.00606349 0.0279708 0.0117537 0.0100655 0.993809 0.995094 0.995016 0.99528 0.995914 0.992539 0.997625 0.995477 0.9941 0.99734 0.994238 0.00409296 0.995094 0.992233 0.0151987 0.0151679 0.995121 0.00505061 0.997637 0.989605 0.995274 0.988621 0.995858 0.995384 0.992025 0.0175536 0.990738 0.0221549 0.996911 0.997346 0.00560673 0.988627 0.995212 0.00348505 0.00495381 0.00241615 0.00357787 0.00311045 0.00451962 0.992305 0.987022 0.0049216 0.00210211 0.00677077 0.0149365 0.00401314 0.019464 0.00253525 0.995549 0.00372521 0.98901 0.988743 0.0101993 0.00252222 0.992641 0.995111 0.997878 0.985602 0.993406 0.00379111 0.00840267 0.00366554 0.00253528 0.00137661 0.00583273 0.0056774 0.00388089 0.0045652 0.00358248 0.983462 0.00385312 0.00218741 0.0035971 0.994593 0.00247439 0.00198378 0.983906 0.00210428 0.00457801 0.00178195 0.00371597 0.00271315 0.00874483 0.00818279
0.996306 0.992859 0.996442 0.995389 0.986478 0.995716 0.994041 0.995621 0.00933978 0.992449 0.996035 0.990448 0.00600718 0.0273294 0.0115872 0.00992683 0.993844 0.995108 0.995043 0.995293 0.995927 0.992599 0.997618 0.99549 0.994139 0.997336 0.994265 0.00407498 0.995108 0.992302 0.0149265 0.0148937 0.995141 0.00501825 0.997632 0.989728 0.995287 0.988767 0.995874 0.995398 0.992092 0.0172387 0.990838 0.0217028 0.996906 0.997346 0.0055644 0.988763 0.99523 0.00347462 0.004925 0.00241929 0.0035663 0.00310477 0.00450143 0.992383 0.987225 0.00489398 0.0021057 0.00671029 0.0146894 0.00399444 0.0190981 0.00253984 0.995561 0.00371481 0.98916 0.988893 0.0100664 0.00252316 0.992708 0.995127 0.997871 0.985823 0.99346 0.00377943 0.00831084 0.00365478 0.00253933 0.00138518 0.00579516 0.00563866 0.00386981 0.00454378 0.00357219 0.983757 0.00383747 0.00219151 0.00359025 0.994631 0.00247781 0.00198887 0.984167 0.00210766 0.00455545 0.00178875 0.00370533 0.00271215 0.00865064 0.00809364
0.996315 0.992912 0.99645 0.995404 0.986662 0.995727 0.994075 0.995629 0.00922966 0.992511 0.996042 0.990543 0.00595205 0.0267088 0.0114225 0.00979056 0.99388 0.995122 0.995071 0.995306 0.995939 0.992657 0.997612 0.995503 0.994178 0.997332 0.99429 0.00405707 0.995121 0.992369 0.0146625 0.0146273 0.99516 0.00498638 0.997626 0.989846 0.9953 0.988911 0.995891 0.995413 0.992156 0.0169313 0.990937 0.021264 0.996901 0.997345 0.00552379 0.988896 0.995247 0.00346449 0.00489687 0.00242287 0.0035548 0.00309915 0.00448398 0.99246 0.987423 0.00486724 0.0021091 0.00665101 0.0144499 0.00397533 0.018743 0.00254386 0.995575 0.00370449 0.989307 0.98904 0.00993524 0.00252436 0.992773 0.995145 0.997864 0.986036 0.993513 0.00376757 0.00821752 0.00364395 0.00254346 0.00139365 0.00575863 0.00560135 0.00385839 0.00452207 0.00356064 0.984047 0.00382191 0.00219503 0.00358329 0.994667 0.00248168 0.00199418 0.984421 0.00211164 0.00453248 0.00179534 0.00369526 0.00271132 0.00855805 0.00800389
0.996323 0.992963 0.996457 0.995418 0.986844 0.995736 0.994108 0.995637 0.00912451 0.992571 0.99605 0.990635 0.00589865 0.0261036 0.0112632 0.0096604 0.993916 0.995136 0.995098 0.99532 0.99595 0.992713 0.997606 0.995516 0.994216 0.997327 0.994315 0.0040395 0.995135 0.992435 0.0144045 0.0143715 0.995179 0.00495505 0.997621 0.989965 0.995312 0.98905 0.995906 0.995427 0.992221 0.0166316 0.991034 0.0208356 0.996895 0.997344 0.0054843 0.989026 0.995265 0.00345446 0.00486885 0.00242658 0.00354334 0.00309324 0.00446617 0.992535 0.987616 0.00484014 0.00211272 0.00659247 0.0142148 0.00395679 0.0183982 0.00254749 0.995588 0.00369435 0.98945 0.989184 0.00980712 0.00252557 0.992837 0.995161 0.997857 0.986249 0.993566 0.00375566 0.00812806 0.00363374 0.00254753 0.00140222 0.00572166 0.00556497 0.00384744 0.00450131 0.0035501 0.984326 0.00380631 0.00219864 0.00357623 0.994702 0.00248466 0.0019995 0.984668 0.00211469 0.00451047 0.00180178 0.00368548 0.00271053 0.00846701 0.00791601
0.996332 0.993015 0.996464 0.995432 0.987025 0.995745 0.99414 0.995646 0.00902063 0.992631 0.996057 0.990725 0.00584554 0.0255223 0.0111068 0.00953111 0.99395 0.99515 0.995125 0.995334 0.995962 0.99277 0.9976 0.995529 0.994254 0.997323 0.994339 0.00402216 0.995149 0.9925 0.014152 0.0141183 0.995198 0.00492416 0.997616 0.990079 0.995325 0.989187 0.995922 0.995441 0.992282 0.0163361 0.991129 0.0204211 0.996891 0.997344 0.00544501 0.989154 0.995283 0.00344381 0.00484139 0.00243045 0.00353238 0.00308788 0.00444908 0.992609 0.987804 0.00481387 0.00211642 0.0065345 0.0139857 0.00393883 0.0180599 0.00255128 0.995601 0.00368352 0.989588 0.989322 0.0096823 0.0025264 0.9929 0.995176 0.99785 0.986453 0.993616 0.00374379 0.0080408 0.00362338 0.00255136 0.00141085 0.00568544 0.00552898 0.00383611 0.00448053 0.00353936 0.984596 0.00379199 0.00220212 0.00356937 0.994737 0.00248781 0.00200459 0.984909 0.00211831 0.00448847 0.00180841 0.00367566 0.00270958 0.00837784 0.00782979
0.996341 0.993063 0.996471 0.995446 0.9872 0.995754 0.994172 0.995654 0.00891873 0.992689 0.996064 0.990814 0.0057936 0.0249542 0.0109539 0.00940538 0.993984 0.995164 0.995151 0.995346 0.995975 0.992825 0.997594 0.995541 0.994291 0.997318 0.994364 0.00400562 0.995162 0.992564 0.0139053 0.0138738 0.995217 0.00489352 0.997611 0.990192 0.995339 0.989321 0.995937 0.995456 0.992343 0.0160532 0.991223 0.0200161 0.996886 0.997343 0.00540645 0.989278 0.995301 0.00343397 0.00481494 0.0024341 0.00352145 0.00308231 0.00443259 0.99268 0.987989 0.00478861 0.00211991 0.00647745 0.0137623 0.00392088 0.0177287 0.00255538 0.995612 0.00367246 0.989724 0.989458 0.00956018 0.0025274 0.992963 0.995191 0.997843 0.986656 0.993666 0.00373203 0.00795664 0.00361391 0.00255542 0.00141948 0.00565025 0.00549289 0.00382505 0.00446031 0.00352855 0.984862 0.00377705 0.00220601 0.00356245 0.994773 0.00249144 0.00200951 0.985145 0.00212192 0.00446717 0.00181496 0.00366517 0.00270863 0.00828948 0.00774509
0.996349 0.993113 0.996479 0.995459 0.987373 0.995764 0.994203 0.995662 0.00881935 0.992747 0.996073 0.990903 0.00574355 0.0244028 0.0108047 0.00928014 0.994018 0.995177 0.995176 0.99536 0.995986 0.992879 0.997587 0.995553 0.994327 0.997314 0.994388 0.00398847 0.995176 0.992628 0.013664 0.0136372 0.995236 0.00486265 0.997605 0.990302 0.995353 0.98945 0.995953 0.995469 0.992402 0.0157741 0.991314 0.0196229 0.996881 0.997342 0.0053687 0.989401 0.995317 0.0034241 0.00478898 0.00243787 0.003511 0.00307667 0.00441507 0.992752 0.988168 0.00476199 0.00212343 0.00642098 0.0135438 0.00390374 0.0174084 0.00255935 0.995624 0.00366141 0.989856 0.989593 0.00943979 0.00252825 0.993023 0.995207 0.997836 0.98685 0.993715 0.00372013 0.00787284 0.00360382 0.00255948 0.0014279 0.00561624 0.00545811 0.00381479 0.0044404 0.003518 0.985118 0.00376197 0.00220966 0.00355606 0.994807 0.00249462 0.00201446 0.985378 0.00212538 0.00444643 0.00182162 0.00365496 0.00270762 0.00820306 0.00766188
0.996357 0.993162 0.996487 0.995473 0.987541 0.995773 0.994235 0.995671 0.00872118 0.992803 0.99608 0.990989 0.00569319 0.0238718 0.0106592 0.00915788 0.994051 0.99519 0.995201 0.995372 0.995997 0.992933 0.997581 0.995566 0.994363 0.997309 0.994411 0.00397199 0.995189 0.99269 0.0134274 0.0134078 0.995255 0.00483311 0.9976 0.99041 0.995366 0.989581 0.995968 0.995483 0.992462 0.0155029 0.991404 0.0192407 0.996876 0.997341 0.00533221 0.989522 0.995334 0.00341413 0.00476327 0.00244148 0.00350147 0.00307151 0.00439803 0.992823 0.988343 0.00473744 0.00212656 0.00636427 0.0133307 0.00388599 0.0170943 0.00256362 0.995636 0.00365109 0.989988 0.989726 0.00932195 0.00252972 0.993083 0.995224 0.997829 0.987043 0.993764 0.00370864 0.00779065 0.00359355 0.00256324 0.00143641 0.00558178 0.00542298 0.00380479 0.00442014 0.00350741 0.985371 0.00374742 0.00221313 0.0035495 0.99484 0.00249816 0.00201964 0.985606 0.00212863 0.00442571 0.00182831 0.00364442 0.00270641 0.00811964 0.00758212
0.996366 0.99321 0.996494 0.995487 0.987704 0.995782 0.994265 0.995678 0.00862463 0.992858 0.996088 0.991074 0.00564466 0.0233576 0.0105168 0.00903895 0.994084 0.995203 0.995226 0.995384 0.996009 0.992985 0.997575 0.995577 0.994398 0.997304 0.994433 0.00395606 0.995202 0.992749 0.0131989 0.0131799 0.995273 0.00480449 0.997595 0.990516 0.995378 0.989707 0.995983 0.995497 0.992519 0.0152394 0.991493 0.0188689 0.996871 0.997341 0.00529591 0.98964 0.99535 0.00340513 0.00473814 0.0024447 0.00349125 0.00306649 0.00438099 0.992892 0.988513 0.00471259 0.00213005 0.00631062 0.0131251 0.00386905 0.0167902 0.00256792 0.995648 0.00364126 0.990115 0.989854 0.00920703 0.00253114 0.993142 0.995239 0.997821 0.98723 0.993813 0.00369807 0.00771064 0.00358388 0.00256775 0.00144477 0.00554727 0.00538803 0.0037951 0.00439976 0.00349792 0.985617 0.00373317 0.00221696 0.00354311 0.994872 0.002501 0.00202456 0.985827 0.00213227 0.00440557 0.00183479 0.0036344 0.00270611 0.00803567 0.00750178
0.996374 0.993257 0.996501 0.995501 0.987865 0.995792 0.994295 0.995686 0.00853001 0.992913 0.996095 0.991157 0.00559481 0.022862 0.0103784 0.00892331 0.994116 0.995215 0.99525 0.995397 0.99602 0.993037 0.997569 0.995589 0.994433 0.9973 0.994457 0.00393928 0.995216 0.992809 0.0129775 0.0129577 0.995291 0.00477632 0.99759 0.99062 0.99539 0.989833 0.995998 0.995509 0.992578 0.0149844 0.991578 0.0185067 0.996866 0.99734 0.00525888 0.989754 0.995366 0.00339554 0.00471306 0.00244806 0.00348144 0.00306063 0.00436418 0.992959 0.988679 0.00468822 0.0021337 0.00625762 0.0129218 0.00385152 0.0164949 0.00257176 0.995659 0.00363114 0.990241 0.989981 0.00909484 0.00253221 0.9932 0.995254 0.997814 0.987412 0.99386 0.00368717 0.00763104 0.00357418 0.00257104 0.00145311 0.00551347 0.00535335 0.00378475 0.00438078 0.00348772 0.985857 0.00371869 0.00222049 0.00353624 0.994905 0.00250451 0.00202924 0.986039 0.00213567 0.00438562 0.00184148 0.00362445 0.00270461 0.00795465 0.00742233
0.996382 0.993302 0.996508 0.995515 0.98802 0.995801 0.994324 0.995693 0.00843835 0.992968 0.996103 0.991239 0.00554786 0.0223687 0.0102402 0.00880958 0.994147 0.995229 0.995275 0.995409 0.996032 0.993089 0.997563 0.995601 0.994468 0.997296 0.994479 0.00392326 0.995228 0.992868 0.0127604 0.0127416 0.995309 0.0047481 0.997585 0.990723 0.995403 0.989955 0.996012 0.995522 0.992635 0.0147331 0.991662 0.0181555 0.996861 0.997339 0.00522453 0.98987 0.995382 0.00338664 0.00468815 0.00245121 0.00347077 0.003055 0.0043476 0.993026 0.988843 0.00466419 0.00213734 0.00620378 0.0127239 0.00383496 0.0162086 0.00257596 0.995671 0.00362193 0.990365 0.990104 0.00898424 0.00253324 0.993256 0.995269 0.997807 0.987593 0.993906 0.00367662 0.00755323 0.00356485 0.00257485 0.00146132 0.00548082 0.00532056 0.00377475 0.00436155 0.00347771 0.98609 0.00370432 0.00222378 0.00352994 0.994937 0.00250773 0.00203408 0.98625 0.00213915 0.00436472 0.00184795 0.00361483 0.00270404 0.00787465 0.00734706
0.99639 0.993348 0.996515 0.995528 0.988175 0.995809 0.994354 0.995701 0.00834542 0.99302 0.996111 0.99132 0.00550174 0.0218942 0.0101068 0.00869952 0.994178 0.995242 0.995298 0.995421 0.996044 0.993139 0.997557 0.995612 0.994501 0.997292 0.994501 0.00390744 0.99524 0.992924 0.0125493 0.0125309 0.995327 0.00471954 0.997579 0.990823 0.995414 0.990072 0.996027 0.995535 0.992691 0.0144879 0.991745 0.017814 0.996856 0.997338 0.00518941 0.989983 0.995398 0.00337705 0.00466326 0.00245444 0.00346079 0.00305015 0.00433163 0.993089 0.989003 0.00463896 0.00214057 0.0061537 0.0125316 0.00381857 0.0159268 0.0025797 0.995683 0.00361236 0.990484 0.990226 0.00887484 0.00253453 0.993312 0.995284 0.9978 0.987769 0.993951 0.00366609 0.00747625 0.00355509 0.00257896 0.00146947 0.005448 0.00528816 0.00376495 0.00434274 0.00346776 0.986316 0.00369012 0.00222742 0.0035239 0.994969 0.00251099 0.00203907 0.986455 0.00214245 0.00434551 0.00185439 0.0036052 0.00270327 0.00779491 0.00727082
0.996397 0.993393 0.996522 0.995542 0.988325 0.995818 0.994383 0.995709 0.00825578 0.993073 0.996118 0.991399 0.00545662 0.021435 0.00997366 0.00859193 0.994208 0.995254 0.995322 0.995434 0.996055 0.993189 0.997551 0.995624 0.994534 0.997288 0.994524 0.00389195 0.995253 0.992982 0.0123441 0.0123263 0.995343 0.0046921 0.997575 0.990922 0.995426 0.990187 0.996041 0.995548 0.992746 0.0142508 0.991826 0.0174815 0.996852 0.997338 0.00515539 0.990093 0.995414 0.00336783 0.00463929 0.00245761 0.00345131 0.00304505 0.004316 0.993153 0.989159 0.00461474 0.00214381 0.0061034 0.0123431 0.00380174 0.0156547 0.00258352 0.995693 0.00360307 0.990601 0.990344 0.0087684 0.00253518 0.993367 0.995298 0.997794 0.987941 0.993994 0.00365518 0.00740144 0.00354578 0.00258246 0.00147776 0.0054162 0.00525472 0.00375435 0.00432535 0.00345675 0.986536 0.00367676 0.00223051 0.00351756 0.995 0.00251386 0.00204361 0.986655 0.00214582 0.00432518 0.00186098 0.00359582 0.00270219 0.00771766 0.00719671
0.996405 0.993435 0.996529 0.995554 0.988472 0.995827 0.994412 0.995716 0.00816837 0.993125 0.996125 0.991477 0.00541201 0.0209889 0.00984478 0.0084864 0.994238 0.995266 0.995345 0.995445 0.996066 0.993237 0.997545 0.995636 0.994567 0.997283 0.994546 0.00387666 0.995266 0.993036 0.0121426 0.0121262 0.99536 0.00466481 0.997569 0.991017 0.995438 0.9903 0.996056 0.99556 0.992799 0.0140192 0.991906 0.0171578 0.996847 0.997337 0.00512133 0.9902 0.995429 0.00335848 0.00461617 0.00246085 0.00344147 0.00303993 0.00429981 0.993216 0.98931 0.00459085 0.00214721 0.00605426 0.0121592 0.00378521 0.0153892 0.00258735 0.995704 0.00359438 0.990716 0.99046 0.00866633 0.00253637 0.993421 0.995312 0.997786 0.98811 0.994038 0.00364509 0.00732751 0.00353733 0.00258649 0.00148627 0.00538571 0.00522255 0.00374427 0.00430666 0.00344737 0.986754 0.00366336 0.00223365 0.00351223 0.995031 0.00251689 0.00204828 0.986848 0.00214907 0.00430529 0.00186705 0.00358618 0.0027014 0.00764205 0.00712502
0.996413 0.993479 0.996535 0.995568 0.988617 0.995835 0.99444 0.995723 0.00808146 0.993176 0.996132 0.991554 0.00536777 0.0205554 0.00971942 0.008382 0.994268 0.995278 0.995367 0.995457 0.996077 0.993284 0.997539 0.995648 0.994599 0.997279 0.994568 0.00386165 0.995278 0.993091 0.0119483 0.0119312 0.995377 0.00463852 0.997565 0.991112 0.99545 0.990411 0.996069 0.995573 0.992852 0.0137939 0.991987 0.0168432 0.996842 0.997336 0.00508754 0.990306 0.995445 0.00334914 0.00459231 0.00246428 0.00343193 0.00303475 0.00428452 0.993278 0.989459 0.00456809 0.00215029 0.00600514 0.0119786 0.00376925 0.0151313 0.00259086 0.995716 0.00358509 0.990829 0.990575 0.00856406 0.00253738 0.993473 0.995326 0.99778 0.988275 0.99408 0.00363502 0.00725583 0.00352844 0.00259027 0.00149457 0.00535442 0.00519033 0.00373455 0.0042882 0.00343765 0.986967 0.0036498 0.00223704 0.00350657 0.995062 0.00251986 0.00205347 0.987039 0.00215266 0.00428736 0.00187303 0.00357687 0.00270057 0.00756836 0.00705411
0.996421 0.993522 0.996542 0.99558 0.98876 0.995842 0.994467 0.995731 0.00799675 0.993226 0.99614 0.991629 0.00532516 0.0201365 0.00959751 0.00828054 0.994298 0.99529 0.995389 0.995468 0.996087 0.99333 0.997533 0.995659 0.994632 0.997274 0.99459 0.00384717 0.99529 0.993146 0.0117593 0.0117415 0.995393 0.00461232 0.99756 0.991206 0.995462 0.990521 0.996083 0.995586 0.992905 0.013573 0.992063 0.0165362 0.996838 0.997336 0.00505409 0.990409 0.995461 0.00334056 0.00456845 0.00246741 0.00342199 0.00302962 0.0042693 0.993338 0.989604 0.00454558 0.0021529 0.0059572 0.0118053 0.00375405 0.0148774 0.00259426 0.995727 0.003576 0.990941 0.990687 0.00846452 0.00253837 0.993525 0.99534 0.997773 0.988431 0.994122 0.00362487 0.00718577 0.00351938 0.00259367 0.00150275 0.00532358 0.00515957 0.00372583 0.00427022 0.00342745 0.987175 0.00363669 0.00224044 0.0035004 0.995093 0.00252283 0.00205838 0.987227 0.00215634 0.00426869 0.00187884 0.00356835 0.00269946 0.00749364 0.00698405
0.996428 0.993564 0.996549 0.995593 0.988899 0.995851 0.994494 0.995739 0.00791323 0.993276 0.996146 0.991703 0.00528294 0.01973 0.00947754 0.00818052 0.994328 0.995301 0.995411 0.995479 0.996098 0.993378 0.997527 0.99567 0.994664 0.99727 0.99461 0.00383208 0.995302 0.993199 0.011572 0.0115553 0.99541 0.00458688 0.997555 0.991297 0.995473 0.99063 0.996096 0.995599 0.992957 0.0133568 0.992138 0.0162353 0.996834 0.997335 0.00502152 0.99051 0.995476 0.003332 0.00454558 0.0024708 0.00341254 0.00302488 0.00425436 0.993398 0.989746 0.00452365 0.00215617 0.00590987 0.0116365 0.00373873 0.0146294 0.00259828 0.995737 0.00356695 0.99105 0.990796 0.00836539 0.00253976 0.993574 0.995354 0.997766 0.98859 0.994164 0.00361498 0.00711653 0.00350991 0.00259752 0.00151119 0.0052926 0.00512968 0.00371625 0.00425263 0.00341733 0.987375 0.00362366 0.00224399 0.00349428 0.995123 0.00252613 0.00206303 0.987407 0.00215968 0.00425083 0.00188522 0.00355923 0.00269828 0.00742237 0.00691645
0.996435 0.993605 0.996555 0.995605 0.989033 0.995858 0.994522 0.995746 0.00783422 0.993324 0.996153 0.991776 0.00524056 0.019333 0.00935992 0.00808412 0.994357 0.995313 0.995433 0.995491 0.996109 0.993424 0.997521 0.995681 0.994695 0.997265 0.994632 0.00381796 0.995314 0.993252 0.0113912 0.0113769 0.995426 0.00456149 0.99755 0.991388 0.995484 0.990735 0.99611 0.99561 0.993008 0.0131472 0.992212 0.015943 0.996829 0.997335 0.00498906 0.990607 0.995492 0.00332304 0.00452355 0.00247383 0.00340296 0.00301983 0.0042399 0.993456 0.989888 0.00450163 0.00215929 0.00586348 0.0114701 0.00372355 0.0143872 0.00260171 0.995748 0.00355837 0.991155 0.990903 0.00827008 0.00254091 0.993624 0.995368 0.99776 0.988743 0.994205 0.00360554 0.00704798 0.00350065 0.0026009 0.00151934 0.00526371 0.0050994 0.00370717 0.00423509 0.00340808 0.987569 0.00361062 0.00224724 0.00348838 0.995152 0.00252887 0.00206789 0.987588 0.00216283 0.00423268 0.00189146 0.00354976 0.00269794 0.00735158 0.00684853
0.996443 0.993646 0.996562 0.995618 0.989167 0.995866 0.994549 0.995753 0.00775414 0.993371 0.996159 0.991847 0.00519934 0.0189455 0.00924422 0.0079883 0.994385 0.995325 0.995454 0.995502 0.996119 0.993468 0.997516 0.995692 0.994726 0.997261 0.994652 0.00380418 0.995325 0.993304 0.011213 0.0112011 0.995442 0.00453685 0.997545 0.991476 0.995495 0.990838 0.996123 0.995622 0.993057 0.0129416 0.992284 0.0156622 0.996825 0.997335 0.00495774 0.990705 0.995507 0.00331396 0.00450126 0.00247643 0.00339341 0.00301493 0.00422547 0.993513 0.990025 0.00447983 0.00216237 0.00581871 0.011308 0.00370866 0.0141537 0.00260584 0.995758 0.0035493 0.991258 0.991008 0.00817524 0.00254183 0.993675 0.995381 0.997753 0.988895 0.994246 0.00359596 0.00698039 0.00349216 0.00260483 0.00152736 0.00523466 0.00506968 0.00369774 0.00421757 0.00339872 0.987761 0.00359809 0.00225054 0.00348236 0.995181 0.00253203 0.00207268 0.987762 0.00216581 0.00421525 0.00189774 0.00354051 0.00269704 0.00728331 0.00678307
0.99645 0.993686 0.996568 0.995629 0.989297 0.995873 0.994576 0.99576 0.00767522 0.993419 0.996166 0.991916 0.00515808 0.0185704 0.00913205 0.00789426 0.994412 0.995337 0.995475 0.995513 0.996129 0.993512 0.99751 0.995703 0.994756 0.997257 0.994673 0.0037901 0.995337 0.993353 0.0110407 0.0110275 0.995458 0.00451234 0.99754 0.991561 0.995507 0.990939 0.996136 0.995633 0.993105 0.0127434 0.992355 0.0153879 0.99682 0.997334 0.00492656 0.990799 0.995521 0.00330589 0.00447877 0.00247972 0.00338465 0.00301033 0.00421112 0.993569 0.990158 0.00445815 0.00216569 0.00577399 0.0111481 0.00369468 0.013925 0.00260933 0.995769 0.00354 0.991359 0.99111 0.00808243 0.00254294 0.993723 0.995395 0.997746 0.989043 0.994286 0.00358614 0.00691518 0.00348343 0.00260833 0.00153558 0.00520607 0.00503981 0.00368799 0.00420075 0.0033887 0.987947 0.00358563 0.00225356 0.00347695 0.995209 0.002535 0.00207732 0.987934 0.00216922 0.004198 0.00190382 0.00353146 0.00269602 0.0072156 0.00671776
0.996457 0.993725 0.996575 0.99564 0.989424 0.995882 0.994601 0.995766 0.00759902 0.993465 0.996173 0.991984 0.00511821 0.0182054 0.00902079 0.00780338 0.994439 0.995348 0.995496 0.995523 0.996138 0.993556 0.997505 0.995714 0.994786 0.997253 0.994692 0.00377604 0.995348 0.993403 0.0108715 0.0108573 0.995474 0.00448755 0.997536 0.991645 0.995518 0.991038 0.996149 0.995645 0.993151 0.0125491 0.992426 0.0151203 0.996815 0.997334 0.00489577 0.990893 0.995536 0.00329755 0.00445791 0.00248272 0.00337532 0.00300525 0.00419606 0.993625 0.990288 0.00443626 0.00216859 0.00572958 0.0109929 0.00367971 0.0137032 0.0026127 0.995779 0.00353098 0.99146 0.991211 0.00799198 0.00254391 0.993772 0.995409 0.997739 0.989185 0.994325 0.0035762 0.00685072 0.00347453 0.00261182 0.00154383 0.00517715 0.00501105 0.00367904 0.00418482 0.00337976 0.98813 0.00357299 0.002257 0.00347164 0.995238 0.00253798 0.00208198 0.9881 0.00217214 0.004181 0.00191015 0.00352252 0.0026952 0.007148 0.00665523
0.996464 0.993765 0.996582 0.995651 0.989549 0.995889 0.994625 0.995774 0.00752362 0.99351 0.99618 0.992053 0.00507891 0.0178504 0.00891142 0.00771334 0.994467 0.995358 0.995516 0.995534 0.996149 0.993598 0.997499 0.995725 0.994815 0.997249 0.994713 0.00376234 0.995359 0.993451 0.0107059 0.0106925 0.99549 0.00446307 0.997531 0.991729 0.995529 0.991134 0.996162 0.995657 0.9932 0.0123601 0.992495 0.014859 0.996811 0.997333 0.00486538 0.990984 0.99555 0.00328992 0.00443654 0.00248512 0.0033665 0.0030008 0.0041814 0.993679 0.990416 0.00441503 0.00217186 0.00568633 0.0108395 0.00366544 0.0134846 0.00261617 0.995789 0.00352243 0.991557 0.991307 0.00790203 0.00254475 0.993819 0.995424 0.997732 0.989325 0.994364 0.00356648 0.00678693 0.00346701 0.0026158 0.00155182 0.00514971 0.00498212 0.00367024 0.00416804 0.00337058 0.988311 0.00356089 0.00226043 0.00346636 0.995266 0.00254111 0.00208631 0.988261 0.00217546 0.00416377 0.0019162 0.00351397 0.0026942 0.00708314 0.00659299
0.996471 0.993805 0.996588 0.995664 0.98967 0.995896 0.994651 0.995781 0.00744932 0.993555 0.996187 0.992119 0.00503991 0.0175051 0.00880513 0.0076257 0.994493 0.99537 0.995536 0.995545 0.996159 0.993641 0.997494 0.995736 0.994844 0.997245 0.994733 0.00374866 0.99537 0.993499 0.0105436 0.0105333 0.995505 0.00443933 0.997526 0.99181 0.99554 0.99123 0.996175 0.995668 0.993247 0.0121743 0.992563 0.0146048 0.996806 0.997333 0.00483594 0.991073 0.995565 0.00328204 0.00441583 0.0024881 0.00335743 0.00299633 0.00416752 0.993732 0.99054 0.00439431 0.00217524 0.00564345 0.0106891 0.00365073 0.013274 0.00262013 0.995799 0.00351332 0.991652 0.991405 0.00781421 0.00254551 0.993865 0.995437 0.997725 0.989462 0.994403 0.00355662 0.00672353 0.00345919 0.00261955 0.00155997 0.00512131 0.00495357 0.00366156 0.00415196 0.00336161 0.988485 0.00354886 0.00226395 0.00346087 0.995292 0.00254436 0.00209085 0.988418 0.00217856 0.00414725 0.00192219 0.00350476 0.00269297 0.00701903 0.0065315
0.996478 0.993842 0.996594 0.995675 0.98979 0.995904 0.994675 0.995788 0.00737693 0.993599 0.996193 0.992183 0.00500148 0.0171706 0.00870028 0.00753932 0.99452 0.99538 0.995557 0.995556 0.996169 0.993682 0.997488 0.995747 0.994872 0.99724 0.994752 0.00373499 0.995381 0.993546 0.010386 0.0103774 0.99552 0.00441566 0.997522 0.99189 0.995551 0.991324 0.996187 0.995678 0.993293 0.0119938 0.992628 0.0143562 0.996802 0.997331 0.00480696 0.991163 0.995578 0.00327404 0.00439576 0.00249099 0.00334851 0.00299185 0.00415386 0.993785 0.990663 0.00437372 0.00217821 0.00560221 0.0105429 0.00363715 0.0130685 0.00262325 0.995809 0.00350459 0.991746 0.991499 0.00772854 0.00254716 0.99391 0.99545 0.997719 0.989597 0.99444 0.00354686 0.00666191 0.00345162 0.00262296 0.00156822 0.00509329 0.00492641 0.0036525 0.00413605 0.00335211 0.988654 0.00353718 0.00226706 0.0034552 0.995319 0.00254736 0.00209563 0.988571 0.00218174 0.00413052 0.00192844 0.00349691 0.00269229 0.0069555 0.00647108
0.996485 0.993878 0.9966 0.995687 0.989906 0.995911 0.9947 0.995795 0.00730618 0.993643 0.9962 0.992247 0.0049654 0.016846 0.00859727 0.00745439 0.994546 0.99539 0.995577 0.995568 0.996178 0.993723 0.997482 0.995757 0.994901 0.997236 0.99477 0.00372249 0.995392 0.993592 0.0102327 0.0102244 0.995535 0.00439259 0.997516 0.991968 0.995562 0.991415 0.9962 0.995689 0.993338 0.0118152 0.992695 0.0141152 0.996798 0.99733 0.00477962 0.991249 0.995591 0.00326545 0.00437551 0.00249417 0.00333981 0.00298769 0.00413983 0.993837 0.990781 0.0043544 0.00218129 0.00556087 0.0104004 0.00362315 0.0128666 0.00262671 0.995819 0.00349547 0.991838 0.991592 0.00764348 0.00254798 0.993955 0.995462 0.997712 0.989726 0.994477 0.00353794 0.00660159 0.0034433 0.00262646 0.00157581 0.00506465 0.00489879 0.00364411 0.00412044 0.00334313 0.988821 0.0035254 0.00227041 0.00345018 0.995346 0.00255067 0.00209979 0.988724 0.00218459 0.00411409 0.00193393 0.00348834 0.00269177 0.00689334 0.00641199
0.996491 0.993916 0.996606 0.995698 0.990022 0.995919 0.994723 0.995801 0.00723661 0.993684 0.996206 0.99231 0.00492915 0.0165282 0.00849728 0.00737218 0.994573 0.995401 0.995597 0.995578 0.996187 0.993763 0.997477 0.995768 0.994928 0.997232 0.994789 0.00370996 0.995403 0.993639 0.0100826 0.010075 0.995549 0.00437058 0.997512 0.992045 0.995573 0.991506 0.996213 0.9957 0.993382 0.0116402 0.992758 0.0138773 0.996794 0.99733 0.00475081 0.991334 0.995605 0.00325778 0.00435524 0.00249724 0.00333121 0.00298292 0.00412635 0.993887 0.990898 0.0043335 0.00218428 0.00552072 0.0102599 0.00360961 0.0126701 0.00263055 0.99583 0.00348725 0.991928 0.991683 0.00756125 0.00254905 0.993999 0.995475 0.997705 0.989855 0.994514 0.00352846 0.00654178 0.00343577 0.00263033 0.00158357 0.00503843 0.00487253 0.0036353 0.00410479 0.00333484 0.988985 0.00351332 0.0022734 0.00344519 0.995371 0.00255306 0.00210422 0.988874 0.00218783 0.00409762 0.00193988 0.00348067 0.00269101 0.00683176 0.00635428
0.996498 0.993953 0.996612 0.995708 0.990134 0.995927 0.994748 0.995807 0.00716812 0.993726 0.996212 0.992372 0.004892 0.0162236 0.00839915 0.00729051 0.994599 0.995411 0.995616 0.995589 0.996196 0.993803 0.997472 0.995778 0.994956 0.997228 0.994808 0.00369682 0.995413 0.993683 0.00993393 0.00992968 0.995564 0.00434883 0.997507 0.992121 0.995583 0.991593 0.996224 0.99571 0.993426 0.0114736 0.992822 0.0136478 0.996789 0.997329 0.00472231 0.991416 0.995618 0.00325001 0.00433588 0.0024999 0.00332288 0.00297878 0.00411363 0.993936 0.991012 0.00431351 0.00218735 0.00548124 0.0101225 0.00359659 0.012479 0.00263369 0.995839 0.00347896 0.992016 0.991772 0.007482 0.00254982 0.994043 0.995488 0.997699 0.989982 0.994551 0.0035199 0.00648386 0.00342806 0.00263393 0.00159157 0.00501299 0.00484726 0.00362735 0.00408848 0.0033266 0.989143 0.00350153 0.00227729 0.00343985 0.995398 0.00255555 0.00210858 0.989019 0.00219061 0.00408088 0.00194564 0.00347242 0.00269016 0.00677205 0.00629673
0.996505 0.993989 0.996618 0.995719 0.990246 0.995934 0.994771 0.995814 0.00709999 0.993768 0.996219 0.992434 0.00485604 0.0159202 0.00830332 0.00721033 0.994624 0.995421 0.995634 0.995599 0.996206 0.993842 0.997466 0.995787 0.994983 0.997223 0.994826 0.0036843 0.995424 0.993727 0.00979139 0.00978706 0.995578 0.00432698 0.997502 0.992195 0.995593 0.991678 0.996236 0.995722 0.993467 0.0113079 0.992883 0.0134247 0.996785 0.997328 0.0046946 0.991497 0.995631 0.0032429 0.00431609 0.00250253 0.00331433 0.00297427 0.00410043 0.993986 0.991124 0.00429375 0.00219049 0.00544224 0.00998931 0.00358324 0.0122913 0.00263701 0.995848 0.00347137 0.992104 0.991861 0.00740412 0.00255024 0.994086 0.9955 0.997692 0.990108 0.994585 0.00351113 0.00642708 0.00342009 0.0026373 0.00159934 0.00498766 0.00482176 0.00361857 0.00407284 0.00331898 0.989297 0.00348973 0.00228056 0.00343397 0.995423 0.00255825 0.00211249 0.98916 0.00219375 0.00406448 0.00195197 0.00346476 0.00268959 0.00671227 0.00624082
0.996511 0.994025 0.996623 0.99573 0.990355 0.99594 0.994794 0.995821 0.00703247 0.993809 0.996225 0.992494 0.00482139 0.0156275 0.00820938 0.00713287 0.994648 0.995432 0.995654 0.995609 0.996216 0.993879 0.997461 0.995798 0.995009 0.99722 0.994844 0.00367156 0.995434 0.993771 0.00965316 0.00964698 0.995592 0.00430498 0.997497 0.992268 0.995603 0.991762 0.996248 0.995733 0.99351 0.0111446 0.992943 0.0132039 0.996781 0.997328 0.00466845 0.991577 0.995644 0.00323528 0.00429697 0.00250555 0.00330578 0.00296975 0.00408727 0.994034 0.991234 0.00427437 0.00219323 0.00540395 0.00985859 0.00357004 0.0121077 0.00264043 0.995857 0.00346318 0.99219 0.991948 0.00732738 0.00255118 0.994128 0.995513 0.997686 0.990228 0.99462 0.00350231 0.00637167 0.00341263 0.00264057 0.00160706 0.00496241 0.00479586 0.00361028 0.00405781 0.00331059 0.989449 0.00347876 0.00228366 0.003429 0.995448 0.00256133 0.00211722 0.9893 0.00219686 0.00404887 0.00195771 0.00345659 0.00268906 0.006654 0.00618629
0.996518 0.99406 0.99663 0.995741 0.990459 0.995947 0.994817 0.995828 0.00696589 0.99385 0.996231 0.992555 0.00478791 0.0153432 0.00811592 0.00705737 0.994673 0.995442 0.995673 0.995619 0.996224 0.993916 0.997456 0.995807 0.995034 0.997216 0.994862 0.00365869 0.995445 0.993813 0.00951764 0.00950982 0.995607 0.00428389 0.997493 0.992339 0.995614 0.991847 0.99626 0.995744 0.993553 0.0109855 0.993004 0.0129912 0.996777 0.997327 0.00464149 0.991656 0.995657 0.00322785 0.00427793 0.00250835 0.00329721 0.00296587 0.00407465 0.994081 0.991341 0.00425496 0.00219601 0.00536547 0.00973261 0.00355719 0.011929 0.00264389 0.995866 0.00345476 0.992274 0.992032 0.00725276 0.00255188 0.994169 0.995526 0.99768 0.990348 0.994653 0.00349301 0.00631589 0.00340516 0.00264383 0.00161494 0.00493738 0.00477086 0.00360201 0.0040429 0.00330193 0.989595 0.00346717 0.0022868 0.00342381 0.995473 0.00256421 0.00212142 0.989435 0.00219957 0.00403391 0.0019632 0.00344872 0.00268876 0.00659764 0.00613213
0.996524 0.994093 0.996635 0.995751 0.990563 0.995954 0.994841 0.995834 0.00690282 0.99389 0.996238 0.992613 0.00475453 0.0150659 0.00802681 0.00698253 0.994698 0.995451 0.995691 0.995628 0.996233 0.993953 0.99745 0.995817 0.99506 0.997212 0.99488 0.00364661 0.995456 0.993855 0.00938504 0.00937771 0.995621 0.00426288 0.997489 0.992411 0.995624 0.991928 0.996272 0.995754 0.993594 0.0108321 0.993063 0.0127825 0.996773 0.997327 0.004616 0.991734 0.995669 0.00321999 0.00425843 0.00251142 0.00328935 0.00296214 0.00406186 0.994127 0.991446 0.00423687 0.00219895 0.0053276 0.00960684 0.00354443 0.0117539 0.00264727 0.995876 0.00344594 0.992356 0.992114 0.00717707 0.00255265 0.99421 0.995538 0.997673 0.990465 0.994687 0.0034842 0.00626286 0.00339766 0.00264746 0.00162276 0.00491313 0.00474578 0.00359482 0.00402881 0.00329421 0.989739 0.0034564 0.00229008 0.00341846 0.995498 0.00256702 0.00212556 0.989567 0.00220252 0.00401819 0.00196928 0.00344101 0.00268767 0.0065425 0.00607894
0.99653 0.994126 0.996641 0.995762 0.990665 0.995961 0.994863 0.99584 0.00683974 0.993929 0.996244 0.992669 0.00472162 0.0147954 0.00793798 0.00690891 0.994722 0.995461 0.995709 0.995638 0.996242 0.993989 0.997445 0.995826 0.995085 0.997209 0.994896 0.00363429 0.995466 0.993896 0.00925507 0.00924703 0.995634 0.00424184 0.997484 0.99248 0.995634 0.992008 0.996283 0.995764 0.993634 0.0106797 0.993122 0.0125794 0.996769 0.997326 0.00458963 0.991811 0.995681 0.00321253 0.00423911 0.00251373 0.00328192 0.00295834 0.0040491 0.994173 0.991549 0.00421903 0.00220154 0.00529052 0.00948505 0.00353137 0.0115829 0.00265095 0.995885 0.00343804 0.992436 0.992196 0.00710408 0.00255396 0.99425 0.99555 0.997667 0.990578 0.99472 0.00347628 0.0062102 0.00338973 0.00265029 0.00163025 0.00488832 0.00472252 0.00358713 0.00401447 0.00328629 0.989881 0.0034457 0.00229321 0.00341327 0.995522 0.00256983 0.00212961 0.989696 0.00220568 0.00400288 0.00197503 0.00343301 0.00268679 0.00648784 0.0060264
0.996536 0.994158 0.996646 0.995772 0.990763 0.995968 0.994885 0.995846 0.00677917 0.993966 0.99625 0.992724 0.00468847 0.0145318 0.00785047 0.00683655 0.994745 0.995471 0.995727 0.995648 0.99625 0.994026 0.99744 0.995835 0.99511 0.997205 0.994914 0.00362199 0.995476 0.993936 0.00912793 0.00912072 0.995648 0.00422204 0.99748 0.992547 0.995643 0.992085 0.996294 0.995774 0.993675 0.0105312 0.993179 0.0123824 0.996766 0.997326 0.00456435 0.991887 0.995693 0.00320506 0.00422079 0.00251642 0.00327451 0.00295435 0.00403679 0.994219 0.991649 0.00420105 0.00220455 0.0052539 0.00936541 0.00351858 0.0114131 0.00265519 0.995894 0.00342986 0.992514 0.992277 0.00703389 0.00255514 0.994289 0.995562 0.99766 0.990689 0.994752 0.00346848 0.00615697 0.00338196 0.00265339 0.00163791 0.0048638 0.00469835 0.00357964 0.00399979 0.00327833 0.990017 0.00343527 0.0022963 0.00340819 0.995544 0.00257251 0.00213357 0.989825 0.00220829 0.00398752 0.00198091 0.00342548 0.00268624 0.00643444 0.00597575
0.996542 0.994191 0.996652 0.995783 0.99086 0.995975 0.994908 0.995853 0.00671884 0.994004 0.996255 0.992779 0.00465673 0.0142755 0.00776468 0.00676486 0.994769 0.995481 0.995745 0.995656 0.996259 0.994061 0.997434 0.995844 0.995135 0.997201 0.994931 0.00361056 0.995486 0.993976 0.00900242 0.0089979 0.995661 0.00420159 0.997475 0.992614 0.995653 0.992162 0.996305 0.995784 0.993713 0.0103867 0.993234 0.0121894 0.996762 0.997325 0.00453875 0.991962 0.995706 0.0031974 0.00420276 0.00251924 0.00326646 0.00295026 0.00402512 0.994262 0.991748 0.00418286 0.00220729 0.00521861 0.00924803 0.00350679 0.0112484 0.00265865 0.995903 0.00342224 0.992591 0.992355 0.0069636 0.00255614 0.994329 0.995572 0.997654 0.990799 0.994784 0.00345994 0.00610579 0.00337502 0.00265693 0.00164572 0.00484005 0.00467417 0.00357223 0.00398556 0.00327026 0.990151 0.00342465 0.00229931 0.00340336 0.995566 0.00257528 0.00213766 0.989951 0.00221098 0.0039728 0.00198701 0.00341797 0.0026861 0.00638174 0.00592536
0.996548 0.994222 0.996657 0.995793 0.990955 0.995981 0.994929 0.995858 0.00665846 0.994041 0.996262 0.992833 0.00462473 0.0140261 0.00768173 0.00669551 0.994792 0.99549 0.995762 0.995665 0.996268 0.994096 0.99743 0.995853 0.995159 0.997197 0.994948 0.00359871 0.995495 0.994016 0.00888148 0.0088768 0.995674 0.00418173 0.99747 0.992679 0.995662 0.992238 0.996316 0.995794 0.993753 0.010246 0.993288 0.0119983 0.996758 0.997324 0.00451367 0.992035 0.995718 0.00319042 0.00418518 0.0025221 0.00325873 0.00294595 0.00401251 0.994306 0.991845 0.00416463 0.00221014 0.00518315 0.00913278 0.00349471 0.0110905 0.00266175 0.995912 0.00341517 0.992665 0.99243 0.00689406 0.002557 0.994367 0.995584 0.997648 0.990905 0.994814 0.00345157 0.00605461 0.00336738 0.00266028 0.00165334 0.00481788 0.00465042 0.00356454 0.00397168 0.00326266 0.990283 0.00341419 0.00230205 0.0033987 0.995589 0.00257813 0.00214189 0.990075 0.00221406 0.00395812 0.00199276 0.00341062 0.00268531 0.00633073 0.00587542
0.996554 0.994254 0.996663 0.995802 0.99105 0.995987 0.99495 0.995865 0.00659918 0.994078 0.996267 0.992886 0.00459314 0.0137845 0.00759957 0.0066268 0.994815 0.995499 0.995779 0.995674 0.996276 0.994131 0.997424 0.995862 0.995184 0.997194 0.994965 0.00358703 0.995505 0.994056 0.00876219 0.00875623 0.995687 0.00416264 0.997466 0.992744 0.995671 0.992311 0.996327 0.995804 0.993792 0.0101059 0.993341 0.0118133 0.996754 0.997323 0.00448916 0.992107 0.995729 0.00318383 0.00416774 0.00252506 0.00325086 0.00294235 0.00400055 0.994349 0.991941 0.00414658 0.00221296 0.00514813 0.00902239 0.00348243 0.0109341 0.00266489 0.995921 0.00340787 0.992739 0.992504 0.00682642 0.00255788 0.994404 0.995595 0.997642 0.991009 0.994846 0.00344402 0.00600538 0.00336076 0.00266383 0.00166099 0.00479536 0.00462765 0.00355711 0.0039579 0.00325492 0.990412 0.00340397 0.002305 0.00339433 0.995611 0.00258069 0.00214603 0.990196 0.00221633 0.00394365 0.00199819 0.00340344 0.00268461 0.00627985 0.0058278
0.99656 0.994284 0.996669 0.995812 0.991141 0.995995 0.994971 0.995871 0.00654109 0.994115 0.996273 0.992939 0.00456223 0.0135469 0.00751996 0.00656014 0.994836 0.995509 0.995796 0.995684 0.996285 0.994165 0.997419 0.995871 0.995207 0.99719 0.994981 0.00357543 0.995514 0.994095 0.00864558 0.00864093 0.9957 0.00414344 0.997462 0.992806 0.995679 0.992385 0.996337 0.995814 0.993829 0.00997187 0.993395 0.0116326 0.99675 0.997323 0.00446439 0.992176 0.995742 0.00317719 0.00415013 0.00252808 0.00324327 0.00293803 0.00398859 0.994391 0.992034 0.00412932 0.00221602 0.00511307 0.00891238 0.0034707 0.0107822 0.00266796 0.995929 0.00340047 0.992812 0.992578 0.00676112 0.00255872 0.994442 0.995605 0.997637 0.991112 0.994876 0.00343606 0.00595619 0.0033537 0.00266703 0.0016687 0.00477309 0.00460384 0.00354984 0.00394441 0.00324689 0.990539 0.00339357 0.00230776 0.00338913 0.995633 0.00258375 0.00214979 0.990314 0.00221911 0.00392981 0.00200384 0.00339557 0.00268385 0.0062295 0.00577904
0.996566 0.994315 0.996673 0.995822 0.991232 0.996 0.994992 0.995876 0.00648357 0.994151 0.996278 0.99299 0.00453147 0.0133199 0.00744137 0.00649487 0.994858 0.995518 0.995812 0.995692 0.996293 0.994198 0.997414 0.995879 0.995229 0.997186 0.994998 0.003564 0.995524 0.994131 0.00853293 0.00852743 0.995712 0.00412443 0.997457 0.992868 0.995689 0.992457 0.996348 0.995824 0.993865 0.00984104 0.993447 0.0114586 0.996746 0.997322 0.00444114 0.992244 0.995754 0.00317033 0.0041333 0.00253104 0.00323579 0.00293426 0.00397723 0.994432 0.992126 0.00411274 0.002219 0.00507836 0.00880438 0.00345882 0.0106323 0.00267174 0.995938 0.00339333 0.992884 0.99265 0.00669494 0.00255899 0.994477 0.995617 0.997631 0.991213 0.994906 0.00342795 0.00590839 0.00334647 0.00267042 0.00167628 0.00475079 0.00457997 0.00354224 0.00393031 0.00323987 0.990661 0.0033839 0.00231076 0.00338417 0.995655 0.00258623 0.00215389 0.990429 0.00222207 0.00391583 0.00200963 0.00338797 0.00268358 0.00618016 0.00573217
0.996571 0.994346 0.996679 0.995831 0.991321 0.996007 0.995013 0.995882 0.00642896 0.994187 0.996284 0.993041 0.00450224 0.0130938 0.00736486 0.00643085 0.994879 0.995527 0.995828 0.995701 0.996301 0.994232 0.997409 0.995888 0.995253 0.997183 0.995014 0.00355342 0.995533 0.994168 0.00842114 0.0084175 0.995725 0.00410594 0.997453 0.992927 0.995698 0.992529 0.996358 0.995833 0.993902 0.00971197 0.993499 0.0112874 0.996742 0.997322 0.00441823 0.992312 0.995765 0.00316348 0.00411649 0.00253368 0.00322786 0.00293014 0.00396517 0.994473 0.992214 0.00409533 0.0022218 0.00504536 0.00869977 0.00344683 0.0104868 0.00267434 0.995946 0.00338613 0.992955 0.992722 0.00663252 0.00255998 0.994512 0.995627 0.997625 0.991311 0.994935 0.00341982 0.00586044 0.00333945 0.00267358 0.00168392 0.0047283 0.00455774 0.00353394 0.00391678 0.00323207 0.990782 0.00337367 0.00231352 0.00337974 0.995676 0.00258906 0.00215797 0.99054 0.0022251 0.00390268 0.00201515 0.00338126 0.00268252 0.00613099 0.00568539
0.996577 0.994376 0.996684 0.99584 0.991409 0.996013 0.995034 0.995887 0.00637393 0.994222 0.996289 0.993092 0.00447297 0.0128753 0.00728989 0.00636776 0.994901 0.995536 0.995845 0.99571 0.996309 0.994264 0.997404 0.995898 0.995275 0.997179 0.995029 0.00354311 0.995542 0.994205 0.00831264 0.00830829 0.995737 0.00408716 0.997448 0.992988 0.995707 0.992597 0.996368 0.995843 0.993938 0.00958608 0.99355 0.0111204 0.996738 0.997321 0.00439539 0.992378 0.995777 0.00315625 0.00410009 0.00253629 0.00322037 0.0029267 0.00395286 0.994514 0.992302 0.00407853 0.00222505 0.00501279 0.0085963 0.00343523 0.010345 0.00267726 0.995955 0.00337897 0.993024 0.992792 0.00656957 0.0025609 0.994547 0.995638 0.997618 0.991408 0.994964 0.00341206 0.00581394 0.00333247 0.00267665 0.00169154 0.00470631 0.00453574 0.00352606 0.00390376 0.00322447 0.990901 0.00336366 0.00231673 0.00337575 0.995697 0.00259145 0.00216226 0.99065 0.00222776 0.00388849 0.00202082 0.00337462 0.00268213 0.00608316 0.00563932
0.996583 0.994406 0.996689 0.995849 0.991494 0.996018 0.995054 0.995893 0.00632079 0.994255 0.996293 0.993141 0.00444502 0.0126638 0.00721564 0.00630554 0.994922 0.995545 0.995861 0.995719 0.996317 0.994296 0.997399 0.995906 0.995297 0.997176 0.995045 0.00353272 0.995551 0.994242 0.00820659 0.00820267 0.995749 0.00406852 0.997444 0.993046 0.995717 0.992664 0.996378 0.995852 0.993974 0.00946147 0.993599 0.0109577 0.996735 0.997321 0.00437229 0.992445 0.995789 0.00314955 0.00408353 0.00253893 0.00321243 0.00292304 0.00394225 0.994554 0.992387 0.00406187 0.00222775 0.00497987 0.0084956 0.00342411 0.0102069 0.0026802 0.995963 0.00337185 0.99309 0.99286 0.00650738 0.00256165 0.994581 0.99565 0.997612 0.991501 0.994993 0.0034048 0.00576968 0.00332579 0.00267963 0.00169905 0.00468467 0.00451383 0.00351856 0.00389138 0.00321805 0.991018 0.00335398 0.00231966 0.00337121 0.995719 0.00259398 0.00216596 0.990759 0.00223068 0.00387529 0.00202633 0.00336782 0.0026811 0.00603699 0.00559371
0.996589 0.994435 0.996694 0.995859 0.991578 0.996024 0.995074 0.995898 0.00626752 0.994289 0.9963 0.99319 0.00441669 0.0124566 0.00714236 0.00624457 0.994943 0.995554 0.995876 0.995728 0.996325 0.994328 0.997394 0.995914 0.995319 0.997172 0.99506 0.00352245 0.99556 0.994277 0.0081034 0.00810126 0.995762 0.00405041 0.99744 0.993105 0.995725 0.99273 0.996389 0.995861 0.994009 0.00934132 0.993646 0.0107966 0.996731 0.99732 0.00435002 0.992509 0.9958 0.00314333 0.00406744 0.00254144 0.00320512 0.00291903 0.00393128 0.994593 0.992471 0.00404616 0.00223 0.00494858 0.0083959 0.00341304 0.0100709 0.00268291 0.995972 0.00336502 0.993156 0.992928 0.00644708 0.00256249 0.994615 0.99566 0.997606 0.991592 0.995021 0.00339687 0.00572577 0.00331859 0.00268285 0.0017064 0.004663 0.00449292 0.00351184 0.00387845 0.00321109 0.991132 0.00334416 0.00232268 0.00336688 0.995739 0.00259664 0.00216969 0.990864 0.00223319 0.00386215 0.0020315 0.0033615 0.0026796 0.00599025 0.00554934
0.996594 0.994463 0.996699 0.995868 0.991659 0.996031 0.995094 0.995903 0.00621633 0.994321 0.996305 0.993236 0.00438866 0.0122553 0.00707192 0.006185 0.994964 0.995563 0.995892 0.995737 0.996333 0.994359 0.997389 0.995922 0.99534 0.997169 0.995075 0.00351107 0.995569 0.994312 0.00800216 0.00799979 0.995774 0.00403215 0.997435 0.993161 0.995734 0.992795 0.996399 0.995871 0.994043 0.00922278 0.993694 0.0106414 0.996727 0.99732 0.00432874 0.992572 0.995811 0.0031371 0.00405148 0.00254415 0.00319821 0.00291491 0.00392029 0.994632 0.992553 0.00402975 0.00223235 0.00491684 0.00829923 0.00340252 0.00993918 0.00268564 0.99598 0.0033582 0.993221 0.992994 0.00638746 0.00256286 0.994649 0.99567 0.9976 0.991682 0.995049 0.00338923 0.00568134 0.00331178 0.00268568 0.00171392 0.00464237 0.00447231 0.00350479 0.00386578 0.00320415 0.991242 0.00333536 0.00232557 0.00336198 0.99576 0.00259896 0.00217394 0.990968 0.00223592 0.00384864 0.00203719 0.00335475 0.00267928 0.00594529 0.00550544
0.996599 0.994491 0.996703 0.995877 0.99174 0.996036 0.995113 0.995909 0.00616645 0.994354 0.99631 0.993283 0.00436114 0.0120583 0.00700162 0.00612549 0.994985 0.995572 0.995908 0.995745 0.996341 0.994389 0.997384 0.99593 0.995362 0.997165 0.99509 0.00350058 0.995577 0.994346 0.00790204 0.00790101 0.995785 0.00401468 0.997431 0.993216 0.995742 0.99286 0.996409 0.99588 0.994077 0.00910574 0.993741 0.0104886 0.996723 0.997319 0.00430749 0.992635 0.995822 0.00313082 0.00403646 0.00254653 0.00319136 0.00291144 0.00390916 0.994669 0.992634 0.00401439 0.00223533 0.00488568 0.00820422 0.00339169 0.00980966 0.00268903 0.995988 0.00335178 0.993285 0.993058 0.00632874 0.00256333 0.994681 0.995681 0.997595 0.99177 0.995077 0.00338205 0.00563767 0.0033051 0.0026887 0.00172113 0.0046215 0.00445188 0.00349777 0.00385298 0.00319723 0.99135 0.00332588 0.00232844 0.00335779 0.99578 0.00260149 0.0021779 0.991069 0.00223844 0.00383515 0.00204245 0.00334815 0.00267929 0.00590018 0.00546307
0.996605 0.994519 0.996708 0.995886 0.99182 0.996042 0.995131 0.995915 0.0061164 0.994385 0.996315 0.993329 0.00433425 0.0118673 0.0069329 0.00606851 0.995005 0.995581 0.995923 0.995753 0.996349 0.994419 0.997379 0.995938 0.995384 0.997161 0.995104 0.00349057 0.995586 0.99438 0.00780451 0.00780456 0.995797 0.00399712 0.997427 0.993271 0.995751 0.992922 0.996419 0.995889 0.994111 0.00899282 0.993787 0.0103417 0.996719 0.997319 0.00428561 0.992698 0.995832 0.00312438 0.0040214 0.00254927 0.00318449 0.00290817 0.0038979 0.994706 0.992713 0.0039987 0.00223807 0.00485563 0.00811117 0.00338135 0.00968196 0.00269252 0.995995 0.00334476 0.993349 0.993122 0.00627169 0.00256386 0.994714 0.995691 0.997589 0.991858 0.995103 0.00337516 0.00559496 0.00329795 0.00269143 0.0017286 0.00460141 0.00443126 0.00349097 0.00383999 0.00319047 0.991456 0.00331722 0.00233127 0.00335335 0.9958 0.00260424 0.00218184 0.991168 0.00224128 0.0038225 0.00204765 0.00334097 0.00267833 0.00585571 0.00542096
0.99661 0.994546 0.996712 0.995895 0.991898 0.996048 0.99515 0.99592 0.00606757 0.994417 0.996319 0.993374 0.00430812 0.0116794 0.00686482 0.00601193 0.995025 0.995588 0.995938 0.995761 0.996356 0.99445 0.997375 0.995947 0.995405 0.997158 0.995119 0.00348022 0.995594 0.994414 0.00770992 0.0077084 0.995809 0.00397989 0.997423 0.993325 0.995759 0.992983 0.996429 0.995898 0.994143 0.0088824 0.993832 0.0101965 0.996716 0.997318 0.00426476 0.992758 0.995843 0.00311845 0.00400589 0.00255223 0.00317755 0.00290429 0.00388743 0.994742 0.99279 0.00398328 0.00224063 0.00482641 0.00801943 0.00337141 0.00955786 0.00269578 0.996003 0.0033381 0.99341 0.993185 0.00621474 0.00256466 0.994746 0.995701 0.997583 0.991944 0.99513 0.00336812 0.00555316 0.00329142 0.00269408 0.00173593 0.00458215 0.0044109 0.00348433 0.00382771 0.00318337 0.991558 0.00330749 0.0023338 0.00334882 0.99582 0.00260661 0.00218522 0.991267 0.00224384 0.00381029 0.00205319 0.00333474 0.00267784 0.00581293 0.00537949
0.996615 0.994572 0.996717 0.995904 0.991973 0.996054 0.995169 0.995926 0.00601967 0.994448 0.996324 0.993418 0.00428188 0.0114953 0.00679834 0.00595582 0.995044 0.995596 0.995953 0.99577 0.996363 0.994479 0.99737 0.995956 0.995426 0.997155 0.995134 0.00346996 0.995603 0.994447 0.00761646 0.00761452 0.995821 0.003963 0.997418 0.993378 0.995767 0.993043 0.996438 0.995907 0.994175 0.00877369 0.993878 0.0100545 0.996712 0.997318 0.00424369 0.992815 0.995853 0.00311249 0.00399051 0.00255462 0.00317038 0.00290031 0.00387727 0.994778 0.992866 0.00396844 0.00224346 0.00479736 0.00792991 0.00336108 0.00943715 0.00269917 0.996011 0.0033314 0.99347 0.993245 0.00615995 0.00256521 0.994777 0.99571 0.997577 0.992028 0.995156 0.003361 0.00551313 0.00328491 0.00269677 0.00174329 0.0045621 0.00439125 0.00347731 0.00381585 0.00317659 0.991661 0.00329818 0.00233649 0.00334481 0.995839 0.00260858 0.00218854 0.991364 0.00224638 0.00379809 0.00205836 0.00332763 0.00267734 0.00577034 0.0053382
0.996621 0.994598 0.996722 0.995913 0.992047 0.99606 0.995187 0.995932 0.00597164 0.994479 0.996329 0.993462 0.00425627 0.0113161 0.00673177 0.0059011 0.995064 0.995604 0.995967 0.995779 0.996371 0.994508 0.997365 0.995963 0.995447 0.997151 0.995148 0.00345964 0.995612 0.994479 0.0075262 0.00752267 0.995832 0.00394641 0.997414 0.99343 0.995776 0.993103 0.996448 0.995915 0.994207 0.00866624 0.993921 0.00991614 0.996709 0.997317 0.00422319 0.992872 0.995864 0.0031068 0.00397496 0.00255723 0.00316351 0.002897 0.00386685 0.994813 0.99294 0.00395387 0.00224634 0.00476819 0.0078418 0.00335073 0.00931817 0.00270228 0.996019 0.00332529 0.99353 0.993305 0.00610645 0.00256596 0.994809 0.995719 0.997571 0.992109 0.995183 0.00335367 0.00547234 0.00327846 0.00269943 0.00175048 0.00454333 0.00437131 0.00347011 0.00380462 0.00316955 0.991759 0.00328923 0.00233904 0.00334015 0.995858 0.00261066 0.00219226 0.991458 0.00224911 0.00378611 0.00206339 0.0033209 0.00267656 0.00572827 0.00529883
0.996626 0.994624 0.996727 0.995921 0.992119 0.996067 0.995204 0.995937 0.00592536 0.994509 0.996334 0.993505 0.00423035 0.0111422 0.00666734 0.00584834 0.995082 0.995613 0.995981 0.995787 0.996378 0.994536 0.99736 0.99597 0.995466 0.997148 0.995162 0.00344913 0.99562 0.994512 0.0074365 0.0074332 0.995844 0.00393044 0.99741 0.993481 0.995784 0.993162 0.996457 0.995924 0.994239 0.00856086 0.993966 0.00978173 0.996707 0.997317 0.00420358 0.992928 0.995874 0.00310048 0.00396017 0.00256008 0.00315721 0.00289332 0.00385641 0.994847 0.993012 0.00393833 0.00224886 0.00473987 0.0077564 0.00334054 0.00920104 0.00270537 0.996026 0.00331822 0.993588 0.993364 0.00605288 0.00256692 0.99484 0.995729 0.997566 0.992189 0.995208 0.00334703 0.00543279 0.00327273 0.00270177 0.00175758 0.00452443 0.00435231 0.00346347 0.00379222 0.00316275 0.991857 0.00328059 0.0023417 0.00333578 0.995877 0.00261302 0.00219564 0.991549 0.00225157 0.00377406 0.00206825 0.00331495 0.00267597 0.00568719 0.00525934
0.996631 0.994651 0.996732 0.99593 0.992191 0.996073 0.995221 0.995943 0.00587946 0.994539 0.996338 0.993547 0.0042053 0.0109739 0.00660589 0.00579646 0.995101 0.995621 0.995995 0.995795 0.996385 0.994563 0.997355 0.995978 0.995487 0.997145 0.995176 0.00344007 0.995628 0.994543 0.00734902 0.00734636 0.995854 0.00391495 0.997407 0.993532 0.995791 0.99322 0.996467 0.995932 0.99427 0.00845916 0.994009 0.00964843 0.996703 0.997317 0.00418333 0.992984 0.995884 0.0030945 0.00394558 0.00256296 0.00315104 0.00289006 0.00384642 0.994881 0.993083 0.00392401 0.00225133 0.00471175 0.00767304 0.00333097 0.00908649 0.00270826 0.996033 0.00331131 0.993645 0.993422 0.00600032 0.00256723 0.99487 0.995738 0.99756 0.992267 0.995234 0.00333941 0.00539429 0.00326632 0.0027049 0.00176483 0.00450591 0.00433327 0.00345706 0.00377995 0.00315613 0.991953 0.00327203 0.00234437 0.00333122 0.995896 0.00261566 0.00219982 0.99164 0.0022541 0.00376127 0.00207294 0.00330851 0.00267563 0.00564643 0.00522191
0.996636 0.994676 0.996736 0.995939 0.992261 0.996078 0.995239 0.995948 0.00583484 0.994569 0.996344 0.99359 0.00418035 0.0108054 0.00654509 0.00574442 0.995119 0.995629 0.996009 0.995803 0.996392 0.99459 0.997351 0.995986 0.995507 0.997141 0.99519 0.00343054 0.995636 0.994574 0.00726232 0.00725974 0.995865 0.00389859 0.997402 0.993581 0.995799 0.993277 0.996476 0.995941 0.9943 0.00836011 0.994052 0.00952029 0.996699 0.997316 0.00416418 0.99304 0.995895 0.00308803 0.00393042 0.00256531 0.00314428 0.00288664 0.00383689 0.994915 0.993154 0.00390979 0.00225406 0.00468468 0.00759118 0.00332123 0.00897626 0.00271123 0.996041 0.00330505 0.993701 0.993478 0.00594869 0.00256765 0.9949 0.995747 0.997555 0.992345 0.995258 0.00333299 0.00535618 0.00325996 0.00270794 0.00177207 0.00448687 0.00431473 0.00345003 0.00376845 0.00315052 0.992045 0.00326328 0.00234704 0.00332671 0.995915 0.00261808 0.00220327 0.991729 0.0022566 0.00374956 0.00207787 0.00330217 0.00267522 0.00560693 0.00518341
0.996641 0.994701 0.996741 0.995947 0.992331 0.996084 0.995257 0.995953 0.00579015 0.994598 0.996348 0.993632 0.00415641 0.010646 0.00648441 0.00569386 0.995137 0.995638 0.996023 0.995811 0.996399 0.994618 0.997346 0.995994 0.995526 0.997138 0.995204 0.00342143 0.995644 0.994606 0.00717793 0.00717472 0.995876 0.00388309 0.997399 0.99363 0.995807 0.993333 0.996485 0.995949 0.99433 0.00826239 0.994093 0.00939365 0.996696 0.997315 0.00414456 0.993094 0.995904 0.0030822 0.00391605 0.0025676 0.00313766 0.0028835 0.00382697 0.994948 0.993222 0.00389524 0.00225652 0.00465765 0.00751068 0.00331147 0.00886749 0.00271413 0.996047 0.00329872 0.993757 0.993533 0.00589887 0.00256866 0.994929 0.995756 0.997549 0.992422 0.995283 0.00332634 0.00531801 0.00325393 0.00271036 0.00177912 0.00446886 0.00429593 0.00344368 0.0037569 0.00314357 0.992137 0.00325479 0.00235017 0.00332273 0.995933 0.00262044 0.00220716 0.991816 0.0022592 0.00373737 0.00208296 0.00329581 0.00267461 0.00556705 0.00514573
0.996646 0.994726 0.996745 0.995956 0.9924 0.99609 0.995274 0.995958 0.0057466 0.994626 0.996352 0.993673 0.00413216 0.0104885 0.0064254 0.00564412 0.995155 0.995645 0.996037 0.995819 0.996406 0.994646 0.997342 0.996001 0.995545 0.997135 0.995217 0.00341268 0.995652 0.994636 0.00709579 0.00709235 0.995887 0.00386815 0.997394 0.993677 0.995815 0.993389 0.996494 0.995956 0.994359 0.00816722 0.994134 0.0092715 0.996693 0.997314 0.00412524 0.993147 0.995915 0.00307647 0.00390261 0.00257032 0.00313127 0.00288035 0.00381688 0.994981 0.99329 0.00388104 0.00225874 0.00463126 0.00743319 0.00330155 0.00876089 0.00271727 0.996055 0.00329291 0.99381 0.993588 0.00584954 0.00256943 0.994957 0.995765 0.997544 0.992498 0.995308 0.00331985 0.00528022 0.0032485 0.00271309 0.00178619 0.00445081 0.00427797 0.0034371 0.00374566 0.00313715 0.992227 0.00324569 0.00235315 0.00331795 0.99595 0.00262245 0.00221046 0.991902 0.002262 0.00372564 0.00208788 0.00328934 0.00267405 0.00552815 0.00510922
0.996651 0.994751 0.996749 0.995964 0.992467 0.996096 0.99529 0.995963 0.0057027 0.994653 0.996357 0.993713 0.00410848 0.0103332 0.00636777 0.0055949 0.995173 0.995653 0.996051 0.995827 0.996413 0.994672 0.997338 0.996008 0.995564 0.997132 0.995231 0.00340361 0.99566 0.994665 0.00701511 0.00701151 0.995897 0.00385293 0.99739 0.993724 0.995823 0.993442 0.996502 0.995964 0.994388 0.00807206 0.994175 0.00915028 0.996689 0.997314 0.00410652 0.993198 0.995925 0.00307081 0.00388909 0.00257281 0.00312543 0.002877 0.00380673 0.995012 0.993356 0.00386763 0.00226124 0.00460592 0.00735519 0.00329172 0.00865561 0.00271956 0.996063 0.00328711 0.993864 0.993643 0.00580094 0.00257031 0.994987 0.995775 0.997538 0.992571 0.995332 0.0033133 0.00524368 0.00324229 0.00271617 0.00179308 0.00443356 0.00426063 0.00343085 0.00373503 0.00313132 0.992314 0.003237 0.00235531 0.00331375 0.995968 0.00262407 0.00221369 0.991985 0.00226454 0.00371441 0.00209291 0.00328367 0.0026736 0.00548971 0.00507301
0.996656 0.994775 0.996753 0.995973 0.992534 0.996102 0.995307 0.995969 0.00566012 0.99468 0.996362 0.993752 0.00408547 0.0101828 0.00631015 0.00554738 0.995191 0.995661 0.996064 0.995835 0.99642 0.994698 0.997333 0.996015 0.995582 0.997129 0.995244 0.00339423 0.995667 0.994694 0.00693625 0.00693275 0.995907 0.003838 0.997386 0.993769 0.995831 0.993495 0.996511 0.995972 0.994416 0.00798065 0.994214 0.00903354 0.996686 0.997314 0.00408729 0.993249 0.995934 0.00306524 0.00387567 0.00257523 0.00311924 0.0028736 0.00379777 0.995044 0.993421 0.00385406 0.00226342 0.00458035 0.00727904 0.00328219 0.00855362 0.00272226 0.996069 0.00328073 0.993916 0.993696 0.00575313 0.00257094 0.995016 0.995783 0.997533 0.992643 0.995355 0.00330639 0.00520764 0.00323628 0.00271833 0.00180004 0.00441637 0.00424282 0.00342479 0.00372469 0.00312509 0.9924 0.00322872 0.00235797 0.00330987 0.995986 0.00262664 0.00221748 0.992067 0.00226699 0.00370233 0.002098 0.00327778 0.00267345 0.0054536 0.00503774
0.996661 0.994799 0.996757 0.995981 0.9926 0.996107 0.995323 0.995974 0.00561916 0.994708 0.996366 0.993791 0.0040621 0.0100356 0.00625403 0.00550044 0.995208 0.995668 0.996078 0.995842 0.996427 0.994724 0.997329 0.996022 0.9956 0.997126 0.995257 0.00338543 0.995675 0.994723 0.00685808 0.00685552 0.995919 0.00382349 0.997382 0.993815 0.995839 0.993547 0.996519 0.99598 0.994445 0.00789051 0.994254 0.0089178 0.996682 0.997314 0.00406944 0.9933 0.995944 0.00305976 0.00386195 0.00257764 0.0031135 0.00287071 0.00378773 0.995075 0.993485 0.00384103 0.0022655 0.00455506 0.0072049 0.00327356 0.00845354 0.00272511 0.996076 0.00327496 0.993967 0.993748 0.0057055 0.00257121 0.995043 0.995793 0.997527 0.992714 0.995378 0.00330036 0.00517269 0.00323052 0.00272115 0.00180728 0.00439876 0.00422534 0.00341788 0.00371426 0.00311965 0.992485 0.00322054 0.00236088 0.00330541 0.996003 0.00262901 0.00222088 0.992146 0.00226946 0.00369075 0.00210319 0.00327155 0.00267271 0.00541703 0.00500265
0.996665 0.994823 0.996762 0.995989 0.992664 0.996112 0.995339 0.995978 0.0055782 0.994734 0.996371 0.993828 0.00403927 0.00989115 0.00619853 0.00545473 0.995224 0.995676 0.996091 0.99585 0.996434 0.99475 0.997325 0.996029 0.995618 0.997123 0.99527 0.00337681 0.995682 0.994752 0.00678191 0.00677924 0.995928 0.00380924 0.997379 0.99386 0.995847 0.993597 0.996529 0.995987 0.994474 0.00780156 0.994292 0.00880565 0.996679 0.997313 0.00405117 0.993349 0.995954 0.00305419 0.00384844 0.00258013 0.00310796 0.0028678 0.00377852 0.995105 0.993548 0.00382749 0.00226806 0.00453017 0.0071329 0.00326446 0.00835468 0.0027279 0.996083 0.00326897 0.994017 0.9938 0.00565944 0.00257127 0.99507 0.995801 0.997522 0.992782 0.9954 0.00329348 0.00513767 0.00322428 0.0027238 0.00181435 0.00438128 0.00420806 0.00341195 0.00370354 0.00311368 0.992568 0.0032123 0.00236357 0.00330099 0.99602 0.00263172 0.0022245 0.992225 0.00227191 0.00367981 0.00210798 0.00326564 0.00267251 0.00538111 0.00496799
0.99667 0.994846 0.996766 0.995996 0.992727 0.996118 0.995355 0.995983 0.00553785 0.99476 0.996375 0.993866 0.00401705 0.00975092 0.00614376 0.00540906 0.995241 0.995684 0.996104 0.995857 0.99644 0.994776 0.99732 0.996036 0.995636 0.99712 0.995283 0.00336831 0.995689 0.994779 0.00670731 0.00670415 0.995938 0.00379499 0.997375 0.993903 0.995854 0.993647 0.996537 0.995995 0.994502 0.00771488 0.99433 0.008694 0.996676 0.997312 0.00403318 0.993398 0.995964 0.00304851 0.00383449 0.00258226 0.00310208 0.00286446 0.00376906 0.995135 0.993608 0.0038139 0.00227029 0.00450619 0.00706142 0.00325509 0.00825764 0.00273033 0.996089 0.00326278 0.994065 0.99385 0.0056145 0.00257198 0.995098 0.99581 0.997517 0.992849 0.995423 0.00328731 0.00510326 0.00321891 0.00272629 0.00182124 0.00436361 0.00419051 0.00340541 0.00369307 0.00310731 0.992648 0.00320425 0.00236626 0.00329743 0.996037 0.00263403 0.00222789 0.992301 0.00227439 0.00366897 0.00211253 0.00325947 0.00267163 0.00534493 0.00493499
0.996675 0.994868 0.99677 0.996004 0.992789 0.996123 0.99537 0.995988 0.00549907 0.994785 0.99638 0.993903 0.00399484 0.00961486 0.00608989 0.00536411 0.995258 0.99569 0.996117 0.995863 0.996446 0.9948 0.997317 0.996044 0.995653 0.997117 0.995296 0.00336006 0.995696 0.994807 0.00663443 0.00663207 0.995947 0.00378015 0.997371 0.993945 0.995862 0.993697 0.996546 0.996003 0.994529 0.00763043 0.994367 0.00858513 0.996673 0.997312 0.00401612 0.993447 0.995973 0.00304315 0.00382126 0.0025848 0.00309578 0.00286112 0.00375888 0.995163 0.993668 0.0038016 0.00227271 0.00448166 0.00699033 0.00324557 0.00816328 0.002733 0.996096 0.00325649 0.994113 0.9939 0.00556928 0.00257276 0.995124 0.995818 0.997511 0.992916 0.995446 0.0032813 0.00506882 0.00321362 0.00272864 0.00182835 0.0043469 0.00417321 0.00339912 0.00368309 0.00310089 0.992727 0.00319566 0.00236905 0.00329339 0.996053 0.00263572 0.00223133 0.992376 0.00227677 0.00365794 0.00211765 0.00325325 0.00267112 0.00530934 0.00490088
0.99668 0.99489 0.996774 0.996012 0.99285 0.996128 0.995386 0.995993 0.00546026 0.994812 0.996384 0.99394 0.00397308 0.00948144 0.00603806 0.00531935 0.995275 0.995697 0.99613 0.995871 0.996453 0.994824 0.997312 0.99605 0.995671 0.997114 0.995309 0.00335055 0.995704 0.994834 0.00656344 0.00656117 0.995957 0.00376527 0.997367 0.993989 0.995869 0.993746 0.996554 0.996011 0.994556 0.00754838 0.994404 0.00847763 0.99667 0.997311 0.00399883 0.993493 0.995982 0.00303706 0.00380779 0.00258738 0.00309029 0.0028584 0.00375007 0.995193 0.993727 0.00378854 0.00227508 0.00445818 0.00692172 0.00323676 0.00806984 0.00273586 0.996102 0.00325086 0.994161 0.993949 0.00552554 0.00257309 0.99515 0.995827 0.997506 0.992982 0.995468 0.00327551 0.00503546 0.0032076 0.00273132 0.00183558 0.00432985 0.00415626 0.0033934 0.00367235 0.00309514 0.992805 0.0031875 0.00237129 0.00329036 0.996069 0.00263812 0.00223455 0.99245 0.00227888 0.00364699 0.00212251 0.00324672 0.00267022 0.00527363 0.00486728
0.996685 0.994913 0.996777 0.996019 0.992908 0.996133 0.995402 0.995997 0.00542174 0.994837 0.996389 0.993976 0.00395163 0.00935098 0.00598702 0.00527633 0.995291 0.995705 0.996143 0.995878 0.99646 0.994848 0.997308 0.996057 0.995687 0.997111 0.995321 0.00334199 0.99571 0.994862 0.00649171 0.00649156 0.995967 0.00375155 0.997364 0.99403 0.995875 0.993793 0.996562 0.996018 0.994582 0.0074683 0.994439 0.00837467 0.996667 0.997311 0.00398168 0.993541 0.995991 0.00303135 0.00379595 0.00258987 0.00308416 0.00285519 0.00374091 0.995221 0.993784 0.00377592 0.00227745 0.0044346 0.00685397 0.00322804 0.00797754 0.00273844 0.996109 0.00324445 0.994208 0.993996 0.00548283 0.00257373 0.995175 0.995835 0.997501 0.993047 0.99549 0.0032694 0.00500257 0.00320177 0.00273378 0.00184225 0.00431362 0.00413936 0.0033873 0.00366277 0.00308936 0.99288 0.00318002 0.00237381 0.00328639 0.996086 0.00264023 0.00223836 0.992521 0.00228148 0.00363678 0.00212718 0.00324154 0.00266973 0.00524095 0.00483441
0.996689 0.994935 0.996781 0.996027 0.992967 0.996138 0.995417 0.996002 0.00538315 0.994861 0.996392 0.994012 0.00393126 0.00922257 0.00593754 0.00523399 0.995308 0.995712 0.996155 0.995885 0.996466 0.994873 0.997304 0.996064 0.995705 0.997108 0.995333 0.00333347 0.995717 0.994889 0.00642379 0.00642305 0.995977 0.0037381 0.99736 0.994071 0.995883 0.99384 0.99657 0.996025 0.994608 0.00738945 0.994475 0.00827293 0.996664 0.997311 0.00396485 0.993585 0.996 0.00302564 0.0037831 0.0025919 0.00307826 0.00285243 0.0037321 0.995249 0.993841 0.0037632 0.00227997 0.00441065 0.00678793 0.00321964 0.00788713 0.00274094 0.996115 0.00323909 0.994254 0.994043 0.00544099 0.00257411 0.9952 0.995843 0.997496 0.993109 0.995511 0.00326259 0.00496952 0.00319615 0.00273601 0.00184909 0.00429708 0.00412294 0.0033815 0.0036534 0.00308369 0.992954 0.00317277 0.00237636 0.00328281 0.996102 0.00264223 0.00224166 0.992594 0.00228409 0.00362589 0.00213187 0.00323571 0.00266956 0.00520815 0.00480281
0.996693 0.994958 0.996785 0.996035 0.993025 0.996143 0.995432 0.996007 0.00534631 0.994885 0.996396 0.994047 0.00391065 0.00909629 0.00588952 0.00519308 0.995325 0.995719 0.996166 0.995893 0.996472 0.994897 0.9973 0.996071 0.995722 0.997106 0.995344 0.00332531 0.995724 0.994916 0.00635688 0.00635614 0.995986 0.00372381 0.997357 0.994112 0.995889 0.993886 0.996579 0.996032 0.994634 0.00731177 0.99451 0.00817243 0.996661 0.99731 0.00394813 0.99363 0.996008 0.00302049 0.00377014 0.00259379 0.00307267 0.002849 0.00372325 0.995277 0.993898 0.00375112 0.00228236 0.00438825 0.00672148 0.00321117 0.00780022 0.00274335 0.996121 0.00323324 0.994299 0.99409 0.005399 0.00257482 0.995225 0.995851 0.997491 0.99317 0.995531 0.00325674 0.00493703 0.00319118 0.00273852 0.00185596 0.00428086 0.00410723 0.00337565 0.00364398 0.00307814 0.993027 0.00316491 0.00237865 0.00327938 0.996117 0.00264445 0.00224544 0.992664 0.00228602 0.00361548 0.00213649 0.00323024 0.00266923 0.00517519 0.00477176
0.996697 0.99498 0.996789 0.996042 0.993082 0.996147 0.995446 0.996011 0.00530872 0.99491 0.996401 0.994082 0.00389053 0.00897295 0.00584079 0.0051517 0.995341 0.995726 0.996178 0.995901 0.996479 0.99492 0.997295 0.996077 0.995738 0.997103 0.995355 0.00331659 0.995731 0.99494 0.00629158 0.00628903 0.995995 0.00370999 0.997353 0.994152 0.995896 0.99393 0.996587 0.996039 0.99466 0.00723497 0.994544 0.00807531 0.996657 0.997309 0.00393221 0.993675 0.996017 0.00301466 0.00375707 0.00259613 0.00306705 0.00284635 0.00371492 0.995304 0.993953 0.00373916 0.00228469 0.0043662 0.00665696 0.0032025 0.00771403 0.00274552 0.996127 0.00322737 0.994343 0.994136 0.00535921 0.00257522 0.995249 0.995858 0.997486 0.993231 0.995551 0.00325088 0.00490612 0.00318558 0.00274142 0.00186257 0.0042649 0.00409107 0.00336982 0.00363418 0.00307258 0.9931 0.00315773 0.00238127 0.00327563 0.996133 0.0026467 0.00224873 0.992733 0.00228811 0.00360507 0.00214084 0.00322471 0.0026683 0.00514316 0.00474139
0.996702 0.995002 0.996793 0.996048 0.993137 0.996152 0.995461 0.996015 0.00527264 0.994934 0.996405 0.994115 0.00387052 0.00885347 0.00579293 0.00511047 0.995355 0.995733 0.99619 0.995907 0.996486 0.994942 0.997291 0.996084 0.995755 0.9971 0.995368 0.00330789 0.995738 0.994965 0.00622677 0.00622484 0.996004 0.00369714 0.99735 0.994191 0.995903 0.993976 0.996594 0.996046 0.994684 0.00715899 0.994578 0.00797895 0.996655 0.997309 0.00391657 0.993718 0.996026 0.00300955 0.00374465 0.00259847 0.00306155 0.00284348 0.0037061 0.995331 0.994006 0.00372713 0.00228673 0.0043439 0.00659491 0.00319394 0.00762995 0.00274755 0.996133 0.00322184 0.994388 0.99418 0.00531925 0.0025759 0.995273 0.995866 0.997481 0.993292 0.995572 0.00324495 0.00487564 0.00318016 0.00274374 0.00186934 0.00424913 0.00407561 0.0033639 0.00362501 0.00306668 0.99317 0.00315 0.00238368 0.00327263 0.996148 0.00264831 0.00225155 0.992801 0.0022903 0.00359579 0.0021454 0.00321917 0.00266764 0.00511073 0.00471092
0.996706 0.995023 0.996796 0.996055 0.993191 0.996157 0.995475 0.996019 0.00523759 0.994957 0.996409 0.994148 0.00384962 0.00873591 0.00574644 0.00507145 0.995371 0.99574 0.996201 0.995914 0.996492 0.994965 0.997287 0.996091 0.99577 0.997097 0.995379 0.00329977 0.995745 0.99499 0.00616372 0.00616067 0.996013 0.0036838 0.997346 0.994229 0.99591 0.99402 0.996602 0.996053 0.994709 0.00708535 0.994611 0.00788547 0.996652 0.997308 0.00390062 0.99376 0.996034 0.00300452 0.00373276 0.00260035 0.0030561 0.00284084 0.00369735 0.995359 0.994058 0.00371614 0.00228892 0.00432181 0.00653273 0.00318535 0.00754816 0.00275008 0.99614 0.003216 0.994431 0.994225 0.00527974 0.00257692 0.995297 0.995874 0.997476 0.99335 0.995591 0.00323901 0.00484572 0.00317528 0.00274652 0.00187601 0.00423366 0.00406008 0.00335847 0.00361469 0.00306138 0.993239 0.00314254 0.00238608 0.00326887 0.996163 0.0026506 0.00225467 0.992868 0.00229269 0.0035853 0.0021502 0.00321445 0.00266733 0.0050796 0.00468112
0.996711 0.995043 0.9968 0.996062 0.993245 0.996161 0.99549 0.996024 0.00520389 0.994981 0.996413 0.99418 0.00382941 0.00862342 0.00570011 0.00503255 0.995386 0.995747 0.996213 0.995921 0.996497 0.994987 0.997283 0.996098 0.995786 0.997094 0.99539 0.00329209 0.995752 0.995015 0.00609978 0.00609913 0.996023 0.00367128 0.997343 0.994267 0.995917 0.994063 0.996609 0.99606 0.994734 0.00701357 0.994645 0.00779402 0.996648 0.997308 0.00388522 0.993803 0.996043 0.00299938 0.00372163 0.00260238 0.00305132 0.00283768 0.00368899 0.995385 0.99411 0.00370457 0.00229116 0.00430019 0.00647321 0.00317671 0.00746808 0.00275285 0.996146 0.00321091 0.994472 0.994268 0.00524113 0.00257736 0.99532 0.995881 0.997471 0.993407 0.995612 0.00323325 0.00481519 0.00317042 0.00274899 0.00188265 0.00421862 0.00404492 0.00335369 0.00360576 0.00305643 0.993306 0.00313505 0.00238845 0.00326488 0.996178 0.00265273 0.00225777 0.992933 0.00229494 0.00357572 0.00215496 0.00320922 0.00266705 0.00504864 0.00465188
0.996715 0.995063 0.996804 0.996069 0.993297 0.996167 0.995503 0.996028 0.00516923 0.995005 0.996417 0.994212 0.00381011 0.00851199 0.00565508 0.0049945 0.9954 0.995754 0.996224 0.995927 0.996503 0.995009 0.997279 0.996105 0.995803 0.997092 0.9954 0.00328452 0.995759 0.99504 0.00603762 0.00603833 0.99603 0.00365843 0.997339 0.994304 0.995923 0.994106 0.996617 0.996067 0.994757 0.00694287 0.994677 0.00770391 0.996645 0.997308 0.00387011 0.993844 0.996051 0.00299448 0.00370928 0.00260469 0.00304605 0.00283512 0.00368119 0.995411 0.994161 0.00369251 0.00229334 0.00427903 0.00641435 0.00316876 0.00738875 0.00275502 0.996153 0.00320564 0.994513 0.99431 0.0052033 0.00257808 0.995343 0.995888 0.997466 0.993465 0.995632 0.0032275 0.00478567 0.00316538 0.00275092 0.0018893 0.00420437 0.00402936 0.00334832 0.00359637 0.0030506 0.993373 0.00312842 0.00239104 0.00326148 0.996192 0.00265484 0.00226075 0.992997 0.00229695 0.0035665 0.0021592 0.00320402 0.00266683 0.005018 0.00462297
0.996719 0.995084 0.996808 0.996076 0.993348 0.996171 0.995516 0.996032 0.00513568 0.995026 0.996422 0.994243 0.00379124 0.00840331 0.00561028 0.0049569 0.995416 0.99576 0.996235 0.995934 0.996509 0.995031 0.997274 0.996111 0.995818 0.997089 0.995412 0.00327675 0.995766 0.995064 0.00597879 0.00597812 0.996039 0.00364608 0.997336 0.994341 0.99593 0.994147 0.996624 0.996073 0.99478 0.00687155 0.994708 0.00761564 0.996643 0.997308 0.00385533 0.993885 0.996059 0.00298973 0.00369764 0.00260725 0.00304097 0.00283268 0.00367297 0.995436 0.994212 0.00368109 0.00229556 0.00425816 0.00635496 0.00316102 0.00731183 0.00275778 0.996159 0.00320066 0.994554 0.994352 0.00516568 0.00257828 0.995365 0.995896 0.997461 0.993521 0.995652 0.00322178 0.00475761 0.00316019 0.00275333 0.00189568 0.0041891 0.00401491 0.00334231 0.00358774 0.00304503 0.993439 0.00312157 0.00239312 0.00325767 0.996207 0.00265648 0.00226413 0.993059 0.00229867 0.00355624 0.00216409 0.00319878 0.00266613 0.00498811 0.00459418
0.996723 0.995103 0.996812 0.996083 0.9934 0.996176 0.995531 0.996037 0.0051026 0.99505 0.996425 0.994276 0.00377295 0.00829666 0.00556569 0.00491928 0.99543 0.995767 0.996246 0.995941 0.996514 0.995051 0.99727 0.996117 0.995834 0.997086 0.995422 0.00326904 0.995773 0.995088 0.00591999 0.00591998 0.996048 0.00363415 0.997332 0.994377 0.995937 0.994189 0.996632 0.99608 0.994804 0.00680292 0.99474 0.00752902 0.99664 0.997307 0.00384074 0.993926 0.996068 0.00298505 0.00368612 0.00260962 0.00303571 0.00283039 0.00366544 0.995461 0.994261 0.00366944 0.0022979 0.00423768 0.00629768 0.00315322 0.00723673 0.00276 0.996165 0.00319576 0.994595 0.994392 0.00512795 0.00257883 0.995388 0.995903 0.997456 0.993575 0.995671 0.00321633 0.00472933 0.00315578 0.00275635 0.00190234 0.00417513 0.00400055 0.0033368 0.00357891 0.00303997 0.993503 0.00311408 0.00239553 0.00325447 0.99622 0.00265868 0.00226746 0.993121 0.00230059 0.0035464 0.00216861 0.00319356 0.00266553 0.00495849 0.00456614
0.996728 0.995123 0.996816 0.99609 0.99345 0.99618 0.995544 0.996041 0.00506955 0.995072 0.996429 0.994307 0.00375464 0.00819211 0.00552258 0.00488278 0.995445 0.995773 0.996257 0.995948 0.996521 0.995072 0.997266 0.996123 0.995849 0.997083 0.995433 0.00326148 0.995779 0.995111 0.00586265 0.00586295 0.996057 0.00362128 0.997329 0.994413 0.995944 0.994229 0.996638 0.996087 0.994827 0.00673691 0.99477 0.00744469 0.996637 0.997307 0.003826 0.993966 0.996076 0.00298018 0.00367518 0.00261193 0.00302974 0.00282729 0.00365718 0.995485 0.99431 0.00365839 0.0023003 0.00421716 0.00624254 0.0031452 0.0071626 0.00276201 0.99617 0.0031909 0.994635 0.994433 0.00509075 0.00257953 0.99541 0.99591 0.997451 0.993629 0.99569 0.00321083 0.00470153 0.00315076 0.00275899 0.00190885 0.00416018 0.00398637 0.00333134 0.00357047 0.00303508 0.993566 0.00310717 0.00239763 0.00325062 0.996235 0.00266043 0.00227036 0.993181 0.00230252 0.00353684 0.00217263 0.0031887 0.00266511 0.00492893 0.00453865
0.996732 0.995142 0.996819 0.996096 0.993499 0.996184 0.995558 0.996045 0.00503749 0.995094 0.996434 0.994338 0.00373633 0.00808991 0.00548153 0.00484709 0.99546 0.995779 0.996268 0.995954 0.996527 0.995093 0.997262 0.99613 0.995864 0.997081 0.995443 0.00325425 0.995785 0.995134 0.00580561 0.00580678 0.996066 0.00360899 0.997326 0.994449 0.99595 0.994269 0.996645 0.996094 0.99485 0.0066729 0.994801 0.0073627 0.996634 0.997306 0.00381063 0.994006 0.996084 0.00297553 0.00366322 0.00261407 0.00302418 0.00282447 0.00364897 0.995509 0.994357 0.00364706 0.00230254 0.0041969 0.0061876 0.00313824 0.00708976 0.00276451 0.996175 0.0031864 0.994674 0.994473 0.00505386 0.0025805 0.995432 0.995918 0.997446 0.993681 0.995708 0.00320511 0.00467337 0.00314548 0.00276096 0.00191493 0.00414648 0.00397175 0.00332611 0.0035616 0.00303011 0.993627 0.0031012 0.00240004 0.00324702 0.996248 0.00266291 0.00227371 0.99324 0.00230464 0.0035278 0.00217681 0.00318318 0.00266532 0.00489973 0.00451173
0.996735 0.99516 0.996823 0.996103 0.993549 0.996188 0.995571 0.996049 0.00500608 0.995115 0.996438 0.994368 0.00371822 0.00798969 0.0054394 0.00481189 0.995475 0.995786 0.996278 0.995961 0.996532 0.995113 0.997258 0.996136 0.995879 0.997078 0.995454 0.00324688 0.995791 0.995157 0.0057507 0.00575042 0.996074 0.00359695 0.997322 0.994485 0.995956 0.994308 0.996652 0.9961 0.994872 0.0066093 0.994831 0.00728173 0.996631 0.997306 0.00379633 0.994045 0.996092 0.00297026 0.00365238 0.00261643 0.00301922 0.00282189 0.00364116 0.995533 0.994404 0.00363655 0.00230436 0.00417709 0.00613352 0.0031308 0.00701989 0.00276652 0.996181 0.0031819 0.994713 0.994512 0.00501833 0.00258099 0.995454 0.995925 0.997441 0.993732 0.995727 0.00319977 0.00464535 0.00314091 0.00276336 0.00192139 0.00413225 0.00395734 0.00332144 0.00355306 0.0030256 0.993688 0.00309436 0.00240245 0.00324306 0.996262 0.00266429 0.00227718 0.993299 0.00230632 0.00351879 0.00218133 0.00317852 0.00266499 0.00487143 0.00448503
0.996739 0.995178 0.996827 0.99611 0.993596 0.996192 0.995584 0.996054 0.00497539 0.995136 0.996442 0.994398 0.00370041 0.00789233 0.00539789 0.00477837 0.995489 0.995792 0.996288 0.995967 0.996538 0.995134 0.997254 0.996142 0.995894 0.997075 0.995464 0.00323951 0.995797 0.995179 0.00569622 0.00569518 0.996082 0.00358446 0.997319 0.994519 0.995962 0.994348 0.99666 0.996107 0.994895 0.00654694 0.994861 0.00720221 0.996628 0.997305 0.0037825 0.994082 0.9961 0.00296517 0.00364219 0.00261861 0.00301441 0.0028187 0.00363342 0.995556 0.99445 0.0036258 0.0023067 0.00415781 0.00608034 0.0031232 0.00695092 0.00276881 0.996187 0.00317643 0.99475 0.99455 0.0049842 0.00258204 0.995475 0.995932 0.997437 0.993783 0.995745 0.00319488 0.00461891 0.00313605 0.00276575 0.00192785 0.00411868 0.00394302 0.00331632 0.00354429 0.0030205 0.993747 0.00308751 0.00240523 0.00324008 0.996275 0.00266606 0.00228017 0.993357 0.00230847 0.00350939 0.00218558 0.00317337 0.0026651 0.00484359 0.00445815
0.996743 0.995196 0.996829 0.996116 0.993642 0.996197 0.995598 0.996058 0.0049451 0.995157 0.996445 0.994427 0.00368282 0.00779646 0.00535781 0.00474448 0.995502 0.995798 0.996299 0.995973 0.996543 0.995153 0.99725 0.996147 0.995909 0.997072 0.995475 0.00323217 0.995804 0.995201 0.0056431 0.00564257 0.99609 0.00357286 0.997316 0.994553 0.995969 0.994384 0.996667 0.996113 0.994918 0.00648553 0.994889 0.00712357 0.996625 0.997305 0.00376818 0.994119 0.996108 0.00295976 0.00363164 0.00262073 0.00300904 0.00281637 0.00362541 0.99558 0.994495 0.00361526 0.00230864 0.00413829 0.00602614 0.00311591 0.00688252 0.0027715 0.996192 0.00317137 0.994787 0.994588 0.00495036 0.00258259 0.995497 0.995938 0.997432 0.993834 0.995763 0.0031905 0.00459314 0.00313104 0.0027676 0.00193412 0.00410474 0.00392896 0.00331109 0.00353616 0.0030152 0.993805 0.00308021 0.00240783 0.00323779 0.996288 0.00266765 0.00228311 0.993413 0.00231051 0.00349943 0.00218993 0.00316863 0.00266441 0.00481597 0.00443239
0.996747 0.995216 0.996833 0.996123 0.993688 0.996201 0.99561 0.996062 0.00491577 0.995177 0.996449 0.994456 0.00366593 0.00770191 0.0053189 0.00471099 0.995515 0.995803 0.996309 0.99598 0.996548 0.995173 0.997246 0.996153 0.995923 0.99707 0.995486 0.00322474 0.995809 0.995222 0.00559144 0.00558951 0.996098 0.00356084 0.997312 0.994586 0.995975 0.994422 0.996673 0.996119 0.99494 0.00642407 0.994917 0.00704717 0.996622 0.997305 0.00375393 0.994157 0.996115 0.0029556 0.0036211 0.00262314 0.00300448 0.00281345 0.00361777 0.995603 0.99454 0.00360461 0.00231076 0.00411916 0.00597328 0.00310871 0.00681411 0.00277377 0.996198 0.00316621 0.994824 0.994625 0.00491615 0.00258315 0.995518 0.995945 0.997427 0.993884 0.995782 0.0031852 0.00456783 0.00312618 0.00276979 0.00194008 0.00409091 0.00391539 0.00330678 0.00352774 0.0030107 0.993862 0.00307391 0.00241003 0.00323483 0.996301 0.00266941 0.00228593 0.993468 0.00231276 0.00349015 0.00219429 0.00316425 0.00266416 0.00478806 0.00440662
0.996751 0.995233 0.996836 0.996129 0.993733 0.996205 0.995623 0.996066 0.00488575 0.995197 0.996453 0.994485 0.00364879 0.00760967 0.00527953 0.00467939 0.995529 0.995809 0.996319 0.995986 0.996554 0.995192 0.997242 0.996159 0.995937 0.997067 0.995496 0.00321776 0.995816 0.995244 0.00554024 0.00553869 0.996107 0.00354946 0.997309 0.994619 0.995981 0.994458 0.996681 0.996125 0.994961 0.00636454 0.994945 0.00697302 0.99662 0.997304 0.0037404 0.994192 0.996123 0.00295112 0.0036108 0.00262524 0.00299968 0.00281128 0.00361075 0.995625 0.994584 0.00359376 0.00231283 0.00409996 0.00592205 0.00310098 0.0067485 0.00277618 0.996204 0.00316137 0.994859 0.994661 0.00488383 0.00258387 0.995538 0.995952 0.997422 0.993932 0.995798 0.00317966 0.00454219 0.00312223 0.00277242 0.00194614 0.00407754 0.0039013 0.00330193 0.00351967 0.00300592 0.993919 0.00306751 0.00241261 0.0032318 0.996315 0.00267127 0.00228907 0.993522 0.00231496 0.00348126 0.00219825 0.00315969 0.00266389 0.00476137 0.00438077
0.996756 0.995251 0.996839 0.996134 0.993778 0.99621 0.995636 0.996069 0.00485517 0.995218 0.996457 0.994514 0.00363203 0.0075196 0.0052406 0.00464686 0.995542 0.995815 0.996329 0.995991 0.996559 0.995212 0.997238 0.996165 0.995951 0.997064 0.995507 0.00321068 0.995822 0.995265 0.00549008 0.00548781 0.996114 0.00353846 0.997306 0.994652 0.995987 0.994494 0.996688 0.996131 0.994981 0.00630736 0.994973 0.00690107 0.996617 0.997304 0.0037268 0.994228 0.99613 0.0029461 0.003601 0.00262743 0.00299467 0.00280872 0.00360346 0.995647 0.994627 0.00358377 0.0023152 0.00408184 0.00587253 0.00309386 0.00668479 0.00277818 0.99621 0.00315751 0.994893 0.994697 0.00485123 0.00258449 0.995558 0.995959 0.997417 0.99398 0.995816 0.00317435 0.00451683 0.00311754 0.00277464 0.0019521 0.00406346 0.00388749 0.00329684 0.00351154 0.00300115 0.993974 0.00306166 0.00241433 0.00322868 0.996327 0.00267339 0.00229217 0.993575 0.00231725 0.00347287 0.00220261 0.00315511 0.00266363 0.00473466 0.00435739
0.996759 0.995268 0.996842 0.99614 0.993821 0.996214 0.995648 0.996074 0.00482697 0.995237 0.996461 0.994542 0.00361592 0.0074308 0.00520358 0.00461518 0.995555 0.995821 0.996339 0.995997 0.996564 0.99523 0.997235 0.99617 0.995965 0.997062 0.995517 0.00320353 0.995827 0.995286 0.00544059 0.00543847 0.996121 0.00352662 0.997303 0.994683 0.995993 0.99453 0.996694 0.996137 0.995001 0.00625093 0.995 0.00683052 0.996615 0.997303 0.00371328 0.994263 0.996137 0.00294153 0.00358974 0.00262923 0.0029906 0.00280652 0.00359633 0.99567 0.994669 0.00357359 0.00231724 0.00406426 0.00582419 0.00308733 0.00662172 0.00278052 0.996215 0.00315302 0.994927 0.994733 0.00481944 0.00258459 0.995577 0.995966 0.997413 0.994026 0.995832 0.00316944 0.00449262 0.00311246 0.00277682 0.00195859 0.00405068 0.00387448 0.00329238 0.00350337 0.00299668 0.994027 0.00305509 0.00241652 0.00322494 0.996339 0.00267506 0.00229503 0.993629 0.00231903 0.00346458 0.00220678 0.00315028 0.00266354 0.00470877 0.00433353
0.996763 0.995284 0.996846 0.996146 0.993864 0.996218 0.99566 0.996077 0.00479926 0.995257 0.996464 0.99457 0.00359921 0.00734502 0.00516676 0.00458389 0.995567 0.995827 0.996349 0.996003 0.99657 0.995248 0.997231 0.996176 0.995978 0.997059 0.995528 0.00319654 0.995834 0.995307 0.00539273 0.00538984 0.996129 0.00351532 0.9973 0.994714 0.995998 0.994565 0.9967 0.996143 0.995021 0.00619433 0.995027 0.00675961 0.996612 0.997303 0.00370025 0.994296 0.996145 0.00293702 0.00357893 0.00263117 0.00298596 0.00280462 0.0035894 0.99569 0.99471 0.00356359 0.00231914 0.00404669 0.0057769 0.00308009 0.00655822 0.0027828 0.99622 0.00314813 0.994962 0.994768 0.00478857 0.00258545 0.995597 0.995972 0.997409 0.994072 0.995849 0.00316433 0.00446832 0.00310779 0.00277869 0.00196459 0.00403755 0.00386133 0.00328765 0.00349502 0.00299217 0.994081 0.00304899 0.00241868 0.00322209 0.996352 0.0026769 0.00229793 0.993681 0.00232124 0.00345611 0.00221045 0.00314637 0.00266294 0.00468317 0.00430931
0.996767 0.995302 0.996849 0.996152 0.993906 0.996222 0.995672 0.996081 0.00477099 0.995276 0.996468 0.994596 0.0035831 0.00726075 0.00513006 0.00455334 0.995579 0.995832 0.996359 0.996008 0.996575 0.995267 0.997227 0.996182 0.995991 0.997057 0.995539 0.00318908 0.99584 0.995328 0.00534454 0.00534239 0.996136 0.00350427 0.997297 0.994744 0.996004 0.9946 0.996707 0.99615 0.995041 0.00613844 0.995054 0.00669073 0.996609 0.997303 0.00368749 0.99433 0.996153 0.00293311 0.0035686 0.00263349 0.00298166 0.00280235 0.00358227 0.995712 0.994751 0.00355454 0.00232077 0.00402902 0.00572977 0.00307333 0.00649668 0.00278446 0.996225 0.00314353 0.994996 0.994802 0.00475774 0.00258533 0.995616 0.995979 0.997404 0.994117 0.995865 0.00315955 0.00444389 0.00310334 0.00278067 0.00197106 0.00402528 0.00384836 0.00328289 0.0034872 0.00298792 0.994133 0.0030429 0.00242132 0.00321921 0.996365 0.00267851 0.00230081 0.99373 0.00232338 0.00344799 0.00221425 0.00314223 0.00266255 0.00465822 0.00428582
0.996771 0.995319 0.996852 0.996158 0.993948 0.996226 0.995682 0.996084 0.0047432 0.995296 0.996471 0.994623 0.00356699 0.00717646 0.00509359 0.00452352 0.995593 0.995838 0.996368 0.996014 0.99658 0.995286 0.997223 0.996187 0.996004 0.997054 0.995548 0.00318261 0.995846 0.995347 0.00529778 0.00529606 0.996144 0.00349325 0.997294 0.994774 0.99601 0.994633 0.996713 0.996156 0.995061 0.00608339 0.995081 0.00662456 0.996607 0.997302 0.00367413 0.994362 0.99616 0.00292872 0.00355848 0.0026355 0.00297753 0.00280028 0.00357518 0.995732 0.99479 0.00354436 0.00232266 0.00401102 0.00568338 0.00306649 0.00643636 0.00278724 0.996231 0.00313886 0.995029 0.994836 0.00472816 0.00258598 0.995635 0.995986 0.9974 0.994161 0.99588 0.00315442 0.00441967 0.00309923 0.00278265 0.00197691 0.00401228 0.00383534 0.00327794 0.00348005 0.00298345 0.994185 0.00303706 0.00242311 0.00321633 0.996377 0.00267983 0.00230352 0.993779 0.00232513 0.00343996 0.00221828 0.00313759 0.00266234 0.00463381 0.00426297
0.996774 0.995336 0.996854 0.996164 0.99399 0.99623 0.995694 0.996088 0.00471564 0.995315 0.996474 0.994649 0.00355135 0.0070962 0.00505809 0.00449376 0.995606 0.995843 0.996378 0.99602 0.996585 0.995305 0.99722 0.996192 0.996017 0.997051 0.995558 0.00317567 0.995851 0.995366 0.00525248 0.0052511 0.996151 0.00348278 0.997292 0.994803 0.996016 0.994666 0.996719 0.996162 0.99508 0.00602999 0.995106 0.00655736 0.996605 0.997301 0.00366146 0.994395 0.996167 0.00292496 0.00354811 0.00263748 0.002973 0.00279787 0.00356816 0.995753 0.994829 0.00353496 0.00232468 0.0039931 0.00563748 0.00305937 0.00637638 0.00278928 0.996236 0.00313499 0.995061 0.994869 0.0046977 0.0025866 0.995654 0.995992 0.997395 0.994204 0.995897 0.00314941 0.0043962 0.0030954 0.00278486 0.00198304 0.00399928 0.00382263 0.00327296 0.00347208 0.00297901 0.994236 0.00303113 0.00242508 0.00321302 0.996389 0.00268126 0.00230609 0.993827 0.00232731 0.0034318 0.00222255 0.0031332 0.00266225 0.00460997 0.00423965
0.996778 0.995353 0.996858 0.99617 0.994029 0.996233 0.995706 0.996092 0.00468852 0.995333 0.996476 0.994675 0.00353563 0.00701799 0.00502327 0.00446417 0.995618 0.995849 0.996387 0.996026 0.99659 0.995321 0.997217 0.996198 0.996029 0.997048 0.995567 0.00316916 0.995857 0.995386 0.00520772 0.00520598 0.996159 0.00347241 0.997288 0.994832 0.996021 0.994699 0.996725 0.996168 0.9951 0.005978 0.995132 0.00649191 0.996602 0.9973 0.00364882 0.994428 0.996174 0.0029208 0.00353799 0.00263928 0.00296901 0.0027954 0.00356152 0.995774 0.994868 0.00352539 0.00232649 0.00397613 0.00559268 0.00305291 0.00631959 0.0027916 0.996242 0.00313042 0.995093 0.994901 0.00466805 0.0025867 0.995673 0.995998 0.997391 0.994247 0.995913 0.00314441 0.00437373 0.00309075 0.00278701 0.00198881 0.00398736 0.00380987 0.00326806 0.00346464 0.00297438 0.994285 0.00302518 0.00242738 0.00320994 0.996401 0.0026827 0.00230881 0.993876 0.00232866 0.00342378 0.00222634 0.00312892 0.00266178 0.00458583 0.00421698
0.996782 0.995369 0.996861 0.996175 0.99407 0.996237 0.995717 0.996096 0.00466231 0.995351 0.99648 0.9947 0.00352074 0.00693877 0.00499006 0.00443525 0.99563 0.995854 0.996397 0.996031 0.996595 0.995337 0.997213 0.996203 0.996042 0.997046 0.995578 0.0031624 0.995862 0.995405 0.00516304 0.00516102 0.996166 0.00346182 0.997285 0.994861 0.996026 0.994731 0.996732 0.996174 0.99512 0.00592626 0.995156 0.00642831 0.9966 0.997301 0.0036367 0.994459 0.996181 0.00291676 0.00352929 0.0026408 0.00296464 0.00279304 0.00355424 0.995795 0.994906 0.00351571 0.00232823 0.00395929 0.00554922 0.0030463 0.00626369 0.0027938 0.996246 0.00312624 0.995125 0.994934 0.00463862 0.00258756 0.995692 0.996004 0.997386 0.994289 0.995929 0.00314004 0.00435015 0.00308634 0.00278874 0.00199488 0.00397527 0.00379863 0.00326333 0.00345775 0.00296993 0.994333 0.0030194 0.00242941 0.00320693 0.996412 0.00268462 0.00231103 0.993923 0.00233057 0.00341541 0.00223021 0.00312513 0.00266116 0.00456195 0.00419474
0.996785 0.995385 0.996864 0.996181 0.994108 0.996241 0.995728 0.9961 0.00463665 0.995369 0.996483 0.994725 0.00350584 0.00686322 0.00495697 0.00440731 0.995642 0.99586 0.996407 0.996036 0.9966 0.995355 0.99721 0.996208 0.996054 0.997044 0.995588 0.00315579 0.995867 0.995425 0.00511963 0.00511783 0.996172 0.00345126 0.997282 0.99489 0.996032 0.994764 0.996737 0.99618 0.99514 0.0058765 0.995181 0.00636545 0.996598 0.9973 0.00362411 0.994491 0.996188 0.00291326 0.00351993 0.00264257 0.00296069 0.00279099 0.00354747 0.995814 0.994943 0.00350663 0.00233017 0.00394213 0.00550689 0.00303912 0.00620771 0.00279605 0.996251 0.0031219 0.995156 0.994966 0.00460968 0.00258793 0.995709 0.996011 0.997381 0.99433 0.995944 0.00313534 0.00432812 0.00308238 0.00279123 0.00200061 0.00396274 0.00378631 0.0032586 0.00344964 0.00296541 0.994381 0.00301335 0.0024315 0.00320473 0.996423 0.00268618 0.00231371 0.99397 0.00233202 0.00340759 0.00223447 0.0031201 0.00266054 0.00453869 0.00417413
0.996789 0.995401 0.996868 0.996187 0.994147 0.996245 0.995739 0.996104 0.00461135 0.995387 0.996487 0.99475 0.00349102 0.00678871 0.00492376 0.00437964 0.995654 0.995865 0.996415 0.996041 0.996605 0.995372 0.997206 0.996214 0.996067 0.997041 0.995597 0.00314943 0.995873 0.995443 0.0050779 0.00507504 0.996179 0.00344116 0.997279 0.994918 0.996037 0.994795 0.996743 0.996186 0.995159 0.00582727 0.995204 0.00630528 0.996595 0.9973 0.00361225 0.994521 0.996195 0.00290879 0.00351068 0.00264435 0.00295636 0.00278866 0.00354033 0.995834 0.994979 0.00349772 0.0023322 0.0039257 0.00546449 0.00303237 0.00615372 0.00279845 0.996257 0.00311678 0.995186 0.994997 0.00458109 0.00258861 0.995727 0.996016 0.997377 0.994372 0.995959 0.00313064 0.00430614 0.00307829 0.00279333 0.00200604 0.00395086 0.00377454 0.0032545 0.00344208 0.0029608 0.994428 0.00300741 0.00243382 0.00320108 0.996434 0.00268775 0.0023158 0.994016 0.00233354 0.0033991 0.00223868 0.00311595 0.00266046 0.00451587 0.0041532
0.996792 0.995416 0.996871 0.996193 0.994184 0.996249 0.99575 0.996108 0.00458567 0.995403 0.99649 0.994775 0.00347688 0.00671604 0.00489028 0.00435269 0.995665 0.995871 0.996425 0.996046 0.99661 0.995388 0.997202 0.99622 0.996079 0.997039 0.995606 0.00314326 0.995878 0.995461 0.00503542 0.00503274 0.996186 0.0034312 0.997276 0.994945 0.996043 0.994826 0.996749 0.996191 0.995177 0.00578 0.995229 0.00624487 0.996593 0.9973 0.0036002 0.994551 0.996201 0.00290459 0.00350114 0.0026462 0.00295219 0.00278606 0.00353367 0.995854 0.995016 0.00348924 0.00233412 0.00390871 0.0054227 0.00302585 0.00609859 0.00280076 0.996261 0.00311269 0.995217 0.995028 0.00455279 0.00258937 0.995745 0.996022 0.997373 0.994413 0.995975 0.00312643 0.00428403 0.00307417 0.00279536 0.00201159 0.00393957 0.00376303 0.00325001 0.00343499 0.00295637 0.994473 0.00300231 0.00243547 0.00319764 0.996445 0.00268984 0.00231879 0.994061 0.00233538 0.00339169 0.00224277 0.00311136 0.00265962 0.00449328 0.00413215
0.996795 0.995432 0.996874 0.996198 0.99422 0.996253 0.995762 0.996111 0.00456054 0.99542 0.996494 0.994799 0.00346268 0.00664437 0.00485844 0.00432593 0.995677 0.995876 0.996433 0.996051 0.996614 0.995405 0.997198 0.996224 0.996091 0.997037 0.995615 0.00313674 0.995883 0.99548 0.0049943 0.00499229 0.996194 0.0034211 0.997273 0.994972 0.996048 0.994857 0.996755 0.996197 0.995196 0.00573152 0.995253 0.00618514 0.99659 0.9973 0.00358811 0.994582 0.996208 0.00290072 0.00349247 0.0026481 0.00294784 0.00278387 0.00352766 0.995873 0.995051 0.00348024 0.00233588 0.00389247 0.00538176 0.00301966 0.00604579 0.00280243 0.996266 0.00310796 0.995246 0.995058 0.00452538 0.00259024 0.995762 0.996029 0.997369 0.994451 0.995989 0.00312223 0.00426269 0.00307028 0.00279705 0.00201743 0.0039277 0.00375119 0.0032455 0.00342828 0.00295213 0.994517 0.00299638 0.00243731 0.00319456 0.996456 0.00269131 0.0023218 0.994104 0.00233709 0.00338466 0.0022467 0.00310713 0.00265918 0.00447128 0.00411132
0.996798 0.995448 0.996876 0.996203 0.994257 0.996258 0.995772 0.996115 0.00453615 0.995438 0.996496 0.994823 0.00344898 0.00657388 0.00482766 0.00429911 0.995689 0.995881 0.996442 0.996057 0.996619 0.995421 0.997194 0.996229 0.996103 0.997035 0.995624 0.00313049 0.995888 0.995498 0.00495413 0.00495213 0.996201 0.00341089 0.997271 0.995 0.996053 0.994888 0.99676 0.996202 0.995214 0.00568391 0.995275 0.00612715 0.996588 0.997299 0.00357645 0.99461 0.996215 0.00289744 0.00348361 0.00265 0.00294432 0.00278221 0.00352123 0.995892 0.995086 0.00347148 0.0023375 0.00387686 0.00534043 0.00301347 0.00599421 0.00280397 0.996272 0.00310387 0.995275 0.995088 0.00449879 0.00259075 0.99578 0.996034 0.997365 0.99449 0.996004 0.0031186 0.00424229 0.00306597 0.00279912 0.00202289 0.00391594 0.0037402 0.00324111 0.00342086 0.00294787 0.994562 0.00299084 0.00243925 0.00319172 0.996467 0.00269298 0.00232457 0.994147 0.00233879 0.00337753 0.0022506 0.00310269 0.00265907 0.00444896 0.00409054
0.996802 0.995462 0.996879 0.996209 0.994293 0.996262 0.995783 0.996119 0.00451269 0.995455 0.9965 0.994846 0.00343528 0.00650535 0.00479584 0.00427267 0.9957 0.995886 0.99645 0.996062 0.996623 0.995437 0.997191 0.996234 0.996115 0.997032 0.995631 0.00312449 0.995893 0.995515 0.00491394 0.0049121 0.996207 0.00340102 0.997267 0.995027 0.996058 0.994917 0.996766 0.996207 0.995231 0.00563743 0.995298 0.00606937 0.996586 0.997299 0.00356497 0.99464 0.996221 0.00289363 0.00347457 0.00265204 0.00294032 0.00277988 0.00351447 0.99591 0.99512 0.00346277 0.00233917 0.00386181 0.00530103 0.00300688 0.00594337 0.00280551 0.996276 0.00309945 0.995304 0.995118 0.00447184 0.00259134 0.995796 0.996041 0.99736 0.994528 0.996018 0.00311329 0.00422134 0.00306214 0.00280077 0.00202833 0.0039047 0.00372907 0.00323663 0.0034134 0.00294402 0.994605 0.00298492 0.00244105 0.00318926 0.996478 0.00269459 0.00232727 0.99419 0.00234084 0.00337027 0.00225469 0.00309813 0.00265857 0.00442729 0.00406996
0.996805 0.995477 0.996882 0.996214 0.994329 0.996265 0.995794 0.996122 0.00448898 0.995472 0.996503 0.994869 0.00342158 0.0064372 0.00476503 0.00424561 0.995711 0.995891 0.996459 0.996066 0.996628 0.995453 0.997187 0.996239 0.996126 0.99703 0.995641 0.00311926 0.995897 0.995533 0.00487483 0.00487302 0.996214 0.00339118 0.997265 0.995053 0.996064 0.994946 0.996772 0.996212 0.995248 0.00559124 0.995321 0.00601307 0.996582 0.997298 0.00355321 0.994669 0.996227 0.00288968 0.00346632 0.00265325 0.00293618 0.00277707 0.00350823 0.995928 0.995153 0.00345404 0.00234119 0.00384591 0.00526212 0.00300081 0.00589334 0.00280727 0.996281 0.00309514 0.995332 0.995147 0.00444554 0.00259173 0.995812 0.996046 0.997356 0.994566 0.996033 0.00310836 0.00420099 0.00305875 0.00280284 0.002034 0.00389334 0.00371736 0.00323259 0.00340636 0.00294022 0.994648 0.00297956 0.00244315 0.00318636 0.996488 0.00269558 0.00233034 0.994232 0.00234229 0.00336303 0.00225832 0.00309401 0.0026581 0.00440691 0.00404981
0.996808 0.995492 0.996885 0.996219 0.994364 0.996269 0.995804 0.996125 0.00446589 0.995489 0.996507 0.994891 0.00340883 0.00637081 0.00473593 0.00422081 0.995723 0.995896 0.996469 0.996072 0.996633 0.995469 0.997184 0.996244 0.996137 0.997027 0.995649 0.00311363 0.995903 0.99555 0.00483576 0.00483423 0.996221 0.00338193 0.997262 0.995079 0.996069 0.994974 0.996778 0.996218 0.995265 0.00554606 0.995344 0.00595788 0.99658 0.997298 0.00354147 0.994697 0.996233 0.00288648 0.00345734 0.00265445 0.00293207 0.00277513 0.00350221 0.995946 0.995186 0.00344542 0.00234318 0.00383099 0.0052247 0.0029945 0.00584425 0.00280941 0.996286 0.00309108 0.99536 0.995175 0.00441922 0.00259178 0.995829 0.996052 0.997352 0.994604 0.996047 0.00310365 0.00418086 0.00305457 0.00280477 0.00203955 0.003882 0.00370637 0.00322819 0.00339944 0.00293655 0.99469 0.00297438 0.002445 0.00318344 0.996498 0.00269705 0.00233277 0.994273 0.00234386 0.0033555 0.00226193 0.00309014 0.002658 0.00438521 0.00402996
0.996811 0.995507 0.996888 0.996224 0.994399 0.996274 0.995814 0.996128 0.00444275 0.995506 0.99651 0.994913 0.00339535 0.00630576 0.00470646 0.00419643 0.995734 0.995901 0.996477 0.996077 0.996638 0.995484 0.997181 0.996248 0.996149 0.997025 0.995657 0.00310758 0.995908 0.995567 0.00479834 0.00479573 0.996228 0.00337262 0.997259 0.995104 0.996074 0.995003 0.996784 0.996223 0.995281 0.00550313 0.995366 0.00590405 0.996578 0.997297 0.00352985 0.994725 0.996239 0.00288239 0.00344902 0.00265594 0.00292809 0.00277289 0.00349621 0.995964 0.995218 0.00343713 0.00234519 0.00381659 0.00518672 0.00298854 0.00579629 0.00281159 0.996291 0.00308697 0.995387 0.995203 0.0043945 0.00259255 0.995845 0.996058 0.997348 0.994641 0.996061 0.00310005 0.00416104 0.00305071 0.00280713 0.00204494 0.00387134 0.00369622 0.0032244 0.00339227 0.00293298 0.99473 0.00296888 0.00244676 0.00318013 0.996508 0.00269929 0.00233572 0.994314 0.00234572 0.00334818 0.00226575 0.00308663 0.00265778 0.00436424 0.00401056
0.996815 0.995521 0.996891 0.996229 0.994434 0.996276 0.995825 0.996132 0.00442045 0.995522 0.996513 0.994935 0.00338216 0.00624234 0.00467681 0.00417154 0.995745 0.995906 0.996484 0.996082 0.996643 0.995499 0.997178 0.996253 0.99616 0.997022 0.995665 0.00310214 0.995913 0.995584 0.00476212 0.00475884 0.996234 0.00336327 0.997256 0.995129 0.996079 0.995032 0.996789 0.996227 0.995298 0.00546066 0.995387 0.00585168 0.996575 0.997297 0.00351934 0.994752 0.996246 0.00287869 0.00344078 0.00265761 0.00292396 0.00277045 0.00349009 0.995981 0.99525 0.00342921 0.00234694 0.00380245 0.0051499 0.00298247 0.00574825 0.00281367 0.996295 0.0030833 0.995415 0.99523 0.00436942 0.00259279 0.995862 0.996063 0.997344 0.994676 0.996074 0.00309532 0.00414085 0.00304623 0.00280953 0.00205063 0.00386051 0.00368605 0.00321986 0.00338526 0.00292968 0.99477 0.00296328 0.00244847 0.00317673 0.996518 0.00270101 0.0023383 0.994354 0.00234756 0.00334131 0.00226913 0.00308319 0.00265749 0.00434362 0.00399081
0.996818 0.995536 0.996894 0.996234 0.994467 0.99628 0.995835 0.996135 0.00439877 0.995538 0.996516 0.994957 0.00336907 0.00617976 0.00464759 0.00414678 0.995756 0.995912 0.996493 0.996087 0.996647 0.995515 0.997175 0.996257 0.99617 0.99702 0.995673 0.00309606 0.995919 0.9956 0.00472577 0.00472291 0.996241 0.00335407 0.997254 0.995153 0.996084 0.995058 0.996794 0.996233 0.995314 0.00541869 0.995409 0.00579969 0.996573 0.997297 0.00350897 0.994779 0.996251 0.00287553 0.00343235 0.00265932 0.00292031 0.00276837 0.0034841 0.995998 0.995281 0.00342069 0.00234911 0.00378866 0.00511384 0.00297655 0.00570155 0.00281552 0.9963 0.00307966 0.995441 0.995257 0.00434482 0.00259371 0.995877 0.996069 0.99734 0.994711 0.996088 0.00309079 0.0041208 0.0030426 0.00281165 0.0020558 0.0038504 0.00367529 0.00321543 0.00337828 0.0029256 0.99481 0.00295823 0.00245017 0.00317384 0.996528 0.00270261 0.00234068 0.994394 0.00234943 0.00333359 0.0022732 0.00307955 0.00265701 0.00432356 0.003971
0.996821 0.99555 0.996897 0.996239 0.9945 0.996283 0.995845 0.996138 0.00437665 0.995553 0.99652 0.994978 0.00335662 0.0061187 0.00461964 0.00412291 0.995767 0.995917 0.9965 0.996092 0.996651 0.99553 0.997171 0.996263 0.996181 0.997018 0.995681 0.00309074 0.995924 0.995616 0.00468963 0.00468653 0.996247 0.00334486 0.997251 0.995178 0.996088 0.995084 0.9968 0.996238 0.99533 0.00537699 0.995431 0.00574897 0.996571 0.997296 0.00349816 0.994806 0.996257 0.00287183 0.00342443 0.00266089 0.0029166 0.00276639 0.00347856 0.996016 0.995314 0.0034119 0.00235082 0.00377413 0.00507791 0.0029704 0.005656 0.00281745 0.996304 0.00307528 0.995468 0.995284 0.00432058 0.00259398 0.995893 0.996074 0.997336 0.994746 0.996101 0.00308626 0.00410137 0.00303867 0.00281359 0.00206133 0.00384001 0.00366449 0.00321113 0.00337187 0.00292186 0.99485 0.00295266 0.00245204 0.00317185 0.996539 0.00270408 0.00234357 0.994433 0.00235115 0.00332694 0.00227701 0.00307575 0.0026566 0.00430387 0.00395242
0.996824 0.995564 0.9969 0.996244 0.994532 0.996287 0.995856 0.996141 0.00435493 0.995568 0.996523 0.994999 0.0033441 0.0060573 0.00459205 0.00409899 0.995778 0.995922 0.996508 0.996098 0.996655 0.995545 0.997167 0.996267 0.996192 0.997016 0.995689 0.00308509 0.995929 0.995633 0.00465435 0.00465144 0.996253 0.00333586 0.997248 0.995201 0.996093 0.99511 0.996805 0.996245 0.995346 0.00533626 0.995452 0.00569958 0.996569 0.997297 0.00348765 0.994831 0.996263 0.00286842 0.00341624 0.00266226 0.00291277 0.00276451 0.00347232 0.996031 0.995344 0.00340399 0.00235251 0.00376045 0.0050422 0.00296484 0.00561018 0.00281901 0.996308 0.00307206 0.995493 0.99531 0.00429632 0.00259428 0.995908 0.996079 0.997332 0.99478 0.996114 0.00308209 0.00408288 0.00303537 0.00281543 0.00206674 0.0038293 0.00365441 0.00320717 0.00336507 0.00291811 0.994888 0.00294755 0.00245379 0.00316916 0.996548 0.00270568 0.00234597 0.994471 0.00235332 0.00332028 0.00228071 0.0030717 0.00265679 0.00428454 0.00393423
0.996827 0.995578 0.996903 0.996249 0.994563 0.99629 0.995865 0.996145 0.00433341 0.995583 0.996526 0.99502 0.00333158 0.00599794 0.00456455 0.00407569 0.995788 0.995927 0.996516 0.996102 0.99666 0.99556 0.997164 0.996272 0.996202 0.997014 0.995697 0.00307927 0.995934 0.995649 0.00461942 0.00461647 0.996259 0.0033272 0.997246 0.995224 0.996098 0.995136 0.996811 0.996249 0.995363 0.00529652 0.995472 0.00564959 0.996567 0.997296 0.00347705 0.994858 0.996269 0.00286525 0.0034082 0.0026636 0.0029087 0.00276198 0.00346661 0.996048 0.995375 0.00339627 0.00235425 0.00374672 0.00500785 0.00295928 0.00556588 0.00282074 0.996312 0.00306879 0.995518 0.995336 0.00427313 0.00259448 0.995923 0.996085 0.997328 0.994813 0.996127 0.00307807 0.00406388 0.00303155 0.00281768 0.00207205 0.0038186 0.00364446 0.00320316 0.00335895 0.0029141 0.994926 0.00294317 0.0024554 0.00316644 0.996558 0.0027071 0.00234857 0.994508 0.00235467 0.00331302 0.00228454 0.00306782 0.00265637 0.00426497 0.00391608
0.99683 0.995592 0.996906 0.996253 0.994595 0.996293 0.995875 0.996148 0.00431215 0.995598 0.996528 0.995041 0.00331888 0.00594044 0.00453814 0.0040526 0.995798 0.995932 0.996523 0.996106 0.996664 0.995574 0.997161 0.996277 0.996213 0.997012 0.995705 0.00307373 0.995938 0.995665 0.00458467 0.00458238 0.996266 0.00331822 0.997243 0.995248 0.996103 0.995162 0.996816 0.996254 0.995378 0.00525788 0.995492 0.00560138 0.996565 0.997295 0.00346677 0.994884 0.996275 0.0028617 0.00339987 0.0026654 0.00290491 0.00276008 0.00346119 0.996064 0.995405 0.00338852 0.00235576 0.00373314 0.00497293 0.00295332 0.00552279 0.00282284 0.996317 0.0030648 0.995544 0.995362 0.00424985 0.00259458 0.995939 0.996091 0.997324 0.994847 0.996141 0.00307448 0.00404512 0.00302783 0.00281931 0.00207694 0.00380858 0.00363479 0.00319926 0.00335293 0.0029103 0.994963 0.00293838 0.00245736 0.00316414 0.996567 0.00270878 0.00235115 0.994545 0.00235691 0.00330635 0.00228791 0.00306381 0.00265582 0.00424631 0.00389825
0.996833 0.995606 0.996909 0.996258 0.994627 0.996297 0.995884 0.996151 0.00429099 0.995612 0.996531 0.995062 0.00330722 0.00588325 0.00451143 0.00403042 0.995809 0.995936 0.996531 0.996111 0.996669 0.995588 0.997158 0.996281 0.996223 0.99701 0.995713 0.0030682 0.995943 0.99568 0.00455008 0.00454799 0.996272 0.00330986 0.99724 0.995271 0.996108 0.995186 0.996821 0.99626 0.995393 0.00521881 0.995513 0.0055537 0.996563 0.997295 0.00345654 0.99491 0.996281 0.00285865 0.00339169 0.00266755 0.0029013 0.00275815 0.00345549 0.99608 0.995434 0.00338014 0.00235744 0.00371925 0.00494002 0.00294767 0.00548049 0.00282463 0.996321 0.00306119 0.995568 0.995387 0.00422675 0.00259511 0.995953 0.996096 0.99732 0.994878 0.996153 0.00307043 0.00402674 0.0030248 0.00282123 0.00208225 0.00379854 0.00362498 0.00319555 0.00334666 0.00290656 0.995001 0.00293382 0.00245905 0.00316142 0.996577 0.00270975 0.00235371 0.994581 0.00235863 0.0032996 0.00229152 0.00306043 0.00265538 0.00422765 0.00388009
0.996835 0.995619 0.996911 0.996263 0.994657 0.9963 0.995893 0.996154 0.00427091 0.995627 0.996534 0.995083 0.00329541 0.00582792 0.00448582 0.00400832 0.995818 0.995941 0.996538 0.996116 0.996673 0.995602 0.997155 0.996286 0.996233 0.997007 0.995721 0.00306262 0.995947 0.995695 0.00451725 0.00451494 0.996278 0.00330139 0.997237 0.995294 0.996113 0.995211 0.996825 0.996264 0.995408 0.00518038 0.995533 0.00550754 0.996561 0.997294 0.00344633 0.994935 0.996287 0.00285523 0.00338343 0.00266934 0.00289732 0.00275612 0.0034503 0.996096 0.995463 0.00337249 0.00235914 0.00370565 0.0049071 0.00294188 0.00543895 0.00282609 0.996325 0.00305695 0.995593 0.995411 0.00420444 0.0025953 0.995968 0.996102 0.997316 0.994911 0.996166 0.0030662 0.00400887 0.00302145 0.00282309 0.00208781 0.0037887 0.00361532 0.00319208 0.00334037 0.00290263 0.995036 0.00292904 0.00246057 0.00315924 0.996586 0.00271091 0.00235647 0.994618 0.00236021 0.00329279 0.00229515 0.00305757 0.00265544 0.00420934 0.00386221
0.996838 0.995632 0.996914 0.996268 0.994687 0.996303 0.995902 0.996157 0.00425101 0.995642 0.996536 0.995103 0.00328377 0.00577326 0.00445975 0.00398691 0.995828 0.995946 0.996545 0.99612 0.996677 0.995616 0.997152 0.99629 0.996243 0.997005 0.995728 0.00305728 0.995952 0.995709 0.00448546 0.00448241 0.996283 0.00329318 0.997235 0.995316 0.996118 0.995236 0.99683 0.99627 0.995423 0.00514221 0.995553 0.005462 0.99656 0.997294 0.00343628 0.994959 0.996293 0.00285151 0.00337564 0.00267096 0.00289412 0.00275382 0.00344426 0.996112 0.995491 0.00336516 0.00236061 0.0036925 0.00487443 0.00293628 0.00539677 0.00282786 0.99633 0.00305346 0.995617 0.995435 0.00418281 0.00259572 0.995983 0.996107 0.997312 0.994942 0.996178 0.00306224 0.00399069 0.00301835 0.00282453 0.00209325 0.00377935 0.00360598 0.00318815 0.00333472 0.00289863 0.995072 0.00292442 0.00246261 0.00315693 0.996595 0.00271193 0.00235923 0.994653 0.00236193 0.00328646 0.0022986 0.00305339 0.00265495 0.00419132 0.00384476
0.996841 0.995645 0.996917 0.996273 0.994717 0.996307 0.995911 0.99616 0.00423095 0.995656 0.996539 0.995121 0.00327256 0.00572029 0.00443542 0.00396523 0.995837 0.99595 0.996554 0.996125 0.996681 0.995628 0.997149 0.996293 0.996253 0.997003 0.995736 0.00305169 0.995957 0.995724 0.00445342 0.00445069 0.996289 0.00328553 0.997232 0.995337 0.996122 0.99526 0.996835 0.996275 0.995438 0.00510523 0.995572 0.00541667 0.996558 0.997294 0.00342614 0.994984 0.996298 0.00284813 0.00336806 0.00267265 0.00289095 0.00275187 0.00343908 0.996127 0.995519 0.00335769 0.00236214 0.00367948 0.00484302 0.00293038 0.00535686 0.00282948 0.996334 0.00305001 0.99564 0.99546 0.0041607 0.00259619 0.995998 0.996112 0.997308 0.994973 0.996191 0.00305841 0.00397274 0.00301513 0.00282669 0.00209801 0.00376999 0.00359636 0.00318466 0.00332884 0.00289478 0.995106 0.00291967 0.0024641 0.00315448 0.996604 0.00271357 0.00236151 0.994688 0.00236356 0.00327985 0.00230209 0.00304923 0.00265473 0.00417258 0.00382884
0.996844 0.995657 0.99692 0.996278 0.994745 0.996311 0.995921 0.996164 0.00421129 0.995671 0.996542 0.995141 0.00326002 0.00566762 0.00440961 0.00394491 0.995847 0.995955 0.99656 0.996129 0.996684 0.995641 0.997147 0.996297 0.996263 0.997001 0.995743 0.00304671 0.995962 0.995739 0.00442224 0.00442016 0.996295 0.00327763 0.99723 0.995359 0.996127 0.995284 0.99684 0.996279 0.995453 0.00506942 0.99559 0.00537148 0.996555 0.997294 0.00341701 0.995008 0.996304 0.00284455 0.0033609 0.00267421 0.00288744 0.00274999 0.00343328 0.996142 0.995547 0.00335031 0.00236368 0.00366621 0.00481187 0.0029259 0.00531707 0.00283097 0.996338 0.00304644 0.995664 0.995484 0.0041388 0.00259645 0.996011 0.996117 0.997304 0.995004 0.996203 0.00305466 0.00395488 0.0030116 0.00282851 0.00210293 0.0037601 0.00358718 0.00318085 0.00332249 0.00289146 0.995141 0.00291484 0.00246586 0.00315249 0.996613 0.00271535 0.00236407 0.994721 0.00236538 0.00327344 0.00230559 0.003046 0.00265412 0.00415472 0.00381221
0.996847 0.995669 0.996923 0.996282 0.994774 0.996314 0.995929 0.996167 0.00419133 0.995684 0.996545 0.99516 0.00324817 0.00561596 0.00438532 0.00392345 0.995857 0.995959 0.996567 0.996134 0.996688 0.995654 0.997144 0.996302 0.996272 0.996999 0.99575 0.00304154 0.995966 0.995753 0.00439207 0.00438847 0.996301 0.00326944 0.997228 0.995381 0.996132 0.995308 0.996845 0.996284 0.995468 0.00503402 0.995609 0.00532878 0.996552 0.997294 0.00340749 0.995031 0.996309 0.00284157 0.00335327 0.00267602 0.00288426 0.00274786 0.00342704 0.996157 0.995574 0.00334312 0.00236534 0.00365384 0.00478129 0.0029206 0.00527824 0.002832 0.996342 0.00304282 0.995687 0.995508 0.00411726 0.00259695 0.996024 0.996123 0.9973 0.995034 0.996215 0.00305061 0.00393854 0.00300817 0.00283047 0.002108 0.00375057 0.00357751 0.00317688 0.003317 0.00288793 0.995175 0.00290992 0.00246763 0.00314975 0.996622 0.00271656 0.00236678 0.994755 0.00236689 0.00326724 0.0023088 0.00304261 0.00265395 0.00413746 0.00379595
0.99685 0.995682 0.996925 0.996287 0.994803 0.996317 0.995938 0.99617 0.00417188 0.995697 0.996548 0.995178 0.00323665 0.00556583 0.00436124 0.0039025 0.995866 0.995964 0.996574 0.996138 0.996692 0.995667 0.99714 0.996307 0.996283 0.996997 0.995758 0.00303621 0.99597 0.995767 0.00436115 0.00435758 0.996307 0.00326195 0.997224 0.995402 0.996136 0.995331 0.996849 0.996288 0.995482 0.00499904 0.995627 0.00528633 0.996549 0.997293 0.00339844 0.995055 0.996314 0.00283786 0.00334583 0.00267788 0.00288096 0.00274585 0.00342159 0.996171 0.995601 0.00333587 0.00236674 0.00364143 0.00474991 0.00291598 0.00524014 0.00283415 0.996346 0.0030391 0.99571 0.99553 0.00409651 0.00259709 0.996038 0.996128 0.997297 0.995064 0.996227 0.00304684 0.00392186 0.00300508 0.00283203 0.00211341 0.00374098 0.00356803 0.00317286 0.003311 0.00288382 0.995207 0.00290573 0.0024693 0.00314715 0.996631 0.0027183 0.00236877 0.994787 0.00236795 0.00326068 0.00231214 0.00303928 0.00265347 0.00412056 0.00377987
0.996852 0.995694 0.996927 0.996292 0.994831 0.996319 0.995947 0.996173 0.00415361 0.99571 0.99655 0.995197 0.00322555 0.00551514 0.00433768 0.00388177 0.995875 0.995969 0.996581 0.996142 0.996697 0.99568 0.997137 0.996311 0.996292 0.996995 0.995766 0.00303134 0.995975 0.995782 0.00433082 0.00432728 0.996313 0.00325383 0.997222 0.995422 0.996141 0.995354 0.996854 0.996292 0.995496 0.00496476 0.995645 0.00524407 0.996548 0.997293 0.00338946 0.995077 0.996319 0.00283467 0.00333895 0.00267931 0.00287826 0.0027444 0.00341642 0.996186 0.995626 0.00332905 0.00236828 0.00362901 0.00471987 0.00291084 0.00520187 0.00283622 0.99635 0.00303566 0.995732 0.995554 0.00407663 0.00259808 0.996052 0.996133 0.997293 0.995093 0.996237 0.0030432 0.00390523 0.00300131 0.00283418 0.00211866 0.00373136 0.00355851 0.0031696 0.00330524 0.00288035 0.995241 0.00290128 0.00247112 0.00314511 0.99664 0.00271952 0.00237147 0.99482 0.00236978 0.00325501 0.00231551 0.00303537 0.00265309 0.00410374 0.00376409
0.996854 0.995705 0.99693 0.996297 0.994858 0.996322 0.995956 0.996175 0.00413516 0.995724 0.996552 0.995214 0.00321485 0.00546564 0.00431359 0.00386163 0.995884 0.995973 0.996588 0.996147 0.9967 0.995693 0.997134 0.996315 0.996301 0.996993 0.995773 0.00302633 0.99598 0.995796 0.00430113 0.00429768 0.996319 0.00324576 0.997219 0.995443 0.996146 0.995377 0.996859 0.996296 0.99551 0.00493088 0.995662 0.00520307 0.996546 0.997293 0.00338038 0.9951 0.996325 0.00283134 0.00333157 0.00268141 0.00287552 0.0027426 0.00341073 0.9962 0.995652 0.00332137 0.00237004 0.00361659 0.00469052 0.00290601 0.0051639 0.00283794 0.996353 0.00303229 0.995754 0.995576 0.00405627 0.00259868 0.996065 0.996139 0.997289 0.995122 0.996248 0.00303983 0.00388967 0.00299843 0.0028356 0.00212374 0.00372248 0.00354955 0.00316523 0.00329949 0.00287717 0.995273 0.00289678 0.00247254 0.00314292 0.996649 0.0027209 0.0023741 0.994852 0.00237104 0.00324922 0.00231858 0.00303184 0.002653 0.00408627 0.00374822
0.996857 0.995718 0.996932 0.996301 0.994886 0.996326 0.995964 0.996178 0.00411664 0.995737 0.996554 0.995232 0.00320454 0.00541748 0.00429066 0.00384179 0.995893 0.995977 0.996595 0.99615 0.996703 0.995706 0.997132 0.99632 0.99631 0.996991 0.99578 0.00302148 0.995985 0.99581 0.00427271 0.00426808 0.996324 0.00323792 0.997217 0.995463 0.996149 0.995399 0.996864 0.9963 0.995523 0.0048975 0.99568 0.00516235 0.996543 0.997292 0.00337144 0.995122 0.996329 0.002828 0.00332482 0.00268319 0.00287195 0.00274053 0.00340586 0.996214 0.995677 0.00331414 0.00237094 0.00360411 0.00466108 0.00290105 0.00512697 0.00283907 0.996357 0.00302883 0.995776 0.995597 0.00403662 0.00259887 0.996079 0.996143 0.997286 0.99515 0.996259 0.00303632 0.0038733 0.00299504 0.00283718 0.00212879 0.00371304 0.00354081 0.00316164 0.00329393 0.00287389 0.995305 0.00289211 0.00247417 0.00314056 0.996658 0.00272224 0.00237649 0.994883 0.00237269 0.00324287 0.00232197 0.00302802 0.00265286 0.00406972 0.00373252
0.99686 0.995729 0.996934 0.996305 0.994913 0.996329 0.995972 0.996181 0.00409832 0.99575 0.996557 0.995249 0.00319386 0.00537001 0.00426741 0.00382298 0.995902 0.995982 0.996602 0.996154 0.996707 0.995717 0.997128 0.996324 0.996319 0.996989 0.995788 0.00301682 0.995989 0.995824 0.00424492 0.00423964 0.99633 0.00322989 0.997214 0.995482 0.996153 0.995421 0.996868 0.996305 0.995537 0.0048644 0.995698 0.00512257 0.996541 0.997292 0.00336237 0.995144 0.996334 0.00282516 0.00331767 0.00268453 0.00286849 0.00273884 0.0034001 0.996228 0.995702 0.00330676 0.00237215 0.00359283 0.00463147 0.00289631 0.00509076 0.00284069 0.99636 0.00302522 0.995797 0.995619 0.00401707 0.0025993 0.996092 0.996148 0.997282 0.995178 0.99627 0.00303278 0.00385727 0.00299139 0.00283879 0.00213395 0.00370407 0.00353209 0.00315816 0.00328857 0.00287061 0.995336 0.00288772 0.00247663 0.00313847 0.996666 0.0027233 0.00237896 0.994915 0.0023744 0.00323748 0.00232542 0.00302439 0.00265235 0.00405336 0.00371716
0.996862 0.99574 0.996936 0.996309 0.994939 0.996332 0.995981 0.996183 0.00408081 0.995763 0.99656 0.995267 0.0031825 0.00532432 0.00424498 0.00380369 0.99591 0.995986 0.996608 0.996158 0.99671 0.995729 0.997125 0.996328 0.996328 0.996987 0.995794 0.003012 0.995993 0.995839 0.00421659 0.00421158 0.996336 0.00322226 0.997212 0.995502 0.996157 0.995442 0.996872 0.99631 0.995549 0.00483129 0.995714 0.00508321 0.996539 0.997291 0.00335343 0.995166 0.996339 0.00282205 0.00331052 0.00268655 0.00286568 0.00273684 0.00339494 0.996242 0.995727 0.00329972 0.00237333 0.00358116 0.00460338 0.00289114 0.00505521 0.00284279 0.996364 0.00302205 0.995817 0.995641 0.00399735 0.00259994 0.996105 0.996153 0.997278 0.995205 0.996282 0.00302925 0.00384189 0.00298813 0.0028399 0.00213899 0.00369496 0.00352327 0.00315547 0.00328315 0.00286754 0.995367 0.00288403 0.00247818 0.00313602 0.996675 0.00272446 0.00238102 0.994945 0.00237573 0.00323147 0.00232876 0.00302138 0.00265215 0.00403707 0.00370157
0.996865 0.995752 0.996938 0.996313 0.994964 0.996334 0.995989 0.996186 0.00406254 0.995776 0.996561 0.995283 0.00317168 0.0052776 0.0042221 0.00378477 0.995918 0.99599 0.996615 0.996162 0.996715 0.995741 0.997123 0.996331 0.996336 0.996985 0.995802 0.00300732 0.995998 0.995852 0.00418944 0.00418378 0.996342 0.00321471 0.99721 0.995522 0.99616 0.995463 0.996877 0.996314 0.995562 0.00479964 0.995731 0.00504438 0.996537 0.997291 0.00334452 0.995187 0.996344 0.00281932 0.00330365 0.00268792 0.00286321 0.0027354 0.00339022 0.996256 0.99575 0.00329285 0.00237463 0.00356957 0.0045751 0.00288635 0.00501999 0.00284479 0.996368 0.003019 0.995839 0.995662 0.00397774 0.00260017 0.996118 0.996158 0.997274 0.995232 0.996292 0.00302608 0.00382719 0.00298467 0.00284185 0.00214348 0.0036858 0.00351522 0.00315256 0.00327711 0.00286405 0.995398 0.00287959 0.00247964 0.00313412 0.996683 0.0027255 0.00238338 0.994974 0.00237718 0.00322509 0.00233224 0.00301799 0.00265227 0.00402102 0.00368678
0.996868 0.995763 0.996941 0.996318 0.99499 0.996337 0.995998 0.996188 0.00404501 0.995788 0.996564 0.995301 0.00316183 0.00523317 0.00420022 0.00376681 0.995927 0.995994 0.996621 0.996166 0.996718 0.995753 0.99712 0.996335 0.996345 0.996983 0.995808 0.0030029 0.996002 0.995865 0.00416228 0.00415731 0.996346 0.00320784 0.997208 0.99554 0.996165 0.995485 0.996882 0.996318 0.995577 0.00476872 0.995748 0.00500737 0.996534 0.997291 0.00333585 0.995208 0.996349 0.002816 0.00329698 0.00268905 0.00285986 0.00273378 0.00338479 0.996269 0.995774 0.00328617 0.00237634 0.00355816 0.00454828 0.00288187 0.00498537 0.00284628 0.996372 0.00301575 0.995859 0.995683 0.00395877 0.00260064 0.99613 0.996163 0.99727 0.995259 0.996303 0.00302286 0.00381246 0.0029812 0.00284336 0.00214843 0.00367734 0.00350695 0.00314868 0.00327156 0.00286109 0.995428 0.00287533 0.00248106 0.00313166 0.99669 0.00272692 0.00238524 0.995004 0.00237836 0.00321937 0.00233579 0.00301514 0.0026519 0.00400553 0.00367241
0.99687 0.995775 0.996943 0.996322 0.995014 0.99634 0.996006 0.996192 0.00402737 0.995801 0.996566 0.995318 0.00315166 0.00518948 0.00417844 0.00374881 0.995936 0.995998 0.996628 0.99617 0.996721 0.995766 0.997117 0.99634 0.996354 0.996982 0.995816 0.0029984 0.996005 0.995877 0.00413593 0.00413117 0.996352 0.00320022 0.997205 0.995558 0.996168 0.995506 0.996885 0.996322 0.99559 0.0047371 0.995764 0.00497054 0.996533 0.997291 0.00332709 0.995229 0.996354 0.00281253 0.00329005 0.002691 0.00285631 0.00273223 0.00338027 0.996282 0.995799 0.00327977 0.00237745 0.00354649 0.00452213 0.00287727 0.00495134 0.00284745 0.996376 0.0030123 0.995879 0.995703 0.00394081 0.00260082 0.996143 0.996168 0.997267 0.995285 0.996314 0.00301949 0.00379691 0.00297866 0.00284467 0.00215316 0.00366883 0.00349848 0.00314487 0.00326581 0.0028579 0.995457 0.00287116 0.0024824 0.00312904 0.996698 0.00272845 0.0023873 0.995034 0.00238009 0.00321376 0.00233892 0.00301158 0.00265158 0.00399097 0.00365796
0.996873 0.995786 0.996945 0.996326 0.995039 0.996343 0.996014 0.996194 0.00401073 0.995813 0.996568 0.995335 0.00314134 0.00514632 0.00415685 0.00373059 0.995944 0.996002 0.996635 0.996173 0.996724 0.995777 0.997114 0.996344 0.996363 0.996981 0.995824 0.00299385 0.99601 0.995889 0.00410917 0.00410497 0.996356 0.00319287 0.997203 0.995577 0.996172 0.995526 0.996889 0.996327 0.995602 0.00470703 0.99578 0.00493379 0.996531 0.997291 0.00331911 0.99525 0.996359 0.00280949 0.00328359 0.00269258 0.00285297 0.00273069 0.00337573 0.996295 0.995821 0.00327301 0.00237854 0.00353528 0.00449542 0.00287276 0.00491837 0.00284883 0.99638 0.00300897 0.995899 0.995723 0.00392301 0.00260141 0.996155 0.996173 0.997263 0.99531 0.996324 0.00301586 0.00378242 0.00297573 0.00284617 0.00215839 0.0036606 0.00349057 0.00314128 0.00326017 0.00285461 0.995486 0.00286716 0.00248411 0.00312696 0.996706 0.00272947 0.0023899 0.995062 0.00238154 0.00320789 0.0023419 0.00300862 0.00265106 0.00397556 0.0036438
0.996875 0.995797 0.996948 0.99633 0.995063 0.996346 0.996021 0.996196 0.00399402 0.995825 0.99657 0.995352 0.00313207 0.00510337 0.00413631 0.00371275 0.995952 0.996006 0.996641 0.996177 0.996728 0.995789 0.997112 0.996347 0.996371 0.996979 0.99583 0.00298965 0.996015 0.995902 0.00408301 0.00407983 0.996362 0.00318618 0.997201 0.995595 0.996176 0.995546 0.996893 0.996331 0.995615 0.00467692 0.995796 0.0048982 0.996529 0.99729 0.00331046 0.99527 0.996364 0.00280688 0.00327696 0.00269406 0.00285053 0.00272861 0.00337133 0.996308 0.995844 0.00326646 0.00237962 0.00352406 0.00446927 0.00286843 0.0048859 0.00285033 0.996383 0.00300605 0.995919 0.995744 0.00390474 0.00260164 0.996168 0.996177 0.99726 0.995336 0.996335 0.0030122 0.00376802 0.00297255 0.00284798 0.00216311 0.00365208 0.00348239 0.0031382 0.00325495 0.00285174 0.995514 0.00286374 0.00248546 0.00312444 0.996714 0.00273112 0.00239191 0.995091 0.00238283 0.00320256 0.00234522 0.00300567 0.00265068 0.00396028 0.0036295
0.996877 0.995808 0.99695 0.996335 0.995088 0.996348 0.996029 0.996199 0.00397808 0.995836 0.996573 0.995369 0.0031216 0.00506244 0.00411622 0.00369503 0.99596 0.99601 0.996648 0.996181 0.996731 0.995801 0.997109 0.996351 0.99638 0.996977 0.995837 0.00298503 0.996018 0.995915 0.00405731 0.00405396 0.996366 0.00317934 0.997199 0.995614 0.99618 0.995565 0.996898 0.996334 0.995627 0.00464754 0.995812 0.00486254 0.996528 0.99729 0.00330199 0.995289 0.996368 0.00280392 0.00327031 0.00269557 0.00284748 0.00272686 0.00336661 0.996321 0.995867 0.00326059 0.00238057 0.00351345 0.00444305 0.00286392 0.00485369 0.00285212 0.996386 0.00300279 0.995938 0.995763 0.00388699 0.00260219 0.99618 0.996182 0.997256 0.99536 0.996345 0.00300869 0.00375377 0.00296952 0.00284946 0.00216788 0.00364404 0.0034741 0.00313513 0.00324945 0.00284856 0.995541 0.00285969 0.00248649 0.00312284 0.996721 0.00273226 0.00239401 0.995118 0.00238481 0.00319738 0.00234806 0.00300267 0.00265043 0.00394558 0.00361542
0.99688 0.995818 0.996951 0.996339 0.995112 0.996351 0.996036 0.996201 0.00396212 0.995848 0.996575 0.995385 0.00311225 0.00502165 0.00409621 0.00367868 0.995968 0.996014 0.996654 0.996184 0.996735 0.995812 0.997106 0.996354 0.996388 0.996975 0.995843 0.00298062 0.996022 0.995928 0.00403193 0.00402964 0.996372 0.00317214 0.997197 0.995632 0.996184 0.995585 0.996902 0.996339 0.99564 0.00461751 0.995828 0.00482743 0.996526 0.997289 0.00329383 0.995309 0.996372 0.00280108 0.003264 0.00269708 0.00284443 0.00272508 0.00336198 0.996333 0.995889 0.00325481 0.0023826 0.00350278 0.00441772 0.0028595 0.00482184 0.00285413 0.99639 0.00299953 0.995957 0.995782 0.00386933 0.00260255 0.996192 0.996186 0.997253 0.995385 0.996355 0.00300547 0.00373899 0.0029664 0.0028509 0.00217229 0.00363576 0.00346614 0.00313144 0.00324461 0.00284599 0.995569 0.00285557 0.00248795 0.00312053 0.996729 0.00273309 0.00239646 0.995146 0.0023861 0.00319233 0.00235088 0.00299958 0.00265005 0.00393052 0.00360186
0.996882 0.995828 0.996953 0.996342 0.995135 0.996354 0.996043 0.996204 0.00394663 0.995859 0.996577 0.995401 0.00310269 0.00498141 0.0040761 0.00366182 0.995976 0.996018 0.99666 0.996188 0.996738 0.995824 0.997103 0.996358 0.996396 0.996973 0.99585 0.00297584 0.996026 0.995939 0.00400716 0.00400488 0.996377 0.0031658 0.997194 0.99565 0.996187 0.995603 0.996906 0.996342 0.995652 0.00458906 0.995844 0.00479286 0.996524 0.997289 0.0032864 0.995328 0.996377 0.00279837 0.00325784 0.00269849 0.00284177 0.00272374 0.00335742 0.996347 0.995911 0.00324917 0.00238393 0.00349167 0.00439365 0.00285495 0.00479097 0.0028552 0.996394 0.00299602 0.995976 0.995801 0.00385219 0.00260284 0.996203 0.99619 0.99725 0.995409 0.996365 0.00300213 0.00372524 0.0029635 0.0028526 0.00217678 0.00362778 0.00345829 0.00312819 0.00323971 0.00284284 0.995596 0.00285129 0.00248922 0.00311769 0.996736 0.00273458 0.00239881 0.995173 0.00238738 0.00318706 0.00235443 0.00299653 0.00264947 0.00391597 0.00358824
0.996885 0.995838 0.996955 0.996345 0.995158 0.996357 0.99605 0.996206 0.00393058 0.995871 0.996579 0.995417 0.00309385 0.00494106 0.00405603 0.00364501 0.995984 0.996022 0.996667 0.996192 0.996742 0.995835 0.997101 0.996361 0.996405 0.996971 0.995856 0.00297143 0.996031 0.99595 0.00398355 0.0039802 0.996382 0.00315893 0.997192 0.995667 0.996191 0.995623 0.996911 0.996346 0.995663 0.00456124 0.995858 0.00475898 0.996522 0.997288 0.0032781 0.995348 0.996381 0.00279552 0.0032516 0.00269976 0.00283945 0.0027221 0.00335279 0.99636 0.995933 0.00324306 0.00238565 0.00348061 0.00436956 0.0028501 0.00476037 0.002857 0.996398 0.00299307 0.995994 0.99582 0.00383433 0.0026035 0.996214 0.996195 0.997247 0.995433 0.996375 0.00299914 0.00371107 0.00296088 0.00285403 0.0021811 0.0036201 0.00344993 0.00312507 0.00323441 0.00283974 0.995623 0.00284741 0.00249116 0.00311556 0.996744 0.00273611 0.00240113 0.995199 0.00238869 0.00318196 0.00235752 0.00299388 0.00264911 0.00390159 0.00357442
0.996887 0.995848 0.996957 0.996349 0.99518 0.99636 0.996057 0.996208 0.00391515 0.995881 0.996582 0.995432 0.00308494 0.0049031 0.00403678 0.00362837 0.995991 0.996026 0.996672 0.996195 0.996745 0.995846 0.997098 0.996365 0.996413 0.996969 0.995862 0.00296735 0.996034 0.995962 0.00395899 0.0039565 0.996387 0.00315278 0.99719 0.995684 0.996195 0.995642 0.996915 0.99635 0.995675 0.00453342 0.995874 0.00472631 0.99652 0.997288 0.0032707 0.995366 0.996385 0.0027922 0.00324564 0.00270146 0.00283653 0.0027206 0.00334809 0.996372 0.995954 0.0032367 0.00238704 0.00347026 0.00434501 0.00284583 0.00473081 0.00285843 0.996401 0.00299064 0.996012 0.995838 0.00381696 0.00260341 0.996225 0.996198 0.997243 0.995457 0.996384 0.00299576 0.00369724 0.0029582 0.00285527 0.00218494 0.00361205 0.0034419 0.00312168 0.00322875 0.00283694 0.995648 0.00284356 0.00249271 0.00311375 0.996752 0.00273759 0.00240348 0.995226 0.00239016 0.0031765 0.00236051 0.00299102 0.00264889 0.00388756 0.00356115
0.99689 0.995858 0.996959 0.996353 0.995203 0.996362 0.996064 0.996211 0.00389988 0.995893 0.996584 0.995447 0.00307566 0.00486477 0.00401736 0.00361207 0.995998 0.996029 0.996678 0.9962 0.996748 0.995857 0.997095 0.996368 0.996421 0.996967 0.995868 0.0029631 0.996038 0.995973 0.00393576 0.00393325 0.996392 0.00314586 0.997188 0.995701 0.996198 0.99566 0.996919 0.996354 0.995687 0.00450607 0.995889 0.00469436 0.996519 0.997288 0.00326353 0.995384 0.99639 0.00278955 0.00323941 0.00270325 0.00283331 0.00271919 0.00334362 0.996384 0.995975 0.00323058 0.00238871 0.00345995 0.00432112 0.00284175 0.00470131 0.00285981 0.996404 0.00298793 0.99603 0.995857 0.00380011 0.00260388 0.996237 0.996203 0.99724 0.995481 0.996393 0.00299312 0.00368382 0.00295543 0.00285654 0.0021897 0.00360486 0.00343431 0.00311845 0.00322358 0.0028339 0.995674 0.00283995 0.00249401 0.00311161 0.996759 0.00273829 0.00240601 0.995252 0.00239171 0.00317083 0.00236292 0.0029884 0.00264903 0.00387335 0.0035483
0.996892 0.995868 0.996961 0.996357 0.995225 0.996364 0.996072 0.996213 0.00388437 0.995904 0.996586 0.995463 0.00306652 0.00482808 0.00399771 0.00359619 0.996006 0.996033 0.996684 0.996204 0.996752 0.995867 0.997093 0.996372 0.996428 0.996965 0.995874 0.00295889 0.996042 0.995986 0.00391207 0.00390989 0.996397 0.00313946 0.997186 0.995718 0.996202 0.995678 0.996923 0.996359 0.995698 0.00447885 0.995904 0.00466189 0.996517 0.997288 0.00325536 0.995403 0.996394 0.0027866 0.00323311 0.0027044 0.00283028 0.00271726 0.00333884 0.996396 0.995996 0.00322482 0.0023897 0.00344991 0.00429789 0.00283757 0.00467293 0.00286126 0.996408 0.00298512 0.996047 0.995875 0.00378366 0.00260417 0.996248 0.996207 0.997237 0.995504 0.996403 0.00299011 0.00366994 0.00295229 0.00285816 0.00219414 0.00359681 0.00342641 0.00311562 0.0032189 0.00283095 0.9957 0.00283571 0.00249513 0.00310937 0.996766 0.00273937 0.00240786 0.995277 0.00239289 0.00316538 0.00236575 0.00298547 0.00264863 0.00385997 0.00353501
0.996895 0.995878 0.996963 0.996362 0.995246 0.996367 0.996079 0.996216 0.00386923 0.995915 0.996588 0.995478 0.00305763 0.00479232 0.00397867 0.00358031 0.996013 0.996037 0.99669 0.996207 0.996755 0.995878 0.99709 0.996375 0.996435 0.996963 0.995879 0.00295481 0.996046 0.995997 0.003889 0.00388778 0.996402 0.00313271 0.997183 0.995734 0.996206 0.995696 0.996926 0.996362 0.995709 0.00445239 0.995919 0.00463058 0.996516 0.997288 0.00324754 0.99542 0.996398 0.00278378 0.00322749 0.00270503 0.00282711 0.00271563 0.00333455 0.996408 0.996016 0.00321884 0.00239123 0.0034392 0.00427463 0.00283322 0.00464415 0.00286242 0.996412 0.0029818 0.996064 0.995893 0.00376749 0.00260499 0.996259 0.996211 0.997233 0.995525 0.996413 0.00298768 0.0036572 0.00294869 0.00285946 0.00219873 0.00358956 0.00341843 0.00311221 0.00321404 0.00282809 0.995725 0.00283188 0.00249669 0.0031073 0.996773 0.00274068 0.0024102 0.995302 0.00239425 0.00316036 0.00236887 0.00298244 0.00264833 0.00384626 0.00352204
0.996898 0.995887 0.996965 0.996366 0.995268 0.996369 0.996086 0.996219 0.00385384 0.995926 0.99659 0.995493 0.00304915 0.00475585 0.00396048 0.00356492 0.99602 0.996041 0.996697 0.996212 0.996758 0.995888 0.997088 0.996378 0.996443 0.996961 0.995885 0.00295042 0.996049 0.996008 0.00386755 0.00386515 0.996407 0.00312642 0.997181 0.99575 0.99621 0.995713 0.99693 0.996366 0.995721 0.00442641 0.995933 0.00459919 0.996514 0.997287 0.00324016 0.995437 0.996403 0.00278144 0.00322155 0.00270608 0.00282425 0.00271388 0.00332999 0.996419 0.996036 0.00321319 0.00239229 0.00342897 0.00425249 0.00282936 0.0046153 0.00286333 0.996415 0.00297897 0.996081 0.99591 0.0037514 0.00260556 0.99627 0.996215 0.99723 0.995547 0.996422 0.00298528 0.00364392 0.00294604 0.00286066 0.00220321 0.00358182 0.00341024 0.00310887 0.00320916 0.00282497 0.995749 0.00282805 0.00249812 0.00310516 0.99678 0.00274217 0.00241209 0.995328 0.00239565 0.00315515 0.0023718 0.0029798 0.0026483 0.00383236 0.00350936
0.9969 0.995896 0.996967 0.996369 0.995288 0.996371 0.996093 0.996221 0.00383965 0.995936 0.996593 0.995508 0.00304047 0.00472045 0.00394192 0.0035491 0.996026 0.996044 0.996702 0.996216 0.99676 0.995899 0.997086 0.996382 0.996451 0.99696 0.995891 0.00294672 0.996053 0.996019 0.00384519 0.00384353 0.996411 0.00312034 0.997179 0.995765 0.996213 0.995731 0.996934 0.99637 0.995731 0.00440042 0.995948 0.0045684 0.996514 0.997287 0.00323298 0.995456 0.996407 0.00277867 0.00321595 0.00270726 0.00282183 0.00271199 0.00332607 0.99643 0.996056 0.00320732 0.00239314 0.00341919 0.00423051 0.002825 0.00458745 0.00286456 0.996418 0.00297622 0.996097 0.995928 0.00373548 0.00260585 0.99628 0.996219 0.997227 0.995568 0.996431 0.00298257 0.00363112 0.00294315 0.00286228 0.00220769 0.00357473 0.00340282 0.00310653 0.00320437 0.00282235 0.995774 0.00282453 0.0024997 0.00310361 0.996787 0.0027424 0.00241407 0.995352 0.00239719 0.00315008 0.00237507 0.00297717 0.00264786 0.0038188 0.00349745
0.996902 0.995906 0.996969 0.996372 0.995308 0.996374 0.9961 0.996223 0.00382446 0.995947 0.996595 0.995523 0.00303211 0.00468527 0.00392399 0.00353377 0.996033 0.996048 0.996707 0.996219 0.996763 0.995909 0.997083 0.996385 0.996459 0.996958 0.995896 0.00294316 0.996057 0.996031 0.0038234 0.00382212 0.996415 0.0031142 0.997177 0.995781 0.996218 0.995748 0.996938 0.996374 0.995743 0.00437429 0.995962 0.00453841 0.996512 0.997287 0.0032257 0.995473 0.996412 0.00277597 0.00321 0.00270858 0.00281907 0.0027101 0.00332085 0.996441 0.996075 0.00320176 0.00239469 0.0034093 0.00420833 0.00282113 0.00455956 0.00286587 0.996422 0.00297312 0.996113 0.995944 0.00372052 0.00260634 0.99629 0.996223 0.997224 0.99559 0.99644 0.00297912 0.00361798 0.00294107 0.00286364 0.00221204 0.00356778 0.00339525 0.0031034 0.00319961 0.00282005 0.995797 0.00282116 0.00250112 0.00310172 0.996794 0.00274369 0.00241585 0.995376 0.0023988 0.00314483 0.00237765 0.00297424 0.00264748 0.00380539 0.00348558
0.996904 0.995914 0.99697 0.996375 0.995328 0.996377 0.996106 0.996226 0.00381027 0.995958 0.996598 0.995537 0.00302384 0.00464999 0.00390636 0.00351881 0.99604 0.996052 0.996713 0.996222 0.996766 0.995918 0.997081 0.996388 0.996466 0.996957 0.995903 0.00293893 0.99606 0.996042 0.00380138 0.00379984 0.996419 0.00310807 0.997175 0.995797 0.996221 0.995765 0.996941 0.996378 0.995754 0.0043495 0.995975 0.00450891 0.99651 0.997286 0.00321797 0.995489 0.996416 0.00277339 0.00320457 0.00270983 0.00281648 0.00270817 0.00331598 0.996453 0.996095 0.00319652 0.00239637 0.0034005 0.00418664 0.00281716 0.00453214 0.00286795 0.996425 0.00297013 0.99613 0.995961 0.00370559 0.00260708 0.9963 0.996227 0.997221 0.995612 0.996449 0.00297609 0.00360503 0.00293876 0.00286506 0.00221611 0.00356002 0.00338802 0.00310104 0.00319485 0.00281799 0.99582 0.00281765 0.0025025 0.00309994 0.996801 0.00274466 0.00241808 0.995399 0.00239971 0.00313994 0.00238051 0.00297136 0.00264692 0.00379201 0.00347409
0.996907 0.995924 0.996973 0.996378 0.995348 0.996379 0.996113 0.996228 0.00379631 0.995968 0.996599 0.995551 0.00301565 0.00461576 0.00388972 0.003504 0.996048 0.996056 0.996719 0.996226 0.996769 0.995928 0.997078 0.996391 0.996473 0.996955 0.995909 0.00293493 0.996064 0.996053 0.00378017 0.00377821 0.996423 0.00310204 0.997172 0.995812 0.996224 0.995782 0.996944 0.996381 0.995765 0.00432554 0.995988 0.00448001 0.996508 0.997286 0.00320986 0.995506 0.99642 0.00277091 0.00319904 0.002711 0.00281384 0.00270651 0.00331188 0.996464 0.996113 0.00319094 0.00239779 0.00339087 0.00416425 0.00281316 0.00450527 0.00286939 0.996428 0.00296787 0.996146 0.995978 0.00369021 0.00260742 0.996311 0.996232 0.997219 0.995633 0.996458 0.00297314 0.00359253 0.0029367 0.00286631 0.00222037 0.00355265 0.00338106 0.00309773 0.00319073 0.00281499 0.995843 0.00281397 0.00250397 0.00309789 0.996807 0.00274607 0.0024201 0.995422 0.00240108 0.00313489 0.00238326 0.00296778 0.00264755 0.00377894 0.00346143
0.996909 0.995932 0.996975 0.996382 0.995368 0.996382 0.99612 0.996231 0.0037822 0.995978 0.996601 0.995566 0.00300703 0.00458188 0.0038727 0.00348947 0.996055 0.996059 0.996724 0.99623 0.996772 0.995938 0.997076 0.996395 0.996481 0.996953 0.995914 0.00293123 0.996068 0.996064 0.00375861 0.00375724 0.996427 0.00309582 0.99717 0.995827 0.996228 0.995799 0.996948 0.996386 0.995775 0.00430219 0.996001 0.0044519 0.996507 0.997285 0.00320283 0.995522 0.996425 0.00276861 0.00319355 0.00271219 0.0028108 0.00270477 0.00330759 0.996474 0.996131 0.00318518 0.00239943 0.00338166 0.00414298 0.0028092 0.00447958 0.00287088 0.996432 0.00296482 0.996162 0.995995 0.00367518 0.00260792 0.996321 0.996236 0.997215 0.995653 0.996467 0.00297043 0.00358117 0.00293424 0.00286829 0.00222448 0.00354589 0.00337424 0.00309558 0.00318576 0.00281231 0.995865 0.00281038 0.00250525 0.00309571 0.996814 0.00274714 0.00242199 0.995445 0.00240286 0.00313058 0.00238583 0.00296455 0.00264758 0.00376602 0.00344959
0.996911 0.995941 0.996976 0.996385 0.995387 0.996384 0.996127 0.996233 0.0037683 0.995987 0.996604 0.995579 0.00299919 0.00454981 0.00385558 0.00347501 0.996061 0.996063 0.996729 0.996232 0.996775 0.995948 0.997073 0.996399 0.996488 0.996951 0.99592 0.00292743 0.99607 0.996074 0.003738 0.00373669 0.996431 0.00308969 0.997168 0.995842 0.996231 0.995815 0.996952 0.996389 0.995786 0.00427845 0.996014 0.00442406 0.996505 0.997285 0.00319591 0.995538 0.996429 0.00276568 0.00318784 0.00271321 0.00280824 0.00270378 0.00330334 0.996485 0.99615 0.00318012 0.00240037 0.00337204 0.004122 0.00280561 0.00445375 0.00287222 0.996434 0.00296241 0.996178 0.996011 0.00366096 0.00260879 0.996331 0.99624 0.997213 0.995673 0.996475 0.00296737 0.0035693 0.00293229 0.0028694 0.00222893 0.00353877 0.00336719 0.00309289 0.00318171 0.00280954 0.995888 0.00280687 0.00250677 0.00309393 0.99682 0.00274841 0.00242368 0.995468 0.00240383 0.00312603 0.0023886 0.00296231 0.00264709 0.00375383 0.00343804
0.996913 0.99595 0.996978 0.996388 0.995406 0.996386 0.996133 0.996235 0.00375529 0.995997 0.996606 0.995593 0.00299172 0.00451692 0.00383964 0.00346083 0.996068 0.996066 0.996734 0.996235 0.996778 0.995958 0.997071 0.996402 0.996495 0.99695 0.995925 0.0029239 0.996074 0.996084 0.00371791 0.00371625 0.996436 0.00308356 0.997166 0.995857 0.996234 0.995831 0.996955 0.996392 0.995797 0.00425473 0.996027 0.00439578 0.996503 0.997285 0.0031893 0.995554 0.996433 0.00276365 0.0031826 0.00271422 0.00280561 0.00270216 0.00329921 0.996495 0.996168 0.00317474 0.00240204 0.00336348 0.00410049 0.00280166 0.0044282 0.00287362 0.996438 0.00295981 0.996193 0.996027 0.00364592 0.0026091 0.99634 0.996244 0.99721 0.995692 0.996484 0.00296431 0.00355766 0.0029296 0.00287097 0.00223322 0.00353124 0.0033604 0.00309024 0.0031773 0.00280629 0.99591 0.00280303 0.00250779 0.00309213 0.996826 0.00275002 0.00242564 0.99549 0.0024049 0.00312149 0.00239163 0.00295932 0.00264697 0.00374187 0.00342599
0.996915 0.995959 0.996981 0.996391 0.995425 0.996389 0.99614 0.996237 0.00374254 0.996008 0.996608 0.995604 0.00298391 0.00448581 0.00382325 0.00344676 0.996075 0.996068 0.996739 0.996238 0.996781 0.995968 0.997069 0.996405 0.996502 0.996948 0.995931 0.0029199 0.996076 0.996094 0.00369766 0.00369671 0.99644 0.0030775 0.997165 0.995872 0.996237 0.995848 0.996959 0.996396 0.995807 0.00423187 0.996039 0.00436857 0.996501 0.997285 0.00318175 0.99557 0.996437 0.00276112 0.00317688 0.00271508 0.00280285 0.00270067 0.00329525 0.996505 0.996186 0.00316951 0.00240348 0.00335463 0.00408009 0.0027978 0.00440293 0.00287491 0.996441 0.00295776 0.996208 0.996043 0.00363156 0.0026095 0.99635 0.996247 0.997207 0.995713 0.996493 0.00296158 0.00354547 0.00292735 0.00287192 0.00223694 0.00352444 0.00335331 0.00308763 0.00317289 0.00280356 0.995932 0.00279935 0.00250867 0.00309038 0.996833 0.00275124 0.00242772 0.995512 0.00240625 0.00311717 0.00239409 0.00295659 0.00264675 0.00372984 0.0034153
0.996917 0.995967 0.996983 0.996394 0.995444 0.996391 0.996147 0.99624 0.00372986 0.996018 0.996609 0.995617 0.00297566 0.00445436 0.00380707 0.00343365 0.996082 0.996072 0.996744 0.996241 0.996784 0.995977 0.997066 0.996408 0.99651 0.996946 0.995936 0.0029167 0.99608 0.996102 0.00367817 0.00367639 0.996444 0.0030721 0.997163 0.995887 0.99624 0.995864 0.996963 0.9964 0.995817 0.00420913 0.996052 0.00434196 0.9965 0.997285 0.00317499 0.995585 0.996441 0.00275881 0.00317111 0.00271655 0.00280009 0.00269937 0.00329144 0.996516 0.996204 0.00316401 0.00240455 0.00334603 0.00405966 0.00279376 0.00437929 0.00287642 0.996444 0.00295518 0.996224 0.996059 0.00361722 0.00260954 0.99636 0.996251 0.997204 0.995734 0.996502 0.00295865 0.00353392 0.00292515 0.00287312 0.00224092 0.00351727 0.00334633 0.00308499 0.0031682 0.00280077 0.995953 0.00279584 0.0025099 0.00308837 0.996839 0.0027522 0.00242955 0.995533 0.00240717 0.00311282 0.00239695 0.0029539 0.00264642 0.00371796 0.00340466
0.996919 0.995976 0.996984 0.996398 0.995463 0.996393 0.996154 0.996242 0.00371625 0.996027 0.996612 0.995629 0.00296817 0.00442323 0.00379107 0.00342006 0.996089 0.996075 0.99675 0.996244 0.996788 0.995987 0.997063 0.996411 0.996517 0.996944 0.995941 0.00291291 0.996083 0.996112 0.00365888 0.00365752 0.996449 0.00306625 0.997161 0.995902 0.996243 0.995879 0.996967 0.996403 0.995827 0.00418618 0.996064 0.0043152 0.996498 0.997285 0.0031683 0.9956 0.996445 0.00275628 0.00316524 0.00271753 0.0027977 0.00269729 0.00328743 0.996526 0.996222 0.0031592 0.00240557 0.00333772 0.00404016 0.0027901 0.0043556 0.00287747 0.996447 0.00295231 0.996239 0.996074 0.00360278 0.00260937 0.996369 0.996255 0.997201 0.995753 0.99651 0.00295626 0.00352273 0.00292297 0.00287431 0.00224507 0.00351064 0.00333971 0.00308222 0.00316375 0.00279804 0.995974 0.00279233 0.00251166 0.00308646 0.996846 0.00275343 0.00243132 0.995554 0.00240822 0.00310837 0.00239997 0.0029516 0.00264645 0.00370593 0.00339356
0.996922 0.995984 0.996986 0.996401 0.99548 0.996395 0.99616 0.996245 0.00370377 0.996037 0.996614 0.995641 0.00296006 0.00439394 0.00377493 0.00340633 0.996096 0.996078 0.996754 0.996247 0.996791 0.995995 0.997062 0.996414 0.996524 0.996942 0.995946 0.00290937 0.996086 0.996122 0.00364077 0.00363917 0.996453 0.00306042 0.997158 0.995916 0.996246 0.995895 0.99697 0.996406 0.995837 0.00416477 0.996076 0.00428947 0.996497 0.997284 0.00316126 0.995616 0.996449 0.00275366 0.00315994 0.00271861 0.00279521 0.00269581 0.00328326 0.996536 0.996239 0.00315405 0.00240664 0.00332874 0.00402095 0.00278621 0.00433161 0.00287855 0.99645 0.0029498 0.996253 0.996089 0.00358986 0.00260942 0.996379 0.996258 0.997199 0.995773 0.996519 0.00295378 0.00351155 0.0029208 0.00287564 0.00224917 0.00350405 0.00333331 0.00307936 0.00315968 0.00279557 0.995996 0.00278955 0.00251343 0.00308498 0.996852 0.00275468 0.00243333 0.995574 0.0024092 0.003104 0.00240253 0.00294918 0.00264613 0.00369392 0.00338247
0.996924 0.995993 0.996988 0.996405 0.995499 0.996397 0.996166 0.996246 0.00369118 0.996047 0.996616 0.995655 0.00295278 0.00436447 0.00375945 0.00339288 0.996102 0.996081 0.996759 0.996251 0.996793 0.996005 0.99706 0.996417 0.996531 0.99694 0.995951 0.00290584 0.996089 0.996131 0.00362228 0.00362096 0.996458 0.00305483 0.997157 0.995929 0.996249 0.99591 0.996973 0.996409 0.995846 0.00414298 0.996089 0.00426376 0.996496 0.997283 0.00315459 0.995631 0.996453 0.0027517 0.00315477 0.00271925 0.00279233 0.00269479 0.00327962 0.996546 0.996256 0.00314902 0.00240801 0.00331988 0.00400228 0.0027827 0.00430745 0.00288037 0.996452 0.00294758 0.996268 0.996104 0.00357631 0.00260981 0.996388 0.996261 0.997196 0.995791 0.996527 0.00295049 0.00350068 0.00291805 0.00287669 0.00225304 0.00349746 0.00332603 0.00307708 0.00315517 0.00279295 0.996016 0.00278642 0.00251437 0.00308306 0.996858 0.00275564 0.0024349 0.995594 0.00241019 0.00309942 0.00240496 0.0029476 0.00264603 0.00368232 0.00337153
0.996925 0.996001 0.99699 0.996408 0.995517 0.996399 0.996172 0.996248 0.00367853 0.996056 0.996618 0.995667 0.00294527 0.00433574 0.00374424 0.00338034 0.996108 0.996085 0.996764 0.996254 0.996796 0.996014 0.997057 0.996421 0.996537 0.996939 0.995955 0.00290227 0.996093 0.996141 0.00360326 0.00360267 0.996462 0.00304943 0.997155 0.995942 0.996253 0.995925 0.996977 0.996413 0.995857 0.00412163 0.996101 0.00423818 0.996494 0.997284 0.0031481 0.995646 0.996457 0.00274926 0.00314911 0.00271985 0.00278961 0.00269335 0.0032761 0.996556 0.996273 0.00314415 0.00240897 0.003312 0.00398378 0.00277898 0.00428495 0.00288139 0.996455 0.0029453 0.996282 0.996118 0.00356286 0.00261026 0.996398 0.996265 0.997193 0.995809 0.996534 0.00294743 0.00348992 0.00291593 0.00287779 0.00225679 0.00349086 0.0033198 0.00307384 0.00315118 0.00279043 0.996036 0.00278297 0.00251586 0.00308195 0.996864 0.00275701 0.00243693 0.995614 0.00241173 0.00309502 0.00240778 0.00294551 0.0026459 0.00367084 0.00336041
0.996927 0.99601 0.996992 0.996412 0.995535 0.996402 0.996178 0.99625 0.00366661 0.996065 0.996619 0.995679 0.00293832 0.00430681 0.00372928 0.00336742 0.996115 0.996087 0.996769 0.996258 0.996799 0.996022 0.997055 0.996423 0.996544 0.996938 0.995961 0.00289876 0.996096 0.996151 0.00358405 0.00358434 0.996466 0.00304383 0.997153 0.995956 0.996255 0.995939 0.99698 0.996416 0.995867 0.00410064 0.996113 0.00421328 0.996493 0.997283 0.00314205 0.99566 0.996461 0.00274687 0.00314435 0.00272065 0.00278728 0.0026921 0.0032719 0.996565 0.996289 0.00313924 0.00241045 0.0033046 0.00396514 0.00277507 0.00426195 0.00288261 0.996458 0.00294296 0.996296 0.996132 0.00354894 0.00261059 0.996407 0.996269 0.997191 0.995828 0.996542 0.00294524 0.00347937 0.00291355 0.00287945 0.00226068 0.00348457 0.00331311 0.00307133 0.00314734 0.00278771 0.996056 0.00277991 0.00251705 0.00308054 0.99687 0.00275773 0.00243851 0.995635 0.00241314 0.00309074 0.00241033 0.00294271 0.00264538 0.00366035 0.00334962
0.99693 0.996019 0.996994 0.996414 0.995552 0.996404 0.996184 0.996252 0.00365482 0.996074 0.996621 0.995691 0.00293023 0.00427867 0.00371481 0.00335474 0.996121 0.996091 0.996773 0.996262 0.996802 0.996031 0.997054 0.996426 0.996551 0.996937 0.995966 0.00289526 0.996098 0.99616 0.00356592 0.00356614 0.996471 0.00303787 0.997151 0.995969 0.996259 0.995954 0.996983 0.996419 0.995876 0.00408035 0.996125 0.0041889 0.996491 0.997283 0.00313561 0.995674 0.996466 0.00274463 0.00313899 0.00272156 0.00278504 0.00269095 0.00326795 0.996575 0.996304 0.00313404 0.00241156 0.00329713 0.00394725 0.00277186 0.00423963 0.00288383 0.996461 0.00294072 0.99631 0.996146 0.00353639 0.00261049 0.996416 0.996272 0.997188 0.995845 0.996549 0.00294264 0.0034684 0.00291128 0.00288038 0.0022646 0.00347836 0.00330674 0.00306862 0.0031433 0.00278507 0.996075 0.00277666 0.00251815 0.00307856 0.996875 0.00275889 0.00244037 0.995654 0.00241444 0.00308608 0.00241296 0.00294005 0.00264539 0.00364893 0.00333976
0.996932 0.996027 0.996995 0.996418 0.995569 0.996406 0.99619 0.996253 0.00364293 0.996084 0.996623 0.995704 0.00292296 0.00425057 0.00369927 0.00334213 0.996128 0.996094 0.996777 0.996265 0.996805 0.996039 0.997051 0.996429 0.996557 0.996935 0.995971 0.00289177 0.996102 0.996168 0.00354851 0.00354821 0.996475 0.00303299 0.997149 0.995982 0.996262 0.995968 0.996987 0.996422 0.995885 0.00406018 0.996137 0.0041651 0.996489 0.997283 0.00313006 0.995689 0.996469 0.00274252 0.00313372 0.00272296 0.00278227 0.00268958 0.00326351 0.996585 0.996319 0.00312889 0.00241252 0.00328864 0.00392906 0.00276871 0.00421808 0.00288542 0.996464 0.00293806 0.996323 0.99616 0.00352356 0.00261066 0.996424 0.996275 0.997185 0.995863 0.996557 0.00293998 0.00345815 0.00290905 0.00288184 0.00226839 0.00347246 0.00329997 0.00306602 0.00313951 0.00278275 0.996094 0.00277421 0.00251954 0.00307692 0.996881 0.00275956 0.00244234 0.995673 0.00241556 0.00308186 0.00241524 0.00293757 0.00264529 0.00363767 0.00332934
0.996933 0.996035 0.996997 0.996421 0.995586 0.996409 0.996196 0.996255 0.00363177 0.996094 0.996625 0.995715 0.00291546 0.00422405 0.00368408 0.0033298 0.996134 0.996099 0.996782 0.996269 0.996807 0.996048 0.997049 0.996432 0.996564 0.996934 0.995975 0.00288856 0.996105 0.996177 0.00353198 0.0035303 0.996479 0.00302746 0.997147 0.995995 0.996265 0.995983 0.996991 0.996425 0.995894 0.00404005 0.996148 0.00414158 0.996487 0.997282 0.00312382 0.995704 0.996473 0.00273996 0.00312843 0.00272427 0.00277974 0.00268833 0.0032596 0.996594 0.996335 0.00312419 0.00241391 0.0032809 0.00391107 0.00276551 0.00419566 0.00288667 0.996467 0.00293559 0.996336 0.996175 0.0035102 0.00261098 0.996433 0.996278 0.997182 0.99588 0.996565 0.00293737 0.0034482 0.00290661 0.00288272 0.00227199 0.00346684 0.00329346 0.00306305 0.00313587 0.00278051 0.996114 0.00277164 0.00252025 0.00307532 0.996887 0.00276056 0.00244384 0.995693 0.00241723 0.00307681 0.00241829 0.00293508 0.00264531 0.00362724 0.00331898
0.996935 0.996044 0.996998 0.996424 0.995602 0.996411 0.996201 0.996257 0.00362056 0.996103 0.996627 0.995726 0.00290847 0.00419704 0.00367045 0.00331755 0.99614 0.996102 0.996786 0.996272 0.99681 0.996055 0.997046 0.996434 0.99657 0.996932 0.99598 0.00288471 0.996107 0.996186 0.00351473 0.0035139 0.996483 0.00302262 0.997145 0.996008 0.996268 0.995997 0.996993 0.996428 0.995903 0.00401994 0.996159 0.0041184 0.996486 0.997282 0.00311729 0.995718 0.996477 0.00273763 0.00312376 0.00272536 0.00277735 0.00268701 0.003256 0.996604 0.996351 0.00311923 0.00241522 0.00327276 0.00389352 0.00276212 0.00417456 0.00288756 0.99647 0.00293343 0.99635 0.996189 0.00349708 0.00261086 0.996442 0.996282 0.99718 0.995897 0.996573 0.00293538 0.00343834 0.00290418 0.00288347 0.00227589 0.00346066 0.00328758 0.00306007 0.003132 0.00277817 0.996132 0.00276853 0.00252131 0.00307348 0.996892 0.00276092 0.0024455 0.995712 0.0024185 0.00307229 0.00242079 0.00293303 0.0026455 0.00361658 0.00330833
0.996937 0.996052 0.997 0.996427 0.995619 0.996414 0.996207 0.996259 0.00360949 0.996111 0.996628 0.995738 0.0029023 0.0041712 0.00365604 0.00330507 0.996146 0.996105 0.99679 0.996275 0.996813 0.996064 0.997044 0.996437 0.996575 0.99693 0.995985 0.00288069 0.99611 0.996195 0.00349815 0.00349724 0.996487 0.00301755 0.997144 0.996021 0.996271 0.996011 0.996996 0.996431 0.995912 0.00400043 0.996171 0.00409638 0.996484 0.997282 0.00311149 0.995732 0.996482 0.00273537 0.00311926 0.00272618 0.00277515 0.00268541 0.00325264 0.996613 0.996366 0.00311455 0.00241618 0.00326459 0.00387689 0.00275882 0.00415372 0.0028887 0.996472 0.00293115 0.996363 0.996203 0.00348481 0.0026113 0.99645 0.996286 0.997177 0.995914 0.99658 0.00293311 0.00342817 0.00290163 0.00288441 0.0022796 0.00345524 0.0032816 0.00305764 0.00312825 0.00277608 0.99615 0.00276572 0.00252298 0.00307172 0.996898 0.00276201 0.00244754 0.995731 0.00241961 0.00306865 0.00242321 0.00293107 0.00264511 0.00360641 0.0032981
0.996938 0.996059 0.997001 0.996431 0.995636 0.996416 0.996213 0.996261 0.00359822 0.99612 0.99663 0.99575 0.00289523 0.00414508 0.00364229 0.00329309 0.996152 0.996108 0.996794 0.996278 0.996815 0.996072 0.997042 0.99644 0.996581 0.996929 0.995991 0.00287711 0.996113 0.996204 0.00348189 0.00347963 0.996491 0.00301262 0.997142 0.996034 0.996274 0.996025 0.997 0.996434 0.99592 0.00398074 0.996182 0.00407366 0.996483 0.997282 0.00310567 0.995745 0.996485 0.0027332 0.00311464 0.00272764 0.00277317 0.00268436 0.00324916 0.996622 0.99638 0.0031097 0.00241722 0.00325685 0.00385995 0.0027554 0.00413235 0.00288992 0.996475 0.00292853 0.996375 0.996216 0.00347263 0.00261145 0.996458 0.996289 0.997174 0.99593 0.996588 0.00293044 0.00341786 0.0028995 0.00288546 0.00228353 0.00344947 0.00327591 0.00305552 0.00312414 0.0027731 0.996169 0.00276326 0.00252418 0.00307045 0.996903 0.00276238 0.0024491 0.995749 0.00242075 0.00306469 0.00242511 0.00292897 0.00264489 0.00359584 0.00328822
0.99694 0.996067 0.997002 0.996433 0.995651 0.996419 0.996217 0.996263 0.00358731 0.996129 0.996632 0.995761 0.00288836 0.00411954 0.00362867 0.00328114 0.996157 0.996112 0.996798 0.99628 0.996817 0.99608 0.99704 0.996443 0.996588 0.996928 0.995995 0.00287372 0.996117 0.996212 0.00346576 0.00346331 0.996495 0.00300753 0.99714 0.996047 0.996278 0.996038 0.997002 0.996437 0.995929 0.00396198 0.996192 0.00405125 0.996482 0.997281 0.0030995 0.995758 0.996489 0.00273082 0.00311031 0.00272866 0.00277131 0.00268282 0.00324542 0.996631 0.996396 0.00310483 0.00241855 0.00324908 0.00384343 0.00275229 0.00411188 0.00289125 0.996477 0.00292593 0.996388 0.996229 0.0034596 0.00261142 0.996467 0.996293 0.997172 0.995948 0.996595 0.00292791 0.00340769 0.00289689 0.00288657 0.00228755 0.00344372 0.00326996 0.00305355 0.00312004 0.00277096 0.996187 0.00276069 0.00252566 0.00306931 0.996909 0.00276339 0.0024505 0.995767 0.0024218 0.00306094 0.00242721 0.00292677 0.00264459 0.00358592 0.0032785
0.996941 0.996075 0.997004 0.996436 0.995667 0.996421 0.996222 0.996264 0.0035761 0.996138 0.996633 0.995772 0.00288186 0.00409455 0.00361484 0.00326986 0.996163 0.996115 0.996803 0.996282 0.996819 0.996088 0.997038 0.996446 0.996593 0.996926 0.996 0.00287082 0.99612 0.996221 0.00344939 0.00344734 0.996498 0.00300277 0.997138 0.99606 0.996281 0.996051 0.997006 0.99644 0.995938 0.00394326 0.996203 0.00402887 0.99648 0.997281 0.0030935 0.995771 0.996492 0.00272851 0.00310536 0.0027298 0.0027688 0.00268134 0.00324186 0.996639 0.996409 0.00310058 0.00241929 0.00324136 0.00382724 0.00274947 0.00409146 0.00289271 0.99648 0.00292353 0.996401 0.996242 0.0034475 0.00261207 0.996475 0.996296 0.997169 0.995964 0.996601 0.00292568 0.00339799 0.00289472 0.00288764 0.00229139 0.00343838 0.00326434 0.00305129 0.00311586 0.00276931 0.996205 0.00275756 0.00252669 0.00306792 0.996914 0.00276455 0.00245211 0.995786 0.00242292 0.00305711 0.00242951 0.00292473 0.00264427 0.00357544 0.00326948
0.996942 0.996083 0.997006 0.996439 0.995683 0.996422 0.996228 0.996267 0.00356476 0.996146 0.996634 0.995783 0.00287505 0.00406996 0.00360149 0.0032581 0.996168 0.996118 0.996807 0.996286 0.996822 0.996096 0.997036 0.996448 0.996599 0.996924 0.996005 0.00286761 0.996123 0.996229 0.00343352 0.00343149 0.996501 0.00299809 0.997137 0.996072 0.996284 0.996064 0.997009 0.996443 0.995946 0.00392482 0.996214 0.00400744 0.996478 0.997281 0.00308784 0.995785 0.996495 0.00272612 0.00310061 0.00273073 0.00276679 0.00268045 0.00323889 0.996647 0.996424 0.00309558 0.00242069 0.00323364 0.00381129 0.00274624 0.00407222 0.00289378 0.996483 0.00292135 0.996414 0.996255 0.00343583 0.00261238 0.996483 0.9963 0.997166 0.99598 0.996608 0.00292312 0.00338842 0.00289164 0.00288826 0.00229536 0.00343268 0.00325843 0.00304932 0.00311203 0.00276704 0.996222 0.00275472 0.00252771 0.00306643 0.996919 0.0027651 0.00245413 0.995803 0.00242397 0.0030526 0.00243225 0.00292263 0.00264415 0.00356552 0.00326001
0.996944 0.996091 0.997007 0.996441 0.995698 0.996425 0.996234 0.996269 0.00355441 0.996154 0.996636 0.995794 0.00286915 0.00404631 0.00358837 0.00324678 0.996174 0.99612 0.996812 0.996289 0.996824 0.996104 0.997034 0.996451 0.996605 0.996923 0.99601 0.00286451 0.996125 0.996238 0.00341771 0.00341612 0.996504 0.00299368 0.997135 0.996083 0.996286 0.996078 0.997012 0.996446 0.995955 0.00390639 0.996224 0.00398566 0.996477 0.99728 0.00308198 0.995798 0.996499 0.00272419 0.00309595 0.00273192 0.00276456 0.00267911 0.00323549 0.996656 0.996437 0.00309084 0.00242166 0.00322586 0.00379509 0.00274305 0.00405251 0.00289472 0.996485 0.00291905 0.996426 0.996267 0.003425 0.00261264 0.996491 0.996303 0.997164 0.995996 0.996615 0.00292097 0.00337916 0.00288958 0.00288952 0.00229904 0.00342691 0.00325274 0.00304701 0.00310793 0.00276525 0.99624 0.00275177 0.00252827 0.00306509 0.996925 0.00276565 0.00245548 0.995819 0.00242488 0.00304849 0.00243457 0.00292076 0.0026439 0.00355558 0.00325088
0.996946 0.996098 0.997009 0.996444 0.995713 0.996427 0.996239 0.99627 0.00354376 0.996162 0.996638 0.995804 0.0028622 0.00402239 0.00357494 0.00323558 0.99618 0.996124 0.996816 0.996291 0.996826 0.996112 0.997032 0.996453 0.99661 0.996922 0.996014 0.00286168 0.996128 0.996246 0.00340194 0.00340055 0.996508 0.00298887 0.997133 0.996095 0.996288 0.99609 0.997015 0.996449 0.995963 0.00388861 0.996235 0.00396423 0.996475 0.99728 0.00307653 0.995811 0.996501 0.00272279 0.00309168 0.00273277 0.00276236 0.00267827 0.00323226 0.996665 0.996452 0.00308627 0.00242272 0.00321865 0.0037795 0.00273991 0.00403233 0.00289608 0.996488 0.00291691 0.996438 0.996279 0.00341413 0.00261228 0.996498 0.996307 0.99716 0.996012 0.996622 0.00291864 0.00337008 0.00288752 0.0028902 0.00230244 0.0034214 0.00324724 0.00304495 0.00310421 0.00276308 0.996257 0.00274939 0.00252964 0.00306311 0.99693 0.00276689 0.00245672 0.995837 0.00242591 0.00304444 0.00243671 0.0029183 0.00264345 0.00354556 0.00324201
0.996947 0.996106 0.997011 0.996447 0.995729 0.996429 0.996244 0.996272 0.00353266 0.99617 0.996639 0.995814 0.0028555 0.00399913 0.00356175 0.00322516 0.996186 0.996126 0.996821 0.996294 0.996829 0.996119 0.997031 0.996456 0.996615 0.996921 0.996018 0.00285914 0.996131 0.996254 0.00338611 0.00338465 0.996511 0.00298453 0.997132 0.996107 0.996291 0.996103 0.997018 0.996452 0.995971 0.00387118 0.996244 0.00394362 0.996474 0.99728 0.00307037 0.995824 0.996505 0.00272102 0.00308789 0.0027338 0.00276003 0.00267682 0.00322913 0.996674 0.996466 0.00308176 0.00242395 0.00321154 0.00376321 0.00273664 0.0040134 0.00289721 0.996491 0.00291468 0.99645 0.996293 0.00340274 0.00261242 0.996506 0.99631 0.997158 0.996028 0.996629 0.00291601 0.00336071 0.00288523 0.002891 0.00230593 0.00341559 0.00324197 0.00304261 0.00310126 0.0027611 0.996273 0.00274687 0.00253077 0.00306133 0.996935 0.00276796 0.00245787 0.995855 0.00242632 0.0030408 0.00243877 0.0029158 0.0026435 0.00353585 0.00323348
0.996949 0.996112 0.997012 0.99645 0.995744 0.996431 0.996249 0.996274 0.00352281 0.996177 0.996641 0.995825 0.00284901 0.00397539 0.00354829 0.00321384 0.996191 0.996129 0.996825 0.996297 0.996831 0.996126 0.997029 0.996459 0.996622 0.99692 0.996022 0.00285635 0.996134 0.996262 0.00337078 0.00336937 0.996515 0.00297912 0.99713 0.996119 0.996294 0.996115 0.997021 0.996455 0.995979 0.00385422 0.996255 0.00392305 0.996472 0.99728 0.00306487 0.995837 0.996509 0.00271903 0.00308338 0.00273493 0.00275801 0.00267522 0.00322552 0.996682 0.996478 0.00307686 0.00242492 0.00320434 0.00374823 0.00273341 0.00399454 0.00289841 0.996493 0.00291261 0.996462 0.996305 0.00339176 0.00261297 0.996515 0.996313 0.997156 0.996043 0.996636 0.00291403 0.00335203 0.00288301 0.00289209 0.00230952 0.00340976 0.00323612 0.00304128 0.00309783 0.00275913 0.99629 0.00274408 0.00253196 0.00305984 0.99694 0.0027691 0.00245905 0.995871 0.00242744 0.00303731 0.0024409 0.00291333 0.00264309 0.00352686 0.00322484
0.99695 0.99612 0.997013 0.996453 0.995759 0.996433 0.996254 0.996276 0.00351244 0.996185 0.996642 0.995835 0.00284305 0.00395238 0.00353628 0.0032029 0.996196 0.996132 0.996829 0.9963 0.996833 0.996134 0.997027 0.996461 0.996627 0.996918 0.996027 0.00285326 0.996137 0.99627 0.00335582 0.00335405 0.996518 0.0029743 0.997129 0.996129 0.996297 0.996127 0.997024 0.996458 0.995987 0.00383696 0.996265 0.00390244 0.996471 0.997279 0.00305965 0.995849 0.996512 0.0027167 0.00307922 0.00273559 0.00275588 0.00267331 0.003222 0.99669 0.996492 0.00307302 0.00242579 0.00319772 0.00373252 0.00273002 0.00397593 0.00289898 0.996495 0.00291081 0.996473 0.996316 0.00338043 0.00261296 0.996523 0.996316 0.997153 0.996058 0.996643 0.00291172 0.00334294 0.00288114 0.00289264 0.00231299 0.00340442 0.00323079 0.00303918 0.00309434 0.00275709 0.996307 0.00274122 0.00253319 0.00305865 0.996945 0.00277001 0.00246048 0.995887 0.00242838 0.00303303 0.00244317 0.00291144 0.00264263 0.00351771 0.00321568
0.996952 0.996128 0.997015 0.996456 0.995774 0.996434 0.99626 0.996277 0.00350182 0.996193 0.996644 0.995845 0.00283685 0.00392963 0.00352397 0.00319205 0.996202 0.996134 0.996833 0.996302 0.996835 0.996141 0.997025 0.996464 0.996633 0.996917 0.996031 0.00285008 0.996141 0.996278 0.00334075 0.00333929 0.996521 0.00296952 0.997127 0.996141 0.9963 0.99614 0.997027 0.99646 0.995995 0.00382033 0.996274 0.00388331 0.99647 0.997279 0.00305411 0.995861 0.996516 0.00271508 0.00307512 0.00273642 0.00275355 0.00267205 0.00321824 0.996698 0.996505 0.0030691 0.00242673 0.00319114 0.00371773 0.0027265 0.00395783 0.00290016 0.996498 0.00290858 0.996485 0.996327 0.00336998 0.002613 0.996531 0.996319 0.997151 0.996072 0.996649 0.00290958 0.00333396 0.00287874 0.00289388 0.0023166 0.00339862 0.00322586 0.00303713 0.00309097 0.00275518 0.996323 0.0027386 0.0025344 0.00305721 0.996951 0.00277093 0.00246179 0.995905 0.00242939 0.00302963 0.00244551 0.00290902 0.00264194 0.00350797 0.00320662
0.996954 0.996135 0.997016 0.996459 0.995788 0.996437 0.996265 0.996279 0.00349182 0.996201 0.996646 0.995855 0.00283079 0.00390744 0.00351149 0.0031817 0.996207 0.996137 0.996837 0.996305 0.996838 0.996149 0.997024 0.996466 0.996638 0.996916 0.996036 0.00284708 0.996144 0.996286 0.00332699 0.00332522 0.996525 0.00296508 0.997126 0.996153 0.996303 0.996151 0.99703 0.996462 0.996003 0.00380372 0.996284 0.00386468 0.996468 0.99728 0.00304903 0.995873 0.996519 0.00271307 0.00307083 0.00273781 0.00275141 0.00267063 0.00321525 0.996706 0.996517 0.0030655 0.00242767 0.00318385 0.00370258 0.00272359 0.0039398 0.00290143 0.9965 0.00290614 0.996496 0.996339 0.00335953 0.00261339 0.996539 0.996323 0.997149 0.996087 0.996656 0.00290743 0.00332485 0.00287697 0.00289526 0.00232012 0.00339255 0.00322107 0.00303475 0.00308784 0.0027532 0.996339 0.00273603 0.00253565 0.00305565 0.996956 0.00277234 0.00246375 0.995921 0.00243021 0.00302602 0.00244776 0.00290737 0.00264166 0.00349881 0.00319803
0.996955 0.996142 0.997017 0.996461 0.995802 0.996438 0.99627 0.99628 0.00348243 0.996208 0.996647 0.995865 0.00282446 0.00388565 0.00349901 0.00317178 0.996213 0.996141 0.996841 0.996308 0.99684 0.996156 0.997022 0.996469 0.996644 0.996915 0.996041 0.00284447 0.996147 0.996294 0.00331234 0.00331107 0.996528 0.00296064 0.997124 0.996164 0.996306 0.996163 0.997033 0.996465 0.99601 0.00378685 0.996293 0.00384613 0.996466 0.997279 0.00304403 0.995885 0.996522 0.00271141 0.00306702 0.00273834 0.00274992 0.0026693 0.00321181 0.996714 0.996531 0.00306164 0.00242828 0.00317692 0.00368802 0.00272082 0.00392163 0.00290228 0.996502 0.00290397 0.996508 0.996351 0.00334844 0.00261394 0.996546 0.996326 0.997146 0.996102 0.996662 0.00290476 0.00331604 0.00287551 0.00289691 0.00232363 0.0033873 0.00321608 0.0030324 0.00308418 0.00275135 0.996355 0.00273344 0.00253671 0.00305438 0.996961 0.00277348 0.0024651 0.995937 0.00243111 0.00302182 0.00244987 0.0029055 0.00264117 0.00348958 0.00318923
0.996957 0.996149 0.997019 0.996464 0.995816 0.99644 0.996274 0.996281 0.00347298 0.996216 0.996649 0.995876 0.00281879 0.00386404 0.00348694 0.0031617 0.996218 0.996143 0.996845 0.996311 0.996843 0.996163 0.997019 0.996471 0.996649 0.996913 0.996045 0.00284181 0.99615 0.996302 0.00329845 0.00329684 0.996531 0.00295581 0.997122 0.996175 0.996308 0.996175 0.997036 0.996467 0.996018 0.00377035 0.996303 0.00382736 0.996465 0.997279 0.00303958 0.995897 0.996525 0.0027094 0.00306272 0.00273985 0.00274826 0.00266772 0.00320869 0.996721 0.996543 0.00305772 0.00242937 0.00317028 0.00367296 0.00271793 0.00390397 0.00290286 0.996505 0.00290189 0.996519 0.996362 0.00333815 0.00261433 0.996553 0.996329 0.997144 0.996115 0.996668 0.00290303 0.0033073 0.00287344 0.00289797 0.00232691 0.00338231 0.00321128 0.0030299 0.00308088 0.0027489 0.99637 0.00273044 0.00253786 0.00305295 0.996966 0.0027742 0.00246639 0.995953 0.00243194 0.00301808 0.00245174 0.00290379 0.0026417 0.00348031 0.00318067
0.996958 0.996156 0.99702 0.996467 0.99583 0.996442 0.996279 0.996283 0.00346339 0.996223 0.996651 0.995885 0.00281306 0.00384288 0.0034749 0.00315142 0.996223 0.996146 0.99685 0.996314 0.996845 0.99617 0.997018 0.996474 0.996655 0.996912 0.996049 0.00283839 0.996153 0.99631 0.0032852 0.00328235 0.996534 0.00295181 0.99712 0.996185 0.996311 0.996187 0.997039 0.996469 0.996026 0.00375474 0.996312 0.00380879 0.996464 0.997278 0.00303514 0.995909 0.996529 0.00270703 0.00305868 0.0027412 0.00274616 0.00266671 0.00320583 0.996729 0.996556 0.00305345 0.00243084 0.00316341 0.00365853 0.00271493 0.00388693 0.00290389 0.996507 0.00290002 0.99653 0.996374 0.00332845 0.00261479 0.99656 0.996332 0.997141 0.99613 0.996674 0.00290119 0.0032986 0.00287135 0.0028993 0.00233025 0.00337718 0.00320679 0.00302814 0.00307737 0.0027472 0.996384 0.00272796 0.00253891 0.00305145 0.99697 0.00277488 0.00246796 0.995968 0.00243272 0.00301465 0.00245406 0.00290148 0.00264159 0.00347151 0.00317238
0.99696 0.996163 0.997022 0.996469 0.995843 0.996444 0.996283 0.996286 0.00345317 0.99623 0.996653 0.995895 0.00280733 0.00382228 0.00346325 0.00314189 0.996229 0.996149 0.996854 0.996317 0.996847 0.996176 0.997016 0.996477 0.99666 0.996911 0.996054 0.00283561 0.996155 0.996317 0.00327126 0.00326904 0.996537 0.00294751 0.997118 0.996196 0.996313 0.996198 0.997042 0.996472 0.996034 0.0037385 0.996321 0.00379097 0.996463 0.997279 0.00303015 0.99592 0.996532 0.00270506 0.00305425 0.00274244 0.00274402 0.00266527 0.00320233 0.996736 0.996569 0.00304916 0.00243197 0.00315701 0.00364427 0.00271173 0.00386944 0.00290488 0.996509 0.00289831 0.996541 0.996385 0.00331837 0.00261508 0.996568 0.996335 0.997139 0.996143 0.996679 0.00289906 0.00328954 0.00286952 0.00290065 0.00233319 0.00337206 0.00320184 0.00302574 0.00307415 0.00274528 0.9964 0.00272544 0.0025397 0.00305055 0.996974 0.00277586 0.0024695 0.995984 0.00243392 0.00301137 0.00245614 0.00289929 0.00264172 0.00346276 0.00316385
0.996962 0.996169 0.997024 0.996472 0.995855 0.996446 0.996289 0.996287 0.00344372 0.996238 0.996655 0.995904 0.00280141 0.00380191 0.00345179 0.00313251 0.996233 0.996151 0.996858 0.996319 0.99685 0.996184 0.997014 0.99648 0.996665 0.99691 0.996057 0.00283255 0.996158 0.996324 0.00325742 0.00325562 0.996541 0.00294348 0.997116 0.996206 0.996316 0.99621 0.997044 0.996474 0.996041 0.00372287 0.996331 0.00377248 0.996462 0.997279 0.00302535 0.995933 0.996535 0.00270415 0.00305031 0.00274328 0.00274191 0.00266447 0.00320005 0.996744 0.996581 0.00304469 0.00243254 0.00315092 0.00363057 0.00270917 0.00385277 0.00290566 0.996512 0.00289625 0.996552 0.996396 0.00330816 0.00261582 0.996575 0.996338 0.997136 0.996157 0.996685 0.00289709 0.00328126 0.00286756 0.00290186 0.00233649 0.00336707 0.00319666 0.0030238 0.00307094 0.00274302 0.996414 0.00272313 0.00254045 0.0030489 0.996979 0.00277687 0.00247124 0.995999 0.00243488 0.00300814 0.0024583 0.00289685 0.00264145 0.00345406 0.00315556
0.996963 0.996176 0.997025 0.996474 0.995868 0.996447 0.996293 0.996289 0.00343428 0.996245 0.996656 0.995914 0.00279565 0.00378187 0.00344076 0.00312291 0.996238 0.996155 0.996862 0.996322 0.996852 0.99619 0.997012 0.996482 0.99667 0.996909 0.996061 0.00283004 0.996161 0.996332 0.00324431 0.00324224 0.996545 0.0029392 0.997114 0.996216 0.996319 0.996221 0.997047 0.996477 0.996048 0.00370729 0.99634 0.0037549 0.996461 0.997278 0.00302092 0.995944 0.996538 0.0027025 0.00304621 0.00274406 0.00273978 0.00266355 0.0031977 0.996751 0.996593 0.00304116 0.00243361 0.00314481 0.00361706 0.00270654 0.00383547 0.0029065 0.996513 0.00289422 0.996563 0.996406 0.00329844 0.00261555 0.996582 0.996341 0.997134 0.99617 0.996691 0.002895 0.00327312 0.00286571 0.00290288 0.00234012 0.00336265 0.00319166 0.0030221 0.00306757 0.0027413 0.996429 0.00272078 0.00254142 0.0030472 0.996984 0.00277797 0.00247257 0.996014 0.00243541 0.00300504 0.00246012 0.00289432 0.00264155 0.00344503 0.00314735
0.996964 0.996183 0.997026 0.996477 0.995882 0.996449 0.996298 0.99629 0.00342559 0.996253 0.996657 0.995923 0.00279025 0.0037617 0.00342938 0.00311334 0.996242 0.996157 0.996866 0.996324 0.996854 0.996197 0.997011 0.996484 0.996675 0.996908 0.996065 0.00282722 0.996163 0.99634 0.00323115 0.00322982 0.996547 0.00293509 0.997113 0.996227 0.996321 0.996232 0.997049 0.996479 0.996056 0.00369115 0.996349 0.00373743 0.996459 0.997278 0.0030162 0.995955 0.996541 0.00270009 0.00304219 0.00274513 0.00273843 0.00266236 0.00319459 0.996758 0.996605 0.00303744 0.00243451 0.00313865 0.00360343 0.00270413 0.00381768 0.00290779 0.996516 0.00289245 0.996574 0.996416 0.003289 0.00261577 0.996589 0.996343 0.997132 0.996184 0.996698 0.00289267 0.00326475 0.0028638 0.00290427 0.00234351 0.00335732 0.00318672 0.00302026 0.00306452 0.00273985 0.996444 0.00271812 0.00254273 0.00304624 0.996989 0.00277881 0.0024742 0.996028 0.00243673 0.00300198 0.00246202 0.00289246 0.00264152 0.00343636 0.00313928
0.996966 0.996189 0.997028 0.996479 0.995894 0.996451 0.996302 0.996292 0.00341622 0.996261 0.996658 0.995932 0.0027846 0.00374222 0.00341875 0.00310364 0.996247 0.99616 0.99687 0.996326 0.996856 0.996204 0.997009 0.996486 0.99668 0.996906 0.996069 0.00282446 0.996166 0.996347 0.00321822 0.00321691 0.99655 0.00293103 0.997112 0.996237 0.996323 0.996243 0.997052 0.996481 0.996064 0.00367576 0.996358 0.00372002 0.996459 0.997278 0.00301137 0.995966 0.996544 0.00269797 0.00303804 0.00274596 0.00273637 0.00266083 0.00319167 0.996765 0.996616 0.00303299 0.00243565 0.00313168 0.0035897 0.00270129 0.00380214 0.00290886 0.996518 0.00289039 0.996584 0.996427 0.00327956 0.00261581 0.996596 0.996345 0.99713 0.996197 0.996704 0.00289051 0.00325672 0.00286242 0.00290484 0.00234667 0.00335209 0.00318202 0.00301796 0.00306091 0.00273817 0.996458 0.00271542 0.00254389 0.00304533 0.996993 0.00277945 0.00247588 0.996043 0.00243762 0.00299817 0.00246376 0.00289046 0.0026413 0.00342716 0.00313227
0.996968 0.996195 0.99703 0.996482 0.995907 0.996452 0.996307 0.996294 0.00340741 0.996267 0.99666 0.995941 0.00277932 0.0037232 0.00340732 0.00309401 0.996251 0.996164 0.996874 0.996328 0.996859 0.99621 0.997007 0.996487 0.996684 0.996905 0.996073 0.00282164 0.996168 0.996354 0.00320545 0.00320375 0.996553 0.00292632 0.99711 0.996245 0.996326 0.996254 0.997055 0.996484 0.996071 0.00366052 0.996367 0.0037035 0.996458 0.997278 0.00300659 0.995978 0.996547 0.00269595 0.00303481 0.00274655 0.0027346 0.00266023 0.00318845 0.996773 0.996628 0.00302884 0.0024367 0.00312587 0.00357669 0.00269826 0.00378576 0.00290983 0.996521 0.00288808 0.996593 0.996437 0.00326987 0.00261592 0.996602 0.996348 0.997127 0.996209 0.996709 0.0028889 0.00324838 0.00286022 0.00290576 0.00235021 0.00334694 0.00317749 0.0030157 0.00305756 0.00273616 0.996472 0.00271271 0.00254462 0.00304416 0.996998 0.00278042 0.0024775 0.996058 0.00243843 0.00299469 0.00246535 0.00288832 0.00264102 0.00341848 0.00312445
0.99697 0.996201 0.997032 0.996484 0.995919 0.996454 0.996311 0.996295 0.00339816 0.996274 0.996661 0.99595 0.00277406 0.00370311 0.00339708 0.00308477 0.996256 0.996167 0.996878 0.99633 0.996861 0.996217 0.997005 0.99649 0.99669 0.996904 0.996078 0.00281879 0.99617 0.996361 0.00319305 0.00319099 0.996557 0.00292221 0.99711 0.996255 0.996327 0.996265 0.997058 0.996486 0.996078 0.00364632 0.996376 0.00368642 0.996456 0.997278 0.00300195 0.995988 0.99655 0.00269432 0.00303135 0.0027474 0.00273234 0.00265894 0.00318545 0.99678 0.99664 0.00302547 0.00243752 0.00311972 0.0035635 0.00269588 0.00376975 0.0029115 0.996523 0.00288638 0.996604 0.996447 0.00326061 0.00261603 0.996609 0.99635 0.997126 0.996222 0.996715 0.00288691 0.00324055 0.00285842 0.00290608 0.00235303 0.0033429 0.0031723 0.00301423 0.00305379 0.00273448 0.996486 0.00271031 0.00254562 0.00304287 0.997002 0.00278124 0.00247944 0.996073 0.00243955 0.00299139 0.00246718 0.00288632 0.00264096 0.00341044 0.00311633
0.996971 0.996207 0.997033 0.996486 0.995931 0.996455 0.996316 0.996297 0.00338886 0.996281 0.996663 0.995958 0.00276857 0.00368372 0.00338674 0.00307534 0.996261 0.996168 0.996881 0.996333 0.996863 0.996223 0.997003 0.996492 0.996695 0.996903 0.996081 0.00281651 0.996173 0.996367 0.00317975 0.00317861 0.996559 0.00291862 0.997109 0.996265 0.996329 0.996275 0.99706 0.996488 0.996085 0.00363198 0.996384 0.00366962 0.996455 0.997277 0.00299721 0.995999 0.996554 0.00269224 0.00302745 0.00274813 0.0027308 0.00265777 0.00318253 0.996787 0.996651 0.00302207 0.00243838 0.00311304 0.00355086 0.00269302 0.00375405 0.00291229 0.996525 0.00288427 0.996614 0.996457 0.00325108 0.00261634 0.996616 0.996352 0.997124 0.996235 0.996721 0.002885 0.00323242 0.00285713 0.00290735 0.0023564 0.00333881 0.0031672 0.00301231 0.00305082 0.00273277 0.996499 0.00270809 0.00254669 0.00304146 0.997006 0.00278185 0.00248071 0.996086 0.00244053 0.00298873 0.00246935 0.00288423 0.0026409 0.00340202 0.00310873
0.996973 0.996213 0.997034 0.996489 0.995944 0.996457 0.996321 0.996298 0.00338079 0.996287 0.996664 0.995966 0.00276332 0.00366549 0.00337739 0.00306632 0.996266 0.99617 0.996885 0.996335 0.996865 0.99623 0.997001 0.996494 0.996699 0.996902 0.996085 0.00281418 0.996175 0.996374 0.00316818 0.00316616 0.996562 0.00291448 0.997107 0.996274 0.996331 0.996285 0.997063 0.99649 0.996092 0.00361741 0.996393 0.00365379 0.996454 0.997277 0.00299228 0.99601 0.996557 0.00269057 0.00302347 0.00274906 0.00272889 0.00265728 0.00318051 0.996794 0.996663 0.00301835 0.0024394 0.00310723 0.00353797 0.00269029 0.00373887 0.00291294 0.996527 0.00288287 0.996624 0.996468 0.00324187 0.00261632 0.996622 0.996355 0.997121 0.996248 0.996727 0.00288313 0.00322503 0.00285563 0.00290844 0.00235957 0.00333382 0.00316261 0.00301084 0.00304757 0.00273125 0.996513 0.00270596 0.0025474 0.00304049 0.99701 0.00278298 0.00248184 0.9961 0.00244143 0.00298574 0.00247134 0.00288221 0.00264078 0.00339403 0.00310113
0.996974 0.996219 0.997035 0.996492 0.995956 0.996458 0.996325 0.9963 0.00337192 0.996294 0.996665 0.995976 0.00275809 0.00364739 0.00336733 0.00305769 0.99627 0.996173 0.996889 0.996338 0.996867 0.996236 0.996999 0.996496 0.996704 0.996901 0.996089 0.00281089 0.996177 0.99638 0.00315535 0.00315417 0.996566 0.00291073 0.997106 0.996283 0.996333 0.996295 0.997065 0.996492 0.996099 0.00360335 0.996401 0.00363792 0.996453 0.997276 0.00298727 0.99602 0.996559 0.00268895 0.00302001 0.00274973 0.00272687 0.00265669 0.00317811 0.996801 0.996674 0.00301468 0.00244021 0.00310175 0.00352487 0.0026874 0.00372303 0.00291362 0.996529 0.00288086 0.996633 0.996478 0.0032326 0.00261682 0.996629 0.996357 0.997119 0.996261 0.996732 0.0028812 0.00321771 0.00285422 0.00290934 0.00236249 0.00332898 0.00315838 0.00300923 0.00304474 0.0027292 0.996526 0.00270338 0.00254837 0.00303957 0.997015 0.00278386 0.00248326 0.996114 0.00244223 0.00298308 0.0024733 0.0028799 0.00264068 0.00338629 0.0030944
0.996976 0.996226 0.997036 0.996494 0.995968 0.99646 0.99633 0.996301 0.00336358 0.9963 0.996667 0.995984 0.00275267 0.00362931 0.00335758 0.00304886 0.996275 0.996175 0.996892 0.99634 0.99687 0.996242 0.996998 0.996498 0.996709 0.996899 0.996092 0.00280822 0.996179 0.996387 0.00314361 0.00314282 0.996568 0.00290735 0.997104 0.996293 0.996336 0.996306 0.997068 0.996494 0.996105 0.00358934 0.996408 0.00362178 0.996452 0.997276 0.00298227 0.99603 0.996562 0.00268753 0.00301669 0.00275056 0.00272536 0.00265565 0.00317547 0.996807 0.996685 0.00301118 0.00244124 0.00309577 0.00351195 0.00268454 0.00370861 0.00291416 0.996531 0.00287954 0.996643 0.996488 0.0032235 0.00261698 0.996635 0.99636 0.997117 0.996273 0.996738 0.00287972 0.00321049 0.00285199 0.00291009 0.00236525 0.00332472 0.00315395 0.00300687 0.00304211 0.00272723 0.996539 0.00270112 0.00254943 0.00303814 0.99702 0.00278528 0.00248426 0.996127 0.00244303 0.00298032 0.00247553 0.00287823 0.00264073 0.00337887 0.00308712
0.996978 0.996232 0.997037 0.996497 0.99598 0.996462 0.996334 0.996302 0.00335543 0.996307 0.996668 0.995992 0.00274791 0.00361141 0.0033477 0.00303987 0.99628 0.996177 0.996895 0.996342 0.996872 0.996248 0.996996 0.9965 0.996714 0.996899 0.996096 0.00280561 0.996181 0.996393 0.00313166 0.00313097 0.996571 0.0029038 0.997103 0.996302 0.996338 0.996316 0.99707 0.996496 0.996112 0.00357635 0.996416 0.003605 0.996451 0.997276 0.00297725 0.99604 0.996564 0.00268632 0.00301305 0.00275191 0.00272375 0.00265453 0.00317296 0.996815 0.996696 0.00300758 0.00244198 0.00309014 0.00349954 0.00268168 0.00369436 0.00291522 0.996533 0.00287752 0.996652 0.996498 0.00321525 0.00261734 0.996642 0.996363 0.997115 0.996285 0.996742 0.00287733 0.0032037 0.00285023 0.00291059 0.00236837 0.00331984 0.00315001 0.00300482 0.00303886 0.00272556 0.996552 0.00269874 0.00255013 0.00303656 0.997024 0.00278598 0.00248557 0.99614 0.00244424 0.00297732 0.00247722 0.00287638 0.00264048 0.00337108 0.00307961
0.99698 0.996237 0.997039 0.996499 0.995993 0.996463 0.996338 0.996303 0.00334778 0.996313 0.996669 0.996 0.00274296 0.00359461 0.00333787 0.00303127 0.996285 0.996179 0.996899 0.996345 0.996874 0.996254 0.996995 0.996502 0.996718 0.996897 0.996099 0.00280303 0.996183 0.996399 0.0031203 0.00311928 0.996574 0.0029003 0.997101 0.996311 0.99634 0.996326 0.997073 0.996499 0.996118 0.00356235 0.996425 0.00358978 0.99645 0.997276 0.00297331 0.99605 0.996566 0.00268448 0.00300952 0.00275262 0.00272187 0.00265396 0.00317044 0.996821 0.996707 0.00300407 0.00244294 0.00308421 0.00348726 0.00267944 0.00367994 0.00291618 0.996535 0.00287593 0.996662 0.996507 0.00320612 0.00261735 0.996648 0.996365 0.997113 0.996297 0.996747 0.00287546 0.00319628 0.00284837 0.00291214 0.002371 0.00331504 0.00314621 0.00300315 0.00303623 0.00272375 0.996564 0.00269642 0.00255107 0.00303552 0.997028 0.00278701 0.00248703 0.996153 0.00244517 0.00297413 0.00247925 0.00287441 0.00264029 0.00336348 0.0030727
0.996981 0.996243 0.99704 0.996501 0.996005 0.996465 0.996343 0.996305 0.00333934 0.99632 0.996671 0.996009 0.00273796 0.0035775 0.00332789 0.00302282 0.996289 0.996182 0.996902 0.996347 0.996876 0.99626 0.996993 0.996504 0.996723 0.996896 0.996103 0.00280112 0.996186 0.996406 0.0031094 0.00310777 0.996577 0.00289653 0.9971 0.99632 0.996342 0.996336 0.997076 0.996501 0.996126 0.00354872 0.996432 0.00357393 0.996448 0.997276 0.0029694 0.99606 0.996569 0.00268304 0.00300594 0.00275333 0.00272011 0.00265289 0.00316782 0.996827 0.996718 0.00300001 0.00244405 0.00307846 0.00347564 0.00267699 0.00366538 0.00291735 0.996537 0.00287387 0.996672 0.996517 0.00319714 0.00261755 0.996654 0.996368 0.997112 0.996309 0.996753 0.00287381 0.00318919 0.00284708 0.00291327 0.00237427 0.00331077 0.00314238 0.00300076 0.00303344 0.0027218 0.996577 0.00269412 0.00255185 0.00303433 0.997033 0.00278741 0.00248854 0.996166 0.00244618 0.00297099 0.00248108 0.00287262 0.00264066 0.00335623 0.00306584
0.996982 0.996249 0.997041 0.996504 0.996016 0.996466 0.996346 0.996306 0.00333077 0.996326 0.996672 0.996017 0.00273358 0.00356015 0.00331805 0.00301431 0.996293 0.996184 0.996905 0.99635 0.996877 0.996266 0.996992 0.996506 0.996728 0.996895 0.996106 0.00279873 0.996188 0.996412 0.00309792 0.00309588 0.99658 0.00289292 0.997098 0.996329 0.996344 0.996346 0.997078 0.996503 0.996133 0.00353621 0.99644 0.00355888 0.996447 0.997276 0.00296512 0.99607 0.996572 0.00268122 0.00300283 0.0027543 0.00271842 0.00265264 0.00316531 0.996834 0.996728 0.00299661 0.00244497 0.00307283 0.00346426 0.00267453 0.00365087 0.00291833 0.996538 0.00287154 0.996681 0.996525 0.00318875 0.00261776 0.99666 0.99637 0.997109 0.996321 0.996758 0.00287185 0.00318211 0.00284576 0.00291365 0.00237691 0.00330614 0.00313834 0.00299914 0.00303054 0.00271996 0.996589 0.00269201 0.00255317 0.00303301 0.997037 0.00278809 0.00248963 0.996178 0.00244667 0.0029684 0.00248267 0.00287151 0.00264062 0.00334929 0.00305916
0.996984 0.996254 0.997042 0.996506 0.996028 0.996468 0.996351 0.996308 0.00332296 0.996332 0.996674 0.996026 0.00272858 0.00354355 0.00330863 0.00300577 0.996297 0.996187 0.996909 0.996352 0.99688 0.996272 0.99699 0.996508 0.996732 0.996894 0.996109 0.00279629 0.99619 0.996418 0.0030865 0.00308449 0.996582 0.00288932 0.997097 0.996338 0.996347 0.996356 0.99708 0.996505 0.996139 0.00352369 0.996447 0.00354462 0.996445 0.997276 0.0029612 0.996079 0.996575 0.0026796 0.0029987 0.00275529 0.0027167 0.00265177 0.00316263 0.99684 0.996738 0.00299324 0.00244615 0.00306755 0.00345285 0.00267201 0.00363717 0.00291893 0.99654 0.00286981 0.99669 0.996534 0.0031802 0.00261826 0.996665 0.996371 0.997107 0.996333 0.996763 0.00287007 0.00317501 0.00284376 0.00291414 0.00237967 0.00330214 0.00313391 0.00299759 0.00302827 0.0027188 0.996601 0.00268981 0.00255416 0.00303176 0.997041 0.00278923 0.00249049 0.996191 0.00244705 0.00296508 0.00248445 0.00286962 0.00264078 0.0033422 0.00305225
0.996985 0.99626 0.997043 0.996509 0.996038 0.996469 0.996355 0.996309 0.00331499 0.996338 0.996674 0.996034 0.00272329 0.00352639 0.00329933 0.00299754 0.996302 0.996189 0.996912 0.996354 0.996881 0.996278 0.996989 0.996511 0.996737 0.996892 0.996113 0.00279412 0.996192 0.996424 0.00307489 0.00307383 0.996585 0.00288609 0.997095 0.996346 0.996349 0.996366 0.997082 0.996507 0.996145 0.00351091 0.996455 0.00352961 0.996444 0.997275 0.002958 0.996089 0.996577 0.00267797 0.00299538 0.00275551 0.00271534 0.00265121 0.00315984 0.996846 0.996749 0.00298957 0.00244696 0.00306223 0.00344133 0.00266949 0.00362265 0.00291986 0.996542 0.00286834 0.9967 0.996544 0.00317142 0.00261831 0.996671 0.996374 0.997105 0.996344 0.996769 0.0028682 0.00316836 0.0028421 0.00291567 0.00238252 0.003298 0.0031298 0.00299563 0.00302527 0.00271696 0.996613 0.00268775 0.00255514 0.00303049 0.997045 0.00278979 0.00249195 0.996203 0.00244757 0.00296222 0.0024867 0.0028673 0.00264092 0.00333509 0.00304573
0.996987 0.996265 0.997045 0.996511 0.996049 0.996471 0.996359 0.99631 0.00330754 0.996344 0.996675 0.996041 0.00271878 0.00350984 0.00329004 0.00298983 0.996306 0.996192 0.996916 0.996356 0.996883 0.996282 0.996988 0.996513 0.996741 0.996891 0.996116 0.00279174 0.996194 0.99643 0.00306364 0.00306267 0.996588 0.00288254 0.997094 0.996354 0.996351 0.996374 0.997085 0.996509 0.996151 0.00349781 0.996463 0.00351463 0.996443 0.997275 0.002954 0.996098 0.99658 0.0026764 0.00299216 0.00275622 0.00271354 0.00265009 0.00315721 0.996853 0.996758 0.00298626 0.00244763 0.00305733 0.00343072 0.00266677 0.00360898 0.0029212 0.996544 0.00286734 0.996708 0.996553 0.00316258 0.00261872 0.996677 0.996377 0.997103 0.996355 0.996774 0.00286621 0.00316036 0.00284036 0.00291701 0.00238597 0.00329341 0.00312505 0.00299388 0.00302217 0.00271526 0.996624 0.00268572 0.00255598 0.00302908 0.997048 0.00279032 0.00249323 0.996216 0.00244817 0.00295883 0.0024884 0.00286573 0.00264052 0.00332774 0.00303867
0.996989 0.996271 0.997046 0.996513 0.99606 0.996472 0.996364 0.996312 0.00329952 0.99635 0.996676 0.996049 0.00271438 0.00349394 0.00328091 0.00298222 0.99631 0.996193 0.996919 0.996358 0.996885 0.996288 0.996986 0.996514 0.996745 0.99689 0.996119 0.00278924 0.996197 0.996437 0.00305293 0.00305244 0.99659 0.00287869 0.997093 0.996363 0.996353 0.996383 0.997087 0.996511 0.996157 0.00348566 0.99647 0.0034999 0.996442 0.997275 0.00294982 0.996108 0.996583 0.00267489 0.00298903 0.00275716 0.00271165 0.00264912 0.00315425 0.996858 0.996768 0.00298324 0.00244853 0.00305184 0.00341963 0.00266464 0.00359539 0.00292146 0.996545 0.00286558 0.996716 0.996562 0.00315418 0.0026185 0.996683 0.99638 0.997101 0.996366 0.996779 0.00286495 0.00315302 0.00283904 0.00291785 0.00238869 0.0032887 0.00312093 0.00299182 0.00301926 0.00271361 0.996636 0.00268334 0.00255742 0.00302844 0.997052 0.00279096 0.00249481 0.996228 0.00244869 0.00295659 0.00249053 0.00286418 0.0026401 0.00332022 0.00303197
0.99699 0.996276 0.997047 0.996515 0.996071 0.996473 0.996367 0.996313 0.00329223 0.996356 0.996678 0.996056 0.00270943 0.00347798 0.0032719 0.00297414 0.996314 0.996195 0.996922 0.99636 0.996887 0.996293 0.996985 0.996517 0.996749 0.996888 0.996122 0.00278697 0.996199 0.996443 0.00304249 0.00304257 0.996593 0.00287539 0.997091 0.99637 0.996355 0.996392 0.997089 0.996513 0.996163 0.00347373 0.996477 0.00348574 0.996441 0.997275 0.00294575 0.996117 0.996586 0.00267347 0.00298564 0.00275856 0.00270979 0.00264846 0.00315161 0.996865 0.996777 0.00297933 0.00244894 0.00304658 0.00340894 0.00266254 0.00358196 0.00292205 0.996547 0.00286361 0.996725 0.99657 0.00314645 0.00261897 0.996689 0.996382 0.9971 0.996378 0.996784 0.00286325 0.00314651 0.00283745 0.0029188 0.00239151 0.00328477 0.00311729 0.00298955 0.00301732 0.00271219 0.996647 0.00268077 0.00255847 0.0030268 0.997056 0.00279122 0.00249619 0.996239 0.0024495 0.0029536 0.00249223 0.00286237 0.00263979 0.00331294 0.00302514
0.996991 0.996281 0.997049 0.996518 0.996081 0.996475 0.996371 0.996314 0.003285 0.996362 0.996679 0.996064 0.00270526 0.00346175 0.00326329 0.00296616 0.996319 0.996198 0.996925 0.996362 0.996889 0.996299 0.996983 0.996518 0.996753 0.996887 0.996125 0.0027847 0.996201 0.996448 0.00303212 0.00303254 0.996595 0.00287185 0.99709 0.996378 0.996358 0.996401 0.997092 0.996515 0.996169 0.00346146 0.996484 0.00347169 0.99644 0.997275 0.00294185 0.996126 0.996588 0.00267218 0.00298225 0.00275906 0.00270814 0.00264709 0.00314888 0.996871 0.996787 0.00297578 0.0024496 0.00304101 0.00339826 0.00266015 0.00356941 0.00292309 0.996549 0.00286155 0.996734 0.996579 0.00313926 0.00261979 0.996694 0.996385 0.997098 0.996389 0.996789 0.00286141 0.00313981 0.00283608 0.00291885 0.00239473 0.00327997 0.00311235 0.0029876 0.0030149 0.00271051 0.996659 0.00267883 0.00255898 0.00302574 0.997059 0.00279189 0.00249711 0.996251 0.00245006 0.00295118 0.00249403 0.00285989 0.00264034 0.00330519 0.00301921
0.996993 0.996286 0.99705 0.99652 0.996091 0.996477 0.996375 0.996316 0.00327783 0.996368 0.99668 0.996072 0.00270053 0.00344731 0.0032539 0.00295846 0.996323 0.9962 0.996929 0.996364 0.99689 0.996304 0.996981 0.996521 0.996758 0.996886 0.996128 0.00278246 0.996203 0.996454 0.00302171 0.0030221 0.996598 0.00286842 0.997088 0.996387 0.99636 0.996409 0.997094 0.996516 0.996175 0.00344964 0.996492 0.0034582 0.996439 0.997275 0.00293781 0.996135 0.996591 0.0026709 0.00297917 0.00275962 0.0027063 0.00264623 0.00314584 0.996877 0.996796 0.00297224 0.00244995 0.00303634 0.00338742 0.00265763 0.00355646 0.00292408 0.996551 0.00286012 0.996742 0.996588 0.0031311 0.00262037 0.996699 0.996387 0.997095 0.996399 0.996794 0.00285985 0.00313356 0.00283436 0.00291955 0.00239727 0.00327622 0.00310826 0.00298605 0.00301217 0.00270917 0.996671 0.00267747 0.00255991 0.0030248 0.997063 0.00279256 0.00249822 0.996263 0.0024508 0.00294869 0.00249568 0.00285823 0.00264048 0.00329879 0.00301263
0.996994 0.996292 0.997052 0.996522 0.996102 0.996478 0.996379 0.996317 0.0032706 0.996373 0.996681 0.99608 0.00269641 0.00343184 0.00324469 0.00295088 0.996327 0.996202 0.996932 0.996365 0.996892 0.99631 0.99698 0.996522 0.996762 0.996886 0.996131 0.00278023 0.996205 0.99646 0.00301141 0.0030118 0.996601 0.00286505 0.997087 0.996395 0.996362 0.996417 0.997096 0.996518 0.996181 0.00343811 0.996499 0.00344445 0.996438 0.997274 0.00293457 0.996144 0.996594 0.00266949 0.0029762 0.00276005 0.00270433 0.00264532 0.00314332 0.996882 0.996806 0.00296927 0.00245069 0.00303164 0.00337704 0.00265509 0.00354352 0.00292424 0.996552 0.00285874 0.99675 0.996596 0.00312332 0.00262086 0.996704 0.996389 0.997093 0.99641 0.996798 0.0028585 0.00312686 0.00283302 0.00292068 0.00240009 0.00327158 0.00310471 0.00298479 0.00300949 0.00270766 0.996682 0.00267542 0.00256057 0.00302399 0.997066 0.00279335 0.0024995 0.996274 0.00245192 0.00294608 0.00249723 0.00285703 0.0026406 0.00329194 0.00300635
0.996996 0.996297 0.997053 0.996525 0.996111 0.996479 0.996382 0.996319 0.00326313 0.996379 0.996682 0.996087 0.00269165 0.00341648 0.00323605 0.00294367 0.99633 0.996204 0.996935 0.996367 0.996893 0.996315 0.996978 0.996524 0.996766 0.996885 0.996134 0.00277804 0.996207 0.996466 0.00300159 0.00300158 0.996603 0.00286196 0.997086 0.996403 0.996364 0.996425 0.997098 0.996521 0.996187 0.00342602 0.996506 0.00343087 0.996438 0.997274 0.00293124 0.996152 0.996597 0.00266801 0.00297269 0.00276122 0.00270296 0.00264472 0.00314086 0.996888 0.996815 0.00296616 0.00245111 0.00302695 0.00336658 0.00265272 0.0035304 0.00292501 0.996554 0.00285725 0.996759 0.996604 0.00311565 0.00262058 0.99671 0.996391 0.997091 0.99642 0.996803 0.00285678 0.0031207 0.0028315 0.00292162 0.0024031 0.00326716 0.00310112 0.00298359 0.00300727 0.00270592 0.996693 0.00267291 0.0025617 0.00302299 0.99707 0.00279398 0.0025009 0.996285 0.00245275 0.00294343 0.00249921 0.002855 0.00264051 0.00328551 0.00300037
0.996997 0.996302 0.997054 0.996527 0.996122 0.996481 0.996386 0.99632 0.00325617 0.996384 0.996683 0.996094 0.00268696 0.00340195 0.00322754 0.00293639 0.996334 0.996207 0.996938 0.996369 0.996895 0.996321 0.996976 0.996526 0.99677 0.996884 0.996137 0.00277566 0.996208 0.996472 0.00299184 0.00299104 0.996606 0.00285883 0.997085 0.996411 0.996366 0.996434 0.9971 0.996523 0.996193 0.00341452 0.996513 0.00341786 0.996437 0.997273 0.00292754 0.99616 0.996599 0.00266656 0.00296907 0.00276183 0.00270151 0.00264381 0.00313852 0.996894 0.996824 0.00296317 0.00245244 0.0030223 0.00335633 0.00265091 0.0035188 0.00292591 0.996556 0.00285577 0.996766 0.996612 0.00310851 0.0026206 0.996715 0.996395 0.997089 0.99643 0.996808 0.00285491 0.00311496 0.00282974 0.0029224 0.00240574 0.0032633 0.00309722 0.00298195 0.00300476 0.00270457 0.996704 0.00267087 0.00256243 0.00302214 0.997074 0.00279474 0.00250191 0.996296 0.00245365 0.00294028 0.00250055 0.00285319 0.00264051 0.0032786 0.00299376
0.996998 0.996307 0.997055 0.996529 0.996132 0.996483 0.99639 0.996322 0.00324933 0.99639 0.996685 0.996102 0.00268258 0.00338686 0.00321933 0.00292876 0.996339 0.99621 0.996941 0.996372 0.996896 0.996326 0.996975 0.996528 0.996775 0.996883 0.996141 0.00277411 0.996211 0.996477 0.00298232 0.00298169 0.996608 0.00285585 0.997084 0.996419 0.996368 0.996442 0.997102 0.996525 0.996199 0.0034029 0.99652 0.00340473 0.996436 0.997273 0.00292383 0.996169 0.996602 0.00266546 0.00296596 0.00276256 0.00270011 0.00264314 0.00313668 0.996899 0.996833 0.00296062 0.00245319 0.00301773 0.00334619 0.00264871 0.00350692 0.00292687 0.996558 0.00285442 0.996774 0.996621 0.00310151 0.0026211 0.99672 0.996397 0.997087 0.99644 0.996813 0.00285315 0.00310825 0.00282851 0.00292323 0.0024089 0.00325917 0.00309315 0.00298006 0.00300179 0.00270321 0.996715 0.00266839 0.0025632 0.00302106 0.997077 0.00279542 0.00250346 0.996307 0.00245483 0.00293814 0.00250243 0.00285169 0.00264051 0.00327181 0.00298743
0.996999 0.996312 0.997056 0.996531 0.996142 0.996484 0.996394 0.996323 0.00324238 0.996396 0.996685 0.996109 0.00267827 0.00337273 0.00321105 0.00292171 0.996343 0.996212 0.996944 0.996373 0.996898 0.996331 0.996973 0.996529 0.996778 0.996883 0.996144 0.00277244 0.996214 0.996483 0.00297226 0.00297178 0.996611 0.0028528 0.997083 0.996426 0.99637 0.99645 0.997104 0.996527 0.996205 0.00339121 0.996527 0.00339189 0.996435 0.997273 0.00292066 0.996177 0.996604 0.00266372 0.00296258 0.00276299 0.00269855 0.00264282 0.00313408 0.996905 0.996842 0.00295756 0.00245404 0.00301222 0.00333584 0.00264681 0.00349517 0.00292801 0.99656 0.00285259 0.996782 0.996629 0.00309462 0.00262139 0.996725 0.996399 0.997084 0.99645 0.996818 0.002851 0.00310197 0.00282762 0.00292432 0.00241107 0.00325507 0.00308961 0.00297822 0.00299884 0.00270134 0.996725 0.0026661 0.00256413 0.0030203 0.997081 0.00279616 0.00250446 0.996318 0.00245523 0.00293559 0.00250438 0.00284976 0.0026406 0.00326589 0.00298134
0.997001 0.996317 0.997058 0.996532 0.996152 0.996485 0.996397 0.996324 0.00323517 0.996401 0.996686 0.996116 0.00267423 0.00335886 0.00320285 0.00291447 0.996346 0.996215 0.996946 0.996375 0.9969 0.996336 0.996972 0.996532 0.996782 0.996882 0.996147 0.00277054 0.996216 0.996488 0.00296269 0.00296245 0.996613 0.00284952 0.997081 0.996434 0.996371 0.996459 0.997106 0.996529 0.99621 0.00338072 0.996534 0.00337938 0.996434 0.997273 0.00291656 0.996185 0.996607 0.0026626 0.00295938 0.00276375 0.00269731 0.0026417 0.00313186 0.996911 0.996851 0.00295441 0.00245495 0.00300708 0.00332582 0.00264501 0.00348335 0.00292828 0.996561 0.0028505 0.996789 0.996636 0.0030876 0.00262167 0.99673 0.996402 0.997082 0.996459 0.996822 0.00284934 0.00309573 0.00282624 0.00292532 0.0024137 0.00325093 0.00308573 0.00297695 0.00299591 0.00269981 0.996736 0.00266395 0.00256481 0.00301929 0.997085 0.00279681 0.00250535 0.996329 0.00245608 0.00293275 0.0025059 0.00284809 0.0026401 0.0032593 0.00297553
0.997002 0.996323 0.997059 0.996534 0.996161 0.996487 0.996401 0.996326 0.00322828 0.996406 0.996687 0.996122 0.00267003 0.00334489 0.00319451 0.00290743 0.99635 0.996217 0.996949 0.996376 0.996902 0.996341 0.99697 0.996533 0.996785 0.996881 0.996151 0.00276865 0.996218 0.996493 0.0029531 0.0029533 0.996615 0.00284606 0.99708 0.996441 0.996373 0.996468 0.997108 0.996531 0.996215 0.00336998 0.996541 0.00336679 0.996434 0.997273 0.00291301 0.996193 0.996608 0.00266168 0.00295648 0.00276464 0.00269601 0.00264069 0.00312919 0.996916 0.996859 0.00295178 0.00245608 0.00300223 0.00331582 0.00264295 0.00347164 0.00292897 0.996563 0.00284914 0.996797 0.996644 0.00308041 0.00262148 0.996736 0.996404 0.99708 0.996468 0.996826 0.00284771 0.00308986 0.00282439 0.00292591 0.00241595 0.00324764 0.00308175 0.0029754 0.00299376 0.00269839 0.996747 0.0026616 0.00256542 0.00301822 0.997088 0.00279762 0.00250674 0.99634 0.00245729 0.0029304 0.00250776 0.00284667 0.0026401 0.00325266 0.00296976
0.997003 0.996328 0.99706 0.996537 0.99617 0.996488 0.996404 0.996328 0.00322142 0.996411 0.996689 0.996129 0.00266641 0.00333134 0.00318678 0.00290061 0.996354 0.996219 0.996953 0.996378 0.996904 0.996346 0.996968 0.996535 0.99679 0.99688 0.996154 0.00276704 0.99622 0.996498 0.00294374 0.00294409 0.996618 0.00284289 0.997079 0.996449 0.996374 0.996476 0.99711 0.996534 0.996221 0.00335966 0.996547 0.00335448 0.996432 0.997273 0.00290949 0.9962 0.99661 0.00266054 0.00295384 0.00276512 0.00269507 0.00263968 0.00312701 0.996922 0.996868 0.00294893 0.00245708 0.00299734 0.00330682 0.00264103 0.00346005 0.00292943 0.996565 0.00284735 0.996804 0.996652 0.00307342 0.00262134 0.996741 0.996407 0.997078 0.996478 0.996831 0.00284604 0.00308403 0.00282262 0.00292698 0.0024188 0.00324374 0.00307757 0.00297388 0.00299148 0.00269703 0.996757 0.0026594 0.00256602 0.00301744 0.997091 0.00279809 0.00250794 0.996351 0.00245792 0.0029276 0.00250932 0.00284535 0.00264008 0.00324653 0.0029636
0.997004 0.996332 0.997062 0.996539 0.996179 0.99649 0.996407 0.99633 0.00321495 0.996417 0.99669 0.996135 0.00266257 0.00331762 0.00317883 0.00289355 0.996358 0.996221 0.996955 0.996379 0.996906 0.996351 0.996967 0.996537 0.996793 0.996879 0.996156 0.00276505 0.996222 0.996503 0.00293442 0.00293475 0.99662 0.00283999 0.997077 0.996456 0.996376 0.996483 0.997112 0.996536 0.996226 0.00334915 0.996554 0.00334231 0.996431 0.997273 0.00290617 0.996209 0.996613 0.00265909 0.00295113 0.00276548 0.00269342 0.00263876 0.00312492 0.996927 0.996877 0.00294608 0.00245794 0.00299216 0.00329701 0.00263866 0.00344829 0.00293057 0.996567 0.00284557 0.996812 0.99666 0.00306647 0.00262154 0.996746 0.996409 0.997076 0.996488 0.996835 0.00284422 0.00307847 0.00282156 0.00292779 0.00242166 0.00324039 0.00307344 0.00297267 0.00298911 0.00269599 0.996768 0.00265712 0.00256682 0.00301658 0.997094 0.00279936 0.00250912 0.996361 0.00245856 0.00292485 0.00251155 0.00284365 0.00264011 0.00324017 0.00295768
0.997005 0.996338 0.997063 0.99654 0.996189 0.996491 0.99641 0.996331 0.00320861 0.996422 0.996691 0.996142 0.00265855 0.00330383 0.0031711 0.00288626 0.996362 0.996223 0.996959 0.996381 0.996907 0.996356 0.996966 0.996539 0.996797 0.996878 0.996159 0.00276293 0.996224 0.996509 0.00292503 0.00292582 0.996622 0.00283652 0.997076 0.996464 0.996378 0.99649 0.997114 0.996537 0.996231 0.00333871 0.99656 0.00333084 0.99643 0.997273 0.00290257 0.996216 0.996615 0.00265775 0.00294776 0.00276659 0.00269175 0.00263789 0.0031226 0.996933 0.996885 0.00294344 0.00245879 0.00298732 0.00328756 0.00263629 0.00343716 0.00293152 0.996569 0.00284354 0.996819 0.996667 0.0030592 0.0026217 0.996751 0.996412 0.997074 0.996497 0.996839 0.00284229 0.00307245 0.00282016 0.00292886 0.0024241 0.00323669 0.00307006 0.00297097 0.00298612 0.00269414 0.996777 0.00265487 0.00256769 0.00301511 0.997098 0.00279978 0.00251007 0.996371 0.00245932 0.00292247 0.0025136 0.00284241 0.00263986 0.00323428 0.00295184
0.997006 0.996343 0.997064 0.996542 0.996198 0.996492 0.996414 0.996332 0.00320246 0.996427 0.996692 0.996149 0.00265409 0.00329077 0.00316301 0.00287972 0.996366 0.996225 0.996962 0.996384 0.996908 0.996361 0.996965 0.996541 0.9968 0.996877 0.996161 0.00276117 0.996226 0.996514 0.00291585 0.00291726 0.996625 0.00283331 0.997075 0.99647 0.996379 0.996498 0.997116 0.996539 0.996237 0.00332837 0.996567 0.0033191 0.996429 0.997273 0.0028989 0.996224 0.996617 0.00265672 0.00294462 0.00276752 0.00269022 0.00263704 0.00312021 0.996938 0.996894 0.00294075 0.00245937 0.0029828 0.00327815 0.00263385 0.00342589 0.00293199 0.996571 0.00284172 0.996827 0.996675 0.00305287 0.00262181 0.996756 0.996413 0.997072 0.996507 0.996843 0.00284055 0.00306641 0.00281925 0.00292967 0.00242625 0.00323279 0.00306675 0.0029695 0.00298401 0.00269267 0.996787 0.00265303 0.00256898 0.00301433 0.997101 0.00280023 0.00251124 0.996381 0.00245986 0.00291941 0.00251496 0.00284101 0.00264006 0.00322848 0.00294659
0.997007 0.996347 0.997065 0.996544 0.996207 0.996493 0.996418 0.996333 0.00319575 0.996432 0.996694 0.996155 0.00264967 0.00327792 0.00315494 0.00287309 0.996369 0.996226 0.996964 0.996385 0.99691 0.996367 0.996963 0.996543 0.996804 0.996876 0.996164 0.00275915 0.996227 0.99652 0.00290731 0.00290832 0.996627 0.00282982 0.997074 0.996477 0.996381 0.996506 0.997117 0.996542 0.996242 0.00331837 0.996573 0.00330778 0.996428 0.997272 0.00289485 0.996232 0.996619 0.00265517 0.00294155 0.00276806 0.0026893 0.00263635 0.00311781 0.996943 0.996902 0.00293783 0.00246009 0.00297819 0.00326876 0.00263142 0.00341423 0.0029322 0.996573 0.00284064 0.996834 0.996682 0.00304625 0.00262196 0.996761 0.996415 0.997071 0.996516 0.996847 0.00283907 0.00306073 0.0028178 0.00293006 0.00242868 0.00322934 0.00306327 0.00296774 0.0029814 0.00269154 0.996797 0.00265132 0.00256976 0.00301321 0.997105 0.00280094 0.00251254 0.996391 0.00246053 0.00291697 0.00251632 0.00283955 0.00263964 0.00322278 0.002941
0.997009 0.996351 0.997066 0.996545 0.996216 0.996495 0.996421 0.996334 0.00318908 0.996437 0.996695 0.996162 0.00264578 0.00326497 0.00314752 0.00286637 0.996373 0.996228 0.996967 0.996387 0.996911 0.996371 0.996962 0.996545 0.996808 0.996875 0.996167 0.00275725 0.996229 0.996525 0.00289859 0.00289991 0.996629 0.00282785 0.997073 0.996484 0.996383 0.996514 0.997119 0.996544 0.996248 0.00330829 0.996579 0.0032959 0.996427 0.997272 0.00289098 0.996239 0.996621 0.00265422 0.00293848 0.0027687 0.00268759 0.00263547 0.00311585 0.996948 0.99691 0.00293488 0.00246081 0.00297399 0.00325929 0.00262949 0.00340305 0.00293331 0.996574 0.0028393 0.996841 0.99669 0.00303935 0.00262176 0.996766 0.996417 0.997069 0.996525 0.996852 0.00283761 0.00305531 0.00281623 0.0029314 0.00243118 0.0032259 0.0030605 0.00296636 0.00297901 0.00269036 0.996807 0.00264963 0.00257029 0.00301268 0.997108 0.00280199 0.00251351 0.996401 0.00246142 0.00291443 0.00251784 0.00283835 0.00263956 0.00321619 0.00293567
0.99701 0.996356 0.997066 0.996547 0.996224 0.996497 0.996424 0.996335 0.00318335 0.996442 0.996696 0.996169 0.00264154 0.0032524 0.00313999 0.00286016 0.996376 0.99623 0.99697 0.996388 0.996913 0.996376 0.996961 0.996546 0.996811 0.996874 0.99617 0.00275502 0.99623 0.99653 0.00288984 0.00289157 0.996632 0.00282452 0.997072 0.996491 0.996384 0.996521 0.997121 0.996546 0.996252 0.00329859 0.996586 0.00328472 0.996427 0.997272 0.00288761 0.996247 0.996624 0.00265314 0.00293582 0.002769 0.00268635 0.00263431 0.00311359 0.996953 0.996918 0.00293178 0.00246133 0.00296999 0.00325043 0.00262749 0.00339242 0.0029342 0.996576 0.00283838 0.996848 0.996696 0.00303286 0.00262162 0.996771 0.99642 0.997067 0.996534 0.996856 0.00283581 0.00304979 0.00281469 0.00293185 0.00243349 0.00322249 0.00305629 0.00296527 0.00297747 0.00268884 0.996816 0.00264761 0.00257136 0.00301197 0.997112 0.00280236 0.00251433 0.996411 0.00246222 0.00291235 0.002519 0.00283755 0.00263942 0.00320976 0.00293011
0.997011 0.996361 0.997067 0.996549 0.996233 0.996498 0.996428 0.996336 0.0031773 0.996447 0.996697 0.996176 0.00263764 0.00323945 0.00313249 0.00285398 0.996379 0.996232 0.996972 0.99639 0.996915 0.996381 0.996959 0.996548 0.996815 0.996873 0.996173 0.002753 0.996232 0.996535 0.0028812 0.00288344 0.996634 0.00282139 0.99707 0.996498 0.996386 0.996529 0.997123 0.996548 0.996258 0.00328912 0.996592 0.0032738 0.996426 0.997272 0.00288422 0.996255 0.996626 0.00265178 0.00293349 0.00276948 0.00268512 0.00263329 0.0031114 0.996958 0.996925 0.00292916 0.00246202 0.00296544 0.00324144 0.00262587 0.00338176 0.00293508 0.996577 0.00283759 0.996854 0.996703 0.00302657 0.00262237 0.996776 0.996421 0.997065 0.996544 0.99686 0.00283396 0.00304429 0.00281316 0.0029326 0.00243611 0.00321893 0.00305282 0.00296378 0.00297508 0.00268739 0.996825 0.002646 0.0025721 0.00301053 0.997115 0.00280258 0.00251563 0.99642 0.00246278 0.00290972 0.00252084 0.00283626 0.00263972 0.00320415 0.00292509
0.997012 0.996366 0.997068 0.996551 0.996241 0.9965 0.996431 0.996337 0.00317142 0.996451 0.996698 0.996182 0.00263359 0.0032279 0.00312508 0.00284754 0.996383 0.996234 0.996975 0.996392 0.996917 0.996385 0.996958 0.99655 0.996819 0.996872 0.996176 0.00275113 0.996234 0.99654 0.00287305 0.00287482 0.996636 0.00281837 0.99707 0.996505 0.996388 0.996536 0.997124 0.996549 0.996263 0.00327965 0.996599 0.00326236 0.996425 0.997271 0.00288094 0.996262 0.996628 0.00265031 0.00293113 0.00277029 0.00268402 0.00263259 0.00310937 0.996962 0.996933 0.00292641 0.0024628 0.00296127 0.00323265 0.00262429 0.00337085 0.00293529 0.996579 0.00283627 0.996862 0.99671 0.00302039 0.00262292 0.996781 0.996422 0.997063 0.996553 0.996864 0.00283253 0.00303922 0.00281096 0.00293322 0.00243886 0.00321616 0.00304912 0.00296261 0.00297293 0.00268616 0.996835 0.00264442 0.00257279 0.00300915 0.997118 0.00280328 0.002517 0.99643 0.00246348 0.00290793 0.00252205 0.00283464 0.00264032 0.00319792 0.00291979
0.997013 0.99637 0.997069 0.996553 0.996249 0.996501 0.996434 0.996339 0.00316524 0.996456 0.9967 0.996188 0.00262965 0.00321618 0.00311797 0.0028414 0.996386 0.996236 0.996977 0.996394 0.996918 0.996389 0.996957 0.996552 0.996822 0.996871 0.996178 0.00274957 0.996236 0.996544 0.00286527 0.00286661 0.996638 0.00281578 0.997069 0.996511 0.996389 0.996543 0.997125 0.996551 0.996268 0.00327013 0.996605 0.0032511 0.996424 0.997271 0.00287742 0.996269 0.99663 0.00264894 0.00292835 0.00277091 0.0026828 0.00263148 0.00310677 0.996967 0.99694 0.00292367 0.00246368 0.0029567 0.00322394 0.00262234 0.00336055 0.00293596 0.99658 0.00283528 0.996869 0.996718 0.00301359 0.00262309 0.996786 0.996424 0.997062 0.996562 0.996868 0.00283092 0.00303295 0.00280967 0.00293348 0.00244094 0.00321308 0.00304571 0.00296125 0.00297055 0.00268462 0.996844 0.00264243 0.00257336 0.00300822 0.997122 0.00280352 0.00251793 0.99644 0.00246426 0.00290608 0.00252346 0.00283317 0.00264004 0.00319233 0.00291442
0.997014 0.996374 0.997071 0.996554 0.996258 0.996502 0.996437 0.99634 0.00315922 0.99646 0.996701 0.996193 0.00262619 0.00320453 0.00311099 0.00283561 0.99639 0.996238 0.996979 0.996395 0.99692 0.996394 0.996956 0.996553 0.996825 0.99687 0.996181 0.0027477 0.996237 0.996549 0.00285682 0.00285867 0.99664 0.00281348 0.997068 0.996517 0.996391 0.99655 0.997127 0.996553 0.996272 0.00326081 0.996611 0.00324013 0.996423 0.997272 0.00287378 0.996277 0.996631 0.0026476 0.00292567 0.00277151 0.0026812 0.0026308 0.00310473 0.996972 0.996948 0.00292054 0.00246414 0.0029524 0.00321507 0.00262028 0.00334983 0.00293672 0.996581 0.00283453 0.996875 0.996725 0.00300772 0.00262303 0.99679 0.996426 0.99706 0.99657 0.996871 0.00282935 0.00302788 0.00280901 0.00293414 0.00244326 0.00320975 0.00304261 0.00296006 0.00296827 0.00268335 0.996853 0.00264046 0.00257384 0.00300748 0.997125 0.0028041 0.00251923 0.996449 0.00246481 0.00290376 0.0025252 0.00283184 0.00263993 0.00318702 0.00290951
0.997015 0.996378 0.997071 0.996556 0.996266 0.996503 0.996441 0.996341 0.00315336 0.996465 0.996702 0.9962 0.00262262 0.00319268 0.00310404 0.00282983 0.996393 0.99624 0.996982 0.996397 0.996921 0.996398 0.996954 0.996555 0.996828 0.99687 0.996184 0.00274563 0.99624 0.996553 0.00284862 0.0028514 0.996642 0.00281066 0.997066 0.996523 0.996393 0.996557 0.997129 0.996555 0.996278 0.00325107 0.996616 0.0032294 0.996422 0.997272 0.00287075 0.996284 0.996633 0.00264617 0.00292326 0.00277157 0.00268009 0.00263003 0.00310259 0.996977 0.996955 0.00291819 0.00246463 0.00294807 0.00320658 0.00261855 0.00333946 0.00293803 0.996583 0.00283278 0.996882 0.996732 0.00300072 0.00262296 0.996794 0.996428 0.997059 0.996578 0.996876 0.00282818 0.00302227 0.00280742 0.00293489 0.00244571 0.00320683 0.00303984 0.00295872 0.00296606 0.00268215 0.996862 0.00263868 0.00257479 0.00300662 0.997129 0.00280463 0.00252034 0.996459 0.00246555 0.00290143 0.00252707 0.00283047 0.00264033 0.00318197 0.00290423
0.997016 0.996382 0.997071 0.996558 0.996274 0.996504 0.996444 0.996342 0.00314764 0.99647 0.996704 0.996206 0.00261896 0.00318039 0.00309697 0.00282422 0.996396 0.996242 0.996984 0.9964 0.996923 0.996403 0.996953 0.996557 0.996832 0.996869 0.996187 0.0027442 0.996241 0.996558 0.00284074 0.00284349 0.996644 0.00280791 0.997066 0.99653 0.996394 0.996564 0.99713 0.996558 0.996283 0.00324179 0.996623 0.00321928 0.996421 0.997272 0.00286828 0.996291 0.996635 0.00264488 0.00292019 0.00277239 0.00267886 0.00262957 0.0031008 0.996981 0.996962 0.00291587 0.00246506 0.00294374 0.00319867 0.00261671 0.00332951 0.00293894 0.996584 0.00283152 0.996888 0.996738 0.0029945 0.00262306 0.996799 0.996429 0.997056 0.996587 0.99688 0.0028271 0.00301685 0.00280633 0.00293534 0.00244803 0.00320373 0.00303616 0.00295716 0.00296383 0.00268092 0.996871 0.00263664 0.00257564 0.00300598 0.997132 0.00280545 0.00252161 0.996468 0.00246668 0.00289934 0.00252848 0.00282914 0.0026404 0.00317664 0.00289917
0.997017 0.996387 0.997072 0.99656 0.996283 0.996505 0.996447 0.996343 0.00314175 0.996474 0.996704 0.996212 0.00261562 0.00316833 0.0030898 0.0028181 0.9964 0.996243 0.996987 0.996401 0.996925 0.996407 0.996951 0.996559 0.996835 0.996868 0.996189 0.00274228 0.996242 0.996562 0.00283251 0.0028357 0.996646 0.00280507 0.997064 0.996536 0.996396 0.996571 0.997132 0.99656 0.996287 0.00323263 0.996629 0.00320937 0.996421 0.997272 0.0028654 0.996297 0.996638 0.00264297 0.00291731 0.00277279 0.00267782 0.00262871 0.00309848 0.996986 0.99697 0.00291347 0.0024662 0.00293958 0.00318974 0.00261495 0.00331906 0.0029399 0.996586 0.00283007 0.996895 0.996746 0.00298818 0.00262336 0.996803 0.996431 0.997055 0.996595 0.996884 0.00282506 0.00301124 0.00280519 0.00293597 0.00245016 0.00320049 0.00303371 0.00295636 0.00296183 0.00267953 0.99688 0.00263507 0.00257645 0.00300503 0.997135 0.00280604 0.00252301 0.996477 0.00246755 0.00289639 0.00253002 0.00282796 0.0026403 0.00317146 0.00289468
0.997018 0.99639 0.997073 0.996562 0.996291 0.996506 0.99645 0.996344 0.0031363 0.996479 0.996705 0.996219 0.00261138 0.00315616 0.00308283 0.00281206 0.996403 0.996244 0.996989 0.996402 0.996926 0.996411 0.99695 0.99656 0.996838 0.996868 0.996192 0.00273998 0.996244 0.996566 0.00282443 0.00282744 0.996649 0.00280264 0.997063 0.996543 0.996398 0.996578 0.997134 0.996561 0.996291 0.00322363 0.996635 0.00319984 0.99642 0.997272 0.00286267 0.996304 0.99664 0.00264161 0.00291411 0.00277377 0.00267651 0.00262745 0.00309616 0.99699 0.996977 0.00291086 0.00246604 0.00293561 0.00318128 0.00261262 0.00330932 0.00294071 0.996588 0.00282856 0.996901 0.996752 0.00298242 0.00262332 0.996808 0.996433 0.997053 0.996603 0.996888 0.0028236 0.00300588 0.00280388 0.00293676 0.00245245 0.0031967 0.00303075 0.00295543 0.00295962 0.00267842 0.996888 0.00263346 0.00257709 0.00300466 0.997138 0.00280694 0.00252403 0.996485 0.00246785 0.002894 0.00253138 0.00282668 0.00264012 0.00316649 0.00288995
0.997019 0.996396 0.997074 0.996564 0.996299 0.996507 0.996453 0.996346 0.00313046 0.996484 0.996706 0.996224 0.00260792 0.00314479 0.00307621 0.00280633 0.996406 0.996245 0.996991 0.996404 0.996928 0.996416 0.996948 0.996562 0.996841 0.996867 0.996194 0.00273777 0.996246 0.996572 0.0028165 0.00281963 0.99665 0.00279992 0.997062 0.996549 0.996399 0.996585 0.997136 0.996564 0.996296 0.00321452 0.996641 0.00319017 0.996419 0.997272 0.00285954 0.99631 0.996642 0.00264044 0.00291121 0.00277451 0.00267538 0.00262706 0.00309402 0.996995 0.996984 0.00290807 0.00246695 0.00293177 0.00317373 0.0026108 0.00329947 0.00294118 0.996589 0.00282695 0.996908 0.996759 0.00297664 0.00262332 0.996812 0.996435 0.997052 0.996611 0.996891 0.00282178 0.00300139 0.00280261 0.00293772 0.0024547 0.00319319 0.00302762 0.00295399 0.0029576 0.00267744 0.996897 0.00263236 0.00257782 0.00300338 0.99714 0.00280745 0.0025251 0.996494 0.00246882 0.00289174 0.0025326 0.00282547 0.0026399 0.00316079 0.00288517
0.99702 0.9964 0.997074 0.996565 0.996308 0.996508 0.996457 0.996347 0.00312483 0.996489 0.996707 0.99623 0.00260404 0.0031335 0.00306971 0.00280088 0.996409 0.996247 0.996994 0.996405 0.99693 0.99642 0.996947 0.996563 0.996844 0.996865 0.996197 0.00273607 0.996247 0.996576 0.00280881 0.0028117 0.996652 0.00279737 0.997062 0.996555 0.996401 0.996591 0.997137 0.996565 0.996301 0.00320569 0.996646 0.00318071 0.996418 0.997271 0.00285622 0.996317 0.996644 0.00263955 0.00290842 0.00277533 0.00267392 0.00262652 0.00309222 0.996999 0.996991 0.00290572 0.0024677 0.00292771 0.00316643 0.00260891 0.00328985 0.00294221 0.996591 0.0028253 0.996914 0.996766 0.00297114 0.00262359 0.996816 0.996437 0.99705 0.996619 0.996896 0.00281988 0.00299655 0.00280136 0.00293812 0.00245694 0.00318995 0.00302479 0.00295211 0.00295573 0.00267645 0.996905 0.00263082 0.00257888 0.00300291 0.997144 0.00280757 0.0025265 0.996502 0.00246926 0.00288976 0.00253431 0.00282435 0.00264015 0.00315555 0.00287979
0.997021 0.996404 0.997076 0.996567 0.996316 0.99651 0.99646 0.996348 0.00311934 0.996493 0.996708 0.996236 0.00260059 0.00312235 0.00306313 0.00279537 0.996412 0.996249 0.996996 0.996406 0.996931 0.996424 0.996945 0.996564 0.996848 0.996865 0.9962 0.00273433 0.996249 0.99658 0.00280106 0.00280429 0.996654 0.00279456 0.997061 0.996561 0.996403 0.996598 0.997139 0.996567 0.996305 0.00319758 0.996652 0.00317071 0.996417 0.997272 0.00285341 0.996324 0.996647 0.0026382 0.0029059 0.00277594 0.00267313 0.00262609 0.00309029 0.997003 0.996998 0.00290346 0.0024684 0.00292387 0.00315868 0.00260714 0.0032809 0.0029424 0.996592 0.00282401 0.99692 0.996772 0.00296547 0.00262392 0.996821 0.996439 0.997049 0.996627 0.996899 0.00281833 0.00299157 0.00279995 0.00293899 0.00245923 0.0031871 0.00302173 0.0029511 0.00295361 0.00267516 0.996913 0.00262919 0.00257925 0.00300239 0.997146 0.00280811 0.00252784 0.996511 0.00247036 0.00288748 0.00253601 0.00282304 0.00263979 0.00315056 0.00287513
0.997022 0.996408 0.997077 0.996568 0.996324 0.996511 0.996463 0.99635 0.00311378 0.996498 0.996709 0.996241 0.00259696 0.00311182 0.00305638 0.00279007 0.996415 0.996251 0.996998 0.996408 0.996933 0.996428 0.996944 0.996566 0.996851 0.996864 0.996202 0.00273303 0.99625 0.996585 0.00279362 0.00279674 0.996657 0.00279205 0.99706 0.996567 0.996405 0.996605 0.99714 0.996569 0.996309 0.00318875 0.996658 0.00316096 0.996416 0.997271 0.0028504 0.996331 0.996648 0.00263665 0.00290329 0.00277681 0.00267198 0.00262522 0.00308863 0.997007 0.997005 0.00290171 0.00246909 0.00291986 0.00315062 0.00260528 0.0032717 0.00294255 0.996594 0.00282218 0.996927 0.996778 0.0029588 0.00262401 0.996825 0.996441 0.997048 0.996635 0.996903 0.00281717 0.00298664 0.00279891 0.00293985 0.00246115 0.00318338 0.00301883 0.00294973 0.00295157 0.00267447 0.996922 0.00262792 0.00257954 0.00300136 0.997149 0.00280877 0.00252833 0.996519 0.00247084 0.00288562 0.00253744 0.00282134 0.00263961 0.00314479 0.00287035
0.997022 0.996412 0.997078 0.99657 0.996332 0.996511 0.996466 0.99635 0.00310802 0.996503 0.99671 0.996247 0.00259358 0.00310154 0.00305044 0.00278457 0.996418 0.996252 0.997001 0.996409 0.996934 0.996433 0.996943 0.996567 0.996855 0.996863 0.996204 0.00273115 0.996251 0.99659 0.0027859 0.00278931 0.996659 0.0027901 0.997058 0.996572 0.996407 0.996612 0.997142 0.99657 0.996314 0.00317993 0.996663 0.00315118 0.996415 0.997272 0.00284723 0.996337 0.99665 0.00263577 0.00290101 0.00277743 0.00267054 0.00262453 0.00308681 0.997011 0.997012 0.00289934 0.00246939 0.00291644 0.00314376 0.00260355 0.00326263 0.00294305 0.996596 0.00282086 0.996933 0.996784 0.00295296 0.00262465 0.996828 0.996442 0.997046 0.996642 0.996907 0.00281637 0.00298186 0.00279772 0.00294079 0.00246367 0.00318018 0.00301596 0.00294833 0.0029487 0.00267321 0.996929 0.00262591 0.00258051 0.00300076 0.997152 0.00280915 0.00252969 0.996527 0.00247104 0.0028835 0.00253896 0.00282 0.00263953 0.00313978 0.00286617
0.997023 0.996416 0.997079 0.996571 0.996339 0.996513 0.996469 0.996351 0.00310281 0.996507 0.996711 0.996252 0.00259052 0.00309111 0.0030445 0.00277953 0.996422 0.996254 0.997003 0.996411 0.996936 0.996437 0.996942 0.996569 0.996858 0.996862 0.996207 0.00272971 0.996253 0.996594 0.00277864 0.0027821 0.99666 0.00278751 0.997057 0.996578 0.996408 0.996618 0.997143 0.996571 0.996318 0.00317197 0.996668 0.00314181 0.996414 0.997272 0.00284459 0.996344 0.996652 0.00263455 0.00289819 0.00277769 0.00266946 0.0026241 0.00308465 0.997016 0.997019 0.00289744 0.0024696 0.0029129 0.0031366 0.0026017 0.00325387 0.00294368 0.996598 0.0028195 0.996939 0.99679 0.00294806 0.00262459 0.996833 0.996443 0.997044 0.99665 0.99691 0.00281512 0.00297733 0.0027962 0.00294148 0.00246653 0.00317738 0.00301309 0.00294714 0.00294651 0.00267202 0.996937 0.00262442 0.00258152 0.00300023 0.997155 0.00280968 0.00253116 0.996536 0.00247165 0.00288164 0.00254032 0.00281883 0.00263969 0.00313534 0.00286198
0.997024 0.99642 0.99708 0.996573 0.996347 0.996514 0.996472 0.996352 0.0030972 0.996511 0.996711 0.996257 0.0025869 0.00308019 0.00303828 0.00277431 0.996425 0.996256 0.997005 0.996412 0.996937 0.996441 0.996941 0.99657 0.99686 0.996861 0.996209 0.00272801 0.996255 0.996598 0.00277187 0.00277517 0.996662 0.00278509 0.997056 0.996584 0.99641 0.996624 0.997145 0.996573 0.996322 0.00316379 0.996674 0.00313294 0.996413 0.997271 0.00284175 0.99635 0.996654 0.0026336 0.00289617 0.00277802 0.00266768 0.00262331 0.00308272 0.99702 0.997025 0.00289525 0.00247013 0.00290949 0.00312974 0.00259996 0.00324432 0.00294409 0.996599 0.00281828 0.996945 0.996796 0.00294258 0.00262446 0.996838 0.996445 0.997042 0.996657 0.996913 0.00281448 0.00297264 0.00279476 0.0029423 0.00246833 0.00317455 0.00301011 0.00294607 0.00294481 0.00267096 0.996945 0.00262292 0.00258256 0.00299948 0.997157 0.00281064 0.00253207 0.996544 0.00247187 0.00287974 0.00254208 0.00281714 0.00263958 0.00313039 0.00285788
0.997025 0.996424 0.997081 0.996575 0.996354 0.996515 0.996474 0.996353 0.00309167 0.996514 0.996712 0.996262 0.00258361 0.00307033 0.00303174 0.00276907 0.996428 0.996257 0.997007 0.996414 0.996938 0.996445 0.99694 0.996572 0.996864 0.996861 0.996211 0.00272641 0.996257 0.996603 0.00276444 0.00276845 0.996664 0.00278278 0.997054 0.99659 0.99641 0.996631 0.997146 0.996574 0.996326 0.00315562 0.996679 0.00312394 0.996412 0.997271 0.00283901 0.996357 0.996655 0.00263246 0.0028939 0.00277855 0.00266635 0.00262274 0.00308082 0.997025 0.997032 0.00289268 0.0024703 0.00290602 0.00312195 0.00259811 0.00323532 0.00294454 0.9966 0.00281645 0.99695 0.996802 0.00293668 0.00262419 0.996842 0.996447 0.997041 0.996665 0.996916 0.00281292 0.00296799 0.00279392 0.0029431 0.00247052 0.00317143 0.00300755 0.00294468 0.0029428 0.00267013 0.996953 0.00262137 0.00258292 0.00299896 0.99716 0.00281078 0.00253373 0.996552 0.00247252 0.00287803 0.00254365 0.00281587 0.00263989 0.00312572 0.00285351
0.997029 0.996434 0.997088 0.996584 0.996369 0.996523 0.996484 0.996361 0.00308674 0.996524 0.996719 0.996274 0.00258016 0.00306077 0.00302539 0.00276367 0.996437 0.996267 0.997013 0.996423 0.996942 0.996457 0.996944 0.99658 0.996869 0.996866 0.996221 0.00272488 0.996265 0.996611 0.00275764 0.00276091 0.996673 0.00278059 0.997059 0.996599 0.996419 0.996641 0.997151 0.996583 0.996337 0.00314768 0.996688 0.00311501 0.996419 0.997273 0.00283621 0.996366 0.996664 0.00263118 0.00289197 0.0027788 0.00266538 0.00262165 0.00307829 0.997032 0.997041 0.00289072 0.00247104 0.00290258 0.00311482 0.00259643 0.00322653 0.0029449 0.996608 0.0028154 0.996959 0.996811 0.00293074 0.00262405 0.996852 0.996455 0.997045 0.996675 0.996926 0.00281147 0.00296366 0.00279247 0.00294325 0.00247264 0.00316856 0.00300459 0.00294379 0.00294022 0.002669 0.996963 0.00261976 0.0025834 0.00299858 0.997165 0.00281106 0.00253472 0.996564 0.00247278 0.00287653 0.00254479 0.00281451 0.00264008 0.00312143 0.00284917
